layer	feature	study	n	responders	nonresponders	prevalence	pseudocount	effect	variance	se	ci_low	ci_high	mean_clr_R	mean_clr_NR
species	species:Ruminococcus bromii	FrankelAE_2017	32	17	15	1.0	3.5852570542237357e-07	0.051987620103180414	0.12553524128916457	0.35430952751678096	-0.6424590538297104	0.7464342940360711	4.58990990746606	4.414297387522388
species	species:Alistipes finegoldii	FrankelAE_2017	32	17	15	0.875	3.5852570542237357e-07	0.0902080384918292	0.12562582091524044	0.35443733002498545	-0.6044891283571422	0.7849052053408007	3.462945331126287	3.1412824011619054
species	species:Alistipes putredinis	FrankelAE_2017	32	17	15	1.0	3.5852570542237357e-07	0.7069283059719357	0.1338193232415039	0.3658132354651809	-0.010065635539818873	1.4239222474836901	6.544926500165793	4.688890486093019
species	species:Anaerobutyricum hallii	FrankelAE_2017	32	17	15	0.875	3.5852570542237357e-07	0.13907571354615583	0.12581256364673757	0.3547006676716828	-0.5561375950903424	0.834289022182654	4.835101704811334	4.324587973184578
species	species:Bacteroides uniformis	FrankelAE_2017	32	17	15	1.0	3.5852570542237357e-07	0.06874249848328311	0.1255689549300601	0.35435710086021993	-0.625797419202748	0.7632824161693141	7.727902501913061	7.594021721239486
species	species:Faecalibacterium prausnitzii	FrankelAE_2017	32	17	15	1.0	3.5852570542237357e-07	0.8593112929730303	0.1377971277156144	0.371210355075952	0.13173899702416436	1.5868835889218964	7.8999880325497545	6.021835945335623
species	species:Dorea longicatena	FrankelAE_2017	32	17	15	0.96875	3.5852570542237357e-07	0.1859628095058525	0.12606656552041987	0.35505853816014604	-0.5099519252880337	0.8818775442997387	5.262917960449454	4.615638061118968
species	species:Barnesiella intestinihominis	FrankelAE_2017	32	17	15	0.5625	3.5852570542237357e-07	0.6617230375080454	0.13278815238457928	0.3644010872439588	-0.05250309349011384	1.3759491685062046	2.1183211655439664	-1.010861186677291
species	species:Blautia obeum	FrankelAE_2017	32	17	15	1.0	3.5852570542237357e-07	-0.15934314087753695	0.12591336668751002	0.3548427351482767	-0.8548349017681592	0.5361486200130853	5.164283938355037	5.623926109937662
species	species:Blautia wexlerae	FrankelAE_2017	32	17	15	1.0	3.5852570542237357e-07	0.8463364181354761	0.13742828495613782	0.3707132111971973	0.11973852418896946	1.5729343120819828	5.902070743451839	4.152878309133753
species	species:Eubacterium sp. CAG:251	FrankelAE_2017	32	17	15	0.15625	3.5852570542237357e-07	-0.002276549025719159	0.12549028245635582	0.35424607613402836	-0.6965988582484147	0.6920457601969764	-2.3032955079529285	-2.294625752957678
species	species:Lachnospira eligens	FrankelAE_2017	32	17	15	0.6875	3.5852570542237357e-07	0.3930968266363588	0.1280656146636243	0.3578625639314963	-0.3083137986693739	1.0945074519420914	3.3544130843351856	1.4643867837574276
species	species:Roseburia hominis	FrankelAE_2017	32	17	15	0.78125	3.5852570542237357e-07	0.31695198124813756	0.12716450538538338	0.3566013255519157	-0.3819866168336172	1.0158905793298922	3.1284247516107397	1.9200700310345746
species	species:[Eubacterium] rectale	FrankelAE_2017	32	17	15	1.0	3.5852570542237357e-07	0.28364321799086284	0.12683108733030157	0.35613352458074143	-0.4143784901873903	0.9816649261691159	6.276186347409427	5.59126087706736
species	species:Collinsella aerofaciens	FrankelAE_2017	32	17	15	1.0	3.5852570542237357e-07	-0.3717910902856181	0.12779400632536084	0.35748287556939123	-1.072457526401625	0.3288753458303887	5.252588487131568	6.141612942741546
species	species:Fusicatenibacter saccharivorans	FrankelAE_2017	32	17	15	0.90625	3.5852570542237357e-07	0.02685000244710722	0.12550221145562154	0.3542629128989112	-0.6675053068347587	0.7212053117289732	4.9563435896083305	4.84774951199551
species	species:Parabacteroides merdae	FrankelAE_2017	32	17	15	1.0	3.5852570542237357e-07	0.35150295524680847	0.12754943487088538	0.35714063738376983	-0.34849269402538036	1.0514986045189973	5.283844365576512	4.395127391383381
species	species:Phocaeicola vulgatus	FrankelAE_2017	32	17	15	1.0	3.5852570542237357e-07	0.4576252261079853	0.12898054353793778	0.35913861326504254	-0.2462864558914981	1.1615369081074687	7.692945081855224	6.731948016762758
species	species:Ruminococcus bicirculans	FrankelAE_2017	32	17	15	0.6875	3.5852570542237357e-07	0.7226960949672642	0.1341950235064469	0.3663263893121091	0.004696371915530406	1.440695818018998	2.5546770031609487	-0.3890619035371985
species	species:Methanobrevibacter smithii	FrankelAE_2017	32	17	15	0.71875	3.5852570542237357e-07	-0.07499393424638288	0.12558393091466055	0.3543782314345233	-0.7695752678580485	0.6195873993652827	1.011120570487303	1.3431608723075386
species	species:Parabacteroides distasonis	FrankelAE_2017	32	17	15	1.0	3.5852570542237357e-07	0.22847969150521089	0.12636024556893663	0.35547186325915675	-0.46824516048273634	0.9252045434931581	5.608918044319807	5.05237872602232
species	species:Firmicutes bacterium CAG:83	FrankelAE_2017	32	17	15	0.84375	3.5852570542237357e-07	0.31502884402977965	0.12714424895461035	0.3565729223519508	-0.383854083780044	1.0139117718396033	4.113962360753504	2.9080844675205886
species	species:Dorea formicigenerans	FrankelAE_2017	32	17	15	0.875	3.5852570542237357e-07	0.375455634450428	0.1278396449691076	0.35754670319988635	-0.3253359038213492	1.0762471727222052	4.39846206907153	2.9203948326604716
species	species:Eisenbergiella massiliensis	FrankelAE_2017	32	17	15	0.625	3.5852570542237357e-07	0.8756605599044716	0.13826988634796825	0.3718465898027952	0.14684124389099296	1.6044798759179502	2.2301990451646447	-0.9813591248954947
species	species:Anaerostipes hadrus	FrankelAE_2017	32	17	15	1.0	3.5852570542237357e-07	0.4081621924746249	0.12826680233452625	0.3581435498993752	-0.2937991653281505	1.1101235502774003	6.701004386705581	5.75625474256121
species	species:Ruthenibacterium lactatiformans	FrankelAE_2017	32	17	15	1.0	3.5852570542237357e-07	-0.3664092765109786	0.127727792043653	0.35739025174681666	-1.0668941699347392	0.33407561691278204	5.360178502922584	5.896787392318472
species	species:Odoribacter splanchnicus	FrankelAE_2017	32	17	15	0.84375	3.5852570542237357e-07	0.6266561651104903	0.13203516189961448	0.36336642924135754	-0.0855420362025705	1.338854366423551	4.912885874404245	2.627827455255008
species	species:Phocaeicola plebeius	FrankelAE_2017	32	17	15	0.71875	3.5852570542237357e-07	0.6976649322040339	0.13360246870555237	0.365516714673286	-0.018747828555606638	1.4140776929636745	2.699832539126678	-0.1461520534118153
species	species:Escherichia coli	FrankelAE_2017	32	17	15	0.9375	3.5852570542237357e-07	-0.3466708776942795	0.1274932077024534	0.35706191018148853	-1.046512221649997	0.353170466261438	3.6318407496324934	4.674467467080798
species	species:Adlercreutzia equolifaciens	FrankelAE_2017	32	17	15	0.90625	3.5852570542237357e-07	-0.04783387262257304	0.12552833073459924	0.3542997752392728	-0.7422614320915477	0.6465936868464017	2.8843052673462433	3.023795354622916
species	species:[Clostridium] leptum	FrankelAE_2017	32	17	15	1.0	3.5852570542237357e-07	-0.6797202515816319	0.133190523085268	0.36495276829374507	-1.3950276774373722	0.03558717427410851	3.0210421131285567	4.314957133802595
species	species:Clostridium sp. CAG:58	FrankelAE_2017	32	17	15	0.71875	3.5852570542237357e-07	0.3967587641797095	0.1281138213609882	0.35792991124099727	-0.3047838618526451	1.0983013902120642	2.7455857952176905	1.2614022727306335
species	species:Coprococcus catus	FrankelAE_2017	32	17	15	0.65625	3.5852570542237357e-07	0.0264044670490383	0.1255018160097671	0.3542623547736438	-0.6679497483073036	0.7207586824053802	1.6767274947760833	1.5631416498914414
species	species:Adlercreutzia equolifaciens_1	FrankelAE_2017	32	17	15	0.9375	3.5852570542237357e-07	-0.13957087702469526	0.1258148632403221	0.3547039092543555	-0.8347905391632321	0.5556487851138415	2.8360439181339374	3.2010706627705514
species	species:Roseburia faecis	FrankelAE_2017	32	17	15	0.90625	3.5852570542237357e-07	0.33818292091876917	0.12739632421178387	0.3569262167616493	-0.3613924639340635	1.0377583057716018	3.5951752623776754	2.3373837226767007
species	species:Bacteroides thetaiotaomicron	FrankelAE_2017	32	17	15	1.0	3.5852570542237357e-07	0.10655269078940839	0.12567942067700577	0.35451293442835874	-0.5882926606901747	0.8013980422689916	4.626394272791384	4.325633953382331
species	species:Phascolarctobacterium succinatutens	FrankelAE_2017	32	17	15	0.1875	3.5852570542237357e-07	-0.005285695022799711	0.12549066172129594	0.3542466114464554	-0.6996090534578523	0.6890376634122528	-2.35160888412297	-2.3325486499565216
species	species:Bacteroides caccae	FrankelAE_2017	32	17	15	0.96875	3.5852570542237357e-07	1.0670824254642088	0.144467944457341	0.38008939008783316	0.3221072208920559	1.8120576300363618	5.163485190652308	2.0292334554088374
species	species:Phocaeicola massiliensis	FrankelAE_2017	32	17	15	0.65625	3.5852570542237357e-07	0.535905387125084	0.1302767724775928	0.360938737845625	-0.17153453905234106	1.243345313302509	2.2717754648030195	-0.03341254060142784
species	species:Streptococcus salivarius	FrankelAE_2017	32	17	15	0.96875	3.5852570542237357e-07	0.05218669904432213	0.12553558693771708	0.3543100152941165	-0.6422609309321461	0.7466343290207904	3.76127105329572	3.6608762442998275
species	species:Holdemania filiformis	FrankelAE_2017	32	17	15	0.625	3.5852570542237357e-07	1.0835771717676055	0.14505918753136277	0.38086636440011706	0.33707909754337606	1.8300752459918348	2.4510196590879825	-1.238978788724975
species	species:Bifidobacterium adolescentis	FrankelAE_2017	32	17	15	0.71875	3.5852570542237357e-07	0.16438960173947123	0.12594059509776573	0.35488109994442607	-0.5311773541516038	0.8599565576305463	1.771347786006683	1.0758760205165543
species	species:Streptococcus mutans	FrankelAE_2017	32	17	15	0.46875	3.5852570542237357e-07	-0.5445713175694423	0.13043282807708667	0.36115485332068664	-1.2524348300779882	0.16329219493910352	-1.976883024313174	-0.2976431671577175
species	species:Roseburia inulinivorans	FrankelAE_2017	32	17	15	1.0	3.5852570542237357e-07	-0.03202328026126743	0.12550728758640955	0.3542700771818156	-0.726392631537626	0.6623460710150911	4.471896447776305	4.559426843988402
species	species:Dorea sp. CAG:317	FrankelAE_2017	32	17	15	0.84375	3.5852570542237357e-07	0.2168480340304923	0.12627391390947953	0.35535041003139356	-0.4796387696310391	0.9133348376920236	3.4361304169699274	2.593543567926385
species	species:Lachnospira pectinoschiza	FrankelAE_2017	32	17	15	0.59375	3.5852570542237357e-07	0.05953753062029518	0.12554927470430408	0.3543293308552145	-0.6349479578559252	0.7540230190965156	1.174884894951869	0.8864750687132487
species	species:Roseburia intestinalis	FrankelAE_2017	32	17	15	1.0	3.5852570542237357e-07	0.2742388007620272	0.12674364474248795	0.35601073683596673	-0.4235422434364675	0.972019844960522	4.895675942926239	4.110381854640291
species	species:Alistipes indistinctus	FrankelAE_2017	32	17	15	0.53125	3.5852570542237357e-07	0.4271823573538428	0.1285316088523378	0.3585130525550469	-0.27550322565404906	1.1298679403617347	1.2992202142054128	-0.4684792510819994
species	species:Proteobacteria bacterium CAG:139	FrankelAE_2017	32	17	15	0.46875	3.5852570542237357e-07	0.4410798358837642	0.12873271977215217	0.35879342214170007	-0.2621552715139679	1.1443149432814963	0.19849242026132086	-1.5010050487375097
species	species:Bacteroides stercoris	FrankelAE_2017	32	17	15	0.96875	3.5852570542237357e-07	-0.49714713019091206	0.1296094505627157	0.360013125542272	-1.2027728562537652	0.20847859587194106	4.697866523312409	6.2215865017104575
species	species:Bacteroides fragilis	FrankelAE_2017	32	17	15	0.65625	3.5852570542237357e-07	-0.3689153639850204	0.1277585051748347	0.3574332177831751	-1.0694844708400435	0.33165374287000277	0.38355584132252746	2.0506381977810357
species	species:Coprococcus comes	FrankelAE_2017	32	17	15	0.90625	3.5852570542237357e-07	-0.2763267784878102	0.12676280422025557	0.3560376443864547	-0.9741605614852613	0.42150700450964096	3.09214951189435	4.151086566515253
species	species:Bacteroides salyersiae	FrankelAE_2017	32	17	15	0.21875	3.5852570542237357e-07	0.034585420014450995	0.12551013193305763	0.35427409153515255	-0.659791799394448	0.7289626394233499	-2.314849248157819	-2.424604400073498
species	species:Streptococcus thermophilus	FrankelAE_2017	32	17	15	0.71875	3.5852570542237357e-07	0.2780716351910031	0.12677892665006135	0.3560602851344999	-0.4198065236726167	0.9759497940546229	1.3508617030586023	0.32837783376194346
species	species:Anaeromassilibacillus sp. An250	FrankelAE_2017	32	17	15	0.6875	3.5852570542237357e-07	0.1623471283259944	0.12592947257969297	0.3548654288313994	-0.5331891121835484	0.8578833688355372	1.1247615515415268	0.5467471882393586
species	species:Gordonibacter pamelaeae	FrankelAE_2017	32	17	15	1.0	3.5852570542237357e-07	0.2929961827612457	0.1269209754636424	0.3562597022729941	-0.4052728336938226	0.9912651992163141	4.553786580983438	3.952273496444742
species	species:Streptococcus parasanguinis	FrankelAE_2017	32	17	15	0.9375	3.5852570542237357e-07	-0.6337277407226583	0.13218371023445544	0.3635707774759344	-1.3463264645754895	0.07887098313017316	2.4957876048204106	3.7885226462245014
species	species:Butyricimonas synergistica	FrankelAE_2017	32	17	15	0.25	3.5852570542237357e-07	0.31374008530643416	0.12713074343056618	0.35655398389383647	-0.3851057231254853	1.0125858937383536	-1.7491908676163426	-2.627178839379042
species	species:Eubacterium ventriosum	FrankelAE_2017	32	17	15	0.28125	3.5852570542237357e-07	0.5914364573812827	0.13132014746376006	0.3623812184202709	-0.11883073072244821	1.3017036454850137	-0.288866178722153	-2.592516746012288
species	species:Bacteroides cellulosilyticus	FrankelAE_2017	32	17	15	0.71875	3.5852570542237357e-07	-0.4036674418468682	0.12820598613855128	0.3580586350565383	-1.1054623665576833	0.29812748286394686	0.21764592871329255	1.7594045894242214
species	species:Clostridium sp. CAG:242	FrankelAE_2017	32	17	15	0.28125	3.5852570542237357e-07	0.3061210689783174	0.12705203122630518	0.3564435877194387	-0.39250836295178243	1.0047505009084172	-0.780715996924715	-2.013009132426061
species	species:Bacteroides finegoldii	FrankelAE_2017	32	17	15	0.5	3.5852570542237357e-07	0.1623698852752684	0.12592959573916976	0.35486560236118936	-0.5331666953526627	0.8579064659031995	0.5072029669002307	-0.2255884293827729
species	species:Akkermansia muciniphila	FrankelAE_2017	32	17	15	0.90625	3.5852570542237357e-07	-0.2190383268916254	0.12628982588922275	0.35537279846553077	-0.9155690118840657	0.4774923581008149	2.8415358063210077	3.6682535618927594
species	species:Limosilactobacillus fermentum	FrankelAE_2017	32	17	15	0.4375	3.5852570542237357e-07	-0.24600405905777883	0.12649882936297976	0.35566673918568736	-0.9431108678617262	0.45110274974616843	-1.5875348151327704	-0.8177087886264982
species	species:Lactobacillus gasseri	FrankelAE_2017	32	17	15	0.21875	3.5852570542237357e-07	-0.2534201657789685	0.1265605590854887	0.35575350888710666	-0.9506970431976975	0.44385671163976054	-2.6946952059472267	-2.046275337085437
species	species:Gemmiger formicilis	FrankelAE_2017	32	17	15	0.8125	3.5852570542237357e-07	0.48727450610004347	0.1294474701500154	0.35978809061726236	-0.2179101515097907	1.1924591637098776	3.5047169086728984	1.7951582713836387
species	species:Bilophila wadsworthia	FrankelAE_2017	32	17	15	0.8125	3.5852570542237357e-07	0.023291594476255135	0.12549923771798546	0.3542587157967824	-0.6710554884854384	0.7176386774379487	2.0418081370313392	1.965536625920426
species	species:Ruminococcaceae bacterium D5	FrankelAE_2017	32	17	15	0.375	3.5852570542237357e-07	-0.1350361304859132	0.12579410868737484	0.35467465188165737	-0.8301984481739616	0.5601261872021351	-1.5164363742162141	-1.0677877763482995
species	species:Eisenbergiella tayi	FrankelAE_2017	32	17	15	0.90625	3.5852570542237357e-07	0.3098590137261834	0.12709040621822076	0.3564974140414216	-0.38887591779500297	1.0085939452473698	2.754585542198315	1.9320283927247484
species	species:Bacteroides intestinalis	FrankelAE_2017	32	17	15	0.75	3.5852570542237357e-07	-0.1215117495230961	0.12573628116630076	0.3545931205851303	-0.8165142658699515	0.5734907668237593	0.9506347762963675	1.4679984837244602
species	species:Anaerotruncus colihominis	FrankelAE_2017	32	17	15	0.875	3.5852570542237357e-07	-0.06716079416098512	0.12556537228297027	0.35435204568757644	-0.761690803708635	0.6273692153866648	1.4034793512275114	1.6080861613998925
species	species:Lactobacillus paragasseri	FrankelAE_2017	32	17	15	0.21875	3.5852570542237357e-07	-0.5248442674478505	0.1300812211629792	0.36066774344676183	-1.2317530446035037	0.18206450970780264	-3.037153912108235	-1.5498891097619232
species	species:Parasutterella excrementihominis	FrankelAE_2017	32	17	15	0.625	3.5852570542237357e-07	0.16698978817071214	0.12595495590098635	0.3549013326277972	-0.5286168237797704	0.8625964001211948	0.9678945848489969	0.3004274540445739
species	species:Christensenella minuta	FrankelAE_2017	32	17	15	0.1875	3.5852570542237357e-07	0.18170295694161862	0.1260404621544535	0.35502177701438753	-0.5141397260065809	0.8775456398898182	-2.4702500792260738	-2.8840030719702434
species	species:Blautia hydrogenotrophica	FrankelAE_2017	32	17	15	0.59375	3.5852570542237357e-07	0.2802290111730822	0.12679900105681544	0.3560884736365605	-0.4177043971545763	0.9781624195007407	1.4470370420341836	0.25623454798644923
species	species:Eggerthella lenta	FrankelAE_2017	32	17	15	1.0	3.5852570542237357e-07	-0.24879943620446096	0.126521882069359	0.35569914544367265	-0.9459697612740594	0.44837088886513743	4.417069166954549	5.014217422516896
species	species:Erysipelatoclostridium ramosum	FrankelAE_2017	32	17	15	0.84375	3.5852570542237357e-07	-0.30820046220979413	0.1270733214935369	0.35647345131655583	-1.0068884267902436	0.3904875023706553	2.2759756639197253	3.420189736107053
species	species:Intestinimonas butyriciproducens	FrankelAE_2017	32	17	15	0.8125	3.5852570542237357e-07	0.10291975831115527	0.12566673735594514	0.3544950456014091	-0.5918905310676065	0.7977300476899171	1.9866589218124933	1.6404984560657843
species	species:Anaerofustis stercorihominis	FrankelAE_2017	32	17	15	0.5	3.5852570542237357e-07	0.19250683663307488	0.1261078441142726	0.3551166626818187	-0.5035218222232897	0.8885354954894394	-0.2939478231019417	-0.9559989660214812
species	species:Alistipes shahii	FrankelAE_2017	32	17	15	0.84375	3.5852570542237357e-07	0.5309130367526796	0.13018800695499724	0.360815752088233	-0.17628583734025705	1.2381119108456162	3.3047136638539816	1.5914265547680813
species	species:Firmicutes bacterium CAG:145	FrankelAE_2017	32	17	15	0.53125	3.5852570542237357e-07	0.29639363057724416	0.1269543491492107	0.35630653817915087	-0.4019671842538915	0.9947544454083799	0.29683923213058383	-0.8260216267759535
species	species:Eubacterium sp. CAG:38	FrankelAE_2017	32	17	15	0.5	3.5852570542237357e-07	0.28045030529144205	0.12680106897406576	0.35609137728126156	-0.4174887941798306	0.9783894047627146	0.36486743681289097	-0.7693578627846702
species	species:Turicibacter sanguinis	FrankelAE_2017	32	17	15	0.40625	3.5852570542237357e-07	-0.021007511167511695	0.12549755133718893	0.35425633563450765	-0.7153499290111466	0.6733349066761233	-1.3524259245102324	-1.285822633919635
species	species:Bacteroides xylanisolvens	FrankelAE_2017	32	17	15	0.875	3.5852570542237357e-07	0.1167149235852432	0.12571723563488985	0.3545662640958525	-0.5782349540426277	0.811664801213114	2.4114553913649366	2.0110392282067084
species	species:[Clostridium] innocuum	FrankelAE_2017	32	17	15	0.9375	3.5852570542237357e-07	-0.18127996825717413	0.12603790319328673	0.35501817304651706	-0.8771155874283476	0.5145556509139992	3.0219065944071617	3.494329735613019
species	species:Eubacterium ramulus	FrankelAE_2017	32	17	15	0.59375	3.5852570542237357e-07	0.14002949996791136	0.1258170004261191	0.3547069218751152	-0.5551960669073145	0.8352550668431372	0.836771945510155	0.24437675867518838
species	species:[Ruminococcus] gnavus	FrankelAE_2017	32	17	15	1.0	3.5852570542237357e-07	-0.5592123831250774	0.13070217090243852	0.36152755206545256	-1.2678063851733645	0.14938161892320967	3.760152446016025	4.943933196622184
species	species:Firmicutes bacterium CAG:94	FrankelAE_2017	32	17	15	0.46875	3.5852570542237357e-07	-0.44296348888009274	0.12876047361977844	0.3588320966967398	-1.1462743984057027	0.2603474206455173	-1.0607811676081378	0.73615178896285
species	species:Hungatella hathewayi	FrankelAE_2017	32	17	15	0.96875	3.5852570542237357e-07	-0.47979543055227525	0.12932692366474544	0.35962052731281263	-1.1846516640853881	0.22506080298083753	1.435621153931384	2.481792484168689
species	species:Butyricimonas virosa	FrankelAE_2017	32	17	15	0.4375	3.5852570542237357e-07	0.2486573032801812	0.12652070365300758	0.35569748896078474	-0.44850977508295686	0.9458243816433193	-0.06848639359031108	-1.0302051205294902
species	species:Lactococcus lactis	FrankelAE_2017	32	17	15	0.53125	3.5852570542237357e-07	0.1782761594635867	0.12601990256231613	0.35499282043770425	-0.5175097685943136	0.874062087521487	-0.1868559326624728	-0.7760477539797315
species	species:Coprobacillus cateniformis	FrankelAE_2017	32	17	15	0.46875	3.5852570542237357e-07	0.01994382958380484	0.12549682535073917	0.35425531097040613	-0.6743965799181912	0.7142842390858009	-0.4885018897575481	-0.5654727314012311
species	species:Klebsiella variicola	FrankelAE_2017	32	17	15	0.375	3.5852570542237357e-07	-0.18685424264904513	0.1260721045450305	0.3550663382313656	-0.8827842655825217	0.5090757802844313	-1.2894506272043054	-0.530317071069391
species	species:Streptococcus vestibularis	FrankelAE_2017	32	17	15	0.59375	3.5852570542237357e-07	-0.26775417060357487	0.12668506767635818	0.3559284586491479	-0.9653739495559047	0.429865608348755	-0.4661122855297403	0.43689537543134993
species	species:Bifidobacterium longum	FrankelAE_2017	32	17	15	0.71875	3.5852570542237357e-07	-0.22960893150503953	0.1263688671022128	0.3554839899379616	-0.9263575517834441	0.46713968877336515	1.282891464270849	2.196830551407935
species	species:Rothia mucilaginosa	FrankelAE_2017	32	17	15	0.5	3.5852570542237357e-07	0.10856268103875664	0.12568662700700342	0.3545230979879921	-0.5863025910177078	0.8034279530952211	-1.5195662150041802	-1.7798320635517204
species	species:Klebsiella pneumoniae	FrankelAE_2017	32	17	15	0.46875	3.5852570542237357e-07	-0.5369024793756517	0.13029460061776008	0.3609634339067603	-1.2443908098329017	0.1705858510815984	-1.2310538699856426	1.0459494403965768
species	species:Bifidobacterium animalis	FrankelAE_2017	32	17	15	0.21875	3.5852570542237357e-07	0.29251553260466656	0.1269162850253479	0.3562531193201653	-0.4057405812628574	0.9907716464721905	-2.0963237893781543	-2.8633861591039773
species	species:Intestinibacter bartlettii	FrankelAE_2017	32	17	15	0.875	3.5852570542237357e-07	-0.07238034053408265	0.1255775113066952	0.35436917375343924	-0.7669439210908235	0.6221832400226583	2.215195437749141	2.453760944074979
species	species:Streptococcus gordonii	FrankelAE_2017	32	17	15	0.40625	3.5852570542237357e-07	-0.1198641302444229	0.12572965290708557	0.35458377417344633	-0.8148483276243776	0.5751200671355319	-1.550434534515106	-1.1764688686725762
species	species:Ruminococcaceae bacterium D16	FrankelAE_2017	32	17	15	0.34375	3.5852570542237357e-07	0.3136209572759363	0.1271294978258093	0.3565522371628164	-0.3852214275631839	1.0124633421150566	-1.126693653264031	-2.1859797612931566
species	species:Enterococcus faecalis	FrankelAE_2017	32	17	15	0.125	3.5852570542237357e-07	-0.07091593763940744	0.12557401391528597	0.35436423904689646	-0.7654698461713244	0.6236379708925096	-3.2099125681253353	-3.0717041391884363
species	species:[Clostridium] symbiosum	FrankelAE_2017	32	17	15	0.78125	3.5852570542237357e-07	0.0035920062729293367	0.1254904111202491	0.3542462577364073	-0.690730658890429	0.6979146714362876	1.8801328819123546	1.8679540147733102
species	species:Agathobaculum butyriciproducens	FrankelAE_2017	32	17	15	0.6875	3.5852570542237357e-07	0.5599964006380843	0.13071679555722487	0.3615477776964268	-0.14863724364691222	1.2686300449230807	2.7468182865004462	0.5210091299615246
species	species:Actinomyces sp. ICM47	FrankelAE_2017	32	17	15	0.4375	3.5852570542237357e-07	-0.10960595091629423	0.1256904204863691	0.354528448063578	-0.804481709120907	0.5852698072883186	-1.5975857255399935	-1.2854261985695747
species	species:Adlercreutzia caecimuris	FrankelAE_2017	32	17	15	0.90625	3.5852570542237357e-07	0.24997272010338847	0.1265316354250295	0.3557128552990874	-0.4472244762828229	0.9471699164895998	0.9016709339219384	0.45399756396187446
species	species:Bacteroides ovatus	FrankelAE_2017	32	17	15	0.96875	3.5852570542237357e-07	-0.08201512673452997	0.1256023040953194	0.3544041536090109	-0.7766472678081913	0.6126170143391314	4.738879636070951	4.986149024877188
species	species:Enterocloster citroniae	FrankelAE_2017	32	17	15	0.84375	3.5852570542237357e-07	0.12042689266926637	0.1257319066863976	0.35458695222243813	-0.5745635336867123	0.8154173190252452	1.5715864487855935	1.2230537312761618
species	species:Enterocloster clostridioformis	FrankelAE_2017	32	17	15	0.6875	3.5852570542237357e-07	-0.03735525946678021	0.12551345300192854	0.3542787786502722	-0.7317416656213137	0.6570311466877533	0.5175104788648887	0.6640195834793526
species	species:Roseburia sp. CAG:471	FrankelAE_2017	32	17	15	0.6875	3.5852570542237357e-07	0.3502879075903467	0.12753522304849843	0.35712074015450074	-0.3496687431124747	1.050244558293168	0.22084566548617457	-0.7643649111739236
species	species:Enterocloster asparagiformis	FrankelAE_2017	32	17	15	0.5	3.5852570542237357e-07	0.40337490734523607	0.12820205134302767	0.35805314038984165	-0.2984092478188536	1.1051590625093257	-0.3358907815920166	-1.516420696528894
species	species:Lawsonibacter asaccharolyticus	FrankelAE_2017	32	17	15	0.96875	3.5852570542237357e-07	-0.316962494113077	0.12716461645633775	0.35660148128735775	-1.015901397436298	0.3819764092101442	3.1130648087686232	3.787242725256477
species	species:Flavonifractor plautii	FrankelAE_2017	32	17	15	1.0	3.5852570542237357e-07	-0.1485481746861521	0.12585797208180782	0.3547646714116385	-0.8438869306529635	0.5467905812806593	4.815579204819284	5.106458257365097
species	species:Clostridiales bacterium 1_7_47FAA	FrankelAE_2017	32	17	15	0.53125	3.5852570542237357e-07	-0.3089777933060698	0.12708131735770284	0.35648466637108367	-1.0076877393933938	0.38973215278125417	-1.2926866660565908	-0.3043952844162626
species	species:[Clostridium] scindens	FrankelAE_2017	32	17	15	0.59375	3.5852570542237357e-07	-0.10833217095041364	0.12568579373281186	0.3545219227816693	-0.8031951396024855	0.5865307977016581	-0.14483040672049108	0.26353507636179724
species	species:Eubacterium sp. CAG:180	FrankelAE_2017	32	17	15	0.8125	3.5852570542237357e-07	0.6541027295308792	0.1326210357580938	0.36417171191361614	-0.0596738258198084	1.3678792848815668	1.6188203769195884	-0.20199024196943363
species	species:Collinsella intestinalis	FrankelAE_2017	32	17	15	0.84375	3.5852570542237357e-07	-0.2303103726838912	0.12637424387452792	0.3554915524657765	-0.9270738155168131	0.4664530701490307	0.39024283831421014	1.0576109917528007
species	species:Harryflintia acetispora	FrankelAE_2017	32	17	15	0.5625	3.5852570542237357e-07	0.2849651361637667	0.12684361489224527	0.35615111243999403	-0.4130910442186216	0.983021316546155	-0.43425586821741163	-1.264503786444798
species	species:Christensenella hongkongensis	FrankelAE_2017	32	17	15	0.375	3.5852570542237357e-07	0.08101006315734123	0.12559957325064397	0.3544003008613903	-0.6136145265309837	0.7756346528456662	-1.5155019435299242	-1.7591312158166956
species	species:Paraprevotella xylaniphila	FrankelAE_2017	32	17	15	0.375	3.5852570542237357e-07	-0.034969592364404334	0.1255105772849336	0.3542747200760077	-0.7293480437133794	0.6594088589845707	-0.8888416144061688	-0.7463085292194465
species	species:Blautia sp. CAG:257	FrankelAE_2017	32	17	15	0.9375	3.5852570542237357e-07	-0.03209934956337569	0.12550736888247124	0.3542701919192063	-0.72646892572502	0.6622702265982686	3.009660021494927	3.1149306549311033
species	species:Rothia dentocariosa	FrankelAE_2017	32	17	15	0.25	3.5852570542237357e-07	-0.2788090974701793	0.12678577129230031	0.35606989663870814	-0.9767060948820472	0.41908789994168866	-2.951111349794157	-2.4164601020113694
species	species:Klebsiella quasipneumoniae	FrankelAE_2017	32	17	15	0.28125	3.5852570542237357e-07	-0.5277755351904004	0.13013264633752325	0.36073902802098257	-1.2348240301115263	0.17927295973072543	-2.571337629525873	-0.8228659538877571
species	species:Enterocloster lavalensis	FrankelAE_2017	32	17	15	0.84375	3.5852570542237357e-07	-0.47011940413813186	0.12917373364755125	0.35940747578139115	-1.1745580566696585	0.23431924839339474	1.0211457797196983	2.375333935018147
species	species:Turicimonas muris	FrankelAE_2017	32	17	15	0.40625	3.5852570542237357e-07	0.009665561768011414	0.12549175312983624	0.35424815190743936	-0.6846608159705697	0.7039919395065924	-1.4353098078656399	-1.4652189807508924
species	species:Enterocloster bolteae	FrankelAE_2017	32	17	15	0.9375	3.5852570542237357e-07	-0.3254799303500082	0.12725581582944215	0.35672933132760776	-1.0246694197521196	0.373709559052103	2.1854771669195863	3.0434254325840175
species	species:[Eubacterium] siraeum	FrankelAE_2017	32	17	15	0.84375	3.5852570542237357e-07	0.0033571312354450907	0.1254903839172669	0.3542462193408236	-0.6909654586725692	0.6976797211434594	3.281760917168878	3.2676846986825505
species	species:Schaalia odontolytica	FrankelAE_2017	32	17	15	0.78125	3.5852570542237357e-07	-0.5968307213576863	0.13142697791103697	0.3625285890947595	-1.307386755983415	0.11372531326804225	-0.7270906945787426	0.5759259550533463
species	species:Romboutsia ilealis	FrankelAE_2017	32	17	15	0.375	3.5852570542237357e-07	0.6486970544888567	0.13250366055347335	0.36401052258619304	-0.06476356978008158	1.3621576787577951	-1.3715176333287928	-2.755600509065864
species	species:Bacteroides faecis	FrankelAE_2017	32	17	15	0.5	3.5852570542237357e-07	0.37121437467471613	0.12778686461118371	0.35747288653992165	-0.3294324829435303	1.0718612322929626	0.292934142777051	-1.0765184415149203
species	species:Phocaeicola dorei	FrankelAE_2017	32	17	15	0.875	3.5852570542237357e-07	-0.13165892983061586	0.12577909730850043	0.3546534890685561	-0.8267797684049858	0.563461908743754	3.029886530098179	3.592535874164769
species	species:Oscillibacter sp. CAG:241	FrankelAE_2017	32	17	15	0.6875	3.5852570542237357e-07	-0.3201844058974562	0.12719883030809648	0.3566494501721494	-1.0192173282348689	0.37884851643995654	0.7288625021619668	2.0585705794986553
species	species:[Ruminococcus] torques	FrankelAE_2017	32	17	15	0.84375	3.5852570542237357e-07	0.1315018464962567	0.12577840833896345	0.3546525177394959	-0.5636170882731553	0.8266207812656687	3.7112732510359447	3.154861170314973
species	species:Tractidigestivibacter scatoligenes	FrankelAE_2017	32	17	15	0.25	3.5852570542237357e-07	-0.15663088438302447	0.12589908331080818	0.3548226082295323	-0.8520831965129079	0.5388214277468588	-2.6680126530755794	-2.2151795516240256
species	species:Tyzzerella nexilis	FrankelAE_2017	32	17	15	0.1875	3.5852570542237357e-07	-0.047462668754475176	0.12552774116051965	0.35429894321112454	-0.7418885974482792	0.6469632599393289	-3.050476988964177	-2.9727708755309687
species	species:Firmicutes bacterium CAG:95	FrankelAE_2017	32	17	15	0.21875	3.5852570542237357e-07	-0.06988009490275887	0.12557158320615835	0.3543608093541925	-0.7644272812369761	0.6246670914314585	-2.5408245827639213	-2.360857016301424
species	species:Veillonella dispar	FrankelAE_2017	32	17	15	0.25	3.5852570542237357e-07	-0.18991389481886173	0.12609131753585254	0.35509339269529155	-0.8858969445016331	0.5060691548639098	-2.624688057020339	-2.11748195259399
species	species:Mogibacterium diversum	FrankelAE_2017	32	17	15	0.40625	3.5852570542237357e-07	-0.745520633719336	0.1347535463334527	0.36708792725102346	-1.465012971131342	-0.026028296307329946	-2.656832299550609	-0.9797475091457006
species	species:Bifidobacterium pseudocatenulatum	FrankelAE_2017	32	17	15	0.375	3.5852570542237357e-07	-0.2521089610992449	0.1265495115495404	0.3557379815953596	-0.9493554050261497	0.4451374828276598	-1.8374480204017174	-0.9485927412365965
species	species:Streptococcus sp. F0442	FrankelAE_2017	32	17	15	0.15625	3.5852570542237357e-07	0.47624791868904676	0.1292703974126922	0.3595419271972216	-0.22845425861750762	1.1809500959956012	-2.8320506665623837	-3.5511280297569723
species	species:Blautia producta	FrankelAE_2017	32	17	15	0.53125	3.5852570542237357e-07	-0.0467469869558416	0.1255266174249222	0.354297357349617	-0.7411698073610908	0.6476758334494077	-0.35781387434197665	-0.17789241628141841
species	species:Lacticaseibacillus rhamnosus	FrankelAE_2017	32	17	15	0.21875	3.5852570542237357e-07	-0.13643250363304446	0.12580042654589105	0.3546835583247285	-0.8316122779495123	0.5587472706834233	-2.823677362470531	-2.4992084601666096
species	species:Lacrimispora saccharolytica	FrankelAE_2017	32	17	15	0.34375	3.5852570542237357e-07	0.16363686502872166	0.1259364798050385	0.3548753017681542	-0.5319187264368606	0.8591924564943039	-1.5686880913507595	-2.0704639631495696
species	species:Actinomyces sp. HMSC035G02	FrankelAE_2017	32	17	15	0.4375	3.5852570542237357e-07	-0.6943254598349471	0.13352499348134822	0.36541071889224624	-1.4105304688637497	0.021879549193855485	-2.5473799846326775	-1.0512658682962808
species	species:Enterocloster aldenensis	FrankelAE_2017	32	17	15	0.5625	3.5852570542237357e-07	-0.2286262834701098	0.1263613623699873	0.35547343412692217	-0.9253542143588773	0.4681016474186577	-1.363355747896254	-0.6371957298106098
species	species:Bifidobacterium dentium	FrankelAE_2017	32	17	15	0.375	3.5852570542237357e-07	-0.9270473745775955	0.13981380999028492	0.37391684903235495	-1.659924398681011	-0.19417035047417974	-2.9342878235096737	-0.44804124726198313
species	species:Parabacteroides johnsonii	FrankelAE_2017	32	17	15	0.34375	3.5852570542237357e-07	0.1695770897332585	0.1259694692344714	0.3549217790365525	-0.5260695971783844	0.8652237766449014	-1.120481594212151	-1.8110653273792627
species	species:Enorma massiliensis	FrankelAE_2017	32	17	15	0.65625	3.5852570542237357e-07	-0.20108031672063384	0.12616408430797255	0.35519583937311616	-0.8972641618919416	0.49510352845067385	-1.6160216690343143	-1.2630182358732385
species	species:Dialister invisus	FrankelAE_2017	32	17	15	0.3125	3.5852570542237357e-07	0.11643743500060824	0.12571615734959005	0.3545647435230836	-0.5785094623046356	0.811384332305852	-1.6996756513774467	-2.1180013923003926
species	species:Actinomyces oris	FrankelAE_2017	32	17	15	0.6875	3.5852570542237357e-07	-0.7336159641469137	0.13446006912595146	0.3666879724315368	-1.4523243901127256	-0.014907538181101576	-1.4351176736566373	0.25447158671204345
species	species:Lachnoclostridium sp. An138	FrankelAE_2017	32	17	15	0.3125	3.5852570542237357e-07	-0.07302392705945222	0.1255790709771511	0.3543713743760225	-0.7675918208364564	0.6215439667175519	-2.0689620131314226	-1.8427234422075571
species	species:Coprobacter secundus	FrankelAE_2017	32	17	15	0.125	3.5852570542237357e-07	-0.1353818926874907	0.1257956670262255	0.35467684873166655	-0.8305485162015571	0.5597847308265758	-3.3261871050994736	-3.080612060042349
species	species:Phascolarctobacterium faecium	FrankelAE_2017	32	17	15	0.6875	3.5852570542237357e-07	0.5546766923487997	0.1306179666290148	0.3614110770701623	-0.15368901870871843	1.2630424034063177	2.116709774825321	-0.0705049525013513
species	species:Blautia coccoides	FrankelAE_2017	32	17	15	0.53125	3.5852570542237357e-07	-0.3185322079587025	0.12718124220354882	0.3566247919081746	-1.0175168000987247	0.38045238418131966	-1.5278465502817498	-0.426118713682124
species	species:Sellimonas intestinalis	FrankelAE_2017	32	17	15	0.5625	3.5852570542237357e-07	-0.30645669980239826	0.12705545789266098	0.35644839443131315	-1.005095552887772	0.3921821532829755	-0.19435003017891692	1.1627348057629339
species	species:Dielma fastidiosa	FrankelAE_2017	32	17	15	0.59375	3.5852570542237357e-07	-0.2445856969495442	0.1264872321309696	0.3556504353026573	-0.9416605501427525	0.45248915624366404	-0.045710434752952965	0.8531271793139321
species	species:Anaerotignum lactatifermentans	FrankelAE_2017	32	17	15	0.5	3.5852570542237357e-07	0.10621947542862298	0.12567823902777023	0.3545112678431678	-0.5886226095439858	0.8010615604012318	0.29888741421882103	-0.18568397212837986
species	species:Alloscardovia omnicolens	FrankelAE_2017	32	17	15	0.1875	3.5852570542237357e-07	-0.3836545226239519	0.12794337595726157	0.3576917331407892	-1.0847303195798987	0.317421274331995	-3.126505256548552	-2.1419580810566505
species	species:Corynebacterium durum	FrankelAE_2017	32	17	15	0.15625	3.5852570542237357e-07	-0.32683641809177716	0.12727056348161575	0.3567500013757754	-1.026066420788297	0.37239358460474264	-3.32048610009858	-2.7088762870044167
species	species:Lancefieldella parvula	FrankelAE_2017	32	17	15	0.21875	3.5852570542237357e-07	-0.8300352657594021	0.13697283845183605	0.3700984172511902	-1.5554281635717349	-0.10464236794706938	-3.536208646252096	-2.1724951968285557
species	species:Streptococcus mitis	FrankelAE_2017	32	17	15	0.5625	3.5852570542237357e-07	-0.2582862866614978	0.12660205950972112	0.3558118316044607	-0.9556774766062408	0.43910490328324525	-0.9815734008995188	-0.2273122257552399
species	species:Amedibacillus dolichus	FrankelAE_2017	32	17	15	0.34375	3.5852570542237357e-07	-0.3102909183291066	0.12709487031172337	0.35650367503256314	-1.0090381213929303	0.38845628473471716	-2.0428945925957276	-0.9611495722319334
species	species:Actinomyces sp. oral taxon 181	FrankelAE_2017	32	17	15	0.375	3.5852570542237357e-07	-0.6177165328726008	0.1318497579948338	0.36311121986911093	-1.3294145238160582	0.09398145807085667	-2.8403701800909564	-1.56151364024421
species	species:Streptococcus oralis	FrankelAE_2017	32	17	15	0.375	3.5852570542237357e-07	-0.5424122737826212	0.13039371399093191	0.3611006978543962	-1.2501696415772376	0.16534509401199526	-2.4518192071502747	-0.9431884974300009
species	species:Lactonifactor longoviformis	FrankelAE_2017	32	17	15	0.34375	3.5852570542237357e-07	-0.10669554132135471	0.12567992838739564	0.35451365049514755	-0.8015422962918439	0.5881512136491345	-2.1748290874882303	-1.8720807546535383
species	species:Eubacterium dolichum CAG:375	FrankelAE_2017	32	17	15	0.375	3.5852570542237357e-07	-0.42549543670193407	0.12850763552266753	0.3584796166069523	-1.1281154852515607	0.2771246118476925	-2.1379381598429728	-0.7136847582516126
species	species:[Clostridium] methylpentosum	FrankelAE_2017	32	17	15	0.375	3.5852570542237357e-07	-0.17545634230512577	0.12600327821268292	0.3549694046149371	-0.8711963753504024	0.5202836907401509	-1.9667367555670927	-1.420015362714628
species	species:Actinomyces sp. oral taxon 180	FrankelAE_2017	32	17	15	0.125	3.5852570542237357e-07	-0.255268974609544	0.1265762335684015	0.35577553818159213	-0.9525890294454645	0.4420510802263765	-3.495237223857577	-3.170176200542434
species	species:[Ruminococcus] lactaris	FrankelAE_2017	32	17	15	0.53125	3.5852570542237357e-07	0.2574220158218728	0.1265946309822613	0.3558013926086593	-0.4399487136910994	0.954792745334845	0.7422678069074451	-0.4320079757620449
species	species:Desulfovibrio piger	FrankelAE_2017	32	17	15	0.125	3.5852570542237357e-07	-0.4553570136349598	0.12894602957620718	0.3590905590184838	-1.159174509311188	0.24846048204126842	-3.234449389239751	-1.768486709554738
species	species:Oscillibacter sp. 57_20	FrankelAE_2017	32	17	15	0.53125	3.5852570542237357e-07	0.18163751680888351	0.12604006587030633	0.35502121890149935	-0.5142040722380552	0.8774791058558222	0.8705796180264049	0.021019550783664798
species	species:Firmicutes bacterium CAG:110	FrankelAE_2017	32	17	15	0.1875	3.5852570542237357e-07	-0.4583474672957625	0.12899156942470538	0.3591539633982972	-1.162289235556425	0.24559430096489998	-2.908906278279241	-1.3300932355398534
species	species:Parabacteroides goldsteinii	FrankelAE_2017	32	17	15	0.53125	3.5852570542237357e-07	-0.08383699407129323	0.12560734010467986	0.35441125843387067	-0.7784830606016797	0.6108090724590933	0.23615304572511034	0.6168914107036895
species	species:Coprobacter fastidiosus	FrankelAE_2017	32	17	15	0.21875	3.5852570542237357e-07	0.08899947636934245	0.125622211191665	0.3544322377996463	-0.6056877097179643	0.7836866624566492	-1.84589808757954	-2.1593919692426047
species	species:Holdemanella biformis	FrankelAE_2017	32	17	15	0.21875	3.5852570542237357e-07	-0.010215083572063815	0.12549193521063778	0.35424840890346676	-0.7045419650228586	0.684111797878731	-1.976010621291373	-1.9356953287805747
species	species:Coprococcus eutactus	FrankelAE_2017	32	17	15	0.46875	3.5852570542237357e-07	0.6025596881722474	0.1315414990419353	0.36268650242590406	-0.10830585658252456	1.3134252329270193	0.1482954594920089	-2.053386703037842
species	species:Slackia isoflavoniconvertens	FrankelAE_2017	32	17	15	0.3125	3.5852570542237357e-07	-0.5703123132508545	0.13091113165585705	0.36181643364537364	-1.2794725231957869	0.13884789669407782	-2.590297070161739	-0.7124653267556063
species	species:Lactobacillus rogosae	FrankelAE_2017	32	17	15	0.3125	3.5852570542237357e-07	0.10487864099786165	0.12567352156739067	0.35450461431043556	-0.589950403050592	0.7997076850463154	-1.9040504518704022	-2.2130688228314033
species	species:Bacteroides nordii	FrankelAE_2017	32	17	15	0.375	3.5852570542237357e-07	-0.44388963560906175	0.12877416288845048	0.358851170944795	-1.14723793066086	0.25945865944273644	-2.1171039230901108	-0.685371380580242
species	species:Veillonella atypica	FrankelAE_2017	32	17	15	0.3125	3.5852570542237357e-07	-0.6359724214804183	0.1322312114264925	0.36363609752951165	-1.3486991726382611	0.07675432967742446	-3.0615790635246602	-1.6733542324354995
species	species:Monoglobus pectinilyticus	FrankelAE_2017	32	17	15	0.5625	3.5852570542237357e-07	0.5777953332153728	0.13105432019652244	0.3620142541344504	-0.13175260488814988	1.2873432713188955	0.9646344836143815	-1.4142751043866222
species	species:Catenibacterium mitsuokai	FrankelAE_2017	32	17	15	0.125	3.5852570542237357e-07	-0.4083976908798718	0.1282700073103649	0.3581480243005186	-1.1103678185088883	0.2935724367491446	-3.2974427470087675	-2.066397370841592
species	species:Haemophilus sp. HMSC71H05	FrankelAE_2017	32	17	15	0.125	3.5852570542237357e-07	-0.45621632028005626	0.12895908492659594	0.359108736912089	-1.1600694446277506	0.24763680406763816	-3.505753764335617	-2.681789450033302
species	species:Streptococcus infantis	FrankelAE_2017	32	17	15	0.28125	3.5852570542237357e-07	-0.6343256660571567	0.13219634692207896	0.36358815564052543	-1.3469584511125865	0.07830711899827314	-2.9927929882754123	-1.5308033766034792
species	species:[Eubacterium] sulci	FrankelAE_2017	32	17	15	0.1875	3.5852570542237357e-07	-0.42008636143561334	0.12843140526283492	0.3583732764351088	-1.1224979832484265	0.2823252603771999	-3.3000501117017182	-2.5706084302929755
species	species:Haemophilus parainfluenzae	FrankelAE_2017	32	17	15	0.34375	3.5852570542237357e-07	-0.3706036026432638	0.12777931324996747	0.3574623242384678	-1.0712297581506607	0.330022552864133	-2.3605078551041703	-1.2964410297082565
species	species:Actinomyces graevenitzii	FrankelAE_2017	32	17	15	0.34375	3.5852570542237357e-07	-0.8274985944064758	0.13690276147417627	0.3700037317030414	-1.552705908544437	-0.10229128026851464	-2.965763061868771	-1.0309665111009785
species	species:Veillonella infantium	FrankelAE_2017	32	17	15	0.1875	3.5852570542237357e-07	-0.4036052453552431	0.12820514931306914	0.35805746649535064	-1.1053978796861303	0.2981873889756441	-3.3928546440076275	-2.634174867629025
species	species:Clostridium bolteae CAG:59	FrankelAE_2017	32	17	15	0.21875	3.5852570542237357e-07	0.15675741019406073	0.12589974417261052	0.35482353948492557	-0.5386967271963934	0.8522115475845149	-2.1781938624430888	-2.6632557529093868
species	species:[Clostridium] spiroforme	FrankelAE_2017	32	17	15	0.59375	3.5852570542237357e-07	-0.09332018489203528	0.1256353403602361	0.35445075872430587	-0.7880436719916748	0.6014033022076042	0.3683833173252555	0.7488712130258257
species	species:Prevotella copri	FrankelAE_2017	32	17	15	0.40625	3.5852570542237357e-07	0.1444033105257265	0.12583773467994452	0.3547361479747229	-0.5508795395047303	0.8396861605561834	0.03909344275877699	-0.6621062623973918
species	species:Prevotella sp. CAG:279	FrankelAE_2017	32	17	15	0.15625	3.5852570542237357e-07	-0.2228597604268515	0.12631797062538994	0.3554123951487763	-0.9194680549184531	0.47374853406475004	-3.0134608680201893	-2.364435693232389
species	species:Gemella sanguinis	FrankelAE_2017	32	17	15	0.53125	3.5852570542237357e-07	-0.11443940884581615	0.1257084690500477	0.35455390147345395	-0.8093650557337859	0.5804862380421536	-1.272759971775875	-0.9490635281076919
species	species:Bacteroides eggerthii	FrankelAE_2017	32	17	15	0.3125	3.5852570542237357e-07	-0.4543488469448029	0.12893074399043256	0.359069274639912	-1.1581246252390305	0.24942693134942467	-2.2418761640048066	-0.48449529423885185
species	species:Actinomyces sp. HPA0247	FrankelAE_2017	32	17	15	0.3125	3.5852570542237357e-07	-0.5152934311507249	0.12991565141488282	0.36043813812481446	-1.2217521818753614	0.19116531957391147	-2.9241940196796077	-1.7540972518731759
species	species:Actinomyces sp. oral taxon 448	FrankelAE_2017	32	17	15	0.125	3.5852570542237357e-07	-0.7701343545420141	0.13537531147919546	0.367933841171474	-1.491284683238103	-0.048984025845925094	-3.80371819972908	-2.7047921037294875
species	species:Actinomyces sp. S6-Spd3	FrankelAE_2017	32	17	15	0.15625	3.5852570542237357e-07	-0.45430291849210896	0.12893004844093883	0.3590683060936162	-1.1580767984355966	0.24947096145137876	-3.555742161956914	-2.9737215398347185
species	species:Clostridium paraputrificum	FrankelAE_2017	32	17	15	0.125	3.5852570542237357e-07	-0.4409597415109363	0.12873095430565457	0.35879096185056636	-1.1441900267380465	0.26227054371617375	-3.3803557907631148	-2.286444646247634
species	species:Clostridium perfringens	FrankelAE_2017	32	17	15	0.15625	3.5852570542237357e-07	-0.01787639351029048	0.12549552216918028	0.3542534716402653	-0.7122131979252105	0.6764604109046296	-2.8537921146848864	-2.8126271190179803
species	species:Clostridium disporicum	FrankelAE_2017	32	17	15	0.28125	3.5852570542237357e-07	-0.21286371342546717	0.12624537875331937	0.3553102570336513	-0.9092718172114238	0.48354439036048946	-2.218170811806552	-1.5493269354479755
species	species:Pseudoflavonifractor sp. An184	FrankelAE_2017	32	17	15	0.1875	3.5852570542237357e-07	-0.34108815203232323	0.12742921486937847	0.35697228865750696	-1.040753837801037	0.35857753373639045	-2.9882906412393178	-1.962044905056482
species	species:Veillonella parvula	FrankelAE_2017	32	17	15	0.4375	3.5852570542237357e-07	-0.03945125238532282	0.1255161361003442	0.35428256533499386	-0.7338450804419108	0.6549425756712652	-1.4354440036810359	-1.313356798515662
species	species:Streptococcus sanguinis	FrankelAE_2017	32	17	15	0.28125	3.5852570542237357e-07	-0.5404337739887771	0.13035800714622725	0.3610512527969225	-1.248094229470745	0.16722668149319098	-2.8271497292899164	-1.4352481833000468
species	species:Actinomyces naeslundii	FrankelAE_2017	32	17	15	0.15625	3.5852570542237357e-07	-0.5609153651630756	0.13073396352636515	0.3615715192411664	-1.2695955428757617	0.1477648125496105	-3.611020278876267	-2.828223641725113
species	species:Bacteroides faecis CAG:32	FrankelAE_2017	32	17	15	0.375	3.5852570542237357e-07	0.22829957357083455	0.12635887433330845	0.355469934499823	-0.4684214980488185	0.9250206451904875	-1.2306087189782542	-1.97863606514738
species	species:Eubacterium limosum	FrankelAE_2017	32	17	15	0.15625	3.5852570542237357e-07	-0.0874706915634246	0.12561771477647443	0.35442589461899426	-0.7821454450166533	0.6072040618898041	-2.97543603199362	-2.75007205699873
species	species:Bifidobacterium bifidum	FrankelAE_2017	32	17	15	0.40625	3.5852570542237357e-07	0.46490846829909505	0.12909252747670155	0.3592944857309969	-0.23930872373365897	1.169125660331849	-0.5148906158170173	-2.16165806183318
species	species:Clostridium sp. CAG:299	FrankelAE_2017	32	17	15	0.1875	3.5852570542237357e-07	-0.10449003716318281	0.12567216554287075	0.3545027017426958	-0.7993153325788667	0.590335258252501	-2.5492247692149874	-2.1943897974080646
species	species:Streptococcus australis	FrankelAE_2017	32	17	15	0.25	3.5852570542237357e-07	-0.2708177604500985	0.12671256706801814	0.35596708705724206	-0.9685132510822929	0.4268777301820959	-2.641237705001661	-1.9237314645519372
species	species:Massilimicrobiota timonensis	FrankelAE_2017	32	17	15	0.3125	3.5852570542237357e-07	-0.3465056903500729	0.12749129930251438	0.3570592378058778	-1.0463417964495934	0.3533304157494475	-2.456533184356692	-1.3522664067838088
species	species:Alistipes onderdonkii	FrankelAE_2017	32	17	15	0.34375	3.5852570542237357e-07	0.21863271356005295	0.12628686713574191	0.35536863555432396	-0.477889812126422	0.915155239246528	-1.867011919144367	-2.4652413104722513
species	species:Paraprevotella clara	FrankelAE_2017	32	17	15	0.15625	3.5852570542237357e-07	0.032153515631994374	0.12550742688788966	0.35427027378526926	-0.6622162209871333	0.7265232522511221	-3.040902882119668	-3.0979615999434618
species	species:Candidatus Stoquefichus sp. KLE1796	FrankelAE_2017	32	17	15	0.375	3.5852570542237357e-07	0.8404897482066959	0.13726391302577395	0.3704914479792671	0.11432651016733242	1.5666529862460594	0.7327619374736705	-2.586566119981573
species	species:Actinomyces johnsonii	FrankelAE_2017	32	17	15	0.125	3.5852570542237357e-07	0.11536391524169574	0.12571200996076293	0.35455889491135734	-0.5795715187845646	0.8102993492679561	-3.166405271203006	-3.3619093801277486
species	species:Scardovia wiggsiae	FrankelAE_2017	32	17	15	0.15625	3.5852570542237357e-07	-0.8792412376983797	0.138374615312921	0.371987385959418	-1.608336514178839	-0.15014596121792045	-3.80371819972908	-2.1461189208560074
species	species:Acidaminococcus intestini	FrankelAE_2017	32	17	15	0.46875	3.5852570542237357e-07	-0.017981749357724557	0.12549558513359743	0.35425356050941453	-0.712318727956177	0.6763552292407279	-0.7410144586556623	-0.6669339748967537
species	species:Ruminococcus bromii	LeeKA_2022	163	77	86	0.7484662576687117	2.684435482009183e-07	-0.16588338677232964	0.024700377410984062	0.1571635371547232	-0.4739239195955871	0.1421571460509278	3.878141031618881	4.705004353314684
species	species:Alistipes finegoldii	LeeKA_2022	163	77	86	0.8404907975460123	2.684435482009183e-07	-0.14566747994620857	0.0246808175249804	0.15710129701877193	-0.4535860221030016	0.1622510622105844	3.799484056064991	4.311399680324995
species	species:Alistipes putredinis	LeeKA_2022	163	77	86	0.901840490797546	2.684435482009183e-07	-0.18556571066446514	0.024721859817714964	0.1572318664193584	-0.4937401688464076	0.1226087475174773	5.790599251485762	6.445708206627378
species	species:Anaerobutyricum hallii	LeeKA_2022	163	77	86	0.8895705521472392	2.684435482009183e-07	0.28622134666854204	0.0248693381603061	0.15770015269588708	-0.022870952615396622	0.5953136459524807	6.095006922068319	5.156680381253317
species	species:Bacteroides uniformis	LeeKA_2022	163	77	86	0.9754601226993865	2.684435482009183e-07	-0.11997840593146226	0.024659624367141815	0.157033831918927	-0.42776471649255915	0.18780790462963465	6.517289536704718	6.809733672941785
species	species:Faecalibacterium prausnitzii	LeeKA_2022	163	77	86	0.9815950920245399	2.684435482009183e-07	0.011766220500511881	0.024615349913896512	0.15689279752078014	-0.2957436626402172	0.319276103641241	7.541431003622243	7.515804504762489
species	species:Dorea longicatena	LeeKA_2022	163	77	86	0.8650306748466258	2.684435482009183e-07	0.10366641867044653	0.02464829489034089	0.15699775441177777	-0.2040491799766379	0.41138201731753093	6.102632240116146	5.709010493563423
species	species:Barnesiella intestinihominis	LeeKA_2022	163	77	86	0.7423312883435583	2.684435482009183e-07	-0.05744068945284768	0.024625166649486423	0.15692407925326954	-0.365011884789256	0.2501305058835606	3.5897410216569994	3.8233799441517253
species	species:Blautia obeum	LeeKA_2022	163	77	86	0.9263803680981595	2.684435482009183e-07	0.1427853953827174	0.024678235706411207	0.15709307975340991	-0.165117040933966	0.4506878316994008	6.22316545410957	5.792354900741299
species	species:Blautia wexlerae	LeeKA_2022	163	77	86	0.9263803680981595	2.684435482009183e-07	0.04065285428027907	0.024620052431338333	0.15690778320828555	-0.26688640080796056	0.34819210936851874	4.864545628537916	4.749475213687381
species	species:Eubacterium sp. CAG:251	LeeKA_2022	163	77	86	0.26993865030674846	2.684435482009183e-07	-0.07570231876023273	0.024632717606818278	0.156948136678389	-0.3833206666498752	0.2319160291294097	-0.6536534173191456	-0.31864269849155713
species	species:Lachnospira eligens	LeeKA_2022	163	77	86	0.6380368098159509	2.684435482009183e-07	0.051364814769647354	0.024623113579273697	0.15691753751341403	-0.2561935587566442	0.35892318829593883	1.7513337570790084	1.5640148584123887
species	species:Roseburia hominis	LeeKA_2022	163	77	86	0.7668711656441718	2.684435482009183e-07	0.2280134267648386	0.02477637997240638	0.15740514595274951	-0.08050065930255046	0.5365275128322277	3.3373654300249735	2.5628387621030875
species	species:[Eubacterium] rectale	LeeKA_2022	163	77	86	0.9079754601226994	2.684435482009183e-07	0.47459104550058373	0.025314412698133996	0.1591050366837392	0.16274517360045487	0.7864369174007126	6.426335149557293	4.818650031234019
species	species:Collinsella aerofaciens	LeeKA_2022	163	77	86	0.950920245398773	2.684435482009183e-07	0.014038967206863748	0.02461553205257778	0.15689337797554676	-0.2934720536252079	0.3215499880389354	8.237632557198783	8.189700397939388
species	species:Fusicatenibacter saccharivorans	LeeKA_2022	163	77	86	0.9202453987730062	2.684435482009183e-07	0.3685193397320631	0.02503667929219368	0.15822983060154516	0.05838887175303459	0.6786498077110916	6.705305214878386	5.564895767691823
species	species:Parabacteroides merdae	LeeKA_2022	163	77	86	0.7300613496932515	2.684435482009183e-07	0.25597800231438167	0.024818412937884074	0.15753860776928325	-0.052797668913413476	0.5647536735421768	3.734216125509955	2.7182326845883042
species	species:Phocaeicola vulgatus	LeeKA_2022	163	77	86	0.8404907975460123	2.684435482009183e-07	-0.14096772872953098	0.024676633940599293	0.15708798152818468	-0.44886017252477295	0.16692471506571097	4.246447218793697	4.797580484592006
species	species:Ruminococcus bicirculans	LeeKA_2022	163	77	86	0.5950920245398773	2.684435482009183e-07	-0.139275073350878	0.024675160790020814	0.15708329252349154	-0.44715832669692146	0.16860817999516545	1.8728419069546665	2.488814769525448
species	species:Methanobrevibacter smithii	LeeKA_2022	163	77	86	0.5705521472392638	2.684435482009183e-07	-0.03593902288226239	0.02461893118538988	0.156904210222001	-0.3434712749173843	0.27159322915285955	2.1836074966002066	2.3625310682788476
species	species:Parabacteroides distasonis	LeeKA_2022	163	77	86	0.852760736196319	2.684435482009183e-07	-0.26610847530883763	0.024834838350810573	0.15759073053581094	-0.5749863071590271	0.04276935654135178	3.9091790930022636	4.79985626810465
species	species:Firmicutes bacterium CAG:83	LeeKA_2022	163	77	86	0.6625766871165644	2.684435482009183e-07	-0.14802231021126405	0.024682965318789097	0.15710813256731523	-0.4559542500432019	0.1599096296206738	1.6918359838391726	2.2453605315011065
species	species:Dorea formicigenerans	LeeKA_2022	163	77	86	0.8711656441717791	2.684435482009183e-07	0.3970768646595058	0.02510457846204234	0.15844424401675922	0.08652614638665773	0.707627582932354	5.933239568887412	4.6111013908544285
species	species:Eisenbergiella massiliensis	LeeKA_2022	163	77	86	0.1901840490797546	2.684435482009183e-07	-0.034403076675169196	0.02461859565221903	0.15690314098901598	-0.3419332330136405	0.27312707966330213	-1.9458658446116093	-1.8548961135532704
species	species:Anaerostipes hadrus	LeeKA_2022	163	77	86	0.9079754601226994	2.684435482009183e-07	0.22433675007540324	0.024771214924733553	0.15738873823985486	-0.08414517687471226	0.5328186770255188	6.016433568106634	5.305300752296013
species	species:Ruthenibacterium lactatiformans	LeeKA_2022	163	77	86	0.9631901840490797	2.684435482009183e-07	-0.1428161537834397	0.02467826298792331	0.1570931665857026	-0.4507187602914168	0.16508645272453737	5.224854955865452	5.516281005411487
species	species:Odoribacter splanchnicus	LeeKA_2022	163	77	86	0.7361963190184049	2.684435482009183e-07	-0.11098578172086099	0.024653174136875778	0.15701329286680085	-0.41873183573979067	0.1967602722980687	2.481186361133595	2.8712265162347697
species	species:Phocaeicola plebeius	LeeKA_2022	163	77	86	0.18404907975460122	2.684435482009183e-07	-0.08835629402260349	0.024639164791997573	0.15696867455641453	-0.3960148961531759	0.21930230810796897	-1.7057076503581885	-1.400660158391762
species	species:Escherichia coli	LeeKA_2022	163	77	86	0.8098159509202454	2.684435482009183e-07	0.06251455054084633	0.024627056824096688	0.15693010171441515	-0.24506844881940737	0.3700975499011	4.853297126379309	4.571318482609315
species	species:Adlercreutzia equolifaciens	LeeKA_2022	163	77	86	0.8834355828220859	2.684435482009183e-07	0.2367035959188888	0.024788921803263177	0.1574449802415535	-0.07188856535455607	0.5452957571923336	5.4021975079022075	4.55019330571134
species	species:[Clostridium] leptum	LeeKA_2022	163	77	86	0.6993865030674846	2.684435482009183e-07	-0.12595593653412504	0.024664189833161487	0.15704836781438222	-0.43377073745031414	0.18185886438206408	1.449492792565165	1.8435871361571556
species	species:Clostridium sp. CAG:58	LeeKA_2022	163	77	86	0.4110429447852761	2.684435482009183e-07	-0.0784326301923219	0.024634024552200918	0.15695230024501367	-0.38605913867254865	0.22919387828790488	-0.2812516361079752	0.002840448911998618
species	species:Coprococcus catus	LeeKA_2022	163	77	86	0.8343558282208589	2.684435482009183e-07	0.077329380055349	0.02463349087375638	0.15695060010639136	-0.23029379615317808	0.3849525562638761	4.5172928160272	4.2526825480219435
species	species:Adlercreutzia equolifaciens_1	LeeKA_2022	163	77	86	0.8711656441717791	2.684435482009183e-07	0.2377035231483357	0.02479039501008367	0.1574496586534365	-0.0708978078123998	0.5463048541090711	4.859447127572975	4.015974535991276
species	species:Roseburia faecis	LeeKA_2022	163	77	86	0.7607361963190185	2.684435482009183e-07	0.14345145948868201	0.024678827793662244	0.15709496425303468	-0.16445467044726594	0.45135758942463	4.4024071845716755	3.7908671676621593
species	species:Bacteroides thetaiotaomicron	LeeKA_2022	163	77	86	0.6687116564417178	2.684435482009183e-07	-0.16797168547035515	0.024702542594563857	0.15717042531775455	-0.47602571909315405	0.14008234815244378	2.022406589238275	2.7037932738995427
species	species:Phascolarctobacterium succinatutens	LeeKA_2022	163	77	86	0.24539877300613497	2.684435482009183e-07	0.3704406314790236	0.025041088477578844	0.15824376283942077	0.060282856313758904	0.6805984066442883	-0.09035467176164509	-1.573394159320812
species	species:Bacteroides caccae	LeeKA_2022	163	77	86	0.6932515337423313	2.684435482009183e-07	-0.09967409827001886	0.024645773770794258	0.15698972504847014	-0.4073739593650203	0.2080257628249826	2.6815569557577463	3.0886554633272323
species	species:Phocaeicola massiliensis	LeeKA_2022	163	77	86	0.32515337423312884	2.684435482009183e-07	-0.32314262364329827	0.024939209265667343	0.1579215288226002	-0.6326688201355946	-0.01361642715100192	-1.1546184528285486	0.054801810150714704
species	species:Streptococcus salivarius	LeeKA_2022	163	77	86	0.901840490797546	2.684435482009183e-07	0.026657755521023823	0.024617126907637357	0.15689846050117048	-0.2808632270612703	0.334178738103318	5.1619654118195015	5.0685917235841655
species	species:Holdemania filiformis	LeeKA_2022	163	77	86	0.37423312883435583	2.684435482009183e-07	-0.09293368771037817	0.02464174192124615	0.1569768833976715	-0.4006083791698143	0.2147410037490579	-1.0092393001242645	-0.7509502648635432
species	species:Bifidobacterium adolescentis	LeeKA_2022	163	77	86	0.8466257668711656	2.684435482009183e-07	0.14145509283312818	0.024677061402541115	0.15708934210359757	-0.16644001768992306	0.4493502033561794	6.2652093761940355	5.600997880754448
species	species:Streptococcus mutans	LeeKA_2022	163	77	86	0.4539877300613497	2.684435482009183e-07	-0.07766331252514726	0.024633651610068908	0.15695111216575977	-0.3852874923700364	0.2299608673197419	0.0840121495717545	0.3788227916689159
species	species:Roseburia inulinivorans	LeeKA_2022	163	77	86	0.7791411042944786	2.684435482009183e-07	0.1742624366497907	0.02470922864955569	0.15719169395854124	-0.13383328350895013	0.4823581568085315	3.66148345700181	3.0325227705196687
species	species:Dorea sp. CAG:317	LeeKA_2022	163	77	86	0.1901840490797546	2.684435482009183e-07	0.1633383478557247	0.024697775292577787	0.15715525855846435	-0.14468595891886543	0.47136265463031485	-1.3378460482098988	-1.8764820928407004
species	species:Lachnospira pectinoschiza	LeeKA_2022	163	77	86	0.3987730061349693	2.684435482009183e-07	0.09821435985103455	0.024644876673325336	0.1569868678371708	-0.20947990110982023	0.40590862081188933	0.01814705684347797	-0.348129095034748
species	species:Roseburia intestinalis	LeeKA_2022	163	77	86	0.6993865030674846	2.684435482009183e-07	0.05096507329169143	0.024622986543557258	0.15691713272793784	-0.25659250685506674	0.3585226534384496	2.793955964453123	2.5930038594234546
species	species:Alistipes indistinctus	LeeKA_2022	163	77	86	0.5644171779141104	2.684435482009183e-07	-0.20094663911679875	0.02474032229845387	0.15729056646364356	-0.5092361493855401	0.1073428711519426	0.7924224944833048	1.5658439833683293
species	species:Proteobacteria bacterium CAG:139	LeeKA_2022	163	77	86	0.1656441717791411	2.684435482009183e-07	-0.26946228505600706	0.02484041661924663	0.15760842813519405	-0.5783748042009873	0.039450234088973246	-2.3727796842444078	-1.6333268429544445
species	species:Bacteroides stercoris	LeeKA_2022	163	77	86	0.43558282208588955	2.684435482009183e-07	-0.05205779512244733	0.024623336156406276	0.15691824672869079	-0.3596175587106813	0.2555019684657866	0.4592338024493019	0.6864792062611318
species	species:Bacteroides fragilis	LeeKA_2022	163	77	86	0.3496932515337423	2.684435482009183e-07	-0.1918386588973775	0.02472921210986756	0.15725524509493335	-0.5000589392834469	0.11638162148869186	-0.6603600984971728	0.13189588035804772
species	species:Coprococcus comes	LeeKA_2022	163	77	86	0.8711656441717791	2.684435482009183e-07	0.18517069390023805	0.02472140501307238	0.15723042012623503	-0.12300092954718261	0.4933423173476587	6.018038151334832	5.362088107246238
species	species:Bacteroides salyersiae	LeeKA_2022	163	77	86	0.17177914110429449	2.684435482009183e-07	0.010927709529783428	0.02461529081728378	0.1568926091862959	-0.29658180447535654	0.31843722353492343	-1.6082993364867983	-1.645523385747106
species	species:Streptococcus thermophilus	LeeKA_2022	163	77	86	0.6380368098159509	2.684435482009183e-07	0.19363100966922647	0.024731357752283648	0.1572620671118234	-0.11460264186994734	0.5018646612084003	2.725643589948281	1.8623788990571783
species	species:Anaeromassilibacillus sp. An250	LeeKA_2022	163	77	86	0.6257668711656442	2.684435482009183e-07	-0.0954129163088544	0.02464319208983966	0.15698150238113937	-0.40309666097588753	0.21227082835817873	0.9753205243751133	1.29950242001284
species	species:Gordonibacter pamelaeae	LeeKA_2022	163	77	86	0.8834355828220859	2.684435482009183e-07	-0.06690043468975478	0.02462881955432139	0.1569357179048842	-0.3744944417833278	0.24069357240381828	4.656811108979177	4.895041866895071
species	species:Streptococcus parasanguinis	LeeKA_2022	163	77	86	0.852760736196319	2.684435482009183e-07	0.08126507788259793	0.0246354293205375	0.15695677532536625	-0.22637020175511993	0.3889003575203158	4.162765034630955	3.8818194496201985
species	species:Butyricimonas synergistica	LeeKA_2022	163	77	86	0.3067484662576687	2.684435482009183e-07	-0.16417083396791743	0.024698622021911587	0.1571579524615652	-0.4722004207925852	0.14385875285675032	-1.4950002339569584	-1.0203682073819207
species	species:Eubacterium ventriosum	LeeKA_2022	163	77	86	0.44785276073619634	2.684435482009183e-07	0.2213374505141073	0.02476706365009284	0.15737554972133644	-0.08711862693971212	0.5297935279679267	0.5956505143978826	-0.20546521983616522
species	species:Bacteroides cellulosilyticus	LeeKA_2022	163	77	86	0.4171779141104294	2.684435482009183e-07	-0.12760213810402973	0.024665486130368106	0.15705249482376302	-0.43542502795860527	0.18022075175054578	-0.14966620864586866	0.3683663069090545
species	species:Bacteroides finegoldii	LeeKA_2022	163	77	86	0.17177914110429449	2.684435482009183e-07	0.0005695244961125151	0.024614920971080628	0.1568914305214935	-0.30693767932601473	0.3080767283182398	-1.655332105105252	-1.6571838062635862
species	species:Akkermansia muciniphila	LeeKA_2022	163	77	86	0.6441717791411042	2.684435482009183e-07	0.054706122031895094	0.024624214248812355	0.15692104463331982	-0.2528591254494118	0.36227136951320194	3.3305365402963805	3.047945979382283
species	species:Limosilactobacillus fermentum	LeeKA_2022	163	77	86	0.20245398773006135	2.684435482009183e-07	0.1840421097205156	0.02472011095180183	0.15722630489775502	-0.12412144787908425	0.49220566732011545	-1.0570387193865776	-1.7096163744410966
species	species:Lactobacillus gasseri	LeeKA_2022	163	77	86	0.17177914110429449	2.684435482009183e-07	0.22939521963990533	0.024778342841998292	0.15741138091636925	-0.07913108695617838	0.5379215262359891	-1.608325740666555	-2.2298168344432145
species	species:Gemmiger formicilis	LeeKA_2022	163	77	86	0.9141104294478528	2.684435482009183e-07	-0.009256870135159604	0.024615186080666176	0.1568922754015193	-0.31676572992213736	0.2982519896518182	5.074868829750889	5.09983400274654
species	species:Bilophila wadsworthia	LeeKA_2022	163	77	86	0.44171779141104295	2.684435482009183e-07	-0.1389980649235218	0.024674921398702775	0.1570825305331652	-0.4468798247685256	0.16888369492148203	-0.42448100923811044	0.03173519641021311
species	species:Ruminococcaceae bacterium D5	LeeKA_2022	163	77	86	0.19631901840490798	2.684435482009183e-07	-0.24090383063996773	0.024795151813499443	0.15746476372033028	-0.5495347675318151	0.06772710625187961	-2.198063945166878	-1.610000157855923
species	species:Eisenbergiella tayi	LeeKA_2022	163	77	86	0.3067484662576687	2.684435482009183e-07	-0.07644934262768109	0.024633070591049733	0.15694926119943903	-0.3840698945785816	0.23117120932321938	-1.2483757734985146	-1.0139139188278934
species	species:Bacteroides intestinalis	LeeKA_2022	163	77	86	0.25766871165644173	2.684435482009183e-07	0.1414280951638254	0.024677037684569806	0.15708926661159828	-0.1664668673949072	0.449323057722558	-0.7689526323953495	-1.2904209497496333
species	species:Anaerotruncus colihominis	LeeKA_2022	163	77	86	0.2883435582822086	2.684435482009183e-07	-0.3968255742034751	0.02510395889649605	0.1584422888514807	-0.7073724603523772	-0.0862786880545729	-1.9693514981879963	-0.8845778691198837
species	species:Lactobacillus paragasseri	LeeKA_2022	163	77	86	0.19631901840490798	2.684435482009183e-07	0.1536082022483915	0.024688197851328548	0.15712478433184418	-0.1543563750420231	0.4615727795388061	-1.440103675827797	-1.9091904421598427
species	species:Parasutterella excrementihominis	LeeKA_2022	163	77	86	0.25766871165644173	2.684435482009183e-07	-0.1654296925226629	0.024699910594714138	0.1571620520186541	-0.47346731447922497	0.14260792943389913	-1.6825958722714012	-1.2088320765840437
species	species:Christensenella minuta	LeeKA_2022	163	77	86	0.26993865030674846	2.684435482009183e-07	-0.044650205008930396	0.024621111394835866	0.15691115764927574	-0.3521960740015109	0.26289566398365005	-1.413526577506753	-1.2787882544088156
species	species:Blautia hydrogenotrophica	LeeKA_2022	163	77	86	0.27607361963190186	2.684435482009183e-07	-0.08168554159024183	0.02463564209948665	0.15695745315048487	-0.3893221497651922	0.22595106658470854	-1.2874644795125958	-1.0041335011777017
species	species:Eggerthella lenta	LeeKA_2022	163	77	86	0.8220858895705522	2.684435482009183e-07	0.038812596377600386	0.024619598279401803	0.15690633600782922	-0.2687238221977449	0.3463490149529456	3.9130928570479893	3.757598093594908
species	species:Erysipelatoclostridium ramosum	LeeKA_2022	163	77	86	0.3128834355828221	2.684435482009183e-07	0.010931994319035987	0.024615291108166463	0.15689261011330796	-0.2965775215030476	0.31844151014111954	-0.8440278560054694	-0.8846600174427574
species	species:Intestinimonas butyriciproducens	LeeKA_2022	163	77	86	0.3496932515337423	2.684435482009183e-07	-0.052339312568296874	0.024623427428478048	0.15691853755524887	-0.35989964617658465	0.2552210210399909	-1.028484451461902	-0.8682970743987266
species	species:Alistipes shahii	LeeKA_2022	163	77	86	0.7177914110429447	2.684435482009183e-07	-0.13346052082246754	0.02467023583524228	0.1570676154884968	-0.44131304717992126	0.17439200553498616	2.4036749077754496	2.8955917287209387
species	species:Firmicutes bacterium CAG:145	LeeKA_2022	163	77	86	0.3374233128834356	2.684435482009183e-07	0.15583504685717975	0.024690337857635993	0.15713159407845384	-0.15214287753658978	0.4638129712509493	-0.5677148339268219	-1.0894391187057173
species	species:Eubacterium sp. CAG:38	LeeKA_2022	163	77	86	0.4233128834355828	2.684435482009183e-07	-0.08903482517049262	0.024639538597586802	0.15696986525313322	-0.39669576106663373	0.21862611072564853	-0.4691234988822725	-0.18221958449507003
species	species:Turicibacter sanguinis	LeeKA_2022	163	77	86	0.4171779141104294	2.684435482009183e-07	0.2907536209187076	0.024877459305612266	0.15772589928611047	-0.0183891416820689	0.5998963835194842	0.4969048698435118	-0.5682078385231705
species	species:Bacteroides xylanisolvens	LeeKA_2022	163	77	86	0.5276073619631901	2.684435482009183e-07	-0.023226201122743265	0.024616595294249703	0.15689676636008054	-0.33074386318850113	0.2842914609430146	1.0288867628138554	1.120057906646982
species	species:[Clostridium] innocuum	LeeKA_2022	163	77	86	0.4539877300613497	2.684435482009183e-07	-0.18039505868011008	0.024715983246975187	0.1572131777141318	-0.4885328869998084	0.12774276963958825	-0.43231784769101655	0.21978168547537644
species	species:Eubacterium ramulus	LeeKA_2022	163	77	86	0.6625766871165644	2.684435482009183e-07	0.13679906522179536	0.024673037927252693	0.15707653525352758	-0.17107094387511868	0.4446690743187094	2.3228083525986363	1.7999670000701828
species	species:[Ruminococcus] gnavus	LeeKA_2022	163	77	86	0.5950920245398773	2.684435482009183e-07	0.13094761521618586	0.024668172379691353	0.15706104666559229	-0.17689203624837502	0.43878726668074675	2.0623925536078755	1.4646092124209238
species	species:Firmicutes bacterium CAG:94	LeeKA_2022	163	77	86	0.50920245398773	2.684435482009183e-07	0.08045026640610424	0.024635020104641688	0.1569554717257149	-0.2271824581762969	0.3880829909885054	1.057118608800742	0.7200116446639523
species	species:Hungatella hathewayi	LeeKA_2022	163	77	86	0.1656441717791411	2.684435482009183e-07	-0.10570749496188618	0.024649622058450085	0.15700198106536772	-0.41343137785000694	0.20201638792623455	-2.2193969238493563	-1.9444964374009701
species	species:Butyricimonas virosa	LeeKA_2022	163	77	86	0.4601226993865031	2.684435482009183e-07	-0.07196028292202399	0.02463100158586344	0.15694266974237261	-0.3795679156170743	0.23564734977302632	-0.028160391356717093	0.22169938049723514
species	species:Lactococcus lactis	LeeKA_2022	163	77	86	0.3006134969325153	2.684435482009183e-07	0.3278842842230749	0.024948796062640645	0.15795187894621782	0.018298601488487998	0.6374699669576618	-0.37298046263878726	-1.5416999585648699
species	species:Coprobacillus cateniformis	LeeKA_2022	163	77	86	0.22699386503067484	2.684435482009183e-07	0.06533521740359215	0.02462817676696579	0.15693366995952715	-0.24225477571708104	0.37292521052426536	-1.654183875210107	-1.8275592399018585
species	species:Klebsiella variicola	LeeKA_2022	163	77	86	0.15337423312883436	2.684435482009183e-07	0.14607858169138666	0.024681190001114215	0.15710248247915823	-0.16184228396776346	0.45399944735053677	-1.6093917004284861	-2.0830825970917766
species	species:Streptococcus vestibularis	LeeKA_2022	163	77	86	0.4294478527607362	2.684435482009183e-07	-0.00478992620851384	0.024614991216530723	0.15689165438776762	-0.3122975688085383	0.3027177163915107	-0.02360986546823753	-0.005542795218391098
species	species:Bifidobacterium longum	LeeKA_2022	163	77	86	0.9079754601226994	2.684435482009183e-07	0.08008536165560473	0.02463483817851341	0.15695489217769992	-0.2275462270126871	0.3877169503238965	7.037412795960606	6.717718351726928
species	species:Rothia mucilaginosa	LeeKA_2022	163	77	86	0.24539877300613497	2.684435482009183e-07	0.1338997555764498	0.024670600536873425	0.1570687764543718	-0.17395504627411892	0.4417545574270185	-1.5275594217881399	-1.8634154800710947
species	species:Klebsiella pneumoniae	LeeKA_2022	163	77	86	0.2331288343558282	2.684435482009183e-07	0.08255822649862593	0.024636087233206237	0.156958871151669	-0.22508116095864533	0.3901976139558972	-1.0924327986505766	-1.4081539662875016
species	species:Bifidobacterium animalis	LeeKA_2022	163	77	86	0.3067484662576687	2.684435482009183e-07	0.11241855195326712	0.024654168196127577	0.1570164583606686	-0.19533370643364334	0.42017081034017756	-0.1848180292541476	-0.6749305604928532
species	species:Intestinibacter bartlettii	LeeKA_2022	163	77	86	0.558282208588957	2.684435482009183e-07	0.3477630129377924	0.024990507271730997	0.15808386151575055	0.03791864436692133	0.6576073815086634	1.8085096688018687	0.4865117520336527
species	species:Streptococcus gordonii	LeeKA_2022	163	77	86	0.4662576687116564	2.684435482009183e-07	0.10443483879973973	0.024648791502748253	0.15699933599460938	-0.20328385974969465	0.41215353734917415	0.3174029525156635	-0.05822753939371557
species	species:Enterococcus faecalis	LeeKA_2022	163	77	86	0.294478527607362	2.684435482009183e-07	-0.09705029001682722	0.024644170767460123	0.1569846195251628	-0.40474014428614624	0.21063956425249183	-0.93962608423571	-0.5550284503647525
species	species:[Clostridium] symbiosum	LeeKA_2022	163	77	86	0.15950920245398773	2.684435482009183e-07	-0.18821872053026173	0.024724939487850494	0.15724165951760524	-0.496412373184768	0.11997493212424454	-2.336404780989116	-1.866406452879266
species	species:Agathobaculum butyriciproducens	LeeKA_2022	163	77	86	0.8588957055214724	2.684435482009183e-07	0.27057825375409217	0.024842288260044795	0.1576143656525153	-0.038345902924837805	0.5795024104330222	5.3554297595619	4.365112197088667
species	species:Actinomyces sp. ICM47	LeeKA_2022	163	77	86	0.49079754601226994	2.684435482009183e-07	0.14226570990318255	0.02467777565386356	0.15709161547919595	-0.1656338564360415	0.4501652762424066	0.15100181941021737	-0.3157607898169447
species	species:Adlercreutzia caecimuris	LeeKA_2022	163	77	86	0.7116564417177914	2.684435482009183e-07	0.08484571352735418	0.02463727647029123	0.15696265947763255	-0.2228010990488056	0.39249252610351393	0.950064875247408	0.7053764962316237
species	species:Bacteroides ovatus	LeeKA_2022	163	77	86	0.7607361963190185	2.684435482009183e-07	-0.20099071410709873	0.024740377315177302	0.15729074135236729	-0.5092805671577386	0.10729913894354115	2.429101117375617	3.134395475446944
species	species:Enterocloster citroniae	LeeKA_2022	163	77	86	0.13496932515337423	2.684435482009183e-07	-0.07485054257124123	0.024632319354201924	0.15694686793371165	-0.3824664037213161	0.2327653185788336	-2.4497648491376744	-2.2981775449668853
species	species:Enterocloster clostridioformis	LeeKA_2022	163	77	86	0.1411042944785276	2.684435482009183e-07	-0.1621467202047763	0.024696570767711104	0.15715142623505235	-0.47016351562547887	0.1458700752159263	-2.392601535881416	-1.9545058187890314
species	species:Roseburia sp. CAG:471	LeeKA_2022	163	77	86	0.44785276073619634	2.684435482009183e-07	0.12620109222790354	0.02466438181369356	0.1570489790278611	-0.1816149066667042	0.4340170911225113	-0.5622348498340587	-0.9499234770304589
species	species:Lawsonibacter asaccharolyticus	LeeKA_2022	163	77	86	0.5766871165644172	2.684435482009183e-07	-0.13949351228327908	0.024675349901549487	0.15708389446900495	-0.44737794544252873	0.1683909208759706	0.44188418947197067	0.8987629573321486
species	species:Flavonifractor plautii	LeeKA_2022	163	77	86	0.6012269938650306	2.684435482009183e-07	-0.16086659418963892	0.024695286613217342	0.15714734045861972	-0.4688753814885336	0.14714219310925572	1.061199966551681	1.6788006543584213
species	species:[Clostridium] scindens	LeeKA_2022	163	77	86	0.13496932515337423	2.684435482009183e-07	-0.09482256123275383	0.024642843311952017	0.1569803914887207	-0.40250412855064643	0.21285900608513875	-2.3751745542048437	-2.1293600710514724
species	species:Enterococcus faecium	LeeKA_2022	163	77	86	0.3067484662576687	2.684435482009183e-07	-0.0597033943789624	0.02462598982493845	0.15692670207755738	-0.36727973045097484	0.24787294169305005	-0.8850497159644536	-0.6521858685030957
species	species:Eubacterium sp. CAG:180	LeeKA_2022	163	77	86	0.3619631901840491	2.684435482009183e-07	0.0044103215788410255	0.024614980370392045	0.15689161982206712	-0.3030972532724105	0.31191789643009254	0.42677247124732465	0.40572368660962443
species	species:Collinsella intestinalis	LeeKA_2022	163	77	86	0.5276073619631901	2.684435482009183e-07	0.07040818013363394	0.024630315342110375	0.15694048343913808	-0.2371951674070767	0.37801152767434454	0.06357333692498617	-0.1617184400378781
species	species:Harryflintia acetispora	LeeKA_2022	163	77	86	0.20245398773006135	2.684435482009183e-07	0.15738040046268661	0.024691841052110575	0.15713637723999677	-0.15060689892770704	0.46536769985308024	-1.7563981632703525	-2.1235443247291514
species	species:Christensenella hongkongensis	LeeKA_2022	163	77	86	0.18404907975460122	2.684435482009183e-07	0.04862267659098288	0.02462226209008907	0.1569148243158978	-0.25893037906817673	0.35617573225014254	-1.7734049900871929	-1.90939591726835
species	species:Paraprevotella xylaniphila	LeeKA_2022	163	77	86	0.3558282208588957	2.684435482009183e-07	-0.11906874893164837	0.02465894905373279	0.15703168168790904	-0.4268508450399501	0.18871334717665333	-0.6978804693733115	-0.2735352387646968
species	species:Blautia sp. CAG:257	LeeKA_2022	163	77	86	0.2392638036809816	2.684435482009183e-07	0.021222886035297383	0.024616318755346204	0.15689588508098676	-0.2862930487234367	0.32873882079403144	-1.0975440718226968	-1.1789538902860175
species	species:Rothia dentocariosa	LeeKA_2022	163	77	86	0.2883435582822086	2.684435482009183e-07	-0.01732119120827885	0.024615851714269204	0.15689439669494	-0.3248342087303613	0.2901918263138036	-1.509590037498764	-1.4630195734598184
species	species:Klebsiella quasipneumoniae	LeeKA_2022	163	77	86	0.12883435582822086	2.684435482009183e-07	0.12332737341113288	0.024662154873795958	0.15704188891437837	-0.1844747288610487	0.43112947568331444	-1.8645189790252776	-2.242254930945141
species	species:Enterocloster lavalensis	LeeKA_2022	163	77	86	0.12883435582822086	2.684435482009183e-07	-0.09542130000861306	0.02464319705846318	0.15698151820664488	-0.403105075693637	0.21226247567641093	-2.476212694425245	-2.2710435607384296
species	species:Enterocloster bolteae	LeeKA_2022	163	77	86	0.1901840490797546	2.684435482009183e-07	-0.18684825044259148	0.024723343158457353	0.15723658339730406	-0.4950319539013075	0.1213354530161245	-2.211354601648804	-1.7205764874071616
species	species:[Eubacterium] siraeum	LeeKA_2022	163	77	86	0.5337423312883436	2.684435482009183e-07	-0.2962845756850324	0.024887542789188415	0.15775786125955313	-0.6054899837537566	0.012920832383691738	0.6232020900262647	1.8730474277946272
species	species:Schaalia odontolytica	LeeKA_2022	163	77	86	0.6993865030674846	2.684435482009183e-07	-0.04693548218775184	0.024621761390739152	0.1569132288583061	-0.3544854107500318	0.26061444637452813	1.3866288351859772	1.5391718553994065
species	species:Romboutsia ilealis	LeeKA_2022	163	77	86	0.3374233128834356	2.684435482009183e-07	0.32307987584740927	0.024939083336979462	0.15792113011557213	0.013554460820887904	0.6326052908739306	-1.026214849621356	-1.7872164996490119
species	species:Bacteroides faecis	LeeKA_2022	163	77	86	0.1901840490797546	2.684435482009183e-07	0.011229310664173143	0.024615311570645348	0.15689267532503023	-0.2962803329728861	0.3187389543012324	-1.4885464503950885	-1.5261223620691953
species	species:Phocaeicola dorei	LeeKA_2022	163	77	86	0.7116564417177914	2.684435482009183e-07	-0.1668214107873919	0.024701346619338215	0.15716662056345876	-0.474867987091771	0.14122516551698724	2.636164114538863	3.34766003472552
species	species:Oscillibacter sp. CAG:241	LeeKA_2022	163	77	86	0.6257668711656442	2.684435482009183e-07	-0.15459643110798152	0.024689143741742654	0.1571277943005077	-0.46256690793697663	0.15337404572101357	1.1979601545013898	1.7569413693505695
species	species:[Ruminococcus] torques	LeeKA_2022	163	77	86	0.7791411042944786	2.684435482009183e-07	0.3742767847689523	0.02504996068306458	0.15827179370647373	0.06406406910426382	0.6844895004336409	5.411751840073289	3.8526603438073974
species	species:Tractidigestivibacter scatoligenes	LeeKA_2022	163	77	86	0.2331288343558282	2.684435482009183e-07	0.24305023038088552	0.024798377772726744	0.1574750068192624	-0.06560078298486877	0.5517012437466398	-1.2671614936346873	-1.9516375595308295
species	species:Firmicutes bacterium CAG:95	LeeKA_2022	163	77	86	0.20245398773006135	2.684435482009183e-07	0.10112848847967276	0.024646680743826067	0.15699261366008932	-0.2065770342941023	0.4088340112534478	-1.6898372151654966	-1.95421012896879
species	species:Veillonella dispar	LeeKA_2022	163	77	86	0.1901840490797546	2.684435482009183e-07	-0.24446948695114365	0.02480052657881977	0.15748182936078617	-0.5531338724982845	0.06419489859599722	-2.213256979947661	-1.5934728542772076
species	species:Mogibacterium diversum	LeeKA_2022	163	77	86	0.25766871165644173	2.684435482009183e-07	-0.03436639482333154	0.024618587818083737	0.1569031160241368	-0.34189650223063967	0.2731637125839766	-1.6676897266391442	-1.5768147626726208
species	species:Bifidobacterium pseudocatenulatum	LeeKA_2022	163	77	86	0.27607361963190186	2.684435482009183e-07	0.03164603651243781	0.024618030124089307	0.15690133882185106	-0.2758805875783903	0.3391726606032659	-0.7439955526725398	-0.8768480032084146
species	species:Streptococcus sp. F0442	LeeKA_2022	163	77	86	0.1901840490797546	2.684435482009183e-07	0.039342332385432256	0.02461972685542651	0.15690674572951446	-0.2681948892444161	0.34687955401528064	-2.0281140349940316	-2.118149212707277
species	species:Blautia producta	LeeKA_2022	163	77	86	0.11042944785276074	2.684435482009183e-07	-0.06430145838948848	0.024627760577269644	0.1569323439488165	-0.3718888525291688	0.24328593575019186	-2.3944155887446077	-2.2363374233263413
species	species:Lacticaseibacillus rhamnosus	LeeKA_2022	163	77	86	0.24539877300613497	2.684435482009183e-07	0.2570062459268255	0.024820051052096927	0.15754380677163074	-0.05177961534557074	0.5657921071992218	-0.9136880191426966	-1.7681509164433022
species	species:Lacrimispora saccharolytica	LeeKA_2022	163	77	86	0.11042944785276074	2.684435482009183e-07	-0.07376495865899596	0.02463181831508004	0.15694527171941192	-0.3813776912290433	0.23384777391105138	-2.4741573383002247	-2.317845619194783
species	species:Actinomyces sp. HMSC035G02	LeeKA_2022	163	77	86	0.5214723926380368	2.684435482009183e-07	0.037322241606944806	0.024619245894560177	0.15690521308917743	-0.27021197604784297	0.3448564592617326	0.0229731528801959	-0.09405412608469098
species	species:Bifidobacterium dentium	LeeKA_2022	163	77	86	0.4662576687116564	2.684435482009183e-07	0.1527920419700826	0.02468742123111552	0.15712231296386747	-0.15516769143909767	0.4607517753792628	1.0731189595438355	0.42030945436824413
species	species:Parabacteroides johnsonii	LeeKA_2022	163	77	86	0.10429447852760736	2.684435482009183e-07	-0.0031680737156402333	0.02461495113360521	0.15689152664693276	-0.31067546594362844	0.304339318512348	-2.4024780997752138	-2.395487500733152
species	species:Enorma massiliensis	LeeKA_2022	163	77	86	0.50920245398773	2.684435482009183e-07	-0.005885116917847558	0.02461502752463027	0.15689177009846714	-0.3133929863108431	0.301622752475148	-0.14800920548580404	-0.12844211282724063
species	species:Dialister invisus	LeeKA_2022	163	77	86	0.3128834355828221	2.684435482009183e-07	-0.37402195164557966	0.025049368474045274	0.15826992283452113	-0.6842310004012411	-0.06381290288991825	-1.3997979692503324	0.03704932441158716
species	species:Actinomyces oris	LeeKA_2022	163	77	86	0.6932515337423313	2.684435482009183e-07	-0.04153481936757193	0.024620277545185424	0.15690850055107092	-0.3490754804476709	0.26600584171252706	1.3294915379114793	1.4664054438226148
species	species:Coprobacter secundus	LeeKA_2022	163	77	86	0.1901840490797546	2.684435482009183e-07	-0.0055244252699297785	0.02461501474411296	0.15689172936809945	-0.3130322148314047	0.3019833642915451	-1.9249331039616142	-1.9106538337653154
species	species:Phascolarctobacterium faecium	LeeKA_2022	163	77	86	0.18404907975460122	2.684435482009183e-07	-0.15711324089352047	0.024691580120477875	0.1571355469665533	-0.4650989129479649	0.15087243116092397	-1.9474482410300418	-1.4511161129373973
species	species:Blautia coccoides	LeeKA_2022	163	77	86	0.1411042944785276	2.684435482009183e-07	-0.21435302186615868	0.02475761318730734	0.15734552166270047	-0.5227502443250516	0.09404420059273422	-2.5045788258460795	-1.9429614378781366
species	species:Sellimonas intestinalis	LeeKA_2022	163	77	86	0.2331288343558282	2.684435482009183e-07	-0.05941596495921806	0.02462588349447778	0.15692636328698176	-0.36699163700170234	0.2481597070832662	-1.288655112435043	-1.0681877014822956
species	species:Dielma fastidiosa	LeeKA_2022	163	77	86	0.12269938650306748	2.684435482009183e-07	-0.10817601668600797	0.024651261735763545	0.157007202814914	-0.4159101342032394	0.1995581008312235	-2.4940896236357935	-2.2765024355974206
species	species:Alloscardovia omnicolens	LeeKA_2022	163	77	86	0.26380368098159507	2.684435482009183e-07	-0.05658815234898396	0.024624864743217647	0.15692311730021694	-0.36415746225740914	0.2509811575594412	-1.5520894259291775	-1.388618199626487
species	species:Corynebacterium durum	LeeKA_2022	163	77	86	0.2392638036809816	2.684435482009183e-07	0.1325475932390109	0.02466948165466852	0.15706521465515055	-0.17530022748508414	0.440395413963106	-1.6489278383651311	-1.9817545874269222
species	species:Lancefieldella parvula	LeeKA_2022	163	77	86	0.15950920245398773	2.684435482009183e-07	-0.055926686530262344	0.024624633610546783	0.15692238084654075	-0.3634945529894822	0.2516411799289575	-2.371324632046837	-2.2629580356246963
species	species:Streptococcus mitis	LeeKA_2022	163	77	86	0.3128834355828221	2.684435482009183e-07	0.013457418296135856	0.024615482392661512	0.15689321971538958	-0.29405329234602773	0.3209681289382994	-1.3404317745377807	-1.3777100707804706
species	species:Actinomyces sp. oral taxon 181	LeeKA_2022	163	77	86	0.3067484662576687	2.684435482009183e-07	-0.17036393391394966	0.02470505620592685	0.15717842156583342	-0.4784336401829832	0.13770577235508386	-1.7565906153589645	-1.3118239256641322
species	species:Streptococcus oralis	LeeKA_2022	163	77	86	0.32515337423312884	2.684435482009183e-07	0.004310722604430779	0.024614977672854605	0.15689161122524878	-0.30319683539705683	0.3118182806059184	-1.07544857329728	-1.088270665648203
species	species:Lactonifactor longoviformis	LeeKA_2022	163	77	86	0.11042944785276074	2.684435482009183e-07	-0.2361176190953502	0.024788061361419464	0.15744224770187787	-0.5447044245910309	0.07246918640033043	-2.752314512175021	-2.311613203613884
species	species:Actinobaculum sp. oral taxon 183	LeeKA_2022	163	77	86	0.2822085889570552	2.684435482009183e-07	0.04925469684830401	0.02462245420338953	0.15691543647260944	-0.25829955863801046	0.3568089523346185	-1.3623065088606163	-1.497918419086002
species	species:[Clostridium] methylpentosum	LeeKA_2022	163	77	86	0.12269938650306748	2.684435482009183e-07	-0.14838119278557932	0.02468329567298845	0.15710918392311907	-0.45631519327489267	0.15955280770373403	-2.6375962136827042	-2.3747132152673482
species	species:Actinomyces sp. oral taxon 180	LeeKA_2022	163	77	86	0.1411042944785276	2.684435482009183e-07	0.21295336125534922	0.02475575578385019	0.15733961924401046	-0.09543229246291127	0.5213390149736097	-2.150733195189298	-2.563136599434155
species	species:Butyrivibrio crossotus	LeeKA_2022	163	77	86	0.12269938650306748	2.684435482009183e-07	0.09318981203470837	0.024641889967071038	0.1569773549499132	-0.21448580366712144	0.4008654277365382	-1.8566110639040536	-2.1391045702092466
species	species:Alistipes inops	LeeKA_2022	163	77	86	0.38650306748466257	2.684435482009183e-07	-0.15883954458927776	0.02469327400389795	0.1571409367539151	-0.4668357806269514	0.14915669144839586	0.19872371789644785	0.9730466182317449
species	species:[Ruminococcus] lactaris	LeeKA_2022	163	77	86	0.4171779141104294	2.684435482009183e-07	0.016590159470286452	0.0246157747258418	0.1568941513436425	-0.29092237716325287	0.3241026961038258	0.6327240946287267	0.5572474647772706
species	species:Desulfovibrio piger	LeeKA_2022	163	77	86	0.26380368098159507	2.684435482009183e-07	-0.059550624086907575	0.024625933245835247	0.15692652180506406	-0.3671266068248331	0.24802535865101794	-1.0650395562494699	-0.8498103646209212
species	species:Oscillibacter sp. 57_20	LeeKA_2022	163	77	86	0.5950920245398773	2.684435482009183e-07	-0.19977620493892356	0.02473886571549568	0.15728593616562062	-0.50805663982354	0.10850422994569286	1.4895409676026832	2.324241139951015
species	species:Firmicutes bacterium CAG:110	LeeKA_2022	163	77	86	0.49079754601226994	2.684435482009183e-07	-0.005267205721453384	0.024615006123558766	0.15689170189515686	-0.31277494143596085	0.30224052999305406	0.5817929721143564	0.6017775926932311
species	species:Parabacteroides goldsteinii	LeeKA_2022	163	77	86	0.17177914110429449	2.684435482009183e-07	-0.13711499894801726	0.02467330668095132	0.15707739073765936	-0.4449866847938296	0.17075668689779505	-2.058278062647488	-1.651469841565016
species	species:Coprobacter fastidiosus	LeeKA_2022	163	77	86	0.3374233128834356	2.684435482009183e-07	-0.3516868097929864	0.024999030560596828	0.15811081734213137	-0.6615840117835639	-0.041789607802408923	-1.2672777522313308	-0.10040720323268587
species	species:Bacteroides clarus	LeeKA_2022	163	77	86	0.22085889570552147	2.684435482009183e-07	-0.33236457523819296	0.02495798273044433	0.15798095686013655	-0.6420072506840606	-0.022721899792325306	-1.9421971732750134	-0.8649097196190293
species	species:Bacteroides sp. CAG:144	LeeKA_2022	163	77	86	0.18404907975460122	2.684435482009183e-07	-0.27570937380258803	0.024850993438299458	0.1576419786678011	-0.5846876519914782	0.033268904386302145	-2.142713845116098	-1.2882919019462957
species	species:Holdemanella biformis	LeeKA_2022	163	77	86	0.44785276073619634	2.684435482009183e-07	0.33218519672989866	0.024957612525640657	0.1579797851803852	0.022544817776343706	0.6418255756834537	1.3111243544416982	-0.10249958662870111
species	species:Coprococcus eutactus	LeeKA_2022	163	77	86	0.44171779141104295	2.684435482009183e-07	0.29525417682472316	0.02488564986727408	0.15775186169194352	-0.01393947209148616	0.6044478257409325	1.4831956389518974	0.14912349178538217
species	species:Slackia isoflavoniconvertens	LeeKA_2022	163	77	86	0.5828220858895705	2.684435482009183e-07	0.14814307817840833	0.024683076397335354	0.1571084860767723	-0.1597895545320654	0.45607571088888205	2.2066651910126662	1.5138669869831372
species	species:Clostridium sp. CAG:167	LeeKA_2022	163	77	86	0.22085889570552147	2.684435482009183e-07	-0.05035264356310612	0.02462279384175032	0.156916518702622	-0.3579090202202452	0.257203733094033	-1.659276455452382	-1.5114341283806139
species	species:Lactobacillus rogosae	LeeKA_2022	163	77	86	0.147239263803681	2.684435482009183e-07	0.008985655247910623	0.024615170715310695	0.15689222643365952	-0.29852310856206205	0.3164944190578833	-2.2209530798073707	-2.2397585405723617
species	species:Roseburia sp. CAG:309	LeeKA_2022	163	77	86	0.1411042944785276	2.684435482009183e-07	0.08442308700340699	0.024637054304189426	0.1569619517723624	-0.22322233847042333	0.39206851247723734	-2.2216326145886915	-2.3937801347240732
species	species:Veillonella atypica	LeeKA_2022	163	77	86	0.18404907975460122	2.684435482009183e-07	-0.035205230835951215	0.02461876905778889	0.15690369357599232	-0.3427364702448962	0.2723260085729937	-1.9951017601550072	-1.9045812625997167
species	species:Monoglobus pectinilyticus	LeeKA_2022	163	77	86	0.17177914110429449	2.684435482009183e-07	-0.23802241432210852	0.02479086614301098	0.15745115478462196	-0.5466266776999675	0.07058184905575049	-1.952405939608162	-1.1117976222735944
species	species:Catenibacterium mitsuokai	LeeKA_2022	163	77	86	0.12883435582822086	2.684435482009183e-07	-0.16273464714087618	0.02469716395562073	0.15715331353687942	-0.4707551416731598	0.14528584739140746	-2.292210630669555	-1.8200940852490592
species	species:Streptococcus infantis	LeeKA_2022	163	77	86	0.24539877300613497	2.684435482009183e-07	-0.0823401998799625	0.024635975580267335	0.15695851547548267	-0.3899788902119085	0.22529849045198352	-1.8575563024966448	-1.653194566610393
species	species:[Eubacterium] sulci	LeeKA_2022	163	77	86	0.1165644171779141	2.684435482009183e-07	0.24303190935665664	0.024798350115824076	0.15747491900561206	-0.06561893189434298	0.5516827506076563	-2.2684124997518578	-2.700850210929189
species	species:Roseburia sp. CAG:182	LeeKA_2022	163	77	86	0.17791411042944785	2.684435482009183e-07	0.1619025599139419	0.024696325053529495	0.1571506444578879	-0.1461127032235184	0.4699178230514022	-1.4729094175199955	-1.9686006164196213
species	species:Haemophilus parainfluenzae	LeeKA_2022	163	77	86	0.1901840490797546	2.684435482009183e-07	-0.18471395510512248	0.024720880352609897	0.15722875167287279	-0.4928823083839531	0.12345439817370815	-2.1197925200054137	-1.6179546046240318
species	species:Actinomyces graevenitzii	LeeKA_2022	163	77	86	0.25766871165644173	2.684435482009183e-07	-0.2634568048664258	0.024830477380000732	0.15757689354724802	-0.5723075162190319	0.0453939064861803	-2.0634298210079156	-1.3632839056349384
species	species:Veillonella infantium	LeeKA_2022	163	77	86	0.147239263803681	2.684435482009183e-07	-0.2040275592621313	0.024744197121951157	0.15730288338727666	-0.5123412107011935	0.10428609217693094	-2.541359555762629	-2.138378855766397
species	species:[Clostridium] spiroforme	LeeKA_2022	163	77	86	0.3619631901840491	2.684435482009183e-07	0.06006657542040647	0.02462612491246132	0.1569271324929546	-0.2475106042657845	0.3676437551065974	-0.35968397584215	-0.5821762841468394
species	species:Prevotella copri	LeeKA_2022	163	77	86	0.5337423312883436	2.684435482009183e-07	0.024381154497416384	0.02461676605287092	0.15689731053421827	-0.2831375741496514	0.3318998831444842	1.2279783561326845	1.1157603743310494
species	species:Prevotella sp. CAG:279	LeeKA_2022	163	77	86	0.13496932515337423	2.684435482009183e-07	-0.02645500810863094	0.024617093465167196	0.15689835392752594	-0.3339757818065818	0.2810657655893199	-1.8465695590321956	-1.7548786416938964
species	species:Gemella sanguinis	LeeKA_2022	163	77	86	0.3067484662576687	2.684435482009183e-07	-0.020870291357500275	0.024616272662705455	0.15689573819165853	-0.328385938213151	0.2866453554981504	-1.373407257820416	-1.315983514690927
species	species:Firmicutes bacterium CAG:170	LeeKA_2022	163	77	86	0.2331288343558282	2.684435482009183e-07	-0.08023069954872465	0.024634910538757417	0.1569551226903965	-0.38786274002190174	0.22740134092445247	-1.650877372568688	-1.4109544758423538
species	species:Bacteroides eggerthii	LeeKA_2022	163	77	86	0.32515337423312884	2.684435482009183e-07	-0.10792127523706437	0.02465109077633107	0.1570066583821561	-0.4156543256660903	0.19981177519196158	-0.7975720958300869	-0.37536175507386343
species	species:Actinomyces sp. HPA0247	LeeKA_2022	163	77	86	0.4049079754601227	2.684435482009183e-07	-0.010959795041799432	0.024615292998252075	0.1568926161368089	-0.31846932266994493	0.29654973258634604	-0.8475206707920554	-0.8141921670073923
species	species:Actinomyces sp. oral taxon 448	LeeKA_2022	163	77	86	0.37423312883435583	2.684435482009183e-07	0.04445939959013247	0.024621058591744488	0.15691098939126122	-0.26308613961673954	0.35200493879700445	-0.7687049676047406	-0.9037924494399617
species	species:Actinomyces sp. S6-Spd3	LeeKA_2022	163	77	86	0.2147239263803681	2.684435482009183e-07	-0.03261254818198636	0.024618223001952586	0.15690195346761168	-0.3401403769785053	0.2749152806145325	-2.071886852786025	-2.002608834322063
species	species:Clostridium paraputrificum	LeeKA_2022	163	77	86	0.1165644171779141	2.684435482009183e-07	0.0432743510646781	0.024620735707421983	0.15690996051054878	-0.26426917153599755	0.3508178736653537	-2.221460569113733	-2.3287057934756863
species	species:Clostridium perfringens	LeeKA_2022	163	77	86	0.12269938650306748	2.684435482009183e-07	-0.12146397439929245	0.024660738277660504	0.15703737860032083	-0.4292572364559213	0.18632928765733636	-2.3621626310807056	-2.047085807227558
species	species:Clostridium disporicum	LeeKA_2022	163	77	86	0.44171779141104295	2.684435482009183e-07	-0.013332832704646564	0.02461547202719795	0.15689318668188862	-0.32084347860114826	0.2941778131918551	0.2868110385961565	0.33850882745924316
species	species:Veillonella parvula	LeeKA_2022	163	77	86	0.39263803680981596	2.684435482009183e-07	-0.29023530132563363	0.024876524094613016	0.15772293458661304	-0.5993722531153952	0.01890165046412795	-0.997836539421501	-0.047579743948189514
species	species:Streptococcus sanguinis	LeeKA_2022	163	77	86	0.4110429447852761	2.684435482009183e-07	0.03331739520730496	0.024618367320351584	0.15690241336688096	-0.2742113349917817	0.34084612540639164	-0.3732368858489128	-0.4838627493411444
species	species:Actinomyces naeslundii	LeeKA_2022	163	77	86	0.49693251533742333	2.684435482009183e-07	0.1365667191479025	0.02467284067425041	0.15707590736408436	-0.17130205928570283	0.4444354975815078	0.3652901179399583	-0.09678760051889078
species	species:Eubacterium limosum	LeeKA_2022	163	77	86	0.11042944785276074	2.684435482009183e-07	-0.14470925605922264	0.024679953407201936	0.1570985468016873	-0.45262240779052976	0.1632038956720845	-2.5760256424757655	-2.249608601187664
species	species:Bifidobacterium bifidum	LeeKA_2022	163	77	86	0.5030674846625767	2.684435482009183e-07	0.14845301956603932	0.024683361886174177	0.15710939464645066	-0.15948139394100394	0.4563874330730826	1.703105676201054	0.9496187368491816
species	species:Streptococcus australis	LeeKA_2022	163	77	86	0.22699386503067484	2.684435482009183e-07	-0.12059579480900688	0.024660085633712504	0.15703530059738957	-0.42838498397989044	0.18719339436187665	-1.8472231010299365	-1.512492328079391
species	species:Massilimicrobiota timonensis	LeeKA_2022	163	77	86	0.1411042944785276	2.684435482009183e-07	-0.11056813763254868	0.024652886774501056	0.15701237777481447	-0.41831239807118503	0.19717612280608765	-2.42587636214208	-2.1758471722393447
species	species:Alistipes onderdonkii	LeeKA_2022	163	77	86	0.147239263803681	2.684435482009183e-07	-0.19024932135308747	0.02472732618821466	0.1572492486093802	-0.49845784862747267	0.11795920592129772	-2.388549003932792	-1.9222966023219767
species	species:Bifidobacterium catenulatum	LeeKA_2022	163	77	86	0.1656441717791411	2.684435482009183e-07	0.23280429870601635	0.024783236241695063	0.1574269234968881	-0.07575247134788435	0.5413610687599171	-1.2208551610441585	-2.018839161872992
species	species:Paraprevotella clara	LeeKA_2022	163	77	86	0.1165644171779141	2.684435482009183e-07	-0.2051757673047256	0.02474565628515184	0.15730752138773227	-0.5134985092246809	0.10314697461522965	-2.613257851381817	-2.1731170239600117
species	species:Actinomyces johnsonii	LeeKA_2022	163	77	86	0.2392638036809816	2.684435482009183e-07	0.018890954899553697	0.024616028250021203	0.1568949592881212	-0.28862316530516385	0.3264050751042712	-1.7404574690214294	-1.7881669638427735
species	species:Ruminococcus callidus	LeeKA_2022	163	77	86	0.17177914110429449	2.684435482009183e-07	-0.2034344474692113	0.02474344659238172	0.15730049774994903	-0.5117434230591114	0.10487452812068881	-2.2673029766864587	-1.781086950418085
species	species:Streptococcus sp. A12	LeeKA_2022	163	77	86	0.22085889570552147	2.684435482009183e-07	-0.08836673690772044	0.024639170523358782	0.15696869281279877	-0.396025374820806	0.2192919010053651	-2.0313391781402874	-1.8175553997805778
species	species:Scardovia wiggsiae	LeeKA_2022	163	77	86	0.22085889570552147	2.684435482009183e-07	0.12454153955459418	0.02466308951367838	0.15704486465236098	-0.1832663951640333	0.4323494742732217	-1.7033480429154164	-2.02773861433672
species	species:Faecalitalea cylindroides	LeeKA_2022	163	77	86	0.2331288343558282	2.684435482009183e-07	0.05267037782785287	0.024623535394504157	0.15691888157422024	-0.25489063005761875	0.3602313857133245	-0.8753386167827457	-1.0873355383610144
species	species:Desulfovibrionaceae bacterium	LeeKA_2022	163	77	86	0.12883435582822086	2.684435482009183e-07	-0.07461619797008517	0.0246322105755569	0.15694652138724483	-0.382231379889085	0.23299898394891466	-2.349440012804117	-2.171589024035686
species	species:Propionibacterium acidifaciens	LeeKA_2022	163	77	86	0.2085889570552147	2.684435482009183e-07	-0.04243979830094104	0.024620513555309424	0.15690925261216887	-0.349981933420792	0.26510233681890993	-1.881354769554917	-1.7698390657759087
species	species:Actinomyces massiliensis	LeeKA_2022	163	77	86	0.2392638036809816	2.684435482009183e-07	0.12621226713930525	0.024664390573621905	0.15704900691701906	-0.1816037864180521	0.43402832069666264	-1.5692564949463899	-1.8853050952815353
species	species:Eubacterium sp. CAG:274	LeeKA_2022	163	77	86	0.2147239263803681	2.684435482009183e-07	0.030352287301558926	0.024617781023833062	0.15690054500808168	-0.27717278091428116	0.337877355517399	-1.4530987005390201	-1.5518040493074066
species	species:Ruminococcus bromii	MatsonV_2018	38	14	24	0.3684210526315789	2.587567153836559e-07	0.07546905508191244	0.11317434334905693	0.3364139464247238	-0.5839022799105461	0.7348403900743711	1.193588167648145	0.7874365506414421
species	species:Alistipes finegoldii	MatsonV_2018	38	14	24	0.8421052631578947	2.587567153836559e-07	-0.40164342306093404	0.11533575808535065	0.3396111866316401	-1.0672813488589485	0.26399450273708047	4.74894446152939	6.320566396921746
species	species:Alistipes putredinis	MatsonV_2018	38	14	24	0.631578947368421	2.587567153836559e-07	-0.2819106999721301	0.11419903868911	0.33793348263986805	-0.9442603259462714	0.3804389260020113	3.4722989786239435	5.091919150833985
species	species:Anaerobutyricum hallii	MatsonV_2018	38	14	24	0.7105263157894737	2.587567153836559e-07	0.4484613954482576	0.11588853841756308	0.34042405675504644	-0.2187697557916335	1.1156925466881487	5.134244215270219	3.204454058102948
species	species:Bacteroides uniformis	MatsonV_2018	38	14	24	0.9736842105263158	2.587567153836559e-07	0.07505188085856998	0.11317347121774378	0.33641265020469097	-0.5843169135426244	0.7344206752597643	8.852834291240871	8.601629927661726
species	species:Faecalibacterium prausnitzii	MatsonV_2018	38	14	24	0.8947368421052632	2.587567153836559e-07	-0.11721523905544384	0.11328606326561066	0.33657995077783626	-0.7769119425800028	0.5424814644691152	6.723042401826078	7.12507887011692
species	species:Dorea longicatena	MatsonV_2018	38	14	24	0.5526315789473685	2.587567153836559e-07	-0.2034051651315459	0.11366987227860187	0.33714962891660116	-0.8642184378080842	0.4574081075449923	1.8179115438538909	2.836396364476905
species	species:Barnesiella intestinihominis	MatsonV_2018	38	14	24	0.3157894736842105	2.587567153836559e-07	0.6541185496119307	0.1190378919417161	0.34501868346760023	-0.02211806998456567	1.3303551692084272	2.744244340184416	-0.5478896881201557
species	species:Blautia obeum	MatsonV_2018	38	14	24	0.7368421052631579	2.587567153836559e-07	-0.3727646818351296	0.11502514792889984	0.33915357572772226	-1.0375056902614652	0.29197632659120604	2.6603473327816674	4.070992586879893
species	species:Blautia wexlerae	MatsonV_2018	38	14	24	0.7631578947368421	2.587567153836559e-07	-0.05438781043287574	0.11313632189973369	0.336357431759332	-0.7136483766811665	0.604872755815415	3.2302858104396828	3.4451686137894373
species	species:Lachnospira eligens	MatsonV_2018	38	14	24	0.631578947368421	2.587567153836559e-07	-0.020264806485223594	0.11310094173943093	0.3363048345466222	-0.6794222821966031	0.638892669226156	3.222304514352975	3.3214874313081384
species	species:Roseburia hominis	MatsonV_2018	38	14	24	0.7105263157894737	2.587567153836559e-07	-0.26422096026702496	0.11406485914863294	0.33773489477492985	-0.9261813540258874	0.39773943349183755	2.540728091645947	3.639593349366478
species	species:[Eubacterium] rectale	MatsonV_2018	38	14	24	0.6842105263157895	2.587567153836559e-07	0.41146161203150083	0.11544663612545422	0.33977439003764576	-0.2544961924422849	1.0774194165052866	5.347760377397514	3.3479951762503646
species	species:Collinsella aerofaciens	MatsonV_2018	38	14	24	0.7105263157894737	2.587567153836559e-07	0.11163848827213083	0.11326833742945597	0.33655361746600787	-0.5480066019612445	0.7712835785055062	4.149278777599439	3.6411540257987114
species	species:Fusicatenibacter saccharivorans	MatsonV_2018	38	14	24	0.6842105263157895	2.587567153836559e-07	0.04420673236778325	0.11312238025060806	0.33633670666552	-0.6150132126966359	0.7034266774322024	3.622319671871935	3.4252451174444336
species	species:Parabacteroides merdae	MatsonV_2018	38	14	24	0.7368421052631579	2.587567153836559e-07	0.5662477830887349	0.11754852353763959	0.34285350156829314	-0.10574507998511962	1.2382406461625894	6.943583497769458	4.047744858530828
species	species:Phocaeicola vulgatus	MatsonV_2018	38	14	24	1.0	2.587567153836559e-07	0.0894173724447744	0.11320628624100097	0.33646141865153123	-0.5700470081122267	0.7488817530017756	8.857825533033688	8.566066273118235
species	species:Ruminococcus bicirculans	MatsonV_2018	38	14	24	0.3684210526315789	2.587567153836559e-07	-0.28089317832662347	0.11419108500677187	0.337921714316751	-0.9432197383874554	0.38143338173420843	-0.26051334482368244	1.124252914996255
species	species:Methanobrevibacter smithii	MatsonV_2018	38	14	24	0.23684210526315788	2.587567153836559e-07	0.212580102437533	0.11372288115013188	0.3372282330264355	-0.4483872342942806	0.8735474391693466	-0.28615399034680605	-1.1255526604976
species	species:Parabacteroides distasonis	MatsonV_2018	38	14	24	0.8421052631578947	2.587567153836559e-07	-0.22111000920002244	0.11377426081979967	0.33730440379544363	-0.882226640639092	0.4400066222390471	5.870936049833325	6.83561726166996
species	species:Firmicutes bacterium CAG:83	MatsonV_2018	38	14	24	0.5263157894736842	2.587567153836559e-07	-0.15164275790759335	0.11341462040115227	0.3367708722576112	-0.8117136675325114	0.5084281517173246	1.0462915649450186	1.7039828883616452
species	species:Dorea formicigenerans	MatsonV_2018	38	14	24	0.6052631578947368	2.587567153836559e-07	0.38236217287310764	0.1151258051958526	0.33930193809622217	-0.28266962579548777	1.047393971541703	3.5425730378933933	1.9014134143309673
species	species:Eisenbergiella massiliensis	MatsonV_2018	38	14	24	0.6842105263157895	2.587567153836559e-07	-0.6631819087425818	0.11920371370750829	0.34525890822324673	-1.3398893688601454	0.013525551374981792	0.3020561829731477	2.71608106226917
species	species:Anaerostipes hadrus	MatsonV_2018	38	14	24	0.8157894736842105	2.587567153836559e-07	-0.33682731451956893	0.11467096920366121	0.3386310222109918	-1.0005441180531127	0.32688948901397497	4.297911112027425	5.646403660101755
species	species:Ruthenibacterium lactatiformans	MatsonV_2018	38	14	24	0.9736842105263158	2.587567153836559e-07	0.11471795522035881	0.11327801877926505	0.33656800023065925	-0.5449553252317333	0.7743912356724508	6.052069591821182	5.8036744481850695
species	species:Odoribacter splanchnicus	MatsonV_2018	38	14	24	0.6842105263157895	2.587567153836559e-07	-0.010897949782888631	0.11309688761342518	0.33629880703538806	-0.6700436115722492	0.648247712006472	4.0312995635557485	4.083349861580363
species	species:Escherichia coli	MatsonV_2018	38	14	24	0.7631578947368421	2.587567153836559e-07	0.24060053729277156	0.1138992466861488	0.33748962456073933	-0.4208791268462776	0.9020802014318207	5.1996906343977765	4.0684135833815995
species	species:Adlercreutzia equolifaciens	MatsonV_2018	38	14	24	0.7631578947368421	2.587567153836559e-07	-0.9588138999253902	0.12586362829926775	0.3547726431100174	-1.6541682804210243	-0.2634595194297562	1.12018900712931	3.8795550166688693
species	species:[Clostridium] leptum	MatsonV_2018	38	14	24	0.7631578947368421	2.587567153836559e-07	-0.1928233545515822	0.11361163873496762	0.3370632562813212	-0.8534673368629717	0.4678206277598074	1.8768126039125654	2.5202211774382897
species	species:Clostridium sp. CAG:58	MatsonV_2018	38	14	24	0.7631578947368421	2.587567153836559e-07	-0.6874177953578708	0.11965833844766414	0.3459166640213567	-1.36541445683973	-0.009421133876011734	1.715784131788945	3.931217740038448
species	species:Coprococcus catus	MatsonV_2018	38	14	24	0.3157894736842105	2.587567153836559e-07	0.39013624547030734	0.11520921434565015	0.3394248287112334	-0.2751364188037101	1.0554089097443247	0.3292802878016449	-1.0576368686176236
species	species:Adlercreutzia equolifaciens_1	MatsonV_2018	38	14	24	0.7631578947368421	2.587567153836559e-07	-0.9618114506357067	0.12594358901987646	0.3548853181238644	-1.6573866741584808	-0.2662362271129325	0.9353996318606262	3.6724481468495203
species	species:Roseburia faecis	MatsonV_2018	38	14	24	0.6842105263157895	2.587567153836559e-07	0.23969869243992176	0.11389323063909099	0.33748071150673337	-0.4217635021132757	0.9011608869931191	4.252830509884354	3.1397791791503216
species	species:Bacteroides thetaiotaomicron	MatsonV_2018	38	14	24	0.631578947368421	2.587567153836559e-07	-0.3774439339635881	0.11507390369643128	0.3392254467112267	-1.0423258095175925	0.28743794159041614	2.588893215868243	4.617880776141793
species	species:Bacteroides caccae	MatsonV_2018	38	14	24	0.5	2.587567153836559e-07	0.21546912712103378	0.11374005677221449	0.3372536979370493	-0.4455481208355829	0.8764863750776504	3.630614652330819	2.349780622482939
species	species:Phocaeicola massiliensis	MatsonV_2018	38	14	24	0.18421052631578946	2.587567153836559e-07	-0.13125400201068002	0.11333451049862447	0.33665191295851044	-0.7910917514093605	0.5285837473880004	-1.30279359352967	-0.7237011448277085
species	species:Streptococcus salivarius	MatsonV_2018	38	14	24	0.8947368421052632	2.587567153836559e-07	0.21106058054063126	0.11371394043771238	0.3372149765916579	-0.44988077357901823	0.8720019346602808	3.9931165353719966	3.3778912559512904
species	species:Holdemania filiformis	MatsonV_2018	38	14	24	0.631578947368421	2.587567153836559e-07	-0.717814870942197	0.12025160183059591	0.346773127318995	-1.3974902004874272	-0.038139541396966736	-0.11423675333616659	1.9534503353578279
species	species:Bifidobacterium adolescentis	MatsonV_2018	38	14	24	0.34210526315789475	2.587567153836559e-07	0.5150578994022511	0.11677974698046947	0.3417305180701154	-0.15473391601517505	1.1848497148196773	1.7682637309743843	-0.5389486950505716
species	species:Streptococcus mutans	MatsonV_2018	38	14	24	0.3157894736842105	2.587567153836559e-07	0.4209060590332076	0.11555582018594457	0.33993502347646465	-0.2453665869806631	1.0871787050470783	0.008913747188817212	-1.3142350352664047
species	species:Roseburia inulinivorans	MatsonV_2018	38	14	24	0.7105263157894737	2.587567153836559e-07	-0.16174612019451973	0.11345859653132115	0.33683615680523543	-0.8219449875327811	0.49845274714374166	3.0545737405352456	3.762025140848784
species	species:Dorea sp. CAG:317	MatsonV_2018	38	14	24	0.7368421052631579	2.587567153836559e-07	0.08924429094759279	0.11320585675449836	0.3364607804105827	-0.5702188386571493	0.7487074205523349	3.1812307546489342	2.8105259029053324
species	species:Lachnospira pectinoschiza	MatsonV_2018	38	14	24	0.5789473684210527	2.587567153836559e-07	0.06055199120652296	0.11314616231244747	0.33637205935161657	-0.5987372451226455	0.7198412275356915	2.6985172787136364	2.3943790426708467
species	species:Roseburia intestinalis	MatsonV_2018	38	14	24	0.7105263157894737	2.587567153836559e-07	-0.5094995528045344	0.11670065190507171	0.3416147712044544	-1.179064504365265	0.1600653987561962	2.061533031502424	4.243592829777785
species	species:Alistipes indistinctus	MatsonV_2018	38	14	24	0.3157894736842105	2.587567153836559e-07	0.23324687477537207	0.11385085065902252	0.33741791692057865	-0.42809224238896204	0.8945859919397062	0.21843643380881822	-0.6831656309846657
species	species:Proteobacteria bacterium CAG:139	MatsonV_2018	38	14	24	0.5526315789473685	2.587567153836559e-07	-0.22783957746580963	0.11381622244329086	0.3373665994779134	-0.8890781124425199	0.43339895751090063	0.8086346758392846	1.8122060580145691
species	species:Bacteroides stercoris	MatsonV_2018	38	14	24	0.2894736842105263	2.587567153836559e-07	0.27608520775778217	0.11415389145555278	0.33786667704222145	-0.3861334792449718	0.9383038947605362	1.116590080906182	-0.36864114167965734
species	species:Bacteroides fragilis	MatsonV_2018	38	14	24	0.47368421052631576	2.587567153836559e-07	0.08136296548097047	0.11318718159734723	0.3364330269122626	-0.5780457672670642	0.7407716982290051	1.8123618515482736	1.399987805848969
species	species:Coprococcus comes	MatsonV_2018	38	14	24	0.5526315789473685	2.587567153836559e-07	-0.5108644678487145	0.1167199951023263	0.3416430814495243	-1.1804849074897823	0.15875597179235312	0.7164013835014412	3.0441580766246914
species	species:Bacteroides salyersiae	MatsonV_2018	38	14	24	0.21052631578947367	2.587567153836559e-07	0.1496397549711556	0.1134062388767357	0.336758428070829	-0.5104067640476693	0.8096862739899804	-0.46444512230086193	-1.0841434714521154
species	species:Streptococcus thermophilus	MatsonV_2018	38	14	24	0.8421052631578947	2.587567153836559e-07	0.0454997351121045	0.11312399123267243	0.3363391015518006	-0.6137249039294247	0.7047243741536336	3.552468931150858	3.3920935626950826
species	species:Anaeromassilibacillus sp. An250	MatsonV_2018	38	14	24	0.34210526315789475	2.587567153836559e-07	0.24805659338945996	0.11394985022751565	0.3375645867497295	-0.4135699966400098	0.9096831834189297	-0.5704165552309944	-1.2941592325386098
species	species:Gordonibacter pamelaeae	MatsonV_2018	38	14	24	0.8421052631578947	2.587567153836559e-07	-0.2867588400886685	0.11423733021147418	0.33799013330491495	-0.9492195013663017	0.3757018211889648	2.491794048088866	3.3228541233235442
species	species:Streptococcus parasanguinis	MatsonV_2018	38	14	24	0.8157894736842105	2.587567153836559e-07	0.08277056685598587	0.11319039041103894	0.33643779575285376	-0.5766475128196076	0.7421886465315792	2.932600160863546	2.661361344874969
species	species:Butyricimonas synergistica	MatsonV_2018	38	14	24	0.34210526315789475	2.587567153836559e-07	-0.21070875977649867	0.11371187950421796	0.3372119207623271	-0.8716441244706596	0.45022660491766237	-0.7933899197752731	0.010153328850516452
species	species:Eubacterium ventriosum	MatsonV_2018	38	14	24	0.3157894736842105	2.587567153836559e-07	0.20155884095632007	0.1136594876281222	0.3371342279094815	-0.45922424574626364	0.8623419276589037	0.33897852161827335	-0.47427478840704546
species	species:Bacteroides cellulosilyticus	MatsonV_2018	38	14	24	0.5263157894736842	2.587567153836559e-07	-0.38136971551192	0.11511527781620536	0.339286424450206	-1.0463711074343238	0.2836316764104838	1.3253722275806321	3.4590202084689614
species	species:Clostridium sp. CAG:242	MatsonV_2018	38	14	24	0.21052631578947367	2.587567153836559e-07	-0.2488063140266858	0.11395502395495401	0.33757224997762186	-0.9104479239828247	0.41283529592945306	-1.6957248045900777	-0.7833783840532421
species	species:Bacteroides finegoldii	MatsonV_2018	38	14	24	0.13157894736842105	2.587567153836559e-07	-0.2542336463835119	0.11399294291403611	0.33762840951856543	-0.9159853290399003	0.40751803627287636	-2.2575888280754106	-1.3440202498042677
species	species:Akkermansia muciniphila	MatsonV_2018	38	14	24	0.6578947368421053	2.587567153836559e-07	0.06773113953154795	0.11315895347388034	0.33639107222677644	-0.5915953620329338	0.7270576410960298	3.280332198449453	2.9215339052231486
species	species:Gemmiger formicilis	MatsonV_2018	38	14	24	0.5789473684210527	2.587567153836559e-07	0.6060348771884565	0.11819632521147182	0.34379692437756304	-0.06780709459156709	1.2798768489684802	2.4066291966120796	0.310059344224863
species	species:Bilophila wadsworthia	MatsonV_2018	38	14	24	0.6578947368421053	2.587567153836559e-07	-0.1506622602023962	0.11341050360425607	0.33676476003919426	-0.810721189879217	0.5093966694744245	1.958803906229317	2.5291096267802753
species	species:Ruminococcaceae bacterium D5	MatsonV_2018	38	14	24	0.39473684210526316	2.587567153836559e-07	-0.18561370180714032	0.11357374429382906	0.33700703893810446	-0.846147498125825	0.4749200945115444	-0.7972192775261878	-0.19672140181276218
species	species:Eisenbergiella tayi	MatsonV_2018	38	14	24	0.5789473684210527	2.587567153836559e-07	-0.030952055202147975	0.11310854406358861	0.33631613708472063	-0.6901316838882003	0.6282275734839045	0.5043698458041935	0.6120078934287556
species	species:Bacteroides intestinalis	MatsonV_2018	38	14	24	0.3157894736842105	2.587567153836559e-07	-0.5080411274570455	0.11668004069506901	0.3415846025438925	-1.1775469484430747	0.16146469352898374	-1.2867163974352442	1.3028099137237577
species	species:Anaerotruncus colihominis	MatsonV_2018	38	14	24	0.7894736842105263	2.587567153836559e-07	-0.1095287667456891	0.11326185685558297	0.33654398948069625	-0.7691549861278537	0.5500974526364755	2.550971882512588	2.921329603467413
species	species:Parasutterella excrementihominis	MatsonV_2018	38	14	24	0.5789473684210527	2.587567153836559e-07	-0.35114570079801216	0.11480778397286208	0.33883297356199277	-1.015258328979518	0.3129669273834937	1.2729310373237017	2.9795908909365285
species	species:Christensenella minuta	MatsonV_2018	38	14	24	0.3157894736842105	2.587567153836559e-07	-0.6088579237661633	0.11824395991930536	0.34386619478992897	-1.282835665554424	0.06511981802209743	-2.271699129719304	-0.844313958753284
species	species:Blautia hydrogenotrophica	MatsonV_2018	38	14	24	0.5263157894736842	2.587567153836559e-07	-0.3059092785737695	0.11439496707742593	0.3382232503501584	-0.9688268492600799	0.3570082921125409	-0.13268986322097698	0.9821782935415982
species	species:Eggerthella lenta	MatsonV_2018	38	14	24	0.8421052631578947	2.587567153836559e-07	-0.2299438615219422	0.11382960169873285	0.33738642785200007	-0.8912212601118623	0.43133353706797783	3.0597409422236095	3.844991816197292
species	species:Erysipelatoclostridium ramosum	MatsonV_2018	38	14	24	0.6842105263157895	2.587567153836559e-07	0.16688304647867447	0.11348204297304369	0.33687095893389757	-0.4933840330317647	0.8271501259891136	2.6321511696389632	1.930162306334231
species	species:Intestinimonas butyriciproducens	MatsonV_2018	38	14	24	0.6842105263157895	2.587567153836559e-07	-0.5149320507533923	0.11677794666319774	0.34172788394159137	-1.1847187032789113	0.15485460177212673	1.040121288148158	2.994236179415869
species	species:Anaerofustis stercorihominis	MatsonV_2018	38	14	24	0.21052631578947367	2.587567153836559e-07	-0.5653792416806955	0.1175348726358414	0.34283359321373597	-1.237333084379618	0.10657460101822691	-2.4911816594673217	-0.948473356933209
species	species:Alistipes shahii	MatsonV_2018	38	14	24	0.6842105263157895	2.587567153836559e-07	-0.18354678643925607	0.11356314674540724	0.3369913155341058	-0.8440497648861034	0.4769561920075913	2.53721408055589	3.3402533175662916
species	species:Firmicutes bacterium CAG:145	MatsonV_2018	38	14	24	0.5263157894736842	2.587567153836559e-07	-0.805290591956526	0.12210208444931715	0.3494310868387602	-1.490175522160496	-0.12040566175255607	-1.0310500461695544	1.8845575043017
species	species:Eubacterium sp. CAG:38	MatsonV_2018	38	14	24	0.5263157894736842	2.587567153836559e-07	0.313196230814282	0.11445762530351966	0.33831586617171777	-0.34990286688228484	0.9762953285108489	2.090389432905524	0.7812718035923462
species	species:Turicibacter sanguinis	MatsonV_2018	38	14	24	0.10526315789473684	2.587567153836559e-07	-0.14567197649245134	0.11338996482767166	0.3367342644098929	-0.8056711347358414	0.5143271817509387	-2.6521673557260326	-2.45983098462076
species	species:Bacteroides xylanisolvens	MatsonV_2018	38	14	24	0.5789473684210527	2.587567153836559e-07	-0.04381513553329437	0.11312190151331866	0.3363359949712767	-0.7030336856769968	0.6154034146104079	2.324814518887987	2.565973685887783
species	species:[Clostridium] innocuum	MatsonV_2018	38	14	24	0.6842105263157895	2.587567153836559e-07	0.13353175567474534	0.11334288711987114	0.3366643538004449	-0.5263303777741266	0.7933938891236174	2.3457389783131926	1.8242045913415297
species	species:Eubacterium ramulus	MatsonV_2018	38	14	24	0.4473684210526316	2.587567153836559e-07	-0.3523986026334277	0.11482002663882132	0.33885103901098096	-1.0165466390949502	0.31174943382809495	-0.07766729464818699	1.408187073654072
species	species:[Ruminococcus] gnavus	MatsonV_2018	38	14	24	0.8947368421052632	2.587567153836559e-07	-0.24680231523452048	0.11394122952308698	0.3375518175378219	-0.9084038776086513	0.41479924713961036	3.6836196903338183	4.537801002759284
species	species:Firmicutes bacterium CAG:94	MatsonV_2018	38	14	24	0.2894736842105263	2.587567153836559e-07	-0.15364285073844042	0.11342310095055802	0.3367834630004241	-0.8137384382192716	0.5064527367423908	-1.1586150671456503	-0.6350473303137708
species	species:Hungatella hathewayi	MatsonV_2018	38	14	24	0.47368421052631576	2.587567153836559e-07	-0.2204162845567121	0.11377000668548512	0.33729809766063773	-0.8815205559715621	0.4406879868581378	-0.6457804609648595	0.15019136747922324
species	species:Butyricimonas virosa	MatsonV_2018	38	14	24	0.39473684210526316	2.587567153836559e-07	-0.22460339673785285	0.11379588650949062	0.3373364589093367	-0.8857828562001528	0.4365760627244471	-0.17814008392217412	0.7710563801426469
species	species:Lactococcus lactis	MatsonV_2018	38	14	24	0.34210526315789475	2.587567153836559e-07	-0.23977446366946098	0.11389373522618224	0.3374814590850618	-0.901238123476182	0.4216891961372601	-1.3847500563372417	-0.7081688959423843
species	species:Coprobacillus cateniformis	MatsonV_2018	38	14	24	0.18421052631578946	2.587567153836559e-07	-0.438783056590957	0.1157692738001173	0.34024884099746366	-1.1056707849459857	0.22810467176407173	-2.4405655458126683	-1.1966396628662241
species	species:Klebsiella variicola	MatsonV_2018	38	14	24	0.23684210526315788	2.587567153836559e-07	0.23677307439543768	0.11387386988355293	0.33745202604748564	-0.42463289665763415	0.8981790454485096	-1.0091677717457739	-1.7053762660420333
species	species:Streptococcus vestibularis	MatsonV_2018	38	14	24	0.3157894736842105	2.587567153836559e-07	-0.01907177834306949	0.11310028993869875	0.3363038654828379	-0.6782273546894318	0.6400837980032928	-0.7763280370805461	-0.7141419604309497
species	species:Bifidobacterium longum	MatsonV_2018	38	14	24	0.5789473684210527	2.587567153836559e-07	0.5322580401560735	0.117029941168999	0.34209639163399397	-0.13825088744655467	1.2027669677587016	3.8586504336197507	1.4009076708022141
species	species:Rothia mucilaginosa	MatsonV_2018	38	14	24	0.13157894736842105	2.587567153836559e-07	-0.10152542631655824	0.11323839659785975	0.336509133008095	-0.7610833270124244	0.5580324743793079	-2.294832767262669	-2.094449375615744
species	species:Klebsiella pneumoniae	MatsonV_2018	38	14	24	0.21052631578947367	2.587567153836559e-07	0.4648362095324937	0.11609624784096777	0.34072899471716195	-0.20299262011314367	1.1326650391781312	-0.3731090903650839	-1.8858185235816272
species	species:Intestinibacter bartlettii	MatsonV_2018	38	14	24	0.5789473684210527	2.587567153836559e-07	0.3132902990680416	0.11445844381037897	0.33831707584805554	-0.34981116959414726	0.9763917677302305	2.236713375575751	0.9333357754854963
species	species:Streptococcus gordonii	MatsonV_2018	38	14	24	0.23684210526315788	2.587567153836559e-07	0.3131372534755778	0.11445711225515794	0.3383151079321731	-0.34996035807148146	0.9762348650226371	-0.7321225940017725	-1.65874484677549
species	species:Ruminococcaceae bacterium D16	MatsonV_2018	38	14	24	0.23684210526315788	2.587567153836559e-07	-0.5677246097309727	0.11757178299099066	0.3428874202868788	-1.239783953493255	0.10433473403130966	-2.5210900666864395	-1.0289395087226667
species	species:Enterococcus faecalis	MatsonV_2018	38	14	24	0.13157894736842105	2.587567153836559e-07	0.8720955421641983	0.1236584413544418	0.3516510221148828	0.18285953881902794	1.5613315455093686	-0.5936792305464981	-2.6437332426754363
species	species:[Clostridium] symbiosum	MatsonV_2018	38	14	24	0.6578947368421053	2.587567153836559e-07	0.02339611381925689	0.11310284056943037	0.3363076576134275	-0.6357668951030611	0.6825591227415748	1.6578012780224758	1.567040610955683
species	species:Agathobaculum butyriciproducens	MatsonV_2018	38	14	24	0.5789473684210527	2.587567153836559e-07	-0.02661379951512822	0.11310507551641354	0.336310980368488	-0.6857833210373647	0.6325557220071083	1.8896785304283539	2.006311478185392
species	species:Actinomyces sp. ICM47	MatsonV_2018	38	14	24	0.10526315789473684	2.587567153836559e-07	0.3115013473130998	0.11444291989215305	0.3382941322165566	-0.35155515183135105	0.9745578464575506	-1.899512898002339	-2.5281714075776205
species	species:Adlercreutzia caecimuris	MatsonV_2018	38	14	24	0.3157894736842105	2.587567153836559e-07	-1.018560592371132	0.12750448365539688	0.3570776997453032	-1.7184328838719263	-0.31868830087033784	-2.7851571627265446	-1.0234014982987454
species	species:Bacteroides ovatus	MatsonV_2018	38	14	24	0.9210526315789473	2.587567153836559e-07	0.4460782896846451	0.11585893032479334	0.3403805669023914	-0.22106762144404196	1.1132242008133322	7.434804780417837	5.757350709745748
species	species:Enterocloster citroniae	MatsonV_2018	38	14	24	0.6578947368421053	2.587567153836559e-07	-0.24298416894045988	0.11391525623906706	0.33751334231266633	-0.9045103198732858	0.4185419819923661	0.16106046989990194	0.887246770354215
species	species:Enterocloster clostridioformis	MatsonV_2018	38	14	24	0.6052631578947368	2.587567153836559e-07	0.27632569034902665	0.11415573652783347	0.3378694075050795	-0.3858983483609292	0.9385497290589825	2.1775805551646092	1.0324280438350681
species	species:Roseburia sp. CAG:471	MatsonV_2018	38	14	24	0.34210526315789475	2.587567153836559e-07	0.07244658841593543	0.11316813404208682	0.33640471762757257	-0.5869066581341068	0.7317998349659777	-1.4279421728970678	-1.5807696899782329
species	species:Enterocloster asparagiformis	MatsonV_2018	38	14	24	0.2631578947368421	2.587567153836559e-07	-0.2748391086816392	0.11414435664608417	0.3378525664340648	-0.9370301388924062	0.3873519215291278	-1.919581118351021	-1.1089249700177641
species	species:Lawsonibacter asaccharolyticus	MatsonV_2018	38	14	24	0.868421052631579	2.587567153836559e-07	0.16233308793011283	0.11346123853186206	0.3368400785712147	-0.4978734660694679	0.8225396419296935	4.018271859528545	3.536558916357467
species	species:Flavonifractor plautii	MatsonV_2018	38	14	24	1.0	2.587567153836559e-07	-0.37506620839748384	0.11504905282692789	0.33918881589304783	-1.0398762875478575	0.2897438707528899	5.386659972790796	6.162906778179262
species	species:Clostridiales bacterium 1_7_47FAA	MatsonV_2018	38	14	24	0.18421052631578946	2.587567153836559e-07	0.3647302127048056	0.11494285098495605	0.3390322270595467	-0.299772952331906	1.0292333777415172	-1.7615619887697778	-2.4305513417808684
species	species:[Clostridium] scindens	MatsonV_2018	38	14	24	0.39473684210526316	2.587567153836559e-07	-0.034123901680941995	0.11311141088226491	0.336320399146803	-0.6933118840086759	0.6250640806467919	-0.7540349033865356	-0.645980946333273
species	species:Enterococcus faecium	MatsonV_2018	38	14	24	0.10526315789473684	2.587567153836559e-07	0.902353176728061	0.12440414442233842	0.3527097169377935	0.21104213152998574	1.5936642219261363	-0.34637340834650604	-2.8960015688522507
species	species:Collinsella intestinalis	MatsonV_2018	38	14	24	0.18421052631578946	2.587567153836559e-07	0.16968106897310822	0.11349512233368055	0.33689037138760813	-0.49062405894660377	0.8299861968928202	-1.2841198960593805	-1.7928262277238893
species	species:Harryflintia acetispora	MatsonV_2018	38	14	24	0.39473684210526316	2.587567153836559e-07	0.09659568029325494	0.11322483150428417	0.3364889767946109	-0.5629227142241824	0.7561140748106923	-0.4992908775123274	-0.7804518441280702
species	species:Christensenella hongkongensis	MatsonV_2018	38	14	24	0.15789473684210525	2.587567153836559e-07	-0.0761208698466971	0.11317571569004668	0.3364159860798037	-0.7354962025631123	0.5832544628697182	-2.1498376835761497	-1.9776184141169562
species	species:Paraprevotella xylaniphila	MatsonV_2018	38	14	24	0.21052631578947367	2.587567153836559e-07	0.2182562058248544	0.11375684603108617	0.337278588159827	-0.44280982696840643	0.8793222386181152	-0.06528612107958269	-1.0814782938105172
species	species:Blautia sp. CAG:257	MatsonV_2018	38	14	24	0.8157894736842105	2.587567153836559e-07	0.006667679838840018	0.11309585556682744	0.33629727261282905	-0.652474974482305	0.6658103341599849	3.2168316902935836	3.1894837120240513
species	species:Klebsiella quasipneumoniae	MatsonV_2018	38	14	24	0.15789473684210525	2.587567153836559e-07	0.3193692973944383	0.11451185959688	0.338396010019149	-0.3438868822430937	0.9826254770319703	-1.2681943601571437	-2.134585750839998
species	species:Enterocloster lavalensis	MatsonV_2018	38	14	24	0.631578947368421	2.587567153836559e-07	-0.24236406238443675	0.11391107613323097	0.33750714975127705	-0.9038780758969398	0.4191499511280663	0.3978686322644614	1.2091182563072203
species	species:Turicimonas muris	MatsonV_2018	38	14	24	0.4473684210526316	2.587567153836559e-07	-0.19861784928080348	0.11364314156819548	0.33710998437927564	-0.8593534186641838	0.4621177201025768	-0.5843506377961425	0.17176750180778258
species	species:Enterocloster bolteae	MatsonV_2018	38	14	24	0.868421052631579	2.587567153836559e-07	-0.014157823268151518	0.11309802203912271	0.33630049366470266	-0.6733067908509687	0.6449911443146656	2.9011006564205735	2.949273312547168
species	species:[Eubacterium] siraeum	MatsonV_2018	38	14	24	0.4473684210526316	2.587567153836559e-07	-0.15916284493181707	0.1134470826953324	0.336819065219492	-0.8193282127620214	0.5010025228983872	1.0617075909566325	1.882984482470824
species	species:Schaalia odontolytica	MatsonV_2018	38	14	24	0.3157894736842105	2.587567153836559e-07	0.18898408965445002	0.11359127956943978	0.33703305411997764	-0.4716006964207061	0.8495688757296062	-0.9506685635120858	-1.446530702791695
species	species:Romboutsia ilealis	MatsonV_2018	38	14	24	0.23684210526315788	2.587567153836559e-07	-0.1492360123236484	0.11340456291988066	0.336755939695027	-0.8092776541259012	0.5108056294786045	-2.0004254896192526	-1.6859628425646893
species	species:Bacteroides faecis	MatsonV_2018	38	14	24	0.2631578947368421	2.587567153836559e-07	0.17416086332794023	0.11351651596072607	0.3369221215069234	-0.4862064948256296	0.8345282214815101	0.32250023329626093	-0.5333876203251567
species	species:Phocaeicola dorei	MatsonV_2018	38	14	24	0.7631578947368421	2.587567153836559e-07	-0.09113861496554053	0.11321060263881917	0.33646783299272337	-0.7506155676312783	0.5683383377001973	4.233940467464337	4.756739189516723
species	species:Oscillibacter sp. CAG:241	MatsonV_2018	38	14	24	0.23684210526315788	2.587567153836559e-07	0.7024072829882736	0.11994768241739044	0.3463346393553357	0.023591389851815636	1.3812231761247316	0.3328219721494987	-1.9453865657644815
species	species:[Ruminococcus] torques	MatsonV_2018	38	14	24	0.5526315789473685	2.587567153836559e-07	0.16764154604770867	0.11348556709470012	0.33687618956331733	-0.4926357854963933	0.8279188775918106	2.9176807922134356	2.087251933260426
species	species:Tyzzerella nexilis	MatsonV_2018	38	14	24	0.13157894736842105	2.587567153836559e-07	0.5331173538411698	0.11704265633088547	0.3421149753093037	-0.13742799776506542	1.203662705447405	-1.3077571058085589	-2.606355780044227
species	species:Veillonella dispar	MatsonV_2018	38	14	24	0.2894736842105263	2.587567153836559e-07	0.5267561906401405	0.11694901704492854	0.3419780943933815	-0.14352087437088723	1.197033255651168	-0.25535133404515065	-1.683676148986448
species	species:Mogibacterium diversum	MatsonV_2018	38	14	24	0.13157894736842105	2.587567153836559e-07	-0.06541627452276597	0.11315467266429974	0.33638470931999825	-0.7247303047899626	0.5938977557444306	-2.2198080849686925	-2.093573494221175
species	species:Bifidobacterium pseudocatenulatum	MatsonV_2018	38	14	24	0.18421052631578946	2.587567153836559e-07	0.09918869445101244	0.11323188249950054	0.3364994539364077	-0.5603502352643466	0.7587276241663714	-1.0177690602109741	-1.3963714024896738
species	species:Streptococcus sp. F0442	MatsonV_2018	38	14	24	0.13157894736842105	2.587567153836559e-07	0.4515909406623234	0.11592766000757534	0.34048151199085	-0.21575282283974262	1.1189347041643893	-1.7637800371151215	-2.535394672180715
species	species:Blautia producta	MatsonV_2018	38	14	24	0.42105263157894735	2.587567153836559e-07	-0.20019774368497473	0.11365189276991247	0.3371229638721048	-0.8609587528743001	0.4605632655043506	-0.6951131982565583	0.0507888214914232
species	species:Lacticaseibacillus rhamnosus	MatsonV_2018	38	14	24	0.18421052631578946	2.587567153836559e-07	0.03731231499958681	0.1131145743292746	0.3363251021396925	-0.6218848851942106	0.6965095151933841	-1.7663255819724883	-1.861435569961343
species	species:Lacrimispora saccharolytica	MatsonV_2018	38	14	24	0.15789473684210525	2.587567153836559e-07	-0.2694165090065786	0.1141033666414227	0.33779189842478863	-0.9314886299191643	0.3926556119060071	-2.2775583636018153	-1.4596230759131934
species	species:Actinomyces sp. HMSC035G02	MatsonV_2018	38	14	24	0.10526315789473684	2.587567153836559e-07	0.15762698481109433	0.11344032512774695	0.3368090336195675	-0.502518721083258	0.8177726907054466	-2.0817090899326636	-2.3834781731780232
species	species:Enterocloster aldenensis	MatsonV_2018	38	14	24	0.2894736842105263	2.587567153836559e-07	0.21747567193388342	0.11375212237139218	0.33727158547881286	-0.4435766356045898	0.8785279794723566	-0.9570079915374903	-1.6063337843257806
species	species:Bifidobacterium dentium	MatsonV_2018	38	14	24	0.21052631578947367	2.587567153836559e-07	-0.44560911216064675	0.11585311977357976	0.34037203142088474	-1.1127382937455808	0.2215200694242873	-2.2716485461336915	-0.9972969975125728
species	species:Parabacteroides johnsonii	MatsonV_2018	38	14	24	0.13157894736842105	2.587567153836559e-07	-0.437437642811877	0.1157529004750827	0.3402247793372533	-1.1042782103128936	0.22940292468913948	-2.659579649858206	-1.0562456562131246
species	species:Dialister invisus	MatsonV_2018	38	14	24	0.2894736842105263	2.587567153836559e-07	0.281706508619789	0.1141974402757763	0.3379311176494054	-0.38063848197304556	0.9440514992126237	-0.03937486158155444	-1.060496963742134
species	species:Actinomyces oris	MatsonV_2018	38	14	24	0.18421052631578946	2.587567153836559e-07	-0.17251366208143806	0.11350858481197071	0.33691035129833974	-0.832857950626184	0.4878306264633079	-1.9998917438646167	-1.5504942062972937
species	species:Lachnoclostridium sp. An138	MatsonV_2018	38	14	24	0.15789473684210525	2.587567153836559e-07	-0.43430385980045005	0.11571495813187099	0.34016901406781747	-1.1010351273733723	0.23242740777247217	-2.706117522537246	-1.922398751796738
species	species:Phascolarctobacterium faecium	MatsonV_2018	38	14	24	0.5526315789473685	2.587567153836559e-07	0.13405502914910614	0.1133448318569071	0.33666724203121856	-0.5258127652320822	0.7939228235302945	2.4022897306007738	1.7702536346235203
species	species:Blautia coccoides	MatsonV_2018	38	14	24	0.2894736842105263	2.587567153836559e-07	0.29416840010714596	0.11429711375664918	0.3380785615158837	-0.36846558046398614	0.956802380678278	-0.5543087609828453	-1.566421017137171
species	species:Sellimonas intestinalis	MatsonV_2018	38	14	24	0.47368421052631576	2.587567153836559e-07	0.22808158699369308	0.11381775490531534	0.33736887068209975	-0.4331613995432224	0.8893245735306086	1.1353630719250467	0.20017625391073446
species	species:Dielma fastidiosa	MatsonV_2018	38	14	24	0.47368421052631576	2.587567153836559e-07	-0.4000957754672835	0.11531852461672097	0.33958581333253746	-1.065683969599057	0.2654924186644899	-0.8770068951638267	0.4980954387273952
species	species:Anaerotignum lactatifermentans	MatsonV_2018	38	14	24	0.39473684210526316	2.587567153836559e-07	-0.4432129290419747	0.1158235394906543	0.3403285757773718	-1.1102569375656235	0.22383107948167408	-1.1550894700321805	0.503721276880116
species	species:Alloscardovia omnicolens	MatsonV_2018	38	14	24	0.10526315789473684	2.587567153836559e-07	-0.23779238776506492	0.11388058836855769	0.3374619806267925	-0.8992178697935782	0.4236330942634483	-2.618781197775934	-2.2070303743916693
species	species:Streptococcus mitis	MatsonV_2018	38	14	24	0.47368421052631576	2.587567153836559e-07	-0.1446448500162621	0.11338582327074125	0.3367281147613624	-0.8046319549485323	0.5153422549160083	-0.6504021769200404	-0.2233469175557107
species	species:Amedibacillus dolichus	MatsonV_2018	38	14	24	0.2894736842105263	2.587567153836559e-07	0.27293689538839433	0.11412988460724165	0.33783114807140213	-0.38921215483155386	0.9350859456083425	-0.6190225151631384	-1.385816915864437
species	species:Streptococcus oralis	MatsonV_2018	38	14	24	0.23684210526315788	2.587567153836559e-07	0.01952881650223982	0.11310053496571001	0.33630422977671576	-0.6396274738601231	0.6786851068646027	-1.661669282044634	-1.7071280613747497
species	species:Lactonifactor longoviformis	MatsonV_2018	38	14	24	0.13157894736842105	2.587567153836559e-07	-0.1327162258100235	0.11333987138125555	0.3366598749201567	-0.7925695806535307	0.5271371290334836	-2.4671282213721994	-2.199094885883843
species	species:Eubacterium dolichum CAG:375	MatsonV_2018	38	14	24	0.2894736842105263	2.587567153836559e-07	0.23961984134174866	0.11389270571141372	0.33747993379075697	-0.421840828888135	0.9010805115716323	-0.7048474364756192	-1.3709277866030074
species	species:[Clostridium] methylpentosum	MatsonV_2018	38	14	24	0.2631578947368421	2.587567153836559e-07	-0.16075321596990363	0.11345414915696958	0.33682955505265505	-0.8209391438731075	0.4994327119333002	-1.815779031685556	-1.4248484298210962
species	species:Alistipes inops	MatsonV_2018	38	14	24	0.13157894736842105	2.587567153836559e-07	-0.025294110945346133	0.11310412409591192	0.3363095658703628	-0.6844608600512573	0.6338726381605649	-1.8626219390413277	-1.7909025023538199
species	species:[Ruminococcus] lactaris	MatsonV_2018	38	14	24	0.2894736842105263	2.587567153836559e-07	-0.55377685571345	0.11735452706640304	0.34257047021949083	-1.225214977343652	0.11766126591675197	-1.661492272870111	0.8568289112104583
species	species:Oscillibacter sp. 57_20	MatsonV_2018	38	14	24	0.3684210526315789	2.587567153836559e-07	-0.1448780499214067	0.1133867610028635	0.33672950717580946	-0.8048678839859933	0.5151117841431798	0.020001783067235785	0.6830514678522892
species	species:Firmicutes bacterium CAG:110	MatsonV_2018	38	14	24	0.2631578947368421	2.587567153836559e-07	0.8447370693459632	0.12300608137756042	0.35072222823419735	0.1573215020069364	1.53215263668499	1.27313053562303	-1.8229759556298297
species	species:Parabacteroides goldsteinii	MatsonV_2018	38	14	24	0.3157894736842105	2.587567153836559e-07	-0.050121441978400724	0.11313012919171024	0.33634822608676	-0.7093639651084503	0.6091210811516489	-0.09142053589011656	0.1442842916774726
species	species:Coprobacter fastidiosus	MatsonV_2018	38	14	24	0.3157894736842105	2.587567153836559e-07	0.23085762063429646	0.1138354497758621	0.3373950944751007	-0.43043676453690083	0.8921520058054938	0.5978337018394217	-0.4607133160897126
species	species:Slackia isoflavoniconvertens	MatsonV_2018	38	14	24	0.13157894736842105	2.587567153836559e-07	0.6513735022406427	0.11898811919831088	0.3449465454216216	-0.024721726785735587	1.327468731267021	-0.892159626483574	-2.5253139970095653
species	species:Clostridium sp. CAG:167	MatsonV_2018	38	14	24	0.21052631578947367	2.587567153836559e-07	0.4462090274222893	0.11586055054180956	0.340382946902176	-0.2209415485059757	1.1133596033505544	-0.111838818764784	-1.6974823130346468
species	species:Lactobacillus rogosae	MatsonV_2018	38	14	24	0.34210526315789475	2.587567153836559e-07	0.05647499817621224	0.11313953567050203	0.3363622090403469	-0.6027949315428677	0.7157449278952922	-0.5891717402045817	-0.7676197345759159
species	species:Bacteroides nordii	MatsonV_2018	38	14	24	0.2631578947368421	2.587567153836559e-07	0.25008244342245395	0.11396386626896234	0.337585346644315	-0.41158483600040346	0.9117497228453113	-0.2517791447332524	-1.1762409000014475
species	species:Roseburia sp. CAG:309	MatsonV_2018	38	14	24	0.21052631578947367	2.587567153836559e-07	0.14464552367242572	0.11338582597743907	0.33672811878047704	-0.5153415891373092	0.8046326364821608	-1.3394126715967798	-1.750266784112468
species	species:Veillonella atypica	MatsonV_2018	38	14	24	0.2631578947368421	2.587567153836559e-07	0.042568154740182704	0.11312040542576565	0.336333770867223	-0.6166460361595744	0.7017823456399398	-1.1241511732008689	-1.2559432295794517
species	species:Monoglobus pectinilyticus	MatsonV_2018	38	14	24	0.3157894736842105	2.587567153836559e-07	-0.5460174860953	0.11723600330526353	0.34239743472354395	-1.2171164581534462	0.12508148596284618	-1.6207815190031376	0.6391476645219609
species	species:Haemophilus sp. HMSC71H05	MatsonV_2018	38	14	24	0.13157894736842105	2.587567153836559e-07	-0.10606452282832471	0.11325148369249921	0.33652857782437917	-0.7656605353641078	0.5535314897074585	-2.3253746311109658	-2.087275205501744
species	species:Streptococcus infantis	MatsonV_2018	38	14	24	0.18421052631578946	2.587567153836559e-07	0.3293888816028178	0.1146021413636208	0.338529380355119	-0.3341287038932154	0.992906467098851	-1.399731375179752	-2.1703123018730146
species	species:[Eubacterium] sulci	MatsonV_2018	38	14	24	0.10526315789473684	2.587567153836559e-07	-0.17862581161253865	0.1135383933809914	0.3369545865261243	-0.8390568012037423	0.48180517797866496	-2.6331255187949645	-2.3818358595848874
species	species:Roseburia sp. CAG:182	MatsonV_2018	38	14	24	0.13157894736842105	2.587567153836559e-07	0.7320614920822819	0.12053848848676221	0.34718653269786	0.05157588799447632	1.4125470961700874	-0.9033480803663199	-2.609022333836796
species	species:Haemophilus parainfluenzae	MatsonV_2018	38	14	24	0.3684210526315789	2.587567153836559e-07	0.5086983211372301	0.11668932117756915	0.3415981867305053	-0.16083412485456028	1.1782307671290204	0.4405582653808464	-1.1930935632038469
species	species:Actinomyces graevenitzii	MatsonV_2018	38	14	24	0.15789473684210525	2.587567153836559e-07	0.4930769357539626	0.11647197232541195	0.3412799031959133	-0.17583167451002746	1.1619855460179527	-1.6592206066132547	-2.5554299229010655
species	species:Veillonella infantium	MatsonV_2018	38	14	24	0.23684210526315788	2.587567153836559e-07	0.37189847874038906	0.11501618918536886	0.33914036796785024	-0.29281664247659744	1.0366135999573756	-1.0080519116187052	-1.9336188846532905
species	species:Clostridium bolteae CAG:59	MatsonV_2018	38	14	24	0.3684210526315789	2.587567153836559e-07	-0.28888855677756087	0.11425435751519673	0.3380153214207852	-0.9513985867622999	0.3736214732071782	-1.2086497326753245	-0.19832403995952
species	species:[Clostridium] spiroforme	MatsonV_2018	38	14	24	0.7105263157894737	2.587567153836559e-07	-0.03524568792137946	0.1131124916857527	0.3363220059492877	-0.6944368195819833	0.6239454437392243	1.944316835811755	2.0735345335399455
species	species:Prevotella copri	MatsonV_2018	38	14	24	0.21052631578947367	2.587567153836559e-07	-0.057439042644599404	0.11314106092329265	0.3363644763099883	-0.7167134162121764	0.6018353309229776	-1.6977890547611885	-1.5090290364111627
species	species:Gemella sanguinis	MatsonV_2018	38	14	24	0.34210526315789475	2.587567153836559e-07	-0.3017918180679284	0.114360214504304	0.3381718712493752	-0.9646086857167038	0.36102504958084697	-1.6714732536258057	-0.9500824524056196
species	species:Bacteroides eggerthii	MatsonV_2018	38	14	24	0.23684210526315788	2.587567153836559e-07	0.47725262986942724	0.1162587113274226	0.340967317095675	-0.1910433116380958	1.1455485713769502	0.44476778876095846	-1.574353887297315
species	species:Actinomyces sp. HPA0247	MatsonV_2018	38	14	24	0.13157894736842105	2.587567153836559e-07	-0.3563723323627298	0.11485914419626105	0.338908754971395	-1.020633492106664	0.3078888273812044	-2.6343634625236834	-1.930435140882203
species	species:Clostridium paraputrificum	MatsonV_2018	38	14	24	0.10526315789473684	2.587567153836559e-07	0.5770636224602063	0.11772027176700053	0.34310387897399314	-0.09541998032882026	1.2495472252492328	-1.1516876405084322	-2.5796059661501314
species	species:Clostridium perfringens	MatsonV_2018	38	14	24	0.15789473684210525	2.587567153836559e-07	0.30914942181738825	0.11442264594259956	0.33826416591563396	-0.35384834337725435	0.9721471870120308	-1.348064188296034	-2.1002091701818735
species	species:Clostridium disporicum	MatsonV_2018	38	14	24	0.15789473684210525	2.587567153836559e-07	0.19410274640131756	0.11361851415302329	0.33707345512962494	-0.4665612256527474	0.8547667184553824	-1.4105840898638835	-1.93546556228703
species	species:Veillonella parvula	MatsonV_2018	38	14	24	0.39473684210526316	2.587567153836559e-07	0.4417930960471656	0.1158060872579456	0.3403029345420718	-0.22520065565529507	1.1087868477496263	0.7508228277695561	-0.8572153061431406
species	species:Streptococcus sanguinis	MatsonV_2018	38	14	24	0.2631578947368421	2.587567153836559e-07	0.26171323169066013	0.11404654109026545	0.337707774696209	-0.40019400671390953	0.9236204700952297	-0.9433090310740907	-1.636322449458649
species	species:Eubacterium limosum	MatsonV_2018	38	14	24	0.15789473684210525	2.587567153836559e-07	-0.13982426394208777	0.11336677732839014	0.33669983268245046	-0.7997559359996907	0.5201074081155151	-2.339072945708662	-2.074915570743547
species	species:Bifidobacterium bifidum	MatsonV_2018	38	14	24	0.13157894736842105	2.587567153836559e-07	0.08058106053312963	0.11318542291908038	0.33643041318983097	-0.5788225493189391	0.7399846703851983	-1.4090567328497705	-1.7060027761696286
species	species:Clostridium sp. CAG:299	MatsonV_2018	38	14	24	0.23684210526315788	2.587567153836559e-07	-0.5185490118566083	0.11682986417436955	0.3418038387355671	-1.1884845357783198	0.15138651206510312	-2.144248087487619	-0.43429317120428346
species	species:Streptococcus australis	MatsonV_2018	38	14	24	0.15789473684210525	2.587567153836559e-07	0.46662107223639376	0.11611933844322479	0.3407628771495287	-0.2012741669766825	1.13451631144947	-1.3497634755767958	-2.374021260768062
species	species:Massilimicrobiota timonensis	MatsonV_2018	38	14	24	0.18421052631578946	2.587567153836559e-07	0.11641432537543771	0.11328346441680223	0.3365760900848458	-0.54327481119086	0.7761034619417354	-1.4549110023388732	-1.7907944020418032
species	species:Alistipes onderdonkii	MatsonV_2018	38	14	24	0.21052631578947367	2.587567153836559e-07	-0.1179403053495594	0.1132884313678207	0.3365834686490421	-0.7776439039016818	0.5417632932025631	-1.4720106615134971	-1.0485289053775368
species	species:Paraprevotella clara	MatsonV_2018	38	14	24	0.18421052631578946	2.587567153836559e-07	-0.04524613382763521	0.11312367160393738	0.33633862639301093	-0.7044698415579366	0.6139775739026662	-1.6156124776398426	-1.4588452082410868
species	species:Candidatus Stoquefichus sp. KLE1796	MatsonV_2018	38	14	24	0.3157894736842105	2.587567153836559e-07	-0.13635158421636837	0.11335345690799245	0.33668005124746025	-0.7962444846613905	0.5235413162286537	-0.9272260895304122	-0.4049739927583895
species	species:Streptococcus sp. A12	MatsonV_2018	38	14	24	0.15789473684210525	2.587567153836559e-07	0.15443331649898367	0.11342648322363914	0.3367884843987976	-0.5056721129226596	0.814538745920627	-1.9680887171688908	-2.2561729180374592
species	species:Faecalitalea cylindroides	MatsonV_2018	38	14	24	0.10526315789473684	2.587567153836559e-07	0.05574862850313415	0.11313840350607116	0.3363605260818682	-0.6035180026173276	0.7150152596235958	-1.9731385277864606	-2.117759905696383
species	species:Acidaminococcus intestini	MatsonV_2018	38	14	24	0.18421052631578946	2.587567153836559e-07	0.32365819727179423	0.11455016349331071	0.33845260154608164	-0.33970890175852575	0.9870252963021142	0.00788489948374384	-1.4130529984148457
species	species:Eubacterium sp. CAG:274	MatsonV_2018	38	14	24	0.18421052631578946	2.587567153836559e-07	0.4151966672352176	0.1154895196575052	0.3398374900706295	-0.25088481330321627	1.0812781477736515	-0.5461731163204584	-1.9975970795113227
species	species:Ruminococcus bromii	PetersBA_2019	23	14	9	0.6521739130434783	3.097020676432674e-07	0.08912306510141457	0.18272879969999375	0.4274678931802876	-0.7487140055319491	0.9269601357347782	2.9135831809886423	2.4566251163703154
species	species:Alistipes finegoldii	PetersBA_2019	23	14	9	0.9565217391304348	3.097020676432674e-07	-0.03933663159158776	0.1825765246964676	0.42728974326148716	-0.8768245283841025	0.798151265200927	5.68051896790408	5.81722887618373
species	species:Alistipes putredinis	PetersBA_2019	23	14	9	0.8695652173913043	3.097020676432674e-07	0.6581483085982639	0.19285299673279577	0.43915031223124024	-0.20258630337496697	1.5188829205714947	6.67593639971535	3.8525773369271215
species	species:Anaerobutyricum hallii	PetersBA_2019	23	14	9	0.782608695652174	3.097020676432674e-07	0.26866733423769334	0.1842583048369775	0.42925319432355713	-0.5726689266364786	1.1100035951118654	3.030420674826928	2.1548686715619416
species	species:Bacteroides uniformis	PetersBA_2019	23	14	9	1.0	3.097020676432674e-07	-0.6661849879342305	0.1931064072575142	0.43943874118870563	-1.5274849206640937	0.19511494479563252	9.111563456742058	9.736103037742216
species	species:Faecalibacterium prausnitzii	PetersBA_2019	23	14	9	1.0	3.097020676432674e-07	0.7023910472585954	0.19428618690323077	0.44077906813190526	-0.16153592627993896	1.5663180207971297	8.344733170923499	6.539189459767627
species	species:Dorea longicatena	PetersBA_2019	23	14	9	0.7391304347826086	3.097020676432674e-07	0.4962547042461517	0.18840322376555005	0.43405440185021743	-0.35449192338027447	1.347001331872578	5.249690844644138	2.9578432287344274
species	species:Barnesiella intestinihominis	PetersBA_2019	23	14	9	0.4782608695652174	3.097020676432674e-07	0.8302724792168122	0.19895283467646424	0.44604129256882064	-0.04396845421807616	1.7045134126517008	3.50759731100255	-0.5811137088953181
species	species:Blautia obeum	PetersBA_2019	23	14	9	0.8695652173913043	3.097020676432674e-07	0.291772279311804	0.18456661261051122	0.4296121653427789	-0.5502675647600426	1.1338121233836507	4.115614712690035	3.2326112309549764
species	species:Blautia wexlerae	PetersBA_2019	23	14	9	0.782608695652174	3.097020676432674e-07	0.17231083504703937	0.18324661167955414	0.42807313823639315	-0.6667125158962912	1.01133418599037	2.6858787061123373	2.093337285305187
species	species:Eubacterium sp. CAG:251	PetersBA_2019	23	14	9	0.17391304347826086	3.097020676432674e-07	-0.29503619973479944	0.18461221490049093	0.42966523585285665	-1.1371800620063985	0.5471076625367995	-1.891810155653765	-0.7773731459991814
species	species:Lachnospira eligens	PetersBA_2019	23	14	9	0.6086956521739131	3.097020676432674e-07	0.14668524965940388	0.18305198164605496	0.4278457451536184	-0.6918924108416882	0.9852629101604959	3.063430910596476	2.2713109511538763
species	species:Roseburia hominis	PetersBA_2019	23	14	9	0.6521739130434783	3.097020676432674e-07	0.6680312690497223	0.19316505816892496	0.43950547001024337	-0.1933994521703547	1.5294619902697995	3.8638259391849883	0.9333086422175779
species	species:[Eubacterium] rectale	PetersBA_2019	23	14	9	0.9130434782608695	3.097020676432674e-07	0.8221692479049035	0.1986340223539805	0.4456837694531634	-0.05137094022329669	1.6957094360331038	7.629402288579842	4.393709293275794
species	species:Collinsella aerofaciens	PetersBA_2019	23	14	9	0.8695652173913043	3.097020676432674e-07	0.2422567492641193	0.18393702379120677	0.4288787984864801	-0.5983456957693816	1.0828591942976202	4.678721916546713	3.7369530746311503
species	species:Fusicatenibacter saccharivorans	PetersBA_2019	23	14	9	0.9565217391304348	3.097020676432674e-07	0.8549826229878038	0.1999443321970898	0.44715135267277206	-0.021434028250829407	1.731399274226437	6.999928729363293	4.348592079439658
species	species:Parabacteroides merdae	PetersBA_2019	23	14	9	0.6086956521739131	3.097020676432674e-07	-0.09634943726068286	0.18276071144588374	0.42750521803351565	-0.9342596646063736	0.7415607900850077	2.5181916646260385	2.9982010062107816
species	species:Phocaeicola vulgatus	PetersBA_2019	23	14	9	1.0	3.097020676432674e-07	0.38084828517803304	0.18599314483308843	0.43126922546489266	-0.4644393967331566	1.2261359670892227	8.411193043204927	7.4627186003919395
species	species:Ruminococcus bicirculans	PetersBA_2019	23	14	9	0.5217391304347826	3.097020676432674e-07	0.43797301703763947	0.1871068340552314	0.43255847472362785	-0.40984159342067106	1.2857876274959499	2.850024643018757	0.44798411828480883
species	species:Methanobrevibacter smithii	PetersBA_2019	23	14	9	0.30434782608695654	3.097020676432674e-07	-0.33884520422114395	0.18527339854976987	0.430433965376537	-1.1824957763591564	0.5048053679168686	-1.1303904830456646	0.1790439645227661
species	species:Parabacteroides distasonis	PetersBA_2019	23	14	9	1.0	3.097020676432674e-07	-0.6256634765345417	0.1918600345841894	0.4380183039373919	-1.4841793522518296	0.23285239918274636	6.3632500816360595	7.783512873367534
species	species:Firmicutes bacterium CAG:83	PetersBA_2019	23	14	9	0.6086956521739131	3.097020676432674e-07	0.002854870757690843	0.18253987659413592	0.4272468567399132	-0.834548968452539	0.8402587099679207	2.491610308930945	2.477286812850748
species	species:Dorea formicigenerans	PetersBA_2019	23	14	9	0.7391304347826086	3.097020676432674e-07	0.48000811265892274	0.1880255822591678	0.4336191673106342	-0.36988545526992034	1.3299016805877657	4.000630629135287	2.108442058826516
species	species:Eisenbergiella massiliensis	PetersBA_2019	23	14	9	0.6521739130434783	3.097020676432674e-07	0.010921828517826375	0.1825425226905914	0.42724995341204125	-0.8264880801697744	0.8483317372054272	1.2527111834444926	1.2114348427858248
species	species:Anaerostipes hadrus	PetersBA_2019	23	14	9	0.7391304347826086	3.097020676432674e-07	0.5127172817287637	0.18879870661071427	0.43450973131877524	-0.33892179165603575	1.3643563551135633	4.178862617715529	2.0738881171061214
species	species:Ruthenibacterium lactatiformans	PetersBA_2019	23	14	9	0.9130434782608695	3.097020676432674e-07	-0.20644044408210613	0.18355438865760676	0.4284324785279552	-1.0461681019968982	0.633287213832686	4.0221995895336144	4.593530324124961
species	species:Odoribacter splanchnicus	PetersBA_2019	23	14	9	0.8260869565217391	3.097020676432674e-07	-0.0044242950124237426	0.18254014859650056	0.4272471750597078	-0.8418287581294509	0.8329801681046035	4.852847767382287	4.87031024916547
species	species:Phocaeicola plebeius	PetersBA_2019	23	14	9	0.30434782608695654	3.097020676432674e-07	0.06961128600071326	0.1826550570906033	0.42738162933215007	-0.7680567074903009	0.9072792794917275	-0.5056077361513618	-0.8239851430557579
species	species:Escherichia coli	PetersBA_2019	23	14	9	0.6521739130434783	3.097020676432674e-07	-0.09853233233323626	0.1827708401709927	0.4275170641869079	-0.9364657781395757	0.7394011134731032	2.2842301090609256	2.7453216252194363
species	species:Adlercreutzia equolifaciens	PetersBA_2019	23	14	9	0.6956521739130435	3.097020676432674e-07	0.6015197131943063	0.1911545864768578	0.43721228994260647	-0.25541637509320236	1.458455801481815	2.7844317213253498	0.6620223390589062
species	species:[Clostridium] leptum	PetersBA_2019	23	14	9	0.8695652173913043	3.097020676432674e-07	-0.29033328059975705	0.18454666858310675	0.4295889530505955	-1.132327628578924	0.5516610673794101	3.305430131440306	4.210341084947574
species	species:Clostridium sp. CAG:58	PetersBA_2019	23	14	9	0.782608695652174	3.097020676432674e-07	0.7693752115867376	0.196633449592162	0.44343370371698404	-0.09975484769855114	1.6385052708720265	4.4997995729261895	1.737341267559196
species	species:Coprococcus catus	PetersBA_2019	23	14	9	0.5217391304347826	3.097020676432674e-07	0.2148384645468548	0.18363862458370278	0.4285307743718096	-0.625081853221892	1.0547587823156015	1.3169494775677393	0.44291747624523126
species	species:Adlercreutzia equolifaciens_1	PetersBA_2019	23	14	9	0.6956521739130435	3.097020676432674e-07	0.467897704428937	0.18775226020182226	0.4333038889761114	-0.3813779179642413	1.3171733268221153	2.7608815917925225	1.0508478589103591
species	species:Roseburia faecis	PetersBA_2019	23	14	9	0.8695652173913043	3.097020676432674e-07	0.23361195266377552	0.1838390764546202	0.4287645932847303	-0.6067666501742959	1.073990555501847	4.731642069284846	3.7681519770957297
species	species:Bacteroides thetaiotaomicron	PetersBA_2019	23	14	9	0.7391304347826086	3.097020676432674e-07	0.7900412788814303	0.19740075926198267	0.4442980522824545	-0.08078290359218054	1.660865461355041	5.522648389297765	1.9318887049317732
species	species:Phascolarctobacterium succinatutens	PetersBA_2019	23	14	9	0.17391304347826086	3.097020676432674e-07	-0.2423444268949944	0.18393803542651738	0.42887997788019594	-1.0829491835401786	0.5982603297501896	-1.671595659688924	-0.6298691487166793
species	species:Bacteroides caccae	PetersBA_2019	23	14	9	0.9130434782608695	3.097020676432674e-07	0.1822642885583047	0.183330641370246	0.42817127574166625	-0.6569514118953611	1.0214799890119706	5.812246504306662	5.0560591719581405
species	species:Phocaeicola massiliensis	PetersBA_2019	23	14	9	0.9130434782608695	3.097020676432674e-07	-0.6111644664034309	0.1914330636109728	0.4375306430536869	-1.468724526788657	0.24639559398179534	2.796479354298508	5.0493567304632565
species	species:Streptococcus salivarius	PetersBA_2019	23	14	9	0.6956521739130435	3.097020676432674e-07	-0.044461255638305504	0.18258674928380003	0.4273017075601267	-0.8819726024561538	0.7930500911795428	2.0599620066151476	2.226563060665501
species	species:Holdemania filiformis	PetersBA_2019	23	14	9	0.43478260869565216	3.097020676432674e-07	-0.15574047605185623	0.18311718482256012	0.4279219377673457	-0.9944674740758539	0.6829865219721414	-0.4541650777098675	0.1116052233016658
species	species:Bifidobacterium adolescentis	PetersBA_2019	23	14	9	0.391304347826087	3.097020676432674e-07	0.2932786951150421	0.1845875966589297	0.42963658673224014	-0.5488090148801485	1.1353664051102328	0.5917110364061468	-0.6386270610905019
species	species:Roseburia inulinivorans	PetersBA_2019	23	14	9	0.6956521739130435	3.097020676432674e-07	-0.006913371635556278	0.18254082050890566	0.42724796138648297	-0.8443193759530628	0.8304926326819503	3.4465738512701236	3.4828828364173976
species	species:Dorea sp. CAG:317	PetersBA_2019	23	14	9	0.391304347826087	3.097020676432674e-07	-0.4400894517999726	0.18715108076791112	0.43260961705434975	-1.2880043012264981	0.4078253976265529	-0.6029769845137499	1.4251646494762527
species	species:Lachnospira pectinoschiza	PetersBA_2019	23	14	9	0.43478260869565216	3.097020676432674e-07	0.39227188173227057	0.18620342609201054	0.43151295008610174	-0.45349350043648884	1.23803726390103	1.6577451695614318	-0.3113223000119304
species	species:Roseburia intestinalis	PetersBA_2019	23	14	9	0.782608695652174	3.097020676432674e-07	0.42417132083615755	0.1868235232401561	0.4322308679862604	-0.42300118041691287	1.271343822089228	4.486505567110873	2.6605480749246535
species	species:Alistipes indistinctus	PetersBA_2019	23	14	9	0.5652173913043478	3.097020676432674e-07	0.20473323323632564	0.18353767532043014	0.4284129728666373	-0.6349561935822835	1.0444226600549347	1.725398813668851	0.8576760376747752
species	species:Proteobacteria bacterium CAG:139	PetersBA_2019	23	14	9	0.391304347826087	3.097020676432674e-07	0.06468140113661046	0.18263929405523002	0.4273631875293309	-0.7729504464208781	0.902313248694099	0.03634800400515768	-0.22794330193645823
species	species:Bacteroides stercoris	PetersBA_2019	23	14	9	0.9130434782608695	3.097020676432674e-07	0.44108117063302343	0.18717188727984915	0.43263366406215914	-0.40688081092880846	1.2890431521948553	5.926933698114604	4.250413328873398
species	species:Bacteroides fragilis	PetersBA_2019	23	14	9	0.4782608695652174	3.097020676432674e-07	-0.3019419988651329	0.18471037231774615	0.429779446132253	-1.1443097132843487	0.540425715554083	0.8335464619524873	2.48219176088861
species	species:Coprococcus comes	PetersBA_2019	23	14	9	0.5652173913043478	3.097020676432674e-07	0.3867363887325438	0.18610075478658467	0.43139396702617977	-0.4587957866387685	1.232268564103856	3.3369080554219224	1.3702671156980715
species	species:Bacteroides salyersiae	PetersBA_2019	23	14	9	0.34782608695652173	3.097020676432674e-07	-0.2704747181175244	0.18428150570970048	0.4292802181672252	-1.111863945725286	0.570914509490237	-0.4518243380500237	0.824727468098923
species	species:Streptococcus thermophilus	PetersBA_2019	23	14	9	0.391304347826087	3.097020676432674e-07	0.26663149345738324	0.18423235761833287	0.4292229695837967	-0.5746455269268582	1.1079085138416247	0.06443365942763325	-0.9211861520045945
species	species:Anaeromassilibacillus sp. An250	PetersBA_2019	23	14	9	0.391304347826087	3.097020676432674e-07	0.09700020323510172	0.18276370728795993	0.4275087218852499	-0.7409168916599881	0.9349172981301915	-0.3850086186899597	-0.7171273373490282
species	species:Gordonibacter pamelaeae	PetersBA_2019	23	14	9	0.8695652173913043	3.097020676432674e-07	-0.4021735451090487	0.18639071969172014	0.43172991521519577	-1.2483641789308324	0.44401708871273504	2.31096184842948	3.4393665532497724
species	species:Streptococcus parasanguinis	PetersBA_2019	23	14	9	0.6956521739130435	3.097020676432674e-07	0.3537626734905062	0.18551939751956706	0.4307196275067658	-0.49044779642275477	1.1979731434037673	2.1688137046812344	0.9070596977075418
species	species:Butyricimonas synergistica	PetersBA_2019	23	14	9	0.6086956521739131	3.097020676432674e-07	-0.05280099657324742	0.1826060621882332	0.42732430563710416	-0.8903566356219715	0.7847546424754767	1.5945092032042198	1.8130924647466573
species	species:Eubacterium ventriosum	PetersBA_2019	23	14	9	0.4782608695652174	3.097020676432674e-07	0.4210050212796616	0.18675980701450845	0.43215715545910893	-0.4260230034201919	1.268033045979515	1.3014330316009033	-0.3669769097396994
species	species:Bacteroides cellulosilyticus	PetersBA_2019	23	14	9	0.6521739130434783	3.097020676432674e-07	-1.2891825741320981	0.22211091371696498	0.4712864455052415	-2.2129040073223716	-0.3654611409418248	0.45919233271068677	5.578846021975191
species	species:Clostridium sp. CAG:242	PetersBA_2019	23	14	9	0.30434782608695654	3.097020676432674e-07	0.18845239762371604	0.18338526125801888	0.428235053747377	-0.6508883077211429	1.027793102968575	-0.8413872386524849	-1.4524489407865495
species	species:Bacteroides finegoldii	PetersBA_2019	23	14	9	0.5217391304347826	3.097020676432674e-07	0.29784682086498704	0.18465189036585825	0.429711403579028	-0.5443875301499078	1.1400811718798818	2.0171866203829745	0.6003799216293992
species	species:Akkermansia muciniphila	PetersBA_2019	23	14	9	0.6521739130434783	3.097020676432674e-07	-0.21350181740166232	0.18362499268334473	0.42851486868409217	-1.053390960022483	0.6263873252191583	2.462266470479755	3.5713454557923985
species	species:Limosilactobacillus fermentum	PetersBA_2019	23	14	9	0.13043478260869565	3.097020676432674e-07	-0.5168805612710412	0.18890076622110794	0.4346271577123408	-1.3687497903872292	0.3349886678451467	-2.6901533991794784	-1.4622649146808255
species	species:Gemmiger formicilis	PetersBA_2019	23	14	9	0.782608695652174	3.097020676432674e-07	0.7296496869007236	0.1952156031490712	0.44183209836890663	-0.13634122590233333	1.5956405997037806	3.886158926436049	1.4604206922198104
species	species:Bilophila wadsworthia	PetersBA_2019	23	14	9	0.6521739130434783	3.097020676432674e-07	-0.5858114704523073	0.1907105177519086	0.43670415357757775	-1.4417516114643596	0.2701286705597451	1.4655946427769009	3.909536146668648
species	species:Ruminococcaceae bacterium D5	PetersBA_2019	23	14	9	0.5217391304347826	3.097020676432674e-07	-0.09342545852801716	0.18274749959447228	0.4274897654850608	-0.9313053988787363	0.7444544818227019	0.413534740411572	0.7584092978266785
species	species:Eisenbergiella tayi	PetersBA_2019	23	14	9	0.5217391304347826	3.097020676432674e-07	-0.5744088997299263	0.1903955297798955	0.4363433622502988	-1.4296418897405119	0.28082409028065936	-0.45462847736095996	1.6530153312397216
species	species:Bacteroides intestinalis	PetersBA_2019	23	14	9	0.5217391304347826	3.097020676432674e-07	-0.2675185352844203	0.1842436388901759	0.42923611088790736	-1.1088213126247188	0.5737842420558781	0.9766579450620236	2.3120364180984487
species	species:Anaerotruncus colihominis	PetersBA_2019	23	14	9	0.6956521739130435	3.097020676432674e-07	0.27628242197007524	0.1843571105561028	0.42936826915376824	-0.5652793855713105	1.117844229511461	2.0205817610863503	1.0890459079045671
species	species:Lactobacillus paragasseri	PetersBA_2019	23	14	9	0.13043478260869565	3.097020676432674e-07	-0.004931466910295943	0.18254026157220365	0.4272473072732041	-0.8423361891657759	0.8324732553451841	-2.2111755180366566	-2.1998757112181675
species	species:Parasutterella excrementihominis	PetersBA_2019	23	14	9	0.5217391304347826	3.097020676432674e-07	0.12760100957349596	0.1829273496264486	0.4277000697059197	-0.7106911270501067	0.9658931461970987	1.9961695647282454	1.3494423256599033
species	species:Christensenella minuta	PetersBA_2019	23	14	9	0.13043478260869565	3.097020676432674e-07	-0.3100411578123221	0.18482838538581597	0.4299167191280376	-1.1526779273032757	0.5325956116786316	-2.6772321482870054	-2.17261950593376
species	species:Blautia hydrogenotrophica	PetersBA_2019	23	14	9	0.13043478260869565	3.097020676432674e-07	-0.7180268771630672	0.19481498245226697	0.4413785024808832	-1.5831287420255982	0.1470749876994638	-2.9397083598468043	-1.724425438727983
species	species:Eggerthella lenta	PetersBA_2019	23	14	9	0.6956521739130435	3.097020676432674e-07	-0.3228743535843119	0.18502177416355128	0.4301415745583671	-1.1659518397187114	0.5202031325500875	1.9278551096856475	3.268339040689865
species	species:Erysipelatoclostridium ramosum	PetersBA_2019	23	14	9	0.5652173913043478	3.097020676432674e-07	-0.4169220573263285	0.18667834925123536	0.43206289964684	-1.263765340634135	0.429921225981478	0.38373504528871766	2.2244383201906044
species	species:Intestinimonas butyriciproducens	PetersBA_2019	23	14	9	0.7391304347826086	3.097020676432674e-07	0.02397828079073169	0.1825533720146749	0.4272626499176764	-0.813456513047914	0.8614130746293774	2.1984003087769133	2.1137804836261798
species	species:Alistipes shahii	PetersBA_2019	23	14	9	0.6521739130434783	3.097020676432674e-07	0.0694440128950016	0.18265450327603874	0.42738098141592445	-0.7682227106802103	0.9071107364702135	2.609482794753972	2.3071158460188177
species	species:Firmicutes bacterium CAG:145	PetersBA_2019	23	14	9	0.43478260869565216	3.097020676432674e-07	-0.39594487976916776	0.18627235748766874	0.4315928144532399	-1.2418667960975178	0.44997703655918236	-0.36029080872190405	1.3944024219545073
species	species:Eubacterium sp. CAG:38	PetersBA_2019	23	14	9	0.6956521739130435	3.097020676432674e-07	-0.1059091494071444	0.18280674796654311	0.42755905786983756	-0.9439249028320259	0.7321066040177372	3.0471649586090344	3.5467968507978878
species	species:Turicibacter sanguinis	PetersBA_2019	23	14	9	0.17391304347826086	3.097020676432674e-07	-0.4336976558878906	0.18701810293784088	0.43245589710147425	-1.2813112142067802	0.4139159024309989	-2.330227679019028	-1.1137968425015257
species	species:Bacteroides xylanisolvens	PetersBA_2019	23	14	9	0.9130434782608695	3.097020676432674e-07	0.4858482583204451	0.18815988563761132	0.4337740029527027	-0.3643487874668522	1.3360453041077425	5.626198956269637	3.8927334276713754
species	species:[Clostridium] innocuum	PetersBA_2019	23	14	9	0.6956521739130435	3.097020676432674e-07	-0.7954329688139758	0.197604292251021	0.4445270433292231	-1.666705973739253	0.07584003611130141	0.7780825474793616	3.568547867205145
species	species:Eubacterium ramulus	PetersBA_2019	23	14	9	0.5217391304347826	3.097020676432674e-07	0.6554275793022779	0.19276790424706453	0.439053418443661	-0.20511712084729772	1.5159722794518535	2.102359874778558	-0.5411486055495428
species	species:[Ruminococcus] gnavus	PetersBA_2019	23	14	9	0.6956521739130435	3.097020676432674e-07	-0.34063088912673006	0.18530228736414125	0.4304675218458894	-1.1843472319446733	0.503085453691213	2.3100276288129167	3.973277544762027
species	species:Firmicutes bacterium CAG:94	PetersBA_2019	23	14	9	0.5217391304347826	3.097020676432674e-07	-0.047987138146785825	0.18259451028795678	0.4273107888738088	-0.8855162843394511	0.7895420080458795	0.4437989879178529	0.6325269305136616
species	species:Hungatella hathewayi	PetersBA_2019	23	14	9	0.5217391304347826	3.097020676432674e-07	-0.39479105690509286	0.18625063441140255	0.431567647549492	-1.2406636461020972	0.4510815322919115	-0.31314125072548993	1.0578678535780448
species	species:Butyricimonas virosa	PetersBA_2019	23	14	9	0.6956521739130435	3.097020676432674e-07	-0.1458593977127046	0.18304622929923284	0.4278390226466408	-0.9844238821001206	0.6927050866747113	2.1696638617484685	2.7422177912999057
species	species:Lactococcus lactis	PetersBA_2019	23	14	9	0.30434782608695654	3.097020676432674e-07	0.10361264786525935	0.18279529160629324	0.4275456602589871	-0.7343768462423553	0.9416021419728741	-0.7720418352843578	-1.1403837552570337
species	species:Coprobacillus cateniformis	PetersBA_2019	23	14	9	0.13043478260869565	3.097020676432674e-07	-0.10053423635660574	0.18278032855586837	0.4275281611261045	-0.9384894321637705	0.737420959450559	-2.370882169161661	-2.1351771218492286
species	species:Streptococcus vestibularis	PetersBA_2019	23	14	9	0.13043478260869565	3.097020676432674e-07	-0.06945516288267933	0.18265454015042204	0.42738102455586635	-0.9071219710121774	0.7682116452468186	-2.1510366174319886	-1.9616753485290994
species	species:Bifidobacterium longum	PetersBA_2019	23	14	9	0.7391304347826086	3.097020676432674e-07	-0.11717329799788909	0.1828665773435802	0.42762901836005024	-0.9553261739835875	0.7209795779878093	2.9249785740732803	3.488419818893
species	species:Rothia mucilaginosa	PetersBA_2019	23	14	9	0.43478260869565216	3.097020676432674e-07	0.3618653734633414	0.18565745750424834	0.4308798643522906	-0.48265916066714815	1.206389907593831	0.16150812582548774	-1.0704603117005764
species	species:Klebsiella pneumoniae	PetersBA_2019	23	14	9	0.17391304347826086	3.097020676432674e-07	0.477668547380576	0.18797223590055562	0.4335576500311759	-0.3721044466805287	1.3274415414416807	-1.4162526571195522	-2.737555914784096
species	species:Bifidobacterium animalis	PetersBA_2019	23	14	9	0.17391304347826086	3.097020676432674e-07	0.1426920855635732	0.18302446899878924	0.42781359141428554	-0.6958225536084264	0.9812067247355729	-1.5808141948760104	-2.0127518513760543
species	species:Intestinibacter bartlettii	PetersBA_2019	23	14	9	0.21739130434782608	3.097020676432674e-07	0.25850423310456105	0.18413074059999152	0.4291045800268176	-0.5825407437480015	1.0995492099571236	-1.103289231116392	-1.9383584122381654
species	species:Streptococcus gordonii	PetersBA_2019	23	14	9	0.30434782608695654	3.097020676432674e-07	0.15618777472104145	0.18312050684854708	0.42792581932917656	-0.6825468311641445	0.9949223806062275	-1.0126869421170508	-1.4849552413147193
species	species:Ruminococcaceae bacterium D16	PetersBA_2019	23	14	9	0.21739130434782608	3.097020676432674e-07	-0.6211215086798726	0.1917252046478911	0.43786436786736954	-1.479335669699917	0.23709265234017174	-2.290883401153901	-0.41265460901627304
species	species:Enterococcus faecalis	PetersBA_2019	23	14	9	0.13043478260869565	3.097020676432674e-07	0.002800555267065547	0.18253986928039215	0.42724684818075853	-0.8346032671672211	0.8402043777013523	-1.9351819641938046	-1.9438521820248562
species	species:[Clostridium] symbiosum	PetersBA_2019	23	14	9	0.7391304347826086	3.097020676432674e-07	-0.35074951598944726	0.18546885451508327	0.4306609507664739	-1.1948449794917362	0.49334594751284166	1.946535347071949	3.2908519468731425
species	species:Agathobaculum butyriciproducens	PetersBA_2019	23	14	9	0.7391304347826086	3.097020676432674e-07	0.13198771925653208	0.18295446249288588	0.4277317646526686	-0.7063665394626983	0.9703419779757625	2.579638939148149	2.107008609134477
species	species:Adlercreutzia caecimuris	PetersBA_2019	23	14	9	0.43478260869565216	3.097020676432674e-07	0.47882510405224615	0.18799857492707883	0.4335880244276574	-0.37100742382596236	1.3286576319304546	-0.5182371994204983	-1.7550784047262442
species	species:Bacteroides ovatus	PetersBA_2019	23	14	9	0.9565217391304348	3.097020676432674e-07	-0.4381849160448233	0.1871112544599018	0.4325635842970393	-1.2860095412670203	0.40963970917737363	5.484643671603955	6.73745329970003
species	species:Enterocloster citroniae	PetersBA_2019	23	14	9	0.6956521739130435	3.097020676432674e-07	0.010510831781919985	0.182542312958367	0.427249707967562	-0.8268985958345015	0.8479202593983416	1.2849164252840215	1.2492892833221074
species	species:Enterocloster clostridioformis	PetersBA_2019	23	14	9	0.5652173913043478	3.097020676432674e-07	-0.7898055382536129	0.1973918917838749	0.4442880729705389	-1.6606101612758692	0.08099908476864337	-0.20397732758285197	2.871994046832178
species	species:Roseburia sp. CAG:471	PetersBA_2019	23	14	9	0.6521739130434783	3.097020676432674e-07	-0.06810998863086096	0.1826501342194753	0.42737586995462823	-0.9057666937419322	0.7695467164802103	0.254294168387073	0.48166808028491176
species	species:Enterocloster asparagiformis	PetersBA_2019	23	14	9	0.5217391304347826	3.097020676432674e-07	-0.09784833377665568	0.18276764197832224	0.42751332374362583	-0.9357744483141623	0.740077780760851	0.3648578112364976	0.760863739747178
species	species:Lawsonibacter asaccharolyticus	PetersBA_2019	23	14	9	0.9565217391304348	3.097020676432674e-07	0.27126727508410997	0.18429172859995774	0.4292921250150738	-0.5701452899454347	1.1126798401136546	4.657029309457862	4.011942915594167
species	species:Flavonifractor plautii	PetersBA_2019	23	14	9	0.9130434782608695	3.097020676432674e-07	-0.24185503007066586	0.18393239338659878	0.4288734001854146	-1.0824468944340784	0.5987368342927467	4.363281767207874	5.109177878743764
species	species:Clostridiales bacterium 1_7_47FAA	PetersBA_2019	23	14	9	0.21739130434782608	3.097020676432674e-07	-0.21709524051367413	0.1836618335742942	0.42855785324071966	-1.0570686328654846	0.6228781518381363	-2.058901249585585	-1.4715755215013586
species	species:[Clostridium] scindens	PetersBA_2019	23	14	9	0.391304347826087	3.097020676432674e-07	-1.1264073148972409	0.21274905013620662	0.46124727656237346	-2.030451976959493	-0.2223626528349889	-2.0901759531483814	1.3412498014029248
species	species:Eubacterium sp. CAG:180	PetersBA_2019	23	14	9	0.43478260869565216	3.097020676432674e-07	-0.18160100744800975	0.1833248950612571	0.42816456539659736	-1.0208035556253405	0.6576015407293211	0.9503801719144924	1.9397208879003758
species	species:Collinsella intestinalis	PetersBA_2019	23	14	9	0.43478260869565216	3.097020676432674e-07	-0.0855125862498277	0.1827137873589	0.42745033320714587	-0.9233152393358336	0.7522900668361782	-0.27129811022098604	0.07342182332582652
species	species:Harryflintia acetispora	PetersBA_2019	23	14	9	0.43478260869565216	3.097020676432674e-07	0.39070771693953005	0.18617426635101825	0.4314791609695864	-0.4549914385608593	1.2364068724399193	0.02334250449828179	-1.1663907204481727
species	species:Paraprevotella xylaniphila	PetersBA_2019	23	14	9	0.30434782608695654	3.097020676432674e-07	0.07823281809846537	0.18268540572605463	0.42741713316858815	-0.7595047629119673	0.9159703991088981	-0.10089197277153795	-0.46010902938124176
species	species:Blautia sp. CAG:257	PetersBA_2019	23	14	9	0.5217391304347826	3.097020676432674e-07	-0.44069370235073596	0.18716375252281583	0.4326242625221288	-1.2886372568941085	0.4072498521926365	-0.02489967575511371	1.8558626701625107
species	species:Enterocloster lavalensis	PetersBA_2019	23	14	9	0.6956521739130435	3.097020676432674e-07	-0.33886711071793546	0.18527375203316637	0.430434375989147	-1.1825184876566637	0.5047842662207926	0.6639390251752602	1.8629268034893032
species	species:Turicimonas muris	PetersBA_2019	23	14	9	0.4782608695652174	3.097020676432674e-07	0.30675978660629316	0.18478019603203344	0.42986067048758186	-0.5357671275493672	1.1492867007619536	0.7752942769621374	-0.37925630301207797
species	species:Enterocloster bolteae	PetersBA_2019	23	14	9	0.6086956521739131	3.097020676432674e-07	-0.4568259004442335	0.18750848976150836	0.4330225049134379	-1.3055500100745718	0.3918982091861048	0.30066793166464667	2.085125194800011
species	species:[Eubacterium] siraeum	PetersBA_2019	23	14	9	0.7391304347826086	3.097020676432674e-07	0.2793758695028294	0.1843980367411221	0.4294159251135455	-0.5622793437197198	1.1210310827253784	4.232704210782663	2.826148450298141
species	species:Bacteroides faecis	PetersBA_2019	23	14	9	0.21739130434782608	3.097020676432674e-07	-0.2616550764910468	0.18416976299333815	0.4291500471785342	-1.102789168960974	0.5794790159788803	-1.5265934115283242	-0.43828231323953776
species	species:Phocaeicola dorei	PetersBA_2019	23	14	9	1.0	3.097020676432674e-07	-1.1286090889908487	0.21286726529570046	0.461375406036885	-2.032904884823143	-0.22431329315855408	6.223273464608581	9.108832926459272
species	species:Oscillibacter sp. CAG:241	PetersBA_2019	23	14	9	0.6521739130434783	3.097020676432674e-07	0.03786254470583169	0.18257381521329208	0.42728657270418885	-0.7996191377943784	0.8753442272060419	1.5934720236722302	1.4408946841592671
species	species:[Ruminococcus] torques	PetersBA_2019	23	14	9	0.30434782608695654	3.097020676432674e-07	0.06292694604923325	0.1826339635048988	0.42735695092615356	-0.7746926777660278	0.9005465698644942	-0.6467500738203932	-0.9020538606402609
species	species:Tyzzerella nexilis	PetersBA_2019	23	14	9	0.17391304347826086	3.097020676432674e-07	-0.06900335058145154	0.1826530506918603	0.4273792820105583	-0.9066667433221458	0.7686600421592427	-2.038779596217427	-1.8494686170571053
species	species:Firmicutes bacterium CAG:95	PetersBA_2019	23	14	9	0.13043478260869565	3.097020676432674e-07	-0.08087225473604077	0.1826954044822085	0.4274288297274863	-0.9186327610019139	0.7568882515298324	-2.2951618750473286	-2.1079529494382703
species	species:Veillonella dispar	PetersBA_2019	23	14	9	0.17391304347826086	3.097020676432674e-07	0.189117381449344	0.18339123930078388	0.4282420335520369	-0.6502370043126483	1.0284717672113364	-1.610984139146063	-2.147437553474262
species	species:Bifidobacterium pseudocatenulatum	PetersBA_2019	23	14	9	0.34782608695652173	3.097020676432674e-07	0.4219704210010186	0.18677918340158198	0.43217957309616334	-0.4251015422674615	1.2690423842694987	0.35268805257323976	-1.3795363914001402
species	species:Blautia producta	PetersBA_2019	23	14	9	0.2608695652173913	3.097020676432674e-07	-0.8771540367369722	0.20085871121025314	0.4481726354991491	-1.7555724023153045	0.001264328841359963	-2.3372418035099938	0.5852430928348533
species	species:Lacrimispora saccharolytica	PetersBA_2019	23	14	9	0.34782608695652173	3.097020676432674e-07	-0.296564636268528	0.18463374405123215	0.4296902885232946	-1.1387576017741854	0.5456283292371293	-1.164351194231482	-0.11923016015902999
species	species:Enterocloster aldenensis	PetersBA_2019	23	14	9	0.43478260869565216	3.097020676432674e-07	-0.4214756188536754	0.18676924676082748	0.4321680769802734	-1.2685250497350111	0.42557381202766037	-1.1431735693554275	0.1032277679880988
species	species:Bifidobacterium dentium	PetersBA_2019	23	14	9	0.13043478260869565	3.097020676432674e-07	0.19265675759092304	0.1834234117360027	0.42827959528327136	-0.6467712491642889	1.032084764346135	-1.9248462834222744	-2.4447854627931704
species	species:Parabacteroides johnsonii	PetersBA_2019	23	14	9	0.2608695652173913	3.097020676432674e-07	-0.41575490808155446	0.18665520976810876	0.43203612090670007	-1.2625457050586866	0.43103588889557765	-1.356082191970121	0.4357901280808298
species	species:Enorma massiliensis	PetersBA_2019	23	14	9	0.30434782608695654	3.097020676432674e-07	-0.6169367899245372	0.19160184927212046	0.43772348494468566	-1.474874820416121	0.24100124056704675	-2.0777933884670623	-0.24786500182911433
species	species:Dialister invisus	PetersBA_2019	23	14	9	0.17391304347826086	3.097020676432674e-07	-0.4013455589008829	0.186374879150384	0.4317115693960309	-1.2475002349171034	0.4448091171153376	-2.214005692960627	-0.8382221351040577
species	species:Lachnoclostridium sp. An138	PetersBA_2019	23	14	9	0.17391304347826086	3.097020676432674e-07	0.06882298392084958	0.18265245880434372	0.42737858954835783	-0.7688390515939317	0.906485019435631	-1.8436677338099845	-2.0385090574577465
species	species:Coprobacter secundus	PetersBA_2019	23	14	9	0.21739130434782608	3.097020676432674e-07	-0.0017855593855435495	0.18253975844973774	0.42724671847743634	-0.8391891276013188	0.8356180088302316	-1.6206539435332892	-1.6152362821192154
species	species:Phascolarctobacterium faecium	PetersBA_2019	23	14	9	0.5217391304347826	3.097020676432674e-07	-0.14600954888566448	0.18304727273886814	0.427840242075086	-0.9845764233528329	0.6925573255815041	1.3342483268454968	2.0398101791851895
species	species:Sellimonas intestinalis	PetersBA_2019	23	14	9	0.30434782608695654	3.097020676432674e-07	-0.2624367826958613	0.18417951741853383	0.42916141184702733	-1.1035931499160347	0.5787195845243123	-1.4055647217675526	-0.3764384088606816
species	species:Dielma fastidiosa	PetersBA_2019	23	14	9	0.391304347826087	3.097020676432674e-07	-0.33605023541430595	0.18522848636639708	0.4303817913973558	-1.1795985465531234	0.5074980757245113	-0.8838698946872369	0.36693146950715405
species	species:Anaerotignum lactatifermentans	PetersBA_2019	23	14	9	0.34782608695652173	3.097020676432674e-07	0.31877593348229283	0.18495916101033746	0.4300687863706659	-0.5241588878042124	1.161710754768798	0.5319486373248289	-0.9120618863312229
species	species:Streptococcus mitis	PetersBA_2019	23	14	9	0.5217391304347826	3.097020676432674e-07	-0.09833262558618538	0.18276990409336522	0.42751596940157127	-0.9362639256132651	0.7395986744408943	-0.44290747727592183	-0.1376952368785186
species	species:Amedibacillus dolichus	PetersBA_2019	23	14	9	0.13043478260869565	3.097020676432674e-07	-0.05852492486557931	0.18262123413088543	0.4273420575263865	-0.8961153576172969	0.7790655078861382	-2.148342354861559	-1.98304531919174
species	species:Actinomyces sp. oral taxon 181	PetersBA_2019	23	14	9	0.17391304347826086	3.097020676432674e-07	-0.29402144905330463	0.18459798283738266	0.4296486737293421	-1.1361328495628151	0.5480899514562059	-2.5851018560115597	-2.118443289036717
species	species:Streptococcus oralis	PetersBA_2019	23	14	9	0.17391304347826086	3.097020676432674e-07	0.02348687447675921	0.1825528166652227	0.42726200002483566	-0.8139466455719186	0.8609203945254371	-1.9769342748292213	-2.034436264597433
species	species:Eubacterium dolichum CAG:375	PetersBA_2019	23	14	9	0.13043478260869565	3.097020676432674e-07	-0.058856876787978206	0.18262216187171193	0.42734314300303444	-0.8964494370739258	0.7787356834979693	-2.155118295885835	-1.9899657161247528
species	species:Butyrivibrio crossotus	PetersBA_2019	23	14	9	0.13043478260869565	3.097020676432674e-07	0.46890359145609817	0.18777469630350224	0.4333297777715054	-0.3804227729760524	1.3182299558882487	-0.8670714915051692	-2.737555914784096
species	species:Alistipes inops	PetersBA_2019	23	14	9	0.17391304347826086	3.097020676432674e-07	0.6041056466238138	0.1912288166416534	0.43729717200280793	-0.25299681050168965	1.4612081037493172	-0.8483118683947842	-2.737555914784096
species	species:[Ruminococcus] lactaris	PetersBA_2019	23	14	9	0.5217391304347826	3.097020676432674e-07	0.3987679646651712	0.186325775150235	0.4316546943451849	-0.44727523625139115	1.2448111655817335	2.46652070232912	0.48164264650564764
species	species:Oscillibacter sp. 57_20	PetersBA_2019	23	14	9	0.5217391304347826	3.097020676432674e-07	-0.20023796470610347	0.1834943311708645	0.42836238300166424	-1.0398282353893653	0.6393523059771584	1.7791092132915247	2.8501329371780044
species	species:Firmicutes bacterium CAG:110	PetersBA_2019	23	14	9	0.30434782608695654	3.097020676432674e-07	0.1219562782401994	0.18289380953497303	0.42766085808146276	-0.7162590035994676	0.9601715600798664	-0.07968628107755935	-0.6191275499909105
species	species:Parabacteroides goldsteinii	PetersBA_2019	23	14	9	0.4782608695652174	3.097020676432674e-07	0.2654324666329606	0.18421716811927438	0.429205275036636	-0.575809872438846	1.1066748057047673	1.7412026124263416	0.4357986370813247
species	species:Coprobacter fastidiosus	PetersBA_2019	23	14	9	0.34782608695652173	3.097020676432674e-07	0.15038711017189368	0.18307816546601238	0.42787634366252636	-0.688250523406658	0.9890247437504454	-0.13500073099840273	-0.7291183739181082
species	species:Bacteroides clarus	PetersBA_2019	23	14	9	0.30434782608695654	3.097020676432674e-07	-0.025735695632549797	0.18255545220705613	0.4272650842358361	-0.8631752607347886	0.8117038694696889	-0.43703167951915123	-0.31855562771769297
species	species:Bacteroides sp. CAG:144	PetersBA_2019	23	14	9	0.2608695652173913	3.097020676432674e-07	0.48430428908942263	0.18812422169278756	0.4337328921038703	-0.36581217943416305	1.3344207576130083	0.35041979198651724	-1.7574180683447316
species	species:Holdemanella biformis	PetersBA_2019	23	14	9	0.17391304347826086	3.097020676432674e-07	0.5675307587701767	0.19020851973373615	0.4361290173030638	-0.2872821151438284	1.4223436326841816	-0.7074883844649236	-2.737555914784096
species	species:Slackia isoflavoniconvertens	PetersBA_2019	23	14	9	0.13043478260869565	3.097020676432674e-07	-0.1930371018528164	0.18342690450853336	0.4282836729418171	-1.0324731008187777	0.646398897113145	-2.5844437280139068	-2.2909125032925175
species	species:Clostridium sp. CAG:167	PetersBA_2019	23	14	9	0.17391304347826086	3.097020676432674e-07	0.6236899549930113	0.1918013292053774	0.4379512863383066	-0.23469456623006968	1.4820744762160922	-0.6308627109469965	-2.737555914784096
species	species:Lactobacillus rogosae	PetersBA_2019	23	14	9	0.30434782608695654	3.097020676432674e-07	0.8916861275332392	0.2014707337309974	0.44885491389868665	0.011930496291813308	1.7714417587746651	-0.22292968957386958	-2.737555914784096
species	species:Bacteroides nordii	PetersBA_2019	23	14	9	0.2608695652173913	3.097020676432674e-07	-0.45680878488391474	0.18750811744318535	0.4330220750067892	-1.3055320518972215	0.39191448212939206	-1.8548675274574393	-0.43948078299236293
species	species:Roseburia sp. CAG:309	PetersBA_2019	23	14	9	0.13043478260869565	3.097020676432674e-07	0.4170421574484565	0.1866807339941888	0.4320656593553679	-0.42980653488806453	1.2638908497849775	-1.7151964465197207	-2.737555914784096
species	species:Veillonella atypica	PetersBA_2019	23	14	9	0.30434782608695654	3.097020676432674e-07	0.10565284293639655	0.18280545690207642	0.4275575480588273	-0.732359951258905	0.943665637131698	-1.0755640328592082	-1.401584758107528
species	species:Monoglobus pectinilyticus	PetersBA_2019	23	14	9	0.34782608695652173	3.097020676432674e-07	0.27544972249215655	0.18434617181637314	0.4293555307858199	-0.5660871178480504	1.1169865628323634	0.2015552907983928	-0.9419203076233535
species	species:Streptococcus infantis	PetersBA_2019	23	14	9	0.13043478260869565	3.097020676432674e-07	-0.20657714548141726	0.18355573294528374	0.42843404736935153	-1.0463078783253463	0.6331535873625117	-2.470307708337932	-2.025795170570898
species	species:Roseburia sp. CAG:182	PetersBA_2019	23	14	9	0.17391304347826086	3.097020676432674e-07	0.491885979599912	0.18830044008556265	0.4339359861610496	-0.3586285532757453	1.3424005124755691	-1.5297032104742132	-2.737555914784096
species	species:Haemophilus parainfluenzae	PetersBA_2019	23	14	9	0.2608695652173913	3.097020676432674e-07	0.2896632847032073	0.1845374163136123	0.4295781841686241	-0.552309956267296	1.1316365256737104	-0.9649574440109047	-1.9101269836658072
species	species:Veillonella infantium	PetersBA_2019	23	14	9	0.21739130434782608	3.097020676432674e-07	0.16314648595212616	0.18317341529869507	0.42798763451610966	-0.6757092776994487	1.002002249603701	-1.7810892552062694	-2.165513248680957
species	species:[Clostridium] spiroforme	PetersBA_2019	23	14	9	0.34782608695652173	3.097020676432674e-07	0.291938249406228	0.18456891924126284	0.42961484988447834	-0.5501068563673495	1.1339833551798055	-0.322131687197195	-1.304153733057946
species	species:Bacteroides eggerthii	PetersBA_2019	23	14	9	0.5217391304347826	3.097020676432674e-07	0.42132152950638835	0.18676615471172067	0.4321644995967631	-0.4257208897032674	1.268363948716044	1.9210461438669528	-0.20313212413738826
species	species:Pseudoflavonifractor sp. An184	PetersBA_2019	23	14	9	0.2608695652173913	3.097020676432674e-07	-0.1259913398087087	0.18291763058032048	0.4276887075669879	-0.9642612066400049	0.7122785270225875	-1.5018115233018803	-1.1031816829846166
species	species:Veillonella parvula	PetersBA_2019	23	14	9	0.30434782608695654	3.097020676432674e-07	-0.06009621656905672	0.18262567195029955	0.4273472498452512	-0.8976968262657491	0.7775043931276356	-1.1955491114545989	-0.9963013688142652
species	species:Streptococcus sanguinis	PetersBA_2019	23	14	9	0.30434782608695654	3.097020676432674e-07	0.5794494081412693	0.19053400674433174	0.43650201230272895	-0.27609453597207945	1.434993352254618	-0.4919434608393184	-2.2206010739340374
species	species:Bacteroides faecis CAG:32	PetersBA_2019	23	14	9	0.13043478260869565	3.097020676432674e-07	-0.17009512805939975	0.1832285480775288	0.4280520389830293	-1.0090771244661372	0.6688868683473377	-2.231665955501047	-1.7317287056785604
species	species:Bifidobacterium bifidum	PetersBA_2019	23	14	9	0.13043478260869565	3.097020676432674e-07	-0.7338492575268368	0.19536193808188942	0.44199766750729513	-1.6001646858411354	0.1324661707874616	-2.752875452476157	-0.36961501833507016
species	species:Streptococcus australis	PetersBA_2019	23	14	9	0.13043478260869565	3.097020676432674e-07	-0.4690084324450941	0.1877770375326493	0.43333247920349716	-1.3183400916839485	0.38032322679376035	-2.8434440448430984	-2.026569844721993
species	species:Massilimicrobiota timonensis	PetersBA_2019	23	14	9	0.17391304347826086	3.097020676432674e-07	-0.3702098965723466	0.18580290557587556	0.43104861161576147	-1.2150651753392392	0.4746453821945459	-2.403792180360257	-1.3422422190651155
species	species:Paraprevotella clara	PetersBA_2019	23	14	9	0.17391304347826086	3.097020676432674e-07	-0.5416472801290995	0.18952496292233137	0.43534464843653625	-1.3949227910647104	0.3116282308065116	-2.4925321241151095	-1.1271815187016756
species	species:Candidatus Stoquefichus sp. KLE1796	PetersBA_2019	23	14	9	0.30434782608695654	3.097020676432674e-07	0.2692644943798454	0.18426595320476905	0.42926210315466823	-0.5720892278033043	1.1106182165629952	-0.19528728057409314	-1.3545723196771755
species	species:Ruminococcus callidus	PetersBA_2019	23	14	9	0.13043478260869565	3.097020676432674e-07	-0.6351204695331601	0.19214392089254018	0.43834224173873565	-1.494271263341082	0.22403032427476166	-2.682931103116869	-0.7929442719795252
species	species:Desulfovibrionaceae bacterium	PetersBA_2019	23	14	9	0.2608695652173913	3.097020676432674e-07	0.485793157719149	0.1881586109227002	0.433772533619523	-0.3644010081751161	1.335987323613414	0.07762098649809904	-1.87501373971534
species	species:Ruminococcus bromii	WindTT_2020	20	8	12	0.55	1.1366900824823654e-06	0.6159204575270273	0.21887105583334174	0.4678365695767505	-0.3010392188434037	1.5328801338974583	5.777807826926875	2.327612719542881
species	species:Alistipes finegoldii	WindTT_2020	20	8	12	0.85	1.1366900824823654e-06	0.32376183322724494	0.21124504790707407	0.45961402057277806	-0.5770816470954	1.22460531354989	3.4900444093667646	2.446025020248991
species	species:Alistipes putredinis	WindTT_2020	20	8	12	0.7	1.1366900824823654e-06	0.15534557591539425	0.20900367355434682	0.457169195762736	-0.7407060477795684	1.0513971996103568	4.166432419721081	3.476956770295145
species	species:Anaerobutyricum hallii	WindTT_2020	20	8	12	0.95	1.1366900824823654e-06	-0.4541679337877163	0.21406301422447233	0.46266944379813146	-1.361000043632054	0.4526641760566213	5.9760369117003105	7.060589146651634
species	species:Bacteroides uniformis	WindTT_2020	20	8	12	0.9	1.1366900824823654e-06	-0.23725807588954048	0.20989698318263353	0.4581451551447789	-1.135222579973307	0.6607064281942261	5.160105970941817	5.885003196307245
species	species:Faecalibacterium prausnitzii	WindTT_2020	20	8	12	0.95	1.1366900824823654e-06	-0.6565050999244115	0.2203055262840767	0.4693671550972402	-1.5764647239150023	0.2634545240661792	6.64970731582666	8.327458614072105
species	species:Dorea longicatena	WindTT_2020	20	8	12	0.75	1.1366900824823654e-06	-0.0075308911990446545	0.20833490873117366	0.4564371903462443	-0.9021477842776835	0.8870860018795941	5.196727533781992	5.2326311105524255
species	species:Barnesiella intestinihominis	WindTT_2020	20	8	12	0.65	1.1366900824823654e-06	-0.2116715198348552	0.20957791200858883	0.45779680209519685	-1.108953251941441	0.6856102122717306	1.511450042581814	2.2517364699518922
species	species:Blautia obeum	WindTT_2020	20	8	12	0.85	1.1366900824823654e-06	0.004812184657971457	0.20833397658669953	0.45643616923585223	-0.8898027070442989	0.8994270763602419	5.728525506690275	5.7109658488304476
species	species:Blautia wexlerae	WindTT_2020	20	8	12	0.95	1.1366900824823654e-06	0.30759949631565153	0.21096159583704563	0.45930555824749786	-0.5926393978494443	1.2078383904807475	5.886546837252551	5.078047650936289
species	species:Eubacterium sp. CAG:251	WindTT_2020	20	8	12	0.25	1.1366900824823654e-06	0.13372937674079527	0.20883009850565226	0.45697931956014404	-0.761950089597087	1.0294088430786776	-0.025018075741562784	-0.5537116101716754
species	species:Lachnospira eligens	WindTT_2020	20	8	12	0.7	1.1366900824823654e-06	0.16353840538288159	0.20907624472319933	0.45724855901708356	-0.7326687702906022	1.0597455810563654	3.0752019838766818	2.4663371315062186
species	species:Roseburia hominis	WindTT_2020	20	8	12	0.75	1.1366900824823654e-06	-0.11893820584054798	0.20872628602246024	0.4568657199029713	-1.0143950168503717	0.7765186051692758	3.0971847569325375	3.553815995498232
species	species:[Eubacterium] rectale	WindTT_2020	20	8	12	0.9	1.1366900824823654e-06	-0.1650540310500431	0.2090900786990519	0.45726368618014257	-1.0612908559631224	0.7311827938630363	6.120244837010079	6.731572464122309
species	species:Collinsella aerofaciens	WindTT_2020	20	8	12	0.95	1.1366900824823654e-06	-0.15912079503789336	0.20903665076148586	0.45720526108246595	-1.0552431067595267	0.7370015166837399	7.163743019524729	7.683852373622354
species	species:Fusicatenibacter saccharivorans	WindTT_2020	20	8	12	0.9	1.1366900824823654e-06	0.396407757910236	0.2126983086258728	0.46119226861025414	-0.5075290885658621	1.300344604386334	7.440204233217759	6.051154751425535
species	species:Parabacteroides merdae	WindTT_2020	20	8	12	0.85	1.1366900824823654e-06	-0.4336625512677765	0.21355731134366882	0.46212261505326574	-1.3394228767721774	0.4720977742366244	2.716720635573114	4.005053409365587
species	species:Phocaeicola vulgatus	WindTT_2020	20	8	12	0.85	1.1366900824823654e-06	-0.25934473676036607	0.21020165812459177	0.45847754375169975	-1.1579607225136974	0.6392712489929654	4.04949256537943	4.942538657363862
species	species:Ruminococcus bicirculans	WindTT_2020	20	8	12	0.5	1.1366900824823654e-06	0.7352226097938563	0.22334867460978025	0.4725977936996535	-0.19106906585746453	1.6615142854451772	4.161399067794736	0.7155171270715227
species	species:Methanobrevibacter smithii	WindTT_2020	20	8	12	0.6	1.1366900824823654e-06	0.3394255991859732	0.21153360381618772	0.4599278245727124	-0.5620329369765431	1.2408841353484896	4.2642762347376175	2.616681342305418
species	species:Parabacteroides distasonis	WindTT_2020	20	8	12	0.85	1.1366900824823654e-06	-0.5665425941013161	0.2172491808591958	0.4660999687397499	-1.480098532831226	0.3470133446285937	3.0560784291464644	4.69924265337305
species	species:Firmicutes bacterium CAG:83	WindTT_2020	20	8	12	0.55	1.1366900824823654e-06	0.20420947741147566	0.2094917086295741	0.457702642148343	-0.6928877011992766	1.1013066560222278	1.631623848034069	0.8936163181893325
species	species:Dorea formicigenerans	WindTT_2020	20	8	12	0.85	1.1366900824823654e-06	0.12130443138007688	0.2087420768075679	0.4568830012241295	-0.774186251019217	1.0167951137793707	5.616598252772388	5.173432624209367
species	species:Anaerostipes hadrus	WindTT_2020	20	8	12	0.85	1.1366900824823654e-06	-0.5822881243058919	0.2177516516585465	0.4666386735564751	-1.4968999244765833	0.3323236758647993	4.187586790749155	6.263785416895903
species	species:Ruthenibacterium lactatiformans	WindTT_2020	20	8	12	0.9	1.1366900824823654e-06	0.47559121012924793	0.21461630553200564	0.4632669916279441	-0.4324120934615225	1.3835945137200183	4.677419316306763	3.3717797267746286
species	species:Odoribacter splanchnicus	WindTT_2020	20	8	12	0.6	1.1366900824823654e-06	0.2241812350393539	0.2097293673928825	0.4579621899162446	-0.6734246571964855	1.1217871272751934	2.010512063255584	1.2534606029205784
species	species:Phocaeicola plebeius	WindTT_2020	20	8	12	0.3	1.1366900824823654e-06	0.10335955646005275	0.2086300888308783	0.45676042826724633	-0.79189088294375	0.9986099958638556	0.16823823384479353	-0.23264202659216307
species	species:Escherichia coli	WindTT_2020	20	8	12	0.45	1.1366900824823654e-06	0.09176129275844838	0.2085672259680195	0.4566916092594865	-0.8033542613901451	0.9868768469070418	1.7174348409136906	1.2574644877030001
species	species:Adlercreutzia equolifaciens	WindTT_2020	20	8	12	0.6	1.1366900824823654e-06	-0.25431501490589203	0.210129892411294	0.45839927182674933	-1.1527775876863207	0.6441475578745366	1.0279214034815487	2.0736527147085364
species	species:[Clostridium] leptum	WindTT_2020	20	8	12	0.6	1.1366900824823654e-06	0.1735936927698508	0.20917041028248537	0.45735151719709577	-0.7228152809364569	1.0700026664761584	0.9711159312383095	0.45263333414387635
species	species:Clostridium sp. CAG:58	WindTT_2020	20	8	12	0.15	1.1366900824823654e-06	0.3805920687937333	0.21235695341190816	0.46082204093544415	-0.5226191314397373	1.2838032690272039	-0.8456918826301157	-1.745862354298467
species	species:Coprococcus catus	WindTT_2020	20	8	12	0.85	1.1366900824823654e-06	0.13664417058679465	0.20885198970431537	0.45700327099957977	-0.7590822405723816	1.032370581745971	5.0611986386201	4.625370378070831
species	species:Adlercreutzia equolifaciens_1	WindTT_2020	20	8	12	0.6	1.1366900824823654e-06	-0.1745998297138432	0.20918014168155843	0.4573621559350516	-1.0710296553465444	0.7218299959188579	1.0022052070842782	1.6568404212759356
species	species:Roseburia faecis	WindTT_2020	20	8	12	0.8	1.1366900824823654e-06	0.9162703524777845	0.23165420441193788	0.48130468978801555	-0.027086839506725968	1.859627544462295	6.635146722457913	3.1757194675757936
species	species:Bacteroides thetaiotaomicron	WindTT_2020	20	8	12	0.7	1.1366900824823654e-06	0.12216894619861203	0.20874792365042444	0.4568893998008976	-0.7733342774111472	1.0176721698083713	2.498916458490375	2.0662830057668278
species	species:Phascolarctobacterium succinatutens	WindTT_2020	20	8	12	0.35	1.1366900824823654e-06	0.0644983025169423	0.20844888975076575	0.4565620327521396	-0.8303632816772513	0.9593598867111359	0.970734831033488	0.6625575353854076
species	species:Bacteroides caccae	WindTT_2020	20	8	12	0.7	1.1366900824823654e-06	0.3701596558023618	0.2121393936328812	0.4605859242669941	-0.5325887557609466	1.27290806736567	4.045914952639441	2.4743906260096904
species	species:Phocaeicola massiliensis	WindTT_2020	20	8	12	0.25	1.1366900824823654e-06	1.6844211050945141	0.28714651275799513	0.5358605348017291	0.6341344568831251	2.734707753305903	1.5253473915253084	-2.2549431381094527
species	species:Streptococcus salivarius	WindTT_2020	20	8	12	0.8	1.1366900824823654e-06	-0.0465929123820871	0.2083936360967846	0.4565015181757719	-0.9413358880066	0.8481500632424258	3.423062733558191	3.586411828719132
species	species:Holdemania filiformis	WindTT_2020	20	8	12	0.35	1.1366900824823654e-06	-0.8337746106788986	0.2276438917059097	0.4771204163582918	-1.7689306267411504	0.10138140538335327	-1.8863313959713375	0.07646283927293458
species	species:Bifidobacterium adolescentis	WindTT_2020	20	8	12	0.6	1.1366900824823654e-06	0.4022216278606664	0.21282728438663567	0.46133207604353255	-0.5019892411846574	1.3064324969059902	4.9557689877625295	2.855851217702522
species	species:Streptococcus mutans	WindTT_2020	20	8	12	0.25	1.1366900824823654e-06	-0.118292043347503	0.208722027986648	0.4568610598274359	-1.0137397206092773	0.7771556339142713	-1.1279859244517518	-0.7959018266095498
species	species:Roseburia inulinivorans	WindTT_2020	20	8	12	0.9	1.1366900824823654e-06	-0.14475666821835995	0.2089154025831578	0.45707264475481113	-1.0406190519377898	0.7511057155010699	4.911129367458194	5.374555923643694
species	species:Dorea sp. CAG:317	WindTT_2020	20	8	12	0.15	1.1366900824823654e-06	-0.04383401479362819	0.20838670613480356	0.45649392781810755	-0.9385621133171189	0.8508940837298626	-1.2642465212570708	-1.1261282845146574
species	species:Lachnospira pectinoschiza	WindTT_2020	20	8	12	0.4	1.1366900824823654e-06	-0.290045208769396	0.21067017286472453	0.45898820558346	-1.1896620917129774	0.6095716741741856	-0.23288649549935336	0.8679015000931868
species	species:Roseburia intestinalis	WindTT_2020	20	8	12	0.85	1.1366900824823654e-06	0.2166615345479367	0.20963728390424075	0.4578616427527433	-0.6807472852474402	1.1140703543433137	4.964291883930526	4.177046437995307
species	species:Alistipes indistinctus	WindTT_2020	20	8	12	0.2	1.1366900824823654e-06	0.666920046902157	0.22068839858222156	0.46977483817486604	-0.2538386359205804	1.5876787297248944	0.2810379221406065	-1.650519309279124
species	species:Bacteroides stercoris	WindTT_2020	20	8	12	0.4	1.1366900824823654e-06	0.11054316313434633	0.20867277196988185	0.4568071496483848	-0.7847988501764879	1.0058851764451806	0.3822591910319145	-0.01854912229748577
species	species:Bacteroides fragilis	WindTT_2020	20	8	12	0.3	1.1366900824823654e-06	-0.5228330995996223	0.21592651250102635	0.46467893485828077	-1.4336038119218526	0.38793761272260796	-1.4996725631068164	0.17131795599145394
species	species:Coprococcus comes	WindTT_2020	20	8	12	0.85	1.1366900824823654e-06	0.09231315230739143	0.20857004772469245	0.45669469859490647	-0.8028084569386252	0.9874347615534081	6.638752139472609	6.279565162390473
species	species:Bacteroides salyersiae	WindTT_2020	20	8	12	0.2	1.1366900824823654e-06	-0.3311061752008234	0.21137864720155886	0.4597593361766119	-1.2322344741069826	0.5700221237053359	-1.5764523973177198	-0.6280040347655153
species	species:Streptococcus thermophilus	WindTT_2020	20	8	12	0.6	1.1366900824823654e-06	-0.009987246462865933	0.20833610403033084	0.4564384997240382	-0.9046067059219809	0.884632212996249	2.6816382477411844	2.730140571441046
species	species:Anaeromassilibacillus sp. An250	WindTT_2020	20	8	12	0.6	1.1366900824823654e-06	-0.38428883175694967	0.21243549739480894	0.46090725465630167	-1.287667050883301	0.5190893873694016	0.12732012668047998	1.284974856180007
species	species:Gordonibacter pamelaeae	WindTT_2020	20	8	12	0.9	1.1366900824823654e-06	-2.062941056930045	0.32654793901021256	0.5714437321471052	-3.182970771938371	-0.9429113419217188	0.39063623573918305	4.538919310689745
species	species:Streptococcus parasanguinis	WindTT_2020	20	8	12	0.7	1.1366900824823654e-06	0.24576065718936113	0.21001106390617075	0.4582696410478996	-0.652447839264522	1.1439691536432441	2.814755932624202	1.9252290128544651
species	species:Butyricimonas synergistica	WindTT_2020	20	8	12	0.15	1.1366900824823654e-06	0.10362585892704944	0.2086316199621769	0.4567621043411733	-0.7916278655816502	0.9988795834357491	-1.6092227578956304	-1.783271566263002
species	species:Eubacterium ventriosum	WindTT_2020	20	8	12	0.35	1.1366900824823654e-06	0.036166327370420144	0.2083696667565407	0.45647526412341416	-0.8585251903114716	0.9308578450523118	-0.03817042930457171	-0.16340520723659213
species	species:Bacteroides cellulosilyticus	WindTT_2020	20	8	12	0.5	1.1366900824823654e-06	0.12367110872688629	0.20875818175371494	0.45690062568759404	-0.771854117620798	1.0191963350745705	0.35961081534697636	-0.013100036622450961
species	species:Clostridium sp. CAG:242	WindTT_2020	20	8	12	0.15	1.1366900824823654e-06	-0.039827346807656754	0.20837739493204827	0.45648372909891133	-0.934535455841523	0.8548807622262095	-1.3580230853669786	-1.2484115742619337
species	species:Bacteroides finegoldii	WindTT_2020	20	8	12	0.15	1.1366900824823654e-06	-0.16311023449689088	0.20907235968326754	0.4572443107172221	-1.0593090835026462	0.7330886145088644	-1.5323743425396628	-1.0442516496379197
species	species:Akkermansia muciniphila	WindTT_2020	20	8	12	0.45	1.1366900824823654e-06	-0.1890649653634316	0.20932626558688544	0.4575218744354038	-1.0858078392568231	0.7076779085299598	0.2665742276140102	1.0013571742433196
species	species:Limosilactobacillus fermentum	WindTT_2020	20	8	12	0.1	1.1366900824823654e-06	0.1712810963831137	0.20914825594383893	0.4573272963030295	-0.725080404370824	1.0676425971370513	-1.6509866524942334	-1.989457827452452
species	species:Gemmiger formicilis	WindTT_2020	20	8	12	0.8	1.1366900824823654e-06	0.4457233372659839	0.21385192481620907	0.4624412663422341	-0.46066154476479493	1.3521082192967628	4.406451950415242	2.984751639933787
species	species:Bilophila wadsworthia	WindTT_2020	20	8	12	0.1	1.1366900824823654e-06	0.01871549574405938	0.20834306304947073	0.456446122833211	-0.8759189050090341	0.9133498964971529	-1.6725333088769518	-1.7128338326755452
species	species:Ruminococcaceae bacterium D5	WindTT_2020	20	8	12	0.2	1.1366900824823654e-06	-0.3740619498970357	0.21222006506557703	0.46067349073457337	-1.2769819917367995	0.5288580919427281	-1.7981304407014358	-0.8221100584202407
species	species:Eisenbergiella tayi	WindTT_2020	20	8	12	0.3	1.1366900824823654e-06	-0.2071945913358949	0.20952582218552357	0.4577399066997803	-1.1043648084674644	0.6899756257956745	-0.6570785768453234	0.10772859285912473
species	species:Bacteroides intestinalis	WindTT_2020	20	8	12	0.2	1.1366900824823654e-06	-0.9137908610272537	0.23152815938047028	0.48117373097507127	-1.8568913737383934	0.029309651683885996	-2.498243786479879	0.361385066556324
species	species:Anaerotruncus colihominis	WindTT_2020	20	8	12	0.25	1.1366900824823654e-06	-0.04070099796392588	0.20837934920097945	0.45648586966189814	-0.9354133025012462	0.8540113065733944	-1.020956004110082	-0.9070807164983073
species	species:Lactobacillus paragasseri	WindTT_2020	20	8	12	0.1	1.1366900824823654e-06	0.5785925699947448	0.21763248227925344	0.46651096694424393	-0.33576892521597324	1.492954065205463	-1.0928488914027996	-2.2549431381094527
species	species:Parasutterella excrementihominis	WindTT_2020	20	8	12	0.35	1.1366900824823654e-06	-0.5238298442285614	0.21595549182512552	0.4647101159057392	-1.43466167140381	0.3870019829466874	-1.2493190101974994	0.30823391640144154
species	species:Christensenella minuta	WindTT_2020	20	8	12	0.1	1.1366900824823654e-06	0.6436166815450183	0.21984006757675062	0.4688710564502256	-0.27537058909742385	1.5626039521874604	-0.9654069358791364	-2.2549431381094527
species	species:Blautia hydrogenotrophica	WindTT_2020	20	8	12	0.25	1.1366900824823654e-06	-0.5638573164482323	0.21716486314756117	0.4660095097179468	-1.477235955495408	0.3495213225989434	-1.6642589618492063	0.3535850492950224
species	species:Eggerthella lenta	WindTT_2020	20	8	12	0.6	1.1366900824823654e-06	-0.8989795187232331	0.2307823381967738	0.4803981038646737	-1.8405598022979937	0.042600764851527306	-0.14010167176528998	3.590362540006582
species	species:Erysipelatoclostridium ramosum	WindTT_2020	20	8	12	0.25	1.1366900824823654e-06	-0.5262952906159456	0.21602740924790342	0.46478748826523225	-1.4372787676158008	0.38468818638390956	-1.7566390233929496	-0.15113410366320612
species	species:Intestinimonas butyriciproducens	WindTT_2020	20	8	12	0.25	1.1366900824823654e-06	0.19026603419613558	0.20933892121579792	0.4575357048535097	-0.7065039473167434	1.0870360157090146	-0.5272200384586384	-1.1019658612194994
species	species:Alistipes shahii	WindTT_2020	20	8	12	0.5	1.1366900824823654e-06	0.48370236786330106	0.21483244390768236	0.46350020917760365	-0.4247580421248021	1.3921627778514043	2.00134335458508	0.3722652242493944
species	species:Firmicutes bacterium CAG:145	WindTT_2020	20	8	12	0.15	1.1366900824823654e-06	-0.7692245626268527	0.22476962299301315	0.4740987481453765	-1.6984581089917907	0.16000898373808525	-2.498243786479879	-0.7936953938351555
species	species:Eubacterium sp. CAG:38	WindTT_2020	20	8	12	0.45	1.1366900824823654e-06	-0.623454428862296	0.21913042846855588	0.46811369181915186	-1.5409572648278336	0.29404840710324165	-0.8680278339666719	1.2585338209581067
species	species:Turicibacter sanguinis	WindTT_2020	20	8	12	0.3	1.1366900824823654e-06	-0.8118264842511553	0.2266406177925442	0.47606787099377357	-1.7449195113989515	0.12126654289664085	-1.9073142968979928	0.7953854424317655
species	species:Bacteroides xylanisolvens	WindTT_2020	20	8	12	0.55	1.1366900824823654e-06	0.09583717957027961	0.20858846569411074	0.45671486257194516	-0.7993239510707328	0.990998310211292	0.8918503864306128	0.598285867241422
species	species:[Clostridium] innocuum	WindTT_2020	20	8	12	0.55	1.1366900824823654e-06	-0.04713386411818209	0.20839504447629753	0.456503060752387	-0.9418798631928607	0.8476121349564965	0.5207623147229732	0.6809139834063243
species	species:Eubacterium ramulus	WindTT_2020	20	8	12	0.55	1.1366900824823654e-06	-0.5927712824929973	0.2180938275930109	0.46700516870053044	-1.5081014131460369	0.3225588481600423	0.5221895619219632	3.0674120222627725
species	species:[Ruminococcus] gnavus	WindTT_2020	20	8	12	0.55	1.1366900824823654e-06	-0.3291437291596068	0.21134265540125258	0.45972019250980545	-1.2301953064788256	0.5719078481596118	1.5084080322499265	3.2518735231400107
species	species:Firmicutes bacterium CAG:94	WindTT_2020	20	8	12	0.55	1.1366900824823654e-06	-0.08870361708353888	0.2085518981023251	0.4566748275330326	-0.9837862790482829	0.806379044881205	1.1192308781021059	1.4777459678837506
species	species:Hungatella hathewayi	WindTT_2020	20	8	12	0.2	1.1366900824823654e-06	0.028016771340548873	0.20835513720767637	0.4564593489103672	-0.8666435525237708	0.9226770952048686	-1.3003138315464229	-1.3798842696102167
species	species:Butyricimonas virosa	WindTT_2020	20	8	12	0.2	1.1366900824823654e-06	0.8134678623548136	0.22671472119678085	0.47614569324607026	-0.11977769640748404	1.7467134211171111	0.011451050789714645	-1.9191015853728313
species	species:Lactococcus lactis	WindTT_2020	20	8	12	0.1	1.1366900824823654e-06	-0.6307715891060529	0.21938535548953822	0.468385904452235	-1.5488079618324335	0.2872647836203277	-2.498243786479879	-1.2534486075443745
species	species:Coprobacillus cateniformis	WindTT_2020	20	8	12	0.1	1.1366900824823654e-06	0.6113035367123019	0.21871366705547135	0.46766833018226855	-0.3053263904449445	1.527933463869548	-1.1466352688746002	-2.2549431381094527
species	species:Klebsiella variicola	WindTT_2020	20	8	12	0.1	1.1366900824823654e-06	0.7399801825276985	0.22354362973704794	0.4728040077421594	-0.186715672646934	1.6666760377023309	-0.034865410955795206	-2.2549431381094527
species	species:Streptococcus vestibularis	WindTT_2020	20	8	12	0.15	1.1366900824823654e-06	0.15220091932501728	0.20897680888453835	0.4571398132787587	-0.7437931147013497	1.0481949533513844	-1.4017078782431434	-1.7223013757834862
species	species:Bifidobacterium longum	WindTT_2020	20	8	12	0.65	1.1366900824823654e-06	-0.6310569245773161	0.21939535672380503	0.4683965806064398	-1.549114222565938	0.2870003734113059	2.1356967691086854	5.52017220600225
species	species:Rothia mucilaginosa	WindTT_2020	20	8	12	0.1	1.1366900824823654e-06	-0.683900593054992	0.22132555614391583	0.4704525014748203	-1.6059874959456397	0.2381863098356558	-2.498243786479879	-1.5732138894592496
species	species:Klebsiella pneumoniae	WindTT_2020	20	8	12	0.15	1.1366900824823654e-06	0.5491739687806957	0.2167108902218428	0.4655221694203648	-0.36324948328321927	1.4615974208446105	0.3621929050590116	-1.7131264771438042
species	species:Bifidobacterium animalis	WindTT_2020	20	8	12	0.3	1.1366900824823654e-06	0.23039285648090238	0.2098078018977064	0.4580478161695637	-0.6673808632114425	1.1281665761732473	0.15198983758087958	-0.739639943022025
species	species:Intestinibacter bartlettii	WindTT_2020	20	8	12	0.55	1.1366900824823654e-06	0.018238086615972978	0.20834257299453923	0.45644558601714974	-0.8763952619776405	0.9128714352095864	1.0765170987805988	1.0078152822541402
species	species:Enterococcus faecalis	WindTT_2020	20	8	12	0.15	1.1366900824823654e-06	0.451346541455667	0.21399204723566645	0.4625927444693296	-0.4553352377042189	1.3580283206155528	-0.2524553574578685	-1.7052048450579589
species	species:[Clostridium] symbiosum	WindTT_2020	20	8	12	0.15	1.1366900824823654e-06	0.034926213762462015	0.20836721778910505	0.45647258164002036	-0.8597600462519779	0.9296124737769018	-1.5686993094323605	-1.6482695298702217
species	species:Agathobaculum butyriciproducens	WindTT_2020	20	8	12	0.9	1.1366900824823654e-06	-0.17592946459916756	0.20919308823650418	0.4573763092208692	-1.072387030672071	0.720528101473736	4.6479369433512145	5.170403437670001
species	species:Actinomyces sp. ICM47	WindTT_2020	20	8	12	0.3	1.1366900824823654e-06	0.807971409547448	0.2264671610735025	0.47588565966364493	-0.12476448339329616	1.740707302488192	-0.025571174943053276	-1.7251102747745533
species	species:Adlercreutzia caecimuris	WindTT_2020	20	8	12	0.6	1.1366900824823654e-06	-0.5741597828360978	0.2174905404507332	0.4663588108428243	-1.4882230520880335	0.3399034864158379	-0.7125131294313231	0.7708649594980174
species	species:Bacteroides ovatus	WindTT_2020	20	8	12	0.55	1.1366900824823654e-06	-0.14939378869808945	0.20895329178059915	0.45711409055136243	-1.0453374061787597	0.7465498287825809	0.7655682661134813	1.3012231914101509
species	species:Enterocloster citroniae	WindTT_2020	20	8	12	0.1	1.1366900824823654e-06	-0.05486254529416695	0.20841694163544874	0.45652704370655717	-0.949655550959019	0.839930460370685	-2.0750428648888413	-2.016861565600675
species	species:Roseburia sp. CAG:471	WindTT_2020	20	8	12	0.45	1.1366900824823654e-06	0.48426613121836004	0.21484760238458883	0.4635165610683062	-0.4242263284755201	1.3927585909122402	0.2643693168006922	-0.8521319072117389
species	species:Enterocloster asparagiformis	WindTT_2020	20	8	12	0.1	1.1366900824823654e-06	0.10890147903562879	0.20866276478155965	0.45679619611108807	-0.7864190653421038	1.0042220234133614	-1.4235737604807774	-1.7189568566463567
species	species:Lawsonibacter asaccharolyticus	WindTT_2020	20	8	12	0.7	1.1366900824823654e-06	0.3164506344103343	0.21111502788940842	0.4594725540110186	-0.5841155714512621	1.2170168402719308	2.336212076600364	1.385525843749954
species	species:Flavonifractor plautii	WindTT_2020	20	8	12	0.6	1.1366900824823654e-06	-0.15206680334920275	0.2089756753522457	0.4571385734678771	-1.0480584073462418	0.7439248006478364	1.2114680345880717	1.816902032149471
species	species:[Clostridium] scindens	WindTT_2020	20	8	12	0.15	1.1366900824823654e-06	-0.7470230075101673	0.22383453815970933	0.47311154938313366	-1.6743216443011093	0.18027562928077467	-2.498243786479879	-0.6325925030607488
species	species:Enterococcus faecium	WindTT_2020	20	8	12	0.15	1.1366900824823654e-06	0.3169040834519196	0.21112300550301394	0.45948123520228107	-0.5836791375445514	1.2174873044483905	-1.1299909435569881	-1.8153162816632473
species	species:Eubacterium sp. CAG:180	WindTT_2020	20	8	12	0.45	1.1366900824823654e-06	0.5413753214064633	0.2164746455174431	0.4652683586033367	-0.3705506614560766	1.453301304269003	3.9564234331751575	1.079049894691714
species	species:Collinsella intestinalis	WindTT_2020	20	8	12	0.9	1.1366900824823654e-06	-0.6793793685481087	0.2211543424002452	0.47027049918131714	-1.6011095469434902	0.24235080984727286	1.2372125894031205	2.9980890609566004
species	species:Harryflintia acetispora	WindTT_2020	20	8	12	0.1	1.1366900824823654e-06	0.13763333420548748	0.2088595259634589	0.45701151622629693	-0.7581092375980545	1.0333759060090295	-1.5622025374147261	-1.870674571120287
species	species:Paraprevotella xylaniphila	WindTT_2020	20	8	12	0.5	1.1366900824823654e-06	0.4553744398067732	0.21409349667859257	0.4627023845611697	-0.45152223393311935	1.3622711135466659	1.517884283297333	0.08518545198479166
species	species:Blautia sp. CAG:257	WindTT_2020	20	8	12	0.4	1.1366900824823654e-06	-0.2573266030697356	0.2101726939068725	0.4584459552737623	-1.1558806754063098	0.6412274692668385	0.26238084371000703	1.54353303185822
species	species:Rothia dentocariosa	WindTT_2020	20	8	12	0.15	1.1366900824823654e-06	-0.5588230901519831	0.21700786794686144	0.4658410329145141	-1.4718715146644308	0.35422533436046455	-2.348690031086709	-1.2935882108085608
species	species:Klebsiella quasipneumoniae	WindTT_2020	20	8	12	0.1	1.1366900824823654e-06	0.732044413183138	0.22321913952424013	0.4724607280232296	-0.193978613742392	1.658067440108668	-0.37090068658201114	-2.2549431381094527
species	species:Enterocloster bolteae	WindTT_2020	20	8	12	0.15	1.1366900824823654e-06	-0.7866520924144628	0.2255228198472237	0.47489242976407164	-1.717441254752043	0.1441370699231176	-2.498243786479879	-0.8748776231063881
species	species:[Eubacterium] siraeum	WindTT_2020	20	8	12	0.6	1.1366900824823654e-06	0.2155886617919591	0.20962440197481244	0.4578475750452463	-0.6817925852967236	1.1129699088806417	2.7683530266492964	1.8474752384338977
species	species:Schaalia odontolytica	WindTT_2020	20	8	12	0.45	1.1366900824823654e-06	0.6306883249015315	0.2193824378657528	0.4683827898906543	-0.28734194328415097	1.548718593087214	0.21803931023579537	-1.1536216068246168
species	species:Romboutsia ilealis	WindTT_2020	20	8	12	0.15	1.1366900824823654e-06	-0.46029902932167366	0.2142187554554021	0.46283772043276905	-1.367460961369901	0.4468629027265537	-2.2457841903962628	-1.4947474137939265
species	species:Bacteroides faecis	WindTT_2020	20	8	12	0.1	1.1366900824823654e-06	-0.6249698740990505	0.21918298176476064	0.46816982150151526	-1.5425827242420205	0.2926429760439194	-2.498243786479879	-0.8225054930422643
species	species:Phocaeicola dorei	WindTT_2020	20	8	12	0.75	1.1366900824823654e-06	0.27338760471133455	0.21040946617805004	0.45870411615555623	-0.6256724629535557	1.1724476723762247	4.224665413039318	3.1670145530102203
species	species:Oscillibacter sp. CAG:241	WindTT_2020	20	8	12	0.65	1.1366900824823654e-06	0.6764904388486003	0.22104553649593256	0.4701548005667203	-0.2450129702621715	1.597993847959372	3.2639867051002542	0.9314480965642565
species	species:[Ruminococcus] torques	WindTT_2020	20	8	12	0.55	1.1366900824823654e-06	-0.2738311666277066	0.21041620855046364	0.4587114654665432	-1.1729056389421313	0.6252433056867179	2.049521526148914	3.4701670933672593
species	species:Tractidigestivibacter scatoligenes	WindTT_2020	20	8	12	0.55	1.1366900824823654e-06	0.44102967704871965	0.21373631044549163	0.4623162450590414	-0.4651101632670015	1.3471695173644407	1.526922237498094	0.1591594684419503
species	species:Firmicutes bacterium CAG:95	WindTT_2020	20	8	12	0.35	1.1366900824823654e-06	0.30372207973084064	0.2108957528254452	0.45923387595586324	-0.5963763171426513	1.2038204766043326	0.5784777495809279	-0.43850546406656915
species	species:Veillonella dispar	WindTT_2020	20	8	12	0.25	1.1366900824823654e-06	0.38409117370061274	0.21243127860318653	0.4609026780169394	-0.5192780752125885	1.287460422613814	-0.5054269667073458	-1.4370843521992027
species	species:Blautia producta	WindTT_2020	20	8	12	0.15	1.1366900824823654e-06	-0.1639681985333962	0.20908015472584132	0.4572528345738726	-1.0601837542981865	0.7322473572313941	-1.6176596471528562	-1.1335990841885906
species	species:Lacticaseibacillus rhamnosus	WindTT_2020	20	8	12	0.1	1.1366900824823654e-06	0.6701070792446122	0.22080676382371514	0.46990080211009977	-0.25089849289118327	1.5911126513804077	-1.020701512122607	-2.2549431381094527
species	species:Lacrimispora saccharolytica	WindTT_2020	20	8	12	0.15	1.1366900824823654e-06	-0.48799755280996154	0.21494837809856976	0.46362525610515415	-1.3967030547760637	0.42070794915614057	-2.2480811549947677	-1.0309130890653517
species	species:Actinomyces sp. HMSC035G02	WindTT_2020	20	8	12	0.2	1.1366900824823654e-06	0.5081630466565564	0.21550638005520206	0.46422664729117186	-0.4017211820341404	1.4180472753472533	-1.2032478251455057	-1.963628786333237
species	species:Bifidobacterium dentium	WindTT_2020	20	8	12	0.25	1.1366900824823654e-06	-0.21939726425376094	0.2096704210989454	0.4578978282313047	-1.1168770075871182	0.6780824790795963	-1.205777914522419	-0.5045020925946516
species	species:Parabacteroides johnsonii	WindTT_2020	20	8	12	0.3	1.1366900824823654e-06	0.5882217709416516	0.21794457921693702	0.46684534828670726	-0.3267951117002946	1.503238653583598	1.2348403349132933	-0.9232107058014775
species	species:Enorma massiliensis	WindTT_2020	20	8	12	0.85	1.1366900824823654e-06	-0.6475166596134521	0.21997993956880454	0.4690201910033347	-1.566796233979988	0.2717629147530839	1.154958300782979	3.2477951549513797
species	species:Dialister invisus	WindTT_2020	20	8	12	0.3	1.1366900824823654e-06	-0.5965531347872504	0.21821876785068042	0.46713891708000566	-1.5121454122640614	0.3190391426895607	-1.5447232526747634	0.5538837059262648
species	species:Actinomyces oris	WindTT_2020	20	8	12	0.4	1.1366900824823654e-06	-0.22251669643237462	0.20970871333864383	0.4579396394052865	-1.1200783896667361	0.6750449968019869	-1.2426840264304055	-0.7296307199305568
species	species:Lachnoclostridium sp. An138	WindTT_2020	20	8	12	0.25	1.1366900824823654e-06	-0.03766559139118104	0.2083727415770791	0.4564786321144497	-0.9323637103355025	0.8570325275531403	-1.2493849779939958	-1.16158157021185
species	species:Phascolarctobacterium faecium	WindTT_2020	20	8	12	0.15	1.1366900824823654e-06	0.48243536466038145	0.2147984411409721	0.46346352730389917	-0.42595314885526087	1.3908238781760238	-0.45297048360368475	-1.834852749752515
species	species:Blautia coccoides	WindTT_2020	20	8	12	0.15	1.1366900824823654e-06	-0.25905487894354506	0.21019748417512377	0.458472991761918	-1.1576619427969044	0.6395521849098142	-1.9804579400622402	-1.453526074839858
species	species:Sellimonas intestinalis	WindTT_2020	20	8	12	0.15	1.1366900824823654e-06	-0.7300915124914688	0.22313982268366891	0.4723767804239206	-1.6559500021223532	0.1957669771394156	-2.498243786479879	0.1444529343387749
species	species:Anaerotignum lactatifermentans	WindTT_2020	20	8	12	0.15	1.1366900824823654e-06	-0.20268887435850041	0.20947452166079766	0.45768386650700027	-1.099749252712221	0.6943715039952201	-1.5835092616515671	-0.997389208806049
species	species:Streptococcus mitis	WindTT_2020	20	8	12	0.1	1.1366900824823654e-06	-0.09606300263404668	0.20858966945764082	0.45671618042022644	-0.9912267162576904	0.7991007109895971	-1.9103520281647346	-1.7356567915628247
species	species:Streptococcus oralis	WindTT_2020	20	8	12	0.1	1.1366900824823654e-06	-0.10428924041383553	0.20863545126850264	0.4567662983063687	-0.9995511850943182	0.7909727042666472	-2.0019889022925925	-1.8481775873810051
species	species:Lactonifactor longoviformis	WindTT_2020	20	8	12	0.2	1.1366900824823654e-06	-0.2604681885894509	0.21021787992408528	0.4584952343526433	-1.1591188479206318	0.6381824707417298	-1.6952408688759613	-1.0212424687307955
species	species:Actinobaculum sp. oral taxon 183	WindTT_2020	20	8	12	0.1	1.1366900824823654e-06	0.030094573473482402	0.20835849120423752	0.4564630228224818	-0.8645729512585819	0.9247620982055468	-1.9455953327956885	-1.9865416143138723
species	species:Butyrivibrio crossotus	WindTT_2020	20	8	12	0.2	1.1366900824823654e-06	-0.00472159690216104	0.20833395259659185	0.4564361429560458	-0.8993364370960107	0.8898932432916887	-0.8757832827724501	-0.8604919777893528
species	species:Alistipes inops	WindTT_2020	20	8	12	0.45	1.1366900824823654e-06	0.45906944252387527	0.21418735425164395	0.4628037967126501	-0.44802599903291895	1.3661648840806695	1.8099789299842168	0.10987857977091076
species	species:[Ruminococcus] lactaris	WindTT_2020	20	8	12	0.35	1.1366900824823654e-06	-0.2742027930093461	0.2104218658803924	0.45871763197024856	-1.1732893516710332	0.6248837656523412	-0.4176172082793437	0.6516997961107507
species	species:Desulfovibrio piger	WindTT_2020	20	8	12	0.4	1.1366900824823654e-06	0.8469190503389603	0.22825755216186241	0.47776307115751676	-0.08949656912977255	1.7833346698076933	2.0454101648833554	-0.8180844880325329
species	species:Oscillibacter sp. 57_20	WindTT_2020	20	8	12	0.4	1.1366900824823654e-06	0.5178337299722305	0.21578199366380427	0.464523404861159	-0.39263214355564113	1.4282996035001023	1.9991637351546192	-0.02979270185632865
species	species:Firmicutes bacterium CAG:110	WindTT_2020	20	8	12	0.45	1.1366900824823654e-06	0.4891899927219839	0.21498074580498153	0.46366016197747845	-0.4195839247538739	1.3979639101978416	1.905439173530393	0.10854429868046715
species	species:Parabacteroides goldsteinii	WindTT_2020	20	8	12	0.15	1.1366900824823654e-06	-0.08603933634095008	0.20853896576105532	0.4566606680688138	-0.981094245755825	0.8090155730739249	-1.413656193474712	-1.1751286976556559
species	species:Bacteroides clarus	WindTT_2020	20	8	12	0.15	1.1366900824823654e-06	0.28359631110301436	0.21056741299086773	0.4588762501926502	-0.6158011392745801	1.1829937614806088	-0.9226470557578896	-1.6219732521794195
species	species:Bacteroides sp. CAG:144	WindTT_2020	20	8	12	0.15	1.1366900824823654e-06	0.9486015499933313	0.23332902501804864	0.4830414319890672	0.0018403432947596832	1.895362756691903	-0.58199983378148	-2.2549431381094527
species	species:Holdemanella biformis	WindTT_2020	20	8	12	0.35	1.1366900824823654e-06	0.6927088094605354	0.22166237485289536	0.47081033851530424	-0.23007945402946095	1.6154970729505318	1.7343703866534235	-0.8130091882565745
species	species:Coprococcus eutactus	WindTT_2020	20	8	12	0.5	1.1366900824823654e-06	0.2512240871538859	0.21008648727684176	0.45835192513705203	-0.6471456861147361	1.1495938604225078	2.202638406449357	1.0223019864612584
species	species:Slackia isoflavoniconvertens	WindTT_2020	20	8	12	0.7	1.1366900824823654e-06	0.4658657417397832	0.21436196914796551	0.4629924072249625	-0.4415993764211433	1.3733308599007097	4.025965276617352	2.203025603639683
species	species:Clostridium sp. CAG:167	WindTT_2020	20	8	12	0.3	1.1366900824823654e-06	-0.4342242964283377	0.21357085387801902	0.46213726735464544	-1.3400133404434427	0.47156474758676736	-1.3483821891037946	0.045675538872334664
species	species:Lactobacillus rogosae	WindTT_2020	20	8	12	0.2	1.1366900824823654e-06	-0.4292008381203038	0.21345037109564366	0.46200689507370307	-1.334734352464762	0.47633267622415426	-2.0404208388158622	-1.3459454806273017
species	species:Roseburia sp. CAG:309	WindTT_2020	20	8	12	0.35	1.1366900824823654e-06	0.307332835434249	0.2109570408815571	0.4593005996964919	-0.5928963399708751	1.2075620108393732	-0.21908132619315035	-0.9412752894562013
species	species:Veillonella atypica	WindTT_2020	20	8	12	0.1	1.1366900824823654e-06	0.7090616108834696	0.2222991213341295	0.47148607756128863	-0.21505110113665604	1.6331743229035953	-0.7871672992399977	-2.2549431381094527
species	species:Monoglobus pectinilyticus	WindTT_2020	20	8	12	0.2	1.1366900824823654e-06	-0.8880516192660908	0.23023987995780906	0.47983317930069097	-1.828524650695445	0.05242141216326346	-2.498243786479879	0.5151205120644594
species	species:Catenibacterium mitsuokai	WindTT_2020	20	8	12	0.25	1.1366900824823654e-06	-0.011788759564954775	0.20833719374589113	0.45643969343812674	-0.9064105587036831	0.8828330395737737	-0.16391369098864106	-0.11557491430624967
species	species:Streptococcus infantis	WindTT_2020	20	8	12	0.1	1.1366900824823654e-06	-0.2508260744864955	0.2100809366567307	0.45834587012073175	-1.1491839799231296	0.6475318309501387	-2.1661706585169505	-1.7551843128645537
species	species:Roseburia sp. CAG:182	WindTT_2020	20	8	12	0.25	1.1366900824823654e-06	0.7131384652008418	0.22246017973747256	0.4716568453202737	-0.21130895162689467	1.6375858820285782	0.3918950542022488	-1.5835913854765664
species	species:Haemophilus parainfluenzae	WindTT_2020	20	8	12	0.2	1.1366900824823654e-06	0.5560897713534421	0.21692321760566455	0.46575016651168744	-0.35678055500946526	1.4689600977163493	0.05144161384599755	-1.6062663628611527
species	species:Actinomyces graevenitzii	WindTT_2020	20	8	12	0.1	1.1366900824823654e-06	-0.639392557998136	0.21968952342287223	0.4687104899859531	-1.558065118370604	0.27928000237433204	-2.498243786479879	-1.2510559268215975
species	species:Veillonella infantium	WindTT_2020	20	8	12	0.15	1.1366900824823654e-06	0.3277889552822875	0.21131793331125148	0.459693303531008	-0.5732099196384881	1.2287878302030633	-1.3762920806630448	-1.932941719344571
species	species:Clostridium bolteae CAG:59	WindTT_2020	20	8	12	0.1	1.1366900824823654e-06	-0.6470303153209072	0.2199624508040076	0.46900154669681804	-1.5662733468466705	0.2722127162048562	-2.498243786479879	-1.4727045681496735
species	species:[Clostridium] spiroforme	WindTT_2020	20	8	12	0.25	1.1366900824823654e-06	0.11129168946440378	0.20867738444844006	0.4568121982264047	-0.7840602190593493	1.006643597988157	-1.0192087599138588	-1.3079518995674095
species	species:Prevotella copri	WindTT_2020	20	8	12	0.45	1.1366900824823654e-06	0.2582913128972734	0.2101865111755055	0.45846102470712324	-0.640292295528688	1.156874921323235	2.6569829262108944	1.338297165729854
species	species:Prevotella sp. CAG:279	WindTT_2020	20	8	12	0.1	1.1366900824823654e-06	0.15937910252199727	0.2090389360644644	0.4572077602846045	-0.7367481076358275	1.055506312679822	-1.4091258243787697	-1.7844423027563554
species	species:Gemella sanguinis	WindTT_2020	20	8	12	0.1	1.1366900824823654e-06	-0.6361109055569519	0.2195732523380135	0.46858644062543414	-1.5545403291828028	0.28231851806889896	-2.498243786479879	-1.2045671989576636
species	species:Firmicutes bacterium CAG:170	WindTT_2020	20	8	12	0.35	1.1366900824823654e-06	0.29733101039603294	0.21078904804842016	0.4591176843124431	-0.6025396508563555	1.1972016716484215	0.13231266446066325	-0.7111346925838412
species	species:Bacteroides eggerthii	WindTT_2020	20	8	12	0.45	1.1366900824823654e-06	0.7349049909554026	0.2233357040480878	0.47258407087849225	-0.19135978796644215	1.6611697698772474	2.54509100368222	-0.2522712320772618
species	species:Actinomyces sp. HPA0247	WindTT_2020	20	8	12	0.15	1.1366900824823654e-06	0.24854762538592598	0.2100493311690273	0.4583113910530997	-0.6497427010781494	1.1468379518500014	-1.3974669031351434	-1.863447901861084
species	species:Clostridium perfringens	WindTT_2020	20	8	12	0.1	1.1366900824823654e-06	0.7394910812983493	0.22352352942555007	0.4727827507698965	-0.1871631102106479	1.6661452728073465	-0.24458901400466448	-2.2549431381094527
species	species:Clostridium disporicum	WindTT_2020	20	8	12	0.25	1.1366900824823654e-06	-0.11875663668273564	0.2087250871876721	0.45686440788014127	-1.0142108761278126	0.7766976027623412	-1.289845409806491	-0.9794893163185353
species	species:Pseudoflavonifractor sp. An184	WindTT_2020	20	8	12	0.15	1.1366900824823654e-06	0.31689809751377135	0.21112290011688467	0.45948112052279655	-0.5836848987109098	1.2174810937384526	-1.0679339091265247	-1.7702297712931172
species	species:Veillonella parvula	WindTT_2020	20	8	12	0.4	1.1366900824823654e-06	-0.1804819255059308	0.20923815903984247	0.45742557759688346	-1.0770360575958224	0.7160722065839608	-0.527629628319641	0.056740146500075785
species	species:Streptococcus sanguinis	WindTT_2020	20	8	12	0.15	1.1366900824823654e-06	-0.7490234684383006	0.2239176710075373	0.47319939878188483	-1.6764942900507949	0.1784473531741937	-2.498243786479879	-0.5566177121009515
species	species:Actinomyces naeslundii	WindTT_2020	20	8	12	0.15	1.1366900824823654e-06	-0.09069355772529346	0.20856181448369088	0.456685684561812	-0.985797499466445	0.8044103840158582	-1.9574753698478191	-1.833267863919744
species	species:Eubacterium limosum	WindTT_2020	20	8	12	0.15	1.1366900824823654e-06	-0.21250596494705898	0.20958774403161337	0.4578075403830887	-1.1098087440979127	0.6847968142037948	-1.9377374715433584	-1.5566569770712082
species	species:Bifidobacterium bifidum	WindTT_2020	20	8	12	0.1	1.1366900824823654e-06	-0.018071028014782296	0.20834240450148642	0.4564454014463136	-0.912704014849557	0.8765619588199923	-1.379476351269222	-1.316985909023963
species	species:Massilimicrobiota timonensis	WindTT_2020	20	8	12	0.15	1.1366900824823654e-06	-0.7872824451794322	0.2255503791246585	0.4749214452145307	-1.7181284777999124	0.1435635874410479	-2.498243786479879	-1.3835195513418697
species	species:Alistipes onderdonkii	WindTT_2020	20	8	12	0.1	1.1366900824823654e-06	-0.06473304133299795	0.20844973240667278	0.45656295557860666	-0.959596434267067	0.8301303516010711	-1.961351358595474	-1.8643270694859984
species	species:Paraprevotella clara	WindTT_2020	20	8	12	0.25	1.1366900824823654e-06	0.19749596506468914	0.20941679600602314	0.4576207993590579	-0.6994408016790644	1.0944327318084426	-0.9661880079229411	-1.3797688557189975
species	species:Ruminococcus callidus	WindTT_2020	20	8	12	0.2	1.1366900824823654e-06	-0.3478705266449898	0.21169483064745176	0.46010306524457295	-1.2496725345243527	0.5539314812343732	-1.8147319149360002	-1.0366654218610984
species	species:Faecalitalea cylindroides	WindTT_2020	20	8	12	0.25	1.1366900824823654e-06	0.21508035241590334	0.20961832105542638	0.4578409342287192	-0.6822878786723863	1.1124485835041928	0.15114779201148454	-0.7024349000171736
species	species:Desulfovibrionaceae bacterium	WindTT_2020	20	8	12	0.1	1.1366900824823654e-06	0.7493101476805298	0.22392960270602827	0.4732120060882102	-0.17818538425236208	1.6768056796134219	-0.72983977092764	-2.2549431381094527
species	species:Acidaminococcus intestini	WindTT_2020	20	8	12	0.15	1.1366900824823654e-06	-0.1786609937794422	0.20921999307495162	0.4574057204221998	-1.0751762058069538	0.7178542182480694	-1.3408803055616563	-0.7195139507832837
species	species:Eubacterium sp. CAG:274	WindTT_2020	20	8	12	0.15	1.1366900824823654e-06	-0.4128370980849849	0.213067624154312	0.4615924871077431	-1.3175583728161615	0.49188417664619155	-2.0006534890421075	-0.9454021364589654
