bootstrap_id	mean_directed_auc	median_directed_auc	mean_abs_asymmetry	median_abs_asymmetry	pairs_ge_0_10	pairs_ge_0_20	max_abs_asymmetry	reciprocal_pair_n	aitchison_spearman_rho	same_family_mean_auc_difference	mrqap_r_squared
1	0.48695418870541585	0.47455478793506967	0.17560569656707084	0.14547659624484205	25	11	0.5683760683760684	36	0.04586979050487104	-0.011506134027063852	0.03974256094028694
2	0.47496359161025187	0.5125	0.1844499373628695	0.18282897657897657	25	17	0.4063852813852814	36	-0.16613727488476593	0.00952648624125052	0.07124730869292406
3	0.49338943368699556	0.5	0.21724424678836757	0.19076479076479075	27	16	0.6554712892741061	36	-0.1655917844996872	0.019682457557162136	0.07513971240426953
4	0.5059319478526958	0.4967948717948718	0.17474260580988066	0.1503934827798464	24	13	0.4751715420729505	36	-0.1259971734976016	0.06943002661318665	0.0961416015970541
5	0.48421647646132826	0.47404401154401155	0.15840795229532958	0.12404401154401154	20	10	0.4666666666666666	36	-0.0547495751648191	0.03568302535448953	0.05446133004773657
6	0.4767139768220113	0.4737258953168044	0.1615354539036784	0.1251495978768706	21	11	0.4730949801372337	36	-0.1827349193843863	0.05145920144073418	0.12297835617598962
7	0.49835412128812684	0.48709623709623706	0.1896788056279093	0.14428626928626928	24	15	0.46071428571428574	36	-0.022291201759573276	0.07324077055067896	0.08052581637151901
8	0.501815024191518	0.5021645021645021	0.16210732546093196	0.1412985373212646	22	13	0.3931623931623932	36	-0.07674802282188799	0.04470764085767032	0.05399958300031127
9	0.47053267220520745	0.46940735321017013	0.15238820059029193	0.11718155581791945	22	8	0.49498556998557003	36	-0.10589635807437395	0.0116599689420529	0.052511943143644935
10	0.47948772541242124	0.4773976023976024	0.20395701484183135	0.14973561969400634	25	15	0.5041666666666667	36	-0.172059964523531	0.02504699355685519	0.054786535380593415
11	0.5025355217430014	0.4934531963981388	0.19320760460591874	0.1579135510953693	26	15	0.485042735042735	36	-0.017015939005503987	0.08516376743243192	0.046463843615899614
12	0.4954784812352568	0.49458288190682553	0.2016174991367053	0.18142135642135643	26	14	0.5783730158730158	36	-0.07552571566881518	0.07286965465397949	0.07662425920079197
13	0.4931944028875047	0.49793388429752067	0.17649187829645574	0.16611381576170306	27	12	0.43849206349206354	36	-0.06829111577911631	0.0397035882753774	0.037571135162908
14	0.47262880854030026	0.45375836284927196	0.1630786473962957	0.11761200813697614	22	14	0.3782051282051282	36	-0.23108595721388048	0.07756748779143635	0.12273025924704939
15	0.48950453326253585	0.5324675324675324	0.18253614371038618	0.1811081595172504	21	16	0.5405982905982907	36	-0.10512095046978862	0.06422533247474149	0.11100059869191825
16	0.49361118336323745	0.48839285714285713	0.15770912248585106	0.14184704184704183	24	10	0.45952380952380956	36	-0.13880512120824215	0.0037967412292120306	0.02358211498067475
17	0.5095530002266825	0.5079365079365079	0.1857229394374614	0.1500299876180158	26	15	0.5550964187327824	36	-0.09630648574375968	0.05936502805636307	0.07651018999644621
18	0.48912469306195294	0.5032051282051282	0.15020505262982856	0.12345533254624161	20	11	0.5057720057720058	36	-0.07041358953351798	-0.03047517807711836	0.058589459327605176
19	0.46863451555419655	0.467929292929293	0.17647365779167953	0.1525765900765901	22	15	0.6194444444444445	36	-0.1636670735205576	-0.02100417913422692	0.09749621604391934
20	0.4896815282712103	0.4790764790764791	0.19530369746438891	0.1566371128871129	23	15	0.6392857142857143	36	-0.06651924190933126	0.048127155779204345	0.04778471839943654
21	0.49108248061513105	0.48363299099534696	0.2020463059568907	0.1717302943535338	26	14	0.6333333333333333	36	-0.048410574831115	0.04005962224518328	0.058909999889686926
22	0.4863281044645748	0.49444444444444446	0.168299091757265	0.1463334645152827	21	14	0.4899645808736718	36	-0.17258157016969156	0.05026142459868943	0.11237368254771696
23	0.500183816619076	0.49027777777777776	0.15971155870456977	0.12142129459671075	19	12	0.5871794871794872	36	-0.17328508747154947	0.06406533441196849	0.08654144198993252
24	0.4874845559537994	0.4817985045257772	0.1670992822067833	0.13321584518767615	20	15	0.4625	36	0.00038600104211672685	0.03891541835136081	0.08446053813959942
25	0.5128666978492257	0.4935064935064935	0.20290281017847178	0.1338383838383838	24	15	0.6571428571428573	36	0.0510185219551036	0.06935131281081991	0.06368974876701317
26	0.47897720045540676	0.475	0.1850695612045911	0.15085665508200718	25	15	0.5077380952380952	36	-0.0927038383144674	-0.017009647177023746	0.14162455158615728
27	0.47952959781678295	0.49722222222222223	0.20746676952929619	0.19459366391184574	28	18	0.6217948717948718	36	-0.1150375595043612	0.01798141733727271	0.10938905013031552
28	0.4916061581141073	0.5080260648442467	0.1589579521504404	0.12547249307812686	21	10	0.5452028409774888	36	0.04300798675852883	0.05767032914009168	0.0664677798097244
29	0.49649692946081125	0.491468253968254	0.16851664700042845	0.1698131094257855	25	12	0.5857142857142857	36	-0.09810623202294987	0.015443937703737809	0.05334481397731572
30	0.4797568396119932	0.49783549783549785	0.20528866890369238	0.17426958800198236	27	14	0.6346153846153846	36	-0.1653679503034965	-0.0030047826119183885	0.09570861059964442
31	0.4776884384752237	0.4564393939393939	0.19908852523956025	0.18883149678604225	27	16	0.5483405483405484	36	-0.16356662658885035	0.0488548295836167	0.10607915000017332
32	0.486266257488382	0.4898088023088023	0.18628753929516842	0.16730132152667365	25	15	0.48543123543123545	36	-0.07211728157565438	0.01791140012657061	0.028761834319951385
33	0.48996615303966995	0.4916666666666667	0.17996977917752568	0.146168893704105	24	13	0.4988344988344989	36	-0.0921906567396357	0.01828093864068442	0.036626889075256575
34	0.5045358270396949	0.4935897435897436	0.14881776398661806	0.11774978826835425	19	11	0.5512820512820513	36	-0.10950179158950107	-0.017181275700617282	0.04902797532393943
35	0.4898483966812498	0.45873066327611783	0.18487051106289265	0.18096896790078607	23	15	0.5142857142857143	36	-0.17022645957347654	0.04485214068846993	0.08924053928303555
36	0.48557559037779374	0.4894910893630484	0.15600055003997604	0.11700931111142379	19	10	0.5085470085470085	36	-0.10055488833043692	-0.00448967718783283	0.03275163119045821
37	0.4667134749754521	0.47378663003663	0.17579058369311248	0.15898457958317114	23	14	0.5641025641025641	36	-0.011001029700326716	-0.04485229674650287	0.07774462502624946
38	0.5092968267870904	0.5200327841172911	0.1966782643839302	0.1826635805509045	26	16	0.45867768595041325	36	-0.04316674209009794	0.0679540216737966	0.0824224377658751
39	0.5041013449657549	0.48593073593073594	0.20463923026476377	0.2010390333453714	30	18	0.4880952380952381	36	-0.0608901958096538	0.020532372386196318	0.04215661083581279
40	0.5042267794388473	0.48603896103896105	0.18522657789089714	0.154962777121868	22	13	0.5698051948051948	36	0.012416167213846009	0.0006877791354054086	0.019543107340184607
41	0.46870562189130793	0.46577380952380953	0.18921198489193577	0.15726010101010102	25	14	0.6571428571428573	36	-0.1645355898305134	0.06346440728772307	0.09182887360933845
42	0.4984147425788752	0.48538433397588326	0.24626110515328398	0.2165959040959041	33	20	0.8205128205128205	36	-0.10991379674273798	0.062379804463732924	0.05270174224563329
43	0.48248698105118826	0.4797979797979798	0.16417463437709917	0.11699216187852551	20	12	0.39027777777777783	36	-0.2132943129404479	0.006577017944409347	0.08503813509712699
44	0.4772195623214616	0.46737637362637363	0.14422646548926962	0.09861552588825317	17	9	0.483495670995671	36	-0.05326857207286696	0.05399272711212527	0.09919488969795975
45	0.47100200965037714	0.4884976134976135	0.16166128659993362	0.13739385614385616	23	11	0.4027777777777778	36	-0.009682426338307537	-0.02771390363961529	0.10629314659257316
46	0.4603359559438839	0.45815295815295815	0.18502725400932823	0.1505804801259347	24	13	0.7142857142857143	36	-0.1306281358067495	0.01011487082032736	0.09756967445134646
47	0.5019153553811311	0.5095238095238095	0.16876402133417712	0.15691000918273645	25	11	0.4238455988455988	36	-0.04461421108715786	0.05949256438785405	0.05678283784044291
48	0.4782735294672448	0.46897546897546893	0.2014018514365292	0.1717032967032967	25	16	0.47505272505272506	36	-0.2563970695895506	0.0011181423936275081	0.11031397766225415
49	0.48923433592260956	0.5069444444444444	0.1626472800448473	0.13799603174603178	27	10	0.4765310447128629	36	-0.06854680064126649	0.04692248722473785	0.11164464866812662
50	0.4834648568530078	0.4690934065934066	0.18017436323694325	0.15539965796047744	22	13	0.4782717282717283	36	-0.10055407989117278	-0.02768047650637767	0.06954007123595396
51	0.48752156164127985	0.4732905982905983	0.1779633789370238	0.15621578769786196	25	12	0.5305916305916306	36	-0.046158920187807324	0.023107576170833477	0.08694753422048651
52	0.5080823121696202	0.5139942217407005	0.1848332156710838	0.16433128686649817	23	15	0.5836940836940836	36	-0.14462288649734895	0.04295438402580387	0.056287874536693816
53	0.4969266711517566	0.4981040086673889	0.17411564473290894	0.16388989798080708	27	13	0.430952380952381	36	-0.13220429405706488	0.026495690540677352	0.09107363645226307
54	0.477450309487228	0.4883602313179778	0.14751633846544218	0.12757967775573412	21	10	0.40555555555555556	36	-0.23365929749465866	0.05829844847635157	0.17312731419262162
55	0.5095851670795652	0.511646803900325	0.16594358390933292	0.1286986940716134	23	13	0.42238821784276326	36	0.04709136995095999	0.058998538560490754	0.04274892947281117
56	0.45863632781379793	0.4776656735283496	0.16699079979196282	0.13130449362843727	20	11	0.5160714285714286	36	-0.19817458868635873	-0.05012699119090086	0.11689790152792778
57	0.4821444104821453	0.481046731046731	0.16465794370857326	0.1329545454545455	21	13	0.5242030696576151	36	-0.08392238520556747	0.025871119309081037	0.036500335662757566
58	0.493028058763094	0.5	0.17181922674747044	0.13360268448296614	21	14	0.5013774104683195	36	0.0158260427267858	0.0568653361273152	0.06070831632681606
59	0.4945938733250672	0.49851190476190477	0.18422906057482455	0.14510543251740432	28	13	0.5869047619047618	36	-0.11036590590586343	0.03817817493498321	0.0509887340330174
60	0.493639054148417	0.5	0.17141509115874246	0.12109529395060764	22	15	0.4850427350427351	36	-0.12108442178143054	0.008565511382966795	0.08703774047203028
61	0.4839635681358366	0.5	0.1565103601248501	0.1151036863264776	21	10	0.6068376068376069	36	-0.024896867056001998	0.054796147716713095	0.07996842923181569
62	0.47687091565999484	0.487603305785124	0.17267486040026586	0.16261801578702986	20	15	0.5021367521367521	36	-0.14378654418219525	0.005139778110144044	0.09208740643506197
63	0.5155043932579412	0.5	0.16352015289408586	0.14994449017336337	24	13	0.3564768564768565	36	-0.13413644054580628	0.057962563765343755	0.06962096955502439
64	0.49595348056055477	0.49322860238353194	0.15838489670649294	0.1349025974025974	22	11	0.49027777777777776	36	-0.16816508340411124	-0.004777314923823273	0.06707060460700065
65	0.482194368674709	0.47867473435655256	0.17201243389757048	0.11951312576312575	21	14	0.45178571428571435	36	-0.21754900108296968	0.050526740863402475	0.12261187836315479
66	0.46478373189187316	0.45690836940836943	0.1762450313079848	0.17152777777777778	25	14	0.40909090909090906	36	-0.047927692094897806	-0.0050733521269323845	0.08840777460729943
67	0.46399669793422466	0.4772727272727273	0.16686931322814802	0.1457076987246642	23	11	0.5576923076923077	36	-0.03834215367591825	-0.06433551614237132	0.0919912553367438
68	0.4915725236414523	0.49891980085642057	0.19273640941107867	0.15943431568431565	24	15	0.6260683760683761	36	-0.05352504752091386	0.058186832114119735	0.053311879356799374
69	0.4858057597140771	0.491712580348944	0.16288820898162554	0.12972255017709564	21	11	0.507076257076257	36	-0.0181429241738093	0.03798410530860291	0.0438472891547913
70	0.5083004452669413	0.5133099934636427	0.14019021536627174	0.10617539026629935	20	9	0.45833333333333337	36	-0.09740092962745409	0.049925316634294226	0.0820255115429448
71	0.4832935893095143	0.4848320693391116	0.13779175453978057	0.10227777273231817	19	11	0.3701576201576202	36	-0.0578050502655769	0.026837312589738038	0.06259760125207048
72	0.4827381101168713	0.4894401373274613	0.20724784854773118	0.17685942773970942	27	15	0.5419871794871796	36	-0.09575811564994155	0.0743490568945483	0.1437932708577725
73	0.4787411201490374	0.4744146005509642	0.16793280244517972	0.14464184982750922	24	14	0.41666666666666663	36	-0.01508584354713557	0.016761926665649685	0.05976266479525061
74	0.4704944009581494	0.4502164502164502	0.16814080906723888	0.13187229437229436	24	11	0.522077922077922	36	-0.22439346845306193	0.040600078026146624	0.12348399604213878
75	0.47892442671972124	0.4935064935064935	0.2201997892245438	0.18208453056404403	29	16	0.5324675324675324	36	-0.20331022820681285	0.03951412379931046	0.0687989675968873
76	0.49424026702222396	0.4981040086673889	0.1607031748463673	0.12242807697353153	23	9	0.5950396825396825	36	0.0251544012446067	0.011112454375898528	0.06842359403704135
77	0.49814613092662063	0.48415492957746475	0.18360857060574307	0.16010346976256068	25	14	0.4625	36	-0.20666806826155598	0.08238904901116806	0.10527613323901641
78	0.5023023036147235	0.49205762938157305	0.15828206842398052	0.13238107212178912	25	8	0.4443842542434092	36	-0.05436225048499104	0.041680429906939376	0.04623491014216363
79	0.5092669071722369	0.4986225895316805	0.19176877667194572	0.1524260461760462	27	14	0.5241883116883117	36	-0.08556218857209945	0.033539284367918754	0.06539585534667369
80	0.4756644260078693	0.4691835941835942	0.186125956379104	0.14520658421106566	22	15	0.48750000000000004	36	-0.20368315832000208	0.017805897557633565	0.10285299643596535
81	0.4804818607555483	0.465491452991453	0.19252283319184732	0.1407376465475057	24	15	0.5353535353535354	36	-0.09415208752297163	0.021998691252606395	0.04431365448065372
82	0.4704021575800545	0.4861471861471861	0.19727040266012738	0.19611291486291488	23	17	0.5641025641025641	36	-0.029561008817139325	0.04079431527876559	0.07222189900675446
83	0.49613985193704047	0.5006887052341598	0.1798376017072667	0.132032992260265	24	13	0.5641025641025641	36	-0.03403461428641068	0.03078845019164389	0.05575818702260327
84	0.4961672810224347	0.4891943541591429	0.17030504134110622	0.16957514316669245	25	14	0.4141988684242206	36	-0.2392222226039882	0.06765412724279557	0.13159830118272475
85	0.48137530643665943	0.4692099567099567	0.16565721903963476	0.13764236545926684	25	12	0.42301673287588776	36	-0.07916110754734464	0.03530029072233343	0.0685559852550045
86	0.48748000349246084	0.48053751803751804	0.16171271381872107	0.12803283375466473	20	11	0.42857142857142855	36	-0.0758170380224271	0.09218331156816084	0.15680356665412198
87	0.494121937843262	0.4967265981990694	0.17602984102530625	0.14386642398006033	23	13	0.6047008547008547	36	-0.12757129318682195	0.09280724634345494	0.09906358419422523
88	0.48400390647176283	0.5078003515903644	0.16152317548364284	0.17133838383838382	23	13	0.4015151515151515	36	-0.18582733502569426	0.04224983055482645	0.133289171629269
89	0.5134075531049229	0.5219155844155845	0.16336226080277508	0.12950118063754423	24	8	0.5412603828096785	36	-0.04686620629682289	0.032948824180787484	0.0709641896168145
90	0.47715109446263415	0.492288961038961	0.19507033375604652	0.18663628038628038	29	16	0.43526170798898073	36	-0.08636634447973196	0.03685671761591436	0.05588803503200879
91	0.4949388756733774	0.48525641025641025	0.1324648348936121	0.10115194149285056	18	8	0.3707353252807798	36	-0.10209891732591388	0.010131055792375165	0.05357264513612525
92	0.48912757132787543	0.5	0.1437559386302984	0.13576109478798337	23	10	0.35119047619047616	36	-0.0280518899618452	-0.0075501605530291505	0.02682166212835868
93	0.5074764960788488	0.5107142857142857	0.18365398309780515	0.16043552407188771	26	12	0.5440476190476191	36	-0.09756176339500272	0.03542678251932907	0.06989887682685603
94	0.5022479873472191	0.4894430686684208	0.18987389870605834	0.14575475030020485	28	15	0.5166125541125541	36	-0.05430097250988773	0.03403636331330123	0.09852190163875141
95	0.4707436020009378	0.4863782051282052	0.21101125892925937	0.177889282434737	26	17	0.6386904761904761	36	-0.18553932591563807	-0.013806825547751922	0.10584987628596099
96	0.5121924254226591	0.5187590187590188	0.13460511441065218	0.11380763211749129	21	5	0.6577380952380952	36	-0.18184742970663825	0.027294039289939565	0.09849498532166445
97	0.5001320755642138	0.4937240523027975	0.2002346646019288	0.1875516893122527	25	17	0.5224386724386725	36	-0.14214602656400913	0.02674027292514425	0.08512393154660491
98	0.5045982307485989	0.49841068022886204	0.20002948489797612	0.1534541847041847	24	15	0.5019071837253656	36	-0.05870385320052151	0.07354180687905948	0.06582665659223963
99	0.503615731397955	0.5248966942148761	0.14904619228402838	0.1404267485253401	21	10	0.680952380952381	36	-0.06294983052790169	0.03460364298909563	0.060507384212327264
100	0.4796194328317941	0.4870621162874684	0.17112699966013026	0.14544532150165956	24	12	0.4928571428571428	36	-0.13960258788507582	0.030990199671685426	0.04529104191176425
101	0.4881830335088711	0.5013542795232936	0.1858599013595279	0.15446674537583632	24	16	0.7158119658119658	36	-0.11522131107184297	-0.011520897811218345	0.04168003740451531
102	0.5044551645063808	0.5179126429126429	0.19402235710654406	0.19563886817407944	26	17	0.42500000000000004	36	-0.05950945086734111	0.029586586875811616	0.0937875280669469
103	0.5111985281399494	0.533044420368364	0.1969451316415678	0.18024299644017952	26	16	0.5333333333333334	36	-0.15086328684888045	0.01001529323626249	0.05253001236521282
104	0.48443969728580805	0.48646423998536675	0.1956324113774498	0.16089353721395977	23	15	0.5422619047619047	36	-0.12773725910106057	0.044980506398129394	0.07412109651000165
105	0.49254259195973876	0.5083874458874459	0.19999309891275321	0.18089899146237176	27	16	0.5319983047255774	36	-0.1988564689338548	0.06710368029707142	0.09730807652088258
106	0.508643951076863	0.507309591816634	0.18076305388111835	0.16620216904307814	25	15	0.3994047619047619	36	-0.1331028157740874	0.019920917784788217	0.05341719804633027
107	0.5036596672640207	0.5028769841269841	0.19878057657080278	0.15674048174048175	26	16	0.5694293968941856	36	0.028853577898225333	-0.019666705548957053	0.026293048370547467
108	0.48963690230628987	0.48159235131066114	0.1931434690370883	0.1548182877728332	24	14	0.5460455037919827	36	-0.03152316500630744	0.1053244586650971	0.13084074627032694
109	0.48551704389905953	0.48827033686188615	0.20291630994122456	0.18360791204101062	25	17	0.6292116973935156	36	-0.09052233887569214	0.03188444725410394	0.03362875406689947
110	0.4859274052562572	0.5031385281385281	0.14165331909676765	0.11212468087468089	20	9	0.42719401810310903	36	-0.09842947440744977	0.018941024940237028	0.07621516384624394
111	0.5011444533971743	0.49702380952380953	0.16916266993625084	0.15822788322788323	23	14	0.4545634920634921	36	0.08726770067562457	0.03732136133507663	0.07483955843465062
112	0.48070061444341217	0.4726190476190476	0.20474515861306297	0.17245794644962378	25	16	0.5371900826446281	36	-0.1000120652325966	0.10471893224638729	0.08618914541252254
113	0.48724298715562586	0.47883518530125446	0.14365226361465158	0.12430555555555556	20	14	0.37800078709169616	36	-0.06549203667895961	0.05887937713845082	0.07664906942328364
114	0.46622547522702246	0.4818632072153199	0.23971935396924726	0.22243863335412628	29	21	0.5412698412698413	36	-0.14471706057487468	0.06821928603532562	0.05933125370022352
115	0.47957368942884304	0.4873397435897436	0.13799862889438222	0.09159451659451659	17	10	0.42638888888888893	36	-0.10399427802591016	0.030661332741259872	0.10988211449285368
116	0.47414010561351044	0.44300144300144295	0.19838095075637754	0.17889167757125507	24	15	0.5296647796647798	36	0.03567292964228751	0.027840371849223833	0.015656622061218317
117	0.4900014812746887	0.4926948051948052	0.18417998010667666	0.15842490842490842	26	15	0.5641025641025641	36	-0.0839552266603881	0.003924057860456076	0.08560918548946295
118	0.5121843656661466	0.5207472451790633	0.15466948160476757	0.12932900432900435	21	14	0.44999999999999996	36	0.03380671435687087	0.05513695635623894	0.04975535581314683
119	0.4952770753860436	0.4782509157509157	0.20252758600096415	0.16783910533910534	29	17	0.561303719754424	36	-0.06459136033956332	0.05188225559501297	0.061535565838503725
120	0.48369752762491774	0.46403236914600554	0.1856932689865895	0.19021393317167967	26	17	0.5726495726495726	36	-0.1948081240882165	0.047645151490443516	0.08379566593231225
121	0.4770319482340663	0.49354811854811853	0.12720533569471898	0.11030352223534043	18	9	0.326923076923077	36	-0.06783913775336979	0.008768456535803493	0.06714433367579153
122	0.4941377727102492	0.4897977609245215	0.1820711270815304	0.16775270184361088	26	15	0.41666666666666663	36	-0.08640406796250316	0.019782283970393444	0.053032631428799104
123	0.4862211857276944	0.4766657638136511	0.1923224578767686	0.16075749368002887	25	15	0.6241883116883117	36	-0.14256305155511112	0.04212580902413954	0.04539924582022126
124	0.5095795614328211	0.48556367874549694	0.16210757018348781	0.1289335664335665	22	11	0.6017857142857143	36	0.07372738453402476	0.013416636392542536	0.03494787602778682
125	0.49075754633066304	0.4741522366522366	0.20839529946310786	0.20345651822924551	28	19	0.7017857142857143	36	-0.21628577291684084	0.039736248593052026	0.15516489625404462
126	0.48557167669216855	0.4662601589618235	0.23526956186073766	0.24636300710244372	25	19	0.7243589743589743	36	-0.10415427315656316	0.059384766093805386	0.05995796340813431
127	0.4727694903044347	0.475	0.2190236688075997	0.22837995337995337	29	20	0.5982905982905984	36	-0.028338909842069698	-0.04117195698957249	0.06929797769611545
128	0.48503523776811225	0.49713449429358525	0.1873854584935464	0.16283384065074205	23	15	0.4893162393162393	36	-0.04625579154698777	0.023148283149268034	0.12179503819180326
129	0.47783896061278164	0.4771415453233635	0.18516261440263784	0.15235703263872274	24	16	0.5961538461538461	36	-0.035994597177384784	-0.004726358016333865	0.05906837913277707
130	0.4875612092861612	0.4767177267177267	0.16558965839135495	0.18305722055722057	24	13	0.4880952380952381	36	0.1050557723577552	0.07917491384071451	0.08922275723633122
131	0.47705254512366124	0.470680834317198	0.17301621135381273	0.14762136870811646	23	11	0.49517149517149517	36	-0.14269516025492437	-0.011281797492153967	0.046115707484323476
132	0.4881519470574635	0.4898931272170709	0.22429967313396673	0.1763888888888889	26	17	0.6327380952380952	36	-0.06044084392535886	0.0003888272364340195	0.039793196809045805
133	0.47883466249610085	0.48546831955922864	0.2071713123703094	0.17960130636186977	26	16	0.5636904761904762	36	-0.038471127905656835	0.03076378211018227	0.059476809516239126
134	0.4912143617682724	0.48829365079365084	0.19297871844686826	0.19944291819291815	24	18	0.47435897435897434	36	-0.12959984989069104	0.024362104163332954	0.06595016137534426
135	0.49347358843931083	0.507212377890995	0.2399005731685523	0.21779483143119507	29	20	0.7934523809523809	36	-0.17505006526971947	-0.01816010584865846	0.06676567777418718
136	0.4761222523386416	0.4862554112554113	0.16026475776795876	0.14215381644959107	24	12	0.47222222222222227	36	-0.05979751402727095	0.011906777355413178	0.09350725111208547
137	0.5075858140492157	0.503968253968254	0.18518204371544106	0.13224206349206352	24	13	0.5982905982905983	36	0.03740963357381179	0.08028503368710699	0.12572499766278633
138	0.4834081784872704	0.4893398268398268	0.17174236827059064	0.15703971657876908	27	9	0.4505952380952381	36	-0.2046819893377105	0.04710846559161086	0.12314920044460054
139	0.49055370761650113	0.48727563516295913	0.165988413785042	0.13873102640708274	23	14	0.5021367521367521	36	-0.02142323007278345	0.05239581228439183	0.0432441054094066
140	0.501308812549743	0.5041322314049587	0.18407133227342362	0.17457084191239125	24	17	0.6003205128205128	36	0.005082387915164843	0.053362658112978245	0.09000729940242125
141	0.510996117270125	0.5088023088023088	0.18836041766046036	0.17377839296853376	23	14	0.5213675213675214	36	-0.043585250193682236	0.11627189453410774	0.11622658073786052
142	0.47386039118660217	0.45240384615384616	0.2006525387540646	0.17129820936639117	27	15	0.4680735930735931	36	-0.04114127773894114	0.04700253898268025	0.08453430121276329
143	0.49482146685651807	0.4935446009389671	0.1220956775160787	0.08790830381739476	16	7	0.41369047619047616	36	-0.09254374984748527	0.05821296648786056	0.07878939700051002
144	0.4858915438774327	0.503517609151412	0.17060764569167258	0.14771620469443775	25	12	0.4711399711399712	36	-0.19360754220568285	0.024781426870895573	0.13850138799202794
145	0.4931470240035647	0.5041437098255279	0.18025796068903197	0.1402318827494884	24	13	0.5641025641025641	36	-0.08823269552275644	0.04129532975095851	0.06934688059027272
146	0.4676261131920276	0.47371441689623506	0.18788889118461247	0.13664529914529916	26	14	0.594047619047619	36	-0.14069511759938458	0.05694246919211221	0.10289646051329537
147	0.48727574893748066	0.4801868905742145	0.15281812225767621	0.09970758896815238	18	10	0.5863095238095238	36	-0.046480211461159285	0.04017140979362738	0.07866271194663199
148	0.5083297114493763	0.5	0.17754907968843095	0.14669995408631772	25	12	0.5767496392496392	36	-0.16919848375801946	0.04849310899000636	0.10277397884872963
149	0.5026459130825862	0.5013888888888889	0.1847828830169846	0.15748556998556995	25	12	0.49702058504875407	36	-0.17710729709698478	0.014964941134792575	0.058757964473049706
150	0.483799274370924	0.4849178776835627	0.18546593994203897	0.18740981240981242	23	17	0.444143493439268	36	-0.1818752110192386	0.06135963804189937	0.07702682056113086
151	0.4791151076855835	0.46927315109133294	0.15427433639928306	0.12706611570247933	20	12	0.4372294372294373	36	-0.1385455489670783	0.10384159642408447	0.18957635248129734
152	0.48782160314117207	0.4707669224714679	0.21273191269456737	0.20802833530106252	28	19	0.45670995670995673	36	-0.08289638965907098	0.03796336635829889	0.09286533100712024
153	0.5043909073658593	0.5200052472779746	0.1896458745783863	0.15729365509295087	27	15	0.4372517154207295	36	-0.05188372205016988	0.08584535878039035	0.1214098002698194
154	0.48034801000283284	0.494628024557602	0.18953904531155918	0.15531944581240362	23	15	0.5216450216450217	36	-0.1545909316832744	-0.01816718167525805	0.10362071601307354
155	0.5122866549323015	0.5	0.18362375904789477	0.14836552336552333	24	12	0.6225895316804408	36	-0.0357122749446017	0.060615194705488096	0.06622689010955507
156	0.4929347559815977	0.48273809523809524	0.2108050483210534	0.14553325462416367	23	15	0.5942460317460317	36	-0.07230969921431563	0.02796047298127957	0.03782321408616196
157	0.4803771460268206	0.4549761662437719	0.17211346409356437	0.14771602614912474	25	12	0.5026695526695526	36	-0.14494222603920542	0.015136448598787156	0.04035100023401805
158	0.47702061154432585	0.5029761904761905	0.16578672336381473	0.13382034632034634	24	10	0.4833121424030515	36	-0.08550266794241196	0.05700265701527629	0.07849657291313794
159	0.46201377943735494	0.4765840220385675	0.1762495935898091	0.16099386724386727	22	13	0.5427350427350427	36	-0.0869446377567323	0.10611695432591972	0.11928751075623745
160	0.48160960299244543	0.5013774104683195	0.1630528379754799	0.16309687786960514	25	13	0.4444444444444444	36	0.06349717142820158	0.028987139825931263	0.02285393674314473
161	0.5141939294107988	0.524633816887338	0.20085386645886005	0.13953534728182615	23	13	0.7051282051282051	36	-0.1140302244360815	0.055889715729295186	0.055756709274257465
162	0.48086363946572547	0.49746771225644465	0.15763948231271108	0.1280636030636031	22	8	0.5982905982905983	36	-0.08331189159019355	0.034596179241542735	0.1041084377708068
163	0.5133396425216473	0.5126602564102564	0.16924790410305776	0.10116587957497045	18	13	0.5288461538461539	36	0.08141339860302463	0.08089509812910528	0.06722972803918414
164	0.5022347259409786	0.5105068542568543	0.21919847138050297	0.20751678876678875	29	18	0.6190476190476191	36	-0.17482349431930846	0.009887258112167008	0.07297322045532284
165	0.4880545587811913	0.499559019725473	0.17580597940179674	0.15809884559884563	25	14	0.55	36	-0.12863174487205786	0.06058005846381209	0.09448465362411951
166	0.4862232405039436	0.4582188644688645	0.15675589215521993	0.13800505050505052	23	9	0.42261904761904767	36	-0.21377852513461149	0.03721000977064465	0.10345042699850238
167	0.49866613215884986	0.48863636363636365	0.16214365331282743	0.12846670153008177	22	12	0.4724358974358975	36	-0.03535097789993049	0.07752028522792098	0.07503338527753312
168	0.47650020796827774	0.48064435564435565	0.1871696126564351	0.10593024399842582	19	13	0.7083333333333333	36	0.03792399260394934	-0.00874617144321893	0.04448356143572607
169	0.4909158492538508	0.4933080808080808	0.1582574091843725	0.14898504273504273	22	12	0.47916666666666663	36	0.018013671613897848	0.021971834176908955	0.03253972940943617
170	0.4783591396007369	0.4755823401950162	0.17525512985260103	0.14480216752944028	24	13	0.4546564546564546	36	-0.06272365653926303	0.0329188922924149	0.07137624380440466
171	0.4697943617731283	0.4759224148308655	0.16981007267498946	0.12748025644152408	21	11	0.5213675213675214	36	-0.1033162898321377	0.10130102125349849	0.13700153849629493
172	0.4799436855301399	0.4886337254295001	0.17657812880950952	0.134687612856627	29	14	0.4081196581196581	36	-0.06510550910368793	0.09699489437344022	0.12393089334008622
173	0.46984692945133616	0.4686965811965812	0.18362225557594744	0.1518897768897769	22	13	0.6166666666666667	36	0.015118374149571802	0.03972566438180042	0.021067315313211155
174	0.4779263864751221	0.4475732600732601	0.16436289950347788	0.1408386214724243	21	11	0.4892857142857143	36	-0.047548578440272854	0.014438829026943323	0.0703379290396382
175	0.5038493960128884	0.5016251354279524	0.1546677188522579	0.1053268070313525	19	12	0.4486111111111111	36	-0.1307256862635315	0.008650867726941236	0.04199812992993679
176	0.48366624881042825	0.48617424242424245	0.14321889071275543	0.10055916305916307	18	8	0.4773809523809524	36	-0.06584481506929728	0.00443149031577339	0.032969039525886035
177	0.49588107009748605	0.47113997113997114	0.15106682438228536	0.08633098655505825	14	12	0.45384615384615384	36	-0.12953968224954554	0.057588477388475	0.08326117524998322
178	0.4981437854837342	0.5	0.15735849783545047	0.12133509096537262	19	12	0.5	36	-0.17061246061559326	0.054757160704294594	0.07629655335771557
179	0.5018550464706568	0.49300288912964974	0.1988084187828106	0.17227180096898406	25	17	0.5444203683640303	36	-0.12969530745452204	0.020847297804354736	0.053370345922814866
180	0.48604669926092775	0.5	0.15720613753984428	0.1305219401810311	21	9	0.7041666666666666	36	-0.1666599696304696	-0.0026822998687840993	0.03928800854330172
181	0.4896182486884845	0.47649572649572647	0.1603389920037914	0.11644207265205986	22	7	0.6297619047619047	36	-0.07089381487822344	0.08414379219689216	0.10324232021863111
182	0.4762800474588246	0.4955357142857143	0.1669036107069611	0.1275186934277843	23	12	0.4615384615384615	36	-0.06999598112828878	0.016122991719859647	0.08482241265938228
183	0.4825627544137468	0.49702380952380953	0.1436773578178828	0.12582468037013494	21	11	0.3214285714285714	36	-0.11577000739003278	-0.018662589503473992	0.10276686540447333
184	0.49225610369243	0.505791802094619	0.1917564662242959	0.14108782631509906	24	17	0.5434523809523809	36	-0.14960757057374138	0.07676554047608175	0.11078304197200484
185	0.49276774443427773	0.47095959595959597	0.18749682018594738	0.1775941976646202	26	17	0.4921356421356421	36	-0.05783442792697176	0.048816645512634316	0.05519087818457813
186	0.49379031684436087	0.49234681593836527	0.1742399308260384	0.1546134421134421	27	12	0.444047619047619	36	-0.11712103276107512	0.04189395766528142	0.05696091553187721
187	0.49522157720581217	0.5096500810329235	0.15746893176337265	0.14422383172383174	25	10	0.5041666666666667	36	-0.005436312462372007	7.083888812198236e-05	0.049158810594758906
188	0.47627345265722876	0.4700854700854701	0.2033430583086473	0.1922052907968401	26	17	0.48989898989898994	36	-0.12175214087910716	-0.016665385452012516	0.03783787542801986
189	0.48166241598539933	0.4820075757575758	0.18485845259212738	0.17425081231899417	26	14	0.4714285714285715	36	-0.09746369600506065	0.06833993787000281	0.12569382588021194
190	0.47472511868318534	0.475	0.1890190788211488	0.1375426705532339	23	14	0.5458333333333334	36	-0.11834053475327048	0.012668360850548344	0.0852867483152201
191	0.487406005614499	0.47638888888888886	0.1760468534129439	0.16656746031746034	27	15	0.4470238095238095	36	-0.21484001946645653	0.021766883460717756	0.07394553426066686
192	0.46977914278383764	0.49449035812672176	0.18607179521605474	0.16368145743145743	27	15	0.48363000635727915	36	-0.10029432479992709	0.06317696086101982	0.10816262849869451
193	0.47225099313634306	0.4848426221665658	0.1659401398304514	0.15785533910533908	23	14	0.40170940170940167	36	-0.19579430633563796	0.045551975383798404	0.08775852311267596
194	0.4932963875705553	0.4822589382448538	0.17599608702895086	0.14063713974885547	23	12	0.4713392667938122	36	-0.12631782548956053	0.06532058030285132	0.045964997723083045
195	0.4716704059473746	0.47638888888888886	0.18950447162541698	0.17564935064935067	24	15	0.48615625376188754	36	-0.15636007468006594	0.03813324879346003	0.052417246863303735
196	0.48460130897244114	0.4838889103853893	0.25121551808358256	0.2321150760251272	27	22	0.655982905982906	36	-0.1610885114169451	0.07785997054889249	0.11047541715243825
197	0.473872333489411	0.49945828819068255	0.1782044063747542	0.13079004329004335	23	13	0.5873015873015873	36	-0.21905735254602898	-0.04240982795480236	0.12333913674632113
198	0.4933628320392085	0.4833152958152958	0.20965611377209753	0.14720418470418467	23	16	0.5895316804407713	36	-0.09215848972751439	0.07745967085706573	0.07457651451867164
199	0.4980845319300291	0.4903827233372688	0.13906884371299652	0.10838905013040734	20	8	0.3661369928975562	36	-0.24617216460994257	0.07229593441895227	0.13760094235012665
200	0.4972776623924992	0.49702058504875407	0.17575768842174094	0.13819520925794931	21	15	0.5553571428571429	36	-0.2334038399521272	0.012287760275608683	0.06317772075437111
201	0.4672460126252007	0.47181637806637805	0.1876316879264489	0.17851708861632037	23	14	0.5726190476190476	36	-0.0791964572920703	0.006807194831116525	0.08246558936814186
202	0.4801696500700181	0.475297619047619	0.16559662205335485	0.15602863046044865	23	13	0.41190476190476194	36	-0.0983448352726721	-0.019811302715308843	0.09853883637014949
203	0.4779839673138862	0.4708333333333333	0.21750455938996274	0.1597746443697148	26	17	0.6103896103896104	36	-0.05436093935595792	0.00619327278541304	0.018418228298224593
204	0.4911046078472988	0.49444906619202394	0.15304558814748742	0.13375606201310428	23	10	0.44761904761904764	36	-0.024028178520059507	0.05298264800850255	0.053241066507942914
205	0.5099481783480663	0.512987012987013	0.17838448802624005	0.17244338034991044	23	14	0.6952380952380952	36	-0.09913952841791637	0.07245985446560399	0.08466679947709743
206	0.49751588965937565	0.48899572649572653	0.2039576839179379	0.21037022445473147	27	21	0.5732142857142857	36	-0.05365414485422503	0.03574289836940059	0.05605353197985763
207	0.507096103562306	0.4865892750015669	0.1792340319909142	0.12118735493415389	22	15	0.4113095238095238	36	-0.09598482079471572	0.04227576770193475	0.020448996784707685
208	0.47092630061446744	0.5097402597402597	0.1942988285524564	0.196268315018315	26	17	0.6349206349206349	36	-0.0823140604603477	-0.046600128397380425	0.13218444157296771
209	0.47533574130951955	0.457204767063922	0.16079857366002268	0.12416701061067258	21	12	0.503968253968254	36	-0.07826108210239388	0.05334307646155145	0.03728981364391648
210	0.4993160107209936	0.5024711399711399	0.1408993828408041	0.10639903914551804	20	9	0.3922619047619048	36	-0.14851628900243993	-0.026987660541413105	0.06734581510243642
211	0.4971656231359336	0.48457792207792205	0.2089208851466107	0.17879155273521474	26	17	0.49157337185506195	36	-0.14700206353945347	0.074619770618921	0.10653582487423041
212	0.48551896084306456	0.4911976911976912	0.22101852598011368	0.19718614718614716	27	17	0.5743801652892562	36	-0.20384399467369763	0.05381182977041349	0.09278704395768655
213	0.515301676620632	0.4986111111111111	0.189670337062836	0.14602730993576063	28	15	0.4423076923076923	36	-0.06758452257419796	0.022722300756194636	0.05212541935606363
214	0.4895968319610552	0.47103454057679406	0.1706153456927038	0.19583333333333333	28	15	0.39072039072039066	36	-0.19560445551362812	0.044227456801819	0.07507571755086861
215	0.4744313644655087	0.47401395552804004	0.19573504063474184	0.146270464668352	23	15	0.5683760683760684	36	-0.08266656272097743	-0.002268012227876315	0.05233334392352518
216	0.48435108741340077	0.4931593836523414	0.18866480889528267	0.1253968253968254	20	12	0.5512820512820513	36	-0.08556494016601478	0.010971140236258947	0.05486570951033476
217	0.5056814031305868	0.4986111111111111	0.15370836290730658	0.10520344287949926	18	11	0.7158119658119657	36	-0.0571621592643264	0.049092898446476296	0.05499772071420528
218	0.47230658858379726	0.44978632478632474	0.21202728337011306	0.21067821067821066	27	18	0.5795189658826022	36	-0.12036508859996013	0.004453457422776919	0.039446895677713756
219	0.4863551605935835	0.49124506166759685	0.19102169723701945	0.15289288176612117	25	13	0.7051282051282052	36	0.04567715721224099	0.06579525286373011	0.07922045796763544
220	0.48421822014038185	0.4766657638136511	0.21452901124262624	0.22284369670733303	26	19	0.7202380952380952	36	-0.16231082839654654	0.03422491637465036	0.04214643310922217
221	0.49775177664035436	0.49097420576293815	0.15619028251470632	0.13635051816869997	23	16	0.5114662332972192	36	-0.12545235588250286	0.023466836474260344	0.07757753948039181
222	0.501170777776625	0.5027085590465872	0.17797188633989747	0.15685044611100954	23	12	0.47678571428571426	36	-0.09492790560498784	0.026716023041493564	0.05805278074961573
223	0.4979884535535677	0.5070387359119753	0.15626648188401285	0.13731603437109194	23	11	0.43392857142857144	36	-0.07546259704571148	0.026497022086933775	0.03512152793868917
224	0.48915851212519473	0.4756370390173207	0.15298726003884988	0.14931110556110555	19	13	0.44623179850452577	36	-0.002508986602542837	0.03567549558001887	0.042471428999974026
225	0.48593408017623774	0.49783198022634645	0.17767148054439988	0.13007100223009313	21	12	0.5662393162393162	36	-0.12410033276396179	0.013297355981291725	0.09400320896307857
226	0.5002918612820447	0.49412960776597137	0.1899466536016899	0.17538143674507312	26	15	0.5854700854700854	36	0.005693561145469476	0.06784394750439277	0.07021267176054113
227	0.47154876410638263	0.48186232781303207	0.21948271620966883	0.16367963022892598	26	16	0.6482142857142857	36	-0.20918544344855122	0.020426220993294775	0.12654519410251952
228	0.5078395565238022	0.48968716143011914	0.22994283536723786	0.1965277777777778	24	18	0.5836940836940836	36	-0.1119706685787512	0.09112306802355308	0.08081546876323231
229	0.4844054173259518	0.48268398268398266	0.15567077645209315	0.11172859808423191	22	11	0.5049656915854099	36	-0.05593843407893457	0.025399496285749168	0.032303351578850115
230	0.4762933782993535	0.4928571428571429	0.16013757823403577	0.1305960897830296	21	13	0.45301920301920306	36	-0.02718046967797896	0.00023280920355683854	0.12632916407268524
231	0.48468972786354353	0.48709623709623706	0.1865039595566698	0.16486805448073055	23	16	0.4680390032502708	36	0.036671278312511026	0.06981091682374557	0.05963566699658962
232	0.49951238436086914	0.4908008658008658	0.1802789753440629	0.17446882147586373	26	13	0.4545454545454546	36	-0.1661131216312961	0.03281400902904408	0.07986183544998648
233	0.4796959594108015	0.4768668831168831	0.17182571088354273	0.15725713058459537	27	12	0.6047008547008547	36	0.01772388118385971	0.018706443812816387	0.033798303281928455
234	0.4829013060847248	0.49310064935064934	0.1705782925559921	0.15751262626262624	26	12	0.5726495726495726	36	-0.17303470533487847	0.0037823151437354485	0.06591680546467116
235	0.48633875349824457	0.4939073543827065	0.1857887000746049	0.1878156565656566	24	16	0.5357142857142857	36	-0.12831317975030196	0.014082869816581578	0.08164432019608125
236	0.503397402902578	0.48766889675980585	0.1622261125755577	0.1136494818313	20	12	0.5800865800865802	36	0.03718536497440342	-0.006624867862802364	0.06791913729404264
237	0.4778854019857807	0.49377705627705626	0.15233068585474693	0.1385799744074392	23	14	0.38783943329397874	36	-0.008395455170047186	0.054609413993155165	0.07004047398263302
238	0.4994746394474307	0.5055555555555555	0.17701280211150036	0.19846982403000332	21	18	0.49523809523809526	36	-0.04454987913173297	0.057015417525119294	0.0524906175427009
239	0.4997989091218925	0.5201388888888889	0.16748521125655141	0.15742243867243866	21	16	0.4431023521932612	36	-0.2170612526836394	-0.012160220479805806	0.09555863991044644
240	0.488056079327953	0.48281926406926406	0.22649374117844032	0.2096989695821322	27	19	0.7243589743589743	36	-0.033999985113945884	0.016364081298829714	0.01569464828613587
241	0.506524575796076	0.4908424908424909	0.19462751941945283	0.1742891578118851	28	14	0.5470085470085471	36	-0.08743134480903617	0.028543473144822418	0.04528624364283107
242	0.4764011049562426	0.46674537583628495	0.18214667188338762	0.1913780663780664	24	18	0.4786324786324787	36	-0.18444861336829044	0.032801054189744716	0.055982548509426966
243	0.4943371767595519	0.48739139648230556	0.1580548017567864	0.15114784205693294	24	9	0.4444444444444444	36	-0.05432833635631552	0.061361952666985686	0.10922570190123615
244	0.5013016015250064	0.5055014430014431	0.16094768100609969	0.10895178764897073	18	13	0.5131535131535131	36	-0.1547195966284956	0.07584555431244833	0.12245569499078979
245	0.48373702510026134	0.49713449429358525	0.20119734919804277	0.17617861936043755	26	15	0.6060606060606061	36	-0.14683886873369698	0.06269188223789068	0.11408494108944567
246	0.4935205465475152	0.4877344877344877	0.20908660293129988	0.19807460998242046	28	17	0.6125	36	-0.08775160906689677	0.0031412012139999668	0.028652385040189077
247	0.4621761028377812	0.4754960317460317	0.17945673909048854	0.164966662125753	26	12	0.44871794871794873	36	-0.04326602271728521	0.06022944377131567	0.04518194990474145
248	0.4978338930496955	0.5124593716143012	0.15227737645844772	0.13305617238075626	27	6	0.3900266400266401	36	-0.16813697235801667	0.026606945958492334	0.1096085171366693
249	0.47928393130991304	0.4747474747474747	0.16594066569525381	0.14245129870129866	26	12	0.4017857142857143	36	-0.100299162963517	-0.02656827695215369	0.06555665308791092
250	0.5062773653015864	0.5072228241242325	0.20847357332365865	0.18671879763429058	27	16	0.5098386462022826	36	-0.15864642830997475	0.05141597913943524	0.11776106691408317
251	0.47422119750931635	0.4882226048599288	0.19223189024858894	0.16653548471730292	25	14	0.6089743589743589	36	-0.11026674453226726	0.02677499665403482	0.08759042893764779
252	0.5175343711275209	0.5096418732782368	0.18474494189122873	0.14099984522519732	23	13	0.5465872156013001	36	-0.1271551766239518	0.06632794800491543	0.06563248430219892
253	0.5012873827201079	0.4991874322860238	0.1935184328483518	0.19067460317460322	23	18	0.5851190476190475	36	-0.004020779538162568	0.024424584643608693	0.049827800528510324
254	0.48884729775014674	0.49288852774768266	0.15590771985084834	0.1510109386629873	24	14	0.32559523809523805	36	-0.08977813083053846	0.03587956295813571	0.04055336333990922
255	0.4984814854866605	0.49104683195592286	0.1782899456181573	0.1714474288337925	28	14	0.5041666666666667	36	-0.18196586167416448	0.09156515016113165	0.23086460803145292
256	0.4887952854475475	0.4550830624774287	0.17457912349344273	0.1496313971986187	26	12	0.5146747192201738	36	-0.02952931712735016	0.008390103007949956	0.02617081110179864
257	0.49182250716474996	0.4895335493927043	0.18654003784979029	0.1672964066449982	23	14	0.5902777777777778	36	-0.02734086125694802	0.027962519822561427	0.01937369201458261
258	0.5104494958594938	0.5278679653679654	0.18891582485265795	0.18531746031746033	27	16	0.380362062180244	36	-0.1779114530046173	0.06571876249373054	0.09980752906595813
259	0.4886485672677254	0.4820936639118457	0.17210461736576757	0.1694747802702348	22	13	0.4444444444444444	36	0.040369924777574645	0.044791807945001594	0.0563585908088835
260	0.47875211896965525	0.4954086317722681	0.213345265539301	0.18486592632719395	28	16	0.6452991452991453	36	-0.20197829297082961	0.04918810227850656	0.06987284416979456
261	0.49231926626826333	0.49963924963924966	0.16713312848609477	0.17210394972078713	21	15	0.40032190032190035	36	0.000353845667927738	0.055529696276889196	0.0671134308001653
262	0.48392690537576905	0.4882001836547291	0.17453219464929878	0.14404799745708832	23	14	0.5641025641025641	36	-0.12203673836336563	0.07122107059607058	0.09016416939843352
263	0.49837970503516815	0.47585319609967497	0.1713974622025198	0.16670632770984883	24	13	0.4696428571428571	36	0.049117842838193926	0.050372917092975145	0.0685418489666807
264	0.4908797649154563	0.5041322314049587	0.1894604325702277	0.15269324767564205	25	13	0.5747863247863247	36	-0.1432075379640119	0.01223560427884296	0.06577077516859209
265	0.47641371357160406	0.46498348002829437	0.18044810853576324	0.15924145299145298	26	12	0.5347222222222222	36	-0.009264248456586613	0.0440427914570411	0.051621333033700645
266	0.4897832654681513	0.47941495124593714	0.18461717870462002	0.17616474434656254	25	16	0.4766955266955267	36	-0.04960073514257762	0.026822784563292235	0.040601956189146304
267	0.479915148086963	0.48333333333333334	0.14317924279645364	0.1323953823953824	20	12	0.47001483365119723	36	-0.03200617706068999	0.054866435868048624	0.09803395519459357
268	0.4722993633218239	0.48717948717948717	0.1999916584103524	0.1592224285886258	25	15	0.6176046176046176	36	-0.009907439733359313	0.003440402522939756	0.051845731740112755
269	0.47511660370975356	0.4750098386462023	0.17247020093530976	0.11560409287682014	21	12	0.6050767414403779	36	-0.18154623770711625	0.01932259613068249	0.11584782388239356
270	0.4646090536048655	0.4817369996627359	0.16172747070234267	0.15850885225885225	22	13	0.5414141414141413	36	0.0023804545901806528	-0.0009692507239413839	0.041718842636309206
271	0.5004253839614488	0.5	0.16588711503084103	0.1398538961038961	23	11	0.6367521367521367	36	-0.15749222376197244	0.04859751087799452	0.09256813912847006
272	0.4950398872894071	0.4981962481962482	0.21627216344459196	0.14563492063492062	25	14	0.7922619047619047	36	-0.08440284698615483	0.028364620826824116	0.02751257506603033
273	0.4903657881317398	0.5128340556157458	0.20529510156857572	0.17120802177620364	28	17	0.6538461538461539	36	-0.19425502444524279	0.05872289615185816	0.11091989336860442
274	0.494311113067115	0.5097222222222222	0.1781665040374494	0.15115957186219675	22	12	0.6260683760683761	36	-0.18527752111853113	0.06887214018375992	0.14320164466594998
275	0.4963591734118303	0.5050423061786697	0.16025754963014888	0.1447115384615385	21	11	0.5398809523809525	36	0.08456571510365538	-0.00841091043137232	0.08994915680947946
276	0.5244305102559744	0.5303030303030303	0.17456961810221522	0.15632824726134587	23	14	0.6136904761904761	36	-0.12490350387827087	0.05597365381671737	0.08602626499403143
277	0.4866075423387097	0.4731240981240981	0.1822910896267704	0.18519990110899204	25	16	0.43848561454195256	36	-0.07630015275171523	-0.006148330176450001	0.02045241954937216
278	0.493014789436311	0.5152777777777777	0.20275388498019742	0.181557079284352	26	17	0.6025641025641025	36	-0.15552750360646844	0.011307729077230655	0.050353694076260114
279	0.47204621153218046	0.4805194805194805	0.19034560693491553	0.18953521226248501	26	15	0.5384615384615384	36	-0.13625836786720458	0.007251376013810651	0.09761879955493125
280	0.4887331135317157	0.4919462481962482	0.18342176547468908	0.1570608684245048	24	14	0.5743145743145743	36	-0.09480304470339834	0.03801204469824576	0.03575871569291911
281	0.4863894909882959	0.48986619441164897	0.19970636984614792	0.18803870229926564	25	17	0.5674931129476584	36	-0.1040882670911574	0.03797660846217932	0.03499288143299539
282	0.4977574344491759	0.5074134199134199	0.15923952284654372	0.1468895265710246	24	13	0.40341880341880343	36	-0.013091763426088907	-0.0034046756946392587	0.04452528527718902
283	0.4718949696615883	0.491468253968254	0.17497458848157738	0.15488816738816738	25	14	0.49358974358974356	36	-0.07671585684417555	0.05298255627597931	0.09157593785052931
284	0.47856613234400797	0.49032369146005506	0.12925826559389297	0.10873153734869487	20	7	0.38611111111111107	36	0.04323211671707341	0.06107406371029195	0.10090662277157914
285	0.4924645020729101	0.4797979797979798	0.14937566405236058	0.11157024793388431	19	11	0.5341880341880342	36	-0.13400992732687442	0.020106785648989878	0.09175854516555981
286	0.505409946868547	0.5308775731310943	0.19437534740831794	0.14472730552276006	23	15	0.736904761904762	36	-0.024094060649260934	0.05862558316192712	0.1083817673691223
287	0.49693677164467825	0.4967948717948718	0.1543479927069342	0.1305735930735931	24	9	0.47083333333333327	36	-0.16382132448947004	0.049458343988655284	0.06811809160358484
288	0.4872807419635738	0.4798430735930736	0.1471663636943193	0.1452228327228327	25	9	0.34837662337662334	36	-0.024960999372913222	0.002913382102537887	0.023441853360989917
289	0.49930512296069274	0.5002773048547696	0.1993748404146398	0.15580808080808078	24	15	0.542041292041292	36	-0.004696270500573879	0.03926202810781254	0.03235222870926524
290	0.4723582739727907	0.45346320346320346	0.1691896713863743	0.13452694605863616	21	15	0.5243168412182496	36	-0.0625668506952563	0.0811872817052936	0.12959482361984653
291	0.4861114983540826	0.49987613752018356	0.15817375053930752	0.14176587301587298	24	11	0.3995726495726496	36	0.0214547071341992	0.043112871388873486	0.06546543496088197
292	0.49088639381733173	0.5101495726495726	0.1852312211053675	0.15046866279260646	22	14	0.6611111111111111	36	-0.10553742131769109	0.05289270008447844	0.08734181242582306
293	0.4804504689807987	0.47847222222222224	0.20981977256118314	0.1742424242424242	27	17	0.6452380952380953	36	-0.05864329202927746	0.02462693215137074	0.02595721626911429
294	0.49503167304530415	0.5	0.1770185858840895	0.1463077664262043	21	12	0.5922619047619048	36	-0.006980129394253791	0.02527388671305486	0.0642226859859999
295	0.492578743857153	0.4896694214876033	0.17947037022074366	0.15771161545809434	28	15	0.4336774336774337	36	-0.06851408333029016	0.05756181318681314	0.12241275678792896
296	0.4833241053091406	0.4911435786435786	0.2148324402178969	0.18908074515468884	27	17	0.5670995670995671	36	-0.1487402640488749	-0.004117506787345682	0.048280562586478726
297	0.48814761049876293	0.5110945392635533	0.15068169735529957	0.13984487734487733	21	8	0.5166666666666666	36	-0.03982276100616503	0.059281644190537996	0.07077642523169692
298	0.4832344651740191	0.46031746031746035	0.168643829495302	0.154978354978355	23	13	0.45645263827082005	36	-0.22201493272413741	0.040344483987619084	0.07078760585125266
299	0.4759739748236067	0.4587634587634588	0.1672070337603308	0.12602930218167094	21	12	0.46153846153846156	36	-0.01817421573299589	0.0318810569703778	0.08591288808784148
300	0.48520268225573926	0.4808802308802309	0.128398286055403	0.1245768120768121	20	7	0.37797619047619047	36	-0.08012867141110631	0.06178544380288936	0.0779212525198607
301	0.49233385166350374	0.47638888888888886	0.1777074754374157	0.15059158369017525	21	13	0.5910714285714285	36	-0.21060250799299096	0.00498216132117435	0.09404120654125703
302	0.5166709378377112	0.5051427445793643	0.17924145237952321	0.12900565787889728	21	15	0.5291666666666666	36	-0.11638024985485064	0.052442354585563344	0.08094669222678608
303	0.4729327684633383	0.4622900866738895	0.1662046776590097	0.1352356563624169	21	12	0.5090515545060998	36	-0.21854092334508687	0.06153610310041907	0.11540877960693707
304	0.4973505464349201	0.48601398601398604	0.165354427260904	0.14453740703740703	25	11	0.47724810400866735	36	-0.15224402038250318	0.054720708645841665	0.11494306462581372
305	0.4689702985144193	0.46520398793126067	0.172698827270957	0.15554792429792427	24	14	0.4547619047619048	36	-0.30021231050628433	-0.014397509657900653	0.15339783307300603
306	0.4643311154027917	0.45851370851370854	0.18988047897432236	0.14962121212121215	25	13	0.5940170940170941	36	-0.17978721261480077	0.039040271542426286	0.10602715618064262
307	0.49396502710963336	0.5172709235209235	0.17114326198966617	0.14484126984126985	23	12	0.5100127145581691	36	0.03062274934126033	0.05488295485580752	0.06644370421917978
308	0.49093567824561746	0.5032467532467533	0.2136691842424344	0.15490729927349645	26	15	0.7083333333333333	36	0.06349666094127641	0.005455282082079516	0.0225605859372372
309	0.4774927658897197	0.4871933621933622	0.2120087144108164	0.17437770562770563	23	16	0.5260118669209579	36	-0.17810588228563703	-0.018746794910059483	0.19615377020017422
310	0.48017919257182484	0.5	0.21886177188273856	0.18636161817980001	29	16	0.6560897435897436	36	-0.08595094741488402	0.00491253076049436	0.02325175751376185
311	0.47763029241569044	0.48212351029252437	0.18375996133811967	0.17740800865800865	23	16	0.6987179487179487	36	-0.1132251517946579	0.006618940875872392	0.07853735799805484
312	0.4898589614018552	0.5014880952380952	0.16439473085599848	0.1078683640303359	19	10	0.5041666666666667	36	-0.10341528111763104	0.022966411686740684	0.10763385069477793
313	0.4952169098102463	0.5039141414141415	0.1672742086461143	0.1499240196423295	21	10	0.5982142857142857	36	-0.09765590833497567	0.07258881090537983	0.06882619330688333
314	0.49763138728140865	0.5	0.15679900897303797	0.13192789213915973	24	13	0.3643578643578644	36	-0.29053946115666635	0.07242706980850883	0.1396283857936953
315	0.4978815156938822	0.5061520852173862	0.23765737984688048	0.22306386795023156	25	20	0.5833333333333334	36	-0.1334587873583363	0.061750421623858076	0.06373829998391478
316	0.48286141650551584	0.49724517906336085	0.19495370966508394	0.16351010101010102	27	16	0.5595238095238095	36	-0.10020104835230678	0.02627716145001696	0.08160886692298464
317	0.48689797160641163	0.5	0.2136557173955808	0.17970870092348964	28	17	0.5868326118326119	36	0.04644916550315211	0.05301309406364568	0.029841596054835717
318	0.4873861383277729	0.4843975468975469	0.21390252702672677	0.18053830949957705	27	16	0.6282051282051282	36	-0.06160032346538282	0.05160685227857503	0.060352200941147904
319	0.48861517820851474	0.4815817984832069	0.15690286741956613	0.12492129083038167	19	14	0.41980519480519474	36	-0.10946170214693775	0.08177299210879174	0.11355374147428121
320	0.4869317411724315	0.4882346189164371	0.16439628224599415	0.14708776072412438	25	11	0.3940781440781441	36	-0.06462300780104202	0.0478163987278904	0.06591489284152507
321	0.4828077477485288	0.4776785714285714	0.16690495754462892	0.14674612625957054	25	9	0.7892857142857143	36	-0.19592927083081682	0.008496704426601942	0.09376714466796021
322	0.4862155751460329	0.5046241637150728	0.17268505317614366	0.1625114784205693	26	14	0.4053810039725533	36	-0.19251337660896883	0.08689096174599231	0.1069996648696292
323	0.49265394940811075	0.5257936507936508	0.18875595593211894	0.13490128807030216	22	13	0.7208333333333333	36	-0.07970857437309167	0.01666848909979024	0.09058860222747467
324	0.5007523317909307	0.4879092933670398	0.18705665061965748	0.16242129083038176	26	16	0.6004273504273505	36	-0.09649870891590163	0.04271561895238385	0.058205574157721984
325	0.4945610947398186	0.49444444444444446	0.18271913538398812	0.1606116106116106	24	14	0.536904761904762	36	-0.05899714623241627	-0.00966453899417069	0.0934005203313365
326	0.4857279763349706	0.4898954722898385	0.16342574407421825	0.11740784468057194	22	10	0.4316239316239316	36	-0.05834955265781518	0.0007980938387592285	0.06740093180811857
327	0.4862694651353689	0.49401709401709404	0.1701082884034762	0.11368145743145747	22	10	0.5458333333333334	36	-0.3019638815949431	0.030153069302027824	0.2318736928580425
328	0.4897412477551455	0.47173520923520923	0.1722146197351596	0.182137937819756	24	16	0.40168165168165176	36	-0.21143717050397157	0.025035963528958094	0.0790706025969693
329	0.47564137594614014	0.4798430735930736	0.16611714579464257	0.15622216203202122	20	12	0.6858974358974359	36	0.054523085545597524	-0.032926606119566326	0.03325266132104732
330	0.4721400323319604	0.48661944116489575	0.22725521428706447	0.22760823256982027	26	20	0.532051282051282	36	-0.07356359102835618	0.006759655532370623	0.07872128084478569
331	0.49025412449641537	0.4991874322860238	0.17137407863907012	0.12242965367965361	23	14	0.458769712290839	36	-0.030493592017424916	0.008716235045091059	0.04226806512391057
332	0.5057950449028927	0.5219155844155845	0.16675017775770015	0.12894857667584944	22	12	0.5592532467532467	36	-0.03400025845978169	0.033015794976607116	0.03974526398865241
333	0.48313338673920725	0.47559523809523807	0.14944909587061742	0.11570739866194413	21	11	0.4488095238095239	36	-0.15003418213085576	0.011608410925176837	0.06171166735772715
334	0.501719853815191	0.5145833333333334	0.1907133174045253	0.15426587301587302	21	14	0.5405982905982907	36	-0.06005629446990586	0.05165843536559078	0.10804176645748653
335	0.4977845894986047	0.4986225895316805	0.20589094216788412	0.1556117005060667	28	13	0.4886904761904761	36	-0.04201045558526891	0.024950128057645515	0.07379789516176061
336	0.5080781880837899	0.5	0.16709167300823294	0.1282647907647908	24	13	0.5410714285714286	36	-0.0689655195248552	-0.00030436851142545684	0.06527940923754394
337	0.505084516871622	0.490423717696445	0.18569472641575718	0.1677108103164441	25	13	0.5506715506715506	36	-0.03737836859883804	0.01811341752707596	0.03954744136112798
338	0.4947715069860823	0.5060515873015873	0.16849571002099814	0.14596010050555502	22	13	0.4764957264957265	36	-0.24984720934497645	0.028010595057896492	0.08951402122297947
339	0.47898141487490076	0.4875459136822773	0.16783312703207065	0.1350599127007578	23	11	0.5115440115440116	36	-0.06375501802440961	-0.0025716134590975104	0.06424266874122708
340	0.490901883067376	0.478551751279024	0.16244155518056502	0.15494227994227994	22	12	0.4714285714285714	36	0.10004101631939018	0.045271073889831925	0.02577506912072558
341	0.4964726914164067	0.4997294372294372	0.18634377568969968	0.16452991452991453	23	14	0.6923076923076923	36	-0.12831214817363304	0.02700965472744754	0.06341867640949905
342	0.4825219992746934	0.4761646803900325	0.1692447764510825	0.14875749250749254	22	15	0.5413961038961039	36	-0.28188179348676223	0.0557326312691106	0.06384358107716814
343	0.4730399284930068	0.4949494949494949	0.1712766031628067	0.17101124885215793	23	13	0.5616883116883117	36	-0.031909162945160184	-0.04552899196926824	0.08500990378909934
344	0.4985655502754308	0.4935897435897436	0.18216767010514343	0.16630122616038112	25	15	0.5446428571428572	36	-0.19104449289298508	0.04125988568431699	0.06255619509217547
345	0.4991536728612594	0.5	0.18489851069876675	0.187119023386629	26	15	0.4683195592286502	36	-0.056676908369939556	0.030425311375646247	0.07533796338964316
346	0.48406197959321623	0.490026072412436	0.18740423116623506	0.17923604173604174	25	16	0.41964285714285715	36	-0.1458428878965285	0.04985104943017615	0.1171232366150643
347	0.4934724587133357	0.5041666666666667	0.2090817424817638	0.17619867506231143	24	15	0.5447330447330447	36	-0.12676917558183504	0.0542375325928216	0.0821911746492282
348	0.46451374719753935	0.475	0.20463585562017061	0.1906688772885956	29	18	0.46794871794871795	36	-0.12593182755070778	-0.0021968899426300093	0.106376911095729
349	0.4764179264365991	0.5013888888888889	0.22489752032005553	0.18425473196599956	30	17	0.5361111111111111	36	-0.08775160906689677	0.014325585715815159	0.05152135694561255
350	0.4910651347997966	0.4653679653679654	0.19631542862576795	0.14885036716022634	21	15	0.5101190476190476	36	-0.1649511119978813	0.030721856206380405	0.04798990219791999
351	0.48722882172185955	0.49376721763085396	0.17184760686547923	0.12626136400944338	24	13	0.448642266824085	36	-0.13542094354750442	0.018835016328922094	0.05609992066580738
352	0.5051630657551218	0.47638888888888886	0.14063792099563546	0.13181471306471312	23	9	0.47679593134138587	36	-0.05597330122377552	0.05102340452181625	0.07806570952689806
353	0.49558724405208604	0.48889490790899237	0.1620795905340293	0.14328963290230895	22	13	0.3993014561196379	36	-0.23153629176301666	0.048873499950152166	0.07817716711699652
354	0.4858383882284864	0.48205128205128206	0.16369785783998334	0.12652499016135382	19	11	0.5430932703659976	36	-0.2144218550326994	-0.011013379069249207	0.14037473577597281
355	0.48861850360263187	0.4875	0.1887614909848691	0.15643939393939396	22	13	0.6005952380952382	36	-0.07070252421438047	0.030836129415798108	0.027555747004233022
356	0.48460859730265937	0.48068871660420953	0.17711377067037545	0.12521645021645023	21	11	0.5310901219992129	36	-0.06655461825235313	0.0691644997087354	0.06966247500738887
357	0.4909784285717918	0.48104976009905587	0.20776980691886793	0.17692427521972975	25	17	0.7121212121212122	36	-0.1751115826665374	0.08578597042068409	0.08199438606120846
358	0.49096542479291627	0.49153424822438907	0.1864900210304073	0.15216286239013516	21	14	0.5384615384615384	36	0.049762767833392806	0.04033490800733236	0.027402819313298132
359	0.5005112370409265	0.4986457204767064	0.1546561015631118	0.1301559134065537	20	13	0.39577922077922073	36	-0.27044936640990463	0.0648846003015337	0.15220696467073092
360	0.5048582376320586	0.4944534632034632	0.2055945507303275	0.1513528138528139	25	16	0.6297619047619047	36	-0.005275389987892622	0.08642489166638412	0.06566306276196876
361	0.4729550984959382	0.49424603174603177	0.19545257765621615	0.16587301587301587	31	13	0.4988095238095238	36	-0.15192357682644175	-0.020848475731946092	0.10327315192883679
362	0.495205333061447	0.49233405483405485	0.1725265440721053	0.15263833388833395	26	13	0.48931623931623935	36	0.003634843146599178	0.04475120786826675	0.03624156102884246
363	0.489129518967067	0.49377705627705626	0.16368669930076246	0.13983365119728758	22	11	0.5273809523809523	36	-0.023772759884364357	0.008796056040220324	0.024573707624760632
364	0.49988147628659263	0.49053030303030304	0.20142507649043073	0.18299222295701167	29	17	0.5111111111111112	36	0.005114513808046631	0.06059734784760645	0.0719244483413406
365	0.4810871249251531	0.47251984126984126	0.21510042543173144	0.15304506099960644	27	14	0.5565476190476191	36	-0.02882117943433823	0.010520154768898948	0.06731750964542316
366	0.49568952157313767	0.47234848484848485	0.18950678718737834	0.09450452716297786	17	13	0.6934523809523809	36	-0.030623487953716864	0.04435718619315826	0.04114807375994478
367	0.5033005671890115	0.4972949585625642	0.16699164390959098	0.1244114844466957	21	16	0.42857142857142855	36	-0.11869627472758398	0.02092023664637671	0.08217925896749534
368	0.519140061821053	0.5152417027417027	0.1692909258250167	0.13724978073569624	25	11	0.45357142857142857	36	0.05690344444257346	0.0778264080478328	0.10567177300477337
369	0.5071708221109363	0.5029794149512459	0.16940547414165638	0.14832472176422243	22	11	0.4708333333333333	36	-0.14622771024389628	0.06319237510221704	0.07582951435609353
370	0.5020748346652637	0.5002708559046587	0.16277550765653623	0.16318403818403812	23	10	0.4720238095238095	36	-0.09412219091657095	0.00846571728281581	0.03380915748987445
371	0.500238946185649	0.4764807162534435	0.15601446507603142	0.11408295343154495	20	10	0.6055555555555556	36	-0.09736719729614475	0.009610486324142353	0.055393760478907095
372	0.48552180036988507	0.4981040086673889	0.19017798747979076	0.15291305916305914	23	12	0.718452380952381	36	-0.17971131747941668	0.06378490537636844	0.055373453012616425
373	0.5221319207588148	0.5208273143132298	0.21866995825462532	0.2047733831824741	30	18	0.4708333333333334	36	-0.06684251379321321	0.07443005469666297	0.07449712263061126
374	0.4893985395265805	0.5106626328217236	0.19077594525737934	0.1579364990536566	22	14	0.5432900432900434	36	-0.05802695730298145	0.04652354298087091	0.05224694377197814
375	0.47787516886695297	0.5	0.19628671910202	0.1423666389095326	26	14	0.5299422799422799	36	-0.24302177657639484	0.015602717428778501	0.14175341931270424
376	0.48656000664776794	0.49252262888626525	0.1880182959221585	0.16038885357067173	23	15	0.45535714285714285	36	-0.2655344154357836	0.08504677876267536	0.1554096828762329
377	0.4739314225376432	0.4712134500866895	0.182867950385556	0.14256993006993002	24	14	0.44372294372294374	36	-0.17305713388233254	-0.001140276395742823	0.060164957138799546
378	0.4845810620425163	0.4675324675324675	0.1551046739120256	0.15084448379902923	22	11	0.39647285421933304	36	-0.05333333488543327	0.06466957109531951	0.08181372889593497
379	0.5025023383958244	0.5128066378066378	0.1695144179712575	0.15390307515787668	25	12	0.4220238095238096	36	-0.0013188156885173222	0.01963856272835146	0.03998289989402193
380	0.48382815210133284	0.49617340796918263	0.1405289580185547	0.10802833530106254	19	9	0.4165279165279165	36	-0.059735102027365775	0.004731434019267622	0.031924360886920744
381	0.4892320945818065	0.4861863488624052	0.1851542351595702	0.1782645660286505	27	16	0.4029761904761905	36	-0.10373861409118112	0.0887202906748854	0.11863765709691154
382	0.4758416491331024	0.5188902007083825	0.18996150997324704	0.1597222222222222	23	15	0.5848040848040847	36	0.009585538418979562	0.029028859777406935	0.10631057202992666
383	0.49964002057205215	0.4862176875621178	0.18952523879433822	0.16519843792571068	26	13	0.5285714285714285	36	0.018850323764150405	0.041282788558716865	0.06569275818492282
384	0.5003701866384591	0.4999583749583749	0.2028980648605595	0.19837990292535745	29	17	0.43809523809523804	36	-0.11621567747505504	0.09740853376435221	0.14022848621749517
385	0.46745291964895563	0.46927558943404013	0.12708878143283822	0.10595648038829855	20	8	0.41221657130748046	36	-0.1250010091033581	0.05383186730343975	0.12499669916109357
386	0.49125185620997613	0.4873397435897436	0.16716679893429787	0.14236137137865693	21	13	0.5666666666666667	36	-0.09164160723380124	0.05155479732082713	0.051757055983935096
387	0.4759024910393348	0.4734307359307359	0.17601345181904293	0.1757034632034632	26	16	0.41891025641025637	36	-0.04892484542036213	0.08444551484170326	0.11099305200010956
388	0.5102462570585704	0.49444444444444446	0.190319897199432	0.16196581196581192	22	12	0.48630952380952386	36	0.037151704257871176	0.05111767493698949	0.07162972128755507
389	0.497213237144015	0.4834054834054834	0.16952481011779988	0.1339285714285714	22	15	0.4888888888888889	36	-0.06600458626593217	0.05116593773031519	0.045794579074715513
390	0.46848396025399336	0.46770720476706396	0.16567478581589767	0.13587107337107335	24	15	0.4053571428571428	36	-0.15459714611928912	0.05289827162752658	0.16311867849043804
391	0.4996484028007448	0.5065005417118094	0.1860815017545171	0.1760461760461761	24	16	0.4261904761904761	36	0.03959695522731067	0.02562087116867723	0.04513340608350802
392	0.4836967385809682	0.5064518814518815	0.17459645798314172	0.13259769377727126	23	14	0.5341880341880342	36	-0.09656381770299484	0.0213981651686026	0.13498705068194983
393	0.49151433533902594	0.48523835319609965	0.18401381926509966	0.14033457739443653	27	13	0.5042735042735043	36	-0.13538986552244195	0.09173991577985463	0.16121041115657841
394	0.4981235270801265	0.48064435564435565	0.1645615645735684	0.14736652236652237	22	11	0.42626700373179244	36	0.009456949501892232	0.06310785843368577	0.07537077221760824
395	0.47845942297100014	0.48922023345838966	0.15651743383550898	0.13398714939207898	22	10	0.4862258953168044	36	-0.1076629895699793	-0.0205990300888359	0.051681622879945155
396	0.4914692459606832	0.5148268398268399	0.19475411944602086	0.15450865911013162	22	13	0.6017316017316017	36	-0.1535319145019281	0.027501988494613716	0.07930586358710456
397	0.4904003931052586	0.5	0.13838197239285585	0.11528761642398008	20	11	0.441675695196822	36	0.07965000470052253	0.0009426265156097791	0.021142438541111308
398	0.4994260514346942	0.48664520143393386	0.20405026459763972	0.1599475854917596	28	15	0.5970238095238095	36	-0.08787674465174353	0.038538012391430065	0.05036116941864055
399	0.4949423781570068	0.47123425816607634	0.15197507358198778	0.1414420175783812	22	13	0.39480519480519477	36	-0.07524045611663446	0.032997897445474655	0.07845304506347028
400	0.4915692364682709	0.47007527257207155	0.2125666549922312	0.1795233326923468	25	17	0.566088840736728	36	0.024768400202489976	0.048272604811004705	0.05287932080847069
401	0.49468892671917636	0.49376721763085396	0.20109553272165304	0.16980083510173144	28	14	0.47564102564102556	36	-0.036476218725909886	0.014562092467760857	0.02134283756988753
402	0.48921406671153256	0.47365173949680994	0.17639220826240673	0.15304834054834057	21	13	0.5854423354423355	36	-0.17122500552166112	0.046273667981722166	0.13971038338693786
403	0.48075987081002025	0.4662534435261708	0.2255070720446308	0.19699675324675325	28	18	0.5743145743145743	36	-0.14648739548329784	0.041738411065826764	0.05731736678217225
404	0.4907636184751529	0.5086580086580086	0.15594579056753619	0.14426898858717047	21	10	0.6324786324786325	36	-0.1405077682582303	0.0004372277754528531	0.132278661799212
405	0.4768636931369006	0.47796143250688705	0.15061876590632461	0.12353896103896106	23	10	0.5324425183580113	36	-0.10531225766355398	0.02603520428978434	0.09470351709343294
406	0.5141299277262785	0.5338358824274317	0.20264564032969923	0.1792027417027417	24	15	0.5152777777777778	36	-0.08080158559891497	0.08492753983434081	0.09036933074788445
407	0.47503650592839136	0.4738317238317238	0.22011855155127666	0.20286796536796536	28	18	0.6091269841269842	36	-0.14021487854890102	0.061046127634635905	0.0682975772371811
408	0.4752541556998983	0.48465149873600577	0.15680505069376174	0.13045634920634921	19	10	0.5206611570247933	36	-0.14690910660149675	0.03814146062742524	0.12616800620463942
409	0.484659613985665	0.49033947273383893	0.1481253649667542	0.11463675213675209	21	10	0.5089285714285714	36	-0.043971952047797136	0.008920249870892571	0.03724503131679657
410	0.49098185964716595	0.48511582314399215	0.17087563065876124	0.1141016651580032	23	12	0.5826787648970748	36	-0.1159611464025667	0.019235859466764094	0.05039761641832918
411	0.49857163453514297	0.48525641025641025	0.16442166968201966	0.14067353101444013	25	8	0.5113095238095239	36	-0.14442640101079943	0.05163474936534623	0.12397802209167419
412	0.49654640654827376	0.5184597599370326	0.17273531338565484	0.18083759674668765	26	13	0.43397435897435893	36	-0.20516615182210118	0.0182191257340229	0.09875461460710289
413	0.48650987728759276	0.4770833333333333	0.18193417315403015	0.15574980574980576	24	14	0.6494047619047618	36	-0.09897869206422086	0.020419041387658987	0.0689936485905196
414	0.47342981384141225	0.4756410256410256	0.18323759070397996	0.15680342384887838	26	13	0.586973632428178	36	-0.2020458763867384	0.021558714056990447	0.09936782642465469
415	0.503676219421258	0.49741530343322915	0.22218163519113154	0.19716955579631631	31	17	0.5284488239033693	36	-0.03711983669631683	0.047570441189199175	0.06096319855259291
416	0.47713135220204145	0.4834054834054834	0.1470510154275626	0.11746521457629014	22	7	0.5892857142857143	36	-0.1417312738990558	-0.001618772791825096	0.13565056585390245
417	0.4754947619670998	0.5046897546897546	0.19315126773646832	0.1886578592484482	24	17	0.4523809523809524	36	-0.1500900718763873	0.014428520204583906	0.06023484348218988
418	0.4736136716423742	0.4772420849885639	0.1779372879298189	0.15132246470274635	25	11	0.5685425685425686	36	-0.08002830918504315	0.016646351954512084	0.11161022172375146
419	0.48260240146643796	0.48725649350649347	0.18776053299500797	0.17908341658341656	27	16	0.5330578512396695	36	-0.11448055536474304	0.05848804506091759	0.07391876007286313
420	0.5083057126991185	0.5	0.15795749238984408	0.13971524278822614	20	12	0.42912642912642907	36	-0.1178930472588136	0.04323484630376684	0.06815806725747853
421	0.5016675844527424	0.49566982313461183	0.14262211395960864	0.11075036075036077	20	8	0.4982142857142857	36	-0.034611148517129396	0.05459363606069012	0.06512823733367867
422	0.48089172309389444	0.49173553719008267	0.15016374653191766	0.13073019152564608	23	12	0.4138888888888889	36	-0.1100442331984724	0.06636447305307486	0.20423616616017748
423	0.5065613303949572	0.5120490620490621	0.20072410088015077	0.1795704295704296	26	14	0.48430735930735935	36	-0.0695750097920133	0.05594576708871768	0.09341299103700684
424	0.5184502278725763	0.5067713976164681	0.18442243975614656	0.1803474303474304	23	17	0.5035714285714286	36	-0.06932046844276761	0.04574154332458524	0.08277921096870289
425	0.49764693767508006	0.5203071576311014	0.19533207427600302	0.18154302661344918	29	15	0.5252525252525253	36	-0.04307059041279743	0.09186005251164547	0.1309932349242231
426	0.46364734592500806	0.47422806067172263	0.18625578290404365	0.1466682236528587	27	10	0.6551226551226551	36	-0.14440236132185377	0.02164802562720669	0.0753327192085359
427	0.49734419423386567	0.500034435261708	0.15927520269443018	0.13343626070898795	22	14	0.5086580086580087	36	-0.36418612744861273	0.061842949995712604	0.25834070853076607
428	0.5039140615425026	0.5072478027023481	0.1614553962678696	0.13142299619572345	22	9	0.48035714285714287	36	0.038632270965182416	-0.000602049486184808	0.037243079650506106
429	0.47824175044952355	0.47937689711057185	0.1680818052203562	0.17069617677812296	26	13	0.387001887001887	36	-0.12219854932956936	0.03349146688559912	0.11410375603202938
430	0.4921821543740557	0.5059791440953413	0.14893598985308332	0.10985668372032004	21	9	0.49422799422799424	36	-0.15774829570456259	0.04759935077070393	0.14515180265193928
431	0.5053566510185962	0.52963314072469	0.20475244210706223	0.15212565212565216	24	14	0.7589285714285714	36	-0.07169854072451491	0.06004169768285056	0.05011081130223083
432	0.4676046915050062	0.47622788010111955	0.1992917407970225	0.1585164835164835	26	13	0.5192307692307692	36	-0.06040916309126775	-0.025400479918048557	0.07714920100196676
433	0.47836009680199826	0.4829441391941392	0.19146080895440692	0.1786927718745901	29	16	0.4761904761904762	36	-0.01585795449851317	-0.0025889457812287575	0.08806532058741812
434	0.49249927668421584	0.46897546897546893	0.19005351277411667	0.1517872199290253	25	14	0.6035714285714286	36	-0.14497555806834067	0.03868087932865594	0.09129514793950821
435	0.49705544806910573	0.5002708559046587	0.193083688828994	0.1784188034188034	27	15	0.3968253968253968	36	0.0775880808239129	-0.0010335080751460723	0.03376647651218001
436	0.480023732506527	0.47272235340417157	0.179764850167379	0.15365737548836142	27	13	0.5470085470085471	36	-0.09215626701468606	0.042713763611712474	0.14299177482997938
437	0.4978390360479295	0.5032502708559047	0.1866346216124812	0.14768213007649628	27	12	0.6308539944903582	36	-0.21702385162585008	0.0625513384054579	0.11303048752640277
438	0.4693424103628703	0.4776995305164319	0.13892575079754976	0.0992878227193208	18	9	0.5297619047619048	36	-0.1568797793946068	-0.017561866798237846	0.09551783597446883
439	0.4898276274396633	0.49408369408369407	0.1673232741121132	0.12163498224637784	20	9	0.6821428571428572	36	-0.3149692537602377	0.10230896828146419	0.1913346576573587
440	0.4666484895151402	0.4494949494949495	0.17251450282420194	0.1705490216853853	24	14	0.4474414474414475	36	-0.21993647153273174	0.07439031370781851	0.162746680338961
441	0.4872758868684232	0.49153407412050176	0.16633540179608255	0.14156509570241965	24	10	0.49506440351510766	36	0.0006111634031835116	0.054819044762596025	0.11743419699096214
442	0.49084664952209234	0.49702058504875407	0.1814410248802588	0.1569960422633278	24	13	0.4636752136752137	36	-0.08672714566745103	0.04377611554892913	0.06244408102217103
443	0.4833531513942579	0.49702380952380953	0.17426619529559134	0.14361143906598453	23	11	0.52991452991453	36	0.017916593622052404	0.044733279657132086	0.06827839804552516
444	0.47991186745254716	0.46525520645238955	0.19707628403077612	0.17236652236652236	22	15	0.4913461538461539	36	0.044550595442587555	0.05960816417596443	0.07333024652215103
445	0.4969112607370183	0.48833288190682556	0.1962053899847327	0.13276433162796794	22	13	0.5633608815426997	36	-0.18653950277689504	0.09122649689083262	0.08107960480505538
446	0.47376373268592104	0.48212351029252437	0.19063170704629306	0.15857438016528927	23	14	0.5815295815295816	36	-0.1363259894410211	0.025849967927986772	0.06276954337572271
447	0.4965410782932389	0.4953751354279523	0.21244537811305844	0.18103944177887837	24	17	0.5125	36	-0.17405150464798125	0.046965526532464885	0.045364659857146994
448	0.49899463710283165	0.4829466308339548	0.1706162541123062	0.16220238095238093	25	12	0.5772005772005773	36	-0.14732491551553784	0.013005287827507817	0.042442776176157215
449	0.493760282369304	0.5138888888888888	0.17503249411193286	0.15053418803418803	24	13	0.4654761904761905	36	0.11679560402454627	0.0040771085904914295	0.04534654461555343
450	0.4983049843398488	0.5208965330444204	0.18465635128967398	0.159992784992785	25	15	0.41241145218417946	36	-0.08807186304823446	0.01696885257267655	0.07379501044812753
451	0.4906415049300773	0.48064435564435565	0.17810892593756444	0.15944270376088562	26	13	0.45685425685425685	36	-0.08015890530175321	0.02658132081812259	0.054027315329516545
452	0.49796925840259715	0.49583333333333335	0.18927076952978578	0.1570491324012451	27	14	0.47864357864357865	36	-0.11226106721633976	0.04347539819007612	0.05510825363124339
453	0.5192027601692027	0.5501895991332612	0.18857395291987694	0.149975024975025	22	15	0.5596785843264716	36	0.027148521699309675	0.03816046778385518	0.037904285752184075
454	0.4892801864872928	0.477262174445273	0.18274614231187	0.18769015075833254	29	13	0.6773504273504274	36	-0.1858535251089949	0.0570420006468465	0.10795255018460514
455	0.4809134972820685	0.4763872491145218	0.1484214227051935	0.14149531024531026	24	11	0.45952380952380956	36	-0.048731848002530324	-0.00421162462929664	0.043991992893953724
456	0.49527949825778467	0.5041322314049587	0.1947809082012027	0.17756832369508424	26	15	0.5481521608282172	36	-0.07446723176102414	0.014312228011873429	0.07229761204940455
457	0.5175246848222199	0.5083513903936439	0.18473232222165212	0.14340047578683943	23	12	0.5352702852702853	36	0.03136208039766803	0.021022343164567192	0.05355312506998566
458	0.46704120624775236	0.46751487948671044	0.19993918666693958	0.19857503607503607	27	16	0.46329365079365076	36	-0.05783628779409106	0.0027599725736360825	0.05446571215885543
459	0.48135556911098415	0.4880858578041677	0.19075310641011664	0.17222222222222222	24	16	0.5256410256410257	36	-0.19850901575343274	0.023006461463998706	0.05093224597109891
460	0.5037825421434844	0.5256132756132756	0.18443352979871333	0.14438686313686314	25	12	0.5876068376068375	36	0.0877501980991905	-0.024173648294043892	0.049650155327741086
461	0.49270425630194087	0.46560130010834233	0.1651085338958792	0.14189302481555996	22	13	0.5251692751692751	36	-0.11777005945420556	0.036097088641902864	0.045889953996795296
462	0.5024105190505106	0.5	0.1948393615086957	0.1360205451114542	22	14	0.5384615384615385	36	0.03734650159061479	0.07122877957865154	0.09928849161477227
463	0.4954540881604209	0.49022887323943665	0.19661636818193584	0.17186207767193687	25	16	0.43511904761904757	36	-0.06063384289478523	0.041571204213834534	0.0368419058043975
464	0.4820223448551179	0.4856481546622392	0.20422194815467332	0.18307178932178936	28	16	0.4930555555555555	36	0.01563304220572744	0.05214183749401169	0.06879222570534904
465	0.47270364325688696	0.4885379771743408	0.15511747434762801	0.13024071887708252	23	8	0.5897435897435898	36	-0.19313074077626402	0.05443942116465017	0.13227103641194227
466	0.4910698062666692	0.4978331527627302	0.18003688023694425	0.18465902784084598	26	16	0.5948773448773448	36	-0.10267545173482995	0.05891263657711998	0.05087598370725088
467	0.4882480662210176	0.4732905982905983	0.15865679022689264	0.11798826173826168	23	9	0.6303418803418803	36	-0.09701570855783016	0.027093813676720313	0.0890014785584412
468	0.5005309016012441	0.49160698456473106	0.18339533203356292	0.17255068874787186	25	12	0.4287682014954742	36	-0.11336293076116373	-0.003229942334332714	0.1190397768637238
469	0.48787919039532884	0.48525641025641025	0.21991206947326242	0.18739139648230557	28	16	0.5847222222222223	36	-0.16597911370668	0.03377205117977544	0.04564751872260797
470	0.48843200648444984	0.4744146005509642	0.18634922650340918	0.1778439869989166	22	16	0.6053571428571429	36	-0.17884571166843813	0.038230594082805214	0.06919212692890364
471	0.4926805896716268	0.4911976911976912	0.16608452919805886	0.123501801406731	20	12	0.6688034188034188	36	-0.2485565010010512	0.04316869311292132	0.16519471631120097
472	0.4821534160155852	0.5035557361261587	0.18562347439988286	0.15737647702276383	25	14	0.449404761904762	36	-0.060666497119345575	-0.03982680080379042	0.04870940411261693
473	0.49020917164256367	0.4978331527627302	0.17689840120084466	0.1079545454545455	18	14	0.5511904761904761	36	-0.05777288273621375	0.07385406620503399	0.048390912364140504
474	0.49031051856155883	0.49123931623931627	0.17923441355873068	0.12725468975468976	22	17	0.4998032270759543	36	-0.1262545075256794	0.029167935855306637	0.07544749936152306
475	0.52085760382482	0.5330357142857143	0.1588627490556108	0.11072774056928986	19	11	0.6035714285714286	36	-0.034484977802487944	0.07018427996568677	0.1071878949197983
476	0.49487895420327127	0.5117424242424242	0.18577354321592476	0.1259624178638264	21	12	0.6071428571428572	36	-0.0032809824802483255	0.02607965310787136	0.054166250691540685
477	0.48545088151028715	0.4935064935064935	0.1615213527225371	0.14589298612185933	22	16	0.5089285714285714	36	-0.01576183593943527	0.05862660022791266	0.07764123580966253
478	0.5120282839246241	0.4989165763813651	0.2007017562155206	0.1940428507329916	29	17	0.45598845598845594	36	-0.11985139647354982	0.024326613475387227	0.08220574979472928
479	0.47886200613339963	0.46643145586807555	0.21130240035489717	0.14540566045847733	26	15	0.5705128205128205	36	-0.22394853888563718	0.022343395124962084	0.12337810738686072
480	0.48985094097663456	0.5124458874458875	0.1617075190778776	0.15485880423460452	24	11	0.420940170940171	36	-0.11464138783926502	0.03978558644371699	0.06942906775780766
481	0.5014764184585194	0.48660714285714285	0.18636839308120784	0.1774839010754504	27	12	0.42271578187071146	36	-0.12056293073015917	0.0588313124942077	0.10912618855186396
482	0.4803016286384298	0.4854023714939208	0.23064927516485348	0.18471320346320344	24	17	0.6645299145299145	36	-0.10392994503610137	0.01934749905423616	0.06321271668881023
483	0.48644577130359246	0.4752311948614766	0.1833265942100769	0.16904005085823268	23	13	0.532051282051282	36	-0.1687132657735536	0.05266710400907182	0.09328548388065727
484	0.5141227879124006	0.4986111111111111	0.17817048296268312	0.1297231719766931	22	15	0.5523809523809524	36	-0.16707277453342945	0.0786463304621115	0.10823653719783788
485	0.4823062710119902	0.5174176371359469	0.18266750124411246	0.12196484071484072	20	13	0.6538461538461539	36	-0.09357308595979653	0.058650207819911426	0.07271994346827337
486	0.49724778679710924	0.5018037518037518	0.2052166609078154	0.14310203685203685	22	14	0.6528925619834711	36	-0.10035946410171348	0.04042535717699469	0.03200044108704003
487	0.4836683210809598	0.4969306905926624	0.1895824666137833	0.15176628926628924	23	12	0.5641025641025641	36	-0.09280033779918058	0.05084754300521804	0.09278829816412748
488	0.48212923161373333	0.4564393939393939	0.16352464574162184	0.1280592060521638	20	14	0.5529319165682802	36	-0.03898579182412716	0.032362911931574034	0.030605964824534593
489	0.4873980527729727	0.4951790633608816	0.13228632530942605	0.11058354524263608	21	8	0.3601190476190476	36	-0.21448618802250818	0.05093080511448245	0.1573799098662223
490	0.47526606686337797	0.49354811854811853	0.19079511721423803	0.15611564687268914	26	13	0.47343565525383713	36	-0.2513912631686611	0.03332488196986377	0.13122954612100957
491	0.5030378072631594	0.513828574327934	0.15105539210319407	0.1359892650385608	22	9	0.46488095238095234	36	-0.19056963725642787	0.019014334798462706	0.11632268954187441
492	0.4914493279923551	0.4908811845431564	0.17384745827314116	0.1576109887409503	25	14	0.6005952380952382	36	-0.050631284143348596	0.013650063856222139	0.06654275989776015
493	0.49768107898843067	0.5003607503607503	0.18370654169576492	0.14055369513115998	24	13	0.599404761904762	36	-0.09801288593359035	0.08188222970491754	0.12073188009030822
494	0.4993055543465008	0.4909951790633609	0.16991234336118033	0.16506702502221068	25	13	0.43511904761904757	36	-0.23157776768902322	0.019090282023097538	0.09744910063779644
495	0.46558055675039767	0.46632395382395386	0.16341871625829163	0.15203823953823953	25	10	0.4871794871794872	36	-0.12406617084625286	0.05447094732669194	0.06781014631767479
496	0.4770920101519227	0.49300288912964974	0.17999722067423732	0.15791929030565396	22	13	0.4992229992229992	36	-0.010454362990208573	0.05326594923893768	0.062201668874214744
497	0.49285446813189027	0.4712662337662338	0.17726190045865675	0.1499668172203383	24	14	0.49919524919524916	36	0.06977024929109205	0.005499326723595488	0.04034185887629693
498	0.48960328994206503	0.46794871794871795	0.15865540085023652	0.1594457967697404	23	9	0.5244047619047618	36	-0.10017049181154328	0.039342036565270966	0.057602221883911064
499	0.5085516965458547	0.50500888000888	0.19554244230540643	0.14841269841269839	26	16	0.4828504828504828	36	-0.057354243727821184	0.08035297463379065	0.08850786741510097
500	0.4892009203382176	0.4829466308339548	0.15611319624203748	0.12910445650522473	22	12	0.5823412698412698	36	-0.0946973996828048	0.06756709018817508	0.10862256373971058
501	0.4876479304669659	0.48928571428571427	0.1779227557823375	0.17038239538239539	23	14	0.44146825396825395	36	-0.030686836138793163	0.06750040503069171	0.0833724481843503
502	0.48406618285979686	0.49399842581660763	0.1632563428671517	0.1401453593355002	21	12	0.6035714285714286	36	0.0094896500554499	0.014543870042922069	0.08879771927821278
503	0.47146415983243767	0.4789725141837818	0.2018335951247816	0.16535527266161065	26	16	0.641025641025641	36	-0.08845714983957649	0.005299797751413038	0.05614131440909298
504	0.4830248119674068	0.4616948485786514	0.1843593210270547	0.13694985569985565	24	15	0.5255022755022755	36	0.020554390243908628	0.06965632841063751	0.04397322784208513
505	0.47784059626649256	0.5	0.19414178181250313	0.14664464057069695	24	14	0.6495726495726495	36	-0.10177724461852285	0.03491532594100821	0.13226687381023328
506	0.47546392537056215	0.5143051393051393	0.1800742810879388	0.16561963609018668	22	14	0.5	36	-0.20584829566988838	-0.0050352729829238885	0.11762194743696253
507	0.47493779667341873	0.4638798701298701	0.174567311620502	0.15888372990645716	22	13	0.5708333333333334	36	-0.12679828414244865	0.00871271088996145	0.03862482715991766
508	0.484038881958883	0.49422799422799424	0.21121251650887798	0.1668560606060606	26	17	0.5769230769230769	36	-0.13079107128519146	0.04749560176546036	0.13899242078116558
509	0.4747261903745312	0.46944444444444444	0.1898225753179338	0.18952020202020203	28	16	0.483974358974359	36	-0.09656614675878811	-0.008585821380377168	0.12375545740858862
510	0.5018750013274929	0.4885543749180113	0.1697703278862583	0.1499196510560147	21	14	0.48214285714285715	36	-0.05841341552579572	0.00926650962250053	0.021054022181878906
511	0.5054121213905678	0.4972914409534128	0.21067879615681578	0.2090244982290437	25	18	0.5786616161616163	36	-0.241282818076464	0.09309031607994972	0.1856360384894189
512	0.47701593593212244	0.4672373081463991	0.189862182027675	0.20323866274570498	27	19	0.48717948717948717	36	-0.23867539219061348	0.012711051397030826	0.08947952887891841
513	0.5097057323436432	0.48741326162100806	0.19734375463142	0.1556565891072933	24	12	0.7625	36	-0.12583229322021253	0.08202786382117616	0.11128705194657851
514	0.485865162475011	0.48412698412698413	0.14465851079967595	0.11087870462870462	22	10	0.4017857142857143	36	-0.04255695703647523	-0.00266177684009844	0.09592159281360146
515	0.4829207076139428	0.4764462809917356	0.22347382131312987	0.22804943402734695	30	21	0.4375	36	-0.032230568777911146	0.019483159094973224	0.02703062797860689
516	0.5024445467867362	0.478551751279024	0.19001189271675825	0.15831043956043958	26	15	0.49103166004574456	36	-0.09466447240771851	0.05091751406609074	0.05300659680613895
517	0.48183114157759377	0.4726280663780664	0.20100231612848982	0.17950059703420773	26	17	0.47204767063921993	36	0.022774061484886886	0.006271692654227501	0.05195040020721764
518	0.48277552009746316	0.485479797979798	0.17472434691144678	0.1344020807048976	23	13	0.5005952380952381	36	-0.17025999515802223	0.07806676692344744	0.14442128608560267
519	0.47440038584204713	0.4891657638136512	0.18549366406147244	0.17569444444444443	28	12	0.528971028971029	36	-0.28865980460376706	0.009211888299658078	0.12038482437553788
520	0.5047166968961944	0.5	0.18178627209917222	0.1305555555555556	23	12	0.6773504273504274	36	-0.06436619125471424	0.04058891359387523	0.05138595882583663
521	0.4828429131065975	0.4820429961275032	0.1991045665834932	0.16450216450216448	25	14	0.6517094017094017	36	-0.11425906429790157	0.01660427200840142	0.052628227054589694
522	0.49628656959869605	0.4883596450497859	0.19369549921593243	0.14142971927062836	26	13	0.4928571428571428	36	-0.27695797436436265	0.06288200071730787	0.10159761186021288
523	0.4767720481175453	0.46104189237992055	0.1661206068989893	0.1466810966810967	24	13	0.3998134103767907	36	-0.047960629483003316	-0.007483845824114599	0.06753827657279221
524	0.486971567831443	0.478602383531961	0.1782594074114027	0.12451790633608814	23	13	0.6801702085792994	36	-0.1779464804158111	0.04476742103311848	0.10560361622143932
525	0.4967249927470532	0.48979971515182785	0.15362710090489648	0.12525740726765053	22	8	0.495995670995671	36	-0.14494572195039948	0.0299119578849093	0.08596549455465308
526	0.49119616317452963	0.4896694214876033	0.16902311091518302	0.1386668122743667	22	12	0.49213564213564215	36	-0.10823938516733633	-0.0005620316666927749	0.06629108344679202
527	0.5068225349335305	0.48766889675980585	0.19942313405955103	0.13468256117904	24	15	0.5128205128205129	36	-0.19554798321206537	0.10530840468094221	0.14100999271253734
528	0.48642815177306215	0.49491341991341986	0.19985420546400057	0.17290711049513863	26	16	0.4805555555555556	36	-0.0441649525688555	0.02990151055156487	0.036806398358954384
529	0.49282085712476775	0.48280885780885785	0.18401692041656834	0.16044896027290392	25	15	0.49814579360033906	36	-0.18614600949877425	0.043780008520048486	0.11066904986843851
530	0.49055363675108654	0.502754820936639	0.1868163348957203	0.1804307790303309	22	16	0.5213675213675213	36	-0.18360930518836027	-0.015799189948456083	0.11443817350402141
531	0.4864764751508509	0.4959823040808956	0.19433816473002344	0.1582865997638725	23	15	0.6625	36	-0.13577477499145277	0.05437361993287576	0.10605065125279789
532	0.5029150965930735	0.4916896235078053	0.17602917328162743	0.130988455988456	20	12	0.4694203683640304	36	-0.16839160082450966	0.020490138780422495	0.05417319637714424
533	0.48528977172943244	0.4908424908424909	0.16661537777361513	0.13516660107569198	22	11	0.5583333333333333	36	-0.02499316560921852	0.02383378211138487	0.03343693845615647
534	0.4922667199088988	0.48267577492929603	0.18084655954374262	0.13555030827758097	24	11	0.6964285714285714	36	-0.09215997162541892	0.03573800777890701	0.051392466323786024
535	0.49055227653979255	0.475	0.17209591093767362	0.1502922582468037	23	15	0.5465872156013001	36	-0.10524792519094338	0.05635158473949975	0.035604942573500886
536	0.49043043663588903	0.4921016483516484	0.19742658445710087	0.17171717171717168	25	17	0.5388888888888889	36	-0.014732609998509312	0.06891101604437555	0.06434222950839263
537	0.4976397088352914	0.488874593716143	0.1877295701879569	0.17008408258408259	24	16	0.4893994893994894	36	-0.20476696795497776	0.028935015950922682	0.1129976303462702
538	0.47674280169945443	0.49079089924160346	0.16823255332778383	0.12762915879113063	21	14	0.4925226288862652	36	-0.0767170903469829	0.03595015256611572	0.0416030868926045
539	0.4887392671023432	0.49381868131868134	0.15642671796240937	0.1225978344816373	21	11	0.5090515545060998	36	-0.2507378277797617	0.011749254164365397	0.08625469500627625
540	0.47989693234438213	0.48205128205128206	0.17606809497547865	0.1576079596886255	27	12	0.3836441336441337	36	-0.11612291375788027	0.01124348765366201	0.037400538521798476
541	0.47750747601499843	0.4769917582417582	0.1741915123770651	0.16126373626373627	24	14	0.48214285714285715	36	-0.12036799163339933	0.043183500197559954	0.10961111235027676
542	0.4780905193370516	0.47255017709563163	0.1520754773395619	0.11601845124572399	20	11	0.4337606837606838	36	-0.23101976640336738	0.02585792877356935	0.09089375641639008
543	0.4835602025422767	0.4652593103297329	0.18676194470315252	0.16305916305916301	25	14	0.5785714285714285	36	-0.02061872323371742	0.025528046963706252	0.027759014436304463
544	0.4812291761288774	0.47915464816873266	0.19352857775553037	0.16808261183261183	22	16	0.5726190476190476	36	-0.17968059600140884	0.024903783276924274	0.09255625125352474
545	0.5106614901415905	0.4923305860805861	0.16516110251172136	0.1596320346320346	21	13	0.43253968253968256	36	-0.18589017405250072	0.08112541463373724	0.137983466932031
546	0.47866712071657663	0.4864572047670639	0.17967970255902393	0.16759346340812412	23	13	0.46933621933621933	36	-0.12448933953457691	0.015515020002486835	0.03541118318788927
547	0.48023529927672587	0.45213675213675214	0.1971383312412442	0.16835891381345924	27	16	0.5470238095238096	36	-0.09016196036375743	0.03894975062665651	0.047849562991523986
548	0.489417335516754	0.48274957365866455	0.15344021548273573	0.13609963269054176	20	9	0.5014430014430015	36	-0.022999043856642674	0.07213940210314423	0.18927735690462977
549	0.45984719323254314	0.47857142857142854	0.18808577904288526	0.18936480186480184	25	17	0.4083694083694083	36	-0.027212854689118465	0.04779479957592342	0.1181859895967512
550	0.48818461991210604	0.49793388429752067	0.1978566972538377	0.20643365472910927	23	18	0.6319444444444444	36	-0.02544349291749273	0.0692743075292569	0.10323717750826233
551	0.48267423116374786	0.4548368298368298	0.16803926948906678	0.13514610389610385	19	13	0.5476190476190477	36	-0.2382553123133611	0.035022758582728575	0.060579950912189484
552	0.4767548520029314	0.4644938394938395	0.15702533316969935	0.10936788350360693	19	10	0.7564102564102564	36	-0.07025162487119944	0.07626980951023105	0.06312466169802922
553	0.49946488331304806	0.48349567099567103	0.20731256480829677	0.21019536019536017	24	19	0.549404761904762	36	-0.018367068590409742	0.07533545340757503	0.057623343755594525
554	0.48885801449088373	0.49931129476584024	0.18952839492078713	0.15719287026105208	26	14	0.5106837606837608	36	-0.035222028754304094	0.06445152221160544	0.12020842243826513
555	0.49781762958512854	0.5	0.20310064485000465	0.1726641414141414	25	17	0.6190476190476191	36	-0.05535987294199678	0.0425338399466737	0.03985266438467794
556	0.48307447241172696	0.4717004080000239	0.17090331564429945	0.12954545454545452	25	11	0.6417207792207793	36	-0.05738456556865617	0.060993775224359725	0.1066866220932573
557	0.49533553409727116	0.5049100156494523	0.25384241969282506	0.18180224509449858	27	15	0.7327380952380952	36	-0.014024591778316371	0.014431313881845986	0.02189235206980633
558	0.49952617570321906	0.5	0.1626196085316337	0.14306211465302376	22	11	0.42361111111111116	36	-0.22398430779825815	0.024566891346230024	0.10904254784154965
559	0.49721607321639344	0.5181622688024736	0.18380464676879532	0.14991435332344422	25	13	0.5262445887445888	36	-0.12576897285565047	0.06540230727773821	0.10027175125427956
560	0.49378159736341026	0.48980675037013066	0.18459943224801315	0.1577802772345026	23	15	0.6455128205128204	36	0.06259650232992921	0.040131485408066325	0.06127234281984628
561	0.48334633723558185	0.48124098124098125	0.1946580008253077	0.17193362193362197	25	13	0.5470085470085471	36	-0.1678420717035254	0.08247499984338846	0.10577239134234329
562	0.47509349933925804	0.47049282876747667	0.1918553914806049	0.17954865770166667	27	15	0.45535714285714285	36	-0.174248704661063	0.0847571125934049	0.13278426761612916
563	0.48877213846403994	0.4726190476190476	0.16914510794685778	0.10568793668985729	18	10	0.6837606837606838	36	-0.13378045230738025	0.08760873532554309	0.09811771246638568
564	0.4859810418869317	0.4979570152425466	0.19317776325885588	0.1871212121212121	25	17	0.42148760330578516	36	-0.12142754205250955	0.04802396526615965	0.0826287956224383
565	0.510073893741334	0.507854821235103	0.15645450944346592	0.14053218086508742	19	14	0.4935897435897436	36	-0.18958627263713657	0.03299765380252673	0.072323658935183
566	0.49043272004686334	0.4861492673992674	0.1887625833781937	0.1643922996195723	29	13	0.5618506493506493	36	-0.07906397321718386	0.03468293596020622	0.07409988407248147
567	0.47349919431452187	0.4770833333333333	0.1754268546161952	0.1737193362193362	24	13	0.4372294372294373	36	-0.17734244107092442	0.009806516457321668	0.08011641838065398
568	0.4731226995191464	0.501082251082251	0.17702930082358165	0.1559047013592468	22	14	0.5598290598290598	36	-0.0614063324500693	-0.02936437897274602	0.13993393568680723
569	0.46436908863018544	0.47867662640389913	0.20308293096385288	0.18933566433566434	24	16	0.5089285714285715	36	-0.03631655668494372	-0.04979223313976594	0.0757057227638328
570	0.47371686873594154	0.4756370390173207	0.17891181494601258	0.13641150516150516	26	13	0.5048701298701299	36	-0.14552356283674525	0.01117543505636931	0.09772539556393012
571	0.4998686650681956	0.5027777777777778	0.15920660990816776	0.16619605142332414	22	13	0.4334831834831835	36	-0.04078744345033414	0.024014903423944967	0.018805923121401058
572	0.49745340398149296	0.4807692307692308	0.17218645142380737	0.13551070141979232	21	16	0.5471153846153846	36	-0.03859979388527442	0.005596188690163373	0.0631422335405637
573	0.4887956743437164	0.46327694215018156	0.16217078627850076	0.13358045248250114	19	13	0.7136904761904762	36	-0.06964046146801593	0.052496558940528903	0.0962017969478558
574	0.5007516556578923	0.49022887323943665	0.19838137446838897	0.16745375836284926	27	12	0.5181031090121999	36	-0.07671770712069946	0.032096362392272426	0.06302936918362378
575	0.47146495894361884	0.4650162337662338	0.16290124234533115	0.11874236874236874	23	13	0.47678571428571426	36	-0.2535363128364441	0.041580093454046896	0.12223590135735074
576	0.47120422887268276	0.48466117216117216	0.1705605970770824	0.14362947658402203	22	12	0.6517094017094017	36	-0.22252781174860703	0.031088416799228857	0.12402944418614648
577	0.4688410316091174	0.486193384080708	0.21031279622828916	0.17226523476523478	27	16	0.5405982905982906	36	-0.009907280430553767	0.03250691767768005	0.041312770603738724
578	0.49777412216859507	0.5190705128205129	0.16049297519634698	0.14795204795204792	24	12	0.4354584809130263	36	-0.08643276156992362	0.028074649367616944	0.07648622929405924
579	0.5029315427236095	0.5	0.1673246132019606	0.1722869933097206	26	13	0.38676046176046186	36	-0.13529771630036963	0.04075795075739663	0.046907790184841924
580	0.4868680894722562	0.47857142857142854	0.12757553711325587	0.11339518533820708	22	7	0.40673215673215674	36	-0.1831545495223813	0.018081182124014383	0.10390514347033841
581	0.48010327604731146	0.49722222222222223	0.1913899514358328	0.1866703425682299	24	17	0.4474206349206349	36	-0.153368614703673	-0.003061451527668402	0.05675911809160328
582	0.49964908966722876	0.4934994582881907	0.17692774328231006	0.1174837486457205	21	14	0.46634615384615385	36	0.005758080346761377	0.02457512575630355	0.054643126937308883
583	0.4925715267131187	0.4957570838252656	0.1971841727256793	0.17417027417027417	23	17	0.5102321920503738	36	0.04355413441223543	0.040672411843494294	0.021108719709100998
584	0.5017727607442983	0.5	0.18487947479758193	0.1535557849818413	26	15	0.591991341991342	36	-0.0642370067589253	0.04562818206968955	0.06455064234688646
585	0.4902137278791141	0.4838807159549797	0.16956495275957503	0.14412393162393164	23	13	0.5172619047619048	36	-0.17784569077209503	0.007368371571193355	0.09169071713738286
586	0.4618747106016366	0.48142955529319165	0.18023219306696683	0.11615940877304515	21	12	0.6276501276501276	36	-0.203163581816161	0.01400816741424199	0.12517571173861863
587	0.4930779145314463	0.48059618394125436	0.14563328036706183	0.12310283613100512	20	10	0.46361971361971366	36	0.0711878871920834	0.048549752664792445	0.1210114865247609
588	0.4799880160168786	0.46708197905381005	0.16080471116749395	0.13529371467911805	23	14	0.45357142857142857	36	-0.009457481750177188	0.05178611738951039	0.10943779978428692
589	0.4685662828688597	0.4834022038567493	0.17808040561855115	0.14519178005093497	24	13	0.5464285714285714	36	-0.24227998743526558	0.03894466455193574	0.18845330160626805
590	0.4858570393294839	0.49377705627705626	0.19763908738113814	0.1560335497835498	24	14	0.5871794871794872	36	-0.1490631326050047	0.03201398440004033	0.08328522069101796
591	0.4982263227181601	0.48546406644998197	0.17356137040035888	0.17436868686868684	25	14	0.4606957987239677	36	-0.14548671719337777	0.07022743368453993	0.08563211133352922
592	0.49095215470122106	0.46825396825396826	0.1602077947561836	0.13784132534132537	21	10	0.5031483667847305	36	-0.22744562840468147	0.04484444641042429	0.058008410507899844
593	0.49028500035022127	0.4851029252437703	0.15466148210359693	0.09152892561983467	17	12	0.4935897435897436	36	0.04242965350490646	-0.039523983005897156	0.05717017610861819
594	0.4906284080786588	0.47638888888888886	0.1627515326925805	0.14240479253283353	22	13	0.4414502164502164	36	-0.07057442459412447	0.05321641313669534	0.06066988891598735
595	0.4822814483525911	0.48378427128427126	0.15423425139734356	0.08901153619463475	17	13	0.4244047619047619	36	-0.11940202908511553	-0.00017563555735777836	0.0697875584931702
596	0.47596949327703164	0.4796477530152306	0.18688457991835072	0.1605712265043251	26	13	0.5213675213675214	36	0.03972498247486658	0.0331225216844615	0.061593015559083586
597	0.47853256962505264	0.49621153494392933	0.17199231177170785	0.15956152433425158	25	14	0.39166666666666666	36	-0.06574831558458409	0.07020003957897908	0.1407218555529557
598	0.4731521065194507	0.47256831587817505	0.1636841704023202	0.15032208597349442	27	11	0.5791666666666666	36	0.056811054274245494	0.034063925878722034	0.025813582408633517
599	0.5032834892409956	0.49404468770665955	0.2035314326940981	0.17409370754441178	29	15	0.4813065722156631	36	-0.08549991821840602	0.06610707648584391	0.07593951197147242
600	0.48332549387153534	0.4863095238095238	0.1409378153856387	0.11104232230992792	21	8	0.44345238095238093	36	-0.07620242642851258	0.07178457916663361	0.09520258792029002
601	0.456528354166265	0.45831076200794507	0.17764040596146874	0.12178648371830192	21	12	0.6002886002886003	36	-0.06523522505890149	-0.0281165983599993	0.06737743506084604
602	0.4822752412874585	0.4967532467532467	0.1829404982120518	0.148297409661046	23	15	0.47186147186147187	36	-0.20883327965335227	0.020302131276473956	0.12829629286385813
603	0.49376005810198087	0.4967948717948718	0.1571138478228747	0.12049062049062051	23	13	0.3913075560802834	36	-0.18460054609170795	0.041715899515195276	0.09297531930036029
604	0.5018877316132437	0.5131370523415978	0.18892383224969655	0.17689874679311296	27	15	0.5404761904761904	36	0.09994290666086814	0.0360729069512189	0.0774079081787643
605	0.4950627655913347	0.5	0.20031632687549247	0.17612942612942611	27	16	0.5194956558592922	36	-0.06938312950878077	1.859925589375866e-06	0.0784795452358159
606	0.5042000256475555	0.520228384504953	0.193499975911681	0.15170026569674458	23	14	0.5173076923076922	36	0.03628380625215795	0.07310536188780303	0.118329673958394
607	0.5172228001059894	0.4882144104295193	0.18561247229754485	0.17824574415483507	22	18	0.5772005772005773	36	-0.03660458836518453	0.048216035465185825	0.12463138059449519
608	0.49920602591990776	0.5056547619047619	0.17724513693890562	0.15406832017747507	25	11	0.48994823642710966	36	-0.05754632202890203	0.06850853045364519	0.10754882401407395
609	0.5053838122366718	0.5119047619047619	0.1876665263215626	0.14662880155837904	21	16	0.6142857142857143	36	-0.1875688637165158	-0.03525939667104849	0.05497701374624364
610	0.49949354005785396	0.4846557980360797	0.15351310066018772	0.1261100011100011	23	10	0.4522005772005772	36	-0.03660605979403539	-0.01198943121484497	0.023226978077052984
611	0.4965837183733577	0.4876309136872517	0.16838826344534838	0.1283910533910534	22	10	0.4998737373737373	36	-0.07279336319251274	0.022678136100523494	0.019471316959957186
612	0.4557837422640826	0.4823943661971831	0.19872422282393473	0.18868284493284496	25	18	0.5299422799422799	36	-0.26224921628954434	0.008115189710592607	0.1097110409008002
613	0.4928984144106317	0.5	0.14908708972142604	0.14560439560439564	22	11	0.5219326128417038	36	-0.19769845649748813	0.06816245859484305	0.09952493230703963
614	0.505581697219688	0.5173061875526664	0.1414343637681773	0.13049734356552534	21	10	0.3564754689754689	36	-0.1126470651551925	-0.012051069388986868	0.05520927666143838
615	0.47889080562069253	0.4774577748329349	0.15893747313134848	0.10423953980292008	19	12	0.4773088023088023	36	-0.1166697529639423	0.10903676818000163	0.1547554486294609
616	0.48521110201447915	0.4903064738292011	0.165062660433179	0.13664420477800757	20	13	0.47571325388226793	36	-0.044614928432396346	0.052555390434281035	0.062073653194932965
617	0.4860705958583946	0.5039705990410216	0.2088270430526619	0.17208694083694087	28	14	0.5106837606837606	36	-0.011322606206347162	0.0037496073301377386	0.08713826199474428
618	0.4808606393073423	0.4875	0.1882847217514311	0.18716400969922095	26	16	0.4892857142857143	36	-0.05317207103650307	0.03956122905460541	0.041007749920600634
619	0.49790469487772626	0.4870059517946842	0.1736395209866721	0.14409329911090474	26	14	0.5085470085470085	36	-0.242832679162404	0.031374003860645705	0.1769578159998192
620	0.5042098159562415	0.5075757575757576	0.1594590573863941	0.11218434343434339	20	11	0.5417118093174431	36	-0.009972014277963525	0.06032605783800016	0.1034965294687652
621	0.48353309254864413	0.5031385281385281	0.16294972549107203	0.13678474303474297	22	13	0.3972222222222222	36	-0.11873989795938455	0.0286292073174646	0.08021468456767977
622	0.47822535569147817	0.49512781819119844	0.1777568711974388	0.14612193362193363	22	13	0.6334776334776335	36	-0.2421834871747364	-0.027934384128735612	0.10967723497493587
623	0.4842829895253337	0.47788461538461535	0.16418658230571376	0.147160163069254	23	9	0.5238397965670692	36	-0.040852105394046524	0.012021204613972769	0.07426971654341874
624	0.4832886777342336	0.48903318903318904	0.15801739493454176	0.1490904928404929	26	10	0.40654761904761905	36	-0.025990945794007552	0.0308959180709526	0.03049385107920688
625	0.4934346946770922	0.5019652100638016	0.18482122303211723	0.18165584415584418	25	16	0.44188311688311693	36	-0.14935263804165663	-0.006892353210498081	0.11029263202196826
626	0.48438473481553934	0.488721861081016	0.2101759038885586	0.18520021645021648	24	18	0.717948717948718	36	-0.031651322069043496	-0.003100811223533617	0.046757584933044494
627	0.47896631355871644	0.4770833333333333	0.23412670836379756	0.19188860382042197	28	17	0.6363636363636364	36	-0.13864316625168643	0.05877659637767502	0.053660713201060584
628	0.4814830435555735	0.4952200577200577	0.1824321842954472	0.17511812326953172	26	17	0.4073051948051948	36	-0.1251608379063487	0.029499407818562418	0.07452191138234476
629	0.48765111817688644	0.47805465270254005	0.17901936707954635	0.16840728715728717	26	13	0.46388888888888885	36	-0.1936822515084464	0.04135629181711625	0.08894613119334904
630	0.49042129087676994	0.5018037518037518	0.16968987284154802	0.11990660854297222	22	11	0.48611111111111105	36	-0.06925557709715131	-0.014689735154314543	0.061052063249725785
631	0.46330785765604904	0.48400974025974025	0.20752015827906778	0.19781902547587565	28	18	0.595959595959596	36	-0.1444240788749372	0.010739194220369674	0.1120840563825185
632	0.4763616479965711	0.49702380952380953	0.1776664398223297	0.1628752880353393	23	12	0.5410256410256411	36	-0.06362430391521141	0.054124811135546846	0.13082511081020054
633	0.49484073802989187	0.4973214285714286	0.17917250314417407	0.14390495867768596	23	16	0.6386904761904761	36	-0.047413032314013	0.004450211704040585	0.035096358372111225
634	0.4976215769369578	0.504708378475984	0.22417711233732363	0.19826265905811363	25	18	0.6369047619047619	36	-0.009715140651654665	0.05798655850617079	0.0680984829713942
635	0.5109898639648159	0.5178764897074757	0.19589749303391002	0.172860914338187	24	15	0.5341880341880343	36	0.00788079125157686	0.029852156178796108	0.04954747724547881
636	0.4871738741550414	0.4848124098124098	0.14425086263541237	0.1027777777777778	19	10	0.5077380952380952	36	-0.12612381255308344	0.002967469525014199	0.05926761076876208
637	0.5134660227223181	0.5093853720614283	0.1454178095343268	0.13019808474353928	22	10	0.4108974358974359	36	0.04371637537010453	0.07233534806789021	0.11684625998371811
638	0.4671649073310939	0.47037337662337664	0.16396696224374413	0.13530844155844154	20	14	0.40598290598290593	36	-0.09328133536608348	-0.029643016446547488	0.0551186458605597
639	0.5271742080120762	0.5277777777777778	0.1675857121333007	0.14118035720148397	21	13	0.4551282051282052	36	-0.043007295206173385	0.08030338591773645	0.0978323014270458
640	0.4813787288019042	0.49101239669421487	0.1793564349688976	0.1454881386219414	23	13	0.7606837606837606	36	-0.13298163556484263	0.02831535568571414	0.04230934902692174
641	0.49509274977958284	0.5006772268135904	0.1610333546766539	0.12602018482300173	22	13	0.5138888888888888	36	-0.2791707648937034	0.03980960248972171	0.14259292080696928
642	0.49405818139946395	0.49431554361131824	0.17532176431557567	0.13966578307167296	21	12	0.6132478632478633	36	-0.03412974865429999	-0.015365681081233151	0.04396779529752193
643	0.5140714137193011	0.505050505050505	0.16587537456615564	0.14538308913308912	24	12	0.4520555202373384	36	0.0003860072488692396	0.006402881689373419	0.06255902499532073
644	0.4971148346188359	0.49584492190125995	0.19614036139324234	0.1476428243473698	25	16	0.4859553325462417	36	-0.14944553532582078	0.11182816489954783	0.10209295694798182
645	0.4825043912918699	0.49231220657277	0.2047880328303397	0.15298902974959314	25	14	0.5714285714285714	36	-0.19255018650922726	0.017479738127145317	0.09255309881261853
646	0.48318393221162104	0.4709431804502227	0.17420862923690497	0.15222725240330878	23	13	0.46620046620046623	36	-0.1590375438395215	0.03199447233550479	0.09007036888433018
647	0.47834628268500434	0.48709623709623706	0.15644386171754932	0.1403808534970507	26	10	0.4032356532356532	36	-0.23609827640932854	0.007102371156099074	0.19120700570146232
648	0.49067784906720036	0.49377705627705626	0.1612062289799166	0.13191164895710356	23	11	0.4464285714285714	36	-0.0591215423291424	0.010401865062064086	0.0383207480234784
649	0.48416041254216147	0.4873397435897436	0.18674411627756698	0.16151613537977177	27	13	0.5321428571428573	36	-0.17228790207863728	0.02797616408045589	0.059464361344058525
650	0.44962646324348743	0.46271367521367524	0.12509694087665701	0.11688036142261496	19	7	0.4866522366522367	36	-0.08482304706289054	0.008613470362276165	0.1436746111534568
651	0.47947785343085175	0.48725649350649347	0.19151529360129446	0.16418650793650794	24	13	0.5380952380952382	36	-0.10036027095034898	0.022326132997855574	0.09832214401565609
652	0.49980068524802845	0.4983713469628962	0.16623273365164104	0.14725899100899104	24	12	0.5299977799977801	36	-0.06549098362534893	0.014547009181107406	0.03722227238340814
653	0.4873948934881766	0.48632428177882725	0.1466483885911436	0.11844469550935621	19	10	0.4815476190476191	36	0.0711540028748965	0.06107841040379469	0.1210945110293633
654	0.4904581507374401	0.49079793445990627	0.18966137145287806	0.12301334229151134	19	13	0.6773809523809524	36	-0.19007487462474085	0.00026921812551683466	0.059893898162065584
655	0.4960728889812864	0.5003607503607503	0.1720250940828192	0.13651299262694905	21	14	0.49940476190476196	36	-0.08472654757817735	0.002219200727154036	0.041661697954132104
656	0.49910807262026324	0.49424603174603177	0.13945764360163632	0.10719696969696971	21	8	0.4274740411104047	36	-0.06877749568775199	0.017348993473722596	0.07100905481866338
657	0.5079339429638192	0.518011917659805	0.1750112578297597	0.16535468195199307	27	14	0.49761904761904757	36	-0.007848624756672464	0.037715498644411316	0.06260436072050557
658	0.48332424676854896	0.4736111111111111	0.1438598239227774	0.08103320779377116	17	11	0.5613095238095238	36	-0.1563291652353614	-0.01295556060046854	0.0813400175381398
659	0.49762140628751284	0.5046356421356422	0.18088356022228194	0.15404387279387277	21	11	0.6977272727272728	36	-0.21484174669146822	0.0025292715440331515	0.055155953168604666
660	0.4763845444589949	0.4991874322860238	0.11121674316696725	0.08449926354055676	15	5	0.34491341991341995	36	-0.17302774930563666	0.04887975526093563	0.2648615317153684
661	0.5143457612014217	0.5091540404040404	0.23299681090040675	0.1973937047800684	25	18	0.625	36	0.002959436495395627	0.09675491516455997	0.11634369728337068
662	0.49025859360699847	0.48168341830313666	0.22253676107842774	0.15339924160346693	25	15	0.6987179487179487	36	-0.16465896364683347	0.006721257862977059	0.0653632894838162
663	0.4851474748655179	0.48725649350649347	0.15722688852223637	0.13218448218448223	19	11	0.5625	36	-0.12364800641249572	0.04988539975132611	0.052506123007071026
664	0.5057966487017116	0.5095106913288732	0.16927676221716978	0.15081213778396876	27	9	0.5362415362415363	36	-0.004567678998381268	0.03554798921790203	0.09524145553896946
665	0.4829203994776978	0.49188135807854116	0.20707479811726504	0.18463758463758465	25	16	0.6089743589743589	36	-0.04522536466369426	0.010760630378846725	0.042808078472731936
666	0.4873027527810392	0.5	0.13440420054803326	0.10579906204906206	18	8	0.4914529914529915	36	-0.14804092149911335	-0.006969296407762782	0.13494092108217937
667	0.47868545235569354	0.5	0.14519687712976231	0.10081660763478945	19	11	0.5267857142857143	36	-0.07891075627785576	0.02275255837872797	0.05865320141587704
668	0.46972593127162593	0.47202660406885755	0.174260047276746	0.14369670733307094	23	13	0.4722222222222222	36	-0.24375181953547306	0.05745802186503213	0.16045737025547313
669	0.4673843236549968	0.4454365079365079	0.21926006028518838	0.17635405478715335	24	16	0.6474358974358975	36	-0.013574915677839671	0.041474229059240975	0.051875338267009075
670	0.49105206476965435	0.5067681731414126	0.156749602800339	0.1556719795356159	24	12	0.4137626262626262	36	-0.04673791709608644	0.00193797717516081	0.054100330296278365
671	0.49288511530162205	0.5282738095238095	0.18897678657868588	0.16411625346484504	26	13	0.6239316239316239	36	-0.2065377428915938	0.03925700814883809	0.09225520323189362
672	0.48089473867389465	0.4873397435897436	0.13459892483980193	0.10338675409097942	18	10	0.4294871794871795	36	-0.009489802660199574	0.09300148861146829	0.15922768770452034
673	0.5138915791591314	0.4989165763813651	0.20421819253445375	0.18634143634143635	25	16	0.6153846153846154	36	-0.15273020146926247	0.07029982635419463	0.13743870948793235
674	0.4824992697111775	0.5142575538702299	0.2140370153707755	0.1858257157552932	25	18	0.6618936618936619	36	-0.05191672277569409	0.05787850081236273	0.07503613457905867
675	0.4777191503663975	0.47798015755762235	0.13004931918984416	0.13493589743589746	22	8	0.2906068891984385	36	-0.05793092586010908	0.03885859654807239	0.06379421303641364
676	0.4926297297709483	0.49620801733477793	0.1453163893811568	0.11616161616161616	20	9	0.4892857142857143	36	-0.11493458241452768	0.04214022214748597	0.07374591992644908
677	0.5068416824872224	0.5028655057064149	0.1833457398144765	0.16675962925962923	27	12	0.8005952380952381	36	-0.08723553418072018	0.007624532561127717	0.05914763584504268
678	0.5017209093940315	0.5152777777777777	0.1572964870446731	0.12297008547008548	22	12	0.45640470640470643	36	-0.08430838314442021	0.0045637610635641535	0.028243115007393182
679	0.48125836404352196	0.47131184543156374	0.19474824339047558	0.1574752134691315	24	14	0.5833333333333334	36	-0.10161314048844441	0.05077663429788415	0.07691424980545047
680	0.50098021830843	0.4965564738292011	0.14601932711461096	0.11214133089133088	20	10	0.4555555555555556	36	-0.1085601747794937	0.04692658873787586	0.1270845080149159
681	0.4979971364421055	0.48184523809523805	0.18839449045248233	0.16425949832639974	23	14	0.48076923076923084	36	-0.15053919615257022	0.04694104707493618	0.059729945252881
682	0.48828653461802735	0.49722222222222223	0.1804837526548474	0.11491208322194238	22	14	0.6875	36	-0.13780126417042968	0.016991970699064662	0.11818584264651766
683	0.5019612843123034	0.4833152958152958	0.17415759207399198	0.12226321658139844	19	12	0.5803571428571428	36	-0.05384627957507311	0.040883363991743304	0.048719922749196565
684	0.4836520078477504	0.4907941237166589	0.15338142072830502	0.12899170469593002	24	9	0.650595238095238	36	0.031008750383377057	0.007254821043233439	0.02500024008033097
685	0.4983542300783817	0.4967532467532467	0.19742334887848123	0.17839105339105338	29	17	0.4636474636474637	36	-0.19383685664961633	0.033459605477913046	0.07977721864218401
686	0.5016402920892358	0.46492901038355583	0.20387792405504737	0.16948468198468203	26	14	0.5554953653545203	36	-0.04525862218818622	0.018325397598888238	0.0514744100993727
687	0.4694994054095633	0.4640873015873016	0.20055821190317563	0.1655229871138962	23	15	0.5324675324675324	36	-0.2108835405932159	-0.00905866443601594	0.06665197129026035
688	0.4761347571480147	0.45138888888888884	0.21137948647951849	0.17719259418203082	26	14	0.6027056277056277	36	-0.054941698422388434	0.06485512496439072	0.059206828045154536
689	0.5029400167664412	0.4951790633608816	0.1914668536854303	0.14178800996982815	24	11	0.579059829059829	36	0.09487348653448965	0.024091281494204142	0.03520722665765219
690	0.4861099864681011	0.5	0.191771402936309	0.17749699439840286	26	13	0.5341880341880342	36	-0.10360744713937305	0.03393164808614668	0.08243797488674642
691	0.49919468562767755	0.48819444444444443	0.1679476116389262	0.12809835366653546	21	11	0.485042735042735	36	0.004085112010773169	0.03223310219826031	0.042436851058817004
692	0.4630860892517956	0.4949786324786325	0.16617706176231573	0.15629509379509382	23	11	0.6538461538461539	36	-0.14732846900991273	-0.0096758518930537	0.12514806030556525
693	0.486746515239633	0.5051011195377393	0.18924176460187986	0.1706522644022644	22	15	0.5961538461538461	36	-0.10669626359787937	0.005883944185431478	0.06905469513275209
694	0.5078143901227288	0.48538433397588326	0.19119921820919472	0.1553529803529803	24	15	0.6202380952380953	36	-0.083376225097213	0.07555721206384808	0.07962517165259841
695	0.5084216959170278	0.49523809523809526	0.21156317150902082	0.20022893772893777	28	18	0.611111111111111	36	-0.15591225426164793	0.023007232017192236	0.0712518366799475
696	0.5172382426717148	0.5016251354279524	0.1895018630774073	0.15373490945674045	25	15	0.6005952380952382	36	-0.05967028722103662	0.02292570037620767	0.043812875640189985
697	0.4810822746908962	0.4679655243035525	0.21027215323523477	0.16721681096681096	28	16	0.5902597402597403	36	0.0061437511343124035	0.0037000434587353692	0.04991413886168994
698	0.5102439292580138	0.5218377084574268	0.1917439974151455	0.17148552738341472	27	12	0.5262429276513783	36	-0.004438940610131475	0.00011580174315339864	0.02414820333466905
699	0.4998241619580448	0.47947762864536236	0.20171578931848885	0.14930839362657541	24	14	0.534127843986999	36	-0.11721470743161665	0.10106980954876899	0.09946217628272691
700	0.49654077262445273	0.5123615625376188	0.17233456497621027	0.15106762369086313	22	13	0.40833333333333327	36	-0.09569609169143854	0.02386590295982849	0.09980274260031752
701	0.47582970098241645	0.4698773448773449	0.1816701395753359	0.14294871794871794	25	13	0.5918803418803419	36	-0.1614244496544151	0.06995287002987921	0.10780947953591002
702	0.47248504472282743	0.4646013708513709	0.1879727581818918	0.1554195608773074	24	15	0.5428571428571429	36	-0.07282787201712716	0.03878346552765449	0.058550927755853244
703	0.46567912802507866	0.480092091007584	0.22710788183339398	0.2093610810160106	29	20	0.6212662337662337	36	-0.09493019542457269	0.013248312412660335	0.09236795722947588
704	0.5075430818588629	0.4805194805194805	0.17370953971732886	0.14001294089322255	22	13	0.4861111111111111	36	-0.19962687228136725	0.04245091455214095	0.06921248483231868
705	0.484748807634131	0.4822289452971271	0.1797747745824464	0.18138865242738486	26	14	0.5555555555555556	36	-0.1847950275739516	0.015720613823452967	0.10596984705686763
706	0.4751721769254046	0.47325937950937946	0.1906410986876736	0.16019119769119772	27	12	0.6346153846153847	36	-0.22262252146898506	0.0677048292807797	0.1182714216931029
707	0.5026383938722554	0.5	0.1629458628324932	0.1293101469237833	23	11	0.5032051282051282	36	-0.22420046948363556	0.04599603621068943	0.06591724314410552
708	0.49499904877492373	0.5188492063492063	0.15015777671294103	0.11340968215167957	19	9	0.5613636363636364	36	0.023224956200192833	0.05769082163226752	0.06124488655044158
709	0.47488790707620726	0.49069837546149964	0.18081093975380144	0.14291421961876505	23	15	0.6952380952380952	36	-0.07031539256338698	-0.05627143595348805	0.11790772112525827
710	0.4985974068207049	0.5019306006982063	0.19992588686704138	0.1737762237762238	29	11	0.593452380952381	36	-0.06150184381573464	0.030962847732336984	0.043102244805017786
711	0.49044469615385644	0.48561507936507936	0.21739993534034296	0.19041847237269774	25	18	0.5476190476190477	36	-0.14073067803067207	0.020533249000635467	0.04638391182034807
712	0.49378790127629757	0.49837486457204766	0.17752640724658436	0.1334145652327471	20	15	0.6261904761904762	36	-0.15382017863281855	0.0026307471747858413	0.04156602379026697
713	0.4802143302450067	0.46805555555555556	0.1626254451078394	0.12780162912205162	24	11	0.5196821957385338	36	-0.08022517322332363	0.03636997739393577	0.041305000762488886
714	0.5127813425548701	0.4935064935064935	0.18482215736003613	0.13672461590195267	22	17	0.506547619047619	36	-0.004020811863049418	0.01399599329558443	0.06703272940748228
715	0.4732214600479112	0.4927771758757674	0.1726252047181411	0.13403679653679654	23	12	0.48392857142857143	36	0.047640877058958656	0.030667308645369262	0.037637425840391314
716	0.4717238992433721	0.4786501377410468	0.18266321299825355	0.15296389216843762	23	12	0.5295815295815296	36	-0.02595857008234988	0.030748773029502963	0.08608622601564164
717	0.48715342415326407	0.5054563492063492	0.20331200094857796	0.1818713563431873	25	17	0.5275835275835276	36	-0.09772495420524352	0.08027460748811571	0.08322010870647156
718	0.4830028976029028	0.4722974599735163	0.1687920585741222	0.11330020989111897	20	12	0.5607142857142857	36	-0.07649192488265213	0.02751784370105309	0.09449614124290118
719	0.4884650695676891	0.5013888888888889	0.16558864456191602	0.1299062049062049	20	12	0.4738095238095238	36	-0.24739847925444347	0.018373891086697625	0.0934954763562923
720	0.5096724095356991	0.4970217575851379	0.1838619610479939	0.14767160656245162	25	12	0.5142857142857143	36	-0.07028774702087469	0.052092114353083974	0.06260729020391875
721	0.4885541118622372	0.48398268398268396	0.2314361347718689	0.22362012987012986	27	20	0.6709401709401709	36	-0.07649253984613137	0.01637327453754861	0.03762799843415465
722	0.49450272991539523	0.5082594928545633	0.185724838837835	0.15631149153876425	25	13	0.5107142857142857	36	-0.12152501774880563	0.021475005317958207	0.07594686152244978
723	0.4973840558814417	0.5186341436341437	0.14256966921019418	0.13770005247277978	23	10	0.3964646464646465	36	-0.13776799009560223	0.07399272854704753	0.11748715436303125
724	0.47531362972104013	0.4688064283134706	0.19037994068537178	0.18497474747474746	25	16	0.45645238955098116	36	-0.20692706171997527	-0.008197114308423847	0.09478918992881358
725	0.5132642364156449	0.5051462621885157	0.16293441337988923	0.13501468210975257	19	12	0.6452380952380953	36	-0.1708684209321481	0.046957979928407445	0.16184263504275465
726	0.47706215461697216	0.4781233491220687	0.15133360582170863	0.1389380821199003	26	8	0.44999999999999996	36	-0.11531873845484786	0.06629092990383989	0.1226246463737084
727	0.49850333527776974	0.5133547008547008	0.19120284946949478	0.14963284954482137	25	16	0.65	36	-0.032005919742178604	0.05643603567493061	0.06035478418240503
728	0.5016515912489291	0.4883248065066247	0.16273685131319574	0.14727961432506884	23	10	0.4541666666666666	36	-0.13838137359884659	0.0073300417599515	0.09808700204870513
729	0.4899969020907721	0.5034759841097869	0.1951347674925887	0.17358241505968786	27	16	0.5159504032743469	36	-0.07514032800918206	0.08192864128468147	0.12601250373629813
730	0.49193160395211716	0.5005780204643842	0.20549438345399718	0.1599268786768787	28	15	0.5491452991452992	36	-0.19746693717668498	0.04542325653296542	0.08975622782200932
731	0.47125450048185324	0.4673028991210809	0.1570714949302764	0.13297163073091373	22	13	0.4392135642135642	36	-0.0032168305272711525	0.034600988266961286	0.04408005277554816
732	0.49055357901255253	0.5027073865102034	0.17676936628601161	0.16294690158326522	26	14	0.45690672963400236	36	-0.19779177716712698	0.0026911410049398343	0.04655316252805741
733	0.5002171706403726	0.47103454057679406	0.14986340824609068	0.15351693760784668	24	10	0.37077922077922076	36	-0.06613431352343684	0.07619417969037545	0.11497875674278846
734	0.4933449489100631	0.48055555555555557	0.1773783049457932	0.1539739603119885	26	15	0.4431326249508068	36	-0.14182549668870645	0.01632852508277255	0.0761431606391827
735	0.4715794396272148	0.4914228963524738	0.21056179395247898	0.15911796536796535	26	15	0.5512820512820513	36	-0.16361063162635606	-0.03448591111849508	0.11868994964866653
736	0.48051015727605567	0.4814484126984127	0.2017591263323231	0.18762973137973138	26	17	0.595672324545564	36	0.06764668263095638	0.0065170343516644524	0.059285558000752636
737	0.48041708258644333	0.4867354867354867	0.16429074854304263	0.17619047619047618	26	15	0.35	36	-0.12300566542119697	0.0013836867016344678	0.047581174670121906
738	0.5035447852729383	0.507346189164371	0.17630116337836144	0.1286283161283161	23	13	0.45296135789093533	36	0.009521588691491797	0.043132824507479905	0.05892487201390606
739	0.46869616826736443	0.4813658563658564	0.16285318320769668	0.12080399061032866	21	10	0.5021645021645021	36	-0.1154455502118749	-0.07605107765140512	0.22824395519675833
740	0.5208196788362441	0.5236832611832611	0.19408989426461684	0.18779345654345653	27	16	0.4615384615384615	36	-0.047960243902453466	0.06485748547965375	0.04763810195515339
741	0.5119204741883999	0.5129107981220657	0.18692824737425676	0.1873154623154623	24	15	0.4642857142857143	36	-0.05513337226613363	0.015130775565745491	0.03417100108328841
742	0.5022558086731956	0.4989177489177489	0.21066325575635225	0.17213068621519323	27	15	0.6153846153846154	36	-0.025572157862713933	0.08022254481595326	0.07844936317907891
743	0.5216146812791072	0.512639942217407	0.15264209153186958	0.1347264238109308	23	10	0.42083333333333334	36	-0.07919327378364993	0.05773970539840256	0.11636331594158544
744	0.49000282423844627	0.5241702741702742	0.17729706347263963	0.15379273504273502	25	13	0.5128205128205128	36	-0.07034982110641892	0.0776326138308433	0.1091134239758641
745	0.4951741371535706	0.47559523809523807	0.1863579943218761	0.1603256591892956	27	14	0.4264069264069264	36	-0.09325741665057141	0.06739735868632496	0.07783820143627573
746	0.5001592196334514	0.4790764790764791	0.1517510675134448	0.13745162665617214	25	13	0.340465872156013	36	-0.12271419150472157	-0.01750016251518266	0.07835110710417592
747	0.4906733240933519	0.4986111111111111	0.19775776252248725	0.16030828522025706	27	16	0.5547619047619048	36	-0.17700937535157152	-0.03278808770707731	0.06768002293688813
748	0.49291989516861473	0.516522210184182	0.18882915664819205	0.19464449691722419	23	17	0.4745254745254745	36	-0.14661959883722842	0.043717192718965736	0.09439491845691628
749	0.4772516500182687	0.4740107310529845	0.18304360635373226	0.14045402953853656	25	14	0.5128205128205128	36	-0.011226106721633976	0.025551345295817485	0.04198249672855081
750	0.5021122272255969	0.5064946790298903	0.16703774363825583	0.15415716912195784	25	12	0.4170579029733959	36	-0.0455802897232835	0.039438792245105714	0.04685162937703258
751	0.4920584883779773	0.5055555555555555	0.1615209644432329	0.1260647412055863	22	10	0.5207792207792208	36	-0.09306066244758707	0.015786550655370157	0.09741154593232171
752	0.48808243390909845	0.4790764790764791	0.16694243133370323	0.1510625737898465	25	13	0.41964285714285715	36	-0.08871733269844691	0.02276726080971131	0.0380046575008659
753	0.49986795836334363	0.4967948717948718	0.13476615270922782	0.12228595934581848	21	9	0.3685758685758686	36	-0.10882100200634597	0.017544276620596433	0.0719212904637484
754	0.49551645569637986	0.49754033844942935	0.15476190905528295	0.13345959595959597	24	9	0.5277777777777777	36	0.0059185874801753	0.04070521795609211	0.04908633918466865
755	0.4972924125399585	0.5018959913326111	0.20225139194676112	0.1919714763824879	28	17	0.5906746031746032	36	-0.17257047042725443	0.04973528862330201	0.08238006807074771
756	0.48812544618069054	0.4919651056014692	0.15349729382353156	0.12593896713615021	19	11	0.6226190476190476	36	-0.13776909767552528	0.01625832431819585	0.0828424145749973
757	0.5215844470139177	0.5144628099173554	0.17621931091307957	0.16041666666666668	23	15	0.5774647887323944	36	-0.11403389159235953	0.04836621085722337	0.06825152772736875
758	0.4951023288738025	0.47509182736455463	0.17715318161194174	0.1546446608946609	26	14	0.45178571428571435	36	-0.10081141598814315	0.06057042518230099	0.08174681977997622
759	0.4820050881397179	0.48064435564435565	0.18053652646455678	0.1585403446318939	23	15	0.6422619047619048	36	0.013702596347599832	0.020300751981474463	0.0257922516409278
760	0.484324681089646	0.47014490790899244	0.21068749024761615	0.22456709956709955	24	20	0.5654068154068154	36	0.03786057326676595	0.05560708946573967	0.05701838440361051
761	0.4710139898286772	0.4832591650773469	0.21025760090394108	0.18847154410534694	26	17	0.6569264069264069	36	-0.18553485100897354	0.014344653555785625	0.07957959351618771
762	0.4776618600955722	0.49255952380952384	0.18000737332923633	0.14294907859248449	25	12	0.5148809523809523	36	-0.1237113448301859	0.030075053637116544	0.20786516030847002
763	0.5052085978942573	0.5032467532467533	0.172315132801155	0.14964365553354028	27	12	0.4809523809523809	36	-0.012802264971949348	0.029520707017136605	0.08159260119355816
764	0.499980507495579	0.49702380952380953	0.1566903766847749	0.13841745375836287	22	12	0.4466089466089467	36	-0.06909585307204183	-0.0364146631313354	0.04429045906738449
765	0.48234667320574803	0.49702380952380953	0.1614263835921433	0.15507262690361281	21	14	0.36481700118063753	36	-0.13548418731792589	0.005013450283752052	0.07388786303055461
766	0.48414455073052487	0.48418626827717737	0.16053096137789907	0.130726911976912	24	10	0.45535714285714285	36	-0.09280332221268188	0.10007700924468138	0.12540234354643054
767	0.49586439925548437	0.4901453593355002	0.20619037282369546	0.16335432244523151	26	14	0.5918803418803419	36	-0.14928230256344602	-0.0010131456210816792	0.08509537278187185
768	0.4887519191696529	0.48680555555555555	0.17946207358819394	0.16422529490711307	23	13	0.5057720057720059	36	-0.11299907970381078	0.052550803213661346	0.07937318909098678
769	0.4867727258692367	0.49173553719008267	0.18951081018142477	0.16457682309154775	26	13	0.5339285714285715	36	-0.0604744689895142	0.0594311931297305	0.050774920074563745
770	0.5047394584133007	0.4967497291440953	0.18895041571231286	0.19695903843631118	26	16	0.5055555555555555	36	-0.0059185874801753	0.04586158646528721	0.05748095251869145
771	0.4982882744379757	0.49187432286023836	0.16527156244665844	0.14694592024137476	25	11	0.43119834710743804	36	-0.10049297767196952	0.04726274133518288	0.08189138109976868
772	0.48841571461943306	0.46887052341597796	0.15598639659805902	0.1299736630562495	19	11	0.4589743589743589	36	-0.1695817611359723	0.008437932304461881	0.04369846392466614
773	0.4839230026456607	0.48908730158730157	0.1645064008820411	0.12516251354279523	22	11	0.5042735042735043	36	-0.09431064665288164	0.006209559472942161	0.03573372518806639
774	0.4948592958856243	0.4945828819068256	0.16113660109472097	0.14540517367822106	23	12	0.4988095238095238	36	-0.07636632869640454	0.06698403711016993	0.07286886521807223
775	0.4854888423016891	0.48205266955266957	0.1677080953222652	0.13017845364196198	20	14	0.5154761904761904	36	-0.0001930036244346198	0.017300583566711714	0.0378612091693451
776	0.49196130845391944	0.4986225895316805	0.16340753718981416	0.12335621058412352	24	13	0.5505952380952381	36	-0.05970341451580743	-0.03047771223846024	0.023879760815022966
777	0.4796130926472636	0.4967532467532467	0.16409110132568303	0.1275457497048406	21	10	0.5547619047619048	36	-0.0885893758661095	0.024811145242852495	0.062340018041294076
778	0.47046692570660237	0.4942428072709763	0.16808899075624428	0.17058095375957089	22	12	0.6239316239316239	36	-0.09006618573230697	0.04379368015762425	0.0971318138297188
779	0.4867110538111925	0.4736111111111111	0.15867076591308346	0.1265495867768595	20	12	0.45694444444444443	36	0.018046419257991164	0.04463622955177177	0.05974488646194742
780	0.48730908408271834	0.4891692814228026	0.17545412738807958	0.1446608946608947	23	13	0.5235042735042734	36	-0.1056999520329637	0.017310934890098717	0.11007718735943084
781	0.48099013894335063	0.4880050505050505	0.15876604150185028	0.11227258656836125	20	13	0.6928571428571428	36	-0.10064977173193652	-0.03659903773355472	0.03804971770571641
782	0.47626498266102935	0.4986111111111111	0.20839123111717006	0.15446135437332623	26	15	0.5757575757575758	36	-0.09479313631856828	0.01857548372291551	0.09532714423934197
783	0.4836065397391689	0.4917003966299741	0.16474927180753043	0.13784639656118527	23	12	0.5345238095238095	36	-0.081897871301757	0.02849154193202752	0.07253961768245532
784	0.47860313993143166	0.48541666666666666	0.1618374033907005	0.12093538930126638	20	13	0.5726495726495726	36	-0.1438163987175516	0.013050026001062698	0.06672188634585685
785	0.4811695379970562	0.4953067765567766	0.16810914451492776	0.11607142857142858	19	14	0.5416666666666667	36	-0.07118445322342691	0.0214800053656794	0.04215192147017233
786	0.47220083675749497	0.4626927703112082	0.1801669209373008	0.1342408622818354	25	14	0.49102564102564106	36	0.023674159596357738	0.05449270000166284	0.04674050400993379
787	0.46737942846364205	0.4769119769119769	0.17923949445102877	0.15584415584415584	27	12	0.47605633802816905	36	-0.23520897470333793	0.03665472316049734	0.11792944053065424
788	0.49722514941785106	0.5094254870183168	0.141293015444744	0.10821983181138112	21	9	0.5083333333333333	36	-0.05239879894133458	0.012623668888319672	0.027719000815382033
789	0.49763196432130496	0.5082972582972582	0.15103603923226203	0.1299013486513486	21	11	0.5064102564102565	36	0.004438869239363326	0.04544417076242646	0.09121926110308276
790	0.5011366680960951	0.5073717948717948	0.1810078018024561	0.17220185117912387	25	16	0.4599844599844599	36	-0.15913020896405367	0.0026205763236074597	0.059287671505960926
791	0.5053759119520164	0.5222222222222223	0.1768881728935613	0.16642238825337416	23	16	0.39934308116126294	36	0.04776724493302709	0.042947934952699496	0.04187039177934593
792	0.5034100567711324	0.5071733821733821	0.17656044695097192	0.15035797535797538	22	13	0.5107142857142857	36	-0.010164857553556643	0.08607792430000155	0.0674376766800544
793	0.4830734890060541	0.48912545787545786	0.16919759247170688	0.13468368752459667	21	14	0.538961038961039	36	-0.11374072598194195	0.018899356768952158	0.07411982279204754
794	0.48585168970625653	0.4677857353913692	0.20614233569579282	0.1769612873966267	29	16	0.45952380952380956	36	-0.12406517342954419	0.049046342144564437	0.07324941784203809
795	0.492018427335062	0.5106257378984651	0.18694126104764178	0.16513361442938906	26	14	0.5779761904761904	36	-0.08440556120952428	-0.036868652403223456	0.048771405223999476
796	0.4916691607986156	0.509641873278237	0.17542286986775887	0.14169372294372296	21	14	0.5857142857142857	36	-0.159321930133679	-0.000315903201442147	0.05660392646001189
797	0.4737298163801311	0.45054945054945056	0.2046052667811631	0.18207234684507412	22	16	0.5952380952380952	36	-0.12664152672154422	-0.005098177325536135	0.07203501530524414
798	0.49126709925698936	0.5091575091575091	0.1645249621922157	0.1370825610582333	22	14	0.5538461538461539	36	-0.07913084981838932	0.02124645257863278	0.05231389642952178
799	0.48363095558864866	0.46166207529843895	0.17708033339702137	0.1351370851370851	23	15	0.4531118333935235	36	-0.0664238119775764	0.035021163202119676	0.038196323437671986
800	0.49308306303211347	0.5046897546897546	0.1968112206828596	0.17431306067669708	25	14	0.6063803620621803	36	-0.10170800387584664	0.04832554210238155	0.05099610291597467
801	0.4881198213371175	0.45819805194805197	0.19828106008216978	0.15382925155652427	24	16	0.6672619047619047	36	-0.12468134381156151	0.06580160329618612	0.0694519921769331
802	0.49108897666902895	0.48105063950134375	0.16589303846159376	0.14497437226310467	22	12	0.4284940411700975	36	-0.02261359132958962	0.11083562068806585	0.1558418845927294
803	0.48683629259013383	0.49422447661884283	0.14246685435065717	0.11768571803783068	20	10	0.46794871794871795	36	-0.09550232337114979	0.11135546608091662	0.14130622329627462
804	0.47061567652956904	0.4646742635298974	0.24130294765698102	0.20145660286505357	29	18	0.7321428571428572	36	-0.0002573340280778179	0.015334493430992024	0.041100144812037054
805	0.46118941411234954	0.46524170274170273	0.1912559076784962	0.16465842807071995	25	14	0.47048406139315235	36	-0.18640483797097104	0.06390654277024066	0.17830583282303147
806	0.5024559533302332	0.48998536674593013	0.1691382588242917	0.1283540989526905	20	13	0.5375	36	-0.15608061718319632	0.0321177770610821	0.047988845011748715
807	0.49480292331204623	0.5074893807288173	0.18831345649260714	0.1568815494151602	24	15	0.60724124360488	36	-0.061632490736121925	0.06423709301467095	0.0711311593616456
808	0.49868369321060846	0.5087752525252525	0.16849869263574982	0.16805555555555549	23	15	0.41176046176046177	36	-0.10499143936794642	0.056557048706844304	0.05673204103461249
809	0.49577499261598174	0.4935064935064935	0.23702055219207377	0.2012896825396825	29	18	0.6422619047619048	36	-0.04564388931722147	0.07738109277783523	0.11454323256196675
810	0.48240120638754863	0.48076298701298703	0.1525658107364253	0.10033451397087759	18	11	0.4083333333333333	36	-0.12300764330633102	0.03257511332304497	0.09266686548337799
811	0.5172953363601037	0.5055096418732783	0.17728808927592538	0.1436960926397546	22	12	0.6130952380952381	36	-0.1293726024199188	0.08828063666473496	0.12695022404817735
812	0.48031568858833595	0.48321660733632565	0.2211369797410664	0.18149678604224062	29	15	0.6388888888888888	36	0.08215454895779119	0.012101691337816134	0.02783246081174362
813	0.497449416765598	0.48863636363636365	0.18589035078711777	0.12335169631904591	20	12	0.8154761904761905	36	-0.05571326499408549	0.018032713761008345	0.04325080397525871
814	0.5056912191008435	0.4924446250150476	0.20975629091826273	0.19455868857277311	25	16	0.5249999999999999	36	-0.056098367113265483	0.05913427835556767	0.0592974666671916
815	0.4621614575326429	0.4869989165763814	0.17154065154625334	0.14657564657564665	22	12	0.45833333333333326	36	0.0029914599763929506	0.02116570275839702	0.06917074602085749
816	0.4786837761616357	0.4967532467532467	0.1918665777047126	0.15689658719428248	26	13	0.6388888888888888	36	-0.1832247741299324	0.08576921632434786	0.1536556339557028
817	0.4841134781462353	0.49990541539837313	0.22692147820722297	0.2182449494949495	29	20	0.6625596625596626	36	-0.15996526520387355	0.02698480266846759	0.04737259132812599
818	0.49634673107851196	0.48844348140122784	0.14887176106366248	0.12571260898725686	22	10	0.41258741258741255	36	-0.12879568105294786	0.045015460719009026	0.06502221219672977
819	0.5011895964674188	0.48074274210637846	0.20747542463424878	0.20645636906840495	28	19	0.4429358520267611	36	-0.2269382705157466	0.07799284183893423	0.12254182642186295
820	0.4832543679181271	0.48664529914529914	0.1889444870011985	0.15794503192070414	23	14	0.48931623931623924	36	-0.2391276455913123	0.013959621059800809	0.13643157963636876
821	0.49515657807577884	0.49408631274828463	0.1984316130136126	0.1670332823741915	26	16	0.49761904761904757	36	-0.08247688217506086	0.053247017238263805	0.059937094875838426
822	0.4885949997505694	0.49377705627705626	0.15904973273197773	0.11889327062182378	21	10	0.5	36	-0.01421747644694284	0.019711115733473616	0.16019323856623224
823	0.5045751084150039	0.529455266955267	0.17878147810126038	0.14367784992784993	26	14	0.4833333333333333	36	-0.018012947518967842	-0.0016813419981203115	0.04079472328070788
824	0.47808549655340626	0.4796987050508177	0.1687370224008615	0.1788537851037851	24	14	0.45085470085470086	36	-0.12287699840715806	0.03727384157177066	0.061031427447755915
825	0.5096115075221723	0.5225607725607726	0.15410618525615327	0.11311327561327561	22	9	0.5424942819309015	36	-0.04332861697760259	0.07995312157856477	0.10443157072761755
826	0.4886453141454742	0.47395720476706393	0.176435551790332	0.1484891948640348	22	13	0.5655844155844156	36	-0.1091765946585242	0.026114417240069687	0.061508488619781976
827	0.4863749002633446	0.48737871177051717	0.20081737925848042	0.17736327639496652	23	15	0.6077380952380952	36	-0.1794218236800047	-0.014344021240258797	0.04237631544968934
828	0.5037485967710307	0.5073373596100869	0.20866601985493363	0.2140115264234983	27	20	0.5034910316600457	36	-0.030043264709150707	0.05188980157727069	0.05063940726060401
829	0.48759214487714275	0.5192307692307693	0.16940457998396544	0.1164807414807415	21	12	0.6678571428571429	36	-0.13956817729428836	0.022396551487952998	0.08417507723635109
830	0.506123928132971	0.5027548209366391	0.1689286109967395	0.15918777925019925	27	11	0.4527777777777778	36	-0.12284878234691195	0.08494513138540766	0.12081015598437883
831	0.5050084437621783	0.5084763721127357	0.16436052023173237	0.1542915417915418	22	14	0.40170940170940167	36	-0.05490908969105308	0.054723066885728255	0.12082455068719411
832	0.48816518398651354	0.49976375346093654	0.17854188272722205	0.18965062715062714	23	17	0.47649572649572647	36	-0.12596298137155693	0.015795354046240495	0.06798813866289599
833	0.48435082482644376	0.48941630552546045	0.19296252318286033	0.17003829503829504	28	13	0.4972402597402597	36	-0.14915603687168122	0.07427748105774307	0.16535202635420765
834	0.4991317150448072	0.49404005085823266	0.17697254976651053	0.14669657416136292	27	12	0.45336481700118064	36	-0.10936608267494419	0.03347551812906885	0.0774324356521694
835	0.4702950511189148	0.45070571767114664	0.15078227802966382	0.11976646379655348	20	10	0.43903318903318905	36	-0.03931093336530464	0.026602882839771025	0.0546509461498097
836	0.47915004455697485	0.49648004577582044	0.15855712705237887	0.18382400427854978	21	15	0.4827380952380952	36	-0.09357082916549546	0.03783641686213579	0.061880885037709055
837	0.48400367211253364	0.507854821235103	0.16783267410534808	0.129474691974692	24	14	0.4945226917057903	36	0.02965750830185251	0.030469942258022187	0.032431462125282584
838	0.5049658142427829	0.4883596450497859	0.1896894421022142	0.17545585727403906	23	15	0.49350649350649356	36	-0.2202850121790136	0.006001345149318715	0.06673348375105825
839	0.49298268160504083	0.4653530155290718	0.18977322219559734	0.16476343758674103	22	15	0.6003441003441004	36	-0.0054683920606204	0.07398030096647512	0.06910201638742752
840	0.4942640419739759	0.5	0.160825331720018	0.13035485641119446	25	10	0.48976780794962615	36	-0.08193069728793786	-0.03895102862981803	0.04374685578072812
841	0.5062917200141112	0.5070885154111786	0.16852756121188686	0.1392152670561761	22	10	0.4827380952380952	36	-0.107630822557858	0.06831770450977837	0.07098360621104816
842	0.48672605257979246	0.49431554361131824	0.15664706725712915	0.14166609994074786	24	12	0.46071428571428574	36	0.023192042826069046	-0.0032647434328587077	0.046911901622774255
843	0.5087728611629593	0.49963924963924966	0.137640703675168	0.11441607634789455	19	7	0.6392857142857143	36	-0.1243868357925972	0.055509858765177444	0.10821830662675502
844	0.4775724905172995	0.47206121343445284	0.20018738133201433	0.1695817093704418	27	16	0.4527777777777778	36	-0.04828152069425611	0.06237687155119204	0.05236684530060032
845	0.4786841835390704	0.4580835830835831	0.14585287116497103	0.13066214088941364	20	11	0.4205037386855569	36	-0.262675820982507	0.08739091985583164	0.16030001612479305
846	0.49586196241792696	0.48779761904761904	0.1916350293057506	0.14891749042677338	26	12	0.6815476190476191	36	-0.12963097446471325	0.06568563096128838	0.09187565394279873
847	0.48665324394291	0.4775318578135479	0.17492847602082554	0.11106601731601731	20	13	0.5523415977961432	36	-0.05517441095684968	0.002907750340590376	0.049763954752133466
848	0.4983921898087764	0.47914409534127844	0.2074862299320793	0.17532467532467536	28	15	0.49940476190476196	36	-0.1569699712367198	0.03637046355239265	0.03404847559546864
849	0.4814209538554662	0.48781851950866034	0.18238791226280557	0.16372368828354744	24	16	0.4959415584415584	36	-0.0782938780426761	0.023560415373118593	0.0741506272741217
850	0.5041694538586877	0.4869473960383051	0.178042387458734	0.17051767676767676	23	13	0.4366391184573003	36	-0.1553010859449631	0.08205965422071493	0.09499509458519306
851	0.5085209514426864	0.49851190476190477	0.16025395217403327	0.14087301587301584	22	12	0.37544273907910275	36	-0.13030437571310488	0.014780774931099971	0.06193790719258252
852	0.500421354897454	0.4878211577155239	0.19960300217715923	0.1683067323912394	25	17	0.5840220385674931	36	-0.04831446377161031	-0.006209169836915385	0.04422509804936403
853	0.47604215167035274	0.4731240981240981	0.1732021990157927	0.15880511667163394	19	15	0.5059523809523809	36	-0.22858430148131875	0.036396908149469	0.12959203667243635
854	0.49708518089733406	0.4914228963524738	0.20981558671486114	0.1812429994248176	29	16	0.5448717948717948	36	-0.1935810789459622	0.07298282183907123	0.10938614436865712
855	0.49701117211320484	0.49375	0.14943530386205375	0.13477564102564102	22	9	0.41354100445009534	36	-0.11171333868830878	-0.021967379057955705	0.06933482649475797
856	0.502929535125171	0.5077224027928253	0.2237915271526027	0.2022292759168559	27	18	0.6214285714285714	36	-0.15192235543345922	0.04244784584130096	0.12138659789849648
857	0.495772516644529	0.5148935571470783	0.22378142350133384	0.19286176904614807	25	17	0.7756410256410257	36	-0.2802023371121879	0.08340214852341804	0.1581022832563983
858	0.47788890780047943	0.4700413045483468	0.18727136196859842	0.18306699169375226	27	16	0.6239316239316239	36	-0.1431443547890097	-0.015590664567875778	0.10546864522847488
859	0.506162379011024	0.5281294676301078	0.20722875559890072	0.19237422930604745	27	17	0.7440476190476191	36	-0.06552631098521187	0.034059385053918645	0.044313010637505146
860	0.48695144957949055	0.48672806067172264	0.16591247053795072	0.14825554922385914	25	9	0.5299145299145299	36	0.016855514351559353	0.05618196730712749	0.0734066686382967
861	0.4804259150029796	0.45016251354279524	0.20117886092464626	0.16040237149392078	27	14	0.6463763509218055	36	-0.20133332886719463	0.08325042613498007	0.11449449296553615
862	0.496897915881324	0.49469696969696975	0.18350287834389414	0.15823002754820936	27	15	0.5833333333333333	36	-0.0438761572881369	0.04984527268642808	0.09692223201379535
863	0.48949522756274244	0.4641025641025641	0.17806414950701122	0.1936287011110955	25	18	0.3811688311688312	36	-0.2446320939708806	0.008278154625231904	0.07044332934472775
864	0.501911234157553	0.5005417118093174	0.19913061628543913	0.20467171717171714	25	18	0.6732142857142857	36	-0.13226650035356388	0.010292520154260465	0.04789088437487787
865	0.49742546963457657	0.5013542795232936	0.2005787854259365	0.17374175120653992	27	15	0.680952380952381	36	-0.10457411566012326	0.044623334842543494	0.0862531813861197
866	0.4815525612934116	0.4954059829059829	0.179886471207694	0.13061559652468743	22	12	0.5892857142857143	36	-0.07362851490283294	-0.02062077463258144	0.040673671256574395
867	0.4832902482470344	0.4773711137347501	0.1627525146918019	0.09494949494949495	17	13	0.47863247863247865	36	-0.15307911857692527	0.051706313811602844	0.05161051479461043
868	0.4964352914290227	0.5021645021645021	0.1567186491228851	0.14038108356290172	26	11	0.4015890213073312	36	0.013992650272763967	0.013575502185580457	0.04663912449042629
869	0.4925659769543146	0.48770169224714677	0.1779259934829717	0.15132068369104218	25	14	0.5041666666666667	36	-0.26939222905689203	0.060076399122617086	0.1485290261319816
870	0.48232358408414744	0.48376623376623373	0.18018114968605795	0.15172713632220672	24	13	0.470021645021645	36	-0.10351427723843443	0.033535880425100306	0.06799047680393411
871	0.48304817243544307	0.4798160173160173	0.17554452698232043	0.19417388167388164	26	16	0.4172619047619047	36	-0.1002299923273165	0.047086136378586774	0.07825344608720053
872	0.4827095350696236	0.4756358664809369	0.13514464261770065	0.11883069981661529	20	10	0.4845238095238096	36	-0.1368684358182022	0.05543538152945471	0.1080301673030315
873	0.4692002519727391	0.49945828819068255	0.17908638626868456	0.15456418581418585	24	12	0.5307539682539683	36	-0.10795162477864462	0.02582943077556743	0.06956771981880505
874	0.5042425186671345	0.5255968778696052	0.20022795429859022	0.18796690398803076	26	15	0.4541666666666666	36	-0.02743846133946589	0.07000378142983771	0.06446729819064512
875	0.49845638570697254	0.4914228963524738	0.20348054594746873	0.17997547249307816	25	15	0.6226551226551227	36	-0.06954396198330275	0.05733383760050759	0.04011882842331216
876	0.5093632493200355	0.49380165289256195	0.18691688956306965	0.17857142857142855	23	13	0.4785714285714286	36	-0.045355851742135654	0.014141375835825754	0.07569662935145471
877	0.4862853417270831	0.5074134199134199	0.17579206609296238	0.1753697691197691	27	11	0.5178571428571428	36	-0.046383712752243386	-5.16330496385109e-05	0.038488031726043315
878	0.4933551797341544	0.49724517906336085	0.16374736330322118	0.12314739251358967	22	12	0.5069444444444445	36	0.02049186952021199	0.04486446306875003	0.05462590686651936
879	0.4806473442303574	0.483621278955786	0.19182215091306004	0.14205693563087926	25	12	0.6089743589743589	36	-0.10380044455720486	0.034114488086959216	0.07365375505514116
880	0.48838947398553145	0.4737258953168044	0.16611975439200152	0.11715941886396433	21	13	0.44821235102925244	36	-0.11991862118819326	0.053376609649201545	0.04566298169310368
881	0.4746289148364478	0.4848391045574144	0.16488440297392498	0.13837351029252437	23	11	0.4166666666666667	36	-0.24495770556997498	0.024071546196780147	0.08213663685243955
882	0.4583170567912352	0.4772727272727273	0.1988679915269757	0.16056027306027304	27	14	0.5669027941755214	36	-0.022807145060635848	0.008297932683335951	0.13141321363755254
883	0.4864844768727345	0.47011556518598774	0.17714624647376462	0.1468072713671305	24	15	0.4826839826839827	36	-0.022227405375815863	0.03131435629250312	0.04961569817049316
884	0.4803671082813742	0.49444444444444446	0.16471661430048112	0.1256132756132756	24	12	0.5861111111111111	36	-0.16855378839097074	0.021456610681962807	0.13766070376896677
885	0.4833303057121346	0.4842261904761905	0.20371767830421264	0.19978711624838388	27	18	0.5	36	-0.02981786133943427	0.01796181139466385	0.05804473073294014
886	0.4974186614471506	0.4884920634920635	0.16412557769525335	0.1423472360972361	25	11	0.43988095238095243	36	-0.02869251345472065	0.0713224180609437	0.12026706073292603
887	0.49795264655753346	0.47354192968789643	0.1610962053903795	0.15836776859504129	26	14	0.4197664620199831	36	-0.17569480767013018	0.11197521958873269	0.2034033461233029
888	0.4934150265142849	0.4784000721500722	0.17364971070290103	0.13933080808080806	23	12	0.5334776334776334	36	-0.03946828924769309	0.03430510800333747	0.038606129394111344
889	0.49624581552065017	0.4989177489177489	0.18110981819235125	0.1579027095752448	25	14	0.4465811965811966	36	-0.1100094125730321	0.06921278445637014	0.08206433061697427
890	0.4871489354263841	0.49594155844155846	0.20335884846528254	0.15386120139641268	22	17	0.5406283856988082	36	-0.04773392718271866	0.03247189206850132	0.028376153562008732
891	0.48570672179360286	0.5021645021645021	0.17459941483762437	0.14988275613275615	22	12	0.6175213675213675	36	-0.19840134553109376	0.06062052740232843	0.12467459691865734
892	0.48707423831997027	0.4668109668109668	0.19636188065818883	0.1816460055096419	24	16	0.5619834710743802	36	-0.1844718821808582	0.04361410521966519	0.07798847882446658
893	0.4822087590913615	0.4572387839433294	0.15472491079485318	0.10883838383838385	20	12	0.65	36	-0.026795551959502256	0.03499129098600928	0.03685325999624467
894	0.48129594430344	0.4847796143250689	0.15214410935841796	0.12467740592740592	20	9	0.3878205128205128	36	-0.17971565185884608	0.06166458667868335	0.07971071717302924
895	0.48818743015019156	0.4644938394938395	0.17714655989037123	0.16244550903641813	24	15	0.41547619047619044	36	-0.08064399611341196	0.010000010263109815	0.03526834104224774
896	0.4693897259071448	0.46340187590187587	0.17285835573154182	0.12773171664016736	21	12	0.7113095238095238	36	-0.22854294629572894	-0.014492167939363365	0.06806098308876696
897	0.4559118013483411	0.45874819624819624	0.20686411864522192	0.17940279417552146	26	16	0.561965811965812	36	-0.06626138139919167	-0.022457426864313956	0.05469134112462348
898	0.49345065323778514	0.5046013259041429	0.17462529813415428	0.11807949484005822	22	10	0.6068376068376069	36	0.07259919534106332	0.03649149752050379	0.04323760363236562
899	0.4905737362503527	0.5150701215842061	0.13882564846473297	0.1076675849403122	21	8	0.5170940170940171	36	-0.1058955066634831	0.07045606751746553	0.16094379917754342
900	0.495293509475381	0.5157051282051281	0.1826102620250081	0.1588203463203463	28	15	0.40646442759118817	36	-0.034837154210448876	0.020694433252051614	0.05944315397500244
901	0.47143740372173465	0.4686237373737374	0.2077370881694932	0.19231324231324234	31	17	0.4901613537977174	36	0.03969345471202386	-0.008203731882385878	0.035544026362288705
902	0.46639587143681793	0.46139971139971137	0.16956068420403675	0.12148268398268397	20	12	0.49766899766899764	36	-0.14989948164422137	0.023917025792148994	0.037825554108144144
903	0.49181974062535844	0.49255952380952384	0.15415348505804116	0.1214670110796871	20	11	0.5904761904761905	36	-0.14613591096774628	0.04515181355382525	0.10710156347559985
904	0.4970273805534422	0.4870059517946842	0.15554173704648522	0.17748917748917747	21	13	0.32326764144945963	36	-0.1502187388904262	0.03650238557993657	0.07692194178830492
905	0.4883685149716946	0.49449035812672176	0.17876504206263064	0.129525764817058	25	15	0.5611111111111111	36	-0.0653617921723707	-0.0030206274869182814	0.03911511255840272
906	0.4711820676882831	0.496184886389752	0.17545839189698556	0.1558398565440819	24	14	0.5014707514707515	36	-0.059766789033253935	-0.0023194878665551144	0.2125577383335684
907	0.48849051876420635	0.49381868131868134	0.17511522193287024	0.15578102453102452	26	12	0.6363095238095239	36	-0.11084663259452007	0.03401030725897769	0.020481637316453916
908	0.47895704509287523	0.4868950884795955	0.19506908280382457	0.1847909035409035	25	16	0.5534188034188035	36	-0.056774776394088275	0.10286426214821776	0.14292368449144732
909	0.4794998842100581	0.48892906336088154	0.17477032158930367	0.11696992366006449	23	12	0.5346320346320346	36	-0.14819580777602268	0.009389356792402659	0.0669090859852225
910	0.48620952755275737	0.5006887052341598	0.17724192267912922	0.14170930080020988	25	13	0.4888888888888888	36	0.024543035612053652	0.03301477584023382	0.03602574326130814
911	0.48780438701546786	0.4980880230880231	0.16880736649062514	0.11231667393639228	21	12	0.5615773115773116	36	-0.21609972482529596	0.05527823471848642	0.06801656480069851
912	0.5164301232923192	0.5115440115440115	0.22681647767275168	0.22723004694835683	30	20	0.4517876489707475	36	-0.10418727699533653	0.08551186522364984	0.14303803009921978
913	0.49567745626751175	0.5059588299024919	0.2110889986343465	0.1959497573133937	28	18	0.6260683760683761	36	-0.015664831145959537	0.053985862198582535	0.06856939078656232
914	0.49129628549376203	0.4922227793546615	0.17516229625838034	0.15392133119405846	25	12	0.5535714285714286	36	-0.1426250917777026	0.020302923005018347	0.026692550132296766
915	0.4829155931148569	0.48376623376623373	0.15257922305244118	0.11815158806195938	21	13	0.4474206349206349	36	-0.03300388512658981	0.043542394848658905	0.07951206200218175
916	0.4670462794169047	0.46474358974358976	0.1758283168120983	0.171588095003588	22	17	0.4111111111111111	36	-0.09299782280719074	-0.043412424902871005	0.0828353120686286
917	0.47040099831859866	0.47982123510292524	0.1788385485955375	0.12921037296037297	21	14	0.4792328883237974	36	-0.037152301614576624	0.03084780034825607	0.12323635111212339
918	0.477791174104661	0.4788326110509209	0.1765726668922358	0.15220543345543341	23	13	0.4541666666666666	36	-0.2262378719484512	-0.012549627821099252	0.07725264832922107
919	0.48579558729473366	0.4898088023088023	0.15462555763185296	0.13433441558441558	21	10	0.5095238095238095	36	-0.2332014636622037	0.013549710355087952	0.09779274187462972
920	0.5059688991080369	0.49895054440508985	0.1653115158343498	0.14609725173105453	26	12	0.4428571428571429	36	-0.2370046398596703	-0.0130066445122341	0.14597917377009118
921	0.4710071841087099	0.4845694211891395	0.18753856736677904	0.14322258336342847	25	16	0.46411845730027546	36	-0.007655625787246093	-0.018164366235010332	0.07488505921694744
922	0.4731757675239589	0.4708333333333333	0.17423531218745686	0.14869054067997733	25	11	0.5333333333333333	36	-0.17781638383149748	0.010339969319396625	0.0954759122889084
923	0.4853124353624514	0.4797979797979798	0.18296090700726853	0.15680021269810004	21	13	0.4805194805194805	36	-0.3056757436092711	0.039332893931473045	0.09112622176906138
924	0.5115854108625129	0.538961038961039	0.16188784086244604	0.12645939741010165	22	12	0.5476190476190477	36	-0.2834073269029093	0.10800814386921936	0.18054292420728035
925	0.4776416422076366	0.4688852813852814	0.15456678542999494	0.11813305665738444	22	8	0.7214285714285714	36	-0.19285054071065189	0.022496825186916758	0.07946692712134762
926	0.5076167597074287	0.4935064935064935	0.1631652645243661	0.1391316918605651	23	12	0.4551282051282051	36	-0.15308157995279192	0.07226976491695047	0.07809776722730466
927	0.4781847227163062	0.4686147186147186	0.17190662142113272	0.15117407844680567	26	13	0.42546342546342547	36	-0.0766218228729282	0.01741136889036521	0.0815454374538428
928	0.49134315817854546	0.4997291440953413	0.17913178750913494	0.15349467540568693	24	12	0.40501165501165504	36	-0.054620904012845375	0.049975112197792715	0.070753002693553
929	0.4834514321750237	0.4775318578135479	0.16925282584426848	0.15390922209104027	23	13	0.45929487179487183	36	-0.21490435245626532	0.019442999628166646	0.1430704510181251
930	0.5027012096467656	0.5034435261707988	0.1645124378652441	0.13644644496917224	23	11	0.484380642831347	36	-0.20158742356584564	0.08009637670322944	0.16447779651194128
931	0.4870964180596596	0.4592352092352092	0.1594088418378858	0.16887952707414933	24	12	0.33749999999999997	36	-0.11027117724148053	0.017263351218093748	0.07279408880283855
932	0.4534292299617204	0.4610178553840526	0.1883326965513265	0.16427341597796144	26	17	0.42604617604617606	36	-0.0830210559039807	0.013790517035740246	0.09083446329496636
933	0.5018873414833456	0.4986457204767064	0.17516646665841074	0.156561161842852	24	12	0.44005055976886964	36	-0.09566392493792882	0.03129521836683513	0.08181097023139505
934	0.48732291828482605	0.49942367882508726	0.18571836235088476	0.11578213453213457	23	14	0.5319444444444444	36	-0.21802274967732707	0.11556823240943692	0.20873102029480894
935	0.48845659128082836	0.49399842581660763	0.16298245050779192	0.13127128420022144	20	14	0.5208258095582039	36	-0.11866315369738378	0.022274241641731585	0.0607849823947445
936	0.4723759299476862	0.48147054965236785	0.1588009409418927	0.11511450563947365	18	9	0.8017857142857143	36	-0.19309546891108528	0.026912906577537865	0.08583569907636546
937	0.5049393267149616	0.5	0.17729519935692578	0.14893578643578642	22	13	0.6677211677211677	36	-0.037731601866910054	0.04005111373764725	0.06770295042384467
938	0.5050464683373881	0.5186341436341437	0.1473581671565026	0.11609848484848483	25	8	0.4279761904761905	36	-0.07581886670893975	0.04304114639532741	0.04996059348122184
939	0.4796895417974163	0.47987614889023344	0.19393442408273823	0.18177726029838703	27	17	0.5854700854700855	36	-0.028179888577406192	0.05171986017364233	0.08621291565999334
940	0.4809011900914643	0.4908008658008658	0.16589542567855625	0.11653762903762907	21	11	0.5145687645687645	36	-0.14925493624281563	0.006159415243860822	0.09188213042822957
941	0.4697875782849642	0.4858951787648971	0.18323505997961825	0.1488423192968648	26	13	0.4978354978354978	36	-0.15536791766986893	0.0077021688736206295	0.09125240532718415
942	0.49376335393594256	0.5042329629397491	0.2082954013865239	0.1899514626787354	25	17	0.44877813891898394	36	-0.051593813477817205	0.059721263188588114	0.06487481149695162
943	0.4903990339056226	0.48150128431818573	0.20968252165035137	0.18352676275211488	28	14	0.5281385281385281	36	-0.1541096770869581	0.006806583472285688	0.020951277660125278
944	0.4931617722264062	0.5126602564102564	0.1690767996585858	0.11102533829806555	19	11	0.6027028527028526	36	-0.03422515057827665	0.043275050601641385	0.07787536185479593
945	0.5095609732273465	0.5161505161505161	0.1941725990394898	0.14381514416725683	26	15	0.6060606060606061	36	-0.08559779563533673	0.08275872189549183	0.1217307361299591
946	0.486451142492409	0.4810966810966811	0.18649202549517319	0.17452515207796895	21	18	0.4065547128927411	36	-0.1364192016347532	0.003854538540407293	0.10520049039987889
947	0.4712563877670044	0.4718462288884824	0.19800736344163572	0.16954097972023707	28	15	0.5125	36	-0.14883676508523877	-0.000502660225402296	0.08230649799984258
948	0.4891272546788979	0.5	0.16675587102390343	0.15154794700249247	23	13	0.4508547008547008	36	-0.2001222452511917	0.0006445923108486795	0.09189032020325161
949	0.48164846578805715	0.48294575143166696	0.20063986894572683	0.16340811965811966	28	14	0.7128427128427128	36	0.0036991171751095623	0.06601518151595709	0.061717652729400774
950	0.4813879089573978	0.4712301587301587	0.19229063126176868	0.17015342834004807	26	16	0.5726495726495726	36	0.006208033698501417	0.07020602977764645	0.08607739994865549
951	0.48739312133464924	0.5123626373626373	0.18389251455299255	0.1626791831017183	27	15	0.5714285714285714	36	-0.06684251379321321	0.016420908725646388	0.10424020830628422
952	0.4703684008694945	0.4875441459948502	0.20616582042505008	0.17988324806506628	27	17	0.6456876456876457	36	-0.03605864078782719	0.06838652560354269	0.09642487310088621
953	0.48485326167584497	0.4736324281778827	0.2118522192959346	0.19493145743145743	29	17	0.6069444444444444	36	-0.23414368123091703	-0.01263988988374648	0.07995093730510616
954	0.4812392687259311	0.47805465270254005	0.16635550136937244	0.12151875901875905	20	12	0.5128205128205128	36	-0.08202522144980445	0.060251466484968985	0.10293879928682736
955	0.4932741959870641	0.4798814253039605	0.18731560611895653	0.16006079210304563	25	15	0.5345238095238095	36	-0.23916173512183928	0.030229401044800375	0.10381197378069362
956	0.4954059432539213	0.4921248645720476	0.17134010933226687	0.1582920307392138	24	12	0.5262792762792763	36	-0.0029272216372584004	0.06837554305106985	0.06561102789921225
957	0.49155407886935304	0.48344017094017094	0.18043637902659454	0.1476190476190476	27	12	0.5442307692307693	36	-0.0838567038963378	0.02202200545085653	0.03541170707206964
958	0.4946552318184574	0.49945828819068255	0.18798184568431045	0.20791929030565393	26	19	0.5375	36	-0.20456483246315235	0.06945660014143462	0.10338651682770095
959	0.4945852250056262	0.5	0.1937645144804769	0.1553890651601919	23	14	0.4886593204775023	36	-0.18051982069658926	0.01472031516968958	0.05877710631292121
960	0.49112107376685377	0.49702058504875407	0.16621677881681085	0.15018299384496567	24	13	0.512987012987013	36	-0.057578951697120684	0.0033276805121948416	0.06596110777402808
961	0.4969485019681083	0.49469696969696975	0.18766044507215016	0.1784466413867822	25	16	0.446551101480679	36	-0.12995786349346014	0.03857757317455185	0.09186215191673808
962	0.49263155652933716	0.49140348288075564	0.17157201585818743	0.11317230304906362	20	14	0.5716253443526171	36	-0.1057634352456519	0.07588867083265294	0.14113698553091636
963	0.4977258986735353	0.49695136631756354	0.17056004525461418	0.1372381726254966	23	11	0.6738095238095239	36	-0.07346827436163897	0.02369181402305859	0.03731526563637466
964	0.4920605085357806	0.488353196099675	0.20956062810389528	0.18078578307451548	26	16	0.48917748917748916	36	-0.045515956216264045	0.00630263148896798	0.027032116229249392
965	0.4697318868533657	0.4548368298368298	0.17488441426501608	0.14649170274170273	24	10	0.6282051282051282	36	-0.14719624746705265	-0.020394277125415694	0.10504742663869149
966	0.48623495609664524	0.47392259540146864	0.1858080872925623	0.19233405483405486	25	18	0.6458333333333334	36	-0.2642477556396078	0.020144674706811583	0.11835541955956175
967	0.5064742944651182	0.49246117732033223	0.17985965965319356	0.1382887314705496	22	13	0.5279761904761905	36	-0.060568536032529374	0.058342463729295135	0.04284641943085166
968	0.49624970270576857	0.4893578643578643	0.177031808797974	0.15341728978092614	24	15	0.5392857142857143	36	0.0022194703050657373	0.0013763957938708327	0.04140710747600884
969	0.4693859566912278	0.4975198412698413	0.1752682839243872	0.1389942119695641	21	11	0.6474358974358975	36	-0.06835709908864764	-0.014408461079395585	0.12208721528163768
970	0.4842308240182226	0.49160698456473106	0.17813306360574818	0.14986143906598454	24	14	0.6166666666666667	36	0.11245768265356529	0.04868869166662926	0.05108135738932418
971	0.49547620157481986	0.5137741046831956	0.12487546494028567	0.08012265512265512	17	10	0.38333333333333336	36	-0.14896303790225485	-0.022930520177208258	0.1282249507654819
972	0.5078638408577323	0.5186639118457301	0.15029005258545378	0.12794169836423358	22	10	0.4028236914600551	36	0.003795615884025464	0.06732913044772842	0.13796960964929217
973	0.511195115200397	0.4974747474747475	0.16428178165000615	0.12327006469131946	19	12	0.45786435786435786	36	-0.19634270640755452	0.08000924290752442	0.09488700064129973
974	0.49539076771657864	0.49375	0.1872984327049628	0.16733266733266738	25	15	0.5402777777777777	36	-0.13818726210928242	0.06696005477116962	0.0873083932299672
975	0.5002754439714268	0.4838921348604447	0.1923407797940982	0.17512091781457978	24	14	0.5529761904761905	36	0.03454626006316333	0.06234839500185951	0.08481030535660816
976	0.46451620964731827	0.49963924963924966	0.19616004702565737	0.15875228058326646	27	14	0.6752136752136751	36	-0.023546442181023617	0.04927835297793676	0.1215544247408682
977	0.4936160638238637	0.487448104605595	0.14961716163967548	0.136369375573921	23	11	0.437035187035187	36	-0.06868043620178337	0.03898849145426503	0.050331154370664266
978	0.4928082225517405	0.505050505050505	0.19779731711950022	0.16098400905539192	23	17	0.5660714285714286	36	-0.07144121083407251	-0.011449392169437966	0.030841190906241156
979	0.46823019090878126	0.4783455980639079	0.1964037481523077	0.17121836496836496	26	14	0.528525641025641	36	-0.05172247635432049	0.015279529018264015	0.028430527733289024
980	0.4731814799376419	0.47832550860719875	0.18775088088868497	0.1346003370651258	21	16	0.6068376068376068	36	-0.1477395233502454	-0.026147107861933472	0.06257497586267347
981	0.4626293012029781	0.45804473304473303	0.15155271768588027	0.10870032745032743	19	13	0.5251082251082251	36	-0.013573933471096547	-0.010335641560033193	0.04606053556700207
982	0.5211521203885428	0.5094764390539038	0.17248511529214683	0.13342490842490842	23	12	0.47887323943661975	36	-0.14298121935073757	0.07411168931230738	0.10286249166663652
983	0.5106294758270058	0.5086163836163836	0.16913018914859507	0.16273104829442855	24	11	0.6064541519086974	36	-0.2070540630972196	0.05682979887272954	0.1312392667324329
984	0.47045152178128075	0.4694972476662618	0.16288646088582065	0.12354333850812728	21	12	0.4611146429328248	36	-0.20368315832000208	0.0013537548884244854	0.12466517586654347
985	0.4864852861745201	0.5	0.14675598010531854	0.11359842408978135	21	9	0.4194444444444445	36	0.023835755981880688	0.017741387988113144	0.02151427485698032
986	0.4841490703006388	0.4928571428571429	0.1688838545032527	0.13361127331197756	21	11	0.5277777777777777	36	-0.0649441532119742	0.016470933364215956	0.0609898879328985
987	0.4866339277137399	0.49916125541125544	0.1836696680913497	0.13935786435786435	20	15	0.5069444444444444	36	-0.03210267809705388	0.04122795941814955	0.09180752967291339
988	0.4739154489007775	0.48961776859504136	0.16682609174073113	0.14521703044430317	22	14	0.39430600698206325	36	-0.12747684415904906	0.03935889885473759	0.11277527666193754
989	0.47608992739567846	0.4842261904761905	0.19485371698613269	0.17188934802571162	24	15	0.5476190476190477	36	-0.30051147543462986	0.07112124637622019	0.12587719054479474
990	0.5100988890241451	0.5008125677139761	0.15358148050476264	0.15737873237873237	25	10	0.38726375346093656	36	-0.1441667531219306	0.03984968104058523	0.0836162685958195
991	0.4833644681469319	0.4884615384615385	0.13543136270275624	0.0904769446302737	17	9	0.5428571428571429	36	-0.16694410855381187	0.02513958343903938	0.12536489771904002
992	0.49433495200007144	0.4693223443223443	0.15435751482753188	0.10763512700132419	20	8	0.6434523809523809	36	-0.019428719119875253	0.043482862825914015	0.030158121425648554
993	0.5025820835773354	0.48973501246228524	0.1835191392916532	0.1423664363805209	24	15	0.5476190476190477	36	-0.22288701895124677	0.013051842906319389	0.11956495798747979
994	0.49124587240050854	0.4798881673881674	0.19846711471097941	0.17911255411255414	25	16	0.6309523809523809	36	-0.23304438203190245	0.059791602327490756	0.12376306938016068
995	0.4691450528238301	0.4607438016528925	0.2129555784512037	0.2057972837022133	32	18	0.4821428571428571	36	-0.11917877990940344	0.06026097203790981	0.07986882805340045
996	0.48852438189626096	0.48339072543618	0.17833171224256372	0.1411985901422521	23	14	0.43829365079365085	36	-0.11695643520607277	0.009855735571595414	0.07189217089138666
997	0.5137446616333193	0.49564639905549	0.14548220152146743	0.10077422577422576	18	9	0.6529761904761905	36	-0.168459996860684	0.03227155224914502	0.07444170268727102
998	0.48289206466223106	0.492288961038961	0.17311344205817103	0.14478713774488422	24	10	0.44871794871794873	36	-0.09604915378452451	0.07991898708337203	0.16366593524475548
999	0.4977004465160676	0.5	0.17885121746624094	0.15883817864451663	21	12	0.5342181292885517	36	-0.00556489309698429	0.04607393062467929	0.054083469551111985
1000	0.4806400539755214	0.4971576252386112	0.15732674253000759	0.12215093201008698	23	13	0.47435897435897445	36	-0.19248275805091844	0.021549622280933156	0.11491473615804637
