scenario	model	feature	folds_selected	unique_outer_folds	nonzero_fold_fraction	mean_importance	mean_absolute_importance	median_importance	sign_consistency
PRIMARY	elastic_net	s__Flavonifractor_sp_An100	1	1	1.0	0.8496086719788828	0.8496086719788828	0.8496086719788828	1.0
PRIMARY	elastic_net	s__Streptococcus_SGB14888	9	9	1.0	-0.4027747162821754	0.4027747162821754	-0.2830401434921336	1.0
PRIMARY	elastic_net	s__Veillonella_parvula	9	9	1.0	-0.37587133264101097	0.37587133264101097	-0.22824147603455916	1.0
PRIMARY	elastic_net	s__Faecalicatena_contorta	9	9	0.8888888888888888	0.3478437293927079	0.3478437293927079	0.18554425591262116	0.8888888888888888
PRIMARY	elastic_net	s__Lachnoclostridium_sp_An131	9	9	0.8888888888888888	-0.32037687499921685	0.32037687499921685	-0.15613076007545357	0.8888888888888888
PRIMARY	elastic_net	s__GGB9694_SGB15204	9	9	0.5555555555555556	0.2853464389296485	0.2853464389296485	0.075997466394846	0.5555555555555556
PRIMARY	elastic_net	s__Blautia_massiliensis	9	9	0.6666666666666666	0.2811457735908127	0.2811457735908127	0.04911985347581743	0.6666666666666666
PRIMARY	elastic_net	s__GGB79998_SGB48024	1	1	1.0	0.2785783001799579	0.2785783001799579	0.2785783001799579	1.0
PRIMARY	elastic_net	s__Anaerotruncus_colihominis	9	9	0.6666666666666666	-0.2582450131608504	0.2582450131608504	-0.19471003881204224	0.6666666666666666
PRIMARY	elastic_net	s__GGB3818_SGB5183	1	1	1.0	-0.22280098043221416	0.22280098043221416	-0.22280098043221416	1.0
PRIMARY	elastic_net	s__GGB3444_SGB4594	9	9	1.0	-0.2095166655765529	0.2095166655765529	-0.07274039341365872	1.0
PRIMARY	elastic_net	s__GGB9616_SGB15051	9	9	1.0	-0.20191237530669748	0.20191237530669748	-0.0977862658269111	1.0
PRIMARY	elastic_net	s__GGB9237_SGB14179	9	9	0.8888888888888888	-0.20095547066553043	0.20095547066553043	-0.08470236028785806	0.8888888888888888
PRIMARY	elastic_net	s__Blautia_caecimuris	9	9	0.5555555555555556	0.19742083969335622	0.19742083969335622	0.03646148646213066	0.5555555555555556
PRIMARY	elastic_net	s__Eubacterium_sp_AF16_48	9	9	1.0	-0.19398947992208063	0.19398947992208063	-0.13181464256067277	1.0
PRIMARY	elastic_net	s__GGB9642_SGB15119	9	9	1.0	-0.18741968227035347	0.18741968227035347	-0.16516033634070643	1.0
PRIMARY	elastic_net	s__Faecalibacillus_intestinalis	9	9	0.8888888888888888	0.18374223056393524	0.18374223056393524	0.10443340698946894	0.8888888888888888
PRIMARY	elastic_net	s__Alistipes_putredinis	9	9	0.5555555555555556	-0.174755336536696	0.174755336536696	-0.032112004401804076	0.5555555555555556
PRIMARY	elastic_net	s__Pseudoflavonifractor_gallinarum	9	9	0.6666666666666666	-0.15952097840235968	0.15952097840235968	-0.03380222174167755	0.6666666666666666
PRIMARY	elastic_net	s__GGB3321_SGB4394	9	9	0.7777777777777778	-0.15930658155277147	0.15930658155277147	-0.044917864270174794	0.7777777777777778
PRIMARY	elastic_net	s__Roseburia_hominis	9	9	0.7777777777777778	0.15541147603540925	0.15541147603540925	0.044197846981507465	0.7777777777777778
PRIMARY	elastic_net	s__Alistipes_sp_AF17_16	9	9	0.4444444444444444	0.15241847595181696	0.15241847595181696	0.0	0.4444444444444444
PRIMARY	elastic_net	s__GGB9627_SGB15081	9	9	0.5555555555555556	0.15140378926597886	0.15140378926597886	0.041174545686933	0.5555555555555556
PRIMARY	elastic_net	s__Bacteroides_uniformis	9	9	0.4444444444444444	-0.15096959322408743	0.15096959322408743	0.0	0.4444444444444444
PRIMARY	elastic_net	s__GGB34797_SGB14322	9	9	0.4444444444444444	-0.14832087749458628	0.14832087749458628	0.0	0.4444444444444444
PRIMARY	elastic_net	s__Bifidobacterium_bifidum	9	9	0.5555555555555556	0.14788879865469887	0.14788879865469887	0.06190307518687326	0.5555555555555556
PRIMARY	elastic_net	s__Parabacteroides_merdae	9	9	1.0	0.1476206053296249	0.1476206053296249	0.12810631556556648	1.0
PRIMARY	elastic_net	s__GGB3277_SGB4327	9	9	0.8888888888888888	-0.14327926714279707	0.14327926714279707	-0.14339241616658097	0.8888888888888888
PRIMARY	elastic_net	s__Parasutterella_excrementihominis	9	9	0.5555555555555556	-0.13946385550394771	0.13946385550394771	-0.008675378287674602	0.5555555555555556
PRIMARY	elastic_net	s__Agathobaculum_butyriciproducens	9	9	0.4444444444444444	0.13945624524691771	0.13945624524691771	0.0	0.4444444444444444
PRIMARY	elastic_net	s__Clostridium_sp_1001270H_150608_G6	9	9	0.7777777777777778	0.13839302487782343	0.13839302487782343	0.15192178229281003	0.7777777777777778
PRIMARY	elastic_net	s__GGB32900_SGB53446	9	9	0.5555555555555556	0.1355845722454787	0.1355845722454787	0.001714900621694686	0.5555555555555556
PRIMARY	elastic_net	s__Lactonifactor_sp_BIOML_A6	9	9	0.7777777777777778	-0.13121820046921243	0.13121820046921243	-0.046915514005676145	0.7777777777777778
PRIMARY	elastic_net	s__Anaerosacchariphilus_sp_NSJ_68	8	8	0.75	-0.12911063178925283	0.12911063178925283	-0.10100107961058011	0.75
PRIMARY	elastic_net	s__Lacrimispora_celerecrescens	9	9	0.6666666666666666	0.12890672232452235	0.12890672232452235	0.12479587886541096	0.6666666666666666
PRIMARY	elastic_net	s__Bacteroides_stercoris	9	9	0.5555555555555556	0.12741410040870715	0.12741410040870715	0.0007877321994878905	0.5555555555555556
PRIMARY	elastic_net	s__Eisenbergiella_massiliensis	9	9	0.5555555555555556	0.12364505881642282	0.12364505881642282	0.07940946104615873	0.5555555555555556
PRIMARY	elastic_net	s__Tyzzerella_nexilis	9	9	0.5555555555555556	0.12223102519422757	0.12223102519422757	0.02920779539168419	0.5555555555555556
PRIMARY	elastic_net	s__Paraprevotella_clara	9	9	0.5555555555555556	-0.11850361754826529	0.11850361754826529	-0.07221504032887224	0.5555555555555556
PRIMARY	elastic_net	s__Bifidobacterium_catenulatum	8	8	0.875	0.11842397136913299	0.11842397136913299	0.06104185397911312	0.875
PRIMARY	elastic_net	s__Vescimonas_SGB15087	9	9	0.4444444444444444	-0.11762203875483251	0.11762203875483251	0.0	0.4444444444444444
PRIMARY	elastic_net	s__GGB9619_SGB15066	9	9	0.4444444444444444	-0.11757095531530526	0.11757095531530526	0.0	0.4444444444444444
PRIMARY	elastic_net	s__GGB58158_SGB79798	9	9	0.4444444444444444	0.1169866953862085	0.1169866953862085	0.0	0.4444444444444444
PRIMARY	elastic_net	s__Streptococcus_SGB14137	1	1	1.0	0.1162939834357019	0.1162939834357019	0.1162939834357019	1.0
PRIMARY	elastic_net	s__Alistipes_onderdonkii	9	9	0.6666666666666666	-0.11459393117019318	0.11459393117019318	-0.012880762260350622	0.6666666666666666
PRIMARY	elastic_net	s__Vescimonas_coprocola	9	9	1.0	-0.11224126255950642	0.11224126255950642	-0.09625095606675235	1.0
PRIMARY	elastic_net	s__Blautia_faecicola	3	3	0.3333333333333333	0.11162838639717589	0.11162838639717589	0.0	0.3333333333333333
PRIMARY	elastic_net	s__Roseburia_faecis	9	9	0.7777777777777778	0.1110331165814979	0.1110331165814979	0.013364138336594078	0.7777777777777778
PRIMARY	elastic_net	s__GGB74463_SGB54347	9	9	0.5555555555555556	-0.11036882072091266	0.11036882072091266	-0.004763491900162943	0.5555555555555556
PRIMARY	elastic_net	s__Anaerostipes_hadrus	9	9	0.4444444444444444	-0.10970452392367136	0.10970452392367136	0.0	0.4444444444444444
PRIMARY	elastic_net	s__GGB45491_SGB63163	9	9	0.5555555555555556	-0.10523561490633175	0.10523561490633175	-0.02580432030861877	0.5555555555555556
PRIMARY	elastic_net	s__Massilimicrobiota_timonensis	9	9	0.6666666666666666	-0.10516476251586698	0.10516476251586698	-0.0866818578992953	0.6666666666666666
PRIMARY	elastic_net	s__Phascolarctobacterium_faecium	9	9	0.5555555555555556	0.10190925425172087	0.10190925425172087	0.010468311536531572	0.5555555555555556
PRIMARY	elastic_net	s__Neglectibacter_timonensis	9	9	0.4444444444444444	-0.10172568105790078	0.10172568105790078	0.0	0.4444444444444444
PRIMARY	elastic_net	s__Sutterella_wadsworthensis	9	9	0.7777777777777778	-0.10066196015570404	0.10066196015570404	-0.08425456677486641	0.7777777777777778
PRIMARY	elastic_net	s__Anaerotruncus_rubiinfantis	9	9	0.4444444444444444	-0.09655646504866446	0.09655646504866446	0.0	0.4444444444444444
PRIMARY	elastic_net	s__Methylobacterium_SGB15164	9	9	0.4444444444444444	0.09529030365642775	0.09529030365642775	0.0	0.4444444444444444
PRIMARY	elastic_net	s__GGB52130_SGB14966	9	9	0.5555555555555556	0.0952023963130539	0.0952023963130539	0.0029108311545894086	0.5555555555555556
PRIMARY	elastic_net	s__GGB9760_SGB15373	9	9	0.4444444444444444	-0.09478739544381741	0.09478739544381741	0.0	0.4444444444444444
PRIMARY	elastic_net	s__GGB9611_SGB15045	8	8	0.375	-0.09417164784840346	0.09417164784840346	0.0	0.375
PRIMARY	elastic_net	s__GGB14025_SGB14906	9	9	0.5555555555555556	0.0928522708300822	0.0928522708300822	0.0758390534865096	0.5555555555555556
PRIMARY	elastic_net	s__GGB9581_SGB79823	3	3	0.3333333333333333	-0.09242581986924557	0.09242581986924557	0.0	0.3333333333333333
PRIMARY	elastic_net	s__Roseburia_intestinalis	9	9	0.4444444444444444	-0.09199566870544905	0.09199566870544905	0.0	0.4444444444444444
PRIMARY	elastic_net	s__Streptococcus_vestibularis	9	9	0.4444444444444444	-0.08947505014599395	0.08947505014599395	0.0	0.4444444444444444
PRIMARY	elastic_net	s__Collinsella_SGB14987	9	9	0.4444444444444444	0.08944578405869434	0.08944578405869434	0.0	0.4444444444444444
PRIMARY	elastic_net	s__GGB3175_SGB4191	9	9	0.4444444444444444	-0.08937205984664619	0.08937205984664619	0.0	0.4444444444444444
PRIMARY	elastic_net	s__Faecalibacillus_faecis	9	9	0.4444444444444444	0.08837214047757971	0.08837214047757971	0.0	0.4444444444444444
PRIMARY	elastic_net	s__Butyricimonas_faecihominis	9	9	0.4444444444444444	0.08796731392285759	0.08796731392285759	0.0	0.4444444444444444
PRIMARY	elastic_net	s__Bacteroides_finegoldii	9	9	0.4444444444444444	0.08466646447158771	0.08466646447158771	0.0	0.4444444444444444
PRIMARY	elastic_net	s__Clostridium_scindens	9	9	0.3333333333333333	0.08461944185544915	0.08461944185544915	0.0	0.3333333333333333
PRIMARY	elastic_net	s__Lactococcus_lactis	9	9	0.4444444444444444	0.08427686244971228	0.08427686244971228	0.0	0.4444444444444444
PRIMARY	elastic_net	s__GGB9345_SGB14311	9	9	0.5555555555555556	0.08219764580729548	0.08219764580729548	0.006119090155500127	0.5555555555555556
PRIMARY	elastic_net	s__GGB3612_SGB4882	9	9	0.5555555555555556	-0.08095007292973601	0.08095007292973601	-0.03463838231193925	0.5555555555555556
PRIMARY	elastic_net	s__Clostridium_SGB6179	9	9	0.6666666666666666	0.0809413976982606	0.0809413976982606	0.03663597295217705	0.6666666666666666
PRIMARY	elastic_net	s__Faecalibacterium_prausnitzii	9	9	0.4444444444444444	0.0790064477589754	0.0790064477589754	0.0	0.4444444444444444
PRIMARY	elastic_net	s__Bacteroides_SGB15210	1	1	1.0	-0.07845089883206997	0.07845089883206997	-0.07845089883206997	1.0
PRIMARY	elastic_net	s__Longibaculum_muris	7	7	0.5714285714285714	0.07696970922600846	0.07696970922600846	0.01250614188526892	0.5714285714285714
PRIMARY	elastic_net	s__Rheinheimera_SGB14999	9	9	0.2222222222222222	-0.07670224284619431	0.07670224284619431	0.0	0.2222222222222222
PRIMARY	elastic_net	s__Intestinibacter_bartlettii	9	9	0.4444444444444444	0.07307205859878758	0.07307205859878758	0.0	0.4444444444444444
PRIMARY	elastic_net	s__Bacteroides_xylanisolvens	9	9	0.4444444444444444	0.07112518434252012	0.07112518434252012	0.0	0.4444444444444444
PRIMARY	elastic_net	s__GGB3614_SGB4886	9	9	0.4444444444444444	0.0706612296610914	0.0706612296610914	0.0	0.4444444444444444
PRIMARY	elastic_net	s__Blautia_sp_Marseille_P3087	9	9	0.4444444444444444	0.07036476755807308	0.07036476755807308	0.0	0.4444444444444444
PRIMARY	elastic_net	s__Faecalibacterium_SGB15346	9	9	0.5555555555555556	0.07036339371246648	0.07036339371246648	0.010928752668571004	0.5555555555555556
PRIMARY	elastic_net	s__GGB80011_SGB15265	9	9	0.3333333333333333	0.06976524652115781	0.06976524652115781	0.0	0.3333333333333333
PRIMARY	elastic_net	s__Coprobacillus_cateniformis	9	9	0.4444444444444444	-0.06914142936819968	0.06914142936819968	0.0	0.4444444444444444
PRIMARY	elastic_net	s__GGB9495_SGB14892	9	9	0.4444444444444444	-0.06810349706309356	0.06810349706309356	0.0	0.4444444444444444
PRIMARY	elastic_net	s__Parabacteroides_johnsonii	6	6	0.5	-0.06799150570588064	0.06799150570588064	-0.017321623051837674	0.5
PRIMARY	elastic_net	s__Actinomyces_SGB17157	8	8	0.375	-0.06736411514687687	0.06736411514687687	0.0	0.375
PRIMARY	elastic_net	s__Harryflintia_acetispora	9	9	0.3333333333333333	0.06618675121873036	0.06618675121873036	0.0	0.3333333333333333
PRIMARY	elastic_net	s__GGB3278_SGB4328	9	9	0.4444444444444444	-0.06516102243902538	0.06516102243902538	0.0	0.4444444444444444
PRIMARY	elastic_net	s__Senegalimassilia_SGB14826	1	1	1.0	-0.06507748601965577	0.06507748601965577	-0.06507748601965577	1.0
PRIMARY	elastic_net	s__Streptococcus_thermophilus	9	9	0.5555555555555556	0.06452853304924697	0.06452853304924697	0.0031500885874828403	0.5555555555555556
PRIMARY	elastic_net	s__Longicatena_caecimuris	9	9	0.5555555555555556	0.0640875848444742	0.0640875848444742	0.00938070327938942	0.5555555555555556
PRIMARY	elastic_net	s__Ruthenibacterium_lactatiformans	9	9	0.4444444444444444	0.06287195845990894	0.06287195845990894	0.0	0.4444444444444444
PRIMARY	elastic_net	s__GGB9480_SGB14874	9	9	0.3333333333333333	-0.06153270868279575	0.06153270868279575	0.0	0.3333333333333333
PRIMARY	elastic_net	s__Waltera_intestinalis	9	9	0.3333333333333333	0.061433225840018285	0.061433225840018285	0.0	0.3333333333333333
PRIMARY	elastic_net	s__Dorea_formicigenerans	9	9	0.4444444444444444	0.06002242959913087	0.06002242959913087	0.0	0.4444444444444444
PRIMARY	elastic_net	s__Actinomyces_sp_ICM47	9	9	0.5555555555555556	0.059971405936133704	0.059971405936133704	0.001512744356996323	0.5555555555555556
PRIMARY	elastic_net	s__GGB2998_SGB3989	9	9	0.4444444444444444	0.058381310957868755	0.058381310957868755	0.0	0.4444444444444444
PRIMARY	elastic_net	s__Streptococcus_mutans	9	9	0.4444444444444444	-0.058285222004174644	0.058285222004174644	0.0	0.4444444444444444
PRIMARY	elastic_net	s__Anaerotruncus_massiliensis	9	9	0.2222222222222222	0.057431073251191025	0.057431073251191025	0.0	0.2222222222222222
PRIMARY	elastic_net	s__GGB9707_SGB15229	9	9	0.4444444444444444	-0.0568615835068011	0.0568615835068011	0.0	0.4444444444444444
PRIMARY	elastic_net	s__Adlercreutzia_equolifaciens	9	9	0.2222222222222222	-0.056378665572654585	0.056378665572654585	0.0	0.2222222222222222
PRIMARY	elastic_net	s__GGB3256_SGB4303	9	9	0.4444444444444444	-0.05637010558625641	0.05637010558625641	0.0	0.4444444444444444
PRIMARY	elastic_net	s__GGB9522_SGB14921	9	9	0.3333333333333333	-0.0549718578505002	0.0549718578505002	0.0	0.3333333333333333
PRIMARY	elastic_net	s__GGB13493_SGB15238	9	9	0.3333333333333333	0.05487887724450377	0.05487887724450377	0.0	0.3333333333333333
PRIMARY	elastic_net	s__Phocaeicola_vulgatus	9	9	0.3333333333333333	0.054835730986449234	0.054835730986449234	0.0	0.3333333333333333
PRIMARY	elastic_net	s__Blautia_luti	9	9	0.2222222222222222	-0.054750665442371456	0.054750665442371456	0.0	0.2222222222222222
PRIMARY	elastic_net	s__Anaeromassilibacillus_sp_An250	9	9	0.3333333333333333	0.054283842588360665	0.054283842588360665	0.0	0.3333333333333333
PRIMARY	elastic_net	s__Christensenella_sp_Marseille_P3954	7	7	0.14285714285714285	0.05264456205836001	0.05264456205836001	0.0	0.14285714285714285
PRIMARY	elastic_net	s__Massiliimalia_timonensis	9	9	0.3333333333333333	-0.052327984110237355	0.052327984110237355	0.0	0.3333333333333333
PRIMARY	elastic_net	s__GGB9770_SGB15390	9	9	0.3333333333333333	-0.05177274669086423	0.05177274669086423	0.0	0.3333333333333333
PRIMARY	elastic_net	s__Bacteroides_eggerthii	9	9	0.3333333333333333	0.05139182854551749	0.05139182854551749	0.0	0.3333333333333333
PRIMARY	elastic_net	s__Actinomyces_oris	9	9	0.4444444444444444	-0.051302398947940295	0.051302398947940295	0.0	0.4444444444444444
PRIMARY	elastic_net	s__GGB9453_SGB14844	9	9	0.3333333333333333	0.051211882966849614	0.051211882966849614	0.0	0.3333333333333333
PRIMARY	elastic_net	s__Eubacterium_sp_AF34_35BH	9	9	0.3333333333333333	0.05031822461073852	0.050726680501581474	0.0	0.2222222222222222
PRIMARY	elastic_net	s__Clostridium_sp_AM49_4BH	9	9	0.4444444444444444	-0.04996379861947848	0.04996379861947848	0.0	0.4444444444444444
PRIMARY	elastic_net	s__GGB9559_SGB14969	9	9	0.2222222222222222	0.04981225326905788	0.04981225326905788	0.0	0.2222222222222222
PRIMARY	elastic_net	s__GGB9708_SGB15234	9	9	0.2222222222222222	0.04879982700875471	0.04879982700875471	0.0	0.2222222222222222
PRIMARY	elastic_net	s__Lachnotalea_sp_AF33_28	9	9	0.3333333333333333	-0.04852298026603646	0.04852298026603646	0.0	0.3333333333333333
PRIMARY	elastic_net	s__Slackia_isoflavoniconvertens	9	9	0.3333333333333333	-0.04852290083639938	0.04852290083639938	0.0	0.3333333333333333
PRIMARY	elastic_net	s__GGB9724_SGB15278	9	9	0.5555555555555556	-0.048491074422346646	0.048491074422346646	-0.013179887673587364	0.5555555555555556
PRIMARY	elastic_net	s__Butyricicoccus_sp_AM29_23AC	9	9	0.4444444444444444	0.04781897427667656	0.04781897427667656	0.0	0.4444444444444444
PRIMARY	elastic_net	s__GGB3061_SGB4063	9	9	0.2222222222222222	0.047052861562729115	0.047052861562729115	0.0	0.2222222222222222
PRIMARY	elastic_net	s__Enterocloster_aldenensis	9	9	0.3333333333333333	0.04700809649430562	0.04700809649430562	0.0	0.3333333333333333
PRIMARY	elastic_net	s__GGB79916_SGB4587	6	6	0.16666666666666666	-0.04662548549013144	0.04662548549013144	0.0	0.16666666666666666
PRIMARY	elastic_net	s__GGB9063_SGB13982	9	9	0.3333333333333333	-0.04651989190113588	0.04651989190113588	0.0	0.3333333333333333
PRIMARY	elastic_net	s__Anaerotignum_lactatifermentans	5	5	0.6	-0.04614383828982879	0.04614383828982879	-0.016716300276839284	0.6
PRIMARY	elastic_net	s__Lacticaseibacillus_paracasei	9	9	0.2222222222222222	-0.04611950512814769	0.04611950512814769	0.0	0.2222222222222222
PRIMARY	elastic_net	s__Ruminococcus_lactaris	9	9	0.5555555555555556	-0.04525766700131171	0.04525766700131171	-0.009724605912754192	0.5555555555555556
PRIMARY	elastic_net	s__GGB3534_SGB4722	9	9	0.1111111111111111	-0.04495990755371465	0.04495990755371465	0.0	0.1111111111111111
PRIMARY	elastic_net	s__GGB33512_SGB15203	9	9	0.3333333333333333	-0.04487295793976057	0.04487295793976057	0.0	0.3333333333333333
PRIMARY	elastic_net	s__GGB34900_SGB14891	9	9	0.2222222222222222	0.044627355664522944	0.044627355664522944	0.0	0.2222222222222222
PRIMARY	elastic_net	s__Dialister_invisus	9	9	0.3333333333333333	0.04390403109802376	0.04390403109802376	0.0	0.3333333333333333
PRIMARY	elastic_net	s__Clostridium_sp_AM22_11AC	9	9	0.2222222222222222	0.04328908474999513	0.04328908474999513	0.0	0.2222222222222222
PRIMARY	elastic_net	s__Ligilactobacillus_ruminis	1	1	1.0	0.042313233922248464	0.042313233922248464	0.042313233922248464	1.0
PRIMARY	elastic_net	s__GGB9290_SGB14247	1	1	1.0	0.041972799870753905	0.041972799870753905	0.041972799870753905	1.0
PRIMARY	elastic_net	s__Victivallis_lenta	5	5	0.2	-0.041789462057720314	0.041789462057720314	0.0	0.2
PRIMARY	elastic_net	s__GGB33469_SGB15237	9	9	0.2222222222222222	-0.04169739868501396	0.04169739868501396	0.0	0.2222222222222222
PRIMARY	elastic_net	s__Alistipes_SGB2313	5	5	0.4	-0.0415142739555315	0.0415142739555315	0.0	0.4
PRIMARY	elastic_net	s__GGB9453_SGB14845	9	9	0.2222222222222222	0.030140022969375162	0.04134984731389286	0.0	0.1111111111111111
PRIMARY	elastic_net	s__Lactobacillus_gasseri	9	9	0.3333333333333333	0.04106922289941537	0.04106922289941537	0.0	0.3333333333333333
PRIMARY	elastic_net	s__Clostridium_SGB4648	9	9	0.3333333333333333	0.04081299950877651	0.04081299950877651	0.0	0.3333333333333333
PRIMARY	elastic_net	s__Granulicatella_SGB8255	9	9	0.2222222222222222	-0.0004394208202374603	0.04078197837945782	0.0	0.1111111111111111
PRIMARY	elastic_net	s__GGB3730_SGB5060	9	9	0.3333333333333333	0.0405360281786247	0.0405360281786247	0.0	0.3333333333333333
PRIMARY	elastic_net	s__Streptococcus_parasanguinis	9	9	0.4444444444444444	-0.04031373470620083	0.04031373470620083	0.0	0.4444444444444444
PRIMARY	elastic_net	s__GGB80140_SGB15224	9	9	0.2222222222222222	0.03900752447789327	0.03900752447789327	0.0	0.2222222222222222
PRIMARY	elastic_net	s__Bittarella_massiliensis	9	9	0.5555555555555556	-0.03892823863039569	0.03892823863039569	-0.0403104389236673	0.5555555555555556
PRIMARY	elastic_net	s__GGB9062_SGB13981	9	9	0.3333333333333333	-0.0387950732844173	0.0387950732844173	0.0	0.3333333333333333
PRIMARY	elastic_net	s__GGB16040_SGB9347	9	9	0.4444444444444444	0.038407368043962116	0.038407368043962116	0.0	0.4444444444444444
PRIMARY	elastic_net	s__GGB38744_SGB14842	9	9	0.3333333333333333	-0.037727091351091674	0.037727091351091674	0.0	0.3333333333333333
PRIMARY	elastic_net	s__GGB33928_SGB15225	9	9	0.2222222222222222	-0.03743913480873685	0.03743913480873685	0.0	0.2222222222222222
PRIMARY	elastic_net	s__Actinomyces_sp_HMSC035G02	8	8	0.375	-0.03727860623632118	0.03727860623632118	0.0	0.375
PRIMARY	elastic_net	s__Dorea_sp_AF24_7LB	9	9	0.1111111111111111	-0.03697519653747236	0.03697519653747236	0.0	0.1111111111111111
PRIMARY	elastic_net	s__Monoglobus_pectinilyticus	9	9	0.1111111111111111	-0.03688550175368816	0.03688550175368816	0.0	0.1111111111111111
PRIMARY	elastic_net	s__GGB9210_SGB14149	8	8	0.125	-0.03678364504483547	0.03678364504483547	0.0	0.125
PRIMARY	elastic_net	s__GGB45432_SGB63101	9	9	0.5555555555555556	-0.03615294884195093	0.03615294884195093	-0.03180375423134893	0.5555555555555556
PRIMARY	elastic_net	s__GGB45497_SGB63169	9	9	0.2222222222222222	-0.036021908483850416	0.036021908483850416	0.0	0.2222222222222222
PRIMARY	elastic_net	s__Veillonella_rogosae	3	3	0.3333333333333333	-0.03576762281755879	0.03576762281755879	0.0	0.3333333333333333
PRIMARY	elastic_net	s__Streptococcus_australis	9	9	0.1111111111111111	0.03561828935745181	0.03561828935745181	0.0	0.1111111111111111
PRIMARY	elastic_net	s__Collinsella_aerofaciens	9	9	0.3333333333333333	-0.035069608370250895	0.035069608370250895	0.0	0.3333333333333333
PRIMARY	elastic_net	s__Lachnoclostridium_edouardi	6	6	0.3333333333333333	-0.03461155892582302	0.03461155892582302	0.0	0.3333333333333333
PRIMARY	elastic_net	s__Veillonella_atypica	9	9	0.6666666666666666	-0.03430983099823555	0.03430983099823555	-0.021627390570765688	0.6666666666666666
PRIMARY	elastic_net	s__Dielma_fastidiosa	9	9	0.4444444444444444	-0.034180366062356665	0.034180366062356665	0.0	0.4444444444444444
PRIMARY	elastic_net	s__GGB9747_SGB15356	9	9	0.2222222222222222	-0.03368102248323966	0.03368102248323966	0.0	0.2222222222222222
PRIMARY	elastic_net	s__Actinobaculum_sp_oral_taxon_183	8	8	0.125	-0.033427982833561534	0.033427982833561534	0.0	0.125
PRIMARY	elastic_net	s__Enterocloster_lavalensis	9	9	0.2222222222222222	0.03294510255037522	0.03294510255037522	0.0	0.2222222222222222
PRIMARY	elastic_net	s__Lancefieldella_parvula	9	9	0.2222222222222222	-0.032729691659182686	0.032729691659182686	0.0	0.2222222222222222
PRIMARY	elastic_net	s__GGB35068_SGB47850	9	9	0.4444444444444444	0.03269387614433042	0.03269387614433042	0.0	0.4444444444444444
PRIMARY	elastic_net	s__Neobittarella_massiliensis	9	9	0.2222222222222222	-0.03240072476770764	0.03240072476770764	0.0	0.2222222222222222
PRIMARY	elastic_net	s__Alloscardovia_omnicolens	9	9	0.3333333333333333	-0.016428318754005806	0.03214469150355486	0.0	0.2222222222222222
PRIMARY	elastic_net	s__GGB79734_SGB15291	9	9	0.1111111111111111	-0.03171067206820207	0.03171067206820207	0.0	0.1111111111111111
PRIMARY	elastic_net	s__Clostridium_sp_1001270J_160509_D11	9	9	0.2222222222222222	0.025196835592344948	0.031209967102175995	0.0	0.1111111111111111
PRIMARY	elastic_net	s__Romboutsia_timonensis	9	9	0.1111111111111111	-0.031007328599263393	0.031007328599263393	0.0	0.1111111111111111
PRIMARY	elastic_net	s__GGB3142_SGB4155	1	1	1.0	-0.030416850289515775	0.030416850289515775	-0.030416850289515775	1.0
PRIMARY	elastic_net	s__Massilimicrobiota_sp_An134	9	9	0.2222222222222222	0.0029399201029981442	0.030130302171619033	0.0	0.1111111111111111
PRIMARY	elastic_net	s__Methanobrevibacter_smithii	9	9	0.1111111111111111	-0.029446156055431667	0.029446156055431667	0.0	0.1111111111111111
PRIMARY	elastic_net	s__Clostridium_sp_AF34_10BH	9	9	0.3333333333333333	0.02893810180396128	0.02893810180396128	0.0	0.3333333333333333
PRIMARY	elastic_net	s__Phocaeicola_massiliensis	9	9	0.3333333333333333	-0.028779322614810237	0.028779322614810237	0.0	0.3333333333333333
PRIMARY	elastic_net	s__Enterocloster_bolteae	9	9	0.1111111111111111	-0.028678219133536662	0.028678219133536662	0.0	0.1111111111111111
PRIMARY	elastic_net	s__Lacrimispora_amygdalina	9	9	0.1111111111111111	0.02852151571391638	0.02852151571391638	0.0	0.1111111111111111
PRIMARY	elastic_net	s__Oscillibacter_sp_NSJ_62	8	8	0.25	-0.028414975738618065	0.028414975738618065	0.0	0.25
PRIMARY	elastic_net	s__Oscillibacter_sp_PC13	8	8	0.375	0.027923051277120838	0.027923051277120838	0.0	0.375
PRIMARY	elastic_net	s__Dorea_longicatena	9	9	0.1111111111111111	-0.027796729353483048	0.027796729353483048	0.0	0.1111111111111111
PRIMARY	elastic_net	s__Collinsella_SGB14861	9	9	0.4444444444444444	0.027646406115324342	0.027646406115324342	0.0	0.4444444444444444
PRIMARY	elastic_net	s__Anaerofilum_sp_BX8	9	9	0.3333333333333333	0.02764233021226916	0.02764233021226916	0.0	0.3333333333333333
PRIMARY	elastic_net	s__Ruminococcus_bromii	9	9	0.1111111111111111	0.02751730242412413	0.02751730242412413	0.0	0.1111111111111111
PRIMARY	elastic_net	s__Candidatus_Borkfalkia_ceftriaxoniphila	9	9	0.2222222222222222	0.027432851943668637	0.027432851943668637	0.0	0.2222222222222222
PRIMARY	elastic_net	s__GGB9788_SGB15411	9	9	0.3333333333333333	0.027017880826312964	0.027017880826312964	0.0	0.3333333333333333
PRIMARY	elastic_net	s__Actinomyces_graevenitzii	9	9	0.4444444444444444	-0.026623873938892213	0.026623873938892213	0.0	0.4444444444444444
PRIMARY	elastic_net	s__Pseudoflavonifractor_capillosus	9	9	0.2222222222222222	0.026167080238903642	0.026167080238903642	0.0	0.2222222222222222
PRIMARY	elastic_net	s__GGB10692_SGB17347	7	7	0.42857142857142855	0.02612929987849874	0.02612929987849874	0.0	0.42857142857142855
PRIMARY	elastic_net	s__GGB3537_SGB4727	9	9	0.1111111111111111	0.026065454784483397	0.026065454784483397	0.0	0.1111111111111111
PRIMARY	elastic_net	s__GGB9620_SGB15068	2	2	0.5	0.025959291408663834	0.025959291408663834	0.025959291408663834	0.5
PRIMARY	elastic_net	s__Bifidobacterium_dentium	9	9	0.3333333333333333	-0.025927937086341016	0.025927937086341016	0.0	0.3333333333333333
PRIMARY	elastic_net	s__Turicibacter_bilis	9	9	0.4444444444444444	0.025926340334345873	0.025926340334345873	0.0	0.4444444444444444
PRIMARY	elastic_net	s__GGB4599_SGB6362	7	7	0.14285714285714285	-0.02547778789137716	0.02547778789137716	0.0	0.14285714285714285
PRIMARY	elastic_net	s__Eubacterium_callanderi	6	6	0.16666666666666666	0.02506228665665626	0.02506228665665626	0.0	0.16666666666666666
PRIMARY	elastic_net	s__Butyricimonas_paravirosa	9	9	0.2222222222222222	0.025048496878674043	0.025048496878674043	0.0	0.2222222222222222
PRIMARY	elastic_net	s__GGB9781_SGB66170	9	9	0.1111111111111111	0.024606814026616325	0.024606814026616325	0.0	0.1111111111111111
PRIMARY	elastic_net	s__GGB3570_SGB4777	9	9	0.2222222222222222	0.024438885716589684	0.024438885716589684	0.0	0.2222222222222222
PRIMARY	elastic_net	s__GGB9621_SGB15073	9	9	0.3333333333333333	-0.01362458626163526	0.024404398543168577	0.0	0.2222222222222222
PRIMARY	elastic_net	s__Phocea_massiliensis	9	9	0.5555555555555556	0.024196707603420086	0.024196707603420086	0.0014610194530365436	0.5555555555555556
PRIMARY	elastic_net	s__GGB3819_SGB5184	9	9	0.2222222222222222	-0.023898493758125455	0.023898493758125455	0.0	0.2222222222222222
PRIMARY	elastic_net	s__Clostridium_perfringens	8	8	0.25	0.0020496862868063844	0.023003630393156477	0.0	0.125
PRIMARY	elastic_net	s__GGB45495_SGB63167	9	9	0.1111111111111111	-0.022995736971797506	0.022995736971797506	0.0	0.1111111111111111
PRIMARY	elastic_net	s__GGB6612_SGB9346	9	9	0.2222222222222222	-0.022972824541003904	0.022972824541003904	0.0	0.2222222222222222
PRIMARY	elastic_net	s__GGB9342_SGB14306	9	9	0.1111111111111111	-0.022337961462130955	0.022337961462130955	0.0	0.1111111111111111
PRIMARY	elastic_net	s__GGB33469_SGB15236	9	9	0.1111111111111111	-0.0222923684799467	0.0222923684799467	0.0	0.1111111111111111
PRIMARY	elastic_net	s__GGB9602_SGB15031	9	9	0.4444444444444444	0.022075190682393046	0.022075190682393046	0.0	0.4444444444444444
PRIMARY	elastic_net	s__GGB51441_SGB71759	9	9	0.3333333333333333	0.02206221854889741	0.02206221854889741	0.0	0.3333333333333333
PRIMARY	elastic_net	s__Gordonibacter_pamelaeae	9	9	0.1111111111111111	-0.021597438265049507	0.021597438265049507	0.0	0.1111111111111111
PRIMARY	elastic_net	s__GGB9759_SGB15370	9	9	0.2222222222222222	0.02125368252775386	0.02125368252775386	0.0	0.2222222222222222
PRIMARY	elastic_net	s__GGB9677_SGB15180	9	9	0.4444444444444444	0.021063913604286732	0.021063913604286732	0.0	0.4444444444444444
PRIMARY	elastic_net	s__GGB3034_SGB4030	9	9	0.3333333333333333	0.020524200888315233	0.020524200888315233	0.0	0.3333333333333333
PRIMARY	elastic_net	s__Holdemania_massiliensis	9	9	0.4444444444444444	-0.020489814308133878	0.020489814308133878	0.0	0.4444444444444444
PRIMARY	elastic_net	s__Faecalitalea_cylindroides	9	9	0.1111111111111111	-0.020481136025584285	0.020481136025584285	0.0	0.1111111111111111
PRIMARY	elastic_net	s__Cuneatibacter_caecimuris	8	8	0.25	0.020164171598174803	0.020164171598174803	0.0	0.25
PRIMARY	elastic_net	s__Bacteroides_salyersiae	9	9	0.4444444444444444	0.020109798488747513	0.020109798488747513	0.0	0.4444444444444444
PRIMARY	elastic_net	s__GGB9713_SGB15249	9	9	0.1111111111111111	-0.02010363948771652	0.02010363948771652	0.0	0.1111111111111111
PRIMARY	elastic_net	s__Butyricimonas_virosa	9	9	0.1111111111111111	-0.019725281034187966	0.019725281034187966	0.0	0.1111111111111111
PRIMARY	elastic_net	s__Anaerococcus_SGB53821	9	9	0.4444444444444444	-0.019561829698544544	0.019561829698544544	0.0	0.4444444444444444
PRIMARY	elastic_net	s__Bilophila_wadsworthia	9	9	0.3333333333333333	-0.008005853609112677	0.01953737470940014	0.0	0.2222222222222222
PRIMARY	elastic_net	s__GGB1266_SGB1699	9	9	0.2222222222222222	0.01947375397583024	0.01947375397583024	0.0	0.2222222222222222
PRIMARY	elastic_net	s__GGB9296_SGB14253	9	9	0.3333333333333333	0.018976186204279998	0.018976186204279998	0.0	0.3333333333333333
PRIMARY	elastic_net	s__GGB47687_SGB2286	9	9	0.1111111111111111	-0.018279913424796367	0.018279913424796367	0.0	0.1111111111111111
PRIMARY	elastic_net	s__Hungatella_hathewayi	9	9	0.1111111111111111	-0.01822825198458488	0.01822825198458488	0.0	0.1111111111111111
PRIMARY	elastic_net	s__Holdemania_sp_1001095H_141210_F2	9	9	0.3333333333333333	0.01737211965792361	0.01737211965792361	0.0	0.3333333333333333
PRIMARY	elastic_net	s__GGB3109_SGB4119	9	9	0.1111111111111111	0.017239048914578156	0.017239048914578156	0.0	0.1111111111111111
PRIMARY	elastic_net	s__GGB1420_SGB1957	6	6	0.16666666666666666	-0.017060935050250078	0.017060935050250078	0.0	0.16666666666666666
PRIMARY	elastic_net	s__Desulfovibrio_SGB5077	9	9	0.2222222222222222	0.01699501913981795	0.01699501913981795	0.0	0.2222222222222222
PRIMARY	elastic_net	s__Collinsella_bouchesdurhonensis	9	9	0.1111111111111111	0.016701674458184306	0.016701674458184306	0.0	0.1111111111111111
PRIMARY	elastic_net	s__Actinomyces_SGB17168	9	9	0.2222222222222222	0.01640846803607601	0.01640846803607601	0.0	0.2222222222222222
PRIMARY	elastic_net	s__GGB9646_SGB15123	9	9	0.2222222222222222	-0.016065227171774346	0.016065227171774346	0.0	0.2222222222222222
PRIMARY	elastic_net	s__Lachnospira_eligens	9	9	0.1111111111111111	0.015883348221834664	0.015883348221834664	0.0	0.1111111111111111
PRIMARY	elastic_net	s__Cloacibacillus_evryensis	8	8	0.125	0.015725999028427355	0.015725999028427355	0.0	0.125
PRIMARY	elastic_net	s__Pseudoflavonifractor_sp_An184	9	9	0.1111111111111111	-0.015435054759199226	0.015435054759199226	0.0	0.1111111111111111
PRIMARY	elastic_net	s__Roseburia_sp_AM16_25	9	9	0.1111111111111111	0.015414176790070547	0.015414176790070547	0.0	0.1111111111111111
PRIMARY	elastic_net	s__GGB9766_SGB15383	9	9	0.2222222222222222	0.015147804197581612	0.015147804197581612	0.0	0.2222222222222222
PRIMARY	elastic_net	s__GGB9361_SGB14336	8	8	0.125	0.015091393998480921	0.015091393998480921	0.0	0.125
PRIMARY	elastic_net	s__Pseudoruminococcus_massiliensis	8	8	0.25	-0.014825099057380213	0.014825099057380213	0.0	0.25
PRIMARY	elastic_net	s__GGB9619_SGB15067	9	9	0.1111111111111111	0.014641990315087398	0.014641990315087398	0.0	0.1111111111111111
PRIMARY	elastic_net	s__Mogibacterium_kristiansenii	9	9	0.1111111111111111	0.014418977255365117	0.014418977255365117	0.0	0.1111111111111111
PRIMARY	elastic_net	s__GGB2970_SGB3952	9	9	0.1111111111111111	0.014241191934329168	0.014241191934329168	0.0	0.1111111111111111
PRIMARY	elastic_net	s__Bifidobacterium_pseudocatenulatum	9	9	0.2222222222222222	-0.006206449193854288	0.013393300308554944	0.0	0.1111111111111111
PRIMARY	elastic_net	s__Staphylococcus_SGB6340	9	9	0.2222222222222222	-0.013100346602441134	0.013100346602441134	0.0	0.2222222222222222
PRIMARY	elastic_net	s__Coprococcus_SGB4669	9	9	0.2222222222222222	-0.013016055960239066	0.013016055960239066	0.0	0.2222222222222222
PRIMARY	elastic_net	s__Fusicatenibacter_saccharivorans	9	9	0.3333333333333333	0.012926988271973468	0.012926988271973468	0.0	0.3333333333333333
PRIMARY	elastic_net	s__Blautia_obeum	9	9	0.3333333333333333	-0.012893217060951168	0.012893217060951168	0.0	0.3333333333333333
PRIMARY	elastic_net	s__Barnesiella_intestinihominis	9	9	0.1111111111111111	0.01274660984573545	0.01274660984573545	0.0	0.1111111111111111
PRIMARY	elastic_net	s__Eubacterium_SGB6276	9	9	0.2222222222222222	0.0020019324695004417	0.012364795347981258	0.0	0.1111111111111111
PRIMARY	elastic_net	s__Actinomyces_sp_ph3	9	9	0.3333333333333333	-0.012339810176788415	0.012339810176788415	0.0	0.3333333333333333
PRIMARY	elastic_net	s__Limosilactobacillus_fermentum	9	9	0.3333333333333333	0.01232201715098986	0.01232201715098986	0.0	0.3333333333333333
PRIMARY	elastic_net	s__Alistipes_senegalensis	9	9	0.2222222222222222	-0.012254240720570662	0.012254240720570662	0.0	0.2222222222222222
PRIMARY	elastic_net	s__Alistipes_finegoldii	9	9	0.5555555555555556	-0.012249893041727416	0.012249893041727416	-0.00504827908838598	0.5555555555555556
PRIMARY	elastic_net	s__GGB9524_SGB14923	1	1	1.0	-0.012162671851832386	0.012162671851832386	-0.012162671851832386	1.0
PRIMARY	elastic_net	s__GGB3167_SGB4181	9	9	0.2222222222222222	-0.01198652540080576	0.01198652540080576	0.0	0.2222222222222222
PRIMARY	elastic_net	s__GGB9712_SGB15244	9	9	0.1111111111111111	-0.011968736007595283	0.011968736007595283	0.0	0.1111111111111111
PRIMARY	elastic_net	s__Ruminococcus_sp_NSJ_13	9	9	0.1111111111111111	-0.011705194912026812	0.011705194912026812	0.0	0.1111111111111111
PRIMARY	elastic_net	s__Merdimonas_faecis	9	9	0.3333333333333333	0.011424535928936165	0.011424535928936165	0.0	0.3333333333333333
PRIMARY	elastic_net	s__Clostridium_sp_AF12_28	9	9	0.1111111111111111	-0.011371565865910614	0.011371565865910614	0.0	0.1111111111111111
PRIMARY	elastic_net	s__GGB9782_SGB15403	9	9	0.1111111111111111	-0.010975783219774325	0.010975783219774325	0.0	0.1111111111111111
PRIMARY	elastic_net	s__GGB9790_SGB15413	9	9	0.2222222222222222	0.010848591171157941	0.010848591171157941	0.0	0.2222222222222222
PRIMARY	elastic_net	s__GGB9641_SGB15117	9	9	0.1111111111111111	0.010747312579185752	0.010747312579185752	0.0	0.1111111111111111
PRIMARY	elastic_net	s__Bacteroides_fragilis	9	9	0.2222222222222222	-0.010528287566283205	0.010528287566283205	0.0	0.2222222222222222
PRIMARY	elastic_net	s__Catenibacterium_SGB4425	7	7	0.42857142857142855	0.010444066321086298	0.010444066321086298	0.0	0.42857142857142855
PRIMARY	elastic_net	s__Mogibacterium_sp_NSJ_24	8	8	0.125	0.010198438686995536	0.010198438686995536	0.0	0.125
PRIMARY	elastic_net	s__Streptococcus_sanguinis	9	9	0.1111111111111111	0.010017603782637573	0.010017603782637573	0.0	0.1111111111111111
PRIMARY	elastic_net	s__Bifidobacterium_adolescentis	9	9	0.3333333333333333	0.009951864716329105	0.009951864716329105	0.0	0.3333333333333333
PRIMARY	elastic_net	s__Desulfovibrio_piger	9	9	0.2222222222222222	0.009755704040689891	0.009755704040689891	0.0	0.2222222222222222
PRIMARY	elastic_net	s__Blautia_wexlerae	9	9	0.1111111111111111	0.00936367727834024	0.00936367727834024	0.0	0.1111111111111111
PRIMARY	elastic_net	s__Enterocloster_SGB14313	9	9	0.2222222222222222	0.00929500234306785	0.00929500234306785	0.0	0.2222222222222222
PRIMARY	elastic_net	s__Dysosmobacter_welbionis	9	9	0.1111111111111111	0.009274272666720207	0.009274272666720207	0.0	0.1111111111111111
PRIMARY	elastic_net	s__GGB42994_SGB4746	9	9	0.1111111111111111	-0.009076182269806625	0.009076182269806625	0.0	0.1111111111111111
PRIMARY	elastic_net	s__Erysipelatoclostridium_ramosum	9	9	0.1111111111111111	-0.008891922926880385	0.008891922926880385	0.0	0.1111111111111111
PRIMARY	elastic_net	s__GGB9176_SGB14114	9	9	0.2222222222222222	0.00888707407305238	0.00888707407305238	0.0	0.2222222222222222
PRIMARY	elastic_net	s__Actinomyces_SGB17132	6	6	0.16666666666666666	-0.008859307116186238	0.008859307116186238	0.0	0.16666666666666666
PRIMARY	elastic_net	s__Holdemania_filiformis	9	9	0.1111111111111111	-0.008842220516640324	0.008842220516640324	0.0	0.1111111111111111
PRIMARY	elastic_net	s__Haemophilus_parainfluenzae	9	9	0.1111111111111111	0.008684428611175016	0.008684428611175016	0.0	0.1111111111111111
PRIMARY	elastic_net	s__Bifidobacterium_longum	9	9	0.1111111111111111	-0.008611517725825673	0.008611517725825673	0.0	0.1111111111111111
PRIMARY	elastic_net	s__GGB9618_SGB15065	8	8	0.25	-0.008519467341462951	0.008519467341462951	0.0	0.25
PRIMARY	elastic_net	s__Roseburia_sp_AF02_12	9	9	0.1111111111111111	-0.008376490154366457	0.008376490154366457	0.0	0.1111111111111111
PRIMARY	elastic_net	s__GGB2977_SGB3959	9	9	0.1111111111111111	-0.0083626432002211	0.0083626432002211	0.0	0.1111111111111111
PRIMARY	elastic_net	s__Clostridium_sp_AT4	9	9	0.2222222222222222	0.008331056897549953	0.008331056897549953	0.0	0.2222222222222222
PRIMARY	elastic_net	s__GGB77437_SGB9391	9	9	0.4444444444444444	0.008318731902731913	0.008318731902731913	0.0	0.4444444444444444
PRIMARY	elastic_net	s__Prevotella_copri_clade_A	9	9	0.1111111111111111	-0.00828251373662841	0.00828251373662841	0.0	0.1111111111111111
PRIMARY	elastic_net	s__Clostridium_sp_AF34_13	9	9	0.1111111111111111	-0.008123832905484525	0.008123832905484525	0.0	0.1111111111111111
PRIMARY	elastic_net	s__GGB9524_SGB14924	9	9	0.1111111111111111	0.007762202226437222	0.007762202226437222	0.0	0.1111111111111111
PRIMARY	elastic_net	s__Coprococcus_catus	9	9	0.1111111111111111	-0.00765283669404782	0.00765283669404782	0.0	0.1111111111111111
PRIMARY	elastic_net	s__GGB9640_SGB15115	9	9	0.1111111111111111	-0.0075687127392849675	0.0075687127392849675	0.0	0.1111111111111111
PRIMARY	elastic_net	s__Clostridium_sp_AM33_3	9	9	0.1111111111111111	-0.007560801690861029	0.007560801690861029	0.0	0.1111111111111111
PRIMARY	elastic_net	s__GGB51959_SGB72479	9	9	0.1111111111111111	-0.007386750650371179	0.007386750650371179	0.0	0.1111111111111111
PRIMARY	elastic_net	s__Clostridium_fessum	9	9	0.1111111111111111	0.007366474025631734	0.007366474025631734	0.0	0.1111111111111111
PRIMARY	elastic_net	s__Alistipes_dispar	9	9	0.3333333333333333	-0.007295829096079374	0.007295829096079374	0.0	0.3333333333333333
PRIMARY	elastic_net	s__GGB42389_SGB59559	9	9	0.1111111111111111	-0.0070007356338062056	0.0070007356338062056	0.0	0.1111111111111111
PRIMARY	elastic_net	s__Bacteroides_clarus	9	9	0.3333333333333333	-0.006195748464086406	0.006982073382791617	0.0	0.2222222222222222
PRIMARY	elastic_net	s__Ellagibacter_isourolithinifaciens	9	9	0.1111111111111111	-0.006699855766966686	0.006699855766966686	0.0	0.1111111111111111
PRIMARY	elastic_net	s__Enterocloster_asparagiformis	9	9	0.1111111111111111	-0.006642131920439646	0.006642131920439646	0.0	0.1111111111111111
PRIMARY	elastic_net	s__Blautia_producta	9	9	0.3333333333333333	-0.0065727612357553596	0.0065727612357553596	0.0	0.3333333333333333
PRIMARY	elastic_net	s__Solobacterium_SGB6829	7	7	0.14285714285714285	0.006556151760638586	0.006556151760638586	0.0	0.14285714285714285
PRIMARY	elastic_net	s__Phascolarctobacterium_succinatutens	9	9	0.2222222222222222	0.0065395526542526665	0.0065395526542526665	0.0	0.2222222222222222
PRIMARY	elastic_net	s__Catenibacillus_scindens	9	9	0.1111111111111111	-0.006530702667199378	0.006530702667199378	0.0	0.1111111111111111
PRIMARY	elastic_net	s__GGB2987_SGB3969	9	9	0.1111111111111111	0.0064319483142332	0.0064319483142332	0.0	0.1111111111111111
PRIMARY	elastic_net	s__Massilioclostridium_coli	9	9	0.2222222222222222	-0.0064190513690593875	0.0064190513690593875	0.0	0.2222222222222222
PRIMARY	elastic_net	s__Gordonibacter_urolithinfaciens	9	9	0.2222222222222222	-0.006391022490114505	0.006391022490114505	0.0	0.2222222222222222
PRIMARY	elastic_net	s__Blautia_faecis	9	9	0.1111111111111111	0.00619807149489066	0.00619807149489066	0.0	0.1111111111111111
PRIMARY	elastic_net	s__GGB79630_SGB13983	9	9	0.2222222222222222	0.006151397343773384	0.006151397343773384	0.0	0.2222222222222222
PRIMARY	elastic_net	s__Collinsella_SGB4121	9	9	0.2222222222222222	-0.0061184544608737955	0.0061184544608737955	0.0	0.2222222222222222
PRIMARY	elastic_net	s__GGB9293_SGB14250	9	9	0.1111111111111111	0.00605786046057977	0.00605786046057977	0.0	0.1111111111111111
PRIMARY	elastic_net	s__Lachnospira_pectinoschiza	9	9	0.1111111111111111	-0.006026183210231444	0.006026183210231444	0.0	0.1111111111111111
PRIMARY	elastic_net	s__Isoptericola_variabilis	9	9	0.1111111111111111	0.005915085626692952	0.005915085626692952	0.0	0.1111111111111111
PRIMARY	elastic_net	s__Bacteroides_faecis	9	9	0.1111111111111111	0.005836434778593305	0.005836434778593305	0.0	0.1111111111111111
PRIMARY	elastic_net	s__Streptococcus_mitis	9	9	0.1111111111111111	0.005679031790450878	0.005679031790450878	0.0	0.1111111111111111
PRIMARY	elastic_net	s__GGB34228_SGB72916	4	4	0.25	0.005585561397192033	0.005585561397192033	0.0	0.25
PRIMARY	elastic_net	s__Oscillibacter_sp_ER4	9	9	0.1111111111111111	-0.00539064521148741	0.00539064521148741	0.0	0.1111111111111111
PRIMARY	elastic_net	s__Dysosmobacter_sp_BX15	9	9	0.1111111111111111	0.005322103214106081	0.005322103214106081	0.0	0.1111111111111111
PRIMARY	elastic_net	s__Eubacterium_SGB4961	9	9	0.2222222222222222	-0.004912349113948544	0.004912349113948544	0.0	0.2222222222222222
PRIMARY	elastic_net	s__GGB2848_SGB3813	9	9	0.1111111111111111	-0.004869059354541528	0.004869059354541528	0.0	0.1111111111111111
PRIMARY	elastic_net	s__GGB9719_SGB15273	9	9	0.1111111111111111	0.004530677779609374	0.004530677779609374	0.0	0.1111111111111111
PRIMARY	elastic_net	s__Streptococcus_SGB15012	9	9	0.1111111111111111	0.004487048344663993	0.004487048344663993	0.0	0.1111111111111111
PRIMARY	elastic_net	s__Lachnospira_sp_NSJ_43	9	9	0.1111111111111111	0.004418952645619899	0.004418952645619899	0.0	0.1111111111111111
PRIMARY	elastic_net	s__GGB9636_SGB15107	9	9	0.1111111111111111	0.004225288177771176	0.004225288177771176	0.0	0.1111111111111111
PRIMARY	elastic_net	s__Coprococcus_comes	9	9	0.2222222222222222	-0.004220561788694326	0.004220561788694326	0.0	0.2222222222222222
PRIMARY	elastic_net	s__Lacrimispora_saccharolytica	9	9	0.1111111111111111	0.00421788440152774	0.00421788440152774	0.0	0.1111111111111111
PRIMARY	elastic_net	s__Holdemanella_biformis	4	4	0.25	0.0036169473483452976	0.0036169473483452976	0.0	0.25
PRIMARY	elastic_net	s__Enterocloster_citroniae	9	9	0.2222222222222222	0.003376983918490422	0.003376983918490422	0.0	0.2222222222222222
PRIMARY	elastic_net	s__GGB2998_SGB3988	9	9	0.1111111111111111	-0.0031606979782326837	0.0031606979782326837	0.0	0.1111111111111111
PRIMARY	elastic_net	s__Christensenella_hongkongensis	9	9	0.1111111111111111	0.003109917595945254	0.003109917595945254	0.0	0.1111111111111111
PRIMARY	elastic_net	s__Enterococcus_faecium	9	9	0.1111111111111111	-0.002997601683837078	0.002997601683837078	0.0	0.1111111111111111
PRIMARY	elastic_net	s__GGB9818_SGB15459	9	9	0.2222222222222222	0.0012544973465011414	0.002911694755959839	0.0	0.1111111111111111
PRIMARY	elastic_net	s__GGB9767_SGB15385	9	9	0.1111111111111111	-0.002875741817276197	0.002875741817276197	0.0	0.1111111111111111
PRIMARY	elastic_net	s__Mediterraneibacter_glycyrrhizinilyticus	9	9	0.2222222222222222	0.0028641856456503804	0.0028641856456503804	0.0	0.2222222222222222
PRIMARY	elastic_net	s__GGB1495_SGB2071	4	4	0.25	-0.002702799324337582	0.002702799324337582	0.0	0.25
PRIMARY	elastic_net	s__Angelakisella_massiliensis	8	8	0.125	-0.0026244608404131136	0.0026244608404131136	0.0	0.125
PRIMARY	elastic_net	s__Hydrogeniiclostidium_mannosilyticum	9	9	0.1111111111111111	0.002606139931896215	0.002606139931896215	0.0	0.1111111111111111
PRIMARY	elastic_net	s__Actinomyces_SGB17154	9	9	0.2222222222222222	-0.002573382760543515	0.002573382760543515	0.0	0.2222222222222222
PRIMARY	elastic_net	s__Holdemanella_porci	9	9	0.2222222222222222	0.002572388195278496	0.002572388195278496	0.0	0.2222222222222222
PRIMARY	elastic_net	s__Akkermansia_muciniphila	9	9	0.1111111111111111	0.00245735588297531	0.00245735588297531	0.0	0.1111111111111111
PRIMARY	elastic_net	s__GGB3510_SGB4687	9	9	0.1111111111111111	-0.0024100956011866045	0.0024100956011866045	0.0	0.1111111111111111
PRIMARY	elastic_net	s__Desulfovibrio_fairfieldensis	8	8	0.125	0.0022426488840890367	0.0022426488840890367	0.0	0.125
PRIMARY	elastic_net	s__Hydrogenoanaerobacterium_saccharovorans	9	9	0.1111111111111111	0.0019737340041314326	0.0019737340041314326	0.0	0.1111111111111111
PRIMARY	elastic_net	s__Turicibacter_sanguinis	9	9	0.1111111111111111	0.0016957264870795907	0.0016957264870795907	0.0	0.1111111111111111
PRIMARY	elastic_net	s__GGB80011_SGB15267	9	9	0.1111111111111111	-0.001675028456361208	0.001675028456361208	0.0	0.1111111111111111
PRIMARY	elastic_net	s__GGB3588_SGB4808	9	9	0.1111111111111111	0.0016372897485933285	0.0016372897485933285	0.0	0.1111111111111111
PRIMARY	elastic_net	s__Escherichia_coli	9	9	0.1111111111111111	-0.0012094930688522228	0.0012094930688522228	0.0	0.1111111111111111
PRIMARY	elastic_net	s__GGB9501_SGB14898	9	9	0.1111111111111111	0.0011001546751707304	0.0011001546751707304	0.0	0.1111111111111111
PRIMARY	elastic_net	s__GGB9781_SGB15402	9	9	0.1111111111111111	0.001091255151027032	0.001091255151027032	0.0	0.1111111111111111
PRIMARY	elastic_net	s__Streptococcus_gordonii	9	9	0.1111111111111111	0.0010063975018439397	0.0010063975018439397	0.0	0.1111111111111111
PRIMARY	elastic_net	s__Vescimonas_fastidiosa	4	4	0.25	-0.000995509330587498	0.000995509330587498	0.0	0.25
PRIMARY	elastic_net	s__GGB9512_SGB14909	9	9	0.1111111111111111	-0.000964538682907311	0.000964538682907311	0.0	0.1111111111111111
PRIMARY	elastic_net	s__Anaerobutyricum_hallii	9	9	0.1111111111111111	-0.000761861715431114	0.000761861715431114	0.0	0.1111111111111111
PRIMARY	elastic_net	s__Phascolarctobacterium_SGB4573	9	9	0.1111111111111111	0.0007256963667533992	0.0007256963667533992	0.0	0.1111111111111111
PRIMARY	elastic_net	s__GGB9635_SGB15106	9	9	0.1111111111111111	0.0006643943815792433	0.0006643943815792433	0.0	0.1111111111111111
PRIMARY	elastic_net	s__Coprobacter_fastidiosus	9	9	0.1111111111111111	-0.0006371345009750799	0.0006371345009750799	0.0	0.1111111111111111
PRIMARY	elastic_net	s__Coprobacter_secundus	9	9	0.1111111111111111	0.0005487367728732504	0.0005487367728732504	0.0	0.1111111111111111
PRIMARY	elastic_net	s__Ruminococcus_gnavus	9	9	0.1111111111111111	0.0005219099624152181	0.0005219099624152181	0.0	0.1111111111111111
PRIMARY	elastic_net	s__Mediterraneibacter_butyricigenes	9	9	0.1111111111111111	-0.0004759519587302211	0.0004759519587302211	0.0	0.1111111111111111
PRIMARY	elastic_net	s__GGB3602_SGB4574	9	9	0.2222222222222222	0.0004509787440181124	0.0004509787440181124	0.0	0.2222222222222222
PRIMARY	elastic_net	s__Clostridium_sp_NSJ_42	9	9	0.1111111111111111	-0.00043172344441507615	0.00043172344441507615	0.0	0.1111111111111111
PRIMARY	elastic_net	s__Clostridium_sp_AF36_4	9	9	0.1111111111111111	-0.0004308616724954141	0.0004308616724954141	0.0	0.1111111111111111
PRIMARY	elastic_net	s__GGB3124_SGB4136	1	1	1.0	-0.0003672780583645273	0.0003672780583645273	-0.0003672780583645273	1.0
PRIMARY	elastic_net	s__Bacteroides_intestinalis	9	9	0.1111111111111111	-0.00036551478942497867	0.00036551478942497867	0.0	0.1111111111111111
PRIMARY	elastic_net	s__Bifidobacterium_animalis	9	9	0.1111111111111111	0.0002612704254871695	0.0002612704254871695	0.0	0.1111111111111111
PRIMARY	elastic_net	s__Ruminococcus_SGB4421	9	9	0.1111111111111111	0.00016399713686298835	0.00016399713686298835	0.0	0.1111111111111111
PRIMARY	elastic_net	s__Bacteroides_thetaiotaomicron	9	9	0.1111111111111111	8.69363915106391e-05	8.69363915106391e-05	0.0	0.1111111111111111
PRIMARY	elastic_net	s__GGB9786_SGB15409	9	9	0.1111111111111111	-8.2701235833926e-05	8.2701235833926e-05	0.0	0.1111111111111111
PRIMARY	elastic_net	s__GGB3304_SGB4367	9	9	0.1111111111111111	-5.8191223400799445e-05	5.8191223400799445e-05	0.0	0.1111111111111111
PRIMARY	elastic_net	s__Ruminococcus_sp_BSD2780120874_150323_B10	9	9	0.1111111111111111	-1.842587462048457e-05	1.842587462048457e-05	0.0	0.1111111111111111
PRIMARY	elastic_net	s__GGB9302_SGB14263	5	5	0.2	1.3131259939875895e-05	1.3131259939875895e-05	0.0	0.2
PRIMARY	elastic_net	s__Acidaminococcus_intestini	9	9	0.0	0.0	0.0	0.0	0.0
PRIMARY	elastic_net	s__Actinomyces_SGB17163	8	8	0.0	0.0	0.0	0.0	0.0
PRIMARY	elastic_net	s__Actinomyces_bouchesdurhonensis	8	8	0.0	0.0	0.0	0.0	0.0
PRIMARY	elastic_net	s__Actinomyces_dentalis	2	2	0.0	0.0	0.0	0.0	0.0
PRIMARY	elastic_net	s__Actinomyces_massiliensis	8	8	0.0	0.0	0.0	0.0	0.0
PRIMARY	elastic_net	s__Actinomyces_naeslundii	9	9	0.0	0.0	0.0	0.0	0.0
PRIMARY	elastic_net	s__Actinomyces_sp_ICM58	9	9	0.0	0.0	0.0	0.0	0.0
PRIMARY	elastic_net	s__Actinomyces_sp_oral_taxon_448	9	9	0.0	0.0	0.0	0.0	0.0
PRIMARY	elastic_net	s__Alistipes_communis	9	9	0.0	0.0	0.0	0.0	0.0
PRIMARY	elastic_net	s__Alistipes_ihumii	9	9	0.0	0.0	0.0	0.0	0.0
PRIMARY	elastic_net	s__Alistipes_indistinctus	9	9	0.0	0.0	0.0	0.0	0.0
PRIMARY	elastic_net	s__Alistipes_shahii	9	9	0.0	0.0	0.0	0.0	0.0
PRIMARY	elastic_net	s__Allisonella_histaminiformans	2	2	0.0	0.0	0.0	0.0	0.0
PRIMARY	elastic_net	s__Amedibacillus_dolichus	7	7	0.0	0.0	0.0	0.0	0.0
PRIMARY	elastic_net	s__Anaerobutyricum_soehngenii	9	9	0.0	0.0	0.0	0.0	0.0
PRIMARY	elastic_net	s__Anaerofustis_stercorihominis	9	9	0.0	0.0	0.0	0.0	0.0
PRIMARY	elastic_net	s__Anaerostipes_caccae	9	9	0.0	0.0	0.0	0.0	0.0
PRIMARY	elastic_net	s__Anaerotignum_faecicola	9	9	0.0	0.0	0.0	0.0	0.0
PRIMARY	elastic_net	s__Bacteroides_caccae	9	9	0.0	0.0	0.0	0.0	0.0
PRIMARY	elastic_net	s__Bacteroides_cellulosilyticus	9	9	0.0	0.0	0.0	0.0	0.0
PRIMARY	elastic_net	s__Bacteroides_nordii	9	9	0.0	0.0	0.0	0.0	0.0
PRIMARY	elastic_net	s__Bacteroides_ovatus	9	9	0.0	0.0	0.0	0.0	0.0
PRIMARY	elastic_net	s__Blautia_SGB4815	9	9	0.0	0.0	0.0	0.0	0.0
PRIMARY	elastic_net	s__Blautia_glucerasea	9	9	0.0	0.0	0.0	0.0	0.0
PRIMARY	elastic_net	s__Blautia_hansenii	9	9	0.0	0.0	0.0	0.0	0.0
PRIMARY	elastic_net	s__Blautia_hydrogenotrophica	9	9	0.0	0.0	0.0	0.0	0.0
PRIMARY	elastic_net	s__Blautia_sp_MSK_20_85	9	9	0.0	0.0	0.0	0.0	0.0
PRIMARY	elastic_net	s__Blautia_sp_OF03_15BH	9	9	0.0	0.0	0.0	0.0	0.0
PRIMARY	elastic_net	s__Blautia_stercoris	9	9	0.0	0.0	0.0	0.0	0.0
PRIMARY	elastic_net	s__Butyricimonas_SGB15260	9	9	0.0	0.0	0.0	0.0	0.0
PRIMARY	elastic_net	s__Candidatus_Catenibacterium_tridentinum	9	9	0.0	0.0	0.0	0.0	0.0
PRIMARY	elastic_net	s__Candidatus_Cibionibacter_quicibialis	9	9	0.0	0.0	0.0	0.0	0.0
PRIMARY	elastic_net	s__Candidatus_Nanosynsacchari_sp_TM7_ANC_38_39_G1_1	6	6	0.0	0.0	0.0	0.0	0.0
PRIMARY	elastic_net	s__Cellulomonas_flavigena	5	5	0.0	0.0	0.0	0.0	0.0
PRIMARY	elastic_net	s__Christensenella_minuta	9	9	0.0	0.0	0.0	0.0	0.0
PRIMARY	elastic_net	s__Clostridium_SGB4750	9	9	0.0	0.0	0.0	0.0	0.0
PRIMARY	elastic_net	s__Clostridium_SGB4909	9	9	0.0	0.0	0.0	0.0	0.0
PRIMARY	elastic_net	s__Clostridium_butyricum	9	9	0.0	0.0	0.0	0.0	0.0
PRIMARY	elastic_net	s__Clostridium_paraputrificum	1	1	0.0	0.0	0.0	0.0	0.0
PRIMARY	elastic_net	s__Clostridium_saudiense	9	9	0.0	0.0	0.0	0.0	0.0
PRIMARY	elastic_net	s__Clostridium_sp_1001271st1_H5	3	3	0.0	0.0	0.0	0.0	0.0
PRIMARY	elastic_net	s__Clostridium_sp_AF20_17LB	9	9	0.0	0.0	0.0	0.0	0.0
PRIMARY	elastic_net	s__Clostridium_sp_AF27_2AA	9	9	0.0	0.0	0.0	0.0	0.0
PRIMARY	elastic_net	s__Clostridium_sp_Marseille_P3244	9	9	0.0	0.0	0.0	0.0	0.0
PRIMARY	elastic_net	s__Clostridium_spiroforme	9	9	0.0	0.0	0.0	0.0	0.0
PRIMARY	elastic_net	s__Clostridium_symbiosum	9	9	0.0	0.0	0.0	0.0	0.0
PRIMARY	elastic_net	s__Collinsella_SGB15196	8	8	0.0	0.0	0.0	0.0	0.0
PRIMARY	elastic_net	s__Collinsella_intestinalis	8	8	0.0	0.0	0.0	0.0	0.0
PRIMARY	elastic_net	s__Coprococcus_eutactus	9	9	0.0	0.0	0.0	0.0	0.0
PRIMARY	elastic_net	s__Corynebacterium_durum	8	8	0.0	0.0	0.0	0.0	0.0
PRIMARY	elastic_net	s__Dorea_sp_AF36_15AT	9	9	0.0	0.0	0.0	0.0	0.0
PRIMARY	elastic_net	s__Dysosmobacter_sp_NSJ_60	9	9	0.0	0.0	0.0	0.0	0.0
PRIMARY	elastic_net	s__Eggerthella_lenta	9	9	0.0	0.0	0.0	0.0	0.0
PRIMARY	elastic_net	s__Eisenbergiella_tayi	9	9	0.0	0.0	0.0	0.0	0.0
PRIMARY	elastic_net	s__Emergencia_timonensis	8	8	0.0	0.0	0.0	0.0	0.0
PRIMARY	elastic_net	s__Enterocloster_clostridioformis	9	9	0.0	0.0	0.0	0.0	0.0
PRIMARY	elastic_net	s__Enterococcus_SGB6173	9	9	0.0	0.0	0.0	0.0	0.0
PRIMARY	elastic_net	s__Enterococcus_faecalis	9	9	0.0	0.0	0.0	0.0	0.0
PRIMARY	elastic_net	s__Eubacterium_SGB4671	1	1	0.0	0.0	0.0	0.0	0.0
PRIMARY	elastic_net	s__Eubacterium_ramulus	9	9	0.0	0.0	0.0	0.0	0.0
PRIMARY	elastic_net	s__Eubacterium_ventriosum	9	9	0.0	0.0	0.0	0.0	0.0
PRIMARY	elastic_net	s__Faecalibacterium_SGB15315	9	9	0.0	0.0	0.0	0.0	0.0
PRIMARY	elastic_net	s__Faecalicatena_fissicatena	9	9	0.0	0.0	0.0	0.0	0.0
PRIMARY	elastic_net	s__Faecalimonas_umbilicata	9	9	0.0	0.0	0.0	0.0	0.0
PRIMARY	elastic_net	s__Flavonifractor_plautii	9	9	0.0	0.0	0.0	0.0	0.0
PRIMARY	elastic_net	s__GGB10485_SGB49305	8	8	0.0	0.0	0.0	0.0	0.0
PRIMARY	elastic_net	s__GGB1627_SGB2230	4	4	0.0	0.0	0.0	0.0	0.0
PRIMARY	elastic_net	s__GGB1662_SGB2276	2	2	0.0	0.0	0.0	0.0	0.0
PRIMARY	elastic_net	s__GGB2653_SGB3574	9	9	0.0	0.0	0.0	0.0	0.0
PRIMARY	elastic_net	s__GGB2958_SGB3940	9	9	0.0	0.0	0.0	0.0	0.0
PRIMARY	elastic_net	s__GGB2980_SGB3962	9	9	0.0	0.0	0.0	0.0	0.0
PRIMARY	elastic_net	s__GGB3000_SGB3991	9	9	0.0	0.0	0.0	0.0	0.0
PRIMARY	elastic_net	s__GGB3005_SGB3996	9	9	0.0	0.0	0.0	0.0	0.0
PRIMARY	elastic_net	s__GGB3033_SGB4029	9	9	0.0	0.0	0.0	0.0	0.0
PRIMARY	elastic_net	s__GGB3109_SGB4643	9	9	0.0	0.0	0.0	0.0	0.0
PRIMARY	elastic_net	s__GGB31234_SGB14869	9	9	0.0	0.0	0.0	0.0	0.0
PRIMARY	elastic_net	s__GGB33512_SGB15201	9	9	0.0	0.0	0.0	0.0	0.0
PRIMARY	elastic_net	s__GGB3446_SGB4597	1	1	0.0	0.0	0.0	0.0	0.0
PRIMARY	elastic_net	s__GGB3463_SGB4621	4	4	0.0	0.0	0.0	0.0	0.0
PRIMARY	elastic_net	s__GGB3475_SGB4638	8	8	0.0	0.0	0.0	0.0	0.0
PRIMARY	elastic_net	s__GGB3513_SGB4691	1	1	0.0	0.0	0.0	0.0	0.0
PRIMARY	elastic_net	s__GGB3593_SGB4817	2	2	0.0	0.0	0.0	0.0	0.0
PRIMARY	elastic_net	s__GGB3619_SGB4894	9	9	0.0	0.0	0.0	0.0	0.0
PRIMARY	elastic_net	s__GGB36267_SGB14177	9	9	0.0	0.0	0.0	0.0	0.0
PRIMARY	elastic_net	s__GGB3653_SGB4964	9	9	0.0	0.0	0.0	0.0	0.0
PRIMARY	elastic_net	s__GGB3746_SGB5089	9	9	0.0	0.0	0.0	0.0	0.0
PRIMARY	elastic_net	s__GGB3815_SGB5180	2	2	0.0	0.0	0.0	0.0	0.0
PRIMARY	elastic_net	s__GGB42378_SGB59548	1	1	0.0	0.0	0.0	0.0	0.0
PRIMARY	elastic_net	s__GGB4456_SGB6141	9	9	0.0	0.0	0.0	0.0	0.0
PRIMARY	elastic_net	s__GGB4566_SGB6305	9	9	0.0	0.0	0.0	0.0	0.0
PRIMARY	elastic_net	s__GGB4684_SGB6478	1	1	0.0	0.0	0.0	0.0	0.0
PRIMARY	elastic_net	s__GGB4745_SGB6571	4	4	0.0	0.0	0.0	0.0	0.0
PRIMARY	elastic_net	s__GGB51510_SGB71883	9	9	0.0	0.0	0.0	0.0	0.0
PRIMARY	elastic_net	s__GGB51647_SGB4348	9	9	0.0	0.0	0.0	0.0	0.0
PRIMARY	elastic_net	s__GGB51960_SGB72480	5	5	0.0	0.0	0.0	0.0	0.0
PRIMARY	elastic_net	s__GGB52106_SGB72838	9	9	0.0	0.0	0.0	0.0	0.0
PRIMARY	elastic_net	s__GGB58233_SGB79883	9	9	0.0	0.0	0.0	0.0	0.0
PRIMARY	elastic_net	s__GGB9186_SGB14125	9	9	0.0	0.0	0.0	0.0	0.0
PRIMARY	elastic_net	s__GGB9189_SGB14128	9	9	0.0	0.0	0.0	0.0	0.0
PRIMARY	elastic_net	s__GGB9240_SGB14182	9	9	0.0	0.0	0.0	0.0	0.0
PRIMARY	elastic_net	s__GGB9261_SGB14209	3	3	0.0	0.0	0.0	0.0	0.0
PRIMARY	elastic_net	s__GGB9350_SGB14317	8	8	0.0	0.0	0.0	0.0	0.0
PRIMARY	elastic_net	s__GGB9474_SGB14868	3	3	0.0	0.0	0.0	0.0	0.0
PRIMARY	elastic_net	s__GGB9559_SGB14968	1	1	0.0	0.0	0.0	0.0	0.0
PRIMARY	elastic_net	s__GGB9561_SGB14972	7	7	0.0	0.0	0.0	0.0	0.0
PRIMARY	elastic_net	s__GGB9602_SGB15028	9	9	0.0	0.0	0.0	0.0	0.0
PRIMARY	elastic_net	s__GGB9608_SGB15041	9	9	0.0	0.0	0.0	0.0	0.0
PRIMARY	elastic_net	s__GGB9614_SGB15049	9	9	0.0	0.0	0.0	0.0	0.0
PRIMARY	elastic_net	s__GGB9634_SGB15093	9	9	0.0	0.0	0.0	0.0	0.0
PRIMARY	elastic_net	s__GGB9635_SGB15103	2	2	0.0	0.0	0.0	0.0	0.0
PRIMARY	elastic_net	s__GGB9691_SGB15198	4	4	0.0	0.0	0.0	0.0	0.0
PRIMARY	elastic_net	s__GGB9699_SGB15216	9	9	0.0	0.0	0.0	0.0	0.0
PRIMARY	elastic_net	s__GGB9708_SGB15233	9	9	0.0	0.0	0.0	0.0	0.0
PRIMARY	elastic_net	s__GGB9719_SGB15272	9	9	0.0	0.0	0.0	0.0	0.0
PRIMARY	elastic_net	s__GGB9719_SGB53514	8	8	0.0	0.0	0.0	0.0	0.0
PRIMARY	elastic_net	s__GGB9737_SGB15309	1	1	0.0	0.0	0.0	0.0	0.0
PRIMARY	elastic_net	s__GGB9758_SGB15368	9	9	0.0	0.0	0.0	0.0	0.0
PRIMARY	elastic_net	s__GGB9760_SGB15374	9	9	0.0	0.0	0.0	0.0	0.0
PRIMARY	elastic_net	s__GGB9762_SGB15377	4	4	0.0	0.0	0.0	0.0	0.0
PRIMARY	elastic_net	s__GGB9765_SGB15382	9	9	0.0	0.0	0.0	0.0	0.0
PRIMARY	elastic_net	s__GGB9767_SGB15384	1	1	0.0	0.0	0.0	0.0	0.0
PRIMARY	elastic_net	s__GGB9770_SGB15389	9	9	0.0	0.0	0.0	0.0	0.0
PRIMARY	elastic_net	s__GGB9775_SGB15395	9	9	0.0	0.0	0.0	0.0	0.0
PRIMARY	elastic_net	s__GGB9787_SGB15410	9	9	0.0	0.0	0.0	0.0	0.0
PRIMARY	elastic_net	s__Klebsiella_pneumoniae	9	9	0.0	0.0	0.0	0.0	0.0
PRIMARY	elastic_net	s__Lachnoclostridium_sp_An138	7	7	0.0	0.0	0.0	0.0	0.0
PRIMARY	elastic_net	s__Lacticaseibacillus_rhamnosus	8	8	0.0	0.0	0.0	0.0	0.0
PRIMARY	elastic_net	s__Lactococcus_cremoris	1	1	0.0	0.0	0.0	0.0	0.0
PRIMARY	elastic_net	s__Massiliimalia_massiliensis	9	9	0.0	0.0	0.0	0.0	0.0
PRIMARY	elastic_net	s__Mediterraneibacter_SGB48424	9	9	0.0	0.0	0.0	0.0	0.0
PRIMARY	elastic_net	s__Mediterraneibacter_massiliensis	9	9	0.0	0.0	0.0	0.0	0.0
PRIMARY	elastic_net	s__Mogibacterium_diversum	9	9	0.0	0.0	0.0	0.0	0.0
PRIMARY	elastic_net	s__Mogibacterium_sp_BX12	9	9	0.0	0.0	0.0	0.0	0.0
PRIMARY	elastic_net	s__Odoribacter_splanchnicus	9	9	0.0	0.0	0.0	0.0	0.0
PRIMARY	elastic_net	s__Olsenella_uli	1	1	0.0	0.0	0.0	0.0	0.0
PRIMARY	elastic_net	s__Oscillibacter_valericigenes	9	9	0.0	0.0	0.0	0.0	0.0
PRIMARY	elastic_net	s__Parabacteroides_distasonis	9	9	0.0	0.0	0.0	0.0	0.0
PRIMARY	elastic_net	s__Parabacteroides_goldsteinii	9	9	0.0	0.0	0.0	0.0	0.0
PRIMARY	elastic_net	s__Parasutterella_SGB9260	9	9	0.0	0.0	0.0	0.0	0.0
PRIMARY	elastic_net	s__Paratractidigestivibacter_faecalis	1	1	0.0	0.0	0.0	0.0	0.0
PRIMARY	elastic_net	s__Pauljensenia_hongkongensis	2	2	0.0	0.0	0.0	0.0	0.0
PRIMARY	elastic_net	s__Phocaeicola_dorei	9	9	0.0	0.0	0.0	0.0	0.0
PRIMARY	elastic_net	s__Phocaeicola_plebeius	9	9	0.0	0.0	0.0	0.0	0.0
PRIMARY	elastic_net	s__Propionibacterium_acidifaciens	7	7	0.0	0.0	0.0	0.0	0.0
PRIMARY	elastic_net	s__Raoultibacter_massiliensis	5	5	0.0	0.0	0.0	0.0	0.0
PRIMARY	elastic_net	s__Roseburia_inulinivorans	9	9	0.0	0.0	0.0	0.0	0.0
PRIMARY	elastic_net	s__Roseburia_sp_BX1005	9	9	0.0	0.0	0.0	0.0	0.0
PRIMARY	elastic_net	s__Rothia_mucilaginosa	9	9	0.0	0.0	0.0	0.0	0.0
PRIMARY	elastic_net	s__Ruminococcus_bicirculans	9	9	0.0	0.0	0.0	0.0	0.0
PRIMARY	elastic_net	s__Ruminococcus_callidus	9	9	0.0	0.0	0.0	0.0	0.0
PRIMARY	elastic_net	s__Ruminococcus_sp_AF41_9	8	8	0.0	0.0	0.0	0.0	0.0
PRIMARY	elastic_net	s__Ruminococcus_sp_AF46_10NS	1	1	0.0	0.0	0.0	0.0	0.0
PRIMARY	elastic_net	s__Ruminococcus_torques	9	9	0.0	0.0	0.0	0.0	0.0
PRIMARY	elastic_net	s__Sanguibacter_SGB15121	9	9	0.0	0.0	0.0	0.0	0.0
PRIMARY	elastic_net	s__Scardovia_wiggsiae	8	8	0.0	0.0	0.0	0.0	0.0
PRIMARY	elastic_net	s__Sellimonas_intestinalis	9	9	0.0	0.0	0.0	0.0	0.0
PRIMARY	elastic_net	s__Senegalimassilia_anaerobia	9	9	0.0	0.0	0.0	0.0	0.0
PRIMARY	elastic_net	s__Solibaculum_mannosilyticum	9	9	0.0	0.0	0.0	0.0	0.0
PRIMARY	elastic_net	s__Streptococcus_anginosus	9	9	0.0	0.0	0.0	0.0	0.0
PRIMARY	elastic_net	s__Streptococcus_infantis	9	9	0.0	0.0	0.0	0.0	0.0
PRIMARY	elastic_net	s__Streptococcus_oralis	8	8	0.0	0.0	0.0	0.0	0.0
PRIMARY	elastic_net	s__Streptococcus_salivarius	9	9	0.0	0.0	0.0	0.0	0.0
PRIMARY	elastic_net	s__Veillonella_dispar	9	9	0.0	0.0	0.0	0.0	0.0
S1_EXCLUDE_BCN12	elastic_net	s__Flavonifractor_sp_An100	1	1	1.0	0.8568744399245981	0.8568744399245981	0.8568744399245981	1.0
S1_EXCLUDE_BCN12	elastic_net	s__Streptococcus_SGB14888	9	9	1.0	-0.40110094700322385	0.40110094700322385	-0.2806453622084819	1.0
S1_EXCLUDE_BCN12	elastic_net	s__Veillonella_parvula	9	9	1.0	-0.37853205749518104	0.37853205749518104	-0.22911108094157637	1.0
S1_EXCLUDE_BCN12	elastic_net	s__Faecalicatena_contorta	9	9	0.8888888888888888	0.3381732582959681	0.3381732582959681	0.18432042843755356	0.8888888888888888
S1_EXCLUDE_BCN12	elastic_net	s__Lachnoclostridium_sp_An131	9	9	0.8888888888888888	-0.31958274276339804	0.31958274276339804	-0.15100744565865284	0.8888888888888888
S1_EXCLUDE_BCN12	elastic_net	s__GGB79998_SGB48024	1	1	1.0	0.3124867423177003	0.3124867423177003	0.3124867423177003	1.0
S1_EXCLUDE_BCN12	elastic_net	s__Blautia_massiliensis	9	9	0.6666666666666666	0.287674597701568	0.287674597701568	0.048111977516684175	0.6666666666666666
S1_EXCLUDE_BCN12	elastic_net	s__GGB9694_SGB15204	9	9	0.5555555555555556	0.28244955737841904	0.28244955737841904	0.08093310012932685	0.5555555555555556
S1_EXCLUDE_BCN12	elastic_net	s__Anaerotruncus_colihominis	9	9	0.6666666666666666	-0.2613401812768325	0.2613401812768325	-0.19678614464130373	0.6666666666666666
S1_EXCLUDE_BCN12	elastic_net	s__GGB3818_SGB5183	1	1	1.0	-0.22175864626446318	0.22175864626446318	-0.22175864626446318	1.0
S1_EXCLUDE_BCN12	elastic_net	s__GGB9237_SGB14179	9	9	0.8888888888888888	-0.20465943788416324	0.20465943788416324	-0.08153156178862202	0.8888888888888888
S1_EXCLUDE_BCN12	elastic_net	s__GGB3444_SGB4594	9	9	1.0	-0.2041817234159574	0.2041817234159574	-0.06989605355863295	1.0
S1_EXCLUDE_BCN12	elastic_net	s__GGB9616_SGB15051	9	9	1.0	-0.20391949324554617	0.20391949324554617	-0.09773707115952311	1.0
S1_EXCLUDE_BCN12	elastic_net	s__Blautia_caecimuris	9	9	0.5555555555555556	0.19851911185067028	0.19851911185067028	0.04193949329029589	0.5555555555555556
S1_EXCLUDE_BCN12	elastic_net	s__Faecalibacillus_intestinalis	9	9	0.8888888888888888	0.19156188087427625	0.19156188087427625	0.10398961315691525	0.8888888888888888
S1_EXCLUDE_BCN12	elastic_net	s__Eubacterium_sp_AF16_48	9	9	1.0	-0.19043343405928168	0.19043343405928168	-0.1300850180397956	1.0
S1_EXCLUDE_BCN12	elastic_net	s__GGB9642_SGB15119	9	9	1.0	-0.1867889695771846	0.1867889695771846	-0.16785524375591152	1.0
S1_EXCLUDE_BCN12	elastic_net	s__Alistipes_putredinis	9	9	0.5555555555555556	-0.17484423327045231	0.17484423327045231	-0.024368809597235804	0.5555555555555556
S1_EXCLUDE_BCN12	elastic_net	s__Pseudoflavonifractor_gallinarum	9	9	0.6666666666666666	-0.1564267290892558	0.1564267290892558	-0.03294676349634505	0.6666666666666666
S1_EXCLUDE_BCN12	elastic_net	s__GGB9581_SGB79823	2	2	1.0	-0.15628935041351377	0.15628935041351377	-0.15628935041351377	1.0
S1_EXCLUDE_BCN12	elastic_net	s__GGB3321_SGB4394	9	9	0.7777777777777778	-0.15587044411306478	0.15587044411306478	-0.04455896155309022	0.7777777777777778
S1_EXCLUDE_BCN12	elastic_net	s__Alistipes_sp_AF17_16	9	9	0.4444444444444444	0.15491421681266715	0.15491421681266715	0.0	0.4444444444444444
S1_EXCLUDE_BCN12	elastic_net	s__Bacteroides_uniformis	9	9	0.4444444444444444	-0.15442838310235318	0.15442838310235318	0.0	0.4444444444444444
S1_EXCLUDE_BCN12	elastic_net	s__Roseburia_hominis	9	9	0.7777777777777778	0.15345622905362621	0.15345622905362621	0.04289164284893736	0.7777777777777778
S1_EXCLUDE_BCN12	elastic_net	s__Bifidobacterium_bifidum	9	9	0.5555555555555556	0.1486337774662051	0.1486337774662051	0.0672153357527303	0.5555555555555556
S1_EXCLUDE_BCN12	elastic_net	s__GGB34797_SGB14322	9	9	0.4444444444444444	-0.14863349414284321	0.14863349414284321	0.0	0.4444444444444444
S1_EXCLUDE_BCN12	elastic_net	s__GGB9627_SGB15081	9	9	0.5555555555555556	0.14856551955646047	0.14856551955646047	0.04473379320128322	0.5555555555555556
S1_EXCLUDE_BCN12	elastic_net	s__Parabacteroides_merdae	9	9	1.0	0.14778182976413995	0.14778182976413995	0.12093055992505672	1.0
S1_EXCLUDE_BCN12	elastic_net	s__Parasutterella_excrementihominis	9	9	0.5555555555555556	-0.1387934301169633	0.1387934301169633	-0.007308977283085992	0.5555555555555556
S1_EXCLUDE_BCN12	elastic_net	s__Agathobaculum_butyriciproducens	9	9	0.4444444444444444	0.13707943148059745	0.13707943148059745	0.0	0.4444444444444444
S1_EXCLUDE_BCN12	elastic_net	s__Clostridium_sp_1001270H_150608_G6	9	9	0.7777777777777778	0.13548143071159507	0.13548143071159507	0.1454720847765911	0.7777777777777778
S1_EXCLUDE_BCN12	elastic_net	s__GGB3277_SGB4327	9	9	0.7777777777777778	-0.13538657505534715	0.13538657505534715	-0.14214235099120504	0.7777777777777778
S1_EXCLUDE_BCN12	elastic_net	s__GGB32900_SGB53446	9	9	0.6666666666666666	0.13392341316359962	0.13392341316359962	0.006841996082039007	0.6666666666666666
S1_EXCLUDE_BCN12	elastic_net	s__Lacrimispora_celerecrescens	9	9	0.6666666666666666	0.12639246250322864	0.12639246250322864	0.12298496933429423	0.6666666666666666
S1_EXCLUDE_BCN12	elastic_net	s__Eisenbergiella_massiliensis	9	9	0.5555555555555556	0.12577278395634905	0.12577278395634905	0.0757048108531063	0.5555555555555556
S1_EXCLUDE_BCN12	elastic_net	s__Tyzzerella_nexilis	9	9	0.5555555555555556	0.12400279721115529	0.12400279721115529	0.02920779539168419	0.5555555555555556
S1_EXCLUDE_BCN12	elastic_net	s__Bacteroides_stercoris	9	9	0.5555555555555556	0.12295487801180628	0.12295487801180628	0.005335815078031381	0.5555555555555556
S1_EXCLUDE_BCN12	elastic_net	s__Lactonifactor_sp_BIOML_A6	9	9	0.7777777777777778	-0.1227175511567618	0.1227175511567618	-0.04676262544070098	0.7777777777777778
S1_EXCLUDE_BCN12	elastic_net	s__Anaerosacchariphilus_sp_NSJ_68	8	8	0.75	-0.12225069226601634	0.12225069226601634	-0.09992397315615331	0.75
S1_EXCLUDE_BCN12	elastic_net	s__Vescimonas_SGB15087	9	9	0.4444444444444444	-0.11962865752683419	0.11962865752683419	0.0	0.4444444444444444
S1_EXCLUDE_BCN12	elastic_net	s__Bifidobacterium_catenulatum	8	8	0.875	0.11803300343618325	0.11803300343618325	0.06157285358904098	0.875
S1_EXCLUDE_BCN12	elastic_net	s__GGB58158_SGB79798	9	9	0.4444444444444444	0.11801472325277751	0.11801472325277751	0.0	0.4444444444444444
S1_EXCLUDE_BCN12	elastic_net	s__Streptococcus_SGB14137	1	1	1.0	0.11743971656259111	0.11743971656259111	0.11743971656259111	1.0
S1_EXCLUDE_BCN12	elastic_net	s__GGB9619_SGB15066	9	9	0.4444444444444444	-0.11714826499856522	0.11714826499856522	0.0	0.4444444444444444
S1_EXCLUDE_BCN12	elastic_net	s__Roseburia_faecis	9	9	0.8888888888888888	0.11525906667016744	0.11525906667016744	0.01973391805151229	0.8888888888888888
S1_EXCLUDE_BCN12	elastic_net	s__Paraprevotella_clara	9	9	0.5555555555555556	-0.11418692786711235	0.11418692786711235	-0.06887573562506602	0.5555555555555556
S1_EXCLUDE_BCN12	elastic_net	s__Alistipes_onderdonkii	9	9	0.6666666666666666	-0.1140391137145442	0.1140391137145442	-0.004628299538127768	0.6666666666666666
S1_EXCLUDE_BCN12	elastic_net	s__Blautia_faecicola	3	3	0.3333333333333333	0.11209180416355742	0.11209180416355742	0.0	0.3333333333333333
S1_EXCLUDE_BCN12	elastic_net	s__Anaerostipes_hadrus	9	9	0.4444444444444444	-0.11192668920925487	0.11192668920925487	0.0	0.4444444444444444
S1_EXCLUDE_BCN12	elastic_net	s__Vescimonas_coprocola	9	9	0.8888888888888888	-0.10986864322985929	0.10986864322985929	-0.09427799965419983	0.8888888888888888
S1_EXCLUDE_BCN12	elastic_net	s__Massilimicrobiota_timonensis	9	9	0.6666666666666666	-0.10923570799572678	0.10923570799572678	-0.08624057247444666	0.6666666666666666
S1_EXCLUDE_BCN12	elastic_net	s__GGB74463_SGB54347	9	9	0.4444444444444444	-0.10739702909383858	0.10739702909383858	0.0	0.4444444444444444
S1_EXCLUDE_BCN12	elastic_net	s__Sutterella_wadsworthensis	9	9	0.7777777777777778	-0.10653310783569192	0.10653310783569192	-0.09214644554621305	0.7777777777777778
S1_EXCLUDE_BCN12	elastic_net	s__GGB45491_SGB63163	9	9	0.5555555555555556	-0.10505769055769382	0.10505769055769382	-0.0217039523539986	0.5555555555555556
S1_EXCLUDE_BCN12	elastic_net	s__GGB9760_SGB15373	9	9	0.4444444444444444	-0.10440296412919484	0.10440296412919484	0.0	0.4444444444444444
S1_EXCLUDE_BCN12	elastic_net	s__Methylobacterium_SGB15164	9	9	0.4444444444444444	0.1004780536409579	0.1004780536409579	0.0	0.4444444444444444
S1_EXCLUDE_BCN12	elastic_net	s__Neglectibacter_timonensis	9	9	0.4444444444444444	-0.10036667652488195	0.10036667652488195	0.0	0.4444444444444444
S1_EXCLUDE_BCN12	elastic_net	s__Phascolarctobacterium_faecium	9	9	0.5555555555555556	0.09815831642779696	0.09815831642779696	0.010578933185778912	0.5555555555555556
S1_EXCLUDE_BCN12	elastic_net	s__GGB3175_SGB4191	9	9	0.5555555555555556	-0.09494427015548688	0.09494427015548688	-0.0013536829545718848	0.5555555555555556
S1_EXCLUDE_BCN12	elastic_net	s__GGB14025_SGB14906	9	9	0.5555555555555556	0.09478966425118857	0.09478966425118857	0.06880819328553842	0.5555555555555556
S1_EXCLUDE_BCN12	elastic_net	s__Anaerotruncus_rubiinfantis	9	9	0.4444444444444444	-0.09427757377963271	0.09427757377963271	0.0	0.4444444444444444
S1_EXCLUDE_BCN12	elastic_net	s__Streptococcus_vestibularis	9	9	0.4444444444444444	-0.09363905710293348	0.09363905710293348	0.0	0.4444444444444444
S1_EXCLUDE_BCN12	elastic_net	s__GGB52130_SGB14966	9	9	0.5555555555555556	0.09198764323531304	0.09198764323531304	0.002909475728765333	0.5555555555555556
S1_EXCLUDE_BCN12	elastic_net	s__Faecalibacillus_faecis	9	9	0.4444444444444444	0.09084505972945171	0.09084505972945171	0.0	0.4444444444444444
S1_EXCLUDE_BCN12	elastic_net	s__Roseburia_intestinalis	9	9	0.4444444444444444	-0.09042969768583396	0.09042969768583396	0.0	0.4444444444444444
S1_EXCLUDE_BCN12	elastic_net	s__Lactococcus_lactis	9	9	0.4444444444444444	0.0897577202380608	0.0897577202380608	0.0	0.4444444444444444
S1_EXCLUDE_BCN12	elastic_net	s__Faecalibacterium_prausnitzii	9	9	0.4444444444444444	0.0873381779221627	0.0873381779221627	0.0	0.4444444444444444
S1_EXCLUDE_BCN12	elastic_net	s__Bacteroides_finegoldii	9	9	0.4444444444444444	0.08679513331556268	0.08679513331556268	0.0	0.4444444444444444
S1_EXCLUDE_BCN12	elastic_net	s__Clostridium_scindens	9	9	0.3333333333333333	0.08415539977830319	0.08415539977830319	0.0	0.3333333333333333
S1_EXCLUDE_BCN12	elastic_net	s__Collinsella_SGB14987	9	9	0.4444444444444444	0.08266021396354824	0.08266021396354824	0.0	0.4444444444444444
S1_EXCLUDE_BCN12	elastic_net	s__Butyricimonas_faecihominis	9	9	0.4444444444444444	0.08244792825661598	0.08244792825661598	0.0	0.4444444444444444
S1_EXCLUDE_BCN12	elastic_net	s__Longibaculum_muris	7	7	0.5714285714285714	0.08175685942998974	0.08175685942998974	0.01250614188526892	0.5714285714285714
S1_EXCLUDE_BCN12	elastic_net	s__GGB9345_SGB14311	9	9	0.4444444444444444	0.08103693390635601	0.08103693390635601	0.0	0.4444444444444444
S1_EXCLUDE_BCN12	elastic_net	s__GGB3612_SGB4882	9	9	0.5555555555555556	-0.08024128282319358	0.08024128282319358	-0.03261079509133328	0.5555555555555556
S1_EXCLUDE_BCN12	elastic_net	s__Blautia_sp_Marseille_P3087	9	9	0.4444444444444444	0.07946640184571935	0.07946640184571935	0.0	0.4444444444444444
S1_EXCLUDE_BCN12	elastic_net	s__GGB3614_SGB4886	9	9	0.4444444444444444	0.07871352044841096	0.07871352044841096	0.0	0.4444444444444444
S1_EXCLUDE_BCN12	elastic_net	s__Rheinheimera_SGB14999	9	9	0.2222222222222222	-0.0777160702977797	0.0777160702977797	0.0	0.2222222222222222
S1_EXCLUDE_BCN12	elastic_net	s__Bacteroides_SGB15210	1	1	1.0	-0.07697901740515622	0.07697901740515622	-0.07697901740515622	1.0
S1_EXCLUDE_BCN12	elastic_net	s__GGB9495_SGB14892	9	9	0.4444444444444444	-0.07529189423192562	0.07529189423192562	0.0	0.4444444444444444
S1_EXCLUDE_BCN12	elastic_net	s__GGB80011_SGB15265	9	9	0.3333333333333333	0.07459329437679006	0.07459329437679006	0.0	0.3333333333333333
S1_EXCLUDE_BCN12	elastic_net	s__Coprobacillus_cateniformis	9	9	0.4444444444444444	-0.07300793838995429	0.07300793838995429	0.0	0.4444444444444444
S1_EXCLUDE_BCN12	elastic_net	s__Faecalibacterium_SGB15346	9	9	0.5555555555555556	0.0725854362825289	0.0725854362825289	0.01444273708844556	0.5555555555555556
S1_EXCLUDE_BCN12	elastic_net	s__Clostridium_SGB6179	9	9	0.6666666666666666	0.07234246479009225	0.07234246479009225	0.03663597295217705	0.6666666666666666
S1_EXCLUDE_BCN12	elastic_net	s__Intestinibacter_bartlettii	9	9	0.4444444444444444	0.06981753075172838	0.06981753075172838	0.0	0.4444444444444444
S1_EXCLUDE_BCN12	elastic_net	s__Harryflintia_acetispora	9	9	0.3333333333333333	0.0677362318872679	0.0677362318872679	0.0	0.3333333333333333
S1_EXCLUDE_BCN12	elastic_net	s__Actinomyces_SGB17157	8	8	0.375	-0.06714032356259736	0.06714032356259736	0.0	0.375
S1_EXCLUDE_BCN12	elastic_net	s__Streptococcus_thermophilus	9	9	0.4444444444444444	0.06659619415385683	0.06659619415385683	0.0	0.4444444444444444
S1_EXCLUDE_BCN12	elastic_net	s__Senegalimassilia_SGB14826	1	1	1.0	-0.06594873132068536	0.06594873132068536	-0.06594873132068536	1.0
S1_EXCLUDE_BCN12	elastic_net	s__Parabacteroides_johnsonii	6	6	0.5	-0.06461965407899235	0.06461965407899235	-0.016141317764510412	0.5
S1_EXCLUDE_BCN12	elastic_net	s__Bacteroides_xylanisolvens	9	9	0.4444444444444444	0.0646182135823736	0.0646182135823736	0.0	0.4444444444444444
S1_EXCLUDE_BCN12	elastic_net	s__Longicatena_caecimuris	9	9	0.5555555555555556	0.06348786738617655	0.06348786738617655	0.0061440602504823656	0.5555555555555556
S1_EXCLUDE_BCN12	elastic_net	s__GGB9611_SGB15045	7	7	0.2857142857142857	-0.06327894343118828	0.06327894343118828	0.0	0.2857142857142857
S1_EXCLUDE_BCN12	elastic_net	s__Anaeromassilibacillus_sp_An250	9	9	0.3333333333333333	0.0612950316960044	0.0612950316960044	0.0	0.3333333333333333
S1_EXCLUDE_BCN12	elastic_net	s__Dorea_formicigenerans	9	9	0.4444444444444444	0.06085408187653046	0.06085408187653046	0.0	0.4444444444444444
S1_EXCLUDE_BCN12	elastic_net	s__Ruthenibacterium_lactatiformans	9	9	0.4444444444444444	0.06064717283373587	0.06064717283373587	0.0	0.4444444444444444
S1_EXCLUDE_BCN12	elastic_net	s__Waltera_intestinalis	9	9	0.3333333333333333	0.059867788883828696	0.059867788883828696	0.0	0.3333333333333333
S1_EXCLUDE_BCN12	elastic_net	s__GGB9480_SGB14874	9	9	0.3333333333333333	-0.0589428745143641	0.0589428745143641	0.0	0.3333333333333333
S1_EXCLUDE_BCN12	elastic_net	s__Streptococcus_mutans	9	9	0.4444444444444444	-0.05843756606905526	0.05843756606905526	0.0	0.4444444444444444
S1_EXCLUDE_BCN12	elastic_net	s__Anaerotruncus_massiliensis	9	9	0.2222222222222222	0.05843176570328205	0.05843176570328205	0.0	0.2222222222222222
S1_EXCLUDE_BCN12	elastic_net	s__GGB2998_SGB3989	9	9	0.4444444444444444	0.057508040026399566	0.057508040026399566	0.0	0.4444444444444444
S1_EXCLUDE_BCN12	elastic_net	s__GGB79916_SGB4587	6	6	0.16666666666666666	-0.057304417510151175	0.057304417510151175	0.0	0.16666666666666666
S1_EXCLUDE_BCN12	elastic_net	s__GGB9770_SGB15390	9	9	0.3333333333333333	-0.056975902441205525	0.056975902441205525	0.0	0.3333333333333333
S1_EXCLUDE_BCN12	elastic_net	s__GGB13493_SGB15238	9	9	0.3333333333333333	0.05670406930558955	0.05670406930558955	0.0	0.3333333333333333
S1_EXCLUDE_BCN12	elastic_net	s__GGB9707_SGB15229	9	9	0.5555555555555556	-0.05644490962558121	0.05644490962558121	-0.004825074950916748	0.5555555555555556
S1_EXCLUDE_BCN12	elastic_net	s__GGB3256_SGB4303	9	9	0.4444444444444444	-0.05622970919065621	0.05622970919065621	0.0	0.4444444444444444
S1_EXCLUDE_BCN12	elastic_net	s__Actinomyces_sp_ICM47	9	9	0.5555555555555556	0.05544827009129481	0.05544827009129481	0.0012809651353685913	0.5555555555555556
S1_EXCLUDE_BCN12	elastic_net	s__Clostridium_sp_AM49_4BH	9	9	0.4444444444444444	-0.05486356616067035	0.05486356616067035	0.0	0.4444444444444444
S1_EXCLUDE_BCN12	elastic_net	s__Lachnotalea_sp_AF33_28	9	9	0.3333333333333333	-0.05474777965922595	0.05474777965922595	0.0	0.3333333333333333
S1_EXCLUDE_BCN12	elastic_net	s__Adlercreutzia_equolifaciens	9	9	0.2222222222222222	-0.0546466379824115	0.0546466379824115	0.0	0.2222222222222222
S1_EXCLUDE_BCN12	elastic_net	s__GGB9522_SGB14921	9	9	0.3333333333333333	-0.054294881465122215	0.054294881465122215	0.0	0.3333333333333333
S1_EXCLUDE_BCN12	elastic_net	s__Actinomyces_oris	9	9	0.4444444444444444	-0.05354636111685891	0.05354636111685891	0.0	0.4444444444444444
S1_EXCLUDE_BCN12	elastic_net	s__Eubacterium_sp_AF34_35BH	9	9	0.3333333333333333	0.04831766277130603	0.05339210401238418	0.0	0.2222222222222222
S1_EXCLUDE_BCN12	elastic_net	s__GGB33512_SGB15203	9	9	0.3333333333333333	-0.05309643964522002	0.05309643964522002	0.0	0.3333333333333333
S1_EXCLUDE_BCN12	elastic_net	s__GGB9453_SGB14844	9	9	0.3333333333333333	0.0529080619224539	0.0529080619224539	0.0	0.3333333333333333
S1_EXCLUDE_BCN12	elastic_net	s__Butyricicoccus_sp_AM29_23AC	9	9	0.4444444444444444	0.05270806680297793	0.05270806680297793	0.0	0.4444444444444444
S1_EXCLUDE_BCN12	elastic_net	s__Christensenella_sp_Marseille_P3954	7	7	0.14285714285714285	0.05258362078367508	0.05258362078367508	0.0	0.14285714285714285
S1_EXCLUDE_BCN12	elastic_net	s__Bacteroides_eggerthii	9	9	0.3333333333333333	0.05166175434771223	0.05166175434771223	0.0	0.3333333333333333
S1_EXCLUDE_BCN12	elastic_net	s__Phocaeicola_vulgatus	9	9	0.3333333333333333	0.05128727907857513	0.05128727907857513	0.0	0.3333333333333333
S1_EXCLUDE_BCN12	elastic_net	s__Blautia_luti	9	9	0.2222222222222222	-0.05121402894230961	0.05121402894230961	0.0	0.2222222222222222
S1_EXCLUDE_BCN12	elastic_net	s__Lacticaseibacillus_paracasei	9	9	0.2222222222222222	-0.05110063370638713	0.05110063370638713	0.0	0.2222222222222222
S1_EXCLUDE_BCN12	elastic_net	s__Granulicatella_SGB8255	9	9	0.2222222222222222	-0.010895856290684576	0.050708300393219184	0.0	0.1111111111111111
S1_EXCLUDE_BCN12	elastic_net	s__Massiliimalia_timonensis	9	9	0.3333333333333333	-0.05044714317575754	0.05044714317575754	0.0	0.3333333333333333
S1_EXCLUDE_BCN12	elastic_net	s__GGB3534_SGB4722	9	9	0.1111111111111111	-0.04945649101310995	0.04945649101310995	0.0	0.1111111111111111
S1_EXCLUDE_BCN12	elastic_net	s__GGB34900_SGB14891	9	9	0.2222222222222222	0.04861820808792305	0.04861820808792305	0.0	0.2222222222222222
S1_EXCLUDE_BCN12	elastic_net	s__GGB9708_SGB15234	9	9	0.2222222222222222	0.04792520715682872	0.04792520715682872	0.0	0.2222222222222222
S1_EXCLUDE_BCN12	elastic_net	s__Slackia_isoflavoniconvertens	9	9	0.2222222222222222	-0.04740040342788856	0.04740040342788856	0.0	0.2222222222222222
S1_EXCLUDE_BCN12	elastic_net	s__GGB3278_SGB4328	8	8	0.375	-0.04728370595379194	0.04728370595379194	0.0	0.375
S1_EXCLUDE_BCN12	elastic_net	s__Enterocloster_aldenensis	9	9	0.3333333333333333	0.04717664159125334	0.04717664159125334	0.0	0.3333333333333333
S1_EXCLUDE_BCN12	elastic_net	s__GGB9724_SGB15278	9	9	0.5555555555555556	-0.04635704830905583	0.04635704830905583	-0.01232245261008918	0.5555555555555556
S1_EXCLUDE_BCN12	elastic_net	s__GGB9063_SGB13982	9	9	0.4444444444444444	-0.04591726244989528	0.04591726244989528	0.0	0.4444444444444444
S1_EXCLUDE_BCN12	elastic_net	s__GGB3061_SGB4063	9	9	0.2222222222222222	0.04576805227125656	0.04576805227125656	0.0	0.2222222222222222
S1_EXCLUDE_BCN12	elastic_net	s__Anaerotignum_lactatifermentans	5	5	0.6	-0.04448225118740329	0.04448225118740329	-0.014216079015946102	0.6
S1_EXCLUDE_BCN12	elastic_net	s__Ruminococcus_lactaris	9	9	0.5555555555555556	-0.04423045162541176	0.04423045162541176	-0.010998749695281857	0.5555555555555556
S1_EXCLUDE_BCN12	elastic_net	s__Clostridium_SGB4648	9	9	0.3333333333333333	0.0434020598454901	0.0434020598454901	0.0	0.3333333333333333
S1_EXCLUDE_BCN12	elastic_net	s__GGB9559_SGB14969	9	9	0.1111111111111111	0.043264990095610883	0.043264990095610883	0.0	0.1111111111111111
S1_EXCLUDE_BCN12	elastic_net	s__GGB9290_SGB14247	1	1	1.0	0.04322031368526991	0.04322031368526991	0.04322031368526991	1.0
S1_EXCLUDE_BCN12	elastic_net	s__Streptococcus_australis	9	9	0.1111111111111111	0.04224639890386814	0.04224639890386814	0.0	0.1111111111111111
S1_EXCLUDE_BCN12	elastic_net	s__Monoglobus_pectinilyticus	9	9	0.1111111111111111	-0.042113175677353835	0.042113175677353835	0.0	0.1111111111111111
S1_EXCLUDE_BCN12	elastic_net	s__Clostridium_sp_AM22_11AC	9	9	0.2222222222222222	0.04209945567983186	0.04209945567983186	0.0	0.2222222222222222
S1_EXCLUDE_BCN12	elastic_net	s__GGB35068_SGB47850	9	9	0.4444444444444444	0.04174477390531205	0.04174477390531205	0.0	0.4444444444444444
S1_EXCLUDE_BCN12	elastic_net	s__Victivallis_lenta	5	5	0.2	-0.0413563063175236	0.0413563063175236	0.0	0.2
S1_EXCLUDE_BCN12	elastic_net	s__Alistipes_SGB2313	5	5	0.4	-0.04134014732508503	0.04134014732508503	0.0	0.4
S1_EXCLUDE_BCN12	elastic_net	s__GGB9062_SGB13981	9	9	0.3333333333333333	-0.04047199023558692	0.04047199023558692	0.0	0.3333333333333333
S1_EXCLUDE_BCN12	elastic_net	s__Ligilactobacillus_ruminis	1	1	1.0	0.04040571750931835	0.04040571750931835	0.04040571750931835	1.0
S1_EXCLUDE_BCN12	elastic_net	s__Lactobacillus_gasseri	9	9	0.3333333333333333	0.040395743586562935	0.040395743586562935	0.0	0.3333333333333333
S1_EXCLUDE_BCN12	elastic_net	s__GGB16040_SGB9347	9	9	0.4444444444444444	0.040182926691041926	0.040182926691041926	0.0	0.4444444444444444
S1_EXCLUDE_BCN12	elastic_net	s__GGB3730_SGB5060	9	9	0.3333333333333333	0.03903478547755351	0.03903478547755351	0.0	0.3333333333333333
S1_EXCLUDE_BCN12	elastic_net	s__Dialister_invisus	9	9	0.3333333333333333	0.038842956741966084	0.038842956741966084	0.0	0.3333333333333333
S1_EXCLUDE_BCN12	elastic_net	s__GGB80140_SGB15224	9	9	0.2222222222222222	0.03842224180110211	0.03842224180110211	0.0	0.2222222222222222
S1_EXCLUDE_BCN12	elastic_net	s__GGB45432_SGB63101	9	9	0.5555555555555556	-0.0377981322158938	0.0377981322158938	-0.037588953351863685	0.5555555555555556
S1_EXCLUDE_BCN12	elastic_net	s__GGB9453_SGB14845	9	9	0.2222222222222222	0.03497288312754451	0.03748099761320642	0.0	0.1111111111111111
S1_EXCLUDE_BCN12	elastic_net	s__Collinsella_aerofaciens	9	9	0.3333333333333333	-0.03734419412594028	0.03734419412594028	0.0	0.3333333333333333
S1_EXCLUDE_BCN12	elastic_net	s__Enterocloster_lavalensis	9	9	0.2222222222222222	0.03718999315259216	0.03718999315259216	0.0	0.2222222222222222
S1_EXCLUDE_BCN12	elastic_net	s__Actinomyces_sp_HMSC035G02	8	8	0.375	-0.03668597275857267	0.03668597275857267	0.0	0.375
S1_EXCLUDE_BCN12	elastic_net	s__Bittarella_massiliensis	9	9	0.5555555555555556	-0.03668594682880689	0.03668594682880689	-0.037572334129596874	0.5555555555555556
S1_EXCLUDE_BCN12	elastic_net	s__GGB9210_SGB14149	8	8	0.125	-0.03631125583290306	0.03631125583290306	0.0	0.125
S1_EXCLUDE_BCN12	elastic_net	s__Streptococcus_parasanguinis	9	9	0.4444444444444444	-0.035860065599638086	0.035860065599638086	0.0	0.4444444444444444
S1_EXCLUDE_BCN12	elastic_net	s__GGB45497_SGB63169	9	9	0.2222222222222222	-0.035562753751580335	0.035562753751580335	0.0	0.2222222222222222
S1_EXCLUDE_BCN12	elastic_net	s__Dielma_fastidiosa	9	9	0.4444444444444444	-0.03510508484358476	0.03510508484358476	0.0	0.4444444444444444
S1_EXCLUDE_BCN12	elastic_net	s__GGB38744_SGB14842	9	9	0.3333333333333333	-0.03400526776168259	0.03400526776168259	0.0	0.3333333333333333
S1_EXCLUDE_BCN12	elastic_net	s__Actinobaculum_sp_oral_taxon_183	8	8	0.125	-0.03365501047228922	0.03365501047228922	0.0	0.125
S1_EXCLUDE_BCN12	elastic_net	s__GGB33928_SGB15225	9	9	0.2222222222222222	-0.033175818235535594	0.033175818235535594	0.0	0.2222222222222222
S1_EXCLUDE_BCN12	elastic_net	s__Lacrimispora_amygdalina	9	9	0.1111111111111111	0.03259878791876899	0.03259878791876899	0.0	0.1111111111111111
S1_EXCLUDE_BCN12	elastic_net	s__Dorea_sp_AF24_7LB	9	9	0.1111111111111111	-0.032553591706887985	0.032553591706887985	0.0	0.1111111111111111
S1_EXCLUDE_BCN12	elastic_net	s__Neobittarella_massiliensis	9	9	0.2222222222222222	-0.03229524018918412	0.03229524018918412	0.0	0.2222222222222222
S1_EXCLUDE_BCN12	elastic_net	s__Lancefieldella_parvula	9	9	0.2222222222222222	-0.032244826843611483	0.032244826843611483	0.0	0.2222222222222222
S1_EXCLUDE_BCN12	elastic_net	s__Alloscardovia_omnicolens	9	9	0.3333333333333333	-0.015840467986645027	0.03197221427973452	0.0	0.2222222222222222
S1_EXCLUDE_BCN12	elastic_net	s__GGB79734_SGB15291	9	9	0.1111111111111111	-0.03176868939203623	0.03176868939203623	0.0	0.1111111111111111
S1_EXCLUDE_BCN12	elastic_net	s__Veillonella_atypica	9	9	0.6666666666666666	-0.03150001188477734	0.03150001188477734	-0.016357896908435417	0.6666666666666666
S1_EXCLUDE_BCN12	elastic_net	s__GGB3537_SGB4727	9	9	0.1111111111111111	0.03138121730095822	0.03138121730095822	0.0	0.1111111111111111
S1_EXCLUDE_BCN12	elastic_net	s__Romboutsia_timonensis	9	9	0.1111111111111111	-0.031362937831816845	0.031362937831816845	0.0	0.1111111111111111
S1_EXCLUDE_BCN12	elastic_net	s__Methanobrevibacter_smithii	9	9	0.1111111111111111	-0.03066589215929801	0.03066589215929801	0.0	0.1111111111111111
S1_EXCLUDE_BCN12	elastic_net	s__GGB33469_SGB15237	9	9	0.2222222222222222	-0.03055057252745493	0.03055057252745493	0.0	0.2222222222222222
S1_EXCLUDE_BCN12	elastic_net	s__GGB9747_SGB15356	9	9	0.2222222222222222	-0.029986365781400497	0.029986365781400497	0.0	0.2222222222222222
S1_EXCLUDE_BCN12	elastic_net	s__GGB3142_SGB4155	1	1	1.0	-0.029867143886734008	0.029867143886734008	-0.029867143886734008	1.0
S1_EXCLUDE_BCN12	elastic_net	s__Lachnoclostridium_edouardi	6	6	0.3333333333333333	-0.029290574276538316	0.029290574276538316	0.0	0.3333333333333333
S1_EXCLUDE_BCN12	elastic_net	s__Candidatus_Borkfalkia_ceftriaxoniphila	9	9	0.2222222222222222	0.028879466396421576	0.028879466396421576	0.0	0.2222222222222222
S1_EXCLUDE_BCN12	elastic_net	s__Enterocloster_bolteae	9	9	0.1111111111111111	-0.028570622776821892	0.028570622776821892	0.0	0.1111111111111111
S1_EXCLUDE_BCN12	elastic_net	s__Clostridium_sp_1001270J_160509_D11	9	9	0.2222222222222222	0.022648519751196108	0.0285193538835437	0.0	0.1111111111111111
S1_EXCLUDE_BCN12	elastic_net	s__Clostridium_sp_AF34_10BH	9	9	0.3333333333333333	0.02837255185166336	0.02837255185166336	0.0	0.3333333333333333
S1_EXCLUDE_BCN12	elastic_net	s__GGB3819_SGB5184	9	9	0.2222222222222222	-0.0283032110578957	0.0283032110578957	0.0	0.2222222222222222
S1_EXCLUDE_BCN12	elastic_net	s__Dorea_longicatena	9	9	0.1111111111111111	-0.02830261235423437	0.02830261235423437	0.0	0.1111111111111111
S1_EXCLUDE_BCN12	elastic_net	s__Oscillibacter_sp_NSJ_62	8	8	0.25	-0.02823110335653436	0.02823110335653436	0.0	0.25
S1_EXCLUDE_BCN12	elastic_net	s__Oscillibacter_sp_PC13	8	8	0.375	0.027968859647278993	0.027968859647278993	0.0	0.375
S1_EXCLUDE_BCN12	elastic_net	s__Anaerofilum_sp_BX8	9	9	0.4444444444444444	0.027712865536650252	0.027712865536650252	0.0	0.4444444444444444
S1_EXCLUDE_BCN12	elastic_net	s__Ruminococcus_bromii	9	9	0.1111111111111111	0.02740776654660694	0.02740776654660694	0.0	0.1111111111111111
S1_EXCLUDE_BCN12	elastic_net	s__GGB9781_SGB66170	9	9	0.1111111111111111	0.026852650565527415	0.026852650565527415	0.0	0.1111111111111111
S1_EXCLUDE_BCN12	elastic_net	s__Veillonella_rogosae	4	4	0.25	-0.02667292349842539	0.02667292349842539	0.0	0.25
S1_EXCLUDE_BCN12	elastic_net	s__Turicibacter_bilis	9	9	0.4444444444444444	0.026485466370734467	0.026485466370734467	0.0	0.4444444444444444
S1_EXCLUDE_BCN12	elastic_net	s__Massilimicrobiota_sp_An134	9	9	0.2222222222222222	0.006140779454419295	0.02621562642728773	0.0	0.1111111111111111
S1_EXCLUDE_BCN12	elastic_net	s__Eubacterium_callanderi	6	6	0.16666666666666666	0.025834060577482	0.025834060577482	0.0	0.16666666666666666
S1_EXCLUDE_BCN12	elastic_net	s__Actinomyces_graevenitzii	9	9	0.4444444444444444	-0.025784808960322467	0.025784808960322467	0.0	0.4444444444444444
S1_EXCLUDE_BCN12	elastic_net	s__GGB9621_SGB15073	9	9	0.3333333333333333	-0.014718277975214716	0.02545817225565152	0.0	0.2222222222222222
S1_EXCLUDE_BCN12	elastic_net	s__Phocea_massiliensis	9	9	0.4444444444444444	0.025399323294467917	0.025399323294467917	0.0	0.4444444444444444
S1_EXCLUDE_BCN12	elastic_net	s__Butyricimonas_paravirosa	9	9	0.2222222222222222	0.02536196874767345	0.02536196874767345	0.0	0.2222222222222222
S1_EXCLUDE_BCN12	elastic_net	s__GGB10692_SGB17347	7	7	0.42857142857142855	0.025128260596059764	0.025128260596059764	0.0	0.42857142857142855
S1_EXCLUDE_BCN12	elastic_net	s__Pseudoflavonifractor_capillosus	9	9	0.2222222222222222	0.024854878712643518	0.024854878712643518	0.0	0.2222222222222222
S1_EXCLUDE_BCN12	elastic_net	s__Clostridium_perfringens	8	8	0.25	0.0009907882522048866	0.024805096219518423	0.0	0.125
S1_EXCLUDE_BCN12	elastic_net	s__GGB33469_SGB15236	9	9	0.1111111111111111	-0.02430544476657897	0.02430544476657897	0.0	0.1111111111111111
S1_EXCLUDE_BCN12	elastic_net	s__Phocaeicola_massiliensis	9	9	0.3333333333333333	-0.02394019171271105	0.02394019171271105	0.0	0.3333333333333333
S1_EXCLUDE_BCN12	elastic_net	s__GGB51441_SGB71759	9	9	0.3333333333333333	0.023254003213942876	0.023254003213942876	0.0	0.3333333333333333
S1_EXCLUDE_BCN12	elastic_net	s__GGB3570_SGB4777	9	9	0.2222222222222222	0.02324524196193494	0.02324524196193494	0.0	0.2222222222222222
S1_EXCLUDE_BCN12	elastic_net	s__GGB45495_SGB63167	9	9	0.1111111111111111	-0.022922797021309203	0.022922797021309203	0.0	0.1111111111111111
S1_EXCLUDE_BCN12	elastic_net	s__GGB9361_SGB14336	8	8	0.125	0.022900221912459735	0.022900221912459735	0.0	0.125
S1_EXCLUDE_BCN12	elastic_net	s__GGB9342_SGB14306	9	9	0.1111111111111111	-0.022836774903348206	0.022836774903348206	0.0	0.1111111111111111
S1_EXCLUDE_BCN12	elastic_net	s__Gordonibacter_pamelaeae	9	9	0.1111111111111111	-0.022343091512988824	0.022343091512988824	0.0	0.1111111111111111
S1_EXCLUDE_BCN12	elastic_net	s__GGB6612_SGB9346	9	9	0.2222222222222222	-0.02154554347549441	0.02154554347549441	0.0	0.2222222222222222
S1_EXCLUDE_BCN12	elastic_net	s__GGB9602_SGB15031	9	9	0.3333333333333333	0.02135669927556299	0.02135669927556299	0.0	0.3333333333333333
S1_EXCLUDE_BCN12	elastic_net	s__GGB9176_SGB14114	9	9	0.2222222222222222	0.02125479898699179	0.02125479898699179	0.0	0.2222222222222222
S1_EXCLUDE_BCN12	elastic_net	s__Cloacibacillus_evryensis	8	8	0.125	0.021147856837219595	0.021147856837219595	0.0	0.125
S1_EXCLUDE_BCN12	elastic_net	s__Holdemania_massiliensis	9	9	0.4444444444444444	-0.020736716628471867	0.020736716628471867	0.0	0.4444444444444444
S1_EXCLUDE_BCN12	elastic_net	s__Faecalitalea_cylindroides	9	9	0.1111111111111111	-0.020681028487255268	0.020681028487255268	0.0	0.1111111111111111
S1_EXCLUDE_BCN12	elastic_net	s__GGB3034_SGB4030	9	9	0.3333333333333333	0.02051950094332822	0.02051950094332822	0.0	0.3333333333333333
S1_EXCLUDE_BCN12	elastic_net	s__GGB9788_SGB15411	9	9	0.3333333333333333	0.020510060374050794	0.020510060374050794	0.0	0.3333333333333333
S1_EXCLUDE_BCN12	elastic_net	s__Bifidobacterium_dentium	9	9	0.3333333333333333	-0.02006896247168174	0.02006896247168174	0.0	0.3333333333333333
S1_EXCLUDE_BCN12	elastic_net	s__Mogibacterium_kristiansenii	9	9	0.1111111111111111	0.02004971287488176	0.02004971287488176	0.0	0.1111111111111111
S1_EXCLUDE_BCN12	elastic_net	s__Cuneatibacter_caecimuris	8	8	0.25	0.019943050381136192	0.019943050381136192	0.0	0.25
S1_EXCLUDE_BCN12	elastic_net	s__Bacteroides_salyersiae	9	9	0.4444444444444444	0.019523798476928946	0.019523798476928946	0.0	0.4444444444444444
S1_EXCLUDE_BCN12	elastic_net	s__GGB4599_SGB6362	7	7	0.14285714285714285	-0.01917742134431033	0.01917742134431033	0.0	0.14285714285714285
S1_EXCLUDE_BCN12	elastic_net	s__Collinsella_SGB14861	9	9	0.4444444444444444	0.019137126038090695	0.019137126038090695	0.0	0.4444444444444444
S1_EXCLUDE_BCN12	elastic_net	s__Anaerococcus_SGB53821	9	9	0.4444444444444444	-0.019118913198980497	0.019118913198980497	0.0	0.4444444444444444
S1_EXCLUDE_BCN12	elastic_net	s__GGB47687_SGB2286	9	9	0.1111111111111111	-0.019032451173483025	0.019032451173483025	0.0	0.1111111111111111
S1_EXCLUDE_BCN12	elastic_net	s__Bilophila_wadsworthia	9	9	0.3333333333333333	-0.005919128076527695	0.018793401533607666	0.0	0.2222222222222222
S1_EXCLUDE_BCN12	elastic_net	s__GGB9296_SGB14253	9	9	0.3333333333333333	0.018717232429782897	0.018717232429782897	0.0	0.3333333333333333
S1_EXCLUDE_BCN12	elastic_net	s__GGB9646_SGB15123	9	9	0.2222222222222222	-0.017961857739155106	0.017961857739155106	0.0	0.2222222222222222
S1_EXCLUDE_BCN12	elastic_net	s__GGB1420_SGB1957	6	6	0.16666666666666666	-0.01767043551771589	0.01767043551771589	0.0	0.16666666666666666
S1_EXCLUDE_BCN12	elastic_net	s__Holdemania_sp_1001095H_141210_F2	9	9	0.3333333333333333	0.01726205105648256	0.01726205105648256	0.0	0.3333333333333333
S1_EXCLUDE_BCN12	elastic_net	s__GGB9677_SGB15180	9	9	0.4444444444444444	0.01679819627902961	0.01679819627902961	0.0	0.4444444444444444
S1_EXCLUDE_BCN12	elastic_net	s__GGB9713_SGB15249	9	9	0.1111111111111111	-0.016789474318646594	0.016789474318646594	0.0	0.1111111111111111
S1_EXCLUDE_BCN12	elastic_net	s__Desulfovibrio_SGB5077	9	9	0.2222222222222222	0.016744007778301928	0.016744007778301928	0.0	0.2222222222222222
S1_EXCLUDE_BCN12	elastic_net	s__GGB9766_SGB15383	9	9	0.2222222222222222	0.01663263354208908	0.01663263354208908	0.0	0.2222222222222222
S1_EXCLUDE_BCN12	elastic_net	s__Pseudoflavonifractor_sp_An184	9	9	0.1111111111111111	-0.016345827759207888	0.016345827759207888	0.0	0.1111111111111111
S1_EXCLUDE_BCN12	elastic_net	s__Collinsella_bouchesdurhonensis	9	9	0.1111111111111111	0.01618862490218986	0.01618862490218986	0.0	0.1111111111111111
S1_EXCLUDE_BCN12	elastic_net	s__Pseudoruminococcus_massiliensis	8	8	0.25	-0.016148133287645278	0.016148133287645278	0.0	0.25
S1_EXCLUDE_BCN12	elastic_net	s__GGB9759_SGB15370	9	9	0.2222222222222222	0.0161475937521112	0.0161475937521112	0.0	0.2222222222222222
S1_EXCLUDE_BCN12	elastic_net	s__Actinomyces_SGB17168	9	9	0.2222222222222222	0.015266367207219213	0.015266367207219213	0.0	0.2222222222222222
S1_EXCLUDE_BCN12	elastic_net	s__Roseburia_sp_AM16_25	9	9	0.1111111111111111	0.015007146320390503	0.015007146320390503	0.0	0.1111111111111111
S1_EXCLUDE_BCN12	elastic_net	s__GGB1266_SGB1699	9	9	0.2222222222222222	0.014850036856334502	0.014850036856334502	0.0	0.2222222222222222
S1_EXCLUDE_BCN12	elastic_net	s__Butyricimonas_virosa	9	9	0.1111111111111111	-0.01457170805653554	0.01457170805653554	0.0	0.1111111111111111
S1_EXCLUDE_BCN12	elastic_net	s__GGB9619_SGB15067	9	9	0.1111111111111111	0.014539242201198383	0.014539242201198383	0.0	0.1111111111111111
S1_EXCLUDE_BCN12	elastic_net	s__Ruminococcus_sp_NSJ_13	9	9	0.1111111111111111	-0.014203932273364393	0.014203932273364393	0.0	0.1111111111111111
S1_EXCLUDE_BCN12	elastic_net	s__GGB3167_SGB4181	9	9	0.2222222222222222	-0.01388218101012607	0.01388218101012607	0.0	0.2222222222222222
S1_EXCLUDE_BCN12	elastic_net	s__Lachnospira_eligens	9	9	0.1111111111111111	0.01374820294264026	0.01374820294264026	0.0	0.1111111111111111
S1_EXCLUDE_BCN12	elastic_net	s__Alistipes_senegalensis	9	9	0.2222222222222222	-0.013668081077270642	0.013668081077270642	0.0	0.2222222222222222
S1_EXCLUDE_BCN12	elastic_net	s__GGB9524_SGB14923	1	1	1.0	-0.013550597180724192	0.013550597180724192	-0.013550597180724192	1.0
S1_EXCLUDE_BCN12	elastic_net	s__Bifidobacterium_pseudocatenulatum	9	9	0.2222222222222222	-0.006314183518118182	0.013452420283182519	0.0	0.1111111111111111
S1_EXCLUDE_BCN12	elastic_net	s__GGB3109_SGB4119	9	9	0.1111111111111111	0.013384913676906215	0.013384913676906215	0.0	0.1111111111111111
S1_EXCLUDE_BCN12	elastic_net	s__Clostridium_sp_AT4	9	9	0.2222222222222222	0.013332958319164305	0.013332958319164305	0.0	0.2222222222222222
S1_EXCLUDE_BCN12	elastic_net	s__Staphylococcus_SGB6340	9	9	0.2222222222222222	-0.01283673648476619	0.01283673648476619	0.0	0.2222222222222222
S1_EXCLUDE_BCN12	elastic_net	s__Coprococcus_SGB4669	9	9	0.2222222222222222	-0.012707096254953303	0.012707096254953303	0.0	0.2222222222222222
S1_EXCLUDE_BCN12	elastic_net	s__Limosilactobacillus_fermentum	9	9	0.3333333333333333	0.01248717651665688	0.01248717651665688	0.0	0.3333333333333333
S1_EXCLUDE_BCN12	elastic_net	s__Barnesiella_intestinihominis	9	9	0.1111111111111111	0.012314147112875031	0.012314147112875031	0.0	0.1111111111111111
S1_EXCLUDE_BCN12	elastic_net	s__Clostridium_sp_AM33_3	9	9	0.2222222222222222	-0.012290812621014027	0.012290812621014027	0.0	0.2222222222222222
S1_EXCLUDE_BCN12	elastic_net	s__Fusicatenibacter_saccharivorans	9	9	0.3333333333333333	0.012290223790441694	0.012290223790441694	0.0	0.3333333333333333
S1_EXCLUDE_BCN12	elastic_net	s__Blautia_obeum	9	9	0.2222222222222222	-0.012188266633836793	0.012188266633836793	0.0	0.2222222222222222
S1_EXCLUDE_BCN12	elastic_net	s__GGB9712_SGB15244	9	9	0.1111111111111111	-0.012116070893494252	0.012116070893494252	0.0	0.1111111111111111
S1_EXCLUDE_BCN12	elastic_net	s__Bacteroides_fragilis	9	9	0.3333333333333333	-0.012088469716119047	0.012088469716119047	0.0	0.3333333333333333
S1_EXCLUDE_BCN12	elastic_net	s__GGB2970_SGB3952	9	9	0.1111111111111111	0.01207276872181634	0.01207276872181634	0.0	0.1111111111111111
S1_EXCLUDE_BCN12	elastic_net	s__Merdimonas_faecis	9	9	0.3333333333333333	0.011510402903833789	0.011510402903833789	0.0	0.3333333333333333
S1_EXCLUDE_BCN12	elastic_net	s__GGB9641_SGB15117	9	9	0.1111111111111111	0.011365593237082132	0.011365593237082132	0.0	0.1111111111111111
S1_EXCLUDE_BCN12	elastic_net	s__Clostridium_sp_AF12_28	9	9	0.1111111111111111	-0.011148002124815084	0.011148002124815084	0.0	0.1111111111111111
S1_EXCLUDE_BCN12	elastic_net	s__GGB9782_SGB15403	9	9	0.1111111111111111	-0.011142205191782733	0.011142205191782733	0.0	0.1111111111111111
S1_EXCLUDE_BCN12	elastic_net	s__Actinomyces_sp_ph3	9	9	0.3333333333333333	-0.011022288920758643	0.011022288920758643	0.0	0.3333333333333333
S1_EXCLUDE_BCN12	elastic_net	s__Alistipes_finegoldii	9	9	0.4444444444444444	-0.010950009193663115	0.010950009193663115	0.0	0.4444444444444444
S1_EXCLUDE_BCN12	elastic_net	s__Bifidobacterium_adolescentis	9	9	0.3333333333333333	0.010888685188893877	0.010888685188893877	0.0	0.3333333333333333
S1_EXCLUDE_BCN12	elastic_net	s__GGB9790_SGB15413	9	9	0.2222222222222222	0.010482169994409917	0.010482169994409917	0.0	0.2222222222222222
S1_EXCLUDE_BCN12	elastic_net	s__Phascolarctobacterium_succinatutens	9	9	0.2222222222222222	0.010065479414245342	0.010065479414245342	0.0	0.2222222222222222
S1_EXCLUDE_BCN12	elastic_net	s__Eubacterium_SGB6276	9	9	0.2222222222222222	0.00027903347537412617	0.009998176772807168	0.0	0.1111111111111111
S1_EXCLUDE_BCN12	elastic_net	s__Desulfovibrio_piger	9	9	0.2222222222222222	0.009780537001247555	0.009780537001247555	0.0	0.2222222222222222
S1_EXCLUDE_BCN12	elastic_net	s__Catenibacterium_SGB4425	7	7	0.42857142857142855	0.009663713772424523	0.009663713772424523	0.0	0.42857142857142855
S1_EXCLUDE_BCN12	elastic_net	s__GGB9524_SGB14924	9	9	0.1111111111111111	0.009575115866567221	0.009575115866567221	0.0	0.1111111111111111
S1_EXCLUDE_BCN12	elastic_net	s__Blautia_wexlerae	9	9	0.1111111111111111	0.009479955626460142	0.009479955626460142	0.0	0.1111111111111111
S1_EXCLUDE_BCN12	elastic_net	s__Holdemania_filiformis	9	9	0.1111111111111111	-0.009307704029972406	0.009307704029972406	0.0	0.1111111111111111
S1_EXCLUDE_BCN12	elastic_net	s__GGB42994_SGB4746	9	9	0.1111111111111111	-0.009073421951097956	0.009073421951097956	0.0	0.1111111111111111
S1_EXCLUDE_BCN12	elastic_net	s__Erysipelatoclostridium_ramosum	9	9	0.1111111111111111	-0.009054233132862412	0.009054233132862412	0.0	0.1111111111111111
S1_EXCLUDE_BCN12	elastic_net	s__Hydrogeniiclostidium_mannosilyticum	9	9	0.1111111111111111	0.008882754391397529	0.008882754391397529	0.0	0.1111111111111111
S1_EXCLUDE_BCN12	elastic_net	s__Actinomyces_SGB17132	6	6	0.16666666666666666	-0.008859307116186238	0.008859307116186238	0.0	0.16666666666666666
S1_EXCLUDE_BCN12	elastic_net	s__Dysosmobacter_welbionis	9	9	0.1111111111111111	0.008846236759078818	0.008846236759078818	0.0	0.1111111111111111
S1_EXCLUDE_BCN12	elastic_net	s__Coprococcus_catus	9	9	0.1111111111111111	-0.008607989786334095	0.008607989786334095	0.0	0.1111111111111111
S1_EXCLUDE_BCN12	elastic_net	s__Roseburia_sp_AF02_12	9	9	0.1111111111111111	-0.008471429989906333	0.008471429989906333	0.0	0.1111111111111111
S1_EXCLUDE_BCN12	elastic_net	s__GGB9618_SGB15065	8	8	0.25	-0.008287713441249992	0.008287713441249992	0.0	0.25
S1_EXCLUDE_BCN12	elastic_net	s__GGB2977_SGB3959	9	9	0.1111111111111111	-0.008101719673090754	0.008101719673090754	0.0	0.1111111111111111
S1_EXCLUDE_BCN12	elastic_net	s__Bifidobacterium_longum	9	9	0.1111111111111111	-0.008096833191651357	0.008096833191651357	0.0	0.1111111111111111
S1_EXCLUDE_BCN12	elastic_net	s__Clostridium_sp_AF34_13	9	9	0.1111111111111111	-0.00808134954991026	0.00808134954991026	0.0	0.1111111111111111
S1_EXCLUDE_BCN12	elastic_net	s__GGB1495_SGB2071	4	4	0.25	-0.00804691524097153	0.00804691524097153	0.0	0.25
S1_EXCLUDE_BCN12	elastic_net	s__Akkermansia_muciniphila	9	9	0.1111111111111111	0.00803649414828102	0.00803649414828102	0.0	0.1111111111111111
S1_EXCLUDE_BCN12	elastic_net	s__Prevotella_copri_clade_A	9	9	0.1111111111111111	-0.007930656732335523	0.007930656732335523	0.0	0.1111111111111111
S1_EXCLUDE_BCN12	elastic_net	s__Isoptericola_variabilis	9	9	0.1111111111111111	0.0078019804090529304	0.0078019804090529304	0.0	0.1111111111111111
S1_EXCLUDE_BCN12	elastic_net	s__Blautia_producta	9	9	0.4444444444444444	-0.00772709134704495	0.00772709134704495	0.0	0.4444444444444444
S1_EXCLUDE_BCN12	elastic_net	s__GGB9640_SGB15115	9	9	0.1111111111111111	-0.007480681943347161	0.007480681943347161	0.0	0.1111111111111111
S1_EXCLUDE_BCN12	elastic_net	s__GGB77437_SGB9391	9	9	0.4444444444444444	0.007416745828353852	0.007416745828353852	0.0	0.4444444444444444
S1_EXCLUDE_BCN12	elastic_net	s__Streptococcus_sanguinis	9	9	0.1111111111111111	0.00738055255353999	0.00738055255353999	0.0	0.1111111111111111
S1_EXCLUDE_BCN12	elastic_net	s__GGB9719_SGB15272	9	9	0.1111111111111111	-0.007141357566644609	0.007141357566644609	0.0	0.1111111111111111
S1_EXCLUDE_BCN12	elastic_net	s__GGB51959_SGB72479	9	9	0.1111111111111111	-0.007059353239910625	0.007059353239910625	0.0	0.1111111111111111
S1_EXCLUDE_BCN12	elastic_net	s__Clostridium_fessum	9	9	0.1111111111111111	0.006993734972595018	0.006993734972595018	0.0	0.1111111111111111
S1_EXCLUDE_BCN12	elastic_net	s__Ellagibacter_isourolithinifaciens	9	9	0.1111111111111111	-0.006963081319686967	0.006963081319686967	0.0	0.1111111111111111
S1_EXCLUDE_BCN12	elastic_net	s__Bacteroides_clarus	9	9	0.3333333333333333	-0.005240511803715381	0.006732416899136161	0.0	0.2222222222222222
S1_EXCLUDE_BCN12	elastic_net	s__Gordonibacter_urolithinfaciens	9	9	0.2222222222222222	-0.006682141528584512	0.006682141528584512	0.0	0.2222222222222222
S1_EXCLUDE_BCN12	elastic_net	s__Collinsella_SGB4121	9	9	0.2222222222222222	-0.0066635830192223345	0.0066635830192223345	0.0	0.2222222222222222
S1_EXCLUDE_BCN12	elastic_net	s__Alistipes_dispar	9	9	0.2222222222222222	-0.006446744226634925	0.006446744226634925	0.0	0.2222222222222222
S1_EXCLUDE_BCN12	elastic_net	s__GGB9293_SGB14250	9	9	0.1111111111111111	0.006276631908934696	0.006276631908934696	0.0	0.1111111111111111
S1_EXCLUDE_BCN12	elastic_net	s__GGB79630_SGB13983	9	9	0.2222222222222222	0.006263475599113607	0.006263475599113607	0.0	0.2222222222222222
S1_EXCLUDE_BCN12	elastic_net	s__Massilioclostridium_coli	9	9	0.1111111111111111	-0.006204729095648413	0.006204729095648413	0.0	0.1111111111111111
S1_EXCLUDE_BCN12	elastic_net	s__Bacteroides_faecis	9	9	0.1111111111111111	0.006132650462797958	0.006132650462797958	0.0	0.1111111111111111
S1_EXCLUDE_BCN12	elastic_net	s__GGB3510_SGB4687	9	9	0.1111111111111111	-0.006115314334889387	0.006115314334889387	0.0	0.1111111111111111
S1_EXCLUDE_BCN12	elastic_net	s__Streptococcus_mitis	9	9	0.1111111111111111	0.006101194852851737	0.006101194852851737	0.0	0.1111111111111111
S1_EXCLUDE_BCN12	elastic_net	s__Enterocloster_asparagiformis	9	9	0.1111111111111111	-0.005991445752202594	0.005991445752202594	0.0	0.1111111111111111
S1_EXCLUDE_BCN12	elastic_net	s__Blautia_faecis	9	9	0.1111111111111111	0.005966388528205555	0.005966388528205555	0.0	0.1111111111111111
S1_EXCLUDE_BCN12	elastic_net	s__Solobacterium_SGB6829	7	7	0.14285714285714285	0.005889447996045161	0.005889447996045161	0.0	0.14285714285714285
S1_EXCLUDE_BCN12	elastic_net	s__GGB42389_SGB59559	9	9	0.1111111111111111	-0.005866285508450395	0.005866285508450395	0.0	0.1111111111111111
S1_EXCLUDE_BCN12	elastic_net	s__Hungatella_hathewayi	9	9	0.2222222222222222	-0.005630810393881804	0.005630810393881804	0.0	0.2222222222222222
S1_EXCLUDE_BCN12	elastic_net	s__Dysosmobacter_sp_BX15	9	9	0.1111111111111111	0.005569462212771928	0.005569462212771928	0.0	0.1111111111111111
S1_EXCLUDE_BCN12	elastic_net	s__GGB34228_SGB72916	4	4	0.25	0.005358423747060038	0.005358423747060038	0.0	0.25
S1_EXCLUDE_BCN12	elastic_net	s__Oscillibacter_sp_ER4	9	9	0.1111111111111111	-0.004919545448356115	0.004919545448356115	0.0	0.1111111111111111
S1_EXCLUDE_BCN12	elastic_net	s__Haemophilus_parainfluenzae	9	9	0.1111111111111111	0.0049151975394220405	0.0049151975394220405	0.0	0.1111111111111111
S1_EXCLUDE_BCN12	elastic_net	s__Catenibacillus_scindens	9	9	0.1111111111111111	-0.004791912694874534	0.004791912694874534	0.0	0.1111111111111111
S1_EXCLUDE_BCN12	elastic_net	s__Eubacterium_SGB4961	9	9	0.2222222222222222	-0.0047386333563880344	0.0047386333563880344	0.0	0.2222222222222222
S1_EXCLUDE_BCN12	elastic_net	s__GGB9719_SGB15273	9	9	0.1111111111111111	0.004560663015467515	0.004560663015467515	0.0	0.1111111111111111
S1_EXCLUDE_BCN12	elastic_net	s__GGB2848_SGB3813	9	9	0.1111111111111111	-0.0045404864962615595	0.0045404864962615595	0.0	0.1111111111111111
S1_EXCLUDE_BCN12	elastic_net	s__Lacrimispora_saccharolytica	9	9	0.1111111111111111	0.0043102932040336335	0.0043102932040336335	0.0	0.1111111111111111
S1_EXCLUDE_BCN12	elastic_net	s__Angelakisella_massiliensis	8	8	0.25	-0.004297241133239753	0.004297241133239753	0.0	0.25
S1_EXCLUDE_BCN12	elastic_net	s__Lachnospira_sp_NSJ_43	9	9	0.1111111111111111	0.004296203382579252	0.004296203382579252	0.0	0.1111111111111111
S1_EXCLUDE_BCN12	elastic_net	s__GGB9636_SGB15107	9	9	0.1111111111111111	0.004225288177771176	0.004225288177771176	0.0	0.1111111111111111
S1_EXCLUDE_BCN12	elastic_net	s__GGB9620_SGB15068	2	2	0.5	0.0038938095172787847	0.0038938095172787847	0.0038938095172787847	0.5
S1_EXCLUDE_BCN12	elastic_net	s__Clostridium_sp_NSJ_42	9	9	0.1111111111111111	-0.003710296864274535	0.003710296864274535	0.0	0.1111111111111111
S1_EXCLUDE_BCN12	elastic_net	s__GGB9602_SGB15028	9	9	0.1111111111111111	-0.003591770489935607	0.003591770489935607	0.0	0.1111111111111111
S1_EXCLUDE_BCN12	elastic_net	s__Holdemanella_biformis	4	4	0.25	0.003351473743187581	0.003351473743187581	0.0	0.25
S1_EXCLUDE_BCN12	elastic_net	s__Phascolarctobacterium_SGB4573	9	9	0.1111111111111111	0.0033514326419769856	0.0033514326419769856	0.0	0.1111111111111111
S1_EXCLUDE_BCN12	elastic_net	s__Coprococcus_comes	9	9	0.1111111111111111	-0.003290476899528841	0.003290476899528841	0.0	0.1111111111111111
S1_EXCLUDE_BCN12	elastic_net	s__GGB9767_SGB15385	9	9	0.1111111111111111	-0.003074908162611963	0.003074908162611963	0.0	0.1111111111111111
S1_EXCLUDE_BCN12	elastic_net	s__Mogibacterium_sp_NSJ_24	8	8	0.125	0.0030741649496256814	0.0030741649496256814	0.0	0.125
S1_EXCLUDE_BCN12	elastic_net	s__Ruminococcus_sp_BSD2780120874_150323_B10	9	9	0.1111111111111111	-0.003047900836933055	0.003047900836933055	0.0	0.1111111111111111
S1_EXCLUDE_BCN12	elastic_net	s__Mediterraneibacter_glycyrrhizinilyticus	9	9	0.2222222222222222	0.003009075921831221	0.003009075921831221	0.0	0.2222222222222222
S1_EXCLUDE_BCN12	elastic_net	s__GGB2998_SGB3988	9	9	0.1111111111111111	-0.002888209996726803	0.002888209996726803	0.0	0.1111111111111111
S1_EXCLUDE_BCN12	elastic_net	s__Christensenella_hongkongensis	9	9	0.1111111111111111	0.0028868843342909154	0.0028868843342909154	0.0	0.1111111111111111
S1_EXCLUDE_BCN12	elastic_net	s__Holdemanella_porci	9	9	0.2222222222222222	0.0028495134262069097	0.0028495134262069097	0.0	0.2222222222222222
S1_EXCLUDE_BCN12	elastic_net	s__Streptococcus_gordonii	9	9	0.1111111111111111	0.002766409335094656	0.002766409335094656	0.0	0.1111111111111111
S1_EXCLUDE_BCN12	elastic_net	s__Enterococcus_faecium	9	9	0.1111111111111111	-0.0026531761558367425	0.0026531761558367425	0.0	0.1111111111111111
S1_EXCLUDE_BCN12	elastic_net	s__GGB3588_SGB4808	9	9	0.1111111111111111	0.0024670246850361966	0.0024670246850361966	0.0	0.1111111111111111
S1_EXCLUDE_BCN12	elastic_net	s__Actinomyces_SGB17154	9	9	0.1111111111111111	-0.0021193820286164225	0.0021193820286164225	0.0	0.1111111111111111
S1_EXCLUDE_BCN12	elastic_net	s__GGB9818_SGB15459	9	9	0.1111111111111111	0.00208309605123049	0.00208309605123049	0.0	0.1111111111111111
S1_EXCLUDE_BCN12	elastic_net	s__Desulfovibrio_fairfieldensis	8	8	0.125	0.0019725958469258165	0.0019725958469258165	0.0	0.125
S1_EXCLUDE_BCN12	elastic_net	s__Hydrogenoanaerobacterium_saccharovorans	9	9	0.1111111111111111	0.0017606397984975064	0.0017606397984975064	0.0	0.1111111111111111
S1_EXCLUDE_BCN12	elastic_net	s__Turicibacter_sanguinis	9	9	0.1111111111111111	0.0017279402472900917	0.0017279402472900917	0.0	0.1111111111111111
S1_EXCLUDE_BCN12	elastic_net	s__Escherichia_coli	9	9	0.1111111111111111	-0.0015158908085100148	0.0015158908085100148	0.0	0.1111111111111111
S1_EXCLUDE_BCN12	elastic_net	s__GGB80011_SGB15267	9	9	0.1111111111111111	-0.0014577709986394703	0.0014577709986394703	0.0	0.1111111111111111
S1_EXCLUDE_BCN12	elastic_net	s__Vescimonas_fastidiosa	4	4	0.25	-0.0013980817392185688	0.0013980817392185688	0.0	0.25
S1_EXCLUDE_BCN12	elastic_net	s__Clostridium_sp_AF36_4	9	9	0.2222222222222222	-0.0013688824763709276	0.0013688824763709276	0.0	0.2222222222222222
S1_EXCLUDE_BCN12	elastic_net	s__GGB9770_SGB15389	9	9	0.1111111111111111	0.0012632175520672466	0.0012632175520672466	0.0	0.1111111111111111
S1_EXCLUDE_BCN12	elastic_net	s__GGB9635_SGB15106	9	9	0.1111111111111111	0.001208448075659064	0.001208448075659064	0.0	0.1111111111111111
S1_EXCLUDE_BCN12	elastic_net	s__Amedibacillus_dolichus	7	7	0.14285714285714285	0.0011579254429371255	0.0011579254429371255	0.0	0.14285714285714285
S1_EXCLUDE_BCN12	elastic_net	s__Enterocloster_citroniae	9	9	0.1111111111111111	0.0010336802391116013	0.0010336802391116013	0.0	0.1111111111111111
S1_EXCLUDE_BCN12	elastic_net	s__Enterocloster_SGB14313	9	9	0.2222222222222222	0.001032553979732563	0.001032553979732563	0.0	0.2222222222222222
S1_EXCLUDE_BCN12	elastic_net	s__GGB9781_SGB15402	9	9	0.1111111111111111	0.0008702229140999362	0.0008702229140999362	0.0	0.1111111111111111
S1_EXCLUDE_BCN12	elastic_net	s__GGB2980_SGB3962	9	9	0.2222222222222222	0.000846113294107847	0.000846113294107847	0.0	0.2222222222222222
S1_EXCLUDE_BCN12	elastic_net	s__GGB3304_SGB4367	9	9	0.1111111111111111	-0.000574169191956671	0.000574169191956671	0.0	0.1111111111111111
S1_EXCLUDE_BCN12	elastic_net	s__Anaerotignum_faecicola	9	9	0.1111111111111111	-0.0004808417075918338	0.0004808417075918338	0.0	0.1111111111111111
S1_EXCLUDE_BCN12	elastic_net	s__Coprobacter_fastidiosus	9	9	0.1111111111111111	-0.0004679858200335654	0.0004679858200335654	0.0	0.1111111111111111
S1_EXCLUDE_BCN12	elastic_net	s__Bacteroides_thetaiotaomicron	9	9	0.1111111111111111	0.00023397600952552108	0.00023397600952552108	0.0	0.1111111111111111
S1_EXCLUDE_BCN12	elastic_net	s__Coprobacter_secundus	9	9	0.1111111111111111	0.00014625755748075292	0.00014625755748075292	0.0	0.1111111111111111
S1_EXCLUDE_BCN12	elastic_net	s__Bifidobacterium_animalis	9	9	0.1111111111111111	0.0001411939255001879	0.0001411939255001879	0.0	0.1111111111111111
S1_EXCLUDE_BCN12	elastic_net	s__GGB9786_SGB15409	9	9	0.1111111111111111	-8.2701235833926e-05	8.2701235833926e-05	0.0	0.1111111111111111
S1_EXCLUDE_BCN12	elastic_net	s__Ruminococcus_SGB4421	9	9	0.1111111111111111	3.6432114793079576e-05	3.6432114793079576e-05	0.0	0.1111111111111111
S1_EXCLUDE_BCN12	elastic_net	s__GGB3602_SGB4574	9	9	0.1111111111111111	2.1606906404601575e-08	2.1606906404601575e-08	0.0	0.1111111111111111
S1_EXCLUDE_BCN12	elastic_net	s__Acidaminococcus_intestini	9	9	0.0	0.0	0.0	0.0	0.0
S1_EXCLUDE_BCN12	elastic_net	s__Actinomyces_SGB17163	8	8	0.0	0.0	0.0	0.0	0.0
S1_EXCLUDE_BCN12	elastic_net	s__Actinomyces_bouchesdurhonensis	8	8	0.0	0.0	0.0	0.0	0.0
S1_EXCLUDE_BCN12	elastic_net	s__Actinomyces_dentalis	2	2	0.0	0.0	0.0	0.0	0.0
S1_EXCLUDE_BCN12	elastic_net	s__Actinomyces_massiliensis	8	8	0.0	0.0	0.0	0.0	0.0
S1_EXCLUDE_BCN12	elastic_net	s__Actinomyces_naeslundii	9	9	0.0	0.0	0.0	0.0	0.0
S1_EXCLUDE_BCN12	elastic_net	s__Actinomyces_sp_ICM58	9	9	0.0	0.0	0.0	0.0	0.0
S1_EXCLUDE_BCN12	elastic_net	s__Actinomyces_sp_oral_taxon_448	9	9	0.0	0.0	0.0	0.0	0.0
S1_EXCLUDE_BCN12	elastic_net	s__Alistipes_communis	9	9	0.0	0.0	0.0	0.0	0.0
S1_EXCLUDE_BCN12	elastic_net	s__Alistipes_ihumii	9	9	0.0	0.0	0.0	0.0	0.0
S1_EXCLUDE_BCN12	elastic_net	s__Alistipes_indistinctus	9	9	0.0	0.0	0.0	0.0	0.0
S1_EXCLUDE_BCN12	elastic_net	s__Alistipes_shahii	9	9	0.0	0.0	0.0	0.0	0.0
S1_EXCLUDE_BCN12	elastic_net	s__Allisonella_histaminiformans	2	2	0.0	0.0	0.0	0.0	0.0
S1_EXCLUDE_BCN12	elastic_net	s__Anaerobutyricum_hallii	9	9	0.0	0.0	0.0	0.0	0.0
S1_EXCLUDE_BCN12	elastic_net	s__Anaerobutyricum_soehngenii	9	9	0.0	0.0	0.0	0.0	0.0
S1_EXCLUDE_BCN12	elastic_net	s__Anaerofustis_stercorihominis	9	9	0.0	0.0	0.0	0.0	0.0
S1_EXCLUDE_BCN12	elastic_net	s__Anaerostipes_caccae	9	9	0.0	0.0	0.0	0.0	0.0
S1_EXCLUDE_BCN12	elastic_net	s__Bacteroides_caccae	9	9	0.0	0.0	0.0	0.0	0.0
S1_EXCLUDE_BCN12	elastic_net	s__Bacteroides_cellulosilyticus	9	9	0.0	0.0	0.0	0.0	0.0
S1_EXCLUDE_BCN12	elastic_net	s__Bacteroides_intestinalis	9	9	0.0	0.0	0.0	0.0	0.0
S1_EXCLUDE_BCN12	elastic_net	s__Bacteroides_nordii	9	9	0.0	0.0	0.0	0.0	0.0
S1_EXCLUDE_BCN12	elastic_net	s__Bacteroides_ovatus	9	9	0.0	0.0	0.0	0.0	0.0
S1_EXCLUDE_BCN12	elastic_net	s__Blautia_SGB4815	9	9	0.0	0.0	0.0	0.0	0.0
S1_EXCLUDE_BCN12	elastic_net	s__Blautia_glucerasea	9	9	0.0	0.0	0.0	0.0	0.0
S1_EXCLUDE_BCN12	elastic_net	s__Blautia_hansenii	9	9	0.0	0.0	0.0	0.0	0.0
S1_EXCLUDE_BCN12	elastic_net	s__Blautia_hydrogenotrophica	9	9	0.0	0.0	0.0	0.0	0.0
S1_EXCLUDE_BCN12	elastic_net	s__Blautia_sp_MSK_20_85	9	9	0.0	0.0	0.0	0.0	0.0
S1_EXCLUDE_BCN12	elastic_net	s__Blautia_sp_OF03_15BH	9	9	0.0	0.0	0.0	0.0	0.0
S1_EXCLUDE_BCN12	elastic_net	s__Blautia_stercoris	9	9	0.0	0.0	0.0	0.0	0.0
S1_EXCLUDE_BCN12	elastic_net	s__Butyricimonas_SGB15260	9	9	0.0	0.0	0.0	0.0	0.0
S1_EXCLUDE_BCN12	elastic_net	s__Candidatus_Catenibacterium_tridentinum	9	9	0.0	0.0	0.0	0.0	0.0
S1_EXCLUDE_BCN12	elastic_net	s__Candidatus_Cibionibacter_quicibialis	9	9	0.0	0.0	0.0	0.0	0.0
S1_EXCLUDE_BCN12	elastic_net	s__Candidatus_Nanosynsacchari_sp_TM7_ANC_38_39_G1_1	6	6	0.0	0.0	0.0	0.0	0.0
S1_EXCLUDE_BCN12	elastic_net	s__Cellulomonas_flavigena	4	4	0.0	0.0	0.0	0.0	0.0
S1_EXCLUDE_BCN12	elastic_net	s__Christensenella_minuta	9	9	0.0	0.0	0.0	0.0	0.0
S1_EXCLUDE_BCN12	elastic_net	s__Clostridium_SGB4750	9	9	0.0	0.0	0.0	0.0	0.0
S1_EXCLUDE_BCN12	elastic_net	s__Clostridium_SGB4909	9	9	0.0	0.0	0.0	0.0	0.0
S1_EXCLUDE_BCN12	elastic_net	s__Clostridium_butyricum	9	9	0.0	0.0	0.0	0.0	0.0
S1_EXCLUDE_BCN12	elastic_net	s__Clostridium_paraputrificum	1	1	0.0	0.0	0.0	0.0	0.0
S1_EXCLUDE_BCN12	elastic_net	s__Clostridium_saudiense	9	9	0.0	0.0	0.0	0.0	0.0
S1_EXCLUDE_BCN12	elastic_net	s__Clostridium_sp_1001271st1_H5	3	3	0.0	0.0	0.0	0.0	0.0
S1_EXCLUDE_BCN12	elastic_net	s__Clostridium_sp_AF20_17LB	9	9	0.0	0.0	0.0	0.0	0.0
S1_EXCLUDE_BCN12	elastic_net	s__Clostridium_sp_AF27_2AA	9	9	0.0	0.0	0.0	0.0	0.0
S1_EXCLUDE_BCN12	elastic_net	s__Clostridium_sp_Marseille_P3244	9	9	0.0	0.0	0.0	0.0	0.0
S1_EXCLUDE_BCN12	elastic_net	s__Clostridium_spiroforme	9	9	0.0	0.0	0.0	0.0	0.0
S1_EXCLUDE_BCN12	elastic_net	s__Clostridium_symbiosum	9	9	0.0	0.0	0.0	0.0	0.0
S1_EXCLUDE_BCN12	elastic_net	s__Collinsella_SGB15196	8	8	0.0	0.0	0.0	0.0	0.0
S1_EXCLUDE_BCN12	elastic_net	s__Collinsella_intestinalis	8	8	0.0	0.0	0.0	0.0	0.0
S1_EXCLUDE_BCN12	elastic_net	s__Coprococcus_eutactus	9	9	0.0	0.0	0.0	0.0	0.0
S1_EXCLUDE_BCN12	elastic_net	s__Corynebacterium_durum	8	8	0.0	0.0	0.0	0.0	0.0
S1_EXCLUDE_BCN12	elastic_net	s__Dorea_sp_AF36_15AT	9	9	0.0	0.0	0.0	0.0	0.0
S1_EXCLUDE_BCN12	elastic_net	s__Dysosmobacter_sp_NSJ_60	9	9	0.0	0.0	0.0	0.0	0.0
S1_EXCLUDE_BCN12	elastic_net	s__Eggerthella_lenta	9	9	0.0	0.0	0.0	0.0	0.0
S1_EXCLUDE_BCN12	elastic_net	s__Eisenbergiella_tayi	9	9	0.0	0.0	0.0	0.0	0.0
S1_EXCLUDE_BCN12	elastic_net	s__Emergencia_timonensis	8	8	0.0	0.0	0.0	0.0	0.0
S1_EXCLUDE_BCN12	elastic_net	s__Enterocloster_clostridioformis	9	9	0.0	0.0	0.0	0.0	0.0
S1_EXCLUDE_BCN12	elastic_net	s__Enterococcus_SGB6173	9	9	0.0	0.0	0.0	0.0	0.0
S1_EXCLUDE_BCN12	elastic_net	s__Enterococcus_faecalis	9	9	0.0	0.0	0.0	0.0	0.0
S1_EXCLUDE_BCN12	elastic_net	s__Eubacterium_SGB4671	1	1	0.0	0.0	0.0	0.0	0.0
S1_EXCLUDE_BCN12	elastic_net	s__Eubacterium_ramulus	9	9	0.0	0.0	0.0	0.0	0.0
S1_EXCLUDE_BCN12	elastic_net	s__Eubacterium_ventriosum	9	9	0.0	0.0	0.0	0.0	0.0
S1_EXCLUDE_BCN12	elastic_net	s__Faecalibacterium_SGB15315	9	9	0.0	0.0	0.0	0.0	0.0
S1_EXCLUDE_BCN12	elastic_net	s__Faecalicatena_fissicatena	9	9	0.0	0.0	0.0	0.0	0.0
S1_EXCLUDE_BCN12	elastic_net	s__Faecalimonas_umbilicata	9	9	0.0	0.0	0.0	0.0	0.0
S1_EXCLUDE_BCN12	elastic_net	s__Flavonifractor_plautii	9	9	0.0	0.0	0.0	0.0	0.0
S1_EXCLUDE_BCN12	elastic_net	s__GGB10485_SGB49305	8	8	0.0	0.0	0.0	0.0	0.0
S1_EXCLUDE_BCN12	elastic_net	s__GGB1627_SGB2230	4	4	0.0	0.0	0.0	0.0	0.0
S1_EXCLUDE_BCN12	elastic_net	s__GGB1662_SGB2276	2	2	0.0	0.0	0.0	0.0	0.0
S1_EXCLUDE_BCN12	elastic_net	s__GGB2653_SGB3574	9	9	0.0	0.0	0.0	0.0	0.0
S1_EXCLUDE_BCN12	elastic_net	s__GGB2958_SGB3940	9	9	0.0	0.0	0.0	0.0	0.0
S1_EXCLUDE_BCN12	elastic_net	s__GGB2987_SGB3969	9	9	0.0	0.0	0.0	0.0	0.0
S1_EXCLUDE_BCN12	elastic_net	s__GGB3000_SGB3991	9	9	0.0	0.0	0.0	0.0	0.0
S1_EXCLUDE_BCN12	elastic_net	s__GGB3005_SGB3996	9	9	0.0	0.0	0.0	0.0	0.0
S1_EXCLUDE_BCN12	elastic_net	s__GGB3033_SGB4029	9	9	0.0	0.0	0.0	0.0	0.0
S1_EXCLUDE_BCN12	elastic_net	s__GGB3109_SGB4643	9	9	0.0	0.0	0.0	0.0	0.0
S1_EXCLUDE_BCN12	elastic_net	s__GGB31234_SGB14869	9	9	0.0	0.0	0.0	0.0	0.0
S1_EXCLUDE_BCN12	elastic_net	s__GGB3124_SGB4136	1	1	0.0	0.0	0.0	0.0	0.0
S1_EXCLUDE_BCN12	elastic_net	s__GGB33512_SGB15201	9	9	0.0	0.0	0.0	0.0	0.0
S1_EXCLUDE_BCN12	elastic_net	s__GGB3446_SGB4597	1	1	0.0	0.0	0.0	0.0	0.0
S1_EXCLUDE_BCN12	elastic_net	s__GGB3463_SGB4621	4	4	0.0	0.0	0.0	0.0	0.0
S1_EXCLUDE_BCN12	elastic_net	s__GGB3475_SGB4638	8	8	0.0	0.0	0.0	0.0	0.0
S1_EXCLUDE_BCN12	elastic_net	s__GGB3513_SGB4691	1	1	0.0	0.0	0.0	0.0	0.0
S1_EXCLUDE_BCN12	elastic_net	s__GGB3593_SGB4817	2	2	0.0	0.0	0.0	0.0	0.0
S1_EXCLUDE_BCN12	elastic_net	s__GGB3619_SGB4894	9	9	0.0	0.0	0.0	0.0	0.0
S1_EXCLUDE_BCN12	elastic_net	s__GGB36267_SGB14177	9	9	0.0	0.0	0.0	0.0	0.0
S1_EXCLUDE_BCN12	elastic_net	s__GGB3653_SGB4964	9	9	0.0	0.0	0.0	0.0	0.0
S1_EXCLUDE_BCN12	elastic_net	s__GGB3746_SGB5089	9	9	0.0	0.0	0.0	0.0	0.0
S1_EXCLUDE_BCN12	elastic_net	s__GGB3815_SGB5180	2	2	0.0	0.0	0.0	0.0	0.0
S1_EXCLUDE_BCN12	elastic_net	s__GGB4456_SGB6141	9	9	0.0	0.0	0.0	0.0	0.0
S1_EXCLUDE_BCN12	elastic_net	s__GGB4566_SGB6305	9	9	0.0	0.0	0.0	0.0	0.0
S1_EXCLUDE_BCN12	elastic_net	s__GGB4684_SGB6478	1	1	0.0	0.0	0.0	0.0	0.0
S1_EXCLUDE_BCN12	elastic_net	s__GGB4745_SGB6571	4	4	0.0	0.0	0.0	0.0	0.0
S1_EXCLUDE_BCN12	elastic_net	s__GGB51510_SGB71883	9	9	0.0	0.0	0.0	0.0	0.0
S1_EXCLUDE_BCN12	elastic_net	s__GGB51647_SGB4348	9	9	0.0	0.0	0.0	0.0	0.0
S1_EXCLUDE_BCN12	elastic_net	s__GGB51960_SGB72480	5	5	0.0	0.0	0.0	0.0	0.0
S1_EXCLUDE_BCN12	elastic_net	s__GGB52106_SGB72838	9	9	0.0	0.0	0.0	0.0	0.0
S1_EXCLUDE_BCN12	elastic_net	s__GGB58233_SGB79883	9	9	0.0	0.0	0.0	0.0	0.0
S1_EXCLUDE_BCN12	elastic_net	s__GGB9186_SGB14125	9	9	0.0	0.0	0.0	0.0	0.0
S1_EXCLUDE_BCN12	elastic_net	s__GGB9189_SGB14128	9	9	0.0	0.0	0.0	0.0	0.0
S1_EXCLUDE_BCN12	elastic_net	s__GGB9240_SGB14182	9	9	0.0	0.0	0.0	0.0	0.0
S1_EXCLUDE_BCN12	elastic_net	s__GGB9261_SGB14209	3	3	0.0	0.0	0.0	0.0	0.0
S1_EXCLUDE_BCN12	elastic_net	s__GGB9302_SGB14263	5	5	0.0	0.0	0.0	0.0	0.0
S1_EXCLUDE_BCN12	elastic_net	s__GGB9350_SGB14317	6	6	0.0	0.0	0.0	0.0	0.0
S1_EXCLUDE_BCN12	elastic_net	s__GGB9474_SGB14868	1	1	0.0	0.0	0.0	0.0	0.0
S1_EXCLUDE_BCN12	elastic_net	s__GGB9501_SGB14898	9	9	0.0	0.0	0.0	0.0	0.0
S1_EXCLUDE_BCN12	elastic_net	s__GGB9512_SGB14909	9	9	0.0	0.0	0.0	0.0	0.0
S1_EXCLUDE_BCN12	elastic_net	s__GGB9559_SGB14968	1	1	0.0	0.0	0.0	0.0	0.0
S1_EXCLUDE_BCN12	elastic_net	s__GGB9561_SGB14972	7	7	0.0	0.0	0.0	0.0	0.0
S1_EXCLUDE_BCN12	elastic_net	s__GGB9608_SGB15041	9	9	0.0	0.0	0.0	0.0	0.0
S1_EXCLUDE_BCN12	elastic_net	s__GGB9614_SGB15049	9	9	0.0	0.0	0.0	0.0	0.0
S1_EXCLUDE_BCN12	elastic_net	s__GGB9634_SGB15093	9	9	0.0	0.0	0.0	0.0	0.0
S1_EXCLUDE_BCN12	elastic_net	s__GGB9635_SGB15103	2	2	0.0	0.0	0.0	0.0	0.0
S1_EXCLUDE_BCN12	elastic_net	s__GGB9691_SGB15198	4	4	0.0	0.0	0.0	0.0	0.0
S1_EXCLUDE_BCN12	elastic_net	s__GGB9699_SGB15216	9	9	0.0	0.0	0.0	0.0	0.0
S1_EXCLUDE_BCN12	elastic_net	s__GGB9708_SGB15233	9	9	0.0	0.0	0.0	0.0	0.0
S1_EXCLUDE_BCN12	elastic_net	s__GGB9719_SGB53514	6	6	0.0	0.0	0.0	0.0	0.0
S1_EXCLUDE_BCN12	elastic_net	s__GGB9737_SGB15309	1	1	0.0	0.0	0.0	0.0	0.0
S1_EXCLUDE_BCN12	elastic_net	s__GGB9758_SGB15368	9	9	0.0	0.0	0.0	0.0	0.0
S1_EXCLUDE_BCN12	elastic_net	s__GGB9760_SGB15374	9	9	0.0	0.0	0.0	0.0	0.0
S1_EXCLUDE_BCN12	elastic_net	s__GGB9762_SGB15377	4	4	0.0	0.0	0.0	0.0	0.0
S1_EXCLUDE_BCN12	elastic_net	s__GGB9765_SGB15382	9	9	0.0	0.0	0.0	0.0	0.0
S1_EXCLUDE_BCN12	elastic_net	s__GGB9767_SGB15384	1	1	0.0	0.0	0.0	0.0	0.0
S1_EXCLUDE_BCN12	elastic_net	s__GGB9775_SGB15395	9	9	0.0	0.0	0.0	0.0	0.0
S1_EXCLUDE_BCN12	elastic_net	s__GGB9787_SGB15410	9	9	0.0	0.0	0.0	0.0	0.0
S1_EXCLUDE_BCN12	elastic_net	s__Klebsiella_pneumoniae	9	9	0.0	0.0	0.0	0.0	0.0
S1_EXCLUDE_BCN12	elastic_net	s__Lachnoclostridium_sp_An138	7	7	0.0	0.0	0.0	0.0	0.0
S1_EXCLUDE_BCN12	elastic_net	s__Lachnospira_pectinoschiza	9	9	0.0	0.0	0.0	0.0	0.0
S1_EXCLUDE_BCN12	elastic_net	s__Lacticaseibacillus_rhamnosus	8	8	0.0	0.0	0.0	0.0	0.0
S1_EXCLUDE_BCN12	elastic_net	s__Lactococcus_cremoris	1	1	0.0	0.0	0.0	0.0	0.0
S1_EXCLUDE_BCN12	elastic_net	s__Massiliimalia_massiliensis	9	9	0.0	0.0	0.0	0.0	0.0
S1_EXCLUDE_BCN12	elastic_net	s__Mediterraneibacter_SGB48424	9	9	0.0	0.0	0.0	0.0	0.0
S1_EXCLUDE_BCN12	elastic_net	s__Mediterraneibacter_butyricigenes	9	9	0.0	0.0	0.0	0.0	0.0
S1_EXCLUDE_BCN12	elastic_net	s__Mediterraneibacter_massiliensis	9	9	0.0	0.0	0.0	0.0	0.0
S1_EXCLUDE_BCN12	elastic_net	s__Mogibacterium_diversum	9	9	0.0	0.0	0.0	0.0	0.0
S1_EXCLUDE_BCN12	elastic_net	s__Mogibacterium_sp_BX12	9	9	0.0	0.0	0.0	0.0	0.0
S1_EXCLUDE_BCN12	elastic_net	s__Odoribacter_splanchnicus	9	9	0.0	0.0	0.0	0.0	0.0
S1_EXCLUDE_BCN12	elastic_net	s__Olsenella_uli	1	1	0.0	0.0	0.0	0.0	0.0
S1_EXCLUDE_BCN12	elastic_net	s__Oscillibacter_valericigenes	9	9	0.0	0.0	0.0	0.0	0.0
S1_EXCLUDE_BCN12	elastic_net	s__Parabacteroides_distasonis	9	9	0.0	0.0	0.0	0.0	0.0
S1_EXCLUDE_BCN12	elastic_net	s__Parabacteroides_goldsteinii	9	9	0.0	0.0	0.0	0.0	0.0
S1_EXCLUDE_BCN12	elastic_net	s__Parasutterella_SGB9260	9	9	0.0	0.0	0.0	0.0	0.0
S1_EXCLUDE_BCN12	elastic_net	s__Paratractidigestivibacter_faecalis	1	1	0.0	0.0	0.0	0.0	0.0
S1_EXCLUDE_BCN12	elastic_net	s__Pauljensenia_hongkongensis	2	2	0.0	0.0	0.0	0.0	0.0
S1_EXCLUDE_BCN12	elastic_net	s__Phocaeicola_dorei	9	9	0.0	0.0	0.0	0.0	0.0
S1_EXCLUDE_BCN12	elastic_net	s__Phocaeicola_plebeius	9	9	0.0	0.0	0.0	0.0	0.0
S1_EXCLUDE_BCN12	elastic_net	s__Propionibacterium_acidifaciens	7	7	0.0	0.0	0.0	0.0	0.0
S1_EXCLUDE_BCN12	elastic_net	s__Raoultibacter_massiliensis	5	5	0.0	0.0	0.0	0.0	0.0
S1_EXCLUDE_BCN12	elastic_net	s__Roseburia_inulinivorans	9	9	0.0	0.0	0.0	0.0	0.0
S1_EXCLUDE_BCN12	elastic_net	s__Roseburia_sp_BX1005	9	9	0.0	0.0	0.0	0.0	0.0
S1_EXCLUDE_BCN12	elastic_net	s__Rothia_mucilaginosa	9	9	0.0	0.0	0.0	0.0	0.0
S1_EXCLUDE_BCN12	elastic_net	s__Ruminococcus_bicirculans	9	9	0.0	0.0	0.0	0.0	0.0
S1_EXCLUDE_BCN12	elastic_net	s__Ruminococcus_callidus	9	9	0.0	0.0	0.0	0.0	0.0
S1_EXCLUDE_BCN12	elastic_net	s__Ruminococcus_gnavus	9	9	0.0	0.0	0.0	0.0	0.0
S1_EXCLUDE_BCN12	elastic_net	s__Ruminococcus_sp_AF41_9	8	8	0.0	0.0	0.0	0.0	0.0
S1_EXCLUDE_BCN12	elastic_net	s__Ruminococcus_sp_AF46_10NS	1	1	0.0	0.0	0.0	0.0	0.0
S1_EXCLUDE_BCN12	elastic_net	s__Ruminococcus_torques	9	9	0.0	0.0	0.0	0.0	0.0
S1_EXCLUDE_BCN12	elastic_net	s__Sanguibacter_SGB15121	9	9	0.0	0.0	0.0	0.0	0.0
S1_EXCLUDE_BCN12	elastic_net	s__Scardovia_wiggsiae	8	8	0.0	0.0	0.0	0.0	0.0
S1_EXCLUDE_BCN12	elastic_net	s__Sellimonas_intestinalis	9	9	0.0	0.0	0.0	0.0	0.0
S1_EXCLUDE_BCN12	elastic_net	s__Senegalimassilia_anaerobia	9	9	0.0	0.0	0.0	0.0	0.0
S1_EXCLUDE_BCN12	elastic_net	s__Solibaculum_mannosilyticum	9	9	0.0	0.0	0.0	0.0	0.0
S1_EXCLUDE_BCN12	elastic_net	s__Streptococcus_SGB15012	9	9	0.0	0.0	0.0	0.0	0.0
S1_EXCLUDE_BCN12	elastic_net	s__Streptococcus_anginosus	9	9	0.0	0.0	0.0	0.0	0.0
S1_EXCLUDE_BCN12	elastic_net	s__Streptococcus_infantis	9	9	0.0	0.0	0.0	0.0	0.0
S1_EXCLUDE_BCN12	elastic_net	s__Streptococcus_oralis	8	8	0.0	0.0	0.0	0.0	0.0
S1_EXCLUDE_BCN12	elastic_net	s__Streptococcus_salivarius	9	9	0.0	0.0	0.0	0.0	0.0
S1_EXCLUDE_BCN12	elastic_net	s__Veillonella_dispar	9	9	0.0	0.0	0.0	0.0	0.0
S2_BCN12_AS_NR	elastic_net	s__Flavonifractor_sp_An100	1	1	1.0	0.8114713259983108	0.8114713259983108	0.8114713259983108	1.0
S2_BCN12_AS_NR	elastic_net	s__GGB79998_SGB48024	1	1	1.0	0.35256558503092206	0.35256558503092206	0.35256558503092206	1.0
S2_BCN12_AS_NR	elastic_net	s__Streptococcus_SGB14888	9	9	1.0	-0.34458832936190387	0.34458832936190387	-0.27603442894749636	1.0
S2_BCN12_AS_NR	elastic_net	s__Veillonella_parvula	9	9	1.0	-0.3444249519625914	0.3444249519625914	-0.22879733473469807	1.0
S2_BCN12_AS_NR	elastic_net	s__Faecalicatena_contorta	9	9	0.6666666666666666	0.2803491525766482	0.2803491525766482	0.1826518930422695	0.6666666666666666
S2_BCN12_AS_NR	elastic_net	s__Lachnoclostridium_sp_An131	9	9	0.8888888888888888	-0.24164859125960422	0.24164859125960422	-0.13353992245510352	0.8888888888888888
S2_BCN12_AS_NR	elastic_net	s__GGB9694_SGB15204	9	9	0.5555555555555556	0.2331469092098849	0.2331469092098849	0.09879028145392149	0.5555555555555556
S2_BCN12_AS_NR	elastic_net	s__Anaerotruncus_colihominis	9	9	0.7777777777777778	-0.20921657224212595	0.20921657224212595	-0.20316561516537673	0.7777777777777778
S2_BCN12_AS_NR	elastic_net	s__Blautia_massiliensis	9	9	0.6666666666666666	0.20291141870234078	0.20291141870234078	0.04409169614839252	0.6666666666666666
S2_BCN12_AS_NR	elastic_net	s__GGB9642_SGB15119	9	9	1.0	-0.18424187147716975	0.18424187147716975	-0.1265209149692184	1.0
S2_BCN12_AS_NR	elastic_net	s__GGB9616_SGB15051	9	9	1.0	-0.17814156428172845	0.17814156428172845	-0.09847687573041176	1.0
S2_BCN12_AS_NR	elastic_net	s__Blautia_caecimuris	9	9	0.5555555555555556	0.1669672295545261	0.1669672295545261	0.05741286767072651	0.5555555555555556
S2_BCN12_AS_NR	elastic_net	s__GGB9237_SGB14179	9	9	0.8888888888888888	-0.1611823467764962	0.1611823467764962	-0.07161408137261398	0.8888888888888888
S2_BCN12_AS_NR	elastic_net	s__GGB3444_SGB4594	9	9	1.0	-0.15956725491334428	0.15956725491334428	-0.06299298506350368	1.0
S2_BCN12_AS_NR	elastic_net	s__Eubacterium_sp_AF16_48	9	9	1.0	-0.15527810830725175	0.15527810830725175	-0.1251957536590467	1.0
S2_BCN12_AS_NR	elastic_net	s__Faecalibacillus_intestinalis	9	9	1.0	0.14933401259407197	0.14933401259407197	0.11118887239871242	1.0
S2_BCN12_AS_NR	elastic_net	s__GGB9627_SGB15081	9	9	0.5555555555555556	0.13949642703763135	0.13949642703763135	0.05446975610407729	0.5555555555555556
S2_BCN12_AS_NR	elastic_net	s__GGB3818_SGB5183	1	1	1.0	-0.1393740041624181	0.1393740041624181	-0.1393740041624181	1.0
S2_BCN12_AS_NR	elastic_net	s__Bifidobacterium_bifidum	9	9	0.5555555555555556	0.12763481015157213	0.12763481015157213	0.0815758319353489	0.5555555555555556
S2_BCN12_AS_NR	elastic_net	s__GGB3321_SGB4394	9	9	0.7777777777777778	-0.12618482525385719	0.12618482525385719	-0.043794249587538074	0.7777777777777778
S2_BCN12_AS_NR	elastic_net	s__Pseudoflavonifractor_gallinarum	9	9	0.6666666666666666	-0.12185669922034575	0.12185669922034575	-0.03157470638094633	0.6666666666666666
S2_BCN12_AS_NR	elastic_net	s__Alistipes_putredinis	9	9	0.5555555555555556	-0.1217756756253385	0.1217756756253385	-0.0033698668464137156	0.5555555555555556
S2_BCN12_AS_NR	elastic_net	s__Lactonifactor_sp_BIOML_A6	9	9	0.6666666666666666	-0.11931163098371125	0.11931163098371125	-0.040668661742930046	0.6666666666666666
S2_BCN12_AS_NR	elastic_net	s__GGB3277_SGB4327	9	9	0.7777777777777778	-0.11795954619840893	0.11795954619840893	-0.13595009005333217	0.7777777777777778
S2_BCN12_AS_NR	elastic_net	s__Bifidobacterium_catenulatum	8	8	0.875	0.11658201598728361	0.11658201598728361	0.06382564030375566	0.875
S2_BCN12_AS_NR	elastic_net	s__GGB32900_SGB53446	9	9	0.6666666666666666	0.11438400286563108	0.11438400286563108	0.02160983742874998	0.6666666666666666
S2_BCN12_AS_NR	elastic_net	s__Alistipes_sp_AF17_16	9	9	0.5555555555555556	0.11016833999912162	0.11016833999912162	0.0012838234021238537	0.5555555555555556
S2_BCN12_AS_NR	elastic_net	s__Sutterella_wadsworthensis	9	9	0.8888888888888888	-0.10985550664886094	0.10985550664886094	-0.11173098859822088	0.8888888888888888
S2_BCN12_AS_NR	elastic_net	s__Roseburia_faecis	9	9	1.0	0.10846661386031584	0.10846661386031584	0.034231198231222074	1.0
S2_BCN12_AS_NR	elastic_net	s__Blautia_faecicola	3	3	0.3333333333333333	0.10691814407290538	0.10691814407290538	0.0	0.3333333333333333
S2_BCN12_AS_NR	elastic_net	s__Anaerosacchariphilus_sp_NSJ_68	8	8	0.75	-0.10551866871044463	0.10551866871044463	-0.06451626585252847	0.75
S2_BCN12_AS_NR	elastic_net	s__Massilimicrobiota_timonensis	9	9	0.6666666666666666	-0.104613559439066	0.104613559439066	-0.08554210287930869	0.6666666666666666
S2_BCN12_AS_NR	elastic_net	s__Roseburia_hominis	9	9	0.6666666666666666	0.10365154593022459	0.10365154593022459	0.039360518290649196	0.6666666666666666
S2_BCN12_AS_NR	elastic_net	s__Parasutterella_excrementihominis	9	9	0.5555555555555556	-0.10121369019498536	0.10121369019498536	-0.00046930359541070394	0.5555555555555556
S2_BCN12_AS_NR	elastic_net	s__Bacteroides_stercoris	9	9	0.6666666666666666	0.1005902541527382	0.1005902541527382	0.014167729606535374	0.6666666666666666
S2_BCN12_AS_NR	elastic_net	s__Clostridium_sp_1001270H_150608_G6	9	9	0.6666666666666666	0.10037792049821544	0.10037792049821544	0.026506629785295166	0.6666666666666666
S2_BCN12_AS_NR	elastic_net	s__Bacteroides_uniformis	9	9	0.4444444444444444	-0.09908442078024954	0.09908442078024954	0.0	0.4444444444444444
S2_BCN12_AS_NR	elastic_net	s__Paraprevotella_clara	9	9	0.5555555555555556	-0.09794538536231828	0.09794538536231828	-0.06260146892016856	0.5555555555555556
S2_BCN12_AS_NR	elastic_net	s__Lacrimispora_celerecrescens	9	9	0.7777777777777778	0.09740177053597028	0.09740177053597028	0.11883228951481703	0.7777777777777778
S2_BCN12_AS_NR	elastic_net	s__Neglectibacter_timonensis	9	9	0.4444444444444444	-0.09720735245053609	0.09720735245053609	0.0	0.4444444444444444
S2_BCN12_AS_NR	elastic_net	s__GGB34797_SGB14322	9	9	0.4444444444444444	-0.09536554592819638	0.09536554592819638	0.0	0.4444444444444444
S2_BCN12_AS_NR	elastic_net	s__Vescimonas_SGB15087	9	9	0.4444444444444444	-0.09378249898694196	0.09378249898694196	0.0	0.4444444444444444
S2_BCN12_AS_NR	elastic_net	s__Lactococcus_lactis	9	9	0.5555555555555556	0.09317695829633038	0.09317695829633038	0.009001382768477695	0.5555555555555556
S2_BCN12_AS_NR	elastic_net	s__Agathobaculum_butyriciproducens	9	9	0.4444444444444444	0.09038931913530612	0.09038931913530612	0.0	0.4444444444444444
S2_BCN12_AS_NR	elastic_net	s__GGB74463_SGB54347	9	9	0.4444444444444444	-0.08998449579464639	0.08998449579464639	0.0	0.4444444444444444
S2_BCN12_AS_NR	elastic_net	s__Vescimonas_coprocola	9	9	0.8888888888888888	-0.08882249900667666	0.08882249900667666	-0.08059068823457055	0.8888888888888888
S2_BCN12_AS_NR	elastic_net	s__GGB58158_SGB79798	9	9	0.4444444444444444	0.08875441700493861	0.08875441700493861	0.0	0.4444444444444444
S2_BCN12_AS_NR	elastic_net	s__Phascolarctobacterium_faecium	9	9	0.5555555555555556	0.08539993021289342	0.08539993021289342	0.013585302325980929	0.5555555555555556
S2_BCN12_AS_NR	elastic_net	s__GGB9619_SGB15066	9	9	0.4444444444444444	-0.08487166300513378	0.08487166300513378	0.0	0.4444444444444444
S2_BCN12_AS_NR	elastic_net	s__GGB9611_SGB15045	8	8	0.5	-0.08443987149357166	0.08443987149357166	-0.00311175512740976	0.5
S2_BCN12_AS_NR	elastic_net	s__Alistipes_onderdonkii	9	9	0.4444444444444444	-0.08190705349911756	0.08190705349911756	0.0	0.4444444444444444
S2_BCN12_AS_NR	elastic_net	s__Streptococcus_vestibularis	9	9	0.4444444444444444	-0.0818393752856478	0.0818393752856478	0.0	0.4444444444444444
S2_BCN12_AS_NR	elastic_net	s__Parabacteroides_merdae	9	9	1.0	0.08137426503972608	0.08137426503972608	0.07906590709452041	1.0
S2_BCN12_AS_NR	elastic_net	s__Longicatena_caecimuris	9	9	0.5555555555555556	0.08126761206522677	0.08126761206522677	0.09394295439761399	0.5555555555555556
S2_BCN12_AS_NR	elastic_net	s__Massiliimalia_timonensis	9	9	0.5555555555555556	-0.08023613348022843	0.08023613348022843	-0.0051719222522718525	0.5555555555555556
S2_BCN12_AS_NR	elastic_net	s__Eisenbergiella_massiliensis	9	9	0.4444444444444444	0.07981211932811677	0.07981211932811677	0.0	0.4444444444444444
S2_BCN12_AS_NR	elastic_net	s__Phocaeicola_vulgatus	9	9	0.4444444444444444	0.07887990296854236	0.07887990296854236	0.0	0.4444444444444444
S2_BCN12_AS_NR	elastic_net	s__GGB3612_SGB4882	9	9	0.6666666666666666	-0.07753679745731931	0.07753679745731931	-0.04671708536801831	0.6666666666666666
S2_BCN12_AS_NR	elastic_net	s__Clostridium_scindens	9	9	0.3333333333333333	0.07274730389328278	0.07274730389328278	0.0	0.3333333333333333
S2_BCN12_AS_NR	elastic_net	s__Bacteroides_SGB15210	1	1	1.0	-0.07230645893531133	0.07230645893531133	-0.07230645893531133	1.0
S2_BCN12_AS_NR	elastic_net	s__GGB3278_SGB4328	9	9	0.5555555555555556	-0.07131315631644625	0.07131315631644625	-0.018142755501074304	0.5555555555555556
S2_BCN12_AS_NR	elastic_net	s__GGB3175_SGB4191	9	9	0.6666666666666666	-0.07085267921143351	0.07085267921143351	-0.010680972883292875	0.6666666666666666
S2_BCN12_AS_NR	elastic_net	s__Blautia_sp_Marseille_P3087	9	9	0.4444444444444444	0.07004133352284533	0.07004133352284533	0.0	0.4444444444444444
S2_BCN12_AS_NR	elastic_net	s__Anaerostipes_hadrus	9	9	0.4444444444444444	-0.0689964805610653	0.0689964805610653	0.0	0.4444444444444444
S2_BCN12_AS_NR	elastic_net	s__Collinsella_SGB14987	9	9	0.4444444444444444	0.06843787886734491	0.06843787886734491	0.0	0.4444444444444444
S2_BCN12_AS_NR	elastic_net	s__Anaerotruncus_rubiinfantis	9	9	0.3333333333333333	-0.06726895711949196	0.06726895711949196	0.0	0.3333333333333333
S2_BCN12_AS_NR	elastic_net	s__Methylobacterium_SGB15164	9	9	0.4444444444444444	0.06697824115439488	0.06697824115439488	0.0	0.4444444444444444
S2_BCN12_AS_NR	elastic_net	s__Faecalibacillus_faecis	9	9	0.4444444444444444	0.06696160411821542	0.06696160411821542	0.0	0.4444444444444444
S2_BCN12_AS_NR	elastic_net	s__GGB52130_SGB14966	9	9	0.5555555555555556	0.06677163319973428	0.06677163319973428	0.001564628463531628	0.5555555555555556
S2_BCN12_AS_NR	elastic_net	s__Faecalibacterium_SGB15346	9	9	0.5555555555555556	0.06610529583401542	0.06610529583401542	0.026811191355283367	0.5555555555555556
S2_BCN12_AS_NR	elastic_net	s__Senegalimassilia_SGB14826	1	1	1.0	-0.06575930177033491	0.06575930177033491	-0.06575930177033491	1.0
S2_BCN12_AS_NR	elastic_net	s__Coprobacillus_cateniformis	9	9	0.5555555555555556	-0.06569781028331861	0.06569781028331861	-0.0003275637666957615	0.5555555555555556
S2_BCN12_AS_NR	elastic_net	s__Roseburia_intestinalis	9	9	0.4444444444444444	-0.06529679946677493	0.06529679946677493	0.0	0.4444444444444444
S2_BCN12_AS_NR	elastic_net	s__GGB80011_SGB15265	9	9	0.3333333333333333	0.06427697512462241	0.06427697512462241	0.0	0.3333333333333333
S2_BCN12_AS_NR	elastic_net	s__GGB9063_SGB13982	9	9	0.5555555555555556	-0.063940103841306	0.063940103841306	-0.013301807435959549	0.5555555555555556
S2_BCN12_AS_NR	elastic_net	s__GGB3614_SGB4886	9	9	0.4444444444444444	0.06288914251190153	0.06288914251190153	0.0	0.4444444444444444
S2_BCN12_AS_NR	elastic_net	s__GGB2998_SGB3989	9	9	0.5555555555555556	0.06191222297846249	0.06191222297846249	0.0013339569590192942	0.5555555555555556
S2_BCN12_AS_NR	elastic_net	s__Faecalibacterium_prausnitzii	9	9	0.4444444444444444	0.0617851817690516	0.0617851817690516	0.0	0.4444444444444444
S2_BCN12_AS_NR	elastic_net	s__Bacteroides_finegoldii	9	9	0.4444444444444444	0.06168123057873872	0.06168123057873872	0.0	0.4444444444444444
S2_BCN12_AS_NR	elastic_net	s__Intestinibacter_bartlettii	9	9	0.4444444444444444	0.05981168750710798	0.05981168750710798	0.0	0.4444444444444444
S2_BCN12_AS_NR	elastic_net	s__GGB13493_SGB15238	9	9	0.4444444444444444	0.059247859751809843	0.059247859751809843	0.0	0.4444444444444444
S2_BCN12_AS_NR	elastic_net	s__GGB45432_SGB63101	9	9	0.7777777777777778	-0.05863860482098002	0.05863860482098002	-0.04998202120908025	0.7777777777777778
S2_BCN12_AS_NR	elastic_net	s__Blautia_luti	9	9	0.2222222222222222	-0.05623264133471062	0.05623264133471062	0.0	0.2222222222222222
S2_BCN12_AS_NR	elastic_net	s__GGB9453_SGB14844	9	9	0.3333333333333333	0.05518768871478663	0.05518768871478663	0.0	0.3333333333333333
S2_BCN12_AS_NR	elastic_net	s__Actinomyces_oris	9	9	0.5555555555555556	-0.05421808194004412	0.05421808194004412	-0.015334788728132652	0.5555555555555556
S2_BCN12_AS_NR	elastic_net	s__GGB3534_SGB4722	9	9	0.1111111111111111	-0.05388657539996719	0.05388657539996719	0.0	0.1111111111111111
S2_BCN12_AS_NR	elastic_net	s__GGB9760_SGB15373	9	9	0.4444444444444444	-0.053368898964206	0.053368898964206	0.0	0.4444444444444444
S2_BCN12_AS_NR	elastic_net	s__Waltera_intestinalis	9	9	0.3333333333333333	0.05241778502731184	0.05241778502731184	0.0	0.3333333333333333
S2_BCN12_AS_NR	elastic_net	s__Butyricimonas_faecihominis	9	9	0.4444444444444444	0.05219072110447827	0.05219072110447827	0.0	0.4444444444444444
S2_BCN12_AS_NR	elastic_net	s__Streptococcus_mutans	9	9	0.4444444444444444	-0.05204424345660809	0.05204424345660809	0.0	0.4444444444444444
S2_BCN12_AS_NR	elastic_net	s__GGB9522_SGB14921	9	9	0.3333333333333333	-0.05151762930588185	0.05151762930588185	0.0	0.3333333333333333
S2_BCN12_AS_NR	elastic_net	s__GGB38744_SGB14842	9	9	0.4444444444444444	-0.05150896754402705	0.05150896754402705	0.0	0.4444444444444444
S2_BCN12_AS_NR	elastic_net	s__GGB9708_SGB15234	9	9	0.2222222222222222	0.050750003797388754	0.050750003797388754	0.0	0.2222222222222222
S2_BCN12_AS_NR	elastic_net	s__Actinomyces_sp_ICM47	9	9	0.5555555555555556	0.049122259023829565	0.049122259023829565	0.0031074947748499096	0.5555555555555556
S2_BCN12_AS_NR	elastic_net	s__Longibaculum_muris	7	7	0.5714285714285714	0.04910566813276953	0.04910566813276953	0.01250614188526892	0.5714285714285714
S2_BCN12_AS_NR	elastic_net	s__GGB45491_SGB63163	9	9	0.5555555555555556	-0.04886523087895469	0.04886523087895469	-0.011998027844297774	0.5555555555555556
S2_BCN12_AS_NR	elastic_net	s__GGB9495_SGB14892	9	9	0.4444444444444444	-0.048210446411864644	0.048210446411864644	0.0	0.4444444444444444
S2_BCN12_AS_NR	elastic_net	s__Clostridium_SGB6179	9	9	0.5555555555555556	0.04812770785578126	0.04812770785578126	0.0027835693087624605	0.5555555555555556
S2_BCN12_AS_NR	elastic_net	s__Ruminococcus_lactaris	9	9	0.5555555555555556	-0.04727934145540855	0.04727934145540855	-0.015217815810223823	0.5555555555555556
S2_BCN12_AS_NR	elastic_net	s__Lachnotalea_sp_AF33_28	9	9	0.1111111111111111	-0.04692921714802774	0.04692921714802774	0.0	0.1111111111111111
S2_BCN12_AS_NR	elastic_net	s__Ruthenibacterium_lactatiformans	9	9	0.4444444444444444	0.046916184584934614	0.046916184584934614	0.0	0.4444444444444444
S2_BCN12_AS_NR	elastic_net	s__GGB9724_SGB15278	9	9	0.5555555555555556	-0.04591030254392803	0.04591030254392803	-0.011591542993055733	0.5555555555555556
S2_BCN12_AS_NR	elastic_net	s__GGB9290_SGB14247	1	1	1.0	0.0454335242240012	0.0454335242240012	0.0454335242240012	1.0
S2_BCN12_AS_NR	elastic_net	s__Tyzzerella_nexilis	9	9	0.5555555555555556	0.04498453547929569	0.04498453547929569	0.02920779539168419	0.5555555555555556
S2_BCN12_AS_NR	elastic_net	s__GGB14025_SGB14906	9	9	0.5555555555555556	0.04471884641950058	0.04471884641950058	0.04111046777777522	0.5555555555555556
S2_BCN12_AS_NR	elastic_net	s__Dorea_formicigenerans	9	9	0.4444444444444444	0.044368211566142034	0.044368211566142034	0.0	0.4444444444444444
S2_BCN12_AS_NR	elastic_net	s__Clostridium_sp_AM49_4BH	9	9	0.3333333333333333	-0.043600559594808706	0.043600559594808706	0.0	0.3333333333333333
S2_BCN12_AS_NR	elastic_net	s__Parabacteroides_johnsonii	6	6	0.5	-0.043282698299183575	0.043282698299183575	-0.009509212659002885	0.5
S2_BCN12_AS_NR	elastic_net	s__Bacteroides_xylanisolvens	9	9	0.4444444444444444	0.043089516198134344	0.043089516198134344	0.0	0.4444444444444444
S2_BCN12_AS_NR	elastic_net	s__Harryflintia_acetispora	9	9	0.3333333333333333	0.04026579841530874	0.04026579841530874	0.0	0.3333333333333333
S2_BCN12_AS_NR	elastic_net	s__GGB9345_SGB14311	9	9	0.3333333333333333	0.04012771202296564	0.04012771202296564	0.0	0.3333333333333333
S2_BCN12_AS_NR	elastic_net	s__Dorea_sp_AF24_7LB	9	9	0.1111111111111111	-0.040107988634594235	0.040107988634594235	0.0	0.1111111111111111
S2_BCN12_AS_NR	elastic_net	s__Butyricicoccus_sp_AM29_23AC	9	9	0.4444444444444444	0.03951453749065011	0.03951453749065011	0.0	0.4444444444444444
S2_BCN12_AS_NR	elastic_net	s__Anaeromassilibacillus_sp_An250	9	9	0.3333333333333333	0.038798156073751804	0.038798156073751804	0.0	0.3333333333333333
S2_BCN12_AS_NR	elastic_net	s__GGB9707_SGB15229	9	9	0.4444444444444444	-0.037617978563123045	0.037617978563123045	0.0	0.4444444444444444
S2_BCN12_AS_NR	elastic_net	s__Lacrimispora_amygdalina	9	9	0.1111111111111111	0.03756149847033663	0.03756149847033663	0.0	0.1111111111111111
S2_BCN12_AS_NR	elastic_net	s__Turicibacter_bilis	9	9	0.6666666666666666	0.037179847295553445	0.037179847295553445	0.043296769091083626	0.6666666666666666
S2_BCN12_AS_NR	elastic_net	s__Streptococcus_australis	9	9	0.1111111111111111	0.036780635329052264	0.036780635329052264	0.0	0.1111111111111111
S2_BCN12_AS_NR	elastic_net	s__Bacteroides_eggerthii	9	9	0.3333333333333333	0.03663938705957713	0.03663938705957713	0.0	0.3333333333333333
S2_BCN12_AS_NR	elastic_net	s__GGB35068_SGB47850	9	9	0.4444444444444444	0.03660639306256382	0.03660639306256382	0.0	0.4444444444444444
S2_BCN12_AS_NR	elastic_net	s__GGB9770_SGB15390	9	9	0.3333333333333333	-0.03588027047017077	0.03588027047017077	0.0	0.3333333333333333
S2_BCN12_AS_NR	elastic_net	s__Adlercreutzia_equolifaciens	9	9	0.2222222222222222	-0.03554693229360814	0.03554693229360814	0.0	0.2222222222222222
S2_BCN12_AS_NR	elastic_net	s__Ligilactobacillus_ruminis	1	1	1.0	0.03553554016621538	0.03553554016621538	0.03553554016621538	1.0
S2_BCN12_AS_NR	elastic_net	s__Methanobrevibacter_smithii	9	9	0.1111111111111111	-0.035281674953897495	0.035281674953897495	0.0	0.1111111111111111
S2_BCN12_AS_NR	elastic_net	s__GGB3730_SGB5060	9	9	0.3333333333333333	0.035160063169465544	0.035160063169465544	0.0	0.3333333333333333
S2_BCN12_AS_NR	elastic_net	s__GGB33469_SGB15236	9	9	0.1111111111111111	-0.03512658240716122	0.03512658240716122	0.0	0.1111111111111111
S2_BCN12_AS_NR	elastic_net	s__Lacticaseibacillus_paracasei	9	9	0.1111111111111111	-0.035012673661422834	0.035012673661422834	0.0	0.1111111111111111
S2_BCN12_AS_NR	elastic_net	s__GGB9620_SGB15068	2	2	0.5	0.03438775603960261	0.03438775603960261	0.03438775603960261	0.5
S2_BCN12_AS_NR	elastic_net	s__Clostridium_sp_1001270J_160509_D11	9	9	0.1111111111111111	0.034197616549372714	0.034197616549372714	0.0	0.1111111111111111
S2_BCN12_AS_NR	elastic_net	s__Actinomyces_sp_ph3	9	9	0.3333333333333333	-0.03382057897062564	0.03382057897062564	0.0	0.3333333333333333
S2_BCN12_AS_NR	elastic_net	s__Actinomyces_sp_HMSC035G02	8	8	0.375	-0.03368925500155855	0.03368925500155855	0.0	0.375
S2_BCN12_AS_NR	elastic_net	s__Monoglobus_pectinilyticus	9	9	0.1111111111111111	-0.0336779131680818	0.0336779131680818	0.0	0.1111111111111111
S2_BCN12_AS_NR	elastic_net	s__GGB33469_SGB15237	9	9	0.2222222222222222	-0.03276218427537013	0.03276218427537013	0.0	0.2222222222222222
S2_BCN12_AS_NR	elastic_net	s__GGB9646_SGB15123	9	9	0.2222222222222222	-0.03224597789264296	0.03224597789264296	0.0	0.2222222222222222
S2_BCN12_AS_NR	elastic_net	s__Rheinheimera_SGB14999	9	9	0.2222222222222222	-0.03176611090840191	0.03176611090840191	0.0	0.2222222222222222
S2_BCN12_AS_NR	elastic_net	s__Bittarella_massiliensis	9	9	0.5555555555555556	-0.03174586691628388	0.03174586691628388	-0.025909807857349372	0.5555555555555556
S2_BCN12_AS_NR	elastic_net	s__GGB9759_SGB15370	9	9	0.2222222222222222	0.030884673899601298	0.030884673899601298	0.0	0.2222222222222222
S2_BCN12_AS_NR	elastic_net	s__GGB4599_SGB6362	7	7	0.14285714285714285	-0.03024584592159297	0.03024584592159297	0.0	0.14285714285714285
S2_BCN12_AS_NR	elastic_net	s__Anaerotruncus_massiliensis	9	9	0.2222222222222222	0.03003941503785793	0.03003941503785793	0.0	0.2222222222222222
S2_BCN12_AS_NR	elastic_net	s__GGB9788_SGB15411	9	9	0.4444444444444444	0.028701092454684718	0.028701092454684718	0.0	0.4444444444444444
S2_BCN12_AS_NR	elastic_net	s__GGB16040_SGB9347	9	9	0.4444444444444444	0.028478302497876404	0.028478302497876404	0.0	0.4444444444444444
S2_BCN12_AS_NR	elastic_net	s__Eubacterium_sp_AF34_35BH	9	9	0.2222222222222222	0.0284690453460141	0.0284690453460141	0.0	0.2222222222222222
S2_BCN12_AS_NR	elastic_net	s__GGB9581_SGB79823	3	3	0.3333333333333333	-0.028218303393152278	0.028218303393152278	0.0	0.3333333333333333
S2_BCN12_AS_NR	elastic_net	s__GGB3142_SGB4155	1	1	1.0	-0.027989890683803937	0.027989890683803937	-0.027989890683803937	1.0
S2_BCN12_AS_NR	elastic_net	s__Bifidobacterium_dentium	9	9	0.2222222222222222	-0.02761294669770728	0.02761294669770728	0.0	0.2222222222222222
S2_BCN12_AS_NR	elastic_net	s__GGB3256_SGB4303	9	9	0.4444444444444444	-0.02730825098582261	0.02730825098582261	0.0	0.4444444444444444
S2_BCN12_AS_NR	elastic_net	s__GGB3109_SGB4119	9	9	0.1111111111111111	0.02696947421437922	0.02696947421437922	0.0	0.1111111111111111
S2_BCN12_AS_NR	elastic_net	s__GGB79916_SGB4587	6	6	0.16666666666666666	-0.02696499007959907	0.02696499007959907	0.0	0.16666666666666666
S2_BCN12_AS_NR	elastic_net	s__Bacteroides_fragilis	9	9	0.5555555555555556	-0.02624922473512616	0.02624922473512616	-0.0004126641322898586	0.5555555555555556
S2_BCN12_AS_NR	elastic_net	s__Candidatus_Borkfalkia_ceftriaxoniphila	9	9	0.2222222222222222	0.0259656031811903	0.0259656031811903	0.0	0.2222222222222222
S2_BCN12_AS_NR	elastic_net	s__Dielma_fastidiosa	9	9	0.4444444444444444	-0.02591245803783857	0.02591245803783857	0.0	0.4444444444444444
S2_BCN12_AS_NR	elastic_net	s__Alistipes_SGB2313	5	5	0.4	-0.025647999918587832	0.025647999918587832	0.0	0.4
S2_BCN12_AS_NR	elastic_net	s__Lactobacillus_gasseri	9	9	0.2222222222222222	0.02558156335396061	0.02558156335396061	0.0	0.2222222222222222
S2_BCN12_AS_NR	elastic_net	s__Phocaeicola_massiliensis	9	9	0.2222222222222222	-0.025544011574361567	0.025544011574361567	0.0	0.2222222222222222
S2_BCN12_AS_NR	elastic_net	s__Clostridium_SGB4648	9	9	0.2222222222222222	0.025411286134299143	0.025411286134299143	0.0	0.2222222222222222
S2_BCN12_AS_NR	elastic_net	s__Enterocloster_lavalensis	9	9	0.1111111111111111	0.02503354987287204	0.02503354987287204	0.0	0.1111111111111111
S2_BCN12_AS_NR	elastic_net	s__GGB34900_SGB14891	9	9	0.2222222222222222	0.02497724043249579	0.02497724043249579	0.0	0.2222222222222222
S2_BCN12_AS_NR	elastic_net	s__GGB9559_SGB14969	9	9	0.2222222222222222	0.02489020537761468	0.02489020537761468	0.0	0.2222222222222222
S2_BCN12_AS_NR	elastic_net	s__Pseudoflavonifractor_capillosus	9	9	0.2222222222222222	0.024578864899705746	0.024578864899705746	0.0	0.2222222222222222
S2_BCN12_AS_NR	elastic_net	s__Phocea_massiliensis	9	9	0.5555555555555556	0.02442212187306315	0.02442212187306315	0.008904120485692413	0.5555555555555556
S2_BCN12_AS_NR	elastic_net	s__GGB1266_SGB1699	9	9	0.2222222222222222	0.024356735307527865	0.024356735307527865	0.0	0.2222222222222222
S2_BCN12_AS_NR	elastic_net	s__Streptococcus_thermophilus	9	9	0.2222222222222222	0.024353118892162715	0.024353118892162715	0.0	0.2222222222222222
S2_BCN12_AS_NR	elastic_net	s__GGB9480_SGB14874	9	9	0.3333333333333333	-0.024315544946506916	0.024315544946506916	0.0	0.3333333333333333
S2_BCN12_AS_NR	elastic_net	s__Veillonella_atypica	9	9	0.4444444444444444	-0.023474618583317997	0.023474618583317997	0.0	0.4444444444444444
S2_BCN12_AS_NR	elastic_net	s__GGB9621_SGB15073	9	9	0.2222222222222222	-0.022930403951394132	0.022930403951394132	0.0	0.2222222222222222
S2_BCN12_AS_NR	elastic_net	s__Actinomyces_SGB17157	8	8	0.375	-0.022372172590144696	0.022372172590144696	0.0	0.375
S2_BCN12_AS_NR	elastic_net	s__Holdemania_massiliensis	9	9	0.4444444444444444	-0.022264569164206514	0.022264569164206514	0.0	0.4444444444444444
S2_BCN12_AS_NR	elastic_net	s__Pseudoflavonifractor_sp_An184	9	9	0.1111111111111111	-0.022156861276916327	0.022156861276916327	0.0	0.1111111111111111
S2_BCN12_AS_NR	elastic_net	s__Actinomyces_graevenitzii	9	9	0.4444444444444444	-0.02209328599755988	0.02209328599755988	0.0	0.4444444444444444
S2_BCN12_AS_NR	elastic_net	s__Collinsella_aerofaciens	9	9	0.3333333333333333	-0.021520642493971717	0.021520642493971717	0.0	0.3333333333333333
S2_BCN12_AS_NR	elastic_net	s__Eubacterium_SGB6276	9	9	0.2222222222222222	0.01515737790573042	0.021309318594801976	0.0	0.1111111111111111
S2_BCN12_AS_NR	elastic_net	s__Lachnoclostridium_edouardi	6	6	0.16666666666666666	-0.021115541582292754	0.021115541582292754	0.0	0.16666666666666666
S2_BCN12_AS_NR	elastic_net	s__GGB9781_SGB66170	9	9	0.1111111111111111	0.020506629157860164	0.020506629157860164	0.0	0.1111111111111111
S2_BCN12_AS_NR	elastic_net	s__GGB9602_SGB15031	9	9	0.3333333333333333	0.019935812526234574	0.019935812526234574	0.0	0.3333333333333333
S2_BCN12_AS_NR	elastic_net	s__GGB9062_SGB13981	9	9	0.3333333333333333	-0.019871516636752632	0.019871516636752632	0.0	0.3333333333333333
S2_BCN12_AS_NR	elastic_net	s__GGB3034_SGB4030	9	9	0.3333333333333333	0.0197075406691609	0.0197075406691609	0.0	0.3333333333333333
S2_BCN12_AS_NR	elastic_net	s__Ruminococcus_sp_NSJ_13	9	9	0.1111111111111111	-0.019295768892328154	0.019295768892328154	0.0	0.1111111111111111
S2_BCN12_AS_NR	elastic_net	s__Streptococcus_parasanguinis	9	9	0.3333333333333333	-0.019091217634557026	0.019091217634557026	0.0	0.3333333333333333
S2_BCN12_AS_NR	elastic_net	s__Bacteroides_salyersiae	9	9	0.3333333333333333	0.018805948163363402	0.018805948163363402	0.0	0.3333333333333333
S2_BCN12_AS_NR	elastic_net	s__GGB9747_SGB15356	9	9	0.2222222222222222	-0.018754774600902142	0.018754774600902142	0.0	0.2222222222222222
S2_BCN12_AS_NR	elastic_net	s__Enterocloster_aldenensis	9	9	0.2222222222222222	0.0181841587442565	0.0181841587442565	0.0	0.2222222222222222
S2_BCN12_AS_NR	elastic_net	s__GGB9176_SGB14114	9	9	0.2222222222222222	0.0181794089726182	0.0181794089726182	0.0	0.2222222222222222
S2_BCN12_AS_NR	elastic_net	s__Alloscardovia_omnicolens	9	9	0.1111111111111111	-0.018069038467286712	0.018069038467286712	0.0	0.1111111111111111
S2_BCN12_AS_NR	elastic_net	s__Blautia_obeum	9	9	0.3333333333333333	-0.01803180040545813	0.01803180040545813	0.0	0.3333333333333333
S2_BCN12_AS_NR	elastic_net	s__GGB3819_SGB5184	9	9	0.2222222222222222	-0.01798317417514402	0.01798317417514402	0.0	0.2222222222222222
S2_BCN12_AS_NR	elastic_net	s__Hungatella_hathewayi	9	9	0.2222222222222222	-0.01792117548365948	0.01792117548365948	0.0	0.2222222222222222
S2_BCN12_AS_NR	elastic_net	s__GGB10692_SGB17347	7	7	0.5714285714285714	0.017401467599173943	0.017401467599173943	0.005655786344440185	0.5714285714285714
S2_BCN12_AS_NR	elastic_net	s__Collinsella_SGB14861	9	9	0.3333333333333333	0.016939346664681644	0.016939346664681644	0.0	0.3333333333333333
S2_BCN12_AS_NR	elastic_net	s__Holdemania_sp_1001095H_141210_F2	9	9	0.3333333333333333	0.016653793106072512	0.016653793106072512	0.0	0.3333333333333333
S2_BCN12_AS_NR	elastic_net	s__GGB51441_SGB71759	9	9	0.3333333333333333	0.0166067625128075	0.0166067625128075	0.0	0.3333333333333333
S2_BCN12_AS_NR	elastic_net	s__Neobittarella_massiliensis	9	9	0.2222222222222222	-0.01638036884783286	0.01638036884783286	0.0	0.2222222222222222
S2_BCN12_AS_NR	elastic_net	s__Phascolarctobacterium_succinatutens	9	9	0.2222222222222222	0.01623812267472986	0.01623812267472986	0.0	0.2222222222222222
S2_BCN12_AS_NR	elastic_net	s__Bifidobacterium_adolescentis	9	9	0.4444444444444444	0.016022119089215973	0.016022119089215973	0.0	0.4444444444444444
S2_BCN12_AS_NR	elastic_net	s__Slackia_isoflavoniconvertens	9	9	0.3333333333333333	-0.015954612899259667	0.015954612899259667	0.0	0.3333333333333333
S2_BCN12_AS_NR	elastic_net	s__Oscillibacter_sp_NSJ_62	8	8	0.25	-0.015831388054737067	0.015831388054737067	0.0	0.25
S2_BCN12_AS_NR	elastic_net	s__Butyricimonas_virosa	9	9	0.1111111111111111	-0.015666903118372308	0.015666903118372308	0.0	0.1111111111111111
S2_BCN12_AS_NR	elastic_net	s__Enterocloster_SGB14313	9	9	0.2222222222222222	0.015529638669744467	0.015529638669744467	0.0	0.2222222222222222
S2_BCN12_AS_NR	elastic_net	s__Butyricimonas_paravirosa	9	9	0.1111111111111111	0.01520729989531634	0.01520729989531634	0.0	0.1111111111111111
S2_BCN12_AS_NR	elastic_net	s__Alistipes_finegoldii	9	9	0.6666666666666666	-0.015117886638602489	0.015117886638602489	-0.003341865175991973	0.6666666666666666
S2_BCN12_AS_NR	elastic_net	s__Clostridium_sp_AF36_4	9	9	0.2222222222222222	-0.014898944474386068	0.014898944474386068	0.0	0.2222222222222222
S2_BCN12_AS_NR	elastic_net	s__GGB6612_SGB9346	9	9	0.1111111111111111	-0.014855452295674717	0.014855452295674717	0.0	0.1111111111111111
S2_BCN12_AS_NR	elastic_net	s__GGB9699_SGB15216	9	9	0.1111111111111111	0.01475021997878797	0.01475021997878797	0.0	0.1111111111111111
S2_BCN12_AS_NR	elastic_net	s__GGB9361_SGB14336	8	8	0.125	0.014666418898287814	0.014666418898287814	0.0	0.125
S2_BCN12_AS_NR	elastic_net	s__Anaerofilum_sp_BX8	9	9	0.3333333333333333	0.014646096823410636	0.014646096823410636	0.0	0.3333333333333333
S2_BCN12_AS_NR	elastic_net	s__GGB2970_SGB3952	9	9	0.1111111111111111	0.014581709532333518	0.014581709532333518	0.0	0.1111111111111111
S2_BCN12_AS_NR	elastic_net	s__Limosilactobacillus_fermentum	9	9	0.3333333333333333	0.013839993064654475	0.013839993064654475	0.0	0.3333333333333333
S2_BCN12_AS_NR	elastic_net	s__GGB3537_SGB4727	9	9	0.1111111111111111	0.01375948246698638	0.01375948246698638	0.0	0.1111111111111111
S2_BCN12_AS_NR	elastic_net	s__GGB9713_SGB15249	9	9	0.1111111111111111	-0.013547611723168944	0.013547611723168944	0.0	0.1111111111111111
S2_BCN12_AS_NR	elastic_net	s__GGB9641_SGB15117	9	9	0.1111111111111111	0.013501783257200702	0.013501783257200702	0.0	0.1111111111111111
S2_BCN12_AS_NR	elastic_net	s__Romboutsia_timonensis	9	9	0.2222222222222222	-0.013219335656975464	0.013219335656975464	0.0	0.2222222222222222
S2_BCN12_AS_NR	elastic_net	s__Roseburia_sp_AM16_25	9	9	0.1111111111111111	0.013054701635049522	0.013054701635049522	0.0	0.1111111111111111
S2_BCN12_AS_NR	elastic_net	s__Gordonibacter_pamelaeae	9	9	0.1111111111111111	-0.01298169451901184	0.01298169451901184	0.0	0.1111111111111111
S2_BCN12_AS_NR	elastic_net	s__Massilimicrobiota_sp_An134	9	9	0.2222222222222222	-0.008296978974176413	0.012932731546150163	0.0	0.1111111111111111
S2_BCN12_AS_NR	elastic_net	s__Granulicatella_SGB8255	9	9	0.2222222222222222	-0.011307144411165888	0.012846078614658337	0.0	0.1111111111111111
S2_BCN12_AS_NR	elastic_net	s__GGB33928_SGB15225	9	9	0.2222222222222222	-0.01281797584530746	0.01281797584530746	0.0	0.2222222222222222
S2_BCN12_AS_NR	elastic_net	s__Catenibacillus_scindens	9	9	0.1111111111111111	-0.01276298748221216	0.01276298748221216	0.0	0.1111111111111111
S2_BCN12_AS_NR	elastic_net	s__Ruminococcus_sp_BSD2780120874_150323_B10	9	9	0.1111111111111111	-0.012632852548517974	0.012632852548517974	0.0	0.1111111111111111
S2_BCN12_AS_NR	elastic_net	s__Streptococcus_SGB14137	1	1	1.0	0.012367436575179538	0.012367436575179538	0.012367436575179538	1.0
S2_BCN12_AS_NR	elastic_net	s__Streptococcus_mitis	9	9	0.1111111111111111	0.012301589860996194	0.012301589860996194	0.0	0.1111111111111111
S2_BCN12_AS_NR	elastic_net	s__Lachnospira_pectinoschiza	9	9	0.1111111111111111	-0.012294458913114866	0.012294458913114866	0.0	0.1111111111111111
S2_BCN12_AS_NR	elastic_net	s__GGB33512_SGB15203	9	9	0.2222222222222222	-0.012134966875816703	0.012134966875816703	0.0	0.2222222222222222
S2_BCN12_AS_NR	elastic_net	s__Dialister_invisus	9	9	0.3333333333333333	0.011582649946631884	0.011582649946631884	0.0	0.3333333333333333
S2_BCN12_AS_NR	elastic_net	s__GGB1420_SGB1957	6	6	0.16666666666666666	-0.01140852614605195	0.01140852614605195	0.0	0.16666666666666666
S2_BCN12_AS_NR	elastic_net	s__Christensenella_sp_Marseille_P3954	7	7	0.14285714285714285	0.01134672552128783	0.01134672552128783	0.0	0.14285714285714285
S2_BCN12_AS_NR	elastic_net	s__Desulfovibrio_SGB5077	9	9	0.2222222222222222	0.011238403549627941	0.011238403549627941	0.0	0.2222222222222222
S2_BCN12_AS_NR	elastic_net	s__Lachnospira_eligens	9	9	0.2222222222222222	0.010823089142908977	0.011012422812331682	0.0	0.1111111111111111
S2_BCN12_AS_NR	elastic_net	s__Haemophilus_parainfluenzae	9	9	0.1111111111111111	0.010889078366048159	0.010889078366048159	0.0	0.1111111111111111
S2_BCN12_AS_NR	elastic_net	s__GGB9296_SGB14253	9	9	0.1111111111111111	0.010883643145964968	0.010883643145964968	0.0	0.1111111111111111
S2_BCN12_AS_NR	elastic_net	s__Barnesiella_intestinihominis	9	9	0.1111111111111111	0.01083182536467336	0.01083182536467336	0.0	0.1111111111111111
S2_BCN12_AS_NR	elastic_net	s__Coprococcus_SGB4669	9	9	0.2222222222222222	-0.010796546746635525	0.010796546746635525	0.0	0.2222222222222222
S2_BCN12_AS_NR	elastic_net	s__Anaerococcus_SGB53821	9	9	0.3333333333333333	-0.010784207516189026	0.010784207516189026	0.0	0.3333333333333333
S2_BCN12_AS_NR	elastic_net	s__Holdemania_filiformis	9	9	0.1111111111111111	-0.010654286873190024	0.010654286873190024	0.0	0.1111111111111111
S2_BCN12_AS_NR	elastic_net	s__Clostridium_sp_AF12_28	9	9	0.1111111111111111	-0.010544929148313521	0.010544929148313521	0.0	0.1111111111111111
S2_BCN12_AS_NR	elastic_net	s__Eubacterium_callanderi	6	6	0.16666666666666666	0.010394437045425082	0.010394437045425082	0.0	0.16666666666666666
S2_BCN12_AS_NR	elastic_net	s__Streptococcus_sanguinis	9	9	0.1111111111111111	0.01019636766599092	0.01019636766599092	0.0	0.1111111111111111
S2_BCN12_AS_NR	elastic_net	s__Gordonibacter_urolithinfaciens	9	9	0.2222222222222222	-0.009956291290697583	0.009956291290697583	0.0	0.2222222222222222
S2_BCN12_AS_NR	elastic_net	s__Coprococcus_catus	9	9	0.1111111111111111	-0.009763859961116762	0.009763859961116762	0.0	0.1111111111111111
S2_BCN12_AS_NR	elastic_net	s__GGB9453_SGB14845	9	9	0.1111111111111111	0.009611605269953435	0.009611605269953435	0.0	0.1111111111111111
S2_BCN12_AS_NR	elastic_net	s__Mogibacterium_sp_NSJ_24	8	8	0.125	0.009498025547726701	0.009498025547726701	0.0	0.125
S2_BCN12_AS_NR	elastic_net	s__GGB9602_SGB15028	9	9	0.1111111111111111	-0.009484155713163476	0.009484155713163476	0.0	0.1111111111111111
S2_BCN12_AS_NR	elastic_net	s__Fusicatenibacter_saccharivorans	9	9	0.4444444444444444	0.007164141202262981	0.00943442427315503	0.0	0.3333333333333333
S2_BCN12_AS_NR	elastic_net	s__Cloacibacillus_evryensis	8	8	0.125	0.009149581097417439	0.009149581097417439	0.0	0.125
S2_BCN12_AS_NR	elastic_net	s__Enterocloster_citroniae	9	9	0.3333333333333333	0.009136254801861986	0.009136254801861986	0.0	0.3333333333333333
S2_BCN12_AS_NR	elastic_net	s__GGB9790_SGB15413	9	9	0.2222222222222222	0.009120175335547246	0.009120175335547246	0.0	0.2222222222222222
S2_BCN12_AS_NR	elastic_net	s__Clostridium_sp_AM33_3	9	9	0.1111111111111111	-0.00905757816281149	0.00905757816281149	0.0	0.1111111111111111
S2_BCN12_AS_NR	elastic_net	s__GGB80140_SGB15224	9	9	0.2222222222222222	0.008982090095282828	0.008982090095282828	0.0	0.2222222222222222
S2_BCN12_AS_NR	elastic_net	s__Actinomyces_SGB17132	6	6	0.16666666666666666	-0.008859307116186238	0.008859307116186238	0.0	0.16666666666666666
S2_BCN12_AS_NR	elastic_net	s__GGB3061_SGB4063	9	9	0.2222222222222222	0.008738406611706545	0.008738406611706545	0.0	0.2222222222222222
S2_BCN12_AS_NR	elastic_net	s__Alistipes_senegalensis	9	9	0.2222222222222222	-0.008727045871534642	0.008727045871534642	0.0	0.2222222222222222
S2_BCN12_AS_NR	elastic_net	s__Clostridium_perfringens	8	8	0.125	-0.008694060205496332	0.008694060205496332	0.0	0.125
S2_BCN12_AS_NR	elastic_net	s__Clostridium_sp_AF34_13	9	9	0.2222222222222222	-0.007838747663675032	0.00866786175458544	0.0	0.1111111111111111
S2_BCN12_AS_NR	elastic_net	s__GGB3570_SGB4777	9	9	0.1111111111111111	0.008376057328248098	0.008376057328248098	0.0	0.1111111111111111
S2_BCN12_AS_NR	elastic_net	s__GGB9524_SGB14924	9	9	0.1111111111111111	0.00813739096364264	0.00813739096364264	0.0	0.1111111111111111
S2_BCN12_AS_NR	elastic_net	s__GGB9618_SGB15065	8	8	0.25	-0.007952784200731266	0.007952784200731266	0.0	0.25
S2_BCN12_AS_NR	elastic_net	s__Lancefieldella_parvula	9	9	0.2222222222222222	-0.00794095869640302	0.00794095869640302	0.0	0.2222222222222222
S2_BCN12_AS_NR	elastic_net	s__GGB45497_SGB63169	9	9	0.1111111111111111	-0.007730049129763897	0.007730049129763897	0.0	0.1111111111111111
S2_BCN12_AS_NR	elastic_net	s__Anaerotignum_faecicola	9	9	0.2222222222222222	-0.00769126691682968	0.00769126691682968	0.0	0.2222222222222222
S2_BCN12_AS_NR	elastic_net	s__GGB9512_SGB14909	9	9	0.1111111111111111	-0.007578221006059617	0.007578221006059617	0.0	0.1111111111111111
S2_BCN12_AS_NR	elastic_net	s__Staphylococcus_SGB6340	9	9	0.2222222222222222	-0.007552694504477754	0.007552694504477754	0.0	0.2222222222222222
S2_BCN12_AS_NR	elastic_net	s__GGB9293_SGB14250	9	9	0.1111111111111111	0.0075381335911272745	0.0075381335911272745	0.0	0.1111111111111111
S2_BCN12_AS_NR	elastic_net	s__Collinsella_SGB15196	8	8	0.125	-0.007318239845869213	0.007318239845869213	0.0	0.125
S2_BCN12_AS_NR	elastic_net	s__Clostridium_sp_AT4	9	9	0.3333333333333333	0.007276904422745332	0.007276904422745332	0.0	0.3333333333333333
S2_BCN12_AS_NR	elastic_net	s__Collinsella_SGB4121	9	9	0.2222222222222222	-0.007220951428506196	0.007220951428506196	0.0	0.2222222222222222
S2_BCN12_AS_NR	elastic_net	s__Merdimonas_faecis	9	9	0.2222222222222222	0.006818484346844995	0.006818484346844995	0.0	0.2222222222222222
S2_BCN12_AS_NR	elastic_net	s__GGB79630_SGB13983	9	9	0.2222222222222222	0.00669233569516778	0.00669233569516778	0.0	0.2222222222222222
S2_BCN12_AS_NR	elastic_net	s__Catenibacterium_SGB4425	7	7	0.2857142857142857	0.006355322009676116	0.006355322009676116	0.0	0.2857142857142857
S2_BCN12_AS_NR	elastic_net	s__GGB9186_SGB14125	9	9	0.1111111111111111	-0.006242309304888505	0.006242309304888505	0.0	0.1111111111111111
S2_BCN12_AS_NR	elastic_net	s__Desulfovibrio_piger	9	9	0.1111111111111111	0.0059184372864126795	0.0059184372864126795	0.0	0.1111111111111111
S2_BCN12_AS_NR	elastic_net	s__GGB9501_SGB14898	9	9	0.1111111111111111	0.005904934402738399	0.005904934402738399	0.0	0.1111111111111111
S2_BCN12_AS_NR	elastic_net	s__Actinomyces_SGB17168	9	9	0.1111111111111111	0.005903939055680068	0.005903939055680068	0.0	0.1111111111111111
S2_BCN12_AS_NR	elastic_net	s__Lacrimispora_saccharolytica	9	9	0.1111111111111111	0.005895282708700109	0.005895282708700109	0.0	0.1111111111111111
S2_BCN12_AS_NR	elastic_net	s__GGB45495_SGB63167	9	9	0.1111111111111111	-0.00589478639123988	0.00589478639123988	0.0	0.1111111111111111
S2_BCN12_AS_NR	elastic_net	s__Clostridium_fessum	9	9	0.1111111111111111	0.005883554159998555	0.005883554159998555	0.0	0.1111111111111111
S2_BCN12_AS_NR	elastic_net	s__Pseudoruminococcus_massiliensis	8	8	0.125	-0.005767411733145768	0.005767411733145768	0.0	0.125
S2_BCN12_AS_NR	elastic_net	s__Ellagibacter_isourolithinifaciens	9	9	0.1111111111111111	-0.0057082427715781986	0.0057082427715781986	0.0	0.1111111111111111
S2_BCN12_AS_NR	elastic_net	s__GGB9766_SGB15383	9	9	0.1111111111111111	0.005420412135654779	0.005420412135654779	0.0	0.1111111111111111
S2_BCN12_AS_NR	elastic_net	s__Actinobaculum_sp_oral_taxon_183	8	8	0.125	-0.0052651936730025726	0.0052651936730025726	0.0	0.125
S2_BCN12_AS_NR	elastic_net	s__Ruminococcus_bromii	9	9	0.1111111111111111	0.005173940557824566	0.005173940557824566	0.0	0.1111111111111111
S2_BCN12_AS_NR	elastic_net	s__Eubacterium_SGB4961	9	9	0.2222222222222222	-0.005129228330094255	0.005129228330094255	0.0	0.2222222222222222
S2_BCN12_AS_NR	elastic_net	s__GGB42389_SGB59559	9	9	0.1111111111111111	-0.0051272234083489425	0.0051272234083489425	0.0	0.1111111111111111
S2_BCN12_AS_NR	elastic_net	s__Blautia_wexlerae	9	9	0.1111111111111111	0.005091615703639174	0.005091615703639174	0.0	0.1111111111111111
S2_BCN12_AS_NR	elastic_net	s__Bifidobacterium_pseudocatenulatum	9	9	0.2222222222222222	0.005047595951884639	0.005047595951884639	0.0	0.2222222222222222
S2_BCN12_AS_NR	elastic_net	s__Bacteroides_clarus	9	9	0.2222222222222222	-0.005006560428468237	0.005006560428468237	0.0	0.2222222222222222
S2_BCN12_AS_NR	elastic_net	s__Oscillibacter_sp_PC13	8	8	0.125	0.004858398756079079	0.004858398756079079	0.0	0.125
S2_BCN12_AS_NR	elastic_net	s__GGB51959_SGB72479	9	9	0.1111111111111111	-0.0045044178953028745	0.0045044178953028745	0.0	0.1111111111111111
S2_BCN12_AS_NR	elastic_net	s__Dysosmobacter_sp_BX15	9	9	0.2222222222222222	0.0042898947183975834	0.0042898947183975834	0.0	0.2222222222222222
S2_BCN12_AS_NR	elastic_net	s__GGB9636_SGB15107	9	9	0.1111111111111111	0.004225288177771176	0.004225288177771176	0.0	0.1111111111111111
S2_BCN12_AS_NR	elastic_net	s__Dorea_longicatena	9	9	0.1111111111111111	-0.004083477802884588	0.004083477802884588	0.0	0.1111111111111111
S2_BCN12_AS_NR	elastic_net	s__Actinomyces_SGB17163	8	8	0.125	0.003924632224803694	0.003924632224803694	0.0	0.125
S2_BCN12_AS_NR	elastic_net	s__Bilophila_wadsworthia	9	9	0.2222222222222222	-0.0037885679829728824	0.0037885679829728824	0.0	0.2222222222222222
S2_BCN12_AS_NR	elastic_net	s__Cuneatibacter_caecimuris	8	8	0.25	0.0037113499091933027	0.0037113499091933027	0.0	0.25
S2_BCN12_AS_NR	elastic_net	s__Mediterraneibacter_glycyrrhizinilyticus	9	9	0.2222222222222222	0.0036556575211146003	0.0036556575211146003	0.0	0.2222222222222222
S2_BCN12_AS_NR	elastic_net	s__Holdemanella_porci	9	9	0.2222222222222222	0.0034392801102122823	0.0034392801102122823	0.0	0.2222222222222222
S2_BCN12_AS_NR	elastic_net	s__Mogibacterium_kristiansenii	9	9	0.1111111111111111	0.0034000040039751872	0.0034000040039751872	0.0	0.1111111111111111
S2_BCN12_AS_NR	elastic_net	s__GGB77437_SGB9391	9	9	0.2222222222222222	0.0031729701871705163	0.0031729701871705163	0.0	0.2222222222222222
S2_BCN12_AS_NR	elastic_net	s__GGB1495_SGB2071	4	4	0.25	-0.0031672093672419077	0.0031672093672419077	0.0	0.25
S2_BCN12_AS_NR	elastic_net	s__Clostridium_sp_AM22_11AC	9	9	0.1111111111111111	0.0028997883527103964	0.0028997883527103964	0.0	0.1111111111111111
S2_BCN12_AS_NR	elastic_net	s__Holdemanella_biformis	4	4	0.25	0.0027779924912157503	0.0027779924912157503	0.0	0.25
S2_BCN12_AS_NR	elastic_net	s__Eggerthella_lenta	9	9	0.1111111111111111	0.002721627142526555	0.002721627142526555	0.0	0.1111111111111111
S2_BCN12_AS_NR	elastic_net	s__Phocaeicola_plebeius	9	9	0.1111111111111111	-0.0027110263476346095	0.0027110263476346095	0.0	0.1111111111111111
S2_BCN12_AS_NR	elastic_net	s__Desulfovibrio_fairfieldensis	8	8	0.125	0.00269039697138314	0.00269039697138314	0.0	0.125
S2_BCN12_AS_NR	elastic_net	s__Alistipes_ihumii	9	9	0.1111111111111111	0.0025368444686453494	0.0025368444686453494	0.0	0.1111111111111111
S2_BCN12_AS_NR	elastic_net	s__GGB9350_SGB14317	8	8	0.25	-0.0025196957489610973	0.0025196957489610973	0.0	0.25
S2_BCN12_AS_NR	elastic_net	s__GGB9782_SGB15403	9	9	0.1111111111111111	-0.002501914242108368	0.002501914242108368	0.0	0.1111111111111111
S2_BCN12_AS_NR	elastic_net	s__GGB4456_SGB6141	9	9	0.1111111111111111	0.002402262629444653	0.002402262629444653	0.0	0.1111111111111111
S2_BCN12_AS_NR	elastic_net	s__Escherichia_coli	9	9	0.1111111111111111	-0.0023768271445746445	0.0023768271445746445	0.0	0.1111111111111111
S2_BCN12_AS_NR	elastic_net	s__GGB3510_SGB4687	9	9	0.1111111111111111	-0.00221941750176355	0.00221941750176355	0.0	0.1111111111111111
S2_BCN12_AS_NR	elastic_net	s__Roseburia_sp_AF02_12	9	9	0.1111111111111111	-0.002181310121002104	0.002181310121002104	0.0	0.1111111111111111
S2_BCN12_AS_NR	elastic_net	s__Odoribacter_splanchnicus	9	9	0.1111111111111111	0.0021535676144429673	0.0021535676144429673	0.0	0.1111111111111111
S2_BCN12_AS_NR	elastic_net	s__GGB47687_SGB2286	9	9	0.1111111111111111	-0.002117901973633129	0.002117901973633129	0.0	0.1111111111111111
S2_BCN12_AS_NR	elastic_net	s__GGB9818_SGB15459	9	9	0.1111111111111111	0.00208309605123049	0.00208309605123049	0.0	0.1111111111111111
S2_BCN12_AS_NR	elastic_net	s__Mogibacterium_sp_BX12	9	9	0.1111111111111111	-0.0020762934202979626	0.0020762934202979626	0.0	0.1111111111111111
S2_BCN12_AS_NR	elastic_net	s__GGB9635_SGB15106	9	9	0.1111111111111111	0.00201807700111413	0.00201807700111413	0.0	0.1111111111111111
S2_BCN12_AS_NR	elastic_net	s__GGB3304_SGB4367	9	9	0.1111111111111111	-0.0019594980736456174	0.0019594980736456174	0.0	0.1111111111111111
S2_BCN12_AS_NR	elastic_net	s__GGB2980_SGB3962	9	9	0.1111111111111111	0.001646934569861315	0.001646934569861315	0.0	0.1111111111111111
S2_BCN12_AS_NR	elastic_net	s__Turicibacter_sanguinis	9	9	0.1111111111111111	0.0016232172110868161	0.0016232172110868161	0.0	0.1111111111111111
S2_BCN12_AS_NR	elastic_net	s__Clostridium_sp_AF34_10BH	9	9	0.2222222222222222	0.0015657267300766503	0.0015657267300766503	0.0	0.2222222222222222
S2_BCN12_AS_NR	elastic_net	s__Anaerobutyricum_soehngenii	9	9	0.2222222222222222	0.001527001758019781	0.001527001758019781	0.0	0.2222222222222222
S2_BCN12_AS_NR	elastic_net	s__Mediterraneibacter_butyricigenes	9	9	0.1111111111111111	-0.0014940672480272322	0.0014940672480272322	0.0	0.1111111111111111
S2_BCN12_AS_NR	elastic_net	s__Sanguibacter_SGB15121	9	9	0.1111111111111111	-0.0014639699661156023	0.0014639699661156023	0.0	0.1111111111111111
S2_BCN12_AS_NR	elastic_net	s__Clostridium_sp_NSJ_42	9	9	0.1111111111111111	-0.0013273546653076473	0.0013273546653076473	0.0	0.1111111111111111
S2_BCN12_AS_NR	elastic_net	s__Coprococcus_comes	9	9	0.1111111111111111	-0.001308760984251551	0.001308760984251551	0.0	0.1111111111111111
S2_BCN12_AS_NR	elastic_net	s__Anaerobutyricum_hallii	9	9	0.1111111111111111	-0.001254284114912481	0.001254284114912481	0.0	0.1111111111111111
S2_BCN12_AS_NR	elastic_net	s__Clostridium_sp_AF27_2AA	9	9	0.1111111111111111	0.0011498174224402967	0.0011498174224402967	0.0	0.1111111111111111
S2_BCN12_AS_NR	elastic_net	s__GGB9677_SGB15180	9	9	0.1111111111111111	0.0010052486379118054	0.0010052486379118054	0.0	0.1111111111111111
S2_BCN12_AS_NR	elastic_net	s__GGB2977_SGB3959	9	9	0.1111111111111111	-0.0008942808376810994	0.0008942808376810994	0.0	0.1111111111111111
S2_BCN12_AS_NR	elastic_net	s__GGB79734_SGB15291	9	9	0.1111111111111111	-0.0007362667323271497	0.0007362667323271497	0.0	0.1111111111111111
S2_BCN12_AS_NR	elastic_net	s__GGB2987_SGB3969	9	9	0.1111111111111111	-0.0006356770136770487	0.0006356770136770487	0.0	0.1111111111111111
S2_BCN12_AS_NR	elastic_net	s__GGB80011_SGB15267	9	9	0.1111111111111111	-0.0004900545919487815	0.0004900545919487815	0.0	0.1111111111111111
S2_BCN12_AS_NR	elastic_net	s__GGB9342_SGB14306	9	9	0.1111111111111111	-0.00046191639974874993	0.00046191639974874993	0.0	0.1111111111111111
S2_BCN12_AS_NR	elastic_net	s__Roseburia_inulinivorans	9	9	0.1111111111111111	-0.0003375377951228762	0.0003375377951228762	0.0	0.1111111111111111
S2_BCN12_AS_NR	elastic_net	s__Bifidobacterium_longum	9	9	0.1111111111111111	0.00032710270454717105	0.00032710270454717105	0.0	0.1111111111111111
S2_BCN12_AS_NR	elastic_net	s__GGB9786_SGB15409	9	9	0.1111111111111111	-8.2701235833926e-05	8.2701235833926e-05	0.0	0.1111111111111111
S2_BCN12_AS_NR	elastic_net	s__Blautia_producta	9	9	0.1111111111111111	-4.894629106319605e-05	4.894629106319605e-05	0.0	0.1111111111111111
S2_BCN12_AS_NR	elastic_net	s__Hydrogeniiclostidium_mannosilyticum	9	9	0.1111111111111111	4.412318817954061e-05	4.412318817954061e-05	0.0	0.1111111111111111
S2_BCN12_AS_NR	elastic_net	s__GGB42994_SGB4746	9	9	0.1111111111111111	-5.096736293758514e-06	5.096736293758514e-06	0.0	0.1111111111111111
S2_BCN12_AS_NR	elastic_net	s__Vescimonas_fastidiosa	4	4	0.25	-4.37538221214629e-08	4.37538221214629e-08	0.0	0.25
S2_BCN12_AS_NR	elastic_net	s__Acidaminococcus_intestini	9	9	0.0	0.0	0.0	0.0	0.0
S2_BCN12_AS_NR	elastic_net	s__Actinomyces_SGB17154	9	9	0.0	0.0	0.0	0.0	0.0
S2_BCN12_AS_NR	elastic_net	s__Actinomyces_bouchesdurhonensis	8	8	0.0	0.0	0.0	0.0	0.0
S2_BCN12_AS_NR	elastic_net	s__Actinomyces_dentalis	2	2	0.0	0.0	0.0	0.0	0.0
S2_BCN12_AS_NR	elastic_net	s__Actinomyces_massiliensis	8	8	0.0	0.0	0.0	0.0	0.0
S2_BCN12_AS_NR	elastic_net	s__Actinomyces_naeslundii	9	9	0.0	0.0	0.0	0.0	0.0
S2_BCN12_AS_NR	elastic_net	s__Actinomyces_sp_ICM58	9	9	0.0	0.0	0.0	0.0	0.0
S2_BCN12_AS_NR	elastic_net	s__Actinomyces_sp_oral_taxon_448	9	9	0.0	0.0	0.0	0.0	0.0
S2_BCN12_AS_NR	elastic_net	s__Akkermansia_muciniphila	9	9	0.0	0.0	0.0	0.0	0.0
S2_BCN12_AS_NR	elastic_net	s__Alistipes_communis	9	9	0.0	0.0	0.0	0.0	0.0
S2_BCN12_AS_NR	elastic_net	s__Alistipes_dispar	9	9	0.0	0.0	0.0	0.0	0.0
S2_BCN12_AS_NR	elastic_net	s__Alistipes_indistinctus	9	9	0.0	0.0	0.0	0.0	0.0
S2_BCN12_AS_NR	elastic_net	s__Alistipes_shahii	9	9	0.0	0.0	0.0	0.0	0.0
S2_BCN12_AS_NR	elastic_net	s__Allisonella_histaminiformans	2	2	0.0	0.0	0.0	0.0	0.0
S2_BCN12_AS_NR	elastic_net	s__Amedibacillus_dolichus	7	7	0.0	0.0	0.0	0.0	0.0
S2_BCN12_AS_NR	elastic_net	s__Anaerofustis_stercorihominis	9	9	0.0	0.0	0.0	0.0	0.0
S2_BCN12_AS_NR	elastic_net	s__Anaerostipes_caccae	9	9	0.0	0.0	0.0	0.0	0.0
S2_BCN12_AS_NR	elastic_net	s__Anaerotignum_lactatifermentans	5	5	0.0	0.0	0.0	0.0	0.0
S2_BCN12_AS_NR	elastic_net	s__Angelakisella_massiliensis	8	8	0.0	0.0	0.0	0.0	0.0
S2_BCN12_AS_NR	elastic_net	s__Bacteroides_caccae	9	9	0.0	0.0	0.0	0.0	0.0
S2_BCN12_AS_NR	elastic_net	s__Bacteroides_cellulosilyticus	9	9	0.0	0.0	0.0	0.0	0.0
S2_BCN12_AS_NR	elastic_net	s__Bacteroides_faecis	9	9	0.0	0.0	0.0	0.0	0.0
S2_BCN12_AS_NR	elastic_net	s__Bacteroides_intestinalis	9	9	0.0	0.0	0.0	0.0	0.0
S2_BCN12_AS_NR	elastic_net	s__Bacteroides_nordii	9	9	0.0	0.0	0.0	0.0	0.0
S2_BCN12_AS_NR	elastic_net	s__Bacteroides_ovatus	9	9	0.0	0.0	0.0	0.0	0.0
S2_BCN12_AS_NR	elastic_net	s__Bacteroides_thetaiotaomicron	9	9	0.0	0.0	0.0	0.0	0.0
S2_BCN12_AS_NR	elastic_net	s__Bifidobacterium_animalis	9	9	0.0	0.0	0.0	0.0	0.0
S2_BCN12_AS_NR	elastic_net	s__Blautia_SGB4815	9	9	0.0	0.0	0.0	0.0	0.0
S2_BCN12_AS_NR	elastic_net	s__Blautia_faecis	9	9	0.0	0.0	0.0	0.0	0.0
S2_BCN12_AS_NR	elastic_net	s__Blautia_glucerasea	9	9	0.0	0.0	0.0	0.0	0.0
S2_BCN12_AS_NR	elastic_net	s__Blautia_hansenii	9	9	0.0	0.0	0.0	0.0	0.0
S2_BCN12_AS_NR	elastic_net	s__Blautia_hydrogenotrophica	9	9	0.0	0.0	0.0	0.0	0.0
S2_BCN12_AS_NR	elastic_net	s__Blautia_sp_MSK_20_85	9	9	0.0	0.0	0.0	0.0	0.0
S2_BCN12_AS_NR	elastic_net	s__Blautia_sp_OF03_15BH	9	9	0.0	0.0	0.0	0.0	0.0
S2_BCN12_AS_NR	elastic_net	s__Blautia_stercoris	9	9	0.0	0.0	0.0	0.0	0.0
S2_BCN12_AS_NR	elastic_net	s__Butyricimonas_SGB15260	9	9	0.0	0.0	0.0	0.0	0.0
S2_BCN12_AS_NR	elastic_net	s__Candidatus_Catenibacterium_tridentinum	9	9	0.0	0.0	0.0	0.0	0.0
S2_BCN12_AS_NR	elastic_net	s__Candidatus_Cibionibacter_quicibialis	9	9	0.0	0.0	0.0	0.0	0.0
S2_BCN12_AS_NR	elastic_net	s__Candidatus_Nanosynsacchari_sp_TM7_ANC_38_39_G1_1	6	6	0.0	0.0	0.0	0.0	0.0
S2_BCN12_AS_NR	elastic_net	s__Cellulomonas_flavigena	5	5	0.0	0.0	0.0	0.0	0.0
S2_BCN12_AS_NR	elastic_net	s__Christensenella_hongkongensis	9	9	0.0	0.0	0.0	0.0	0.0
S2_BCN12_AS_NR	elastic_net	s__Christensenella_minuta	9	9	0.0	0.0	0.0	0.0	0.0
S2_BCN12_AS_NR	elastic_net	s__Clostridium_SGB4750	9	9	0.0	0.0	0.0	0.0	0.0
S2_BCN12_AS_NR	elastic_net	s__Clostridium_SGB4909	9	9	0.0	0.0	0.0	0.0	0.0
S2_BCN12_AS_NR	elastic_net	s__Clostridium_butyricum	9	9	0.0	0.0	0.0	0.0	0.0
S2_BCN12_AS_NR	elastic_net	s__Clostridium_paraputrificum	1	1	0.0	0.0	0.0	0.0	0.0
S2_BCN12_AS_NR	elastic_net	s__Clostridium_saudiense	9	9	0.0	0.0	0.0	0.0	0.0
S2_BCN12_AS_NR	elastic_net	s__Clostridium_sp_1001271st1_H5	3	3	0.0	0.0	0.0	0.0	0.0
S2_BCN12_AS_NR	elastic_net	s__Clostridium_sp_AF20_17LB	9	9	0.0	0.0	0.0	0.0	0.0
S2_BCN12_AS_NR	elastic_net	s__Clostridium_sp_Marseille_P3244	9	9	0.0	0.0	0.0	0.0	0.0
S2_BCN12_AS_NR	elastic_net	s__Clostridium_spiroforme	9	9	0.0	0.0	0.0	0.0	0.0
S2_BCN12_AS_NR	elastic_net	s__Clostridium_symbiosum	9	9	0.0	0.0	0.0	0.0	0.0
S2_BCN12_AS_NR	elastic_net	s__Collinsella_bouchesdurhonensis	9	9	0.0	0.0	0.0	0.0	0.0
S2_BCN12_AS_NR	elastic_net	s__Collinsella_intestinalis	8	8	0.0	0.0	0.0	0.0	0.0
S2_BCN12_AS_NR	elastic_net	s__Coprobacter_fastidiosus	9	9	0.0	0.0	0.0	0.0	0.0
S2_BCN12_AS_NR	elastic_net	s__Coprobacter_secundus	9	9	0.0	0.0	0.0	0.0	0.0
S2_BCN12_AS_NR	elastic_net	s__Coprococcus_eutactus	9	9	0.0	0.0	0.0	0.0	0.0
S2_BCN12_AS_NR	elastic_net	s__Corynebacterium_durum	8	8	0.0	0.0	0.0	0.0	0.0
S2_BCN12_AS_NR	elastic_net	s__Dorea_sp_AF36_15AT	9	9	0.0	0.0	0.0	0.0	0.0
S2_BCN12_AS_NR	elastic_net	s__Dysosmobacter_sp_NSJ_60	9	9	0.0	0.0	0.0	0.0	0.0
S2_BCN12_AS_NR	elastic_net	s__Dysosmobacter_welbionis	9	9	0.0	0.0	0.0	0.0	0.0
S2_BCN12_AS_NR	elastic_net	s__Eisenbergiella_tayi	9	9	0.0	0.0	0.0	0.0	0.0
S2_BCN12_AS_NR	elastic_net	s__Emergencia_timonensis	8	8	0.0	0.0	0.0	0.0	0.0
S2_BCN12_AS_NR	elastic_net	s__Enterocloster_asparagiformis	9	9	0.0	0.0	0.0	0.0	0.0
S2_BCN12_AS_NR	elastic_net	s__Enterocloster_bolteae	9	9	0.0	0.0	0.0	0.0	0.0
S2_BCN12_AS_NR	elastic_net	s__Enterocloster_clostridioformis	9	9	0.0	0.0	0.0	0.0	0.0
S2_BCN12_AS_NR	elastic_net	s__Enterococcus_SGB6173	9	9	0.0	0.0	0.0	0.0	0.0
S2_BCN12_AS_NR	elastic_net	s__Enterococcus_faecalis	9	9	0.0	0.0	0.0	0.0	0.0
S2_BCN12_AS_NR	elastic_net	s__Enterococcus_faecium	9	9	0.0	0.0	0.0	0.0	0.0
S2_BCN12_AS_NR	elastic_net	s__Erysipelatoclostridium_ramosum	9	9	0.0	0.0	0.0	0.0	0.0
S2_BCN12_AS_NR	elastic_net	s__Eubacterium_SGB4671	1	1	0.0	0.0	0.0	0.0	0.0
S2_BCN12_AS_NR	elastic_net	s__Eubacterium_ramulus	9	9	0.0	0.0	0.0	0.0	0.0
S2_BCN12_AS_NR	elastic_net	s__Eubacterium_ventriosum	9	9	0.0	0.0	0.0	0.0	0.0
S2_BCN12_AS_NR	elastic_net	s__Faecalibacterium_SGB15315	9	9	0.0	0.0	0.0	0.0	0.0
S2_BCN12_AS_NR	elastic_net	s__Faecalicatena_fissicatena	9	9	0.0	0.0	0.0	0.0	0.0
S2_BCN12_AS_NR	elastic_net	s__Faecalimonas_umbilicata	9	9	0.0	0.0	0.0	0.0	0.0
S2_BCN12_AS_NR	elastic_net	s__Faecalitalea_cylindroides	9	9	0.0	0.0	0.0	0.0	0.0
S2_BCN12_AS_NR	elastic_net	s__Flavonifractor_plautii	9	9	0.0	0.0	0.0	0.0	0.0
S2_BCN12_AS_NR	elastic_net	s__GGB10485_SGB49305	8	8	0.0	0.0	0.0	0.0	0.0
S2_BCN12_AS_NR	elastic_net	s__GGB1627_SGB2230	4	4	0.0	0.0	0.0	0.0	0.0
S2_BCN12_AS_NR	elastic_net	s__GGB1662_SGB2276	2	2	0.0	0.0	0.0	0.0	0.0
S2_BCN12_AS_NR	elastic_net	s__GGB2653_SGB3574	9	9	0.0	0.0	0.0	0.0	0.0
S2_BCN12_AS_NR	elastic_net	s__GGB2848_SGB3813	9	9	0.0	0.0	0.0	0.0	0.0
S2_BCN12_AS_NR	elastic_net	s__GGB2958_SGB3940	9	9	0.0	0.0	0.0	0.0	0.0
S2_BCN12_AS_NR	elastic_net	s__GGB2998_SGB3988	9	9	0.0	0.0	0.0	0.0	0.0
S2_BCN12_AS_NR	elastic_net	s__GGB3000_SGB3991	9	9	0.0	0.0	0.0	0.0	0.0
S2_BCN12_AS_NR	elastic_net	s__GGB3005_SGB3996	9	9	0.0	0.0	0.0	0.0	0.0
S2_BCN12_AS_NR	elastic_net	s__GGB3033_SGB4029	9	9	0.0	0.0	0.0	0.0	0.0
S2_BCN12_AS_NR	elastic_net	s__GGB3109_SGB4643	9	9	0.0	0.0	0.0	0.0	0.0
S2_BCN12_AS_NR	elastic_net	s__GGB31234_SGB14869	9	9	0.0	0.0	0.0	0.0	0.0
S2_BCN12_AS_NR	elastic_net	s__GGB3124_SGB4136	1	1	0.0	0.0	0.0	0.0	0.0
S2_BCN12_AS_NR	elastic_net	s__GGB3167_SGB4181	9	9	0.0	0.0	0.0	0.0	0.0
S2_BCN12_AS_NR	elastic_net	s__GGB33512_SGB15201	9	9	0.0	0.0	0.0	0.0	0.0
S2_BCN12_AS_NR	elastic_net	s__GGB34228_SGB72916	4	4	0.0	0.0	0.0	0.0	0.0
S2_BCN12_AS_NR	elastic_net	s__GGB3446_SGB4597	1	1	0.0	0.0	0.0	0.0	0.0
S2_BCN12_AS_NR	elastic_net	s__GGB3463_SGB4621	4	4	0.0	0.0	0.0	0.0	0.0
S2_BCN12_AS_NR	elastic_net	s__GGB3475_SGB4638	8	8	0.0	0.0	0.0	0.0	0.0
S2_BCN12_AS_NR	elastic_net	s__GGB3513_SGB4691	1	1	0.0	0.0	0.0	0.0	0.0
S2_BCN12_AS_NR	elastic_net	s__GGB3588_SGB4808	9	9	0.0	0.0	0.0	0.0	0.0
S2_BCN12_AS_NR	elastic_net	s__GGB3593_SGB4817	2	2	0.0	0.0	0.0	0.0	0.0
S2_BCN12_AS_NR	elastic_net	s__GGB3602_SGB4574	9	9	0.0	0.0	0.0	0.0	0.0
S2_BCN12_AS_NR	elastic_net	s__GGB3619_SGB4894	9	9	0.0	0.0	0.0	0.0	0.0
S2_BCN12_AS_NR	elastic_net	s__GGB36267_SGB14177	9	9	0.0	0.0	0.0	0.0	0.0
S2_BCN12_AS_NR	elastic_net	s__GGB3653_SGB4964	9	9	0.0	0.0	0.0	0.0	0.0
S2_BCN12_AS_NR	elastic_net	s__GGB3746_SGB5089	9	9	0.0	0.0	0.0	0.0	0.0
S2_BCN12_AS_NR	elastic_net	s__GGB3815_SGB5180	2	2	0.0	0.0	0.0	0.0	0.0
S2_BCN12_AS_NR	elastic_net	s__GGB42378_SGB59548	1	1	0.0	0.0	0.0	0.0	0.0
S2_BCN12_AS_NR	elastic_net	s__GGB4566_SGB6305	9	9	0.0	0.0	0.0	0.0	0.0
S2_BCN12_AS_NR	elastic_net	s__GGB4684_SGB6478	1	1	0.0	0.0	0.0	0.0	0.0
S2_BCN12_AS_NR	elastic_net	s__GGB4745_SGB6571	4	4	0.0	0.0	0.0	0.0	0.0
S2_BCN12_AS_NR	elastic_net	s__GGB51510_SGB71883	9	9	0.0	0.0	0.0	0.0	0.0
S2_BCN12_AS_NR	elastic_net	s__GGB51647_SGB4348	9	9	0.0	0.0	0.0	0.0	0.0
S2_BCN12_AS_NR	elastic_net	s__GGB51960_SGB72480	5	5	0.0	0.0	0.0	0.0	0.0
S2_BCN12_AS_NR	elastic_net	s__GGB52106_SGB72838	9	9	0.0	0.0	0.0	0.0	0.0
S2_BCN12_AS_NR	elastic_net	s__GGB58233_SGB79883	9	9	0.0	0.0	0.0	0.0	0.0
S2_BCN12_AS_NR	elastic_net	s__GGB9189_SGB14128	9	9	0.0	0.0	0.0	0.0	0.0
S2_BCN12_AS_NR	elastic_net	s__GGB9210_SGB14149	8	8	0.0	0.0	0.0	0.0	0.0
S2_BCN12_AS_NR	elastic_net	s__GGB9240_SGB14182	9	9	0.0	0.0	0.0	0.0	0.0
S2_BCN12_AS_NR	elastic_net	s__GGB9261_SGB14209	3	3	0.0	0.0	0.0	0.0	0.0
S2_BCN12_AS_NR	elastic_net	s__GGB9302_SGB14263	5	5	0.0	0.0	0.0	0.0	0.0
S2_BCN12_AS_NR	elastic_net	s__GGB9474_SGB14868	3	3	0.0	0.0	0.0	0.0	0.0
S2_BCN12_AS_NR	elastic_net	s__GGB9524_SGB14923	1	1	0.0	0.0	0.0	0.0	0.0
S2_BCN12_AS_NR	elastic_net	s__GGB9559_SGB14968	1	1	0.0	0.0	0.0	0.0	0.0
S2_BCN12_AS_NR	elastic_net	s__GGB9561_SGB14972	7	7	0.0	0.0	0.0	0.0	0.0
S2_BCN12_AS_NR	elastic_net	s__GGB9608_SGB15041	9	9	0.0	0.0	0.0	0.0	0.0
S2_BCN12_AS_NR	elastic_net	s__GGB9614_SGB15049	9	9	0.0	0.0	0.0	0.0	0.0
S2_BCN12_AS_NR	elastic_net	s__GGB9619_SGB15067	9	9	0.0	0.0	0.0	0.0	0.0
S2_BCN12_AS_NR	elastic_net	s__GGB9634_SGB15093	9	9	0.0	0.0	0.0	0.0	0.0
S2_BCN12_AS_NR	elastic_net	s__GGB9635_SGB15103	2	2	0.0	0.0	0.0	0.0	0.0
S2_BCN12_AS_NR	elastic_net	s__GGB9640_SGB15115	9	9	0.0	0.0	0.0	0.0	0.0
S2_BCN12_AS_NR	elastic_net	s__GGB9691_SGB15198	4	4	0.0	0.0	0.0	0.0	0.0
S2_BCN12_AS_NR	elastic_net	s__GGB9708_SGB15233	9	9	0.0	0.0	0.0	0.0	0.0
S2_BCN12_AS_NR	elastic_net	s__GGB9712_SGB15244	9	9	0.0	0.0	0.0	0.0	0.0
S2_BCN12_AS_NR	elastic_net	s__GGB9719_SGB15272	9	9	0.0	0.0	0.0	0.0	0.0
S2_BCN12_AS_NR	elastic_net	s__GGB9719_SGB15273	9	9	0.0	0.0	0.0	0.0	0.0
S2_BCN12_AS_NR	elastic_net	s__GGB9719_SGB53514	8	8	0.0	0.0	0.0	0.0	0.0
S2_BCN12_AS_NR	elastic_net	s__GGB9737_SGB15309	1	1	0.0	0.0	0.0	0.0	0.0
S2_BCN12_AS_NR	elastic_net	s__GGB9758_SGB15368	9	9	0.0	0.0	0.0	0.0	0.0
S2_BCN12_AS_NR	elastic_net	s__GGB9760_SGB15374	9	9	0.0	0.0	0.0	0.0	0.0
S2_BCN12_AS_NR	elastic_net	s__GGB9762_SGB15377	4	4	0.0	0.0	0.0	0.0	0.0
S2_BCN12_AS_NR	elastic_net	s__GGB9765_SGB15382	9	9	0.0	0.0	0.0	0.0	0.0
S2_BCN12_AS_NR	elastic_net	s__GGB9767_SGB15384	1	1	0.0	0.0	0.0	0.0	0.0
S2_BCN12_AS_NR	elastic_net	s__GGB9767_SGB15385	9	9	0.0	0.0	0.0	0.0	0.0
S2_BCN12_AS_NR	elastic_net	s__GGB9770_SGB15389	9	9	0.0	0.0	0.0	0.0	0.0
S2_BCN12_AS_NR	elastic_net	s__GGB9775_SGB15395	9	9	0.0	0.0	0.0	0.0	0.0
S2_BCN12_AS_NR	elastic_net	s__GGB9781_SGB15402	9	9	0.0	0.0	0.0	0.0	0.0
S2_BCN12_AS_NR	elastic_net	s__GGB9787_SGB15410	9	9	0.0	0.0	0.0	0.0	0.0
S2_BCN12_AS_NR	elastic_net	s__Hydrogenoanaerobacterium_saccharovorans	9	9	0.0	0.0	0.0	0.0	0.0
S2_BCN12_AS_NR	elastic_net	s__Isoptericola_variabilis	9	9	0.0	0.0	0.0	0.0	0.0
S2_BCN12_AS_NR	elastic_net	s__Klebsiella_pneumoniae	9	9	0.0	0.0	0.0	0.0	0.0
S2_BCN12_AS_NR	elastic_net	s__Lachnoclostridium_sp_An138	7	7	0.0	0.0	0.0	0.0	0.0
S2_BCN12_AS_NR	elastic_net	s__Lachnospira_sp_NSJ_43	9	9	0.0	0.0	0.0	0.0	0.0
S2_BCN12_AS_NR	elastic_net	s__Lacticaseibacillus_rhamnosus	8	8	0.0	0.0	0.0	0.0	0.0
S2_BCN12_AS_NR	elastic_net	s__Lactococcus_cremoris	1	1	0.0	0.0	0.0	0.0	0.0
S2_BCN12_AS_NR	elastic_net	s__Massiliimalia_massiliensis	9	9	0.0	0.0	0.0	0.0	0.0
S2_BCN12_AS_NR	elastic_net	s__Massilioclostridium_coli	9	9	0.0	0.0	0.0	0.0	0.0
S2_BCN12_AS_NR	elastic_net	s__Mediterraneibacter_SGB48424	9	9	0.0	0.0	0.0	0.0	0.0
S2_BCN12_AS_NR	elastic_net	s__Mediterraneibacter_massiliensis	9	9	0.0	0.0	0.0	0.0	0.0
S2_BCN12_AS_NR	elastic_net	s__Mogibacterium_diversum	9	9	0.0	0.0	0.0	0.0	0.0
S2_BCN12_AS_NR	elastic_net	s__Olsenella_uli	1	1	0.0	0.0	0.0	0.0	0.0
S2_BCN12_AS_NR	elastic_net	s__Oscillibacter_sp_ER4	9	9	0.0	0.0	0.0	0.0	0.0
S2_BCN12_AS_NR	elastic_net	s__Oscillibacter_valericigenes	9	9	0.0	0.0	0.0	0.0	0.0
S2_BCN12_AS_NR	elastic_net	s__Parabacteroides_distasonis	9	9	0.0	0.0	0.0	0.0	0.0
S2_BCN12_AS_NR	elastic_net	s__Parabacteroides_goldsteinii	9	9	0.0	0.0	0.0	0.0	0.0
S2_BCN12_AS_NR	elastic_net	s__Parasutterella_SGB9260	9	9	0.0	0.0	0.0	0.0	0.0
S2_BCN12_AS_NR	elastic_net	s__Paratractidigestivibacter_faecalis	1	1	0.0	0.0	0.0	0.0	0.0
S2_BCN12_AS_NR	elastic_net	s__Pauljensenia_hongkongensis	2	2	0.0	0.0	0.0	0.0	0.0
S2_BCN12_AS_NR	elastic_net	s__Phascolarctobacterium_SGB4573	9	9	0.0	0.0	0.0	0.0	0.0
S2_BCN12_AS_NR	elastic_net	s__Phocaeicola_dorei	9	9	0.0	0.0	0.0	0.0	0.0
S2_BCN12_AS_NR	elastic_net	s__Prevotella_copri_clade_A	9	9	0.0	0.0	0.0	0.0	0.0
S2_BCN12_AS_NR	elastic_net	s__Propionibacterium_acidifaciens	7	7	0.0	0.0	0.0	0.0	0.0
S2_BCN12_AS_NR	elastic_net	s__Raoultibacter_massiliensis	5	5	0.0	0.0	0.0	0.0	0.0
S2_BCN12_AS_NR	elastic_net	s__Roseburia_sp_BX1005	9	9	0.0	0.0	0.0	0.0	0.0
S2_BCN12_AS_NR	elastic_net	s__Rothia_mucilaginosa	9	9	0.0	0.0	0.0	0.0	0.0
S2_BCN12_AS_NR	elastic_net	s__Ruminococcus_SGB4421	9	9	0.0	0.0	0.0	0.0	0.0
S2_BCN12_AS_NR	elastic_net	s__Ruminococcus_bicirculans	9	9	0.0	0.0	0.0	0.0	0.0
S2_BCN12_AS_NR	elastic_net	s__Ruminococcus_callidus	9	9	0.0	0.0	0.0	0.0	0.0
S2_BCN12_AS_NR	elastic_net	s__Ruminococcus_gnavus	9	9	0.0	0.0	0.0	0.0	0.0
S2_BCN12_AS_NR	elastic_net	s__Ruminococcus_sp_AF41_9	8	8	0.0	0.0	0.0	0.0	0.0
S2_BCN12_AS_NR	elastic_net	s__Ruminococcus_sp_AF46_10NS	1	1	0.0	0.0	0.0	0.0	0.0
S2_BCN12_AS_NR	elastic_net	s__Ruminococcus_torques	9	9	0.0	0.0	0.0	0.0	0.0
S2_BCN12_AS_NR	elastic_net	s__Scardovia_wiggsiae	8	8	0.0	0.0	0.0	0.0	0.0
S2_BCN12_AS_NR	elastic_net	s__Sellimonas_intestinalis	9	9	0.0	0.0	0.0	0.0	0.0
S2_BCN12_AS_NR	elastic_net	s__Senegalimassilia_anaerobia	9	9	0.0	0.0	0.0	0.0	0.0
S2_BCN12_AS_NR	elastic_net	s__Solibaculum_mannosilyticum	9	9	0.0	0.0	0.0	0.0	0.0
S2_BCN12_AS_NR	elastic_net	s__Solobacterium_SGB6829	7	7	0.0	0.0	0.0	0.0	0.0
S2_BCN12_AS_NR	elastic_net	s__Streptococcus_SGB15012	9	9	0.0	0.0	0.0	0.0	0.0
S2_BCN12_AS_NR	elastic_net	s__Streptococcus_anginosus	9	9	0.0	0.0	0.0	0.0	0.0
S2_BCN12_AS_NR	elastic_net	s__Streptococcus_gordonii	9	9	0.0	0.0	0.0	0.0	0.0
S2_BCN12_AS_NR	elastic_net	s__Streptococcus_infantis	9	9	0.0	0.0	0.0	0.0	0.0
S2_BCN12_AS_NR	elastic_net	s__Streptococcus_oralis	8	8	0.0	0.0	0.0	0.0	0.0
S2_BCN12_AS_NR	elastic_net	s__Streptococcus_salivarius	9	9	0.0	0.0	0.0	0.0	0.0
S2_BCN12_AS_NR	elastic_net	s__Veillonella_dispar	9	9	0.0	0.0	0.0	0.0	0.0
S2_BCN12_AS_NR	elastic_net	s__Veillonella_rogosae	3	3	0.0	0.0	0.0	0.0	0.0
S2_BCN12_AS_NR	elastic_net	s__Victivallis_lenta	5	5	0.0	0.0	0.0	0.0	0.0
S3_EXCLUDE_LEE_SITES	elastic_net	s__Flavonifractor_sp_An100	2	2	1.0	0.7858956117195576	0.7858956117195576	0.7858956117195576	1.0
S3_EXCLUDE_LEE_SITES	elastic_net	s__GGB3444_SGB4594	7	7	0.7142857142857143	-0.3296771779232156	0.3296771779232156	-0.08133003109787564	0.7142857142857143
S3_EXCLUDE_LEE_SITES	elastic_net	s__Streptococcus_SGB14888	7	7	1.0	-0.32778171091344993	0.32778171091344993	-0.22826207990113273	1.0
S3_EXCLUDE_LEE_SITES	elastic_net	s__Faecalicatena_contorta	7	7	0.42857142857142855	0.32744338219844354	0.32744338219844354	0.0	0.42857142857142855
S3_EXCLUDE_LEE_SITES	elastic_net	s__Dorea_formicigenerans	7	7	0.42857142857142855	0.2761275168788944	0.2761275168788944	0.0	0.42857142857142855
S3_EXCLUDE_LEE_SITES	elastic_net	s__GGB9694_SGB15204	7	7	0.5714285714285714	0.2679111832883117	0.2679111832883117	0.03148481991005945	0.5714285714285714
S3_EXCLUDE_LEE_SITES	elastic_net	s__GGB3818_SGB5183	2	2	0.5	-0.26590057203500234	0.26590057203500234	-0.26590057203500234	0.5
S3_EXCLUDE_LEE_SITES	elastic_net	s__Lachnoclostridium_sp_An131	6	6	0.6666666666666666	-0.25678103872856234	0.25678103872856234	-0.06630455015056215	0.6666666666666666
S3_EXCLUDE_LEE_SITES	elastic_net	s__GGB9581_SGB79823	3	3	0.6666666666666666	-0.24290815516818873	0.24290815516818873	-0.05541524204834097	0.6666666666666666
S3_EXCLUDE_LEE_SITES	elastic_net	s__Vescimonas_coprocola	7	7	0.8571428571428571	-0.23978096925823827	0.23978096925823827	-0.12599638666859891	0.8571428571428571
S3_EXCLUDE_LEE_SITES	elastic_net	s__Veillonella_parvula	7	7	1.0	-0.238323503491174	0.238323503491174	-0.16918193379542135	1.0
S3_EXCLUDE_LEE_SITES	elastic_net	s__Bacteroides_eggerthii	7	7	0.42857142857142855	0.2208015471408096	0.2208015471408096	0.0	0.42857142857142855
S3_EXCLUDE_LEE_SITES	elastic_net	s__Anaerosacchariphilus_sp_NSJ_68	6	6	1.0	-0.21700169110747447	0.21700169110747447	-0.013486991143802887	1.0
S3_EXCLUDE_LEE_SITES	elastic_net	s__Anaerotruncus_colihominis	7	7	0.42857142857142855	-0.21607357559248452	0.21607357559248452	0.0	0.42857142857142855
S3_EXCLUDE_LEE_SITES	elastic_net	s__GGB9642_SGB15119	7	7	1.0	-0.21505627246027142	0.21505627246027142	-0.0969352496586697	1.0
S3_EXCLUDE_LEE_SITES	elastic_net	s__Senegalimassilia_SGB14826	1	1	1.0	-0.21470684436791498	0.21470684436791498	-0.21470684436791498	1.0
S3_EXCLUDE_LEE_SITES	elastic_net	s__Phascolarctobacterium_faecium	7	7	0.42857142857142855	0.20771204145225314	0.20771204145225314	0.0	0.42857142857142855
S3_EXCLUDE_LEE_SITES	elastic_net	s__Anaerostipes_hadrus	7	7	0.2857142857142857	-0.20419678894744248	0.20419678894744248	0.0	0.2857142857142857
S3_EXCLUDE_LEE_SITES	elastic_net	s__Eubacterium_sp_AF16_48	7	7	0.8571428571428571	-0.20158330914730288	0.20158330914730288	-0.07841922024032484	0.8571428571428571
S3_EXCLUDE_LEE_SITES	elastic_net	s__Catenibacterium_SGB4425	3	3	0.6666666666666666	0.19718729775954905	0.19718729775954905	0.2768503929285953	0.6666666666666666
S3_EXCLUDE_LEE_SITES	elastic_net	s__Clostridium_scindens	7	7	0.42857142857142855	0.1919125688081032	0.1919125688081032	0.0	0.42857142857142855
S3_EXCLUDE_LEE_SITES	elastic_net	s__Bacteroides_SGB15210	1	1	1.0	-0.18436403224899633	0.18436403224899633	-0.18436403224899633	1.0
S3_EXCLUDE_LEE_SITES	elastic_net	s__GGB3277_SGB4327	7	7	0.42857142857142855	-0.17780529820695073	0.17780529820695073	0.0	0.42857142857142855
S3_EXCLUDE_LEE_SITES	elastic_net	s__Blautia_massiliensis	7	7	0.2857142857142857	0.1766692597844568	0.1766692597844568	0.0	0.2857142857142857
S3_EXCLUDE_LEE_SITES	elastic_net	s__Methylobacterium_SGB15164	7	7	0.42857142857142855	0.1747720733321227	0.1747720733321227	0.0	0.42857142857142855
S3_EXCLUDE_LEE_SITES	elastic_net	s__GGB35068_SGB47850	6	6	0.6666666666666666	0.17473005950905218	0.17473005950905218	0.10374985388123328	0.6666666666666666
S3_EXCLUDE_LEE_SITES	elastic_net	s__Blautia_faecicola	1	1	1.0	0.17076460149763598	0.17076460149763598	0.17076460149763598	1.0
S3_EXCLUDE_LEE_SITES	elastic_net	s__Agathobaculum_butyriciproducens	7	7	0.42857142857142855	0.16872065367548686	0.16872065367548686	0.0	0.42857142857142855
S3_EXCLUDE_LEE_SITES	elastic_net	s__Bifidobacterium_bifidum	7	7	0.42857142857142855	0.1620046491418407	0.1620046491418407	0.0	0.42857142857142855
S3_EXCLUDE_LEE_SITES	elastic_net	s__Bifidobacterium_catenulatum	5	5	0.8	0.16047078148769764	0.16047078148769764	0.02452362431994319	0.8
S3_EXCLUDE_LEE_SITES	elastic_net	s__Parasutterella_excrementihominis	7	7	0.42857142857142855	-0.15782760227697867	0.15782760227697867	0.0	0.42857142857142855
S3_EXCLUDE_LEE_SITES	elastic_net	s__Alistipes_onderdonkii	7	7	0.2857142857142857	-0.15768123494527603	0.15768123494527603	0.0	0.2857142857142857
S3_EXCLUDE_LEE_SITES	elastic_net	s__Actinomyces_SGB17157	6	6	0.3333333333333333	-0.15496944977286212	0.15496944977286212	0.0	0.3333333333333333
S3_EXCLUDE_LEE_SITES	elastic_net	s__Alistipes_sp_AF17_16	7	7	0.42857142857142855	0.15328036101804784	0.15328036101804784	0.0	0.42857142857142855
S3_EXCLUDE_LEE_SITES	elastic_net	s__Coprobacillus_cateniformis	7	7	0.42857142857142855	-0.15287244904929528	0.15287244904929528	0.0	0.42857142857142855
S3_EXCLUDE_LEE_SITES	elastic_net	s__GGB3677_SGB4990	2	2	0.5	-0.15069220506483752	0.15069220506483752	-0.15069220506483752	0.5
S3_EXCLUDE_LEE_SITES	elastic_net	s__Pseudoflavonifractor_gallinarum	7	7	0.42857142857142855	-0.14986581113846967	0.14986581113846967	0.0	0.42857142857142855
S3_EXCLUDE_LEE_SITES	elastic_net	s__GGB9495_SGB14892	7	7	0.2857142857142857	-0.1482599593686766	0.1482599593686766	0.0	0.2857142857142857
S3_EXCLUDE_LEE_SITES	elastic_net	s__Anaerotruncus_rubiinfantis	7	7	0.42857142857142855	-0.14818510498490975	0.14818510498490975	0.0	0.42857142857142855
S3_EXCLUDE_LEE_SITES	elastic_net	s__Bacteroides_uniformis	7	7	0.2857142857142857	-0.14774990542003705	0.14774990542003705	0.0	0.2857142857142857
S3_EXCLUDE_LEE_SITES	elastic_net	s__GGB58158_SGB79798	7	7	0.2857142857142857	0.14243503985656447	0.14243503985656447	0.0	0.2857142857142857
S3_EXCLUDE_LEE_SITES	elastic_net	s__Christensenella_sp_Marseille_P3954	5	5	0.4	0.1414303668339139	0.1414303668339139	0.0	0.4
S3_EXCLUDE_LEE_SITES	elastic_net	s__Butyricimonas_faecihominis	7	7	0.2857142857142857	0.13805667891711956	0.13805667891711956	0.0	0.2857142857142857
S3_EXCLUDE_LEE_SITES	elastic_net	s__Cloacibacillus_evryensis	5	5	0.6	0.13769936091106436	0.13769936091106436	0.042632160677556936	0.6
S3_EXCLUDE_LEE_SITES	elastic_net	s__GGB16040_SGB9347	7	7	0.42857142857142855	0.1367929741596132	0.1367929741596132	0.0	0.42857142857142855
S3_EXCLUDE_LEE_SITES	elastic_net	s__GGB9627_SGB15081	7	7	0.42857142857142855	0.13304944486402645	0.13304944486402645	0.0	0.42857142857142855
S3_EXCLUDE_LEE_SITES	elastic_net	s__GGB9621_SGB15073	7	7	0.42857142857142855	-0.13068775059867396	0.13068775059867396	0.0	0.42857142857142855
S3_EXCLUDE_LEE_SITES	elastic_net	s__Roseburia_faecis	7	7	1.0	0.12979576711091365	0.12979576711091365	0.04768919613495533	1.0
S3_EXCLUDE_LEE_SITES	elastic_net	s__Streptococcus_mutans	7	7	0.2857142857142857	-0.12873741529073546	0.12873741529073546	0.0	0.2857142857142857
S3_EXCLUDE_LEE_SITES	elastic_net	s__Bittarella_massiliensis	7	7	0.8571428571428571	-0.1282484334146086	0.1282484334146086	-0.10395537278092963	0.8571428571428571
S3_EXCLUDE_LEE_SITES	elastic_net	s__Intestinibacter_bartlettii	7	7	0.42857142857142855	0.12780639652176776	0.12780639652176776	0.0	0.42857142857142855
S3_EXCLUDE_LEE_SITES	elastic_net	s__Faecalibacterium_prausnitzii	7	7	0.2857142857142857	0.12708736515313446	0.12708736515313446	0.0	0.2857142857142857
S3_EXCLUDE_LEE_SITES	elastic_net	s__Bacteroides_xylanisolvens	7	7	0.2857142857142857	0.1263947198331285	0.1263947198331285	0.0	0.2857142857142857
S3_EXCLUDE_LEE_SITES	elastic_net	s__Turicibacter_bilis	7	7	0.7142857142857143	0.12182558660576907	0.12182558660576907	0.02735646575627498	0.7142857142857143
S3_EXCLUDE_LEE_SITES	elastic_net	s__Veillonella_atypica	7	7	1.0	-0.12068028045374336	0.12068028045374336	-0.13610154519507284	1.0
S3_EXCLUDE_LEE_SITES	elastic_net	s__GGB9619_SGB15066	7	7	0.2857142857142857	-0.11873267240027799	0.11873267240027799	0.0	0.2857142857142857
S3_EXCLUDE_LEE_SITES	elastic_net	s__GGB9602_SGB15031	7	7	0.2857142857142857	0.1178743841233328	0.1178743841233328	0.0	0.2857142857142857
S3_EXCLUDE_LEE_SITES	elastic_net	s__Blautia_caecimuris	7	7	0.2857142857142857	0.11560823466889032	0.11560823466889032	0.0	0.2857142857142857
S3_EXCLUDE_LEE_SITES	elastic_net	s__Faecalibacillus_intestinalis	7	7	0.5714285714285714	0.11272231471933701	0.11272231471933701	0.022960637115301028	0.5714285714285714
S3_EXCLUDE_LEE_SITES	elastic_net	s__GGB32900_SGB53446	7	7	0.2857142857142857	0.11207049977483477	0.11207049977483477	0.0	0.2857142857142857
S3_EXCLUDE_LEE_SITES	elastic_net	s__Dielma_fastidiosa	7	7	0.42857142857142855	-0.10799878092228846	0.10799878092228846	0.0	0.42857142857142855
S3_EXCLUDE_LEE_SITES	elastic_net	s__GGB2998_SGB3989	7	7	0.42857142857142855	0.10788665195720236	0.10788665195720236	0.0	0.42857142857142855
S3_EXCLUDE_LEE_SITES	elastic_net	s__GGB9062_SGB13981	7	7	0.2857142857142857	-0.10786863105789819	0.10786863105789819	0.0	0.2857142857142857
S3_EXCLUDE_LEE_SITES	elastic_net	s__Collinsella_SGB14987	7	7	0.2857142857142857	0.10750975558943492	0.10750975558943492	0.0	0.2857142857142857
S3_EXCLUDE_LEE_SITES	elastic_net	s__Roseburia_hominis	7	7	0.14285714285714285	0.10570075519384958	0.10570075519384958	0.0	0.14285714285714285
S3_EXCLUDE_LEE_SITES	elastic_net	s__Alistipes_SGB2313	4	4	0.5	-0.10558367679339181	0.10558367679339181	-0.058246988811834946	0.5
S3_EXCLUDE_LEE_SITES	elastic_net	s__GGB13493_SGB15238	5	5	0.6	0.10513900545460161	0.10513900545460161	0.04833204810504653	0.6
S3_EXCLUDE_LEE_SITES	elastic_net	s__Sutterella_wadsworthensis	7	7	0.2857142857142857	-0.10503429586233813	0.10503429586233813	0.0	0.2857142857142857
S3_EXCLUDE_LEE_SITES	elastic_net	s__Eisenbergiella_massiliensis	7	7	0.42857142857142855	0.10254182730089718	0.10254182730089718	0.0	0.42857142857142855
S3_EXCLUDE_LEE_SITES	elastic_net	s__GGB80140_SGB15224	7	7	0.2857142857142857	0.10102809754838783	0.10102809754838783	0.0	0.2857142857142857
S3_EXCLUDE_LEE_SITES	elastic_net	s__Lactonifactor_sp_BIOML_A6	7	7	0.5714285714285714	-0.09998926231020226	0.09998926231020226	-0.007348453213877788	0.5714285714285714
S3_EXCLUDE_LEE_SITES	elastic_net	s__GGB9512_SGB14909	7	7	0.2857142857142857	-0.09829880849723156	0.09829880849723156	0.0	0.2857142857142857
S3_EXCLUDE_LEE_SITES	elastic_net	s__Phocaeicola_vulgatus	7	7	0.2857142857142857	0.09819393115991756	0.09819393115991756	0.0	0.2857142857142857
S3_EXCLUDE_LEE_SITES	elastic_net	s__Vescimonas_SGB15087	7	7	0.2857142857142857	-0.09756459220294866	0.09756459220294866	0.0	0.2857142857142857
S3_EXCLUDE_LEE_SITES	elastic_net	s__Oscillibacter_sp_ER4	7	7	0.2857142857142857	-0.09756103659401448	0.09756103659401448	0.0	0.2857142857142857
S3_EXCLUDE_LEE_SITES	elastic_net	s__Actinomyces_sp_ICM47	7	7	0.2857142857142857	0.09686761906388898	0.09686761906388898	0.0	0.2857142857142857
S3_EXCLUDE_LEE_SITES	elastic_net	s__GGB9760_SGB15373	7	7	0.2857142857142857	-0.09501382758354009	0.09501382758354009	0.0	0.2857142857142857
S3_EXCLUDE_LEE_SITES	elastic_net	s__GGB9788_SGB15411	7	7	0.7142857142857143	0.09493478380090992	0.09493478380090992	0.02442438156375286	0.7142857142857143
S3_EXCLUDE_LEE_SITES	elastic_net	s__Dialister_invisus	7	7	0.2857142857142857	0.09426874839047782	0.09426874839047782	0.0	0.2857142857142857
S3_EXCLUDE_LEE_SITES	elastic_net	s__Merdimonas_faecis	7	7	0.42857142857142855	0.09403862845039254	0.09403862845039254	0.0	0.42857142857142855
S3_EXCLUDE_LEE_SITES	elastic_net	s__GGB9522_SGB14921	7	7	0.2857142857142857	-0.09344697459534793	0.09344697459534793	0.0	0.2857142857142857
S3_EXCLUDE_LEE_SITES	elastic_net	s__Actinomyces_dentalis	3	3	0.6666666666666666	-0.09267390518338275	0.09267390518338275	-0.019767554873695723	0.6666666666666666
S3_EXCLUDE_LEE_SITES	elastic_net	s__Butyricimonas_paravirosa	7	7	0.2857142857142857	0.09028861572818607	0.09028861572818607	0.0	0.2857142857142857
S3_EXCLUDE_LEE_SITES	elastic_net	s__GGB9176_SGB14114	7	7	0.7142857142857143	0.08946039082598402	0.08946039082598402	0.03492465548062882	0.7142857142857143
S3_EXCLUDE_LEE_SITES	elastic_net	s__Mediterraneibacter_glycyrrhizinilyticus	7	7	0.42857142857142855	0.08798090849355379	0.08798090849355379	0.0	0.42857142857142855
S3_EXCLUDE_LEE_SITES	elastic_net	s__GGB1627_SGB2230	1	1	1.0	0.08776058000739356	0.08776058000739356	0.08776058000739356	1.0
S3_EXCLUDE_LEE_SITES	elastic_net	s__GGB3730_SGB5060	7	7	0.14285714285714285	0.08716461369523275	0.08716461369523275	0.0	0.14285714285714285
S3_EXCLUDE_LEE_SITES	elastic_net	s__Parabacteroides_johnsonii	6	6	0.3333333333333333	-0.08634411506633	0.08634411506633	0.0	0.3333333333333333
S3_EXCLUDE_LEE_SITES	elastic_net	s__GGB77437_SGB9391	7	7	0.42857142857142855	0.08623202497339662	0.08623202497339662	0.0	0.42857142857142855
S3_EXCLUDE_LEE_SITES	elastic_net	s__Eubacterium_sp_AF34_35BH	7	7	0.14285714285714285	0.08597662790857259	0.08597662790857259	0.0	0.14285714285714285
S3_EXCLUDE_LEE_SITES	elastic_net	s__Actinomyces_sp_HMSC035G02	6	6	0.6666666666666666	-0.08520307094780245	0.08520307094780245	-0.03331435170577755	0.6666666666666666
S3_EXCLUDE_LEE_SITES	elastic_net	s__GGB9616_SGB15051	3	3	1.0	-0.08431707422762658	0.08431707422762658	-0.05273120286092953	1.0
S3_EXCLUDE_LEE_SITES	elastic_net	s__Clostridium_sp_AF34_10BH	7	7	0.14285714285714285	0.08387660098186865	0.08387660098186865	0.0	0.14285714285714285
S3_EXCLUDE_LEE_SITES	elastic_net	s__GGB45491_SGB63163	7	7	0.42857142857142855	-0.0832146164869754	0.0832146164869754	0.0	0.42857142857142855
S3_EXCLUDE_LEE_SITES	elastic_net	s__GGB74463_SGB54347	7	7	0.2857142857142857	-0.08288809375598287	0.08288809375598287	0.0	0.2857142857142857
S3_EXCLUDE_LEE_SITES	elastic_net	s__Collinsella_aerofaciens	7	7	0.14285714285714285	-0.08222286436765239	0.08222286436765239	0.0	0.14285714285714285
S3_EXCLUDE_LEE_SITES	elastic_net	s__Actinomyces_graevenitzii	7	7	0.5714285714285714	-0.08166247795181578	0.08166247795181578	-0.0684465618040949	0.5714285714285714
S3_EXCLUDE_LEE_SITES	elastic_net	s__GGB9237_SGB14179	7	7	0.42857142857142855	-0.07979241004612062	0.07979241004612062	0.0	0.42857142857142855
S3_EXCLUDE_LEE_SITES	elastic_net	s__GGB9345_SGB14311	7	7	0.14285714285714285	0.07825991208227227	0.07825991208227227	0.0	0.14285714285714285
S3_EXCLUDE_LEE_SITES	elastic_net	s__GGB9724_SGB15278	7	7	0.42857142857142855	-0.07817008297990531	0.07817008297990531	0.0	0.42857142857142855
S3_EXCLUDE_LEE_SITES	elastic_net	s__GGB9770_SGB15389	7	7	0.2857142857142857	-0.0772882251056487	0.0772882251056487	0.0	0.2857142857142857
S3_EXCLUDE_LEE_SITES	elastic_net	s__Tyzzerella_nexilis	7	7	0.14285714285714285	0.07530125679677292	0.07530125679677292	0.0	0.14285714285714285
S3_EXCLUDE_LEE_SITES	elastic_net	s__Enterocloster_aldenensis	7	7	0.2857142857142857	0.07499156575253856	0.07499156575253856	0.0	0.2857142857142857
S3_EXCLUDE_LEE_SITES	elastic_net	s__Oscillibacter_sp_NSJ_62	6	6	0.3333333333333333	-0.07403744830367903	0.07403744830367903	0.0	0.3333333333333333
S3_EXCLUDE_LEE_SITES	elastic_net	s__Alistipes_finegoldii	7	7	0.42857142857142855	-0.07381699288962519	0.07381699288962519	0.0	0.42857142857142855
S3_EXCLUDE_LEE_SITES	elastic_net	s__Gordonibacter_pamelaeae	7	7	0.14285714285714285	-0.07367362993032223	0.07367362993032223	0.0	0.14285714285714285
S3_EXCLUDE_LEE_SITES	elastic_net	s__Phocea_massiliensis	7	7	0.2857142857142857	0.07339379379601618	0.07339379379601618	0.0	0.2857142857142857
S3_EXCLUDE_LEE_SITES	elastic_net	s__Streptococcus_mitis	7	7	0.2857142857142857	0.07261973929329925	0.07261973929329925	0.0	0.2857142857142857
S3_EXCLUDE_LEE_SITES	elastic_net	s__Longibaculum_muris	6	6	0.3333333333333333	0.0717102954628225	0.0717102954628225	0.0	0.3333333333333333
S3_EXCLUDE_LEE_SITES	elastic_net	s__GGB9719_SGB15273	7	7	0.14285714285714285	0.07135396082684237	0.07135396082684237	0.0	0.14285714285714285
S3_EXCLUDE_LEE_SITES	elastic_net	s__GGB9611_SGB15045	6	6	0.3333333333333333	-0.07116848938976268	0.07116848938976268	0.0	0.3333333333333333
S3_EXCLUDE_LEE_SITES	elastic_net	s__Clostridium_sp_AM22_11AC	7	7	0.2857142857142857	0.07110205053328107	0.07110205053328107	0.0	0.2857142857142857
S3_EXCLUDE_LEE_SITES	elastic_net	s__GGB3499_SGB4674	1	1	1.0	0.07086404340542318	0.07086404340542318	0.07086404340542318	1.0
S3_EXCLUDE_LEE_SITES	elastic_net	s__GGB1495_SGB2071	1	1	1.0	-0.07035750754418077	0.07035750754418077	-0.07035750754418077	1.0
S3_EXCLUDE_LEE_SITES	elastic_net	s__Slackia_isoflavoniconvertens	7	7	0.2857142857142857	-0.06983012150481319	0.06983012150481319	0.0	0.2857142857142857
S3_EXCLUDE_LEE_SITES	elastic_net	s__GGB9453_SGB14845	7	7	0.2857142857142857	0.06913367721114425	0.06913367721114425	0.0	0.2857142857142857
S3_EXCLUDE_LEE_SITES	elastic_net	s__Ruthenibacterium_lactatiformans	7	7	0.14285714285714285	0.06689611903480275	0.06689611903480275	0.0	0.14285714285714285
S3_EXCLUDE_LEE_SITES	elastic_net	s__Longicatena_caecimuris	7	7	0.42857142857142855	0.06608965078770448	0.06608965078770448	0.0	0.42857142857142855
S3_EXCLUDE_LEE_SITES	elastic_net	s__Alistipes_putredinis	7	7	0.14285714285714285	-0.06581866071556393	0.06581866071556393	0.0	0.14285714285714285
S3_EXCLUDE_LEE_SITES	elastic_net	s__Romboutsia_timonensis	7	7	0.14285714285714285	-0.06555544708421783	0.06555544708421783	0.0	0.14285714285714285
S3_EXCLUDE_LEE_SITES	elastic_net	s__GGB9063_SGB13982	7	7	0.14285714285714285	-0.0653732327668969	0.0653732327668969	0.0	0.14285714285714285
S3_EXCLUDE_LEE_SITES	elastic_net	s__Actinomyces_SGB17132	4	4	0.25	-0.06486453321058244	0.06486453321058244	0.0	0.25
S3_EXCLUDE_LEE_SITES	elastic_net	s__Solobacterium_SGB6829	4	4	0.25	0.06452383836964441	0.06452383836964441	0.0	0.25
S3_EXCLUDE_LEE_SITES	elastic_net	s__Enterocloster_bolteae	7	7	0.14285714285714285	-0.0644445926937988	0.0644445926937988	0.0	0.14285714285714285
S3_EXCLUDE_LEE_SITES	elastic_net	s__GGB80011_SGB15265	7	7	0.2857142857142857	0.06438961800660445	0.06438961800660445	0.0	0.2857142857142857
S3_EXCLUDE_LEE_SITES	elastic_net	s__Prevotella_copri_clade_A	7	7	0.2857142857142857	-0.06235451160251961	0.06235451160251961	0.0	0.2857142857142857
S3_EXCLUDE_LEE_SITES	elastic_net	s__Anaerococcus_SGB53821	7	7	0.42857142857142855	-0.06234338533246969	0.06234338533246969	0.0	0.42857142857142855
S3_EXCLUDE_LEE_SITES	elastic_net	s__Roseburia_intestinalis	7	7	0.14285714285714285	-0.06232716838913654	0.06232716838913654	0.0	0.14285714285714285
S3_EXCLUDE_LEE_SITES	elastic_net	s__Parabacteroides_goldsteinii	7	7	0.2857142857142857	-0.062280472703441	0.062280472703441	0.0	0.2857142857142857
S3_EXCLUDE_LEE_SITES	elastic_net	s__Clostridium_SGB4909	7	7	0.2857142857142857	-0.06164184392914392	0.06164184392914392	0.0	0.2857142857142857
S3_EXCLUDE_LEE_SITES	elastic_net	s__Actinobaculum_sp_oral_taxon_183	6	6	0.16666666666666666	-0.061587311310774974	0.061587311310774974	0.0	0.16666666666666666
S3_EXCLUDE_LEE_SITES	elastic_net	s__Faecalibacterium_SGB15346	7	7	0.42857142857142855	0.06095462426094887	0.06095462426094887	0.0	0.42857142857142855
S3_EXCLUDE_LEE_SITES	elastic_net	s__Anaeromassilibacillus_sp_An250	7	7	0.14285714285714285	0.0598853487183322	0.0598853487183322	0.0	0.14285714285714285
S3_EXCLUDE_LEE_SITES	elastic_net	s__Blautia_faecis	7	7	0.2857142857142857	0.05982382554435343	0.05982382554435343	0.0	0.2857142857142857
S3_EXCLUDE_LEE_SITES	elastic_net	s__Streptococcus_thermophilus	7	7	0.2857142857142857	0.05863377498105842	0.05863377498105842	0.0	0.2857142857142857
S3_EXCLUDE_LEE_SITES	elastic_net	s__Blautia_producta	7	7	0.2857142857142857	-0.05747769192237178	0.05747769192237178	0.0	0.2857142857142857
S3_EXCLUDE_LEE_SITES	elastic_net	s__Bacteroides_stercoris	7	7	0.14285714285714285	0.057439722695734455	0.057439722695734455	0.0	0.14285714285714285
S3_EXCLUDE_LEE_SITES	elastic_net	s__Anaerotruncus_massiliensis	7	7	0.2857142857142857	0.05734406772996481	0.05734406772996481	0.0	0.2857142857142857
S3_EXCLUDE_LEE_SITES	elastic_net	s__GGB52130_SGB14966	7	7	0.2857142857142857	0.056673557731378846	0.056673557731378846	0.0	0.2857142857142857
S3_EXCLUDE_LEE_SITES	elastic_net	s__GGB45497_SGB63169	7	7	0.2857142857142857	-0.05660618853118187	0.05660618853118187	0.0	0.2857142857142857
S3_EXCLUDE_LEE_SITES	elastic_net	s__GGB9707_SGB15229	7	7	0.2857142857142857	-0.05586825630028325	0.05586825630028325	0.0	0.2857142857142857
S3_EXCLUDE_LEE_SITES	elastic_net	s__Eubacterium_callanderi	5	5	0.2	0.05574078031383436	0.05574078031383436	0.0	0.2
S3_EXCLUDE_LEE_SITES	elastic_net	s__Rheinheimera_SGB14999	7	7	0.2857142857142857	-0.05506390198579904	0.05506390198579904	0.0	0.2857142857142857
S3_EXCLUDE_LEE_SITES	elastic_net	s__Lancefieldella_parvula	7	7	0.42857142857142855	-0.05471595255119029	0.05471595255119029	0.0	0.42857142857142855
S3_EXCLUDE_LEE_SITES	elastic_net	s__GGB3142_SGB4155	1	1	1.0	-0.054172510345739076	0.054172510345739076	-0.054172510345739076	1.0
S3_EXCLUDE_LEE_SITES	elastic_net	s__GGB3033_SGB4029	7	7	0.14285714285714285	-0.05389078360877015	0.05389078360877015	0.0	0.14285714285714285
S3_EXCLUDE_LEE_SITES	elastic_net	s__Angelakisella_massiliensis	6	6	0.3333333333333333	-0.05351965561691271	0.05351965561691271	0.0	0.3333333333333333
S3_EXCLUDE_LEE_SITES	elastic_net	s__Phocaeicola_massiliensis	7	7	0.2857142857142857	-0.053381217583339365	0.053381217583339365	0.0	0.2857142857142857
S3_EXCLUDE_LEE_SITES	elastic_net	s__Ruminococcus_lactaris	7	7	0.2857142857142857	-0.05282242673954503	0.05282242673954503	0.0	0.2857142857142857
S3_EXCLUDE_LEE_SITES	elastic_net	s__GGB6612_SGB9346	6	6	0.3333333333333333	-0.05251581697387622	0.05251581697387622	0.0	0.3333333333333333
S3_EXCLUDE_LEE_SITES	elastic_net	s__Faecalibacillus_faecis	7	7	0.2857142857142857	0.05146099886357414	0.05146099886357414	0.0	0.2857142857142857
S3_EXCLUDE_LEE_SITES	elastic_net	s__Anaerofilum_sp_BX8	7	7	0.2857142857142857	0.05129575558628707	0.05129575558628707	0.0	0.2857142857142857
S3_EXCLUDE_LEE_SITES	elastic_net	s__GGB34900_SGB14891	7	7	0.2857142857142857	0.05119137421039833	0.05119137421039833	0.0	0.2857142857142857
S3_EXCLUDE_LEE_SITES	elastic_net	s__Lacticaseibacillus_rhamnosus	6	6	0.3333333333333333	0.05038894055951138	0.05038894055951138	0.0	0.3333333333333333
S3_EXCLUDE_LEE_SITES	elastic_net	s__Barnesiella_intestinihominis	7	7	0.2857142857142857	0.04997786031825487	0.04997786031825487	0.0	0.2857142857142857
S3_EXCLUDE_LEE_SITES	elastic_net	s__Adlercreutzia_equolifaciens	7	7	0.14285714285714285	-0.0496653664543252	0.0496653664543252	0.0	0.14285714285714285
S3_EXCLUDE_LEE_SITES	elastic_net	s__Neglectibacter_timonensis	7	7	0.2857142857142857	-0.04943607585904798	0.04943607585904798	0.0	0.2857142857142857
S3_EXCLUDE_LEE_SITES	elastic_net	s__GGB9480_SGB14874	7	7	0.14285714285714285	-0.04930959692902953	0.04930959692902953	0.0	0.14285714285714285
S3_EXCLUDE_LEE_SITES	elastic_net	s__Massiliimalia_timonensis	7	7	0.14285714285714285	-0.048871675660797136	0.048871675660797136	0.0	0.14285714285714285
S3_EXCLUDE_LEE_SITES	elastic_net	s__Dysosmobacter_sp_BX15	7	7	0.14285714285714285	0.04821596796984134	0.04821596796984134	0.0	0.14285714285714285
S3_EXCLUDE_LEE_SITES	elastic_net	s__Clostridium_sp_AF27_2AA	7	7	0.42857142857142855	-0.043713463378429906	0.04764158954445719	0.0	0.2857142857142857
S3_EXCLUDE_LEE_SITES	elastic_net	s__Holdemania_sp_1001095H_141210_F2	7	7	0.2857142857142857	0.04703068623217527	0.04703068623217527	0.0	0.2857142857142857
S3_EXCLUDE_LEE_SITES	elastic_net	s__GGB3537_SGB4727	7	7	0.2857142857142857	0.04676744664557768	0.04676744664557768	0.0	0.2857142857142857
S3_EXCLUDE_LEE_SITES	elastic_net	s__Bacteroides_clarus	5	5	0.2	-0.0461886979500931	0.0461886979500931	0.0	0.2
S3_EXCLUDE_LEE_SITES	elastic_net	s__Lacrimispora_celerecrescens	7	7	0.2857142857142857	0.045941812731501164	0.045941812731501164	0.0	0.2857142857142857
S3_EXCLUDE_LEE_SITES	elastic_net	s__GGB3175_SGB4191	7	7	0.2857142857142857	-0.04587710415882935	0.04587710415882935	0.0	0.2857142857142857
S3_EXCLUDE_LEE_SITES	elastic_net	s__Eubacterium_ramulus	7	7	0.2857142857142857	-0.0458551358015875	0.0458551358015875	0.0	0.2857142857142857
S3_EXCLUDE_LEE_SITES	elastic_net	s__GGB51647_SGB4348	7	7	0.2857142857142857	0.04573717409027083	0.04573717409027083	0.0	0.2857142857142857
S3_EXCLUDE_LEE_SITES	elastic_net	s__Limosilactobacillus_fermentum	7	7	0.14285714285714285	0.04540808867833008	0.04540808867833008	0.0	0.14285714285714285
S3_EXCLUDE_LEE_SITES	elastic_net	s__Bifidobacterium_pseudocatenulatum	7	7	0.5714285714285714	0.04540186941053765	0.04540186941053765	0.0029031292390901135	0.5714285714285714
S3_EXCLUDE_LEE_SITES	elastic_net	s__Dorea_longicatena	7	7	0.2857142857142857	-0.044401206436530956	0.044401206436530956	0.0	0.2857142857142857
S3_EXCLUDE_LEE_SITES	elastic_net	s__Blautia_obeum	7	7	0.14285714285714285	-0.044212502416545986	0.044212502416545986	0.0	0.14285714285714285
S3_EXCLUDE_LEE_SITES	elastic_net	s__Parabacteroides_merdae	7	7	0.14285714285714285	0.0435471641411721	0.0435471641411721	0.0	0.14285714285714285
S3_EXCLUDE_LEE_SITES	elastic_net	s__GGB3588_SGB4808	5	5	0.4	-0.04248096774047067	0.04248096774047067	0.0	0.4
S3_EXCLUDE_LEE_SITES	elastic_net	s__Phocaeicola_plebeius	7	7	0.14285714285714285	0.0421618191565167	0.0421618191565167	0.0	0.14285714285714285
S3_EXCLUDE_LEE_SITES	elastic_net	s__Erysipelatoclostridium_ramosum	7	7	0.2857142857142857	-0.04184619643346938	0.04184619643346938	0.0	0.2857142857142857
S3_EXCLUDE_LEE_SITES	elastic_net	s__GGB3005_SGB3996	7	7	0.2857142857142857	-0.04159158451031209	0.04159158451031209	0.0	0.2857142857142857
S3_EXCLUDE_LEE_SITES	elastic_net	s__Holdemania_massiliensis	7	7	0.5714285714285714	-0.04107796762471617	0.04107796762471617	-0.006151329846436935	0.5714285714285714
S3_EXCLUDE_LEE_SITES	elastic_net	s__GGB9290_SGB14247	1	1	1.0	0.0407530518822353	0.0407530518822353	0.0407530518822353	1.0
S3_EXCLUDE_LEE_SITES	elastic_net	s__Blautia_sp_Marseille_P3087	7	7	0.2857142857142857	0.04061909602262353	0.04061909602262353	0.0	0.2857142857142857
S3_EXCLUDE_LEE_SITES	elastic_net	s__GGB3167_SGB4181	7	7	0.14285714285714285	-0.04050665083504477	0.04050665083504477	0.0	0.14285714285714285
S3_EXCLUDE_LEE_SITES	elastic_net	s__Eggerthella_lenta	7	7	0.14285714285714285	0.040466954097422715	0.040466954097422715	0.0	0.14285714285714285
S3_EXCLUDE_LEE_SITES	elastic_net	s__Holdemania_filiformis	7	7	0.2857142857142857	0.024360514521180994	0.040026676707154575	0.0	0.14285714285714285
S3_EXCLUDE_LEE_SITES	elastic_net	s__Veillonella_rogosae	1	1	1.0	-0.03996916730794018	0.03996916730794018	-0.03996916730794018	1.0
S3_EXCLUDE_LEE_SITES	elastic_net	s__Dysosmobacter_welbionis	7	7	0.14285714285714285	0.03970303117498418	0.03970303117498418	0.0	0.14285714285714285
S3_EXCLUDE_LEE_SITES	elastic_net	s__Ruminococcus_bromii	7	7	0.14285714285714285	0.03914342648681662	0.03914342648681662	0.0	0.14285714285714285
S3_EXCLUDE_LEE_SITES	elastic_net	s__GGB52106_SGB72838	7	7	0.2857142857142857	-0.038653211237536234	0.038653211237536234	0.0	0.2857142857142857
S3_EXCLUDE_LEE_SITES	elastic_net	s__Lachnoclostridium_edouardi	6	6	0.16666666666666666	-0.038348450158232725	0.038348450158232725	0.0	0.16666666666666666
S3_EXCLUDE_LEE_SITES	elastic_net	s__GGB9770_SGB15390	7	7	0.14285714285714285	-0.03831784710372493	0.03831784710372493	0.0	0.14285714285714285
S3_EXCLUDE_LEE_SITES	elastic_net	s__GGB33928_SGB15225	7	7	0.2857142857142857	-0.03732617502853059	0.03732617502853059	0.0	0.2857142857142857
S3_EXCLUDE_LEE_SITES	elastic_net	s__GGB51510_SGB71883	7	7	0.2857142857142857	-0.03631778118319479	0.03631778118319479	0.0	0.2857142857142857
S3_EXCLUDE_LEE_SITES	elastic_net	s__GGB2848_SGB3813	7	7	0.2857142857142857	-0.03605414943266462	0.03605414943266462	0.0	0.2857142857142857
S3_EXCLUDE_LEE_SITES	elastic_net	s__Veillonella_dispar	7	7	0.42857142857142855	-0.03551319617742655	0.03551319617742655	0.0	0.42857142857142855
S3_EXCLUDE_LEE_SITES	elastic_net	s__Clostridium_sp_1001270H_150608_G6	7	7	0.2857142857142857	0.03533740726197119	0.03533740726197119	0.0	0.2857142857142857
S3_EXCLUDE_LEE_SITES	elastic_net	s__Catenibacillus_scindens	7	7	0.2857142857142857	0.0349827451620316	0.0349827451620316	0.0	0.2857142857142857
S3_EXCLUDE_LEE_SITES	elastic_net	s__GGB9210_SGB14149	6	6	0.16666666666666666	-0.034982743640294606	0.034982743640294606	0.0	0.16666666666666666
S3_EXCLUDE_LEE_SITES	elastic_net	s__Faecalibacterium_SGB15315	7	7	0.2857142857142857	-0.034964209454145474	0.034964209454145474	0.0	0.2857142857142857
S3_EXCLUDE_LEE_SITES	elastic_net	s__GGB47687_SGB2286	7	7	0.14285714285714285	-0.034925146174966455	0.034925146174966455	0.0	0.14285714285714285
S3_EXCLUDE_LEE_SITES	elastic_net	s__GGB9641_SGB15117	7	7	0.14285714285714285	-0.03481528558595255	0.03481528558595255	0.0	0.14285714285714285
S3_EXCLUDE_LEE_SITES	elastic_net	s__Lachnotalea_sp_AF33_28	7	7	0.2857142857142857	-0.03467251577962344	0.03467251577962344	0.0	0.2857142857142857
S3_EXCLUDE_LEE_SITES	elastic_net	s__Anaerotignum_lactatifermentans	6	6	0.16666666666666666	-0.03447347255893779	0.03447347255893779	0.0	0.16666666666666666
S3_EXCLUDE_LEE_SITES	elastic_net	s__GGB9760_SGB15374	7	7	0.14285714285714285	-0.03342434950422442	0.03342434950422442	0.0	0.14285714285714285
S3_EXCLUDE_LEE_SITES	elastic_net	s__Harryflintia_acetispora	7	7	0.14285714285714285	0.03335832000477656	0.03335832000477656	0.0	0.14285714285714285
S3_EXCLUDE_LEE_SITES	elastic_net	s__Enterocloster_lavalensis	7	7	0.2857142857142857	0.032763525532648365	0.032763525532648365	0.0	0.2857142857142857
S3_EXCLUDE_LEE_SITES	elastic_net	s__Staphylococcus_SGB6340	5	5	0.2	-0.03266668349867121	0.03266668349867121	0.0	0.2
S3_EXCLUDE_LEE_SITES	elastic_net	s__Anaerobutyricum_soehngenii	7	7	0.14285714285714285	-0.03179059281164418	0.03179059281164418	0.0	0.14285714285714285
S3_EXCLUDE_LEE_SITES	elastic_net	s__GGB9635_SGB15106	7	7	0.14285714285714285	0.031566272742481034	0.031566272742481034	0.0	0.14285714285714285
S3_EXCLUDE_LEE_SITES	elastic_net	s__GGB9619_SGB15067	7	7	0.14285714285714285	0.03145316173878941	0.03145316173878941	0.0	0.14285714285714285
S3_EXCLUDE_LEE_SITES	elastic_net	s__Clostridium_perfringens	5	5	0.2	0.030967720421162047	0.030967720421162047	0.0	0.2
S3_EXCLUDE_LEE_SITES	elastic_net	s__Streptococcus_vestibularis	7	7	0.14285714285714285	-0.030951832958131646	0.030951832958131646	0.0	0.14285714285714285
S3_EXCLUDE_LEE_SITES	elastic_net	s__Blautia_hansenii	7	7	0.14285714285714285	0.03069556319169655	0.03069556319169655	0.0	0.14285714285714285
S3_EXCLUDE_LEE_SITES	elastic_net	s__GGB79630_SGB13983	4	4	0.5	0.030369837093867307	0.030369837093867307	0.01232466970837852	0.5
S3_EXCLUDE_LEE_SITES	elastic_net	s__Ruminococcus_torques	7	7	0.14285714285714285	0.030095228194872474	0.030095228194872474	0.0	0.14285714285714285
S3_EXCLUDE_LEE_SITES	elastic_net	s__GGB3570_SGB4777	7	7	0.14285714285714285	0.02829012176663423	0.02829012176663423	0.0	0.14285714285714285
S3_EXCLUDE_LEE_SITES	elastic_net	s__Roseburia_sp_AM16_25	7	7	0.14285714285714285	0.027870282830676562	0.027870282830676562	0.0	0.14285714285714285
S3_EXCLUDE_LEE_SITES	elastic_net	s__Clostridium_symbiosum	7	7	0.14285714285714285	0.027641700008822632	0.027641700008822632	0.0	0.14285714285714285
S3_EXCLUDE_LEE_SITES	elastic_net	s__Lacrimispora_amygdalina	7	7	0.14285714285714285	0.027490953979473858	0.027490953979473858	0.0	0.14285714285714285
S3_EXCLUDE_LEE_SITES	elastic_net	s__GGB3819_SGB5184	7	7	0.14285714285714285	-0.027033341239119317	0.027033341239119317	0.0	0.14285714285714285
S3_EXCLUDE_LEE_SITES	elastic_net	s__Eubacterium_SGB6276	7	7	0.14285714285714285	-0.02695103716686076	0.02695103716686076	0.0	0.14285714285714285
S3_EXCLUDE_LEE_SITES	elastic_net	s__Roseburia_inulinivorans	7	7	0.14285714285714285	-0.026895813297837308	0.026895813297837308	0.0	0.14285714285714285
S3_EXCLUDE_LEE_SITES	elastic_net	s__Anaerotignum_faecicola	7	7	0.2857142857142857	0.007684757387265396	0.026848401585244448	0.0	0.14285714285714285
S3_EXCLUDE_LEE_SITES	elastic_net	s__GGB3463_SGB4621	3	3	0.6666666666666666	-0.026827727240411454	0.026827727240411454	-0.03132417438728373	0.6666666666666666
S3_EXCLUDE_LEE_SITES	elastic_net	s__Streptococcus_parasanguinis	7	7	0.42857142857142855	-0.026622604900684358	0.026622604900684358	0.0	0.42857142857142855
S3_EXCLUDE_LEE_SITES	elastic_net	s__GGB3602_SGB4574	7	7	0.14285714285714285	0.026385498433451515	0.026385498433451515	0.0	0.14285714285714285
S3_EXCLUDE_LEE_SITES	elastic_net	s__GGB9677_SGB15180	7	7	0.14285714285714285	0.026383255760349666	0.026383255760349666	0.0	0.14285714285714285
S3_EXCLUDE_LEE_SITES	elastic_net	s__Ruminococcus_sp_BSD2780120874_150323_B10	7	7	0.14285714285714285	0.02584671182866727	0.02584671182866727	0.0	0.14285714285714285
S3_EXCLUDE_LEE_SITES	elastic_net	s__GGB9747_SGB15356	7	7	0.14285714285714285	-0.025800612721555156	0.025800612721555156	0.0	0.14285714285714285
S3_EXCLUDE_LEE_SITES	elastic_net	s__Neobittarella_massiliensis	7	7	0.14285714285714285	-0.025472899936017205	0.025472899936017205	0.0	0.14285714285714285
S3_EXCLUDE_LEE_SITES	elastic_net	s__GGB9618_SGB15065	6	6	0.16666666666666666	-0.025291696453156976	0.025291696453156976	0.0	0.16666666666666666
S3_EXCLUDE_LEE_SITES	elastic_net	s__Roseburia_sp_BX1005	7	7	0.14285714285714285	-0.02526687614442196	0.02526687614442196	0.0	0.14285714285714285
S3_EXCLUDE_LEE_SITES	elastic_net	s__GGB3034_SGB4030	7	7	0.2857142857142857	0.02515074588506277	0.02515074588506277	0.0	0.2857142857142857
S3_EXCLUDE_LEE_SITES	elastic_net	s__Bifidobacterium_animalis	7	7	0.14285714285714285	0.02496926871080591	0.02496926871080591	0.0	0.14285714285714285
S3_EXCLUDE_LEE_SITES	elastic_net	s__GGB33512_SGB15203	7	7	0.14285714285714285	-0.024952384749211725	0.024952384749211725	0.0	0.14285714285714285
S3_EXCLUDE_LEE_SITES	elastic_net	s__Pseudoruminococcus_massiliensis	6	6	0.16666666666666666	-0.024789254430825924	0.024789254430825924	0.0	0.16666666666666666
S3_EXCLUDE_LEE_SITES	elastic_net	s__GGB3534_SGB4722	7	7	0.14285714285714285	0.024082100494704106	0.024082100494704106	0.0	0.14285714285714285
S3_EXCLUDE_LEE_SITES	elastic_net	s__Actinomyces_SGB17168	7	7	0.14285714285714285	0.023941033276167725	0.023941033276167725	0.0	0.14285714285714285
S3_EXCLUDE_LEE_SITES	elastic_net	s__Hydrogeniiclostidium_mannosilyticum	7	7	0.14285714285714285	0.023911611693987513	0.023911611693987513	0.0	0.14285714285714285
S3_EXCLUDE_LEE_SITES	elastic_net	s__Clostridium_sp_AT4	7	7	0.14285714285714285	0.023739541333871652	0.023739541333871652	0.0	0.14285714285714285
S3_EXCLUDE_LEE_SITES	elastic_net	s__Lactococcus_lactis	7	7	0.2857142857142857	0.02373089617334077	0.02373089617334077	0.0	0.2857142857142857
S3_EXCLUDE_LEE_SITES	elastic_net	s__Solibaculum_mannosilyticum	7	7	0.2857142857142857	-0.023386374118623154	0.023386374118623154	0.0	0.2857142857142857
S3_EXCLUDE_LEE_SITES	elastic_net	s__Lachnospira_eligens	7	7	0.14285714285714285	-0.02294998238111765	0.02294998238111765	0.0	0.14285714285714285
S3_EXCLUDE_LEE_SITES	elastic_net	s__Massilimicrobiota_sp_An134	7	7	0.14285714285714285	0.022930709127123406	0.022930709127123406	0.0	0.14285714285714285
S3_EXCLUDE_LEE_SITES	elastic_net	s__GGB9614_SGB15049	7	7	0.2857142857142857	0.01982405346949564	0.022921096687543416	0.0	0.14285714285714285
S3_EXCLUDE_LEE_SITES	elastic_net	s__Clostridium_fessum	7	7	0.2857142857142857	0.022817297645623964	0.022817297645623964	0.0	0.2857142857142857
S3_EXCLUDE_LEE_SITES	elastic_net	s__Phascolarctobacterium_succinatutens	7	7	0.2857142857142857	-0.02275003665459391	0.02275003665459391	0.0	0.2857142857142857
S3_EXCLUDE_LEE_SITES	elastic_net	s__Bacteroides_thetaiotaomicron	7	7	0.14285714285714285	0.022405046652585237	0.022405046652585237	0.0	0.14285714285714285
S3_EXCLUDE_LEE_SITES	elastic_net	s__Streptococcus_SGB15012	7	7	0.14285714285714285	0.022376890098398328	0.022376890098398328	0.0	0.14285714285714285
S3_EXCLUDE_LEE_SITES	elastic_net	s__GGB9790_SGB15413	7	7	0.14285714285714285	-0.022103088377340204	0.022103088377340204	0.0	0.14285714285714285
S3_EXCLUDE_LEE_SITES	elastic_net	s__Hydrogenoanaerobacterium_saccharovorans	7	7	0.14285714285714285	0.02184390177425512	0.02184390177425512	0.0	0.14285714285714285
S3_EXCLUDE_LEE_SITES	elastic_net	s__Coprobacter_secundus	4	4	0.25	-0.021684120127963627	0.021684120127963627	0.0	0.25
S3_EXCLUDE_LEE_SITES	elastic_net	s__Akkermansia_sp_BIOML_A40	2	2	0.5	-0.021603822340275452	0.021603822340275452	-0.021603822340275452	0.5
S3_EXCLUDE_LEE_SITES	elastic_net	s__Bacteroides_salyersiae	7	7	0.2857142857142857	0.021435683797809402	0.021435683797809402	0.0	0.2857142857142857
S3_EXCLUDE_LEE_SITES	elastic_net	s__Desulfovibrio_SGB5077	7	7	0.2857142857142857	0.020921723143531162	0.020921723143531162	0.0	0.2857142857142857
S3_EXCLUDE_LEE_SITES	elastic_net	s__Pseudoflavonifractor_sp_An184	7	7	0.14285714285714285	-0.02074835286095488	0.02074835286095488	0.0	0.14285714285714285
S3_EXCLUDE_LEE_SITES	elastic_net	s__Cuneatibacter_caecimuris	6	6	0.16666666666666666	0.020625869924019432	0.020625869924019432	0.0	0.16666666666666666
S3_EXCLUDE_LEE_SITES	elastic_net	s__Enterocloster_citroniae	7	7	0.2857142857142857	0.02009458913194708	0.02009458913194708	0.0	0.2857142857142857
S3_EXCLUDE_LEE_SITES	elastic_net	s__GGB9186_SGB14125	7	7	0.14285714285714285	-0.020022194143311096	0.020022194143311096	0.0	0.14285714285714285
S3_EXCLUDE_LEE_SITES	elastic_net	s__Clostridium_sp_1001271st1_H5	4	4	0.5	-0.019871532217563444	0.019871532217563444	-0.0027848997573177783	0.5
S3_EXCLUDE_LEE_SITES	elastic_net	s__Clostridium_SGB4648	7	7	0.14285714285714285	0.019716011115229914	0.019716011115229914	0.0	0.14285714285714285
S3_EXCLUDE_LEE_SITES	elastic_net	s__Ruminococcus_sp_NSJ_13	5	5	0.2	-0.01963278396446854	0.01963278396446854	0.0	0.2
S3_EXCLUDE_LEE_SITES	elastic_net	s__GGB9559_SGB14969	7	7	0.14285714285714285	0.019556661717850123	0.019556661717850123	0.0	0.14285714285714285
S3_EXCLUDE_LEE_SITES	elastic_net	s__GGB79998_SGB48024	1	1	1.0	0.019327066224003254	0.019327066224003254	0.019327066224003254	1.0
S3_EXCLUDE_LEE_SITES	elastic_net	s__Enterocloster_asparagiformis	7	7	0.14285714285714285	-0.019104244048691495	0.019104244048691495	0.0	0.14285714285714285
S3_EXCLUDE_LEE_SITES	elastic_net	s__Collinsella_SGB4121	7	7	0.14285714285714285	-0.019056643599343365	0.019056643599343365	0.0	0.14285714285714285
S3_EXCLUDE_LEE_SITES	elastic_net	s__GGB9708_SGB15234	7	7	0.14285714285714285	0.018838838156221314	0.018838838156221314	0.0	0.14285714285714285
S3_EXCLUDE_LEE_SITES	elastic_net	s__GGB3619_SGB4894	7	7	0.2857142857142857	-0.018436554867931953	0.018436554867931953	0.0	0.2857142857142857
S3_EXCLUDE_LEE_SITES	elastic_net	s__Actinomyces_sp_ph3	7	7	0.14285714285714285	-0.01841567703239854	0.01841567703239854	0.0	0.14285714285714285
S3_EXCLUDE_LEE_SITES	elastic_net	s__Pseudoflavonifractor_capillosus	7	7	0.14285714285714285	0.018209529701347694	0.018209529701347694	0.0	0.14285714285714285
S3_EXCLUDE_LEE_SITES	elastic_net	s__GGB9636_SGB15107	6	6	0.3333333333333333	0.017970203398979614	0.017970203398979614	0.0	0.3333333333333333
S3_EXCLUDE_LEE_SITES	elastic_net	s__Alistipes_dispar	7	7	0.14285714285714285	0.017668088360208768	0.017668088360208768	0.0	0.14285714285714285
S3_EXCLUDE_LEE_SITES	elastic_net	s__GGB9758_SGB15368	7	7	0.14285714285714285	-0.017534300623788596	0.017534300623788596	0.0	0.14285714285714285
S3_EXCLUDE_LEE_SITES	elastic_net	s__GGB9501_SGB14898	7	7	0.2857142857142857	0.016461686430718485	0.016461686430718485	0.0	0.2857142857142857
S3_EXCLUDE_LEE_SITES	elastic_net	s__GGB9602_SGB15028	7	7	0.14285714285714285	-0.016267155596194342	0.016267155596194342	0.0	0.14285714285714285
S3_EXCLUDE_LEE_SITES	elastic_net	s__GGB9646_SGB15123	7	7	0.14285714285714285	-0.015926096455664954	0.015926096455664954	0.0	0.14285714285714285
S3_EXCLUDE_LEE_SITES	elastic_net	s__Oscillibacter_sp_PC13	6	6	0.16666666666666666	0.015910243838458165	0.015910243838458165	0.0	0.16666666666666666
S3_EXCLUDE_LEE_SITES	elastic_net	s__Bacteroides_finegoldii	7	7	0.14285714285714285	0.015722905474191664	0.015722905474191664	0.0	0.14285714285714285
S3_EXCLUDE_LEE_SITES	elastic_net	s__Massilimicrobiota_timonensis	7	7	0.5714285714285714	-0.01533601808981496	0.01533601808981496	-0.0036857526332460754	0.5714285714285714
S3_EXCLUDE_LEE_SITES	elastic_net	s__Faecalimonas_umbilicata	7	7	0.14285714285714285	0.01516362381112574	0.01516362381112574	0.0	0.14285714285714285
S3_EXCLUDE_LEE_SITES	elastic_net	s__GGB4566_SGB6305	7	7	0.2857142857142857	-0.015043787722011797	0.015043787722011797	0.0	0.2857142857142857
S3_EXCLUDE_LEE_SITES	elastic_net	s__GGB3061_SGB4063	7	7	0.14285714285714285	0.014946416150796447	0.014946416150796447	0.0	0.14285714285714285
S3_EXCLUDE_LEE_SITES	elastic_net	s__GGB45432_SGB63101	7	7	0.2857142857142857	-0.014915596354414489	0.014915596354414489	0.0	0.2857142857142857
S3_EXCLUDE_LEE_SITES	elastic_net	s__Dorea_sp_AF36_15AT	7	7	0.14285714285714285	-0.014850792399014311	0.014850792399014311	0.0	0.14285714285714285
S3_EXCLUDE_LEE_SITES	elastic_net	s__Turicibacter_sanguinis	7	7	0.14285714285714285	0.014729613301543995	0.014729613301543995	0.0	0.14285714285714285
S3_EXCLUDE_LEE_SITES	elastic_net	s__Klebsiella_pneumoniae	7	7	0.14285714285714285	-0.014472613270449882	0.014472613270449882	0.0	0.14285714285714285
S3_EXCLUDE_LEE_SITES	elastic_net	s__Enterocloster_SGB14313	7	7	0.2857142857142857	0.014024675051733696	0.014024675051733696	0.0	0.2857142857142857
S3_EXCLUDE_LEE_SITES	elastic_net	s__Ellagibacter_isourolithinifaciens	7	7	0.14285714285714285	-0.013947192698317274	0.013947192698317274	0.0	0.14285714285714285
S3_EXCLUDE_LEE_SITES	elastic_net	s__GGB3304_SGB4367	7	7	0.14285714285714285	-0.013918881446293838	0.013918881446293838	0.0	0.14285714285714285
S3_EXCLUDE_LEE_SITES	elastic_net	s__Parasutterella_SGB9260	7	7	0.14285714285714285	0.01374872927090535	0.01374872927090535	0.0	0.14285714285714285
S3_EXCLUDE_LEE_SITES	elastic_net	s__GGB2970_SGB3952	7	7	0.14285714285714285	0.013593061118454635	0.013593061118454635	0.0	0.14285714285714285
S3_EXCLUDE_LEE_SITES	elastic_net	s__GGB38744_SGB14842	7	7	0.14285714285714285	-0.0131257462885945	0.0131257462885945	0.0	0.14285714285714285
S3_EXCLUDE_LEE_SITES	elastic_net	s__GGB9818_SGB15459	7	7	0.2857142857142857	0.012433093957755017	0.012433093957755017	0.0	0.2857142857142857
S3_EXCLUDE_LEE_SITES	elastic_net	s__GGB3614_SGB4886	7	7	0.2857142857142857	0.012330664581978195	0.012330664581978195	0.0	0.2857142857142857
S3_EXCLUDE_LEE_SITES	elastic_net	s__Akkermansia_muciniphila	7	7	0.14285714285714285	-0.012190663945299723	0.012190663945299723	0.0	0.14285714285714285
S3_EXCLUDE_LEE_SITES	elastic_net	s__GGB9767_SGB15385	7	7	0.14285714285714285	0.012109709172265027	0.012109709172265027	0.0	0.14285714285714285
S3_EXCLUDE_LEE_SITES	elastic_net	s__Clostridium_sp_Marseille_P3244	7	7	0.14285714285714285	0.011938777058818387	0.011938777058818387	0.0	0.14285714285714285
S3_EXCLUDE_LEE_SITES	elastic_net	s__Rothia_mucilaginosa	7	7	0.14285714285714285	-0.011842122291254783	0.011842122291254783	0.0	0.14285714285714285
S3_EXCLUDE_LEE_SITES	elastic_net	s__GGB9712_SGB15244	7	7	0.14285714285714285	-0.011839557613463406	0.011839557613463406	0.0	0.14285714285714285
S3_EXCLUDE_LEE_SITES	elastic_net	s__Actinomyces_SGB17154	7	7	0.2857142857142857	0.011414230175955525	0.011414230175955525	0.0	0.2857142857142857
S3_EXCLUDE_LEE_SITES	elastic_net	s__Bifidobacterium_dentium	7	7	0.14285714285714285	-0.011374016239770137	0.011374016239770137	0.0	0.14285714285714285
S3_EXCLUDE_LEE_SITES	elastic_net	s__Alloscardovia_omnicolens	7	7	0.2857142857142857	0.010104351714971522	0.01124918253796471	0.0	0.14285714285714285
S3_EXCLUDE_LEE_SITES	elastic_net	s__GGB9782_SGB15403	7	7	0.14285714285714285	-0.011246729613777554	0.011246729613777554	0.0	0.14285714285714285
S3_EXCLUDE_LEE_SITES	elastic_net	s__Bacteroides_faecis	7	7	0.2857142857142857	0.011217673957400979	0.011217673957400979	0.0	0.2857142857142857
S3_EXCLUDE_LEE_SITES	elastic_net	s__GGB51959_SGB72479	7	7	0.14285714285714285	-0.011202749664221728	0.011202749664221728	0.0	0.14285714285714285
S3_EXCLUDE_LEE_SITES	elastic_net	s__Actinomyces_naeslundii	6	6	0.16666666666666666	-0.0110461508285981	0.0110461508285981	0.0	0.16666666666666666
S3_EXCLUDE_LEE_SITES	elastic_net	s__Coprococcus_SGB4669	7	7	0.14285714285714285	-0.010426441131108266	0.010426441131108266	0.0	0.14285714285714285
S3_EXCLUDE_LEE_SITES	elastic_net	s__Clostridium_saudiense	7	7	0.14285714285714285	0.010164118744379077	0.010164118744379077	0.0	0.14285714285714285
S3_EXCLUDE_LEE_SITES	elastic_net	s__GGB80011_SGB15267	6	6	0.16666666666666666	-0.009935286066337744	0.009935286066337744	0.0	0.16666666666666666
S3_EXCLUDE_LEE_SITES	elastic_net	s__Mogibacterium_kristiansenii	6	6	0.16666666666666666	-0.0099000286875935	0.0099000286875935	0.0	0.16666666666666666
S3_EXCLUDE_LEE_SITES	elastic_net	s__GGB3746_SGB5089	7	7	0.14285714285714285	0.009784277418115401	0.009784277418115401	0.0	0.14285714285714285
S3_EXCLUDE_LEE_SITES	elastic_net	s__Ligilactobacillus_ruminis	1	1	1.0	0.009721464953184392	0.009721464953184392	0.009721464953184392	1.0
S3_EXCLUDE_LEE_SITES	elastic_net	s__GGB58233_SGB79883	7	7	0.14285714285714285	-0.009393822758821894	0.009393822758821894	0.0	0.14285714285714285
S3_EXCLUDE_LEE_SITES	elastic_net	s__Odoribacter_splanchnicus	7	7	0.14285714285714285	-0.009198671403794672	0.009198671403794672	0.0	0.14285714285714285
S3_EXCLUDE_LEE_SITES	elastic_net	s__GGB9608_SGB15041	6	6	0.16666666666666666	0.009117951128396506	0.009117951128396506	0.0	0.16666666666666666
S3_EXCLUDE_LEE_SITES	elastic_net	s__Butyricicoccus_sp_AM29_23AC	7	7	0.14285714285714285	0.008964337027036955	0.008964337027036955	0.0	0.14285714285714285
S3_EXCLUDE_LEE_SITES	elastic_net	s__Ruminococcus_bicirculans	7	7	0.14285714285714285	-0.008582266809348791	0.008582266809348791	0.0	0.14285714285714285
S3_EXCLUDE_LEE_SITES	elastic_net	s__GGB9781_SGB15402	7	7	0.14285714285714285	0.008249740343507719	0.008249740343507719	0.0	0.14285714285714285
S3_EXCLUDE_LEE_SITES	elastic_net	s__GGB9524_SGB14924	7	7	0.2857142857142857	0.007130568027624832	0.008010737435207653	0.0	0.14285714285714285
S3_EXCLUDE_LEE_SITES	elastic_net	s__GGB4456_SGB6141	7	7	0.14285714285714285	0.007719402456013961	0.007719402456013961	0.0	0.14285714285714285
S3_EXCLUDE_LEE_SITES	elastic_net	s__GGB3256_SGB4303	7	7	0.14285714285714285	-0.007396466411416037	0.007396466411416037	0.0	0.14285714285714285
S3_EXCLUDE_LEE_SITES	elastic_net	s__Amedibacillus_dolichus	5	5	0.2	-0.007151281009773168	0.007151281009773168	0.0	0.2
S3_EXCLUDE_LEE_SITES	elastic_net	s__Collinsella_SGB14861	7	7	0.2857142857142857	0.007135226794939435	0.007135226794939435	0.0	0.2857142857142857
S3_EXCLUDE_LEE_SITES	elastic_net	s__Massilioclostridium_coli	7	7	0.2857142857142857	-0.007130748573880894	0.007130748573880894	0.0	0.2857142857142857
S3_EXCLUDE_LEE_SITES	elastic_net	s__Anaerofustis_stercorihominis	7	7	0.14285714285714285	-0.007123552284452798	0.007123552284452798	0.0	0.14285714285714285
S3_EXCLUDE_LEE_SITES	elastic_net	s__Clostridium_SGB6179	7	7	0.2857142857142857	0.007082672557368002	0.007082672557368002	0.0	0.2857142857142857
S3_EXCLUDE_LEE_SITES	elastic_net	s__Lachnospira_sp_NSJ_43	7	7	0.14285714285714285	0.007005471968727134	0.007005471968727134	0.0	0.14285714285714285
S3_EXCLUDE_LEE_SITES	elastic_net	s__Clostridium_butyricum	7	7	0.14285714285714285	-0.00696891317128632	0.00696891317128632	0.0	0.14285714285714285
S3_EXCLUDE_LEE_SITES	elastic_net	s__GGB3109_SGB4643	7	7	0.14285714285714285	-0.006926538396288303	0.006926538396288303	0.0	0.14285714285714285
S3_EXCLUDE_LEE_SITES	elastic_net	s__Streptococcus_oralis	6	6	0.16666666666666666	-0.006876795348942904	0.006876795348942904	0.0	0.16666666666666666
S3_EXCLUDE_LEE_SITES	elastic_net	s__Holdemanella_porci	7	7	0.14285714285714285	0.006534452690636363	0.006534452690636363	0.0	0.14285714285714285
S3_EXCLUDE_LEE_SITES	elastic_net	s__Fusicatenibacter_saccharivorans	7	7	0.14285714285714285	-0.006447854351575253	0.006447854351575253	0.0	0.14285714285714285
S3_EXCLUDE_LEE_SITES	elastic_net	s__GGB45495_SGB63167	7	7	0.14285714285714285	-0.006312990949977575	0.006312990949977575	0.0	0.14285714285714285
S3_EXCLUDE_LEE_SITES	elastic_net	s__Alistipes_senegalensis	7	7	0.14285714285714285	0.006221996133993144	0.006221996133993144	0.0	0.14285714285714285
S3_EXCLUDE_LEE_SITES	elastic_net	s__Clostridium_sp_AM33_3	7	7	0.14285714285714285	0.0062177711216047276	0.0062177711216047276	0.0	0.14285714285714285
S3_EXCLUDE_LEE_SITES	elastic_net	s__Escherichia_coli	7	7	0.14285714285714285	-0.005988917466660062	0.005988917466660062	0.0	0.14285714285714285
S3_EXCLUDE_LEE_SITES	elastic_net	s__Isoptericola_variabilis	6	6	0.16666666666666666	0.0057385696072736955	0.0057385696072736955	0.0	0.16666666666666666
S3_EXCLUDE_LEE_SITES	elastic_net	s__Mediterraneibacter_massiliensis	7	7	0.14285714285714285	-0.005578817476855462	0.005578817476855462	0.0	0.14285714285714285
S3_EXCLUDE_LEE_SITES	elastic_net	s__Butyricimonas_SGB15260	7	7	0.14285714285714285	-0.005513115807964991	0.005513115807964991	0.0	0.14285714285714285
S3_EXCLUDE_LEE_SITES	elastic_net	s__Eubacterium_ventriosum	7	7	0.14285714285714285	0.005385054788127075	0.005385054788127075	0.0	0.14285714285714285
S3_EXCLUDE_LEE_SITES	elastic_net	s__Alistipes_shahii	7	7	0.14285714285714285	-0.005382527996127795	0.005382527996127795	0.0	0.14285714285714285
S3_EXCLUDE_LEE_SITES	elastic_net	s__Methanobrevibacter_smithii	7	7	0.14285714285714285	-0.00537350902053055	0.00537350902053055	0.0	0.14285714285714285
S3_EXCLUDE_LEE_SITES	elastic_net	s__Oxalobacter_formigenes	4	4	0.25	0.005361622640877742	0.005361622640877742	0.0	0.25
S3_EXCLUDE_LEE_SITES	elastic_net	s__Actinomyces_SGB17163	6	6	0.16666666666666666	-0.004824590505201306	0.004824590505201306	0.0	0.16666666666666666
S3_EXCLUDE_LEE_SITES	elastic_net	s__GGB3612_SGB4882	7	7	0.2857142857142857	-0.003930687982692473	0.003930687982692473	0.0	0.2857142857142857
S3_EXCLUDE_LEE_SITES	elastic_net	s__GGB1266_SGB1699	7	7	0.14285714285714285	0.0037731637845652114	0.0037731637845652114	0.0	0.14285714285714285
S3_EXCLUDE_LEE_SITES	elastic_net	s__GGB3109_SGB4119	7	7	0.14285714285714285	0.0032738314854578883	0.0032738314854578883	0.0	0.14285714285714285
S3_EXCLUDE_LEE_SITES	elastic_net	s__Clostridium_sp_AF34_13	7	7	0.14285714285714285	-0.003226709667969721	0.003226709667969721	0.0	0.14285714285714285
S3_EXCLUDE_LEE_SITES	elastic_net	s__Ruminococcus_SGB4421	7	7	0.14285714285714285	-0.0029998237855514607	0.0029998237855514607	0.0	0.14285714285714285
S3_EXCLUDE_LEE_SITES	elastic_net	s__Bacteroides_fragilis	7	7	0.14285714285714285	-0.002845253906605948	0.002845253906605948	0.0	0.14285714285714285
S3_EXCLUDE_LEE_SITES	elastic_net	s__Desulfovibrio_piger	7	7	0.14285714285714285	0.00222398385101707	0.00222398385101707	0.0	0.14285714285714285
S3_EXCLUDE_LEE_SITES	elastic_net	s__GGB36267_SGB14177	7	7	0.14285714285714285	-0.001899555032320879	0.001899555032320879	0.0	0.14285714285714285
S3_EXCLUDE_LEE_SITES	elastic_net	s__Bacteroides_ovatus	7	7	0.14285714285714285	-0.0018446608427212026	0.0018446608427212026	0.0	0.14285714285714285
S3_EXCLUDE_LEE_SITES	elastic_net	s__GGB9189_SGB14128	6	6	0.16666666666666666	0.0015935484459736228	0.0015935484459736228	0.0	0.16666666666666666
S3_EXCLUDE_LEE_SITES	elastic_net	s__GGB2977_SGB3959	7	7	0.2857142857142857	-0.0015591459648184286	0.0015591459648184286	0.0	0.2857142857142857
S3_EXCLUDE_LEE_SITES	elastic_net	s__Butyricimonas_virosa	7	7	0.14285714285714285	-0.0013480703737330589	0.0013480703737330589	0.0	0.14285714285714285
S3_EXCLUDE_LEE_SITES	elastic_net	s__Clostridium_spiroforme	7	7	0.14285714285714285	-0.0012033795581179155	0.0012033795581179155	0.0	0.14285714285714285
S3_EXCLUDE_LEE_SITES	elastic_net	s__Enterococcus_faecalis	6	6	0.16666666666666666	0.0008819619757491776	0.0008819619757491776	0.0	0.16666666666666666
S3_EXCLUDE_LEE_SITES	elastic_net	s__Actinomyces_bouchesdurhonensis	5	5	0.2	0.0008524377809042474	0.0008524377809042474	0.0	0.2
S3_EXCLUDE_LEE_SITES	elastic_net	s__Paraprevotella_clara	7	7	0.14285714285714285	-0.0008065616734232727	0.0008065616734232727	0.0	0.14285714285714285
S3_EXCLUDE_LEE_SITES	elastic_net	s__GGB79734_SGB15291	7	7	0.14285714285714285	-0.0004481730146946645	0.0004481730146946645	0.0	0.14285714285714285
S3_EXCLUDE_LEE_SITES	elastic_net	s__Granulicatella_SGB8255	7	7	0.14285714285714285	0.0004458622384255303	0.0004458622384255303	0.0	0.14285714285714285
S3_EXCLUDE_LEE_SITES	elastic_net	s__Acidaminococcus_intestini	7	7	0.0	0.0	0.0	0.0	0.0
S3_EXCLUDE_LEE_SITES	elastic_net	s__Actinomyces_massiliensis	5	5	0.0	0.0	0.0	0.0	0.0
S3_EXCLUDE_LEE_SITES	elastic_net	s__Actinomyces_oris	7	7	0.0	0.0	0.0	0.0	0.0
S3_EXCLUDE_LEE_SITES	elastic_net	s__Actinomyces_sp_ICM58	7	7	0.0	0.0	0.0	0.0	0.0
S3_EXCLUDE_LEE_SITES	elastic_net	s__Actinomyces_sp_oral_taxon_448	7	7	0.0	0.0	0.0	0.0	0.0
S3_EXCLUDE_LEE_SITES	elastic_net	s__Alistipes_communis	7	7	0.0	0.0	0.0	0.0	0.0
S3_EXCLUDE_LEE_SITES	elastic_net	s__Alistipes_ihumii	7	7	0.0	0.0	0.0	0.0	0.0
S3_EXCLUDE_LEE_SITES	elastic_net	s__Alistipes_indistinctus	7	7	0.0	0.0	0.0	0.0	0.0
S3_EXCLUDE_LEE_SITES	elastic_net	s__Allisonella_histaminiformans	1	1	0.0	0.0	0.0	0.0	0.0
S3_EXCLUDE_LEE_SITES	elastic_net	s__Anaerobutyricum_hallii	7	7	0.0	0.0	0.0	0.0	0.0
S3_EXCLUDE_LEE_SITES	elastic_net	s__Anaerostipes_caccae	7	7	0.0	0.0	0.0	0.0	0.0
S3_EXCLUDE_LEE_SITES	elastic_net	s__Bacteroides_caccae	7	7	0.0	0.0	0.0	0.0	0.0
S3_EXCLUDE_LEE_SITES	elastic_net	s__Bacteroides_cellulosilyticus	7	7	0.0	0.0	0.0	0.0	0.0
S3_EXCLUDE_LEE_SITES	elastic_net	s__Bacteroides_intestinalis	7	7	0.0	0.0	0.0	0.0	0.0
S3_EXCLUDE_LEE_SITES	elastic_net	s__Bacteroides_nordii	7	7	0.0	0.0	0.0	0.0	0.0
S3_EXCLUDE_LEE_SITES	elastic_net	s__Bifidobacterium_adolescentis	7	7	0.0	0.0	0.0	0.0	0.0
S3_EXCLUDE_LEE_SITES	elastic_net	s__Bifidobacterium_longum	7	7	0.0	0.0	0.0	0.0	0.0
S3_EXCLUDE_LEE_SITES	elastic_net	s__Bilophila_wadsworthia	7	7	0.0	0.0	0.0	0.0	0.0
S3_EXCLUDE_LEE_SITES	elastic_net	s__Blautia_SGB4815	7	7	0.0	0.0	0.0	0.0	0.0
S3_EXCLUDE_LEE_SITES	elastic_net	s__Blautia_glucerasea	7	7	0.0	0.0	0.0	0.0	0.0
S3_EXCLUDE_LEE_SITES	elastic_net	s__Blautia_hydrogenotrophica	7	7	0.0	0.0	0.0	0.0	0.0
S3_EXCLUDE_LEE_SITES	elastic_net	s__Blautia_luti	7	7	0.0	0.0	0.0	0.0	0.0
S3_EXCLUDE_LEE_SITES	elastic_net	s__Blautia_sp_MSK_20_85	7	7	0.0	0.0	0.0	0.0	0.0
S3_EXCLUDE_LEE_SITES	elastic_net	s__Blautia_sp_OF03_15BH	7	7	0.0	0.0	0.0	0.0	0.0
S3_EXCLUDE_LEE_SITES	elastic_net	s__Blautia_stercoris	7	7	0.0	0.0	0.0	0.0	0.0
S3_EXCLUDE_LEE_SITES	elastic_net	s__Blautia_wexlerae	7	7	0.0	0.0	0.0	0.0	0.0
S3_EXCLUDE_LEE_SITES	elastic_net	s__Candidatus_Borkfalkia_ceftriaxoniphila	7	7	0.0	0.0	0.0	0.0	0.0
S3_EXCLUDE_LEE_SITES	elastic_net	s__Candidatus_Catenibacterium_tridentinum	7	7	0.0	0.0	0.0	0.0	0.0
S3_EXCLUDE_LEE_SITES	elastic_net	s__Candidatus_Cibionibacter_quicibialis	7	7	0.0	0.0	0.0	0.0	0.0
S3_EXCLUDE_LEE_SITES	elastic_net	s__Candidatus_Nanosynsacchari_sp_TM7_ANC_38_39_G1_1	4	4	0.0	0.0	0.0	0.0	0.0
S3_EXCLUDE_LEE_SITES	elastic_net	s__Christensenella_hongkongensis	7	7	0.0	0.0	0.0	0.0	0.0
S3_EXCLUDE_LEE_SITES	elastic_net	s__Christensenella_minuta	7	7	0.0	0.0	0.0	0.0	0.0
S3_EXCLUDE_LEE_SITES	elastic_net	s__Clostridium_SGB4750	7	7	0.0	0.0	0.0	0.0	0.0
S3_EXCLUDE_LEE_SITES	elastic_net	s__Clostridium_paraputrificum	1	1	0.0	0.0	0.0	0.0	0.0
S3_EXCLUDE_LEE_SITES	elastic_net	s__Clostridium_sp_1001270J_160509_D11	7	7	0.0	0.0	0.0	0.0	0.0
S3_EXCLUDE_LEE_SITES	elastic_net	s__Clostridium_sp_AF12_28	7	7	0.0	0.0	0.0	0.0	0.0
S3_EXCLUDE_LEE_SITES	elastic_net	s__Clostridium_sp_AF20_17LB	7	7	0.0	0.0	0.0	0.0	0.0
S3_EXCLUDE_LEE_SITES	elastic_net	s__Clostridium_sp_AF36_4	7	7	0.0	0.0	0.0	0.0	0.0
S3_EXCLUDE_LEE_SITES	elastic_net	s__Clostridium_sp_AM49_4BH	7	7	0.0	0.0	0.0	0.0	0.0
S3_EXCLUDE_LEE_SITES	elastic_net	s__Clostridium_sp_NSJ_42	7	7	0.0	0.0	0.0	0.0	0.0
S3_EXCLUDE_LEE_SITES	elastic_net	s__Collinsella_SGB15196	4	4	0.0	0.0	0.0	0.0	0.0
S3_EXCLUDE_LEE_SITES	elastic_net	s__Collinsella_bouchesdurhonensis	6	6	0.0	0.0	0.0	0.0	0.0
S3_EXCLUDE_LEE_SITES	elastic_net	s__Collinsella_intestinalis	6	6	0.0	0.0	0.0	0.0	0.0
S3_EXCLUDE_LEE_SITES	elastic_net	s__Coprobacter_fastidiosus	7	7	0.0	0.0	0.0	0.0	0.0
S3_EXCLUDE_LEE_SITES	elastic_net	s__Coprococcus_catus	7	7	0.0	0.0	0.0	0.0	0.0
S3_EXCLUDE_LEE_SITES	elastic_net	s__Coprococcus_comes	7	7	0.0	0.0	0.0	0.0	0.0
S3_EXCLUDE_LEE_SITES	elastic_net	s__Coprococcus_eutactus	7	7	0.0	0.0	0.0	0.0	0.0
S3_EXCLUDE_LEE_SITES	elastic_net	s__Corynebacterium_durum	6	6	0.0	0.0	0.0	0.0	0.0
S3_EXCLUDE_LEE_SITES	elastic_net	s__Desulfovibrio_fairfieldensis	7	7	0.0	0.0	0.0	0.0	0.0
S3_EXCLUDE_LEE_SITES	elastic_net	s__Dorea_sp_AF24_7LB	7	7	0.0	0.0	0.0	0.0	0.0
S3_EXCLUDE_LEE_SITES	elastic_net	s__Dysosmobacter_sp_NSJ_60	7	7	0.0	0.0	0.0	0.0	0.0
S3_EXCLUDE_LEE_SITES	elastic_net	s__Eisenbergiella_tayi	7	7	0.0	0.0	0.0	0.0	0.0
S3_EXCLUDE_LEE_SITES	elastic_net	s__Emergencia_timonensis	7	7	0.0	0.0	0.0	0.0	0.0
S3_EXCLUDE_LEE_SITES	elastic_net	s__Enterocloster_clostridioformis	7	7	0.0	0.0	0.0	0.0	0.0
S3_EXCLUDE_LEE_SITES	elastic_net	s__Enterococcus_SGB6173	7	7	0.0	0.0	0.0	0.0	0.0
S3_EXCLUDE_LEE_SITES	elastic_net	s__Enterococcus_faecium	6	6	0.0	0.0	0.0	0.0	0.0
S3_EXCLUDE_LEE_SITES	elastic_net	s__Eubacterium_SGB4961	5	5	0.0	0.0	0.0	0.0	0.0
S3_EXCLUDE_LEE_SITES	elastic_net	s__Faecalicatena_fissicatena	7	7	0.0	0.0	0.0	0.0	0.0
S3_EXCLUDE_LEE_SITES	elastic_net	s__Faecalitalea_cylindroides	7	7	0.0	0.0	0.0	0.0	0.0
S3_EXCLUDE_LEE_SITES	elastic_net	s__Flavonifractor_plautii	7	7	0.0	0.0	0.0	0.0	0.0
S3_EXCLUDE_LEE_SITES	elastic_net	s__GGB10485_SGB49305	6	6	0.0	0.0	0.0	0.0	0.0
S3_EXCLUDE_LEE_SITES	elastic_net	s__GGB14025_SGB14906	7	7	0.0	0.0	0.0	0.0	0.0
S3_EXCLUDE_LEE_SITES	elastic_net	s__GGB1420_SGB1957	3	3	0.0	0.0	0.0	0.0	0.0
S3_EXCLUDE_LEE_SITES	elastic_net	s__GGB1662_SGB2276	1	1	0.0	0.0	0.0	0.0	0.0
S3_EXCLUDE_LEE_SITES	elastic_net	s__GGB2653_SGB3574	7	7	0.0	0.0	0.0	0.0	0.0
S3_EXCLUDE_LEE_SITES	elastic_net	s__GGB2958_SGB3940	6	6	0.0	0.0	0.0	0.0	0.0
S3_EXCLUDE_LEE_SITES	elastic_net	s__GGB2980_SGB3962	7	7	0.0	0.0	0.0	0.0	0.0
S3_EXCLUDE_LEE_SITES	elastic_net	s__GGB2987_SGB3969	7	7	0.0	0.0	0.0	0.0	0.0
S3_EXCLUDE_LEE_SITES	elastic_net	s__GGB2998_SGB3988	7	7	0.0	0.0	0.0	0.0	0.0
S3_EXCLUDE_LEE_SITES	elastic_net	s__GGB3000_SGB3991	7	7	0.0	0.0	0.0	0.0	0.0
S3_EXCLUDE_LEE_SITES	elastic_net	s__GGB3057_SGB4059	2	2	0.0	0.0	0.0	0.0	0.0
S3_EXCLUDE_LEE_SITES	elastic_net	s__GGB31234_SGB14869	5	5	0.0	0.0	0.0	0.0	0.0
S3_EXCLUDE_LEE_SITES	elastic_net	s__GGB3278_SGB4328	6	6	0.0	0.0	0.0	0.0	0.0
S3_EXCLUDE_LEE_SITES	elastic_net	s__GGB3321_SGB4394	3	3	0.0	0.0	0.0	0.0	0.0
S3_EXCLUDE_LEE_SITES	elastic_net	s__GGB33469_SGB15236	7	7	0.0	0.0	0.0	0.0	0.0
S3_EXCLUDE_LEE_SITES	elastic_net	s__GGB33469_SGB15237	7	7	0.0	0.0	0.0	0.0	0.0
S3_EXCLUDE_LEE_SITES	elastic_net	s__GGB33512_SGB15201	7	7	0.0	0.0	0.0	0.0	0.0
S3_EXCLUDE_LEE_SITES	elastic_net	s__GGB3446_SGB4597	1	1	0.0	0.0	0.0	0.0	0.0
S3_EXCLUDE_LEE_SITES	elastic_net	s__GGB3475_SGB4638	7	7	0.0	0.0	0.0	0.0	0.0
S3_EXCLUDE_LEE_SITES	elastic_net	s__GGB34797_SGB14322	7	7	0.0	0.0	0.0	0.0	0.0
S3_EXCLUDE_LEE_SITES	elastic_net	s__GGB3510_SGB4687	7	7	0.0	0.0	0.0	0.0	0.0
S3_EXCLUDE_LEE_SITES	elastic_net	s__GGB3511_SGB4688	1	1	0.0	0.0	0.0	0.0	0.0
S3_EXCLUDE_LEE_SITES	elastic_net	s__GGB3513_SGB4691	1	1	0.0	0.0	0.0	0.0	0.0
S3_EXCLUDE_LEE_SITES	elastic_net	s__GGB3569_SGB4776	3	3	0.0	0.0	0.0	0.0	0.0
S3_EXCLUDE_LEE_SITES	elastic_net	s__GGB3593_SGB4817	1	1	0.0	0.0	0.0	0.0	0.0
S3_EXCLUDE_LEE_SITES	elastic_net	s__GGB3653_SGB4964	7	7	0.0	0.0	0.0	0.0	0.0
S3_EXCLUDE_LEE_SITES	elastic_net	s__GGB42389_SGB59559	7	7	0.0	0.0	0.0	0.0	0.0
S3_EXCLUDE_LEE_SITES	elastic_net	s__GGB42994_SGB4746	7	7	0.0	0.0	0.0	0.0	0.0
S3_EXCLUDE_LEE_SITES	elastic_net	s__GGB4599_SGB6362	2	2	0.0	0.0	0.0	0.0	0.0
S3_EXCLUDE_LEE_SITES	elastic_net	s__GGB4684_SGB6478	1	1	0.0	0.0	0.0	0.0	0.0
S3_EXCLUDE_LEE_SITES	elastic_net	s__GGB4745_SGB6571	4	4	0.0	0.0	0.0	0.0	0.0
S3_EXCLUDE_LEE_SITES	elastic_net	s__GGB51441_SGB71759	7	7	0.0	0.0	0.0	0.0	0.0
S3_EXCLUDE_LEE_SITES	elastic_net	s__GGB51960_SGB72480	4	4	0.0	0.0	0.0	0.0	0.0
S3_EXCLUDE_LEE_SITES	elastic_net	s__GGB79634_SGB101324	1	1	0.0	0.0	0.0	0.0	0.0
S3_EXCLUDE_LEE_SITES	elastic_net	s__GGB79916_SGB4587	3	3	0.0	0.0	0.0	0.0	0.0
S3_EXCLUDE_LEE_SITES	elastic_net	s__GGB80055_SGB4053	1	1	0.0	0.0	0.0	0.0	0.0
S3_EXCLUDE_LEE_SITES	elastic_net	s__GGB9240_SGB14182	7	7	0.0	0.0	0.0	0.0	0.0
S3_EXCLUDE_LEE_SITES	elastic_net	s__GGB9261_SGB14209	1	1	0.0	0.0	0.0	0.0	0.0
S3_EXCLUDE_LEE_SITES	elastic_net	s__GGB9293_SGB14250	7	7	0.0	0.0	0.0	0.0	0.0
S3_EXCLUDE_LEE_SITES	elastic_net	s__GGB9296_SGB14253	7	7	0.0	0.0	0.0	0.0	0.0
S3_EXCLUDE_LEE_SITES	elastic_net	s__GGB9342_SGB14306	7	7	0.0	0.0	0.0	0.0	0.0
S3_EXCLUDE_LEE_SITES	elastic_net	s__GGB9350_SGB14317	1	1	0.0	0.0	0.0	0.0	0.0
S3_EXCLUDE_LEE_SITES	elastic_net	s__GGB9361_SGB14336	5	5	0.0	0.0	0.0	0.0	0.0
S3_EXCLUDE_LEE_SITES	elastic_net	s__GGB9453_SGB14844	7	7	0.0	0.0	0.0	0.0	0.0
S3_EXCLUDE_LEE_SITES	elastic_net	s__GGB9469_SGB14862	1	1	0.0	0.0	0.0	0.0	0.0
S3_EXCLUDE_LEE_SITES	elastic_net	s__GGB9474_SGB14868	2	2	0.0	0.0	0.0	0.0	0.0
S3_EXCLUDE_LEE_SITES	elastic_net	s__GGB9524_SGB14923	1	1	0.0	0.0	0.0	0.0	0.0
S3_EXCLUDE_LEE_SITES	elastic_net	s__GGB9559_SGB14968	1	1	0.0	0.0	0.0	0.0	0.0
S3_EXCLUDE_LEE_SITES	elastic_net	s__GGB9561_SGB14972	5	5	0.0	0.0	0.0	0.0	0.0
S3_EXCLUDE_LEE_SITES	elastic_net	s__GGB9580_SGB14998	1	1	0.0	0.0	0.0	0.0	0.0
S3_EXCLUDE_LEE_SITES	elastic_net	s__GGB9582_SGB4865	1	1	0.0	0.0	0.0	0.0	0.0
S3_EXCLUDE_LEE_SITES	elastic_net	s__GGB9620_SGB15068	3	3	0.0	0.0	0.0	0.0	0.0
S3_EXCLUDE_LEE_SITES	elastic_net	s__GGB9634_SGB15093	7	7	0.0	0.0	0.0	0.0	0.0
S3_EXCLUDE_LEE_SITES	elastic_net	s__GGB9640_SGB15115	7	7	0.0	0.0	0.0	0.0	0.0
S3_EXCLUDE_LEE_SITES	elastic_net	s__GGB9699_SGB15216	7	7	0.0	0.0	0.0	0.0	0.0
S3_EXCLUDE_LEE_SITES	elastic_net	s__GGB9708_SGB15233	7	7	0.0	0.0	0.0	0.0	0.0
S3_EXCLUDE_LEE_SITES	elastic_net	s__GGB9713_SGB15249	7	7	0.0	0.0	0.0	0.0	0.0
S3_EXCLUDE_LEE_SITES	elastic_net	s__GGB9719_SGB15272	7	7	0.0	0.0	0.0	0.0	0.0
S3_EXCLUDE_LEE_SITES	elastic_net	s__GGB9719_SGB53514	1	1	0.0	0.0	0.0	0.0	0.0
S3_EXCLUDE_LEE_SITES	elastic_net	s__GGB9737_SGB15309	1	1	0.0	0.0	0.0	0.0	0.0
S3_EXCLUDE_LEE_SITES	elastic_net	s__GGB9759_SGB15370	7	7	0.0	0.0	0.0	0.0	0.0
S3_EXCLUDE_LEE_SITES	elastic_net	s__GGB9762_SGB15377	1	1	0.0	0.0	0.0	0.0	0.0
S3_EXCLUDE_LEE_SITES	elastic_net	s__GGB9765_SGB15382	7	7	0.0	0.0	0.0	0.0	0.0
S3_EXCLUDE_LEE_SITES	elastic_net	s__GGB9766_SGB15383	7	7	0.0	0.0	0.0	0.0	0.0
S3_EXCLUDE_LEE_SITES	elastic_net	s__GGB9775_SGB15395	7	7	0.0	0.0	0.0	0.0	0.0
S3_EXCLUDE_LEE_SITES	elastic_net	s__GGB9781_SGB66170	7	7	0.0	0.0	0.0	0.0	0.0
S3_EXCLUDE_LEE_SITES	elastic_net	s__GGB9786_SGB15409	5	5	0.0	0.0	0.0	0.0	0.0
S3_EXCLUDE_LEE_SITES	elastic_net	s__GGB9787_SGB15410	7	7	0.0	0.0	0.0	0.0	0.0
S3_EXCLUDE_LEE_SITES	elastic_net	s__Gordonibacter_urolithinfaciens	7	7	0.0	0.0	0.0	0.0	0.0
S3_EXCLUDE_LEE_SITES	elastic_net	s__Haemophilus_parainfluenzae	7	7	0.0	0.0	0.0	0.0	0.0
S3_EXCLUDE_LEE_SITES	elastic_net	s__Holdemanella_biformis	1	1	0.0	0.0	0.0	0.0	0.0
S3_EXCLUDE_LEE_SITES	elastic_net	s__Hungatella_hathewayi	7	7	0.0	0.0	0.0	0.0	0.0
S3_EXCLUDE_LEE_SITES	elastic_net	s__Lachnoclostridium_sp_An138	6	6	0.0	0.0	0.0	0.0	0.0
S3_EXCLUDE_LEE_SITES	elastic_net	s__Lachnospira_pectinoschiza	7	7	0.0	0.0	0.0	0.0	0.0
S3_EXCLUDE_LEE_SITES	elastic_net	s__Lacrimispora_saccharolytica	7	7	0.0	0.0	0.0	0.0	0.0
S3_EXCLUDE_LEE_SITES	elastic_net	s__Lacticaseibacillus_paracasei	7	7	0.0	0.0	0.0	0.0	0.0
S3_EXCLUDE_LEE_SITES	elastic_net	s__Lactobacillus_gasseri	7	7	0.0	0.0	0.0	0.0	0.0
S3_EXCLUDE_LEE_SITES	elastic_net	s__Lactococcus_cremoris	1	1	0.0	0.0	0.0	0.0	0.0
S3_EXCLUDE_LEE_SITES	elastic_net	s__Massiliimalia_massiliensis	7	7	0.0	0.0	0.0	0.0	0.0
S3_EXCLUDE_LEE_SITES	elastic_net	s__Mediterraneibacter_SGB48424	7	7	0.0	0.0	0.0	0.0	0.0
S3_EXCLUDE_LEE_SITES	elastic_net	s__Mediterraneibacter_butyricigenes	7	7	0.0	0.0	0.0	0.0	0.0
S3_EXCLUDE_LEE_SITES	elastic_net	s__Mogibacterium_diversum	7	7	0.0	0.0	0.0	0.0	0.0
S3_EXCLUDE_LEE_SITES	elastic_net	s__Mogibacterium_sp_BX12	7	7	0.0	0.0	0.0	0.0	0.0
S3_EXCLUDE_LEE_SITES	elastic_net	s__Mogibacterium_sp_NSJ_24	7	7	0.0	0.0	0.0	0.0	0.0
S3_EXCLUDE_LEE_SITES	elastic_net	s__Monoglobus_pectinilyticus	7	7	0.0	0.0	0.0	0.0	0.0
S3_EXCLUDE_LEE_SITES	elastic_net	s__Oscillibacter_valericigenes	7	7	0.0	0.0	0.0	0.0	0.0
S3_EXCLUDE_LEE_SITES	elastic_net	s__Parabacteroides_distasonis	7	7	0.0	0.0	0.0	0.0	0.0
S3_EXCLUDE_LEE_SITES	elastic_net	s__Paratractidigestivibacter_faecalis	1	1	0.0	0.0	0.0	0.0	0.0
S3_EXCLUDE_LEE_SITES	elastic_net	s__Pauljensenia_hongkongensis	3	3	0.0	0.0	0.0	0.0	0.0
S3_EXCLUDE_LEE_SITES	elastic_net	s__Phascolarctobacterium_SGB4573	7	7	0.0	0.0	0.0	0.0	0.0
S3_EXCLUDE_LEE_SITES	elastic_net	s__Phocaeicola_dorei	7	7	0.0	0.0	0.0	0.0	0.0
S3_EXCLUDE_LEE_SITES	elastic_net	s__Propionibacterium_acidifaciens	5	5	0.0	0.0	0.0	0.0	0.0
S3_EXCLUDE_LEE_SITES	elastic_net	s__Raoultibacter_massiliensis	3	3	0.0	0.0	0.0	0.0	0.0
S3_EXCLUDE_LEE_SITES	elastic_net	s__Roseburia_sp_AF02_12	7	7	0.0	0.0	0.0	0.0	0.0
S3_EXCLUDE_LEE_SITES	elastic_net	s__Ruminococcus_callidus	7	7	0.0	0.0	0.0	0.0	0.0
S3_EXCLUDE_LEE_SITES	elastic_net	s__Ruminococcus_gnavus	7	7	0.0	0.0	0.0	0.0	0.0
S3_EXCLUDE_LEE_SITES	elastic_net	s__Ruminococcus_sp_AF41_9	6	6	0.0	0.0	0.0	0.0	0.0
S3_EXCLUDE_LEE_SITES	elastic_net	s__Ruminococcus_sp_AF46_10NS	1	1	0.0	0.0	0.0	0.0	0.0
S3_EXCLUDE_LEE_SITES	elastic_net	s__Sanguibacter_SGB15121	7	7	0.0	0.0	0.0	0.0	0.0
S3_EXCLUDE_LEE_SITES	elastic_net	s__Scardovia_wiggsiae	5	5	0.0	0.0	0.0	0.0	0.0
S3_EXCLUDE_LEE_SITES	elastic_net	s__Sellimonas_intestinalis	7	7	0.0	0.0	0.0	0.0	0.0
S3_EXCLUDE_LEE_SITES	elastic_net	s__Senegalimassilia_anaerobia	7	7	0.0	0.0	0.0	0.0	0.0
S3_EXCLUDE_LEE_SITES	elastic_net	s__Streptococcus_anginosus	7	7	0.0	0.0	0.0	0.0	0.0
S3_EXCLUDE_LEE_SITES	elastic_net	s__Streptococcus_australis	7	7	0.0	0.0	0.0	0.0	0.0
S3_EXCLUDE_LEE_SITES	elastic_net	s__Streptococcus_gordonii	7	7	0.0	0.0	0.0	0.0	0.0
S3_EXCLUDE_LEE_SITES	elastic_net	s__Streptococcus_infantis	7	7	0.0	0.0	0.0	0.0	0.0
S3_EXCLUDE_LEE_SITES	elastic_net	s__Streptococcus_salivarius	7	7	0.0	0.0	0.0	0.0	0.0
S3_EXCLUDE_LEE_SITES	elastic_net	s__Streptococcus_sanguinis	7	7	0.0	0.0	0.0	0.0	0.0
S3_EXCLUDE_LEE_SITES	elastic_net	s__Vescimonas_fastidiosa	1	1	0.0	0.0	0.0	0.0	0.0
S3_EXCLUDE_LEE_SITES	elastic_net	s__Victivallis_lenta	2	2	0.0	0.0	0.0	0.0	0.0
S3_EXCLUDE_LEE_SITES	elastic_net	s__Waltera_intestinalis	7	7	0.0	0.0	0.0	0.0	0.0
PRIMARY	ridge	s__Flavonifractor_sp_An100	1	1	1.0	0.868852108122487	0.868852108122487	0.868852108122487	1.0
PRIMARY	ridge	s__Streptococcus_SGB14888	9	9	1.0	-0.7247213821925593	0.7247213821925593	-0.7674631566615422	1.0
PRIMARY	ridge	s__Faecalicatena_contorta	9	9	1.0	0.7011565661560222	0.7011565661560222	0.8836249648042794	1.0
PRIMARY	ridge	s__Blautia_massiliensis	9	9	1.0	0.6489417237275357	0.6489417237275357	0.7809875537154043	1.0
PRIMARY	ridge	s__Eubacterium_sp_AF16_48	9	9	1.0	-0.5602448726045137	0.5602448726045137	-0.5563789973955598	1.0
PRIMARY	ridge	s__GGB9694_SGB15204	9	9	1.0	0.5446155398325123	0.5446155398325123	0.6205307729447281	1.0
PRIMARY	ridge	s__Lachnoclostridium_sp_An131	9	9	1.0	-0.5402337672326147	0.5402337672326147	-0.6765816562823456	1.0
PRIMARY	ridge	s__Anaerotruncus_colihominis	9	9	1.0	-0.5253868281614114	0.5253868281614114	-0.6705055815061485	1.0
PRIMARY	ridge	s__Faecalibacillus_intestinalis	9	9	1.0	0.5246044849756041	0.5246044849756041	0.5756498470291717	1.0
PRIMARY	ridge	s__GGB9237_SGB14179	9	9	1.0	-0.5204975626840365	0.5204975626840365	-0.45083570483940083	1.0
PRIMARY	ridge	s__Pseudoflavonifractor_gallinarum	9	9	1.0	-0.5063151621095433	0.5063151621095433	-0.5129219183698048	1.0
PRIMARY	ridge	s__GGB3277_SGB4327	9	9	1.0	-0.5040535671841568	0.5040535671841568	-0.5217979180442939	1.0
PRIMARY	ridge	s__GGB3444_SGB4594	9	9	1.0	-0.5028987226082365	0.5028987226082365	-0.5826482814067864	1.0
PRIMARY	ridge	s__Veillonella_parvula	9	9	1.0	-0.5019603767416562	0.5019603767416562	-0.5943851630907698	1.0
PRIMARY	ridge	s__Blautia_caecimuris	9	9	1.0	0.5006632155518935	0.5006632155518935	0.6080733848300812	1.0
PRIMARY	ridge	s__GGB9616_SGB15051	9	9	1.0	-0.4933742016267735	0.4933742016267735	-0.5608535631635584	1.0
PRIMARY	ridge	s__GGB32900_SGB53446	9	9	1.0	0.47390448841869515	0.47390448841869515	0.36065066613329483	1.0
PRIMARY	ridge	s__Roseburia_hominis	9	9	1.0	0.4722961606654353	0.4722961606654353	0.4133351394393677	1.0
PRIMARY	ridge	s__GGB3818_SGB5183	1	1	1.0	-0.4625009100910593	0.4625009100910593	-0.4625009100910593	1.0
PRIMARY	ridge	s__GGB9302_SGB14263	5	5	1.0	0.4617844154791432	0.4617844154791432	0.40510466543500095	1.0
PRIMARY	ridge	s__GGB58158_SGB79798	9	9	1.0	0.4572132540870052	0.4572132540870052	0.4842851729608982	1.0
PRIMARY	ridge	s__Alistipes_putredinis	9	9	1.0	-0.4464394974696406	0.4535375388233651	-0.43600599824293657	0.8888888888888888
PRIMARY	ridge	s__GGB9627_SGB15081	9	9	1.0	0.4528060653932317	0.4528060653932317	0.4347014457670709	1.0
PRIMARY	ridge	s__GGB34797_SGB14322	9	9	1.0	-0.44429630058178726	0.44429630058178726	-0.6027376338819296	1.0
PRIMARY	ridge	s__Bifidobacterium_bifidum	9	9	1.0	0.43610399462298877	0.43610399462298877	0.49611077947096704	1.0
PRIMARY	ridge	s__Agathobaculum_butyriciproducens	9	9	1.0	0.4357532456374036	0.4357532456374036	0.5674764686846274	1.0
PRIMARY	ridge	s__Bacteroides_uniformis	9	9	1.0	-0.43326102875183264	0.43326102875183264	-0.5169942718672458	1.0
PRIMARY	ridge	s__GGB74463_SGB54347	9	9	1.0	-0.4265248994967833	0.4265248994967833	-0.40436260135706437	1.0
PRIMARY	ridge	s__Bacteroides_stercoris	9	9	1.0	0.4125705695951109	0.4125705695951109	0.549275520049208	1.0
PRIMARY	ridge	s__Parasutterella_excrementihominis	9	9	1.0	-0.4042219055522338	0.4042219055522338	-0.4817020361773863	1.0
PRIMARY	ridge	s__GGB3321_SGB4394	9	9	1.0	-0.39710862661306817	0.39710862661306817	-0.48869193703992503	1.0
PRIMARY	ridge	s__Faecalibacterium_prausnitzii	9	9	1.0	0.3928263926480986	0.3928263926480986	0.516059962697451	1.0
PRIMARY	ridge	s__Anaerostipes_hadrus	9	9	1.0	-0.38292075824826327	0.39056770452033124	-0.427451497640836	0.8888888888888888
PRIMARY	ridge	s__Anaerotruncus_rubiinfantis	9	9	1.0	-0.3897564527246036	0.3897564527246036	-0.5409534844157419	1.0
PRIMARY	ridge	s__Vescimonas_SGB15087	9	9	1.0	-0.3858162354465477	0.3858162354465477	-0.38404253638003094	1.0
PRIMARY	ridge	s__Bifidobacterium_catenulatum	8	8	1.0	0.3844894194910359	0.3844894194910359	0.24181174166409336	1.0
PRIMARY	ridge	s__Roseburia_intestinalis	9	9	1.0	-0.38354830505820586	0.38354830505820586	-0.4086540859659247	1.0
PRIMARY	ridge	s__Paraprevotella_clara	9	9	1.0	-0.38292841786805176	0.38292841786805176	-0.3782514828711769	1.0
PRIMARY	ridge	s__Vescimonas_coprocola	9	9	1.0	-0.38022855644174186	0.38022855644174186	-0.24812210137367416	1.0
PRIMARY	ridge	s__Lactococcus_lactis	9	9	1.0	0.3765712239692232	0.3765712239692232	0.342284835080032	1.0
PRIMARY	ridge	s__GGB3815_SGB5180	2	2	1.0	0.3716215839407765	0.3716215839407765	0.3716215839407765	1.0
PRIMARY	ridge	s__GGB9619_SGB15066	9	9	1.0	-0.3709409669313415	0.3709409669313415	-0.4901624678645322	1.0
PRIMARY	ridge	s__Alistipes_sp_AF17_16	9	9	1.0	0.3689382313088438	0.3689382313088438	0.40228181694185994	1.0
PRIMARY	ridge	s__Massilimicrobiota_timonensis	9	9	1.0	-0.36555095614687105	0.36555095614687105	-0.49388391885341126	1.0
PRIMARY	ridge	s__Lacrimispora_celerecrescens	9	9	1.0	0.3653094448786507	0.3653094448786507	0.3621140658633974	1.0
PRIMARY	ridge	s__Sutterella_wadsworthensis	9	9	1.0	-0.3645622387433267	0.3645622387433267	-0.4046566909941848	1.0
PRIMARY	ridge	s__Clostridium_sp_1001270H_150608_G6	9	9	1.0	0.36095889575148926	0.36095889575148926	0.33812078201406476	1.0
PRIMARY	ridge	s__Streptococcus_mitis	9	9	1.0	0.3600869802649155	0.3600869802649155	0.27476093403116936	1.0
PRIMARY	ridge	s__Roseburia_faecis	9	9	1.0	0.35993707554193366	0.35993707554193366	0.3924260332588335	1.0
PRIMARY	ridge	s__Methylobacterium_SGB15164	9	9	1.0	0.3558213321062587	0.3581773577636201	0.41396815238755075	0.8888888888888888
PRIMARY	ridge	s__Anaerosacchariphilus_sp_NSJ_68	8	8	1.0	-0.34647209028124887	0.34647209028124887	-0.3276308663348043	1.0
PRIMARY	ridge	s__Staphylococcus_SGB6340	9	9	1.0	-0.3464637821860377	0.3464637821860377	-0.17968698889488632	1.0
PRIMARY	ridge	s__Blautia_producta	9	9	1.0	-0.34052811214572426	0.34052811214572426	-0.3408285147310083	1.0
PRIMARY	ridge	s__Streptococcus_vestibularis	9	9	1.0	-0.336836805713397	0.336836805713397	-0.3071412776090933	1.0
PRIMARY	ridge	s__Collinsella_SGB14861	9	9	1.0	0.3326165746227614	0.3326165746227614	0.3213437612079597	1.0
PRIMARY	ridge	s__Phascolarctobacterium_faecium	9	9	1.0	0.33256053873084856	0.33256053873084856	0.3786851711313664	1.0
PRIMARY	ridge	s__GGB3175_SGB4191	9	9	1.0	-0.3296584640512007	0.3296584640512007	-0.3820453316779557	1.0
PRIMARY	ridge	s__Tyzzerella_nexilis	9	9	1.0	0.3290378885190026	0.3290378885190026	0.14295905588371705	1.0
PRIMARY	ridge	s__Actinomyces_sp_ICM47	9	9	1.0	0.32365842506485126	0.32365842506485126	0.273856919443266	1.0
PRIMARY	ridge	s__GGB9760_SGB15373	9	9	1.0	-0.3229912105139437	0.3229912105139437	-0.3401873776780803	1.0
PRIMARY	ridge	s__Phocaeicola_vulgatus	9	9	1.0	0.31968529493742615	0.31968529493742615	0.3178118091425015	1.0
PRIMARY	ridge	s__Eisenbergiella_massiliensis	9	9	1.0	0.31804676786633324	0.31804676786633324	0.2185074766620151	1.0
PRIMARY	ridge	s__Streptococcus_SGB14137	1	1	1.0	0.3170378284390036	0.3170378284390036	0.3170378284390036	1.0
PRIMARY	ridge	s__Clostridium_scindens	9	9	1.0	0.3148116380594621	0.3148116380594621	0.34587437254647874	1.0
PRIMARY	ridge	s__Actinomyces_graevenitzii	9	9	1.0	-0.3133469047632337	0.3133469047632337	-0.21984674093712211	1.0
PRIMARY	ridge	s__Clostridium_SGB6179	9	9	1.0	0.31213175360243234	0.31213175360243234	0.22305622355710464	1.0
PRIMARY	ridge	s__GGB9345_SGB14311	9	9	1.0	0.31138043783312963	0.31138043783312963	0.348028563939422	1.0
PRIMARY	ridge	s__GGB33928_SGB15225	9	9	1.0	-0.3073097954738197	0.3092831298504782	-0.41608941778986763	0.8888888888888888
PRIMARY	ridge	s__Coprobacillus_cateniformis	9	9	1.0	-0.30912875453666167	0.30912875453666167	-0.23598899188695707	1.0
PRIMARY	ridge	s__GGB79998_SGB48024	1	1	1.0	0.30505514159541935	0.30505514159541935	0.30505514159541935	1.0
PRIMARY	ridge	s__GGB80011_SGB15265	9	9	1.0	0.304247366428716	0.304247366428716	0.30052767139196973	1.0
PRIMARY	ridge	s__Parabacteroides_merdae	9	9	1.0	0.30383753234523936	0.30383753234523936	0.26747882811144874	1.0
PRIMARY	ridge	s__Streptococcus_parasanguinis	9	9	1.0	-0.300439787733058	0.300439787733058	-0.32896709287782216	1.0
PRIMARY	ridge	s__GGB9618_SGB15065	8	8	1.0	-0.29960948175996127	0.29960948175996127	-0.31337708832206834	1.0
PRIMARY	ridge	s__Faecalibacterium_SGB15346	9	9	1.0	0.2985245347218847	0.2985245347218847	0.319627339287166	1.0
PRIMARY	ridge	s__GGB9581_SGB79823	3	3	1.0	-0.2983089418662483	0.2983089418662483	-0.3089603230759563	1.0
PRIMARY	ridge	s__GGB9759_SGB15370	9	9	1.0	0.2964162821726266	0.2964162821726266	0.2354682161051465	1.0
PRIMARY	ridge	s__GGB9762_SGB15377	4	4	1.0	-0.2950853319313643	0.2950853319313643	-0.2731915646741602	1.0
PRIMARY	ridge	s__GGB9495_SGB14892	9	9	1.0	-0.2920429246674777	0.2920429246674777	-0.30556136092044417	1.0
PRIMARY	ridge	s__Alistipes_onderdonkii	9	9	1.0	-0.28999808519210035	0.2906090636012806	-0.2619770254438458	0.8888888888888888
PRIMARY	ridge	s__GGB14025_SGB14906	9	9	1.0	0.2900443809703596	0.2900443809703596	0.30520794557748065	1.0
PRIMARY	ridge	s__Streptococcus_thermophilus	9	9	1.0	0.28826665402066604	0.28826665402066604	0.27416401873679663	1.0
PRIMARY	ridge	s__Longicatena_caecimuris	9	9	1.0	0.2866441469297441	0.2866441469297441	0.2569166474188431	1.0
PRIMARY	ridge	s__Rheinheimera_SGB14999	9	9	1.0	-0.28662158289052875	0.28662158289052875	-0.17897375578611247	1.0
PRIMARY	ridge	s__Bacteroides_xylanisolvens	9	9	1.0	0.2865963391034664	0.2865963391034664	0.31274016934944826	1.0
PRIMARY	ridge	s__GGB9636_SGB15107	9	9	1.0	0.2841564320781578	0.2841564320781578	0.2129115299128481	1.0
PRIMARY	ridge	s__GGB3061_SGB4063	9	9	1.0	0.28371366023380573	0.28371366023380573	0.31958705895566747	1.0
PRIMARY	ridge	s__GGB9611_SGB15045	8	8	1.0	-0.2826388631170582	0.2826388631170582	-0.30628380567259883	1.0
PRIMARY	ridge	s__GGB45491_SGB63163	9	9	1.0	-0.28251588268194383	0.28251588268194383	-0.1561382093301373	1.0
PRIMARY	ridge	s__Bacteroides_fragilis	9	9	1.0	-0.28221136491889226	0.28221136491889226	-0.18050208719114286	1.0
PRIMARY	ridge	s__GGB3612_SGB4882	9	9	1.0	-0.2818469287683692	0.2818469287683692	-0.26664455367766116	1.0
PRIMARY	ridge	s__Hungatella_hathewayi	9	9	1.0	-0.28027946605118687	0.28027946605118687	-0.23717664724763526	1.0
PRIMARY	ridge	s__GGB9480_SGB14874	9	9	1.0	-0.2800718569931715	0.2800718569931715	-0.36000487723513297	1.0
PRIMARY	ridge	s__GGB9062_SGB13981	9	9	1.0	-0.2787880182447543	0.2787880182447543	-0.15623321889819058	1.0
PRIMARY	ridge	s__Bacteroides_finegoldii	9	9	1.0	0.2784380316905377	0.2784380316905377	0.3515073589223964	1.0
PRIMARY	ridge	s__Intestinibacter_bartlettii	9	9	1.0	0.2763567497364791	0.2763567497364791	0.24240954950428906	1.0
PRIMARY	ridge	s__Parabacteroides_johnsonii	6	6	1.0	-0.2739815453898659	0.2739815453898659	-0.2508358878611476	1.0
PRIMARY	ridge	s__Streptococcus_mutans	9	9	1.0	-0.26762144535516996	0.2720858857616168	-0.17312059921560538	0.8888888888888888
PRIMARY	ridge	s__GGB9559_SGB14969	9	9	1.0	0.2692188730055347	0.27125623057107895	0.33649589122957024	0.8888888888888888
PRIMARY	ridge	s__Lactonifactor_sp_BIOML_A6	9	9	1.0	-0.2689078635690907	0.2689078635690907	-0.17051512589359502	1.0
PRIMARY	ridge	s__GGB9176_SGB14114	9	9	1.0	0.26491070229868696	0.26544626189017667	0.28119086670183435	0.8888888888888888
PRIMARY	ridge	s__GGB3614_SGB4886	9	9	1.0	0.2651018601027979	0.2651018601027979	0.2933386297381342	1.0
PRIMARY	ridge	s__GGB9293_SGB14250	9	9	1.0	0.2638982808604131	0.2638982808604131	0.24050877104865698	1.0
PRIMARY	ridge	s__GGB9642_SGB15119	9	9	1.0	-0.26361843696691967	0.26361843696691967	-0.20014390294901074	1.0
PRIMARY	ridge	s__Lachnoclostridium_edouardi	6	6	1.0	-0.26293793670454635	0.26293793670454635	-0.2837172613833062	1.0
PRIMARY	ridge	s__Clostridium_SGB4648	9	9	1.0	0.2628451368651492	0.2628451368651492	0.25702555380296377	1.0
PRIMARY	ridge	s__Lacticaseibacillus_paracasei	9	9	1.0	-0.26190566627798695	0.26190566627798695	-0.27088527804313023	1.0
PRIMARY	ridge	s__GGB1627_SGB2230	4	4	1.0	0.26087251190873983	0.26087251190873983	0.23003124380642057	1.0
PRIMARY	ridge	s__Massiliimalia_timonensis	9	9	1.0	-0.260017674043942	0.260017674043942	-0.1802105527779727	1.0
PRIMARY	ridge	s__Phocaeicola_massiliensis	9	9	1.0	-0.2594046636039813	0.2594046636039813	-0.3718899855195572	1.0
PRIMARY	ridge	s__Faecalibacillus_faecis	9	9	1.0	0.2368356795444451	0.2582994872071184	0.11840061183724017	0.8888888888888888
PRIMARY	ridge	s__Ruminococcus_lactaris	9	9	1.0	-0.25646782359682574	0.25646782359682574	-0.1911583821614382	1.0
PRIMARY	ridge	s__Actinomyces_sp_HMSC035G02	8	8	1.0	-0.25304300089889675	0.25304300089889675	-0.14681261132079063	1.0
PRIMARY	ridge	s__Desulfovibrio_piger	9	9	1.0	0.25301690961557777	0.25301690961557777	0.10859035226145555	1.0
PRIMARY	ridge	s__GGB33512_SGB15203	9	9	1.0	-0.2521036617342888	0.2521036617342888	-0.17172086309283222	1.0
PRIMARY	ridge	s__Actinomyces_SGB17157	8	8	1.0	-0.24965950437524476	0.24965950437524476	-0.12964083511518742	1.0
PRIMARY	ridge	s__GGB10692_SGB17347	7	7	1.0	0.2478557169418842	0.2478557169418842	0.23116169178711013	1.0
PRIMARY	ridge	s__Roseburia_sp_AF02_12	9	9	1.0	-0.2473872104620511	0.2473872104620511	-0.11167909646187132	1.0
PRIMARY	ridge	s__Veillonella_atypica	9	9	1.0	-0.2458705102289784	0.2458705102289784	-0.21643661465941932	1.0
PRIMARY	ridge	s__Blautia_luti	9	9	1.0	-0.24586388540170218	0.24586388540170218	-0.15136190895691537	1.0
PRIMARY	ridge	s__Turicibacter_bilis	9	9	1.0	0.24383900081426407	0.24383900081426407	0.1458339230197204	1.0
PRIMARY	ridge	s__Enterocloster_aldenensis	9	9	1.0	0.24327967985563678	0.24327967985563678	0.18523453610158536	1.0
PRIMARY	ridge	s__Ruthenibacterium_lactatiformans	9	9	1.0	0.24215609823093986	0.24215609823093986	0.16308564401130143	1.0
PRIMARY	ridge	s__Pauljensenia_hongkongensis	2	2	1.0	-0.24076496601264127	0.24076496601264127	-0.24076496601264127	1.0
PRIMARY	ridge	s__Bacteroides_thetaiotaomicron	9	9	1.0	0.23045742840542957	0.23929250192762114	0.22694012592384527	0.8888888888888888
PRIMARY	ridge	s__GGB52130_SGB14966	9	9	1.0	0.23485202893425353	0.23485202893425353	0.12947060031885263	1.0
PRIMARY	ridge	s__Neglectibacter_timonensis	9	9	1.0	-0.2342497923336094	0.2342497923336094	-0.22737758798715718	1.0
PRIMARY	ridge	s__Phocea_massiliensis	9	9	1.0	0.23341073417330055	0.23341073417330055	0.1587330989446098	1.0
PRIMARY	ridge	s__Blautia_faecicola	3	3	1.0	0.22883427070782103	0.22883427070782103	0.09046462451905067	1.0
PRIMARY	ridge	s__Candidatus_Borkfalkia_ceftriaxoniphila	9	9	1.0	0.22623249934932246	0.22623249934932246	0.23693169272116513	1.0
PRIMARY	ridge	s__Clostridium_sp_AF34_10BH	9	9	1.0	0.22575932321725986	0.22575932321725986	0.1863009735294036	1.0
PRIMARY	ridge	s__Bifidobacterium_dentium	9	9	1.0	-0.22504699645097384	0.22504699645097384	-0.13319013336925556	1.0
PRIMARY	ridge	s__Enterocloster_bolteae	9	9	1.0	-0.22490485576495775	0.22490485576495775	-0.2257279117521361	1.0
PRIMARY	ridge	s__Actinobaculum_sp_oral_taxon_183	8	8	1.0	-0.2240933685707332	0.2240933685707332	-0.1737243213684341	1.0
PRIMARY	ridge	s__GGB9770_SGB15390	9	9	1.0	-0.21887823867804881	0.22352134643398328	-0.14081280270522645	0.8888888888888888
PRIMARY	ridge	s__Dorea_formicigenerans	9	9	1.0	0.22206910052549098	0.22206910052549098	0.18674071741944498	1.0
PRIMARY	ridge	s__Oscillibacter_sp_PC13	8	8	1.0	0.2211032655546014	0.2211032655546014	0.1577701676224605	1.0
PRIMARY	ridge	s__Bacteroides_eggerthii	9	9	1.0	0.21064562180559865	0.22053985261880213	0.15119684405747275	0.7777777777777778
PRIMARY	ridge	s__GGB9210_SGB14149	8	8	1.0	-0.21967551752842762	0.21967551752842762	-0.14652556953697132	1.0
PRIMARY	ridge	s__Butyricimonas_faecihominis	9	9	1.0	0.21963692007052413	0.21963692007052413	0.17764085915313182	1.0
PRIMARY	ridge	s__Anaerotignum_lactatifermentans	5	5	1.0	-0.21925694487425756	0.21925694487425756	-0.15153109661483638	1.0
PRIMARY	ridge	s__GGB3602_SGB4574	9	9	1.0	0.2184888279463365	0.21855591344128414	0.10417389281894285	0.8888888888888888
PRIMARY	ridge	s__GGB9640_SGB15115	9	9	1.0	-0.21104002641	0.21395817845386883	-0.13164581043855608	0.8888888888888888
PRIMARY	ridge	s__Anaerotruncus_massiliensis	9	9	1.0	0.20738907587537694	0.21360586071178225	0.09897214512700572	0.8888888888888888
PRIMARY	ridge	s__GGB42378_SGB59548	1	1	1.0	0.21239103680653312	0.21239103680653312	0.21239103680653312	1.0
PRIMARY	ridge	s__Enterocloster_citroniae	9	9	1.0	0.21237386205248382	0.21237386205248382	0.20342568957207569	1.0
PRIMARY	ridge	s__GGB9677_SGB15180	9	9	1.0	0.21233349481469102	0.21233349481469102	0.1697648112926517	1.0
PRIMARY	ridge	s__GGB45497_SGB63169	9	9	1.0	-0.21152212756219857	0.21152212756219857	-0.11573514253205569	1.0
PRIMARY	ridge	s__Harryflintia_acetispora	9	9	1.0	0.21031898745717292	0.21031898745717292	0.21023079635271377	1.0
PRIMARY	ridge	s__Enterocloster_lavalensis	9	9	1.0	0.20713419862724353	0.21005762344355328	0.17119719634929684	0.8888888888888888
PRIMARY	ridge	s__Actinomyces_SGB17132	6	6	1.0	-0.20958676994804692	0.20958676994804692	-0.19071896774732577	1.0
PRIMARY	ridge	s__GGB9724_SGB15278	9	9	1.0	-0.20869351708341827	0.20869351708341827	-0.14515258483912366	1.0
PRIMARY	ridge	s__Dielma_fastidiosa	9	9	1.0	-0.208253189185541	0.208253189185541	-0.15939103682880185	1.0
PRIMARY	ridge	s__GGB3278_SGB4328	9	9	1.0	-0.20807187347878708	0.20807187347878708	-0.16353910954277293	1.0
PRIMARY	ridge	s__GGB13493_SGB15238	9	9	1.0	0.20601580220856533	0.20601580220856533	0.19289349422245225	1.0
PRIMARY	ridge	s__Anaerofilum_sp_BX8	9	9	1.0	0.2045262201161478	0.2045262201161478	0.14405348723593053	1.0
PRIMARY	ridge	s__GGB3730_SGB5060	9	9	1.0	0.1933690731326717	0.20438825569780042	0.17451479324980032	0.8888888888888888
PRIMARY	ridge	s__Adlercreutzia_equolifaciens	9	9	1.0	-0.1981737192928924	0.2014976551428595	-0.06684014078278862	0.8888888888888888
PRIMARY	ridge	s__GGB51441_SGB71759	9	9	1.0	0.20006329793903402	0.20006329793903402	0.20990124435458188	1.0
PRIMARY	ridge	s__GGB1495_SGB2071	4	4	1.0	-0.19968691854178633	0.19968691854178633	-0.13383271775946293	1.0
PRIMARY	ridge	s__GGB80140_SGB15224	9	9	1.0	0.1985670527443853	0.1985670527443853	0.16754917442284975	1.0
PRIMARY	ridge	s__Isoptericola_variabilis	9	9	1.0	0.1984740187053293	0.1984740187053293	0.22660697321992004	1.0
PRIMARY	ridge	s__Christensenella_sp_Marseille_P3954	7	7	1.0	0.16843665655103943	0.19833113935347232	0.029784554491891747	0.7142857142857143
PRIMARY	ridge	s__GGB3256_SGB4303	9	9	1.0	-0.19621178705755582	0.19621178705755582	-0.10842263673826759	1.0
PRIMARY	ridge	s__Enterocloster_asparagiformis	9	9	1.0	-0.19233081624444762	0.1957227017756466	-0.1685564860724638	0.8888888888888888
PRIMARY	ridge	s__Actinomyces_sp_ph3	9	9	1.0	-0.19535406412649037	0.19535406412649037	-0.14793752501628474	1.0
PRIMARY	ridge	s__GGB31234_SGB14869	9	9	1.0	0.1670615769764456	0.19496902756868806	0.06793391854594309	0.7777777777777778
PRIMARY	ridge	s__GGB3034_SGB4030	9	9	1.0	0.19391851802432925	0.19391851802432925	0.13986054415856666	1.0
PRIMARY	ridge	s__GGB9775_SGB15395	9	9	1.0	0.1938298535027362	0.1938298535027362	0.1512468705492357	1.0
PRIMARY	ridge	s__GGB1662_SGB2276	2	2	1.0	-0.19361644388003432	0.19361644388003432	-0.19361644388003432	1.0
PRIMARY	ridge	s__GGB4566_SGB6305	9	9	1.0	0.18873333284251703	0.19268236426038224	0.11465382467753865	0.8888888888888888
PRIMARY	ridge	s__Clostridium_sp_AM22_11AC	9	9	1.0	0.19237430297044308	0.19237430297044308	0.16577823516769813	1.0
PRIMARY	ridge	s__GGB6612_SGB9346	9	9	1.0	-0.12837487769357692	0.19195239491216334	-0.07380880116554009	0.7777777777777778
PRIMARY	ridge	s__GGB9707_SGB15229	9	9	1.0	-0.18989755583930487	0.18989755583930487	-0.1934445296521758	1.0
PRIMARY	ridge	s__GGB9747_SGB15356	9	9	1.0	-0.18873148041058382	0.18873148041058382	-0.08501501362093808	1.0
PRIMARY	ridge	s__GGB9760_SGB15374	9	9	1.0	-0.1878973535869037	0.1878973535869037	-0.1305180912667579	1.0
PRIMARY	ridge	s__GGB2980_SGB3962	9	9	1.0	0.18252882527059905	0.18687182334134866	0.1460662783123881	0.8888888888888888
PRIMARY	ridge	s__Lachnotalea_sp_AF33_28	9	9	1.0	-0.18645562136093102	0.18645562136093102	-0.08701159313285287	1.0
PRIMARY	ridge	s__Collinsella_SGB14987	9	9	1.0	0.1863160929944928	0.1863160929944928	0.13973734440111407	1.0
PRIMARY	ridge	s__Veillonella_rogosae	3	3	1.0	-0.1848696094599138	0.1848696094599138	-0.08441004722469989	1.0
PRIMARY	ridge	s__Collinsella_SGB15196	8	8	1.0	-0.18213664799031337	0.18433314320292252	-0.14727031423780854	0.875
PRIMARY	ridge	s__Dysosmobacter_welbionis	9	9	1.0	0.1768018544099326	0.18430668887277696	0.16572440603557398	0.8888888888888888
PRIMARY	ridge	s__Blautia_sp_Marseille_P3087	9	9	1.0	0.15832801043305073	0.18419195130072577	0.11332970421897533	0.8888888888888888
PRIMARY	ridge	s__GGB9713_SGB15249	9	9	1.0	-0.18197277336256446	0.18366601094968074	-0.21569266494990066	0.8888888888888888
PRIMARY	ridge	s__Actinomyces_sp_ICM58	9	9	1.0	0.18340904810498798	0.18340904810498798	0.09559255598603479	1.0
PRIMARY	ridge	s__GGB3570_SGB4777	9	9	1.0	0.18233919817735716	0.18233919817735716	0.13813744156325808	1.0
PRIMARY	ridge	s__GGB9635_SGB15106	9	9	1.0	0.18215530340680497	0.18215530340680497	0.0695593056578954	1.0
PRIMARY	ridge	s__GGB9561_SGB14972	7	7	1.0	0.18194896081686535	0.18194896081686535	0.14986357469579745	1.0
PRIMARY	ridge	s__Neobittarella_massiliensis	9	9	1.0	-0.18123246043909477	0.18123246043909477	-0.1254236502019146	1.0
PRIMARY	ridge	s__Bacteroides_salyersiae	9	9	1.0	0.1803070042828987	0.1803070042828987	0.21841363618361945	1.0
PRIMARY	ridge	s__Pseudoruminococcus_massiliensis	8	8	1.0	-0.1742542825118261	0.17927009922641646	-0.1882450117489806	0.875
PRIMARY	ridge	s__GGB9063_SGB13982	9	9	1.0	-0.17907381289006807	0.17907381289006807	-0.1729990458887175	1.0
PRIMARY	ridge	s__GGB9361_SGB14336	8	8	1.0	0.1785324057720807	0.1785324057720807	0.17712450192375115	1.0
PRIMARY	ridge	s__Catenibacterium_SGB4425	7	7	1.0	0.178196791747184	0.178196791747184	0.08983053414543411	1.0
PRIMARY	ridge	s__Anaeromassilibacillus_sp_An250	9	9	1.0	0.1775325437213386	0.1775325437213386	0.14954724703491742	1.0
PRIMARY	ridge	s__GGB9453_SGB14845	9	9	1.0	0.14013008779133249	0.17606080481619948	0.03630436886270087	0.6666666666666666
PRIMARY	ridge	s__Cloacibacillus_evryensis	8	8	1.0	0.17556728426826312	0.17556728426826312	0.13589356905484784	1.0
PRIMARY	ridge	s__Anaerobutyricum_soehngenii	9	9	1.0	-0.11566447921834638	0.1751768901144407	-0.10002750917740803	0.7777777777777778
PRIMARY	ridge	s__Alistipes_finegoldii	9	9	1.0	-0.17506929912079328	0.17506929912079328	-0.1157126705124681	1.0
PRIMARY	ridge	s__Lactobacillus_gasseri	9	9	1.0	0.17403178610674006	0.17403178610674006	0.1081184104570367	1.0
PRIMARY	ridge	s__GGB16040_SGB9347	9	9	1.0	0.17391540050996213	0.17391540050996213	0.14546483683286435	1.0
PRIMARY	ridge	s__Bifidobacterium_adolescentis	9	9	1.0	0.1729065334572242	0.1729065334572242	0.16656269372201626	1.0
PRIMARY	ridge	s__GGB34900_SGB14891	9	9	1.0	0.17154667561081147	0.17154667561081147	0.10189856066502927	1.0
PRIMARY	ridge	s__GGB9786_SGB15409	9	9	1.0	-0.17064811291016732	0.17064811291016732	-0.10336507298645116	1.0
PRIMARY	ridge	s__GGB9524_SGB14923	1	1	1.0	-0.1706100539137035	0.1706100539137035	-0.1706100539137035	1.0
PRIMARY	ridge	s__GGB9788_SGB15411	9	9	1.0	0.13103074181531182	0.17054759610944326	0.13521745775079155	0.8888888888888888
PRIMARY	ridge	s__Oscillibacter_sp_ER4	9	9	1.0	-0.1653630033534587	0.17014486795158387	-0.18386352373605233	0.8888888888888888
PRIMARY	ridge	s__GGB2987_SGB3969	9	9	1.0	-0.1683710444311054	0.17012979483705815	-0.08194922235621388	0.8888888888888888
PRIMARY	ridge	s__GGB35068_SGB47850	9	9	1.0	0.16863526778649818	0.16863526778649818	0.12451320354704279	1.0
PRIMARY	ridge	s__GGB9522_SGB14921	9	9	1.0	-0.16681584432732996	0.16681584432732996	-0.14348200674589265	1.0
PRIMARY	ridge	s__Blautia_hansenii	9	9	1.0	0.15907278044256337	0.16663026388226707	0.05642339960357336	0.8888888888888888
PRIMARY	ridge	s__Butyricimonas_paravirosa	9	9	1.0	0.16505161415055322	0.16661154387771282	0.07603291571208445	0.8888888888888888
PRIMARY	ridge	s__GGB38744_SGB14842	9	9	1.0	-0.15437320604358576	0.16647245499746222	-0.09798857729915947	0.8888888888888888
PRIMARY	ridge	s__Faecalitalea_cylindroides	9	9	1.0	-0.16629405284448276	0.16629405284448276	-0.09426677749107064	1.0
PRIMARY	ridge	s__Clostridium_sp_1001270J_160509_D11	9	9	1.0	0.02645384649215809	0.16531073664330104	0.018440468388031636	0.6666666666666666
PRIMARY	ridge	s__Ellagibacter_isourolithinifaciens	9	9	1.0	-0.1641994215043081	0.1641994215043081	-0.10751827170427973	1.0
PRIMARY	ridge	s__GGB9781_SGB66170	9	9	1.0	0.16314147519260466	0.16314147519260466	0.13387986830649867	1.0
PRIMARY	ridge	s__GGB9635_SGB15103	2	2	1.0	-0.1617992058299093	0.1617992058299093	-0.1617992058299093	1.0
PRIMARY	ridge	s__GGB9453_SGB14844	9	9	1.0	0.16139250481171197	0.16139250481171197	0.05796051069836687	1.0
PRIMARY	ridge	s__GGB3537_SGB4727	9	9	1.0	0.1539850349845345	0.1610685529081881	0.20142826233383815	0.8888888888888888
PRIMARY	ridge	s__Bifidobacterium_animalis	9	9	1.0	0.16095479339045402	0.16095479339045402	0.058718597197199	1.0
PRIMARY	ridge	s__Romboutsia_timonensis	9	9	1.0	-0.1532846653490457	0.1606922373638991	-0.04353451356311269	0.7777777777777778
PRIMARY	ridge	s__Slackia_isoflavoniconvertens	9	9	1.0	-0.16044633744203776	0.16044633744203776	-0.062215419674248595	1.0
PRIMARY	ridge	s__Streptococcus_sanguinis	9	9	1.0	0.16021399672763456	0.16021399672763456	0.06386325007088642	1.0
PRIMARY	ridge	s__GGB3475_SGB4638	8	8	1.0	-0.09377110144717751	0.15951839954301797	0.013195620978811794	0.625
PRIMARY	ridge	s__GGB9620_SGB15068	2	2	1.0	0.15945478271692318	0.15945478271692318	0.15945478271692318	1.0
PRIMARY	ridge	s__Lancefieldella_parvula	9	9	1.0	-0.1511848084985604	0.15889688889804426	-0.07175222117361456	0.8888888888888888
PRIMARY	ridge	s__Solibaculum_mannosilyticum	9	9	1.0	-0.11380630504208283	0.15869559485432927	-0.030756321088779806	0.6666666666666666
PRIMARY	ridge	s__Mogibacterium_diversum	9	9	1.0	0.15609322853622823	0.15869374842018394	0.08799424073252785	0.7777777777777778
PRIMARY	ridge	s__Dialister_invisus	9	9	1.0	0.15357259931015166	0.15809656175300157	0.07247135521213555	0.8888888888888888
PRIMARY	ridge	s__GGB9602_SGB15031	9	9	1.0	0.1441245391518401	0.1576659026990473	0.05422803811588518	0.8888888888888888
PRIMARY	ridge	s__Prevotella_copri_clade_A	9	9	1.0	-0.151552683612232	0.15723880388279482	-0.08424396254103271	0.7777777777777778
PRIMARY	ridge	s__Alloscardovia_omnicolens	9	9	1.0	-0.11610804662727607	0.15676996527427772	-0.05319761391293949	0.8888888888888888
PRIMARY	ridge	s__Pseudoflavonifractor_capillosus	9	9	1.0	0.14214438488551592	0.1562323990551602	0.11576870660314689	0.8888888888888888
PRIMARY	ridge	s__Actinomyces_dentalis	2	2	1.0	-0.1561836253384615	0.1561836253384615	-0.1561836253384615	1.0
PRIMARY	ridge	s__GGB9296_SGB14253	9	9	1.0	0.15582445991632074	0.15582445991632074	0.16526109636425534	1.0
PRIMARY	ridge	s__GGB3819_SGB5184	9	9	1.0	-0.14713973837287467	0.1557192809838341	-0.16568457889727742	0.8888888888888888
PRIMARY	ridge	s__Haemophilus_parainfluenzae	9	9	1.0	0.1455610113971254	0.15549957611427268	0.10509718984045748	0.6666666666666666
PRIMARY	ridge	s__Eubacterium_sp_AF34_35BH	9	9	1.0	0.06455416869378847	0.15520283256059536	0.04606279001501289	0.6666666666666666
PRIMARY	ridge	s__Angelakisella_massiliensis	8	8	1.0	-0.15498809787719064	0.15498809787719064	-0.08204224431671242	1.0
PRIMARY	ridge	s__Waltera_intestinalis	9	9	1.0	0.15490823941063575	0.15490823941063575	0.12063147964456278	1.0
PRIMARY	ridge	s__Oscillibacter_valericigenes	9	9	1.0	-0.15467765826810811	0.15467765826810811	-0.10157565480520764	1.0
PRIMARY	ridge	s__GGB45432_SGB63101	9	9	1.0	-0.11304293394685366	0.15462857029057137	-0.07756573152163754	0.8888888888888888
PRIMARY	ridge	s__Limosilactobacillus_fermentum	9	9	1.0	0.1542391829656965	0.1542391829656965	0.12059789840993793	1.0
PRIMARY	ridge	s__Christensenella_hongkongensis	9	9	1.0	0.1317515418966037	0.1522499219100472	0.08795846140608644	0.7777777777777778
PRIMARY	ridge	s__Butyricicoccus_sp_AM29_23AC	9	9	1.0	0.15203223552562878	0.15203223552562878	0.0881762069012147	1.0
PRIMARY	ridge	s__Actinomyces_oris	9	9	1.0	-0.15121855343103024	0.15121855343103024	-0.06380170245650435	1.0
PRIMARY	ridge	s__Bifidobacterium_pseudocatenulatum	9	9	1.0	0.15103244667462778	0.15103244667462778	0.1764122541776772	1.0
PRIMARY	ridge	s__Coprococcus_SGB4669	9	9	1.0	-0.12420349411214596	0.15099909234412004	-0.06163819930097641	0.8888888888888888
PRIMARY	ridge	s__Collinsella_SGB4121	9	9	1.0	-0.15016516413150247	0.1508143133602867	-0.12666857611158314	0.8888888888888888
PRIMARY	ridge	s__GGB9512_SGB14909	9	9	1.0	-0.13036895488698627	0.1491957972589785	-0.12435763552974927	0.8888888888888888
PRIMARY	ridge	s__GGB3534_SGB4722	9	9	1.0	-0.14085803123576737	0.14876263550622768	-0.05499123002275752	0.8888888888888888
PRIMARY	ridge	s__Alistipes_SGB2313	5	5	1.0	-0.14812043398989577	0.14812043398989577	-0.06147832932514698	1.0
PRIMARY	ridge	s__GGB9474_SGB14868	3	3	1.0	0.14660528684559512	0.14660528684559512	0.18977203080932342	1.0
PRIMARY	ridge	s__Collinsella_aerofaciens	9	9	1.0	-0.14615716478017393	0.14615716478017393	-0.10030609146027872	1.0
PRIMARY	ridge	s__Barnesiella_intestinihominis	9	9	1.0	0.12589200458688812	0.1460298848538864	0.09518316986166661	0.8888888888888888
PRIMARY	ridge	s__Clostridium_sp_AM33_3	9	9	1.0	-0.13409818746249902	0.14508620583847892	-0.06273036844942327	0.6666666666666666
PRIMARY	ridge	s__GGB33469_SGB15237	9	9	1.0	-0.1439354203854848	0.1439354203854848	-0.11108835008567576	1.0
PRIMARY	ridge	s__Sanguibacter_SGB15121	9	9	1.0	-0.1417695378485243	0.14332915202821273	-0.09127392230725803	0.8888888888888888
PRIMARY	ridge	s__GGB4599_SGB6362	7	7	1.0	0.028353394339157	0.1426206326130764	0.01502213715161118	0.5714285714285714
PRIMARY	ridge	s__Alistipes_dispar	9	9	1.0	-0.14140418287083642	0.14157917948472126	-0.03962602550836973	0.8888888888888888
PRIMARY	ridge	s__Alistipes_ihumii	9	9	1.0	0.1309706944111389	0.14149037361881525	0.0753712835874516	0.5555555555555556
PRIMARY	ridge	s__Erysipelatoclostridium_ramosum	9	9	1.0	-0.1403208336591581	0.14068527191638364	-0.06719923280595418	0.8888888888888888
PRIMARY	ridge	s__Bittarella_massiliensis	9	9	1.0	-0.1343996569872268	0.140663919103145	-0.09107711114291574	0.8888888888888888
PRIMARY	ridge	s__Eubacterium_callanderi	6	6	1.0	0.0859371356984643	0.1405990365939632	0.025038264831553598	0.8333333333333334
PRIMARY	ridge	s__Streptococcus_infantis	9	9	1.0	-0.1401885390404217	0.1401885390404217	-0.10169068946880233	1.0
PRIMARY	ridge	s__GGB9781_SGB15402	9	9	1.0	0.14002211786382995	0.14002211786382995	0.05215381012748728	1.0
PRIMARY	ridge	s__GGB79734_SGB15291	9	9	1.0	-0.13207055685503763	0.13956062002321382	-0.05024778568398473	0.7777777777777778
PRIMARY	ridge	s__Clostridium_perfringens	8	8	1.0	-0.041412162269998276	0.1395183747436676	-0.027216916815000783	0.875
PRIMARY	ridge	s__Turicibacter_sanguinis	9	9	1.0	0.12079056206502975	0.13937320669373132	0.05135593804986793	0.8888888888888888
PRIMARY	ridge	s__GGB77437_SGB9391	9	9	1.0	0.1385648150848925	0.1385648150848925	0.09655333646901586	1.0
PRIMARY	ridge	s__Victivallis_lenta	5	5	1.0	-0.0906999674485982	0.1385284800618848	-0.02672462901774946	0.6
PRIMARY	ridge	s__GGB9708_SGB15234	9	9	1.0	0.1336999452186745	0.1375778702387006	0.10942931761129088	0.8888888888888888
PRIMARY	ridge	s__Alistipes_indistinctus	9	9	1.0	-0.1293576951939047	0.13707144625907913	-0.0429361374418278	0.8888888888888888
PRIMARY	ridge	s__Eubacterium_SGB4961	9	9	1.0	-0.12831627729459993	0.13678360613544685	-0.07965510932961513	0.6666666666666666
PRIMARY	ridge	s__GGB34228_SGB72916	4	4	1.0	0.0004098231924534179	0.13647993347463352	-0.00748588468851244	0.5
PRIMARY	ridge	s__Lachnospira_pectinoschiza	9	9	1.0	-0.053820493873349556	0.13626861922009922	-0.008949824404986859	0.6666666666666666
PRIMARY	ridge	s__GGB9524_SGB14924	9	9	1.0	0.06374363519810083	0.13619736636377294	0.018139884507957907	0.7777777777777778
PRIMARY	ridge	s__Lachnospira_sp_NSJ_43	9	9	1.0	0.11536394297904456	0.13501081408065255	0.05782737061255984	0.6666666666666666
PRIMARY	ridge	s__Cuneatibacter_caecimuris	8	8	1.0	0.11796926463127547	0.13422627195264641	0.05300336392824258	0.875
PRIMARY	ridge	s__Clostridium_sp_AT4	9	9	1.0	0.12879200638410743	0.13380635478467273	0.055979447146407	0.8888888888888888
PRIMARY	ridge	s__GGB1420_SGB1957	6	6	1.0	-0.13373170116337166	0.13373170116337166	-0.09777828128514468	1.0
PRIMARY	ridge	s__GGB79916_SGB4587	6	6	1.0	-0.1085305416788388	0.1333442686219701	-0.08388082873025769	0.6666666666666666
PRIMARY	ridge	s__Ruminococcus_SGB4421	9	9	1.0	0.13271851260576917	0.13271851260576917	0.1723630067898171	1.0
PRIMARY	ridge	s__Methanobrevibacter_smithii	9	9	1.0	-0.11607635571871147	0.13227287230798834	-0.07260514260615679	0.7777777777777778
PRIMARY	ridge	s__Christensenella_minuta	9	9	1.0	-0.13212547556306165	0.13217155570361805	-0.10583708277009814	0.8888888888888888
PRIMARY	ridge	s__Clostridium_sp_AF36_4	9	9	1.0	-0.11888771589632771	0.13193892534571638	-0.04390027813871051	0.8888888888888888
PRIMARY	ridge	s__Clostridium_sp_Marseille_P3244	9	9	1.0	0.12692334062085722	0.1304982759805634	0.12580130431467434	0.6666666666666666
PRIMARY	ridge	s__GGB9602_SGB15028	9	9	1.0	-0.1261153627999002	0.1302147282328877	-0.09691371470968088	0.8888888888888888
PRIMARY	ridge	s__Holdemania_massiliensis	9	9	1.0	-0.12930467837744966	0.12969812272758163	-0.08275432204408888	0.8888888888888888
PRIMARY	ridge	s__Blautia_glucerasea	9	9	1.0	0.09710477533116679	0.12941420372933787	0.004935948194514213	0.5555555555555556
PRIMARY	ridge	s__Actinomyces_SGB17163	8	8	1.0	0.07933435964521088	0.12804203444706583	0.04780481879627893	0.875
PRIMARY	ridge	s__Dysosmobacter_sp_BX15	9	9	1.0	0.08540852070631735	0.12705154625161222	0.08911360762938003	0.8888888888888888
PRIMARY	ridge	s__Actinomyces_bouchesdurhonensis	8	8	1.0	0.06204714149055338	0.12674063537342853	0.05915287010793632	0.875
PRIMARY	ridge	s__GGB2998_SGB3989	9	9	1.0	0.1262886241548249	0.1262886241548249	0.07219046454003848	1.0
PRIMARY	ridge	s__Veillonella_dispar	9	9	1.0	-0.04808162887751622	0.12620382949229536	-0.05131480696957151	0.8888888888888888
PRIMARY	ridge	s__Ruminococcus_bromii	9	9	1.0	-0.08662517864005542	0.1258886234948357	-0.03225639063645535	0.6666666666666666
PRIMARY	ridge	s__Phascolarctobacterium_SGB4573	9	9	1.0	0.12558493525636455	0.12558493525636455	0.06839612009222483	1.0
PRIMARY	ridge	s__GGB51510_SGB71883	9	9	1.0	-0.12131122139703354	0.12469529893037029	-0.0866343151932688	0.8888888888888888
PRIMARY	ridge	s__Parabacteroides_goldsteinii	9	9	1.0	-0.1213335479116419	0.12425204550369744	-0.07298182332062093	0.8888888888888888
PRIMARY	ridge	s__Holdemania_sp_1001095H_141210_F2	9	9	1.0	0.035384293303071995	0.12403793753996578	0.0674287753751178	0.7777777777777778
PRIMARY	ridge	s__Mogibacterium_kristiansenii	9	9	1.0	0.06885405039153975	0.12403426574325922	0.05250168240768641	0.6666666666666666
PRIMARY	ridge	s__Desulfovibrio_SGB5077	9	9	1.0	0.12402254712290656	0.12402254712290656	0.0639683510120339	1.0
PRIMARY	ridge	s__Clostridium_sp_AM49_4BH	9	9	1.0	-0.1239545656369802	0.1239545656369802	-0.0924048527561844	1.0
PRIMARY	ridge	s__Anaerobutyricum_hallii	9	9	1.0	-0.10284589380370382	0.12388768852166596	-0.03898239580027134	0.6666666666666666
PRIMARY	ridge	s__Actinomyces_SGB17168	9	9	1.0	0.11470790366177419	0.12361639072656518	0.10015959532931168	0.7777777777777778
PRIMARY	ridge	s__Ruminococcus_gnavus	9	9	1.0	0.11665911864318106	0.1234866235379636	0.08730352372478722	0.8888888888888888
PRIMARY	ridge	s__Vescimonas_fastidiosa	4	4	1.0	-0.11833640330914667	0.12335239021832024	-0.10434791795523556	0.75
PRIMARY	ridge	s__GGB9699_SGB15216	9	9	1.0	0.118713810211538	0.12315945535098027	0.0931184081583611	0.7777777777777778
PRIMARY	ridge	s__GGB3588_SGB4808	9	9	1.0	0.09534972648548908	0.12301933407804998	0.031723814162716156	0.5555555555555556
PRIMARY	ridge	s__GGB3463_SGB4621	4	4	1.0	-0.12287137694286762	0.12287137694286762	-0.07480125634623061	1.0
PRIMARY	ridge	s__Bacteroides_caccae	9	9	1.0	-0.09343813875077563	0.12257476258114391	-0.012639410216266862	0.6666666666666666
PRIMARY	ridge	s__Streptococcus_SGB15012	9	9	1.0	0.11608547666105744	0.12193878725694215	0.08578029620084551	0.7777777777777778
PRIMARY	ridge	s__GGB9766_SGB15383	9	9	1.0	0.10046295851047432	0.12162333486047958	0.046681920653096294	0.8888888888888888
PRIMARY	ridge	s__GGB3000_SGB3991	9	9	1.0	-0.09218901704458103	0.12147384240604292	-0.012774925440653458	0.5555555555555556
PRIMARY	ridge	s__GGB9342_SGB14306	9	9	1.0	-0.10309658161949463	0.12089661763779061	-0.015758148168629	0.7777777777777778
PRIMARY	ridge	s__Dorea_longicatena	9	9	1.0	-0.11320352103653944	0.1208145796596362	-0.08610134654132397	0.8888888888888888
PRIMARY	ridge	s__Clostridium_fessum	9	9	1.0	0.12061178714869232	0.12061178714869232	0.10004544642627226	1.0
PRIMARY	ridge	s__Catenibacillus_scindens	9	9	1.0	-0.11208206809851366	0.11967553272940973	-0.09062138705908616	0.8888888888888888
PRIMARY	ridge	s__GGB9770_SGB15389	9	9	1.0	0.08211352185243026	0.11950273645570728	0.046962800623926854	0.8888888888888888
PRIMARY	ridge	s__Clostridium_sp_AF27_2AA	9	9	1.0	-0.048778759117116904	0.11916852268539782	-0.03873464917575026	0.6666666666666666
PRIMARY	ridge	s__GGB9501_SGB14898	9	9	1.0	0.11294419077972775	0.11850955250739115	0.09924308559610129	0.8888888888888888
PRIMARY	ridge	s__GGB2653_SGB3574	9	9	1.0	0.1179259306009201	0.1179259306009201	0.041188324603631386	1.0
PRIMARY	ridge	s__Clostridium_spiroforme	9	9	1.0	0.044797749505038696	0.11736481986568857	-0.027706145298775162	0.5555555555555556
PRIMARY	ridge	s__GGB51647_SGB4348	9	9	1.0	-0.01092689266374343	0.11714567262555681	0.030674180063790777	0.6666666666666666
PRIMARY	ridge	s__GGB9646_SGB15123	9	9	1.0	-0.03136353458922319	0.11683663868437767	-0.04630480311165789	0.6666666666666666
PRIMARY	ridge	s__Coprococcus_catus	9	9	1.0	-0.02399570837084758	0.11665813934110997	-0.006354158118923608	0.5555555555555556
PRIMARY	ridge	s__GGB51959_SGB72479	9	9	1.0	-0.05876491259163636	0.11654961126643196	-0.02735163017357486	0.7777777777777778
PRIMARY	ridge	s__Clostridium_butyricum	9	9	1.0	-0.003426534753078388	0.1164897577469103	0.0036508231189343967	0.5555555555555556
PRIMARY	ridge	s__GGB9782_SGB15403	9	9	1.0	-0.10959625487955585	0.11648624999018249	-0.0454407143713178	0.7777777777777778
PRIMARY	ridge	s__Candidatus_Nanosynsacchari_sp_TM7_ANC_38_39_G1_1	6	6	1.0	-0.09302229797690409	0.116323011285429	-0.013018686672339096	0.6666666666666666
PRIMARY	ridge	s__GGB52106_SGB72838	9	9	1.0	-0.1162191077465464	0.1162191077465464	-0.047131575394646345	1.0
PRIMARY	ridge	s__Clostridium_saudiense	9	9	1.0	-0.11618997215434322	0.11618997215434322	-0.06447380054823783	1.0
PRIMARY	ridge	s__Ruminococcus_sp_BSD2780120874_150323_B10	9	9	1.0	-0.10303472786176697	0.11587495542341014	-0.04738052619427858	0.7777777777777778
PRIMARY	ridge	s__Ruminococcus_sp_NSJ_13	9	9	1.0	-0.0671165453720633	0.11395971639875285	-0.03834593115105015	0.8888888888888888
PRIMARY	ridge	s__Eubacterium_ramulus	9	9	1.0	-0.11378362735673599	0.11378362735673599	-0.12345164449186624	1.0
PRIMARY	ridge	s__GGB3167_SGB4181	9	9	1.0	-0.07351203157538433	0.1137127010366879	-0.022260461877293167	0.6666666666666666
PRIMARY	ridge	s__GGB33469_SGB15236	9	9	1.0	-0.0846412669790058	0.11368892113354984	-0.026842802509082362	0.8888888888888888
PRIMARY	ridge	s__Collinsella_intestinalis	8	8	1.0	-0.06387190903675397	0.11278299054935835	-0.023684113644371042	0.75
PRIMARY	ridge	s__Longibaculum_muris	7	7	1.0	0.11129599933261348	0.11129599933261348	0.07652136687826618	1.0
PRIMARY	ridge	s__GGB9621_SGB15073	9	9	1.0	-0.06454981296637848	0.1109475640941792	-0.07744252868977472	0.7777777777777778
PRIMARY	ridge	s__Streptococcus_australis	9	9	1.0	0.10577568481362962	0.1103251360038727	0.07712646342211636	0.6666666666666666
PRIMARY	ridge	s__Clostridium_sp_AF12_28	9	9	1.0	-0.08696464965442932	0.11022968568028088	-0.09648949182426877	0.8888888888888888
PRIMARY	ridge	s__Coprobacter_secundus	9	9	1.0	-0.0005790121254401389	0.11007510444398427	-0.0007440175690120069	0.5555555555555556
PRIMARY	ridge	s__Corynebacterium_durum	8	8	1.0	0.10984157078784007	0.10984157078784007	0.045109616714442455	1.0
PRIMARY	ridge	s__GGB2977_SGB3959	9	9	1.0	-0.10851246927510755	0.10851246927510755	-0.07539121558258154	1.0
PRIMARY	ridge	s__GGB9818_SGB15459	9	9	1.0	0.06948645970394912	0.10823480180723105	0.06932304605702552	0.8888888888888888
PRIMARY	ridge	s__GGB9765_SGB15382	9	9	1.0	0.09513180538061419	0.10765144475212421	0.039988430300042885	0.7777777777777778
PRIMARY	ridge	s__Granulicatella_SGB8255	9	9	1.0	-0.06012134827245744	0.10755318626169555	-0.028325304856219383	0.6666666666666666
PRIMARY	ridge	s__Coprococcus_eutactus	9	9	1.0	0.0320829660271389	0.10754016785062112	0.03839430700343615	0.6666666666666666
PRIMARY	ridge	s__Clostridium_sp_AF34_13	9	9	1.0	0.08324391341094302	0.10714846073000922	0.013036694137165692	0.6666666666666666
PRIMARY	ridge	s__Bacteroides_clarus	9	9	1.0	-0.030504939180414033	0.10713977726849477	-0.03760135810090321	0.6666666666666666
PRIMARY	ridge	s__GGB3109_SGB4119	9	9	1.0	0.10586426006351737	0.10678221056506132	0.06884412579945831	0.8888888888888888
PRIMARY	ridge	s__Actinomyces_massiliensis	8	8	1.0	0.06716940014139071	0.10672116361693335	0.05620743841036055	0.875
PRIMARY	ridge	s__Butyricimonas_SGB15260	9	9	1.0	-0.1002558707056595	0.10626889448165104	-0.03743222620324195	0.8888888888888888
PRIMARY	ridge	s__Massiliimalia_massiliensis	9	9	1.0	-0.10537980799765269	0.10608583428024783	-0.04478067387556767	0.8888888888888888
PRIMARY	ridge	s__Solobacterium_SGB6829	7	7	1.0	-0.026860386201552705	0.10546235069885881	0.011181143705791454	0.5714285714285714
PRIMARY	ridge	s__Streptococcus_anginosus	9	9	1.0	0.0835169638282783	0.10499912301485154	0.026815790094867523	0.8888888888888888
PRIMARY	ridge	s__GGB3033_SGB4029	9	9	1.0	-0.0535734649759375	0.10499672889663417	-0.02577177273375517	0.7777777777777778
PRIMARY	ridge	s__Monoglobus_pectinilyticus	9	9	1.0	-0.087231623737824	0.10469179016218941	-0.03808729675555385	0.8888888888888888
PRIMARY	ridge	s__GGB42389_SGB59559	9	9	1.0	-0.05553419801261947	0.1045450954776404	-0.020433412447086716	0.7777777777777778
PRIMARY	ridge	s__Klebsiella_pneumoniae	9	9	1.0	0.08386235507331184	0.10367800494357338	0.050566521300272775	0.5555555555555556
PRIMARY	ridge	s__GGB79630_SGB13983	9	9	1.0	-0.02644584842586625	0.10346894809291499	-0.0068746285526575844	0.5555555555555556
PRIMARY	ridge	s__GGB9719_SGB15273	9	9	1.0	0.10112746923924378	0.10335791830589575	0.02980738376140045	0.8888888888888888
PRIMARY	ridge	s__GGB3304_SGB4367	9	9	1.0	-0.10246654501739409	0.10305287606414519	-0.06218675108347835	0.8888888888888888
PRIMARY	ridge	s__GGB9790_SGB15413	9	9	1.0	-0.014841936432011657	0.10299186256761389	0.0046169397798858924	0.5555555555555556
PRIMARY	ridge	s__Holdemanella_biformis	4	4	1.0	0.0035192154529944987	0.10280052758231818	0.033285224323688155	0.75
PRIMARY	ridge	s__Anaerostipes_caccae	9	9	1.0	0.08963497421453939	0.1028001832088727	0.0035087619960479936	0.6666666666666666
PRIMARY	ridge	s__Enterocloster_SGB14313	9	9	1.0	-0.0419461507823827	0.10255106447099487	-0.006872810164851219	0.5555555555555556
PRIMARY	ridge	s__GGB3619_SGB4894	9	9	1.0	-0.1021169562963806	0.1021169562963806	-0.05470090600451112	1.0
PRIMARY	ridge	s__Enterocloster_clostridioformis	9	9	1.0	-0.09577660743424149	0.10210577563516493	-0.09411689045837353	0.8888888888888888
PRIMARY	ridge	s__Massilimicrobiota_sp_An134	9	9	1.0	-0.0187428558465971	0.1020883449856609	-0.016053481315870873	0.7777777777777778
PRIMARY	ridge	s__GGB9634_SGB15093	9	9	1.0	-0.10188498851196881	0.10188498851196881	-0.0687343991270767	1.0
PRIMARY	ridge	s__Roseburia_sp_BX1005	9	9	1.0	-0.08460382829581013	0.10130394878367027	-0.05127296919737211	0.7777777777777778
PRIMARY	ridge	s__Butyricimonas_virosa	9	9	1.0	-0.09391296638442802	0.10083456654912987	-0.11153489748088015	0.7777777777777778
PRIMARY	ridge	s__Emergencia_timonensis	8	8	1.0	0.041652040760539334	0.10068314987632268	0.013118184384813117	0.5
PRIMARY	ridge	s__Hydrogenoanaerobacterium_saccharovorans	9	9	1.0	0.09073094804116325	0.10067294620110134	0.04149716471282791	0.8888888888888888
PRIMARY	ridge	s__GGB2958_SGB3940	9	9	1.0	-0.08691028865935446	0.10017390935579398	-0.0872238774876227	0.6666666666666666
PRIMARY	ridge	s__GGB9708_SGB15233	9	9	1.0	-0.010287246031011573	0.100171289752556	-0.012301887961859236	0.6666666666666666
PRIMARY	ridge	s__Enterococcus_faecium	9	9	1.0	-0.09366156946042462	0.09836526144274985	-0.04574594093338791	0.7777777777777778
PRIMARY	ridge	s__Hydrogeniiclostidium_mannosilyticum	9	9	1.0	-0.07432924453668463	0.09820335197776614	-0.02353173237187859	0.7777777777777778
PRIMARY	ridge	s__Lacrimispora_amygdalina	9	9	1.0	0.011168534961591073	0.09811353412261842	0.006515993647009792	0.7777777777777778
PRIMARY	ridge	s__Dorea_sp_AF24_7LB	9	9	1.0	-0.03639899042861697	0.09750119815246566	-0.02969063828286154	0.6666666666666666
PRIMARY	ridge	s__Propionibacterium_acidifaciens	7	7	1.0	-0.09391490423722773	0.09693337431413154	-0.022588705640863207	0.8571428571428571
PRIMARY	ridge	s__Holdemanella_porci	9	9	1.0	0.09673380557579775	0.09673380557579775	0.11479274411338586	1.0
PRIMARY	ridge	s__Eubacterium_SGB6276	9	9	1.0	-0.04536537819950814	0.09660398876495012	-0.029771962331007325	0.7777777777777778
PRIMARY	ridge	s__Senegalimassilia_anaerobia	9	9	1.0	-0.014374862036063859	0.09652020029686093	-0.014600231557200374	0.7777777777777778
PRIMARY	ridge	s__GGB3005_SGB3996	9	9	1.0	-0.004565828047839173	0.096474395272712	-0.01728383145565204	0.6666666666666666
PRIMARY	ridge	s__Eubacterium_ventriosum	9	9	1.0	-0.08048393132795088	0.09619904928207733	-0.02870694982318365	0.5555555555555556
PRIMARY	ridge	s__Akkermansia_muciniphila	9	9	1.0	-0.053361521108356645	0.09588173889336284	-0.02961170063635072	0.6666666666666666
PRIMARY	ridge	s__GGB2848_SGB3813	9	9	1.0	-0.09097692750379395	0.095244576313583	-0.05565724055568048	0.8888888888888888
PRIMARY	ridge	s__Bacteroides_cellulosilyticus	9	9	1.0	-0.0818629710824348	0.09505467596806932	-0.07949629700640624	0.8888888888888888
PRIMARY	ridge	s__Blautia_hydrogenotrophica	9	9	1.0	-0.09505317087214535	0.09505317087214535	-0.04194597995721738	1.0
PRIMARY	ridge	s__Anaerofustis_stercorihominis	9	9	1.0	0.0708020953911309	0.09393136110029886	0.017921293931290792	0.6666666666666666
PRIMARY	ridge	s__Gordonibacter_urolithinfaciens	9	9	1.0	-0.06273796460504331	0.09365193620011966	-0.027421787475572633	0.7777777777777778
PRIMARY	ridge	s__Ruminococcus_sp_AF41_9	8	8	1.0	0.09218168152992068	0.0931297701975995	0.04965951497588952	0.875
PRIMARY	ridge	s__Bilophila_wadsworthia	9	9	1.0	-0.06389331645380311	0.09229603028357022	-0.06224611974488166	0.8888888888888888
PRIMARY	ridge	s__Blautia_obeum	9	9	1.0	-0.09195632973801637	0.09195632973801637	-0.06858673761861671	1.0
PRIMARY	ridge	s__Pseudoflavonifractor_sp_An184	9	9	1.0	0.05757885468563111	0.09185765898529369	0.013041026203409831	0.5555555555555556
PRIMARY	ridge	s__Merdimonas_faecis	9	9	1.0	0.02618658335125394	0.09171927894349077	0.027508930887063587	0.7777777777777778
PRIMARY	ridge	s__Anaerococcus_SGB53821	9	9	1.0	-0.08846207271228766	0.08983230285723694	-0.06599031008218452	0.8888888888888888
PRIMARY	ridge	s__GGB1266_SGB1699	9	9	1.0	0.017057080263239835	0.08978640463471906	0.014870091373897066	0.6666666666666666
PRIMARY	ridge	s__Mogibacterium_sp_BX12	9	9	1.0	-0.08090488440575716	0.08976695985450663	-0.03546507821638064	0.7777777777777778
PRIMARY	ridge	s__Alistipes_communis	9	9	1.0	0.03260046222723618	0.08976548240007338	0.02848018314943091	0.6666666666666666
PRIMARY	ridge	s__Flavonifractor_plautii	9	9	1.0	0.08291103896084696	0.08955298137840732	0.047585662727401924	0.8888888888888888
PRIMARY	ridge	s__GGB9290_SGB14247	1	1	1.0	0.0888974784089327	0.0888974784089327	0.0888974784089327	1.0
PRIMARY	ridge	s__Raoultibacter_massiliensis	5	5	1.0	0.0886978478019705	0.0886978478019705	0.07986959001343939	1.0
PRIMARY	ridge	s__Ruminococcus_torques	9	9	1.0	0.05285769824706685	0.08854911494057766	0.021696886100013437	0.6666666666666666
PRIMARY	ridge	s__GGB9712_SGB15244	9	9	1.0	-0.07853834008946463	0.0884422323964495	-0.03828787644890879	0.8888888888888888
PRIMARY	ridge	s__GGB10485_SGB49305	8	8	1.0	0.08820686821839131	0.08820686821839131	0.07968487971885145	1.0
PRIMARY	ridge	s__Acidaminococcus_intestini	9	9	1.0	0.08255867040879113	0.08782608855052255	0.04356820252156059	0.8888888888888888
PRIMARY	ridge	s__Mediterraneibacter_glycyrrhizinilyticus	9	9	1.0	0.08553647528219159	0.08767232377612515	0.06971516374103232	0.8888888888888888
PRIMARY	ridge	s__Roseburia_inulinivorans	9	9	1.0	-0.053654120004760636	0.08721525418291215	-0.025102596350694704	0.7777777777777778
PRIMARY	ridge	s__Roseburia_sp_AM16_25	9	9	1.0	0.03697961586948553	0.08704882431265107	0.04371922933522055	0.7777777777777778
PRIMARY	ridge	s__Eisenbergiella_tayi	9	9	1.0	-0.010449211998491586	0.0870339666545534	-0.022320014446449578	0.7777777777777778
PRIMARY	ridge	s__Clostridium_sp_NSJ_42	9	9	1.0	-0.050285354003971924	0.08644120248163101	-0.02772523195094842	0.5555555555555556
PRIMARY	ridge	s__GGB3653_SGB4964	9	9	1.0	-0.03780389848209122	0.08632239853767353	-0.028436382658055457	0.5555555555555556
PRIMARY	ridge	s__Clostridium_SGB4909	9	9	1.0	0.011612862998464155	0.08627871646906232	0.018271708547013023	0.5555555555555556
PRIMARY	ridge	s__Bacteroides_SGB15210	1	1	1.0	-0.08593865500145172	0.08593865500145172	-0.08593865500145172	1.0
PRIMARY	ridge	s__GGB42994_SGB4746	9	9	1.0	-0.0308790841223911	0.08504095876707271	-0.0007888494628939812	0.5555555555555556
PRIMARY	ridge	s__Blautia_SGB4815	9	9	1.0	-0.018312012816930744	0.08492372882449095	0.025360965096864644	0.6666666666666666
PRIMARY	ridge	s__Escherichia_coli	9	9	1.0	0.0645989262123978	0.08472330595561717	0.03309925538064448	0.5555555555555556
PRIMARY	ridge	s__GGB9719_SGB15272	9	9	1.0	-0.0432210119599875	0.0846867284463167	-0.05584123370469811	0.7777777777777778
PRIMARY	ridge	s__Actinomyces_SGB17154	9	9	1.0	-0.07138823002724376	0.0844891869488378	-0.0369720590313967	0.7777777777777778
PRIMARY	ridge	s__GGB36267_SGB14177	9	9	1.0	-0.03993584798983377	0.08425263951849672	-0.022719400202717534	0.7777777777777778
PRIMARY	ridge	s__GGB9758_SGB15368	9	9	1.0	-0.03386363049634536	0.08415784508813201	-0.03965471199033282	0.6666666666666666
PRIMARY	ridge	s__GGB9719_SGB53514	8	8	1.0	0.020597930350092622	0.08404414507451015	0.03326698976975478	0.625
PRIMARY	ridge	s__Anaerotignum_faecicola	9	9	1.0	-0.02926537336875459	0.0834126028003509	-0.0523279694116994	0.7777777777777778
PRIMARY	ridge	s__Lacticaseibacillus_rhamnosus	8	8	1.0	0.039769427936627674	0.08338398023893549	0.02854125039791508	0.75
PRIMARY	ridge	s__Phascolarctobacterium_succinatutens	9	9	1.0	0.08312670727558787	0.08312670727558787	0.04172635226240243	1.0
PRIMARY	ridge	s__Clostridium_SGB4750	9	9	1.0	0.08258897062673616	0.08258897062673616	0.08503036989849774	1.0
PRIMARY	ridge	s__Alistipes_shahii	9	9	1.0	-0.032039797078839596	0.08231289576091855	-0.03184391497891025	0.6666666666666666
PRIMARY	ridge	s__Lachnospira_eligens	9	9	1.0	0.012133160732438286	0.08213507112456522	0.012624267009499599	0.5555555555555556
PRIMARY	ridge	s__Massilioclostridium_coli	9	9	1.0	0.0052885250822196405	0.08144083443815245	-0.014435306750549848	0.6666666666666666
PRIMARY	ridge	s__Blautia_stercoris	9	9	1.0	0.05759116559988407	0.08137616072892273	0.031111768001852367	0.7777777777777778
PRIMARY	ridge	s__Bifidobacterium_longum	9	9	1.0	-0.044407876213270234	0.08115723658649851	-0.03597537104788076	0.6666666666666666
PRIMARY	ridge	s__Collinsella_bouchesdurhonensis	9	9	1.0	0.0006070884299754101	0.08055706195625369	-0.006917381025535362	0.5555555555555556
PRIMARY	ridge	s__Scardovia_wiggsiae	8	8	1.0	-0.08050839092095233	0.08050839092095233	-0.06699196726112298	1.0
PRIMARY	ridge	s__Blautia_sp_MSK_20_85	9	9	1.0	0.055310293974059364	0.08046200162771593	0.008910346708607835	0.6666666666666666
PRIMARY	ridge	s__Phocaeicola_plebeius	9	9	1.0	-0.04091611421441302	0.08032905436930998	0.01268678722343056	0.5555555555555556
PRIMARY	ridge	s__Candidatus_Catenibacterium_tridentinum	9	9	1.0	0.045936261695613406	0.08005454556797675	0.052455013204009415	0.5555555555555556
PRIMARY	ridge	s__Holdemania_filiformis	9	9	1.0	0.027410891855938268	0.0794449650782527	0.02989335588161819	0.6666666666666666
PRIMARY	ridge	s__GGB47687_SGB2286	9	9	1.0	-0.016698699582610853	0.07908072971649743	-0.0016770476789440922	0.5555555555555556
PRIMARY	ridge	s__GGB9614_SGB15049	9	9	1.0	0.05275116017561609	0.07837919023280679	0.016709636290566952	0.6666666666666666
PRIMARY	ridge	s__Candidatus_Cibionibacter_quicibialis	9	9	1.0	-0.009809208608953294	0.07767654011062154	0.02905381723766395	0.6666666666666666
PRIMARY	ridge	s__GGB45495_SGB63167	9	9	1.0	-0.06420839618241941	0.077138897824715	-0.005340966710960158	0.6666666666666666
PRIMARY	ridge	s__GGB3109_SGB4643	9	9	1.0	-0.06924257111564575	0.0768680991929141	-0.04536661137890115	0.8888888888888888
PRIMARY	ridge	s__Eggerthella_lenta	9	9	1.0	0.0747702173778089	0.07683306519925102	0.029583854085869384	0.8888888888888888
PRIMARY	ridge	s__GGB3746_SGB5089	9	9	1.0	-0.03748978544720353	0.07656477327762824	-0.008352714358855226	0.6666666666666666
PRIMARY	ridge	s__Lacrimispora_saccharolytica	9	9	1.0	0.06800799407755741	0.07645271299630947	0.05038685302870832	0.8888888888888888
PRIMARY	ridge	s__Bacteroides_nordii	9	9	1.0	0.04989577520383129	0.07613332926072543	0.002979301524241544	0.5555555555555556
PRIMARY	ridge	s__Clostridium_symbiosum	9	9	1.0	-0.04094909753105856	0.07565559293085114	0.014463137780258106	0.7777777777777778
PRIMARY	ridge	s__Dysosmobacter_sp_NSJ_60	9	9	1.0	-0.07362277615537934	0.07556120970267483	-0.04501933281739528	0.8888888888888888
PRIMARY	ridge	s__Bacteroides_intestinalis	9	9	1.0	0.0181373860313273	0.07538478852818914	0.0072100710658036665	0.5555555555555556
PRIMARY	ridge	s__Dorea_sp_AF36_15AT	9	9	1.0	-0.0010084685780344669	0.0752089722373098	-0.001034330612092025	0.5555555555555556
PRIMARY	ridge	s__Alistipes_senegalensis	9	9	1.0	-0.029871179765238152	0.07518639146168407	-0.0581506613844671	0.6666666666666666
PRIMARY	ridge	s__Senegalimassilia_SGB14826	1	1	1.0	-0.0748743457997348	0.0748743457997348	-0.0748743457997348	1.0
PRIMARY	ridge	s__GGB9350_SGB14317	8	8	1.0	0.010899093546739593	0.07481730647465744	-0.016773927814714186	0.625
PRIMARY	ridge	s__GGB2970_SGB3952	9	9	1.0	0.07481600119303154	0.07481600119303154	0.05651412075278367	1.0
PRIMARY	ridge	s__GGB9619_SGB15067	9	9	1.0	0.06996639096018577	0.07435528591428063	0.03676014298985021	0.8888888888888888
PRIMARY	ridge	s__Streptococcus_salivarius	9	9	1.0	-0.06779256310934126	0.0736175335637949	-0.03535960623963128	0.7777777777777778
PRIMARY	ridge	s__Bacteroides_ovatus	9	9	1.0	-0.0643597999628544	0.07346733008800482	-0.011717222076605544	0.6666666666666666
PRIMARY	ridge	s__Cellulomonas_flavigena	5	5	1.0	0.07135891488949926	0.07283679916500971	0.06446135832863369	0.8
PRIMARY	ridge	s__Mediterraneibacter_massiliensis	9	9	1.0	-0.031905985666981204	0.07163006343661586	-0.0316208495108308	0.7777777777777778
PRIMARY	ridge	s__Bacteroides_faecis	9	9	1.0	-0.027745038746052907	0.0710276886086109	-0.007473576742690778	0.5555555555555556
PRIMARY	ridge	s__Parabacteroides_distasonis	9	9	1.0	0.04346011831204959	0.07079401989364549	0.02184154124464381	0.7777777777777778
PRIMARY	ridge	s__Mediterraneibacter_butyricigenes	9	9	1.0	0.019598379273672292	0.0704458309614065	0.00729753393812542	0.5555555555555556
PRIMARY	ridge	s__GGB9767_SGB15385	9	9	1.0	-0.012811897360674054	0.07028195190165354	-0.022139739269227025	0.5555555555555556
PRIMARY	ridge	s__GGB58233_SGB79883	9	9	1.0	0.05148514391977105	0.0698508726558943	-0.0019995395854092808	0.5555555555555556
PRIMARY	ridge	s__Lachnoclostridium_sp_An138	7	7	1.0	-0.040921738967305325	0.06954743569989652	-0.022187099638442214	0.7142857142857143
PRIMARY	ridge	s__GGB33512_SGB15201	9	9	1.0	-0.027485247273829685	0.0694325465400405	-0.016555420739988135	0.6666666666666666
PRIMARY	ridge	s__Ligilactobacillus_ruminis	1	1	1.0	0.06942981443802623	0.06942981443802623	0.06942981443802623	1.0
PRIMARY	ridge	s__Mediterraneibacter_SGB48424	9	9	1.0	-0.021640322074522777	0.06941358954700036	0.0005751505777542859	0.5555555555555556
PRIMARY	ridge	s__GGB9641_SGB15117	9	9	1.0	0.04386191092808442	0.06934365877969541	0.00392478733996323	0.5555555555555556
PRIMARY	ridge	s__Streptococcus_gordonii	9	9	1.0	0.05766872562387837	0.06932793374678449	0.027004999905214325	0.8888888888888888
PRIMARY	ridge	s__Coprococcus_comes	9	9	1.0	0.017462633585039945	0.06919966240823995	-0.008185852452209381	0.5555555555555556
PRIMARY	ridge	s__Coprobacter_fastidiosus	9	9	1.0	-0.049719171001991004	0.06771967887485514	-0.0369978838088745	0.7777777777777778
PRIMARY	ridge	s__GGB3510_SGB4687	9	9	1.0	-0.03466715797938081	0.06760288656116636	-0.013901517276064227	0.6666666666666666
PRIMARY	ridge	s__Gordonibacter_pamelaeae	9	9	1.0	0.025564317651323974	0.06731777076935645	-0.0071520551176382785	0.5555555555555556
PRIMARY	ridge	s__Blautia_faecis	9	9	1.0	0.0635225859164885	0.0672655131047801	0.04568896203008317	0.7777777777777778
PRIMARY	ridge	s__GGB80011_SGB15267	9	9	1.0	-0.06717838810937732	0.06717838810937732	-0.05989640922217314	1.0
PRIMARY	ridge	s__Sellimonas_intestinalis	9	9	1.0	-0.05678397390850197	0.06695937745426368	-0.018387854606239568	0.5555555555555556
PRIMARY	ridge	s__Odoribacter_splanchnicus	9	9	1.0	-0.009287603292900855	0.06673670211517393	-0.02366265179868946	0.5555555555555556
PRIMARY	ridge	s__GGB4456_SGB6141	9	9	1.0	0.017793211632084152	0.06652511664760394	0.014795590638110041	0.6666666666666666
PRIMARY	ridge	s__GGB3142_SGB4155	1	1	1.0	-0.064800940195946	0.064800940195946	-0.064800940195946	1.0
PRIMARY	ridge	s__Enterococcus_faecalis	9	9	1.0	0.06399977955627772	0.06399977955627772	0.04420699473021672	1.0
PRIMARY	ridge	s__Faecalicatena_fissicatena	9	9	1.0	-0.049040128946294136	0.06399275871905584	-0.036551966850664905	0.7777777777777778
PRIMARY	ridge	s__Mogibacterium_sp_NSJ_24	8	8	1.0	0.043037367897308845	0.06332667355298677	0.004648529339608685	0.5
PRIMARY	ridge	s__Ruminococcus_bicirculans	9	9	1.0	-0.04224990469443189	0.06297045507523075	-0.009053001619253268	0.7777777777777778
PRIMARY	ridge	s__Faecalimonas_umbilicata	9	9	1.0	0.05741336998842942	0.06264828614362318	0.03904018665834174	0.7777777777777778
PRIMARY	ridge	s__GGB9189_SGB14128	9	9	1.0	0.01740499385216082	0.06195348693262373	0.014968931824247423	0.6666666666666666
PRIMARY	ridge	s__Blautia_sp_OF03_15BH	9	9	1.0	0.016014322363875753	0.0617231937445201	0.003083067673744353	0.6666666666666666
PRIMARY	ridge	s__Rothia_mucilaginosa	9	9	1.0	-0.017157144153214565	0.06143258344982876	-0.0184142408125937	0.6666666666666666
PRIMARY	ridge	s__Parasutterella_SGB9260	9	9	1.0	0.021757204741576216	0.059588403210933075	0.004082999334231566	0.5555555555555556
PRIMARY	ridge	s__GGB2998_SGB3988	9	9	1.0	-0.043704396168365016	0.059034888379815936	-0.04622277600158311	0.7777777777777778
PRIMARY	ridge	s__Phocaeicola_dorei	9	9	1.0	0.045855899032208096	0.05876424248271931	0.014080868978103647	0.6666666666666666
PRIMARY	ridge	s__Enterococcus_SGB6173	9	9	1.0	-0.022151591150413655	0.058660748793039605	-0.004491050461326757	0.6666666666666666
PRIMARY	ridge	s__Blautia_wexlerae	9	9	1.0	0.05853392118606301	0.05853392118606301	0.03396449194834819	1.0
PRIMARY	ridge	s__GGB51960_SGB72480	5	5	1.0	0.04735854645723233	0.05693068842043947	-0.0014479901010638078	0.6
PRIMARY	ridge	s__Streptococcus_oralis	8	8	1.0	-0.056034321304341966	0.056034321304341966	-0.03383386329151247	1.0
PRIMARY	ridge	s__Clostridium_sp_AF20_17LB	9	9	1.0	0.007457895621116664	0.05514216483426986	0.031075832198151018	0.6666666666666666
PRIMARY	ridge	s__GGB9691_SGB15198	4	4	1.0	-0.01840093654445926	0.053399567130034145	0.0161032873552485	0.75
PRIMARY	ridge	s__Clostridium_sp_1001271st1_H5	3	3	1.0	-0.0529939262318894	0.0529939262318894	-0.05482602012853875	1.0
PRIMARY	ridge	s__GGB9186_SGB14125	9	9	1.0	-0.022052122387712918	0.05295682681340182	-0.00816849793796124	0.7777777777777778
PRIMARY	ridge	s__GGB9240_SGB14182	9	9	1.0	-0.007671816980215854	0.05295527642635665	-0.01935279011534279	0.7777777777777778
PRIMARY	ridge	s__Fusicatenibacter_saccharivorans	9	9	1.0	0.018955151683699153	0.05292435394511912	0.049464572460377186	0.7777777777777778
PRIMARY	ridge	s__GGB3124_SGB4136	1	1	1.0	-0.05230520642125457	0.05230520642125457	-0.05230520642125457	1.0
PRIMARY	ridge	s__Ruminococcus_callidus	9	9	1.0	-0.03787394544023033	0.05148155445393957	-0.010136568688856047	0.6666666666666666
PRIMARY	ridge	s__GGB9737_SGB15309	1	1	1.0	0.05131286914518009	0.05131286914518009	0.05131286914518009	1.0
PRIMARY	ridge	s__GGB9787_SGB15410	9	9	1.0	0.028448884311562925	0.049637061196640124	-0.0065257635429590176	0.5555555555555556
PRIMARY	ridge	s__Oscillibacter_sp_NSJ_62	8	8	1.0	-0.025506124060899887	0.04931350303533626	-0.025518442711502845	0.75
PRIMARY	ridge	s__Actinomyces_naeslundii	9	9	1.0	-0.031134425707473982	0.0491700972425491	0.002873898916957251	0.5555555555555556
PRIMARY	ridge	s__Faecalibacterium_SGB15315	9	9	1.0	-0.046942610066308954	0.0472369784833467	-0.04179264638270325	0.8888888888888888
PRIMARY	ridge	s__Clostridium_paraputrificum	1	1	1.0	0.04685673101873186	0.04685673101873186	0.04685673101873186	1.0
PRIMARY	ridge	s__Amedibacillus_dolichus	7	7	1.0	-0.018449602767390737	0.04634061680323432	-0.005663165907125856	0.5714285714285714
PRIMARY	ridge	s__Actinomyces_sp_oral_taxon_448	9	9	1.0	-0.021964296854382608	0.04438696440660314	-0.025418828223508036	0.6666666666666666
PRIMARY	ridge	s__Ruminococcus_sp_AF46_10NS	1	1	1.0	0.04360997676336105	0.04360997676336105	0.04360997676336105	1.0
PRIMARY	ridge	s__Paratractidigestivibacter_faecalis	1	1	1.0	-0.04255788231400003	0.04255788231400003	-0.04255788231400003	1.0
PRIMARY	ridge	s__GGB3593_SGB4817	2	2	1.0	0.04163238211985811	0.04163238211985811	0.04163238211985811	1.0
PRIMARY	ridge	s__Desulfovibrio_fairfieldensis	8	8	1.0	-0.012987999998705507	0.04118686524656226	-0.007411932529404893	0.625
PRIMARY	ridge	s__Olsenella_uli	1	1	1.0	0.04054666259404792	0.04054666259404792	0.04054666259404792	1.0
PRIMARY	ridge	s__Eubacterium_SGB4671	1	1	1.0	-0.03572384559878191	0.03572384559878191	-0.03572384559878191	1.0
PRIMARY	ridge	s__GGB9608_SGB15041	9	9	1.0	-0.0006349531732490269	0.03377972592913506	-0.0006982641761344973	0.5555555555555556
PRIMARY	ridge	s__GGB9559_SGB14968	1	1	1.0	-0.030124384299755273	0.030124384299755273	-0.030124384299755273	1.0
PRIMARY	ridge	s__Allisonella_histaminiformans	2	2	1.0	-0.02918532021354393	0.02918532021354393	-0.02918532021354393	1.0
PRIMARY	ridge	s__GGB4745_SGB6571	4	4	1.0	-0.013418734809905906	0.026325266729896615	0.0003300643457063179	0.5
PRIMARY	ridge	s__GGB4684_SGB6478	1	1	1.0	-0.023864555643299496	0.023864555643299496	-0.023864555643299496	1.0
PRIMARY	ridge	s__Lactococcus_cremoris	1	1	1.0	-0.021025834426875317	0.021025834426875317	-0.021025834426875317	1.0
PRIMARY	ridge	s__GGB9261_SGB14209	3	3	1.0	-0.003086069725687663	0.01173861506249113	-0.008387021218264156	0.6666666666666666
PRIMARY	ridge	s__GGB9767_SGB15384	1	1	1.0	0.004417761049187049	0.004417761049187049	0.004417761049187049	1.0
PRIMARY	ridge	s__GGB3446_SGB4597	1	1	1.0	-0.004064900602850607	0.004064900602850607	-0.004064900602850607	1.0
PRIMARY	ridge	s__GGB3513_SGB4691	1	1	1.0	-0.002337458316442662	0.002337458316442662	-0.002337458316442662	1.0
S1_EXCLUDE_BCN12	ridge	s__Flavonifractor_sp_An100	1	1	1.0	0.858055154828163	0.858055154828163	0.858055154828163	1.0
S1_EXCLUDE_BCN12	ridge	s__Streptococcus_SGB14888	9	9	1.0	-0.7014497105293352	0.7014497105293352	-0.6747995705527964	1.0
S1_EXCLUDE_BCN12	ridge	s__Faecalicatena_contorta	9	9	1.0	0.6721335523699331	0.6721335523699331	0.6783375035344255	1.0
S1_EXCLUDE_BCN12	ridge	s__Blautia_massiliensis	9	9	1.0	0.6151218228685202	0.6151218228685202	0.7802646479167563	1.0
S1_EXCLUDE_BCN12	ridge	s__Eubacterium_sp_AF16_48	9	9	1.0	-0.5444948296087896	0.5444948296087896	-0.5543884095364247	1.0
S1_EXCLUDE_BCN12	ridge	s__GGB9694_SGB15204	9	9	1.0	0.5263113923677486	0.5263113923677486	0.5651159892972434	1.0
S1_EXCLUDE_BCN12	ridge	s__Lachnoclostridium_sp_An131	9	9	1.0	-0.519263232075656	0.519263232075656	-0.534389828501411	1.0
S1_EXCLUDE_BCN12	ridge	s__Anaerotruncus_colihominis	9	9	1.0	-0.5132722779814077	0.5132722779814077	-0.5008815188990534	1.0
S1_EXCLUDE_BCN12	ridge	s__GGB9237_SGB14179	9	9	1.0	-0.5071595326235113	0.5071595326235113	-0.3432575965141543	1.0
S1_EXCLUDE_BCN12	ridge	s__Faecalibacillus_intestinalis	9	9	1.0	0.5035457404689978	0.5035457404689978	0.6016962933933756	1.0
S1_EXCLUDE_BCN12	ridge	s__Pseudoflavonifractor_gallinarum	9	9	1.0	-0.49281310789913996	0.49281310789913996	-0.37412147159041753	1.0
S1_EXCLUDE_BCN12	ridge	s__Veillonella_parvula	9	9	1.0	-0.4773064400870909	0.4773064400870909	-0.5947918816020807	1.0
S1_EXCLUDE_BCN12	ridge	s__Blautia_caecimuris	9	9	1.0	0.4772487049437281	0.4772487049437281	0.6184778433967791	1.0
S1_EXCLUDE_BCN12	ridge	s__GGB3444_SGB4594	9	9	1.0	-0.4765410107772517	0.4765410107772517	-0.5911165824356902	1.0
S1_EXCLUDE_BCN12	ridge	s__GGB3277_SGB4327	9	9	1.0	-0.4749403765548903	0.4749403765548903	-0.4950114842647916	1.0
S1_EXCLUDE_BCN12	ridge	s__GGB9616_SGB15051	9	9	1.0	-0.46943620630099875	0.46943620630099875	-0.5660262574844811	1.0
S1_EXCLUDE_BCN12	ridge	s__GGB3818_SGB5183	1	1	1.0	-0.46248837819781824	0.46248837819781824	-0.46248837819781824	1.0
S1_EXCLUDE_BCN12	ridge	s__GGB32900_SGB53446	9	9	1.0	0.4484183427713353	0.4484183427713353	0.3639609687653093	1.0
S1_EXCLUDE_BCN12	ridge	s__Roseburia_hominis	9	9	1.0	0.4470138248051589	0.4470138248051589	0.42045454480377575	1.0
S1_EXCLUDE_BCN12	ridge	s__GGB58158_SGB79798	9	9	1.0	0.44219853208635806	0.44219853208635806	0.43013413715865695	1.0
S1_EXCLUDE_BCN12	ridge	s__GGB9627_SGB15081	9	9	1.0	0.43849070341859553	0.43849070341859553	0.32749077041648095	1.0
S1_EXCLUDE_BCN12	ridge	s__Alistipes_putredinis	9	9	1.0	-0.4264647985457197	0.4341886143705251	-0.45203197399101275	0.8888888888888888
S1_EXCLUDE_BCN12	ridge	s__GGB9581_SGB79823	2	2	1.0	-0.42901001992454324	0.42901001992454324	-0.42901001992454324	1.0
S1_EXCLUDE_BCN12	ridge	s__GGB34797_SGB14322	9	9	1.0	-0.42209180210574504	0.42209180210574504	-0.5389567283967925	1.0
S1_EXCLUDE_BCN12	ridge	s__Agathobaculum_butyriciproducens	9	9	1.0	0.42056587637441517	0.42056587637441517	0.45922795628179	1.0
S1_EXCLUDE_BCN12	ridge	s__Bacteroides_uniformis	9	9	1.0	-0.4167443896719776	0.4167443896719776	-0.4793073328153515	1.0
S1_EXCLUDE_BCN12	ridge	s__GGB9302_SGB14263	5	5	1.0	0.41377368032093964	0.41377368032093964	0.40461097770487353	1.0
S1_EXCLUDE_BCN12	ridge	s__Bifidobacterium_bifidum	9	9	1.0	0.4129379155717411	0.4129379155717411	0.4932763091495476	1.0
S1_EXCLUDE_BCN12	ridge	s__GGB74463_SGB54347	9	9	1.0	-0.400281629602395	0.400281629602395	-0.4041765550417973	1.0
S1_EXCLUDE_BCN12	ridge	s__Bacteroides_stercoris	9	9	1.0	0.3890948750526506	0.3890948750526506	0.4357774440376921	1.0
S1_EXCLUDE_BCN12	ridge	s__Parasutterella_excrementihominis	9	9	1.0	-0.38585385428021785	0.38585385428021785	-0.3872166918864531	1.0
S1_EXCLUDE_BCN12	ridge	s__GGB3321_SGB4394	9	9	1.0	-0.3788029240148855	0.3788029240148855	-0.4605231590302216	1.0
S1_EXCLUDE_BCN12	ridge	s__Anaerostipes_hadrus	9	9	1.0	-0.3689892162295815	0.37756755159852295	-0.417121270408043	0.8888888888888888
S1_EXCLUDE_BCN12	ridge	s__Faecalibacterium_prausnitzii	9	9	1.0	0.37362918777906723	0.37362918777906723	0.5049019168453556	1.0
S1_EXCLUDE_BCN12	ridge	s__Roseburia_intestinalis	9	9	1.0	-0.3714129846449384	0.3714129846449384	-0.3099029874001683	1.0
S1_EXCLUDE_BCN12	ridge	s__Anaerotruncus_rubiinfantis	9	9	1.0	-0.3689660048199967	0.3689660048199967	-0.43534559662324274	1.0
S1_EXCLUDE_BCN12	ridge	s__Vescimonas_SGB15087	9	9	1.0	-0.36863434331664846	0.36863434331664846	-0.3993868990891829	1.0
S1_EXCLUDE_BCN12	ridge	s__Paraprevotella_clara	9	9	1.0	-0.36832639629660435	0.36832639629660435	-0.369126665190296	1.0
S1_EXCLUDE_BCN12	ridge	s__Bifidobacterium_catenulatum	8	8	1.0	0.3672745324988964	0.3672745324988964	0.24527093378371323	1.0
S1_EXCLUDE_BCN12	ridge	s__Vescimonas_coprocola	9	9	1.0	-0.36142563829744556	0.36142563829744556	-0.24812210137367416	1.0
S1_EXCLUDE_BCN12	ridge	s__Lactococcus_lactis	9	9	1.0	0.35779537488438695	0.35779537488438695	0.3427621874171079	1.0
S1_EXCLUDE_BCN12	ridge	s__Alistipes_sp_AF17_16	9	9	1.0	0.35468273989459226	0.35468273989459226	0.4067689011416847	1.0
S1_EXCLUDE_BCN12	ridge	s__Sutterella_wadsworthensis	9	9	1.0	-0.35402627749317356	0.35402627749317356	-0.42950702599530194	1.0
S1_EXCLUDE_BCN12	ridge	s__Massilimicrobiota_timonensis	9	9	1.0	-0.353881682910531	0.353881682910531	-0.3953946165972545	1.0
S1_EXCLUDE_BCN12	ridge	s__GGB9619_SGB15066	9	9	1.0	-0.348816021984188	0.348816021984188	-0.4482870876500045	1.0
S1_EXCLUDE_BCN12	ridge	s__Roseburia_faecis	9	9	1.0	0.3478975090034028	0.3478975090034028	0.3935391567858166	1.0
S1_EXCLUDE_BCN12	ridge	s__Methylobacterium_SGB15164	9	9	1.0	0.34163832771697167	0.3435930888026595	0.423320395729454	0.8888888888888888
S1_EXCLUDE_BCN12	ridge	s__Streptococcus_mitis	9	9	1.0	0.3408262574640515	0.3408262574640515	0.27372308104067977	1.0
S1_EXCLUDE_BCN12	ridge	s__Lacrimispora_celerecrescens	9	9	1.0	0.3383597810051606	0.3383597810051606	0.3441875813485869	1.0
S1_EXCLUDE_BCN12	ridge	s__Clostridium_sp_1001270H_150608_G6	9	9	1.0	0.33476566362484766	0.33476566362484766	0.3385857247547879	1.0
S1_EXCLUDE_BCN12	ridge	s__Anaerosacchariphilus_sp_NSJ_68	8	8	1.0	-0.3329353546666155	0.3329353546666155	-0.28763813778527714	1.0
S1_EXCLUDE_BCN12	ridge	s__Tyzzerella_nexilis	9	9	1.0	0.32604626350166	0.32604626350166	0.14295905588371705	1.0
S1_EXCLUDE_BCN12	ridge	s__GGB3815_SGB5180	2	2	1.0	0.32514798468455586	0.32514798468455586	0.32514798468455586	1.0
S1_EXCLUDE_BCN12	ridge	s__Phascolarctobacterium_faecium	9	9	1.0	0.3250677744197344	0.3250677744197344	0.30373884126138406	1.0
S1_EXCLUDE_BCN12	ridge	s__Staphylococcus_SGB6340	9	9	1.0	-0.32393535226990955	0.32393535226990955	-0.17968698889488632	1.0
S1_EXCLUDE_BCN12	ridge	s__Blautia_producta	9	9	1.0	-0.32170112234049486	0.32170112234049486	-0.3472774698119101	1.0
S1_EXCLUDE_BCN12	ridge	s__Streptococcus_vestibularis	9	9	1.0	-0.31497633650297674	0.31497633650297674	-0.3075636620325206	1.0
S1_EXCLUDE_BCN12	ridge	s__Streptococcus_SGB14137	1	1	1.0	0.3145676404377335	0.3145676404377335	0.3145676404377335	1.0
S1_EXCLUDE_BCN12	ridge	s__GGB3175_SGB4191	9	9	1.0	-0.31397951061163043	0.31397951061163043	-0.41368543120078594	1.0
S1_EXCLUDE_BCN12	ridge	s__GGB79998_SGB48024	1	1	1.0	0.3131562090698629	0.3131562090698629	0.3131562090698629	1.0
S1_EXCLUDE_BCN12	ridge	s__Collinsella_SGB14861	9	9	1.0	0.3114674570526501	0.3114674570526501	0.3049179353561196	1.0
S1_EXCLUDE_BCN12	ridge	s__Actinomyces_sp_ICM47	9	9	1.0	0.3097918525767201	0.3097918525767201	0.2592865438310466	1.0
S1_EXCLUDE_BCN12	ridge	s__GGB9760_SGB15373	9	9	1.0	-0.3085654981429895	0.3085654981429895	-0.3603414520713122	1.0
S1_EXCLUDE_BCN12	ridge	s__Coprobacillus_cateniformis	9	9	1.0	-0.3014618340537947	0.3014618340537947	-0.23598899188695707	1.0
S1_EXCLUDE_BCN12	ridge	s__Phocaeicola_vulgatus	9	9	1.0	0.2993340385849444	0.2993340385849444	0.31467799487202536	1.0
S1_EXCLUDE_BCN12	ridge	s__GGB9345_SGB14311	9	9	1.0	0.2991303476831244	0.2991303476831244	0.35686914460483665	1.0
S1_EXCLUDE_BCN12	ridge	s__Clostridium_scindens	9	9	1.0	0.2982324161570908	0.2982324161570908	0.34767709031460803	1.0
S1_EXCLUDE_BCN12	ridge	s__GGB33928_SGB15225	9	9	1.0	-0.29203702646898433	0.29455968263295934	-0.3437299590953897	0.8888888888888888
S1_EXCLUDE_BCN12	ridge	s__GGB80011_SGB15265	9	9	1.0	0.29228375106125226	0.29228375106125226	0.30055299199506946	1.0
S1_EXCLUDE_BCN12	ridge	s__GGB9618_SGB15065	8	8	1.0	-0.2902883323617819	0.2902883323617819	-0.2837476025075879	1.0
S1_EXCLUDE_BCN12	ridge	s__Eisenbergiella_massiliensis	9	9	1.0	0.2875140958375629	0.2875140958375629	0.2185074766620151	1.0
S1_EXCLUDE_BCN12	ridge	s__Actinomyces_graevenitzii	9	9	1.0	-0.28628739881089915	0.28628739881089915	-0.215542175822114	1.0
S1_EXCLUDE_BCN12	ridge	s__Streptococcus_parasanguinis	9	9	1.0	-0.2854427991333536	0.2854427991333536	-0.3387217494293918	1.0
S1_EXCLUDE_BCN12	ridge	s__Faecalibacterium_SGB15346	9	9	1.0	0.2844270601639283	0.2844270601639283	0.3209748822350367	1.0
S1_EXCLUDE_BCN12	ridge	s__Alistipes_onderdonkii	9	9	1.0	-0.28271254120577627	0.28402657916976515	-0.19203614928044116	0.8888888888888888
S1_EXCLUDE_BCN12	ridge	s__GGB9495_SGB14892	9	9	1.0	-0.2820974865621703	0.2820974865621703	-0.33882128646045995	1.0
S1_EXCLUDE_BCN12	ridge	s__Clostridium_SGB6179	9	9	1.0	0.2818124958280876	0.2818124958280876	0.22308877455343146	1.0
S1_EXCLUDE_BCN12	ridge	s__Parabacteroides_merdae	9	9	1.0	0.27714520181211033	0.27714520181211033	0.28433223856029555	1.0
S1_EXCLUDE_BCN12	ridge	s__Longicatena_caecimuris	9	9	1.0	0.27707626152212095	0.27707626152212095	0.2546875171264898	1.0
S1_EXCLUDE_BCN12	ridge	s__GGB14025_SGB14906	9	9	1.0	0.2766067825368753	0.2766067825368753	0.2373142130811408	1.0
S1_EXCLUDE_BCN12	ridge	s__GGB3061_SGB4063	9	9	1.0	0.2738699851333118	0.2738699851333118	0.24535498155315152	1.0
S1_EXCLUDE_BCN12	ridge	s__GGB3612_SGB4882	9	9	1.0	-0.2736150176052413	0.2736150176052413	-0.21802668227934865	1.0
S1_EXCLUDE_BCN12	ridge	s__GGB9636_SGB15107	9	9	1.0	0.27068724597372884	0.27068724597372884	0.2103134350714028	1.0
S1_EXCLUDE_BCN12	ridge	s__GGB45491_SGB63163	9	9	1.0	-0.27023135804600795	0.27023135804600795	-0.1561382093301373	1.0
S1_EXCLUDE_BCN12	ridge	s__Streptococcus_thermophilus	9	9	1.0	0.26925897199217297	0.26925897199217297	0.2657788402947565	1.0
S1_EXCLUDE_BCN12	ridge	s__Bacteroides_finegoldii	9	9	1.0	0.26921996306932766	0.26921996306932766	0.2513306758312275	1.0
S1_EXCLUDE_BCN12	ridge	s__Rheinheimera_SGB14999	9	9	1.0	-0.2690123907414432	0.2690123907414432	-0.18158016145954192	1.0
S1_EXCLUDE_BCN12	ridge	s__GGB9759_SGB15370	9	9	1.0	0.26828652052711416	0.26828652052711416	0.23673726708790227	1.0
S1_EXCLUDE_BCN12	ridge	s__Bacteroides_fragilis	9	9	1.0	-0.26802720772130395	0.26802720772130395	-0.17858383867547928	1.0
S1_EXCLUDE_BCN12	ridge	s__Intestinibacter_bartlettii	9	9	1.0	0.26586554984738264	0.26586554984738264	0.24167380972017155	1.0
S1_EXCLUDE_BCN12	ridge	s__Lachnoclostridium_edouardi	6	6	1.0	-0.26535240715775427	0.26535240715775427	-0.2896635231847524	1.0
S1_EXCLUDE_BCN12	ridge	s__Bacteroides_xylanisolvens	9	9	1.0	0.2649418953228627	0.2649418953228627	0.3089018850982211	1.0
S1_EXCLUDE_BCN12	ridge	s__GGB9176_SGB14114	9	9	1.0	0.2638482627912289	0.26425848842622135	0.3286708114140764	0.8888888888888888
S1_EXCLUDE_BCN12	ridge	s__GGB9062_SGB13981	9	9	1.0	-0.2621251005837042	0.2621251005837042	-0.15623321889819058	1.0
S1_EXCLUDE_BCN12	ridge	s__GGB9480_SGB14874	9	9	1.0	-0.2612827652096801	0.2612827652096801	-0.3539866662820333	1.0
S1_EXCLUDE_BCN12	ridge	s__GGB9559_SGB14969	9	9	1.0	0.2586847113993789	0.2607715433800802	0.28101031233710855	0.8888888888888888
S1_EXCLUDE_BCN12	ridge	s__Streptococcus_mutans	9	9	1.0	-0.2559198182630691	0.25917821466207647	-0.17312059921560538	0.8888888888888888
S1_EXCLUDE_BCN12	ridge	s__GGB9762_SGB15377	4	4	1.0	-0.2591753483804456	0.2591753483804456	-0.2040061302037163	1.0
S1_EXCLUDE_BCN12	ridge	s__GGB9611_SGB15045	7	7	1.0	-0.25844416044374907	0.25844416044374907	-0.2387602033350164	1.0
S1_EXCLUDE_BCN12	ridge	s__Hungatella_hathewayi	9	9	1.0	-0.2562552615226521	0.2562552615226521	-0.23696495541804533	1.0
S1_EXCLUDE_BCN12	ridge	s__GGB3614_SGB4886	9	9	1.0	0.2558998782924465	0.2558998782924465	0.2998322861048648	1.0
S1_EXCLUDE_BCN12	ridge	s__Clostridium_SGB4648	9	9	1.0	0.25577260758348874	0.25577260758348874	0.22086741519822056	1.0
S1_EXCLUDE_BCN12	ridge	s__Parabacteroides_johnsonii	6	6	1.0	-0.25510857753849986	0.25510857753849986	-0.21237320996528364	1.0
S1_EXCLUDE_BCN12	ridge	s__Lacticaseibacillus_paracasei	9	9	1.0	-0.25393198226249014	0.25393198226249014	-0.20906088241152404	1.0
S1_EXCLUDE_BCN12	ridge	s__Faecalibacillus_faecis	9	9	1.0	0.23673062638971404	0.25391088897619596	0.11840061183724017	0.8888888888888888
S1_EXCLUDE_BCN12	ridge	s__Massiliimalia_timonensis	9	9	1.0	-0.253815505601802	0.253815505601802	-0.12364667983267731	1.0
S1_EXCLUDE_BCN12	ridge	s__Lactonifactor_sp_BIOML_A6	9	9	1.0	-0.2531238989403735	0.2531238989403735	-0.17051512589359502	1.0
S1_EXCLUDE_BCN12	ridge	s__Ruminococcus_lactaris	9	9	1.0	-0.24826690855688774	0.24826690855688774	-0.14852230593959623	1.0
S1_EXCLUDE_BCN12	ridge	s__GGB9293_SGB14250	9	9	1.0	0.2480126443993259	0.2480126443993259	0.19177417918133358	1.0
S1_EXCLUDE_BCN12	ridge	s__Desulfovibrio_piger	9	9	1.0	0.24797591965054636	0.24797591965054636	0.1006784938190099	1.0
S1_EXCLUDE_BCN12	ridge	s__GGB9642_SGB15119	9	9	1.0	-0.24770931624620085	0.24770931624620085	-0.20014390294901074	1.0
S1_EXCLUDE_BCN12	ridge	s__Actinomyces_sp_HMSC035G02	8	8	1.0	-0.24565736084676226	0.24565736084676226	-0.14676627299699807	1.0
S1_EXCLUDE_BCN12	ridge	s__Phocaeicola_massiliensis	9	9	1.0	-0.24473803690629758	0.24473803690629758	-0.2854606235826685	1.0
S1_EXCLUDE_BCN12	ridge	s__Ruthenibacterium_lactatiformans	9	9	1.0	0.24384515651263883	0.24384515651263883	0.16308564401130143	1.0
S1_EXCLUDE_BCN12	ridge	s__Actinomyces_SGB17157	8	8	1.0	-0.23947657276313689	0.23947657276313689	-0.10366423017836351	1.0
S1_EXCLUDE_BCN12	ridge	s__GGB9474_SGB14868	1	1	1.0	0.23936724331653614	0.23936724331653614	0.23936724331653614	1.0
S1_EXCLUDE_BCN12	ridge	s__GGB1627_SGB2230	4	4	1.0	0.23915644950261017	0.23915644950261017	0.18378859768843112	1.0
S1_EXCLUDE_BCN12	ridge	s__Veillonella_atypica	9	9	1.0	-0.23699567402297747	0.23699567402297747	-0.21643661465941932	1.0
S1_EXCLUDE_BCN12	ridge	s__GGB33512_SGB15203	9	9	1.0	-0.2354271034382212	0.2354271034382212	-0.17172086309283222	1.0
S1_EXCLUDE_BCN12	ridge	s__Bacteroides_thetaiotaomicron	9	9	1.0	0.22695165982626378	0.23464207596613784	0.16961850308925022	0.8888888888888888
S1_EXCLUDE_BCN12	ridge	s__Turicibacter_bilis	9	9	1.0	0.2341625965796203	0.2341625965796203	0.1458339230197204	1.0
S1_EXCLUDE_BCN12	ridge	s__Roseburia_sp_AF02_12	9	9	1.0	-0.23169877524851387	0.23169877524851387	-0.11167909646187132	1.0
S1_EXCLUDE_BCN12	ridge	s__GGB10692_SGB17347	7	7	1.0	0.23108441873368987	0.23108441873368987	0.23735432121658753	1.0
S1_EXCLUDE_BCN12	ridge	s__GGB9770_SGB15390	9	9	1.0	-0.22326664449133368	0.22548628356061304	-0.14081280270522645	0.8888888888888888
S1_EXCLUDE_BCN12	ridge	s__Blautia_faecicola	3	3	1.0	0.22544534588747278	0.22544534588747278	0.08889613129679301	1.0
S1_EXCLUDE_BCN12	ridge	s__Anaerotignum_lactatifermentans	5	5	1.0	-0.22497699058159992	0.22497699058159992	-0.15153109661483638	1.0
S1_EXCLUDE_BCN12	ridge	s__GGB52130_SGB14966	9	9	1.0	0.22409677245316587	0.22409677245316587	0.12947060031885263	1.0
S1_EXCLUDE_BCN12	ridge	s__Blautia_luti	9	9	1.0	-0.22239587161445465	0.22239587161445465	-0.15136190895691537	1.0
S1_EXCLUDE_BCN12	ridge	s__Enterocloster_aldenensis	9	9	1.0	0.22228158307767953	0.22228158307767953	0.18788829635141033	1.0
S1_EXCLUDE_BCN12	ridge	s__Clostridium_sp_AF34_10BH	9	9	1.0	0.21998911145654662	0.21998911145654662	0.19425534209183368	1.0
S1_EXCLUDE_BCN12	ridge	s__Neglectibacter_timonensis	9	9	1.0	-0.21837124894194362	0.21837124894194362	-0.2111202597671045	1.0
S1_EXCLUDE_BCN12	ridge	s__Actinobaculum_sp_oral_taxon_183	8	8	1.0	-0.21657020926795273	0.21657020926795273	-0.1424159639942708	1.0
S1_EXCLUDE_BCN12	ridge	s__Phocea_massiliensis	9	9	1.0	0.21623246048276146	0.21623246048276146	0.14881441731295453	1.0
S1_EXCLUDE_BCN12	ridge	s__Bifidobacterium_dentium	9	9	1.0	-0.21612336545166916	0.21612336545166916	-0.13319013336925556	1.0
S1_EXCLUDE_BCN12	ridge	s__Enterocloster_bolteae	9	9	1.0	-0.21556846086514114	0.21556846086514114	-0.22840646822416513	1.0
S1_EXCLUDE_BCN12	ridge	s__Candidatus_Borkfalkia_ceftriaxoniphila	9	9	1.0	0.21515682976889292	0.21515682976889292	0.19038161316994415	1.0
S1_EXCLUDE_BCN12	ridge	s__Dorea_formicigenerans	9	9	1.0	0.2139919733431494	0.2139919733431494	0.18674071741944498	1.0
S1_EXCLUDE_BCN12	ridge	s__Bacteroides_eggerthii	9	9	1.0	0.20442918761634826	0.21335322904772347	0.15119684405747275	0.8888888888888888
S1_EXCLUDE_BCN12	ridge	s__Oscillibacter_sp_PC13	8	8	1.0	0.21210361548466677	0.21210361548466677	0.13208847130825607	1.0
S1_EXCLUDE_BCN12	ridge	s__GGB9210_SGB14149	8	8	1.0	-0.21075045802730807	0.21075045802730807	-0.12710041660962446	1.0
S1_EXCLUDE_BCN12	ridge	s__Butyricimonas_faecihominis	9	9	1.0	0.20878098318774677	0.20878098318774677	0.17764085915313182	1.0
S1_EXCLUDE_BCN12	ridge	s__Harryflintia_acetispora	9	9	1.0	0.20562271974862817	0.20562271974862817	0.182641281552517	1.0
S1_EXCLUDE_BCN12	ridge	s__GGB13493_SGB15238	9	9	1.0	0.2041173663658494	0.2041173663658494	0.19289349422245225	1.0
S1_EXCLUDE_BCN12	ridge	s__Anaerotruncus_massiliensis	9	9	1.0	0.19737234628482372	0.20370387553528507	0.10901404421535163	0.8888888888888888
S1_EXCLUDE_BCN12	ridge	s__Anaerofilum_sp_BX8	9	9	1.0	0.2027146028832398	0.2027146028832398	0.14405348723593053	1.0
S1_EXCLUDE_BCN12	ridge	s__Adlercreutzia_equolifaciens	9	9	1.0	-0.19401122552719852	0.20244111072344434	-0.06511074893413417	0.8888888888888888
S1_EXCLUDE_BCN12	ridge	s__Enterocloster_citroniae	9	9	1.0	0.2020677477888654	0.2020677477888654	0.20103942076326006	1.0
S1_EXCLUDE_BCN12	ridge	s__GGB45497_SGB63169	9	9	1.0	-0.20167447025048849	0.20167447025048849	-0.11573514253205569	1.0
S1_EXCLUDE_BCN12	ridge	s__GGB3602_SGB4574	9	9	1.0	0.20150427853223316	0.2015388719455458	0.10110081107542489	0.8888888888888888
S1_EXCLUDE_BCN12	ridge	s__Dielma_fastidiosa	9	9	1.0	-0.20091555507804756	0.20091555507804756	-0.16405987419267634	1.0
S1_EXCLUDE_BCN12	ridge	s__GGB3278_SGB4328	8	8	1.0	-0.1994669699611386	0.1994669699611386	-0.12408277404082838	1.0
S1_EXCLUDE_BCN12	ridge	s__GGB9724_SGB15278	9	9	1.0	-0.1979908554688758	0.1979908554688758	-0.14515258483912366	1.0
S1_EXCLUDE_BCN12	ridge	s__GGB9640_SGB15115	9	9	1.0	-0.19473365705527845	0.19767080153642022	-0.13164581043855608	0.8888888888888888
S1_EXCLUDE_BCN12	ridge	s__Christensenella_sp_Marseille_P3954	7	7	1.0	0.16684593240025455	0.19764135657803986	0.030291842015537137	0.7142857142857143
S1_EXCLUDE_BCN12	ridge	s__Enterocloster_lavalensis	9	9	1.0	0.19256402612025844	0.19508327503473752	0.17089898504713824	0.8888888888888888
S1_EXCLUDE_BCN12	ridge	s__GGB9677_SGB15180	9	9	1.0	0.19487793418746657	0.19487793418746657	0.1649047539709669	1.0
S1_EXCLUDE_BCN12	ridge	s__Actinomyces_SGB17132	6	6	1.0	-0.19355263833541528	0.19355263833541528	-0.1887205994146709	1.0
S1_EXCLUDE_BCN12	ridge	s__GGB80140_SGB15224	9	9	1.0	0.1930885282008702	0.1930885282008702	0.16754917442284975	1.0
S1_EXCLUDE_BCN12	ridge	s__GGB3730_SGB5060	9	9	1.0	0.18123174227330663	0.1921302749181396	0.18888458717511447	0.8888888888888888
S1_EXCLUDE_BCN12	ridge	s__GGB51441_SGB71759	9	9	1.0	0.1911730268447234	0.1911730268447234	0.21317485273228565	1.0
S1_EXCLUDE_BCN12	ridge	s__GGB31234_SGB14869	9	9	1.0	0.16024978390570577	0.19047879410662272	0.06793391854594309	0.7777777777777778
S1_EXCLUDE_BCN12	ridge	s__Enterocloster_asparagiformis	9	9	1.0	-0.18466626284427334	0.18815925388111443	-0.1952908422875815	0.8888888888888888
S1_EXCLUDE_BCN12	ridge	s__GGB9760_SGB15374	9	9	1.0	-0.18692746080497288	0.18692746080497288	-0.1305180912667579	1.0
S1_EXCLUDE_BCN12	ridge	s__GGB3034_SGB4030	9	9	1.0	0.18689887418757825	0.18689887418757825	0.13986054415856666	1.0
S1_EXCLUDE_BCN12	ridge	s__Isoptericola_variabilis	9	9	1.0	0.18609960167563683	0.18609960167563683	0.2473461594306137	1.0
S1_EXCLUDE_BCN12	ridge	s__GGB9775_SGB15395	9	9	1.0	0.18584221936123144	0.18584221936123144	0.1461604938235626	1.0
S1_EXCLUDE_BCN12	ridge	s__GGB3256_SGB4303	9	9	1.0	-0.18535010890675008	0.1855092606357529	-0.10842263673826759	0.8888888888888888
S1_EXCLUDE_BCN12	ridge	s__Clostridium_sp_AM22_11AC	9	9	1.0	0.18542051692366637	0.18542051692366637	0.1276004750927858	1.0
S1_EXCLUDE_BCN12	ridge	s__Lachnotalea_sp_AF33_28	9	9	1.0	-0.185153558907615	0.185153558907615	-0.08701159313285287	1.0
S1_EXCLUDE_BCN12	ridge	s__Collinsella_SGB14987	9	9	1.0	0.18440109613027122	0.18440109613027122	0.1322212903857434	1.0
S1_EXCLUDE_BCN12	ridge	s__Actinomyces_sp_ph3	9	9	1.0	-0.183773429062061	0.183773429062061	-0.1462673202006973	1.0
S1_EXCLUDE_BCN12	ridge	s__GGB9707_SGB15229	9	9	1.0	-0.18160531076180933	0.18160531076180933	-0.1745666789023192	1.0
S1_EXCLUDE_BCN12	ridge	s__Neobittarella_massiliensis	9	9	1.0	-0.17876587685950918	0.17876587685950918	-0.10844455936480202	1.0
S1_EXCLUDE_BCN12	ridge	s__GGB1662_SGB2276	2	2	1.0	-0.17875624881739915	0.17875624881739915	-0.17875624881739915	1.0
S1_EXCLUDE_BCN12	ridge	s__GGB4566_SGB6305	9	9	1.0	0.17450717302555585	0.1784495472665898	0.1129903753183145	0.8888888888888888
S1_EXCLUDE_BCN12	ridge	s__GGB6612_SGB9346	9	9	1.0	-0.13232917028790459	0.1783808502386721	-0.07238013024115743	0.7777777777777778
S1_EXCLUDE_BCN12	ridge	s__GGB9747_SGB15356	9	9	1.0	-0.17782899056510706	0.17782899056510706	-0.06445828403416956	1.0
S1_EXCLUDE_BCN12	ridge	s__GGB3570_SGB4777	9	9	1.0	0.17774217948141663	0.17774217948141663	0.13549839791960863	1.0
S1_EXCLUDE_BCN12	ridge	s__Blautia_sp_Marseille_P3087	9	9	1.0	0.14826725969156168	0.1775857282552703	0.11332970421897533	0.8888888888888888
S1_EXCLUDE_BCN12	ridge	s__Dysosmobacter_welbionis	9	9	1.0	0.16694366441834077	0.1742432614423582	0.15014293806232287	0.8888888888888888
S1_EXCLUDE_BCN12	ridge	s__Pauljensenia_hongkongensis	2	2	1.0	-0.1740106527203328	0.1740106527203328	-0.1740106527203328	1.0
S1_EXCLUDE_BCN12	ridge	s__Collinsella_SGB15196	8	8	1.0	-0.17252048490791655	0.17359130952814328	-0.13827349902262046	0.875
S1_EXCLUDE_BCN12	ridge	s__GGB2980_SGB3962	9	9	1.0	0.1688659365684177	0.1725101720283794	0.14942207852850278	0.8888888888888888
S1_EXCLUDE_BCN12	ridge	s__GGB9635_SGB15106	9	9	1.0	0.17231216439733166	0.17231216439733166	0.06859864857782041	1.0
S1_EXCLUDE_BCN12	ridge	s__GGB9561_SGB14972	7	7	1.0	0.17206932822102905	0.17206932822102905	0.14986357469579745	1.0
S1_EXCLUDE_BCN12	ridge	s__GGB1495_SGB2071	4	4	1.0	-0.17205666124653032	0.17205666124653032	-0.14026543969520341	1.0
S1_EXCLUDE_BCN12	ridge	s__Cloacibacillus_evryensis	8	8	1.0	0.17146708829108104	0.17146708829108104	0.10159329799536386	1.0
S1_EXCLUDE_BCN12	ridge	s__GGB9524_SGB14923	1	1	1.0	-0.1714142434209273	0.1714142434209273	-0.1714142434209273	1.0
S1_EXCLUDE_BCN12	ridge	s__GGB9063_SGB13982	9	9	1.0	-0.17060755246345574	0.17060755246345574	-0.16207238561123333	1.0
S1_EXCLUDE_BCN12	ridge	s__GGB16040_SGB9347	9	9	1.0	0.1703538333288526	0.1703538333288526	0.1361812823036664	1.0
S1_EXCLUDE_BCN12	ridge	s__Anaeromassilibacillus_sp_An250	9	9	1.0	0.16988506814654214	0.16988506814654214	0.10946428418772487	1.0
S1_EXCLUDE_BCN12	ridge	s__Actinomyces_sp_ICM58	9	9	1.0	0.16987766048041497	0.16987766048041497	0.09559255598603479	1.0
S1_EXCLUDE_BCN12	ridge	s__Pseudoruminococcus_massiliensis	8	8	1.0	-0.16490618291854486	0.16970454385307615	-0.19212472103046502	0.875
S1_EXCLUDE_BCN12	ridge	s__GGB9361_SGB14336	8	8	1.0	0.16907657247620478	0.16907657247620478	0.18580729205714744	1.0
S1_EXCLUDE_BCN12	ridge	s__Catenibacterium_SGB4425	7	7	1.0	0.16784151600036618	0.16784151600036618	0.08664273451190635	1.0
S1_EXCLUDE_BCN12	ridge	s__GGB9713_SGB15249	9	9	1.0	-0.1655567757040578	0.16717217877570054	-0.19072354999798408	0.8888888888888888
S1_EXCLUDE_BCN12	ridge	s__Lactobacillus_gasseri	9	9	1.0	0.1665452889114197	0.1665452889114197	0.1081184104570367	1.0
S1_EXCLUDE_BCN12	ridge	s__Bifidobacterium_adolescentis	9	9	1.0	0.1665420630414593	0.1665420630414593	0.14407234501568875	1.0
S1_EXCLUDE_BCN12	ridge	s__Oscillibacter_sp_ER4	9	9	1.0	-0.16088319953402408	0.16602783185757364	-0.21577914299407416	0.8888888888888888
S1_EXCLUDE_BCN12	ridge	s__GGB9788_SGB15411	9	9	1.0	0.12573278801737228	0.1656361178289744	0.13521745775079155	0.8888888888888888
S1_EXCLUDE_BCN12	ridge	s__Bacteroides_salyersiae	9	9	1.0	0.16559798739680712	0.16559798739680712	0.21767238292498767	1.0
S1_EXCLUDE_BCN12	ridge	s__Alistipes_finegoldii	9	9	1.0	-0.16455827094743708	0.16455827094743708	-0.1157126705124681	1.0
S1_EXCLUDE_BCN12	ridge	s__Anaerobutyricum_soehngenii	9	9	1.0	-0.1048337439138518	0.16451229133466314	-0.10002750917740803	0.7777777777777778
S1_EXCLUDE_BCN12	ridge	s__Ellagibacter_isourolithinifaciens	9	9	1.0	-0.16427429313442385	0.16427429313442385	-0.10751827170427973	1.0
S1_EXCLUDE_BCN12	ridge	s__Romboutsia_timonensis	9	9	1.0	-0.15886366062026305	0.16375491329068695	-0.05524702459309291	0.7777777777777778
S1_EXCLUDE_BCN12	ridge	s__GGB35068_SGB47850	9	9	1.0	0.16302396773085948	0.16302396773085948	0.11371283244960559	1.0
S1_EXCLUDE_BCN12	ridge	s__GGB9522_SGB14921	9	9	1.0	-0.16242390004548046	0.16242390004548046	-0.11506518435187238	1.0
S1_EXCLUDE_BCN12	ridge	s__GGB9453_SGB14845	9	9	1.0	0.13606284618156203	0.16229708517578906	0.03798265156054848	0.7777777777777778
S1_EXCLUDE_BCN12	ridge	s__Blautia_hansenii	9	9	1.0	0.15381904680684175	0.16185074494420812	0.06761946241274208	0.8888888888888888
S1_EXCLUDE_BCN12	ridge	s__GGB2987_SGB3969	9	9	1.0	-0.16132690447457432	0.16132690447457432	-0.08194922235621388	1.0
S1_EXCLUDE_BCN12	ridge	s__Streptococcus_sanguinis	9	9	1.0	0.1605354487296506	0.1605354487296506	0.06386325007088642	1.0
S1_EXCLUDE_BCN12	ridge	s__Angelakisella_massiliensis	8	8	1.0	-0.15862696767329248	0.1596625909140659	-0.08151268321439435	0.875
S1_EXCLUDE_BCN12	ridge	s__GGB38744_SGB14842	9	9	1.0	-0.14686666576260066	0.15961433846236345	-0.09798857729915947	0.8888888888888888
S1_EXCLUDE_BCN12	ridge	s__GGB9781_SGB66170	9	9	1.0	0.15820270674446063	0.15820270674446063	0.11063728702220164	1.0
S1_EXCLUDE_BCN12	ridge	s__GGB3537_SGB4727	9	9	1.0	0.15022991806832484	0.1579939695103863	0.17092152614653658	0.8888888888888888
S1_EXCLUDE_BCN12	ridge	s__GGB3475_SGB4638	8	8	1.0	-0.09776722349431392	0.1573295587706815	0.013547109017517324	0.625
S1_EXCLUDE_BCN12	ridge	s__GGB9620_SGB15068	2	2	1.0	0.1568382406595883	0.1568382406595883	0.1568382406595883	1.0
S1_EXCLUDE_BCN12	ridge	s__Butyricimonas_paravirosa	9	9	1.0	0.15523442757509234	0.15678205516454097	0.09024406344558619	0.8888888888888888
S1_EXCLUDE_BCN12	ridge	s__Faecalitalea_cylindroides	9	9	1.0	-0.15643255752600166	0.15643255752600166	-0.09426677749107064	1.0
S1_EXCLUDE_BCN12	ridge	s__GGB9786_SGB15409	9	9	1.0	-0.15636446042777494	0.15636446042777494	-0.10336507298645116	1.0
S1_EXCLUDE_BCN12	ridge	s__GGB34900_SGB14891	9	9	1.0	0.15622785474627005	0.15622785474627005	0.10189856066502927	1.0
S1_EXCLUDE_BCN12	ridge	s__GGB9602_SGB15031	9	9	1.0	0.1479726053696506	0.1559832579568149	0.055439557298810796	0.8888888888888888
S1_EXCLUDE_BCN12	ridge	s__Eubacterium_sp_AF34_35BH	9	9	1.0	0.06264654342239813	0.15473115780345295	0.04606279001501289	0.6666666666666666
S1_EXCLUDE_BCN12	ridge	s__Oscillibacter_valericigenes	9	9	1.0	-0.1546276456529552	0.1546276456529552	-0.10157565480520764	1.0
S1_EXCLUDE_BCN12	ridge	s__Bifidobacterium_animalis	9	9	1.0	0.15438986147725847	0.15438986147725847	0.058718597197199	1.0
S1_EXCLUDE_BCN12	ridge	s__GGB9453_SGB14844	9	9	1.0	0.15378460742693806	0.15378460742693806	0.05539757627536145	1.0
S1_EXCLUDE_BCN12	ridge	s__Clostridium_sp_1001270J_160509_D11	9	9	1.0	0.021727549397136527	0.15288185877714933	0.0181497890559574	0.6666666666666666
S1_EXCLUDE_BCN12	ridge	s__Veillonella_rogosae	4	4	1.0	-0.1527951679313021	0.1527951679313021	-0.08262926720457738	1.0
S1_EXCLUDE_BCN12	ridge	s__Alloscardovia_omnicolens	9	9	1.0	-0.11203577571727011	0.15271626312416303	-0.05319761391293949	0.8888888888888888
S1_EXCLUDE_BCN12	ridge	s__Pseudoflavonifractor_capillosus	9	9	1.0	0.14383036235479757	0.15179172587553813	0.11576870660314689	0.8888888888888888
S1_EXCLUDE_BCN12	ridge	s__Lancefieldella_parvula	9	9	1.0	-0.1428400787152812	0.1515970764320883	-0.07831208806027704	0.8888888888888888
S1_EXCLUDE_BCN12	ridge	s__Haemophilus_parainfluenzae	9	9	1.0	0.14289715698702754	0.1509547847830855	0.08239426333826091	0.6666666666666666
S1_EXCLUDE_BCN12	ridge	s__Limosilactobacillus_fermentum	9	9	1.0	0.15017566965001494	0.15017566965001494	0.11378653237755285	1.0
S1_EXCLUDE_BCN12	ridge	s__GGB3534_SGB4722	9	9	1.0	-0.14057761941538222	0.1487526171107379	-0.05499123002275752	0.8888888888888888
S1_EXCLUDE_BCN12	ridge	s__GGB45432_SGB63101	9	9	1.0	-0.12254515549773387	0.14843248761015018	-0.07958375035009237	0.8888888888888888
S1_EXCLUDE_BCN12	ridge	s__Slackia_isoflavoniconvertens	9	9	1.0	-0.14836700741008327	0.14836700741008327	-0.06793821568378094	1.0
S1_EXCLUDE_BCN12	ridge	s__Waltera_intestinalis	9	9	1.0	0.14810375782219862	0.14810375782219862	0.12034998923466306	1.0
S1_EXCLUDE_BCN12	ridge	s__GGB3819_SGB5184	9	9	1.0	-0.1377870404692566	0.1464420443189115	-0.1410676742338182	0.8888888888888888
S1_EXCLUDE_BCN12	ridge	s__Bifidobacterium_pseudocatenulatum	9	9	1.0	0.14631299569558737	0.14631299569558737	0.1365440117715896	1.0
S1_EXCLUDE_BCN12	ridge	s__Butyricicoccus_sp_AM29_23AC	9	9	1.0	0.1457492286545015	0.1457492286545015	0.0881762069012147	1.0
S1_EXCLUDE_BCN12	ridge	s__Actinomyces_oris	9	9	1.0	-0.14519732559954876	0.14519732559954876	-0.06574090285991367	1.0
S1_EXCLUDE_BCN12	ridge	s__Prevotella_copri_clade_A	9	9	1.0	-0.1382234988275831	0.14456665182408465	-0.08424396254103271	0.7777777777777778
S1_EXCLUDE_BCN12	ridge	s__Coprococcus_SGB4669	9	9	1.0	-0.11711065224739753	0.14416750584841087	-0.06138436640942765	0.8888888888888888
S1_EXCLUDE_BCN12	ridge	s__Solibaculum_mannosilyticum	9	9	1.0	-0.09538329733766165	0.14404039689528353	-0.03019078893271135	0.6666666666666666
S1_EXCLUDE_BCN12	ridge	s__Clostridium_sp_AM33_3	9	9	1.0	-0.13348286754331695	0.1438052475245913	-0.07605993728265288	0.6666666666666666
S1_EXCLUDE_BCN12	ridge	s__Mogibacterium_diversum	9	9	1.0	0.14184364514875408	0.1432874313696499	0.08513834395051277	0.7777777777777778
S1_EXCLUDE_BCN12	ridge	s__Collinsella_SGB4121	9	9	1.0	-0.14203876754874892	0.14280331584965855	-0.12666857611158314	0.8888888888888888
S1_EXCLUDE_BCN12	ridge	s__GGB9512_SGB14909	9	9	1.0	-0.12151873990003777	0.14254267478154156	-0.12435763552974927	0.8888888888888888
S1_EXCLUDE_BCN12	ridge	s__GGB9296_SGB14253	9	9	1.0	0.14201947191894057	0.14201947191894057	0.16658255235448774	1.0
S1_EXCLUDE_BCN12	ridge	s__Dialister_invisus	9	9	1.0	0.1326443774721798	0.14001866950122216	0.07008319670196288	0.8888888888888888
S1_EXCLUDE_BCN12	ridge	s__Clostridium_perfringens	8	8	1.0	-0.042047201202754035	0.13982165528539273	-0.026980314107163214	0.875
S1_EXCLUDE_BCN12	ridge	s__Barnesiella_intestinihominis	9	9	1.0	0.12319494725940376	0.13956684229243893	0.08723796156803999	0.8888888888888888
S1_EXCLUDE_BCN12	ridge	s__Collinsella_aerofaciens	9	9	1.0	-0.1392090087624405	0.1392090087624405	-0.10030609146027872	1.0
S1_EXCLUDE_BCN12	ridge	s__GGB4599_SGB6362	7	7	1.0	0.02734305702251639	0.13892543346551164	0.014318280420342755	0.5714285714285714
S1_EXCLUDE_BCN12	ridge	s__Erysipelatoclostridium_ramosum	9	9	1.0	-0.1386400446113409	0.1386400446113409	-0.06719923280595418	1.0
S1_EXCLUDE_BCN12	ridge	s__GGB9781_SGB15402	9	9	1.0	0.13768798081687322	0.13768798081687322	0.05215381012748728	1.0
S1_EXCLUDE_BCN12	ridge	s__Christensenella_hongkongensis	9	9	1.0	0.12296020030501624	0.13539817057350143	0.08795846140608644	0.7777777777777778
S1_EXCLUDE_BCN12	ridge	s__Eubacterium_SGB4961	9	9	1.0	-0.12445442495444808	0.13445836659217705	-0.07965510932961513	0.6666666666666666
S1_EXCLUDE_BCN12	ridge	s__GGB33469_SGB15237	9	9	1.0	-0.1343258742631733	0.1343258742631733	-0.10272599522753645	1.0
S1_EXCLUDE_BCN12	ridge	s__GGB9524_SGB14924	9	9	1.0	0.07721104980751915	0.13429128304011598	0.03343994091762411	0.7777777777777778
S1_EXCLUDE_BCN12	ridge	s__GGB34228_SGB72916	4	4	1.0	0.008762843654203429	0.1342285850235783	0.004393630956173213	0.5
S1_EXCLUDE_BCN12	ridge	s__GGB9602_SGB15028	9	9	1.0	-0.13122856091675067	0.1342114932959819	-0.07768466372593677	0.8888888888888888
S1_EXCLUDE_BCN12	ridge	s__Eubacterium_callanderi	6	6	1.0	0.0850668003637486	0.13394441620562988	0.025543646575269835	0.8333333333333334
S1_EXCLUDE_BCN12	ridge	s__Turicibacter_sanguinis	9	9	1.0	0.12425641042171964	0.13393631003745604	0.05235331414060293	0.8888888888888888
S1_EXCLUDE_BCN12	ridge	s__Methanobrevibacter_smithii	9	9	1.0	-0.11700798378701835	0.13338994808429208	-0.07260514260615679	0.7777777777777778
S1_EXCLUDE_BCN12	ridge	s__Actinomyces_dentalis	2	2	1.0	-0.1328156964803205	0.1328156964803205	-0.1328156964803205	1.0
S1_EXCLUDE_BCN12	ridge	s__Christensenella_minuta	9	9	1.0	-0.1317021852165248	0.1318352750922514	-0.09678896761399719	0.8888888888888888
S1_EXCLUDE_BCN12	ridge	s__Sanguibacter_SGB15121	9	9	1.0	-0.13005381962765988	0.13141271849885863	-0.08552451347316684	0.8888888888888888
S1_EXCLUDE_BCN12	ridge	s__Alistipes_ihumii	9	9	1.0	0.1202948500492371	0.1308576269090256	0.0753712835874516	0.5555555555555556
S1_EXCLUDE_BCN12	ridge	s__Lachnospira_sp_NSJ_43	9	9	1.0	0.11146024294123909	0.13073680862110942	0.06046669961692154	0.6666666666666666
S1_EXCLUDE_BCN12	ridge	s__Dysosmobacter_sp_BX15	9	9	1.0	0.08450159738495686	0.130635433740845	0.09698200071615173	0.8888888888888888
S1_EXCLUDE_BCN12	ridge	s__Clostridium_sp_AT4	9	9	1.0	0.12464384059342229	0.13055269000424652	0.05554345694958217	0.8888888888888888
S1_EXCLUDE_BCN12	ridge	s__Lachnospira_pectinoschiza	9	9	1.0	-0.04613380920520673	0.13037386551022098	-0.007211780728944426	0.6666666666666666
S1_EXCLUDE_BCN12	ridge	s__Streptococcus_infantis	9	9	1.0	-0.12992185243213614	0.12992185243213614	-0.10169068946880233	1.0
S1_EXCLUDE_BCN12	ridge	s__Cuneatibacter_caecimuris	8	8	1.0	0.12067481571249764	0.1298706246795905	0.0538835623283692	0.875
S1_EXCLUDE_BCN12	ridge	s__Alistipes_dispar	9	9	1.0	-0.12538046892467608	0.12949971574359967	-0.03826551995344313	0.8888888888888888
S1_EXCLUDE_BCN12	ridge	s__Alistipes_SGB2313	5	5	1.0	-0.12896543032847757	0.12896543032847757	-0.06147832932514698	1.0
S1_EXCLUDE_BCN12	ridge	s__GGB2998_SGB3989	9	9	1.0	0.12835374753895593	0.12835374753895593	0.07821003549710241	1.0
S1_EXCLUDE_BCN12	ridge	s__Holdemania_massiliensis	9	9	1.0	-0.12773700080051104	0.12811340601800553	-0.08299235604744308	0.8888888888888888
S1_EXCLUDE_BCN12	ridge	s__GGB77437_SGB9391	9	9	1.0	0.12762006407405618	0.12762006407405618	0.09548360184440735	1.0
S1_EXCLUDE_BCN12	ridge	s__GGB79734_SGB15291	9	9	1.0	-0.1194820611457491	0.12756525960958295	-0.04258753888241303	0.7777777777777778
S1_EXCLUDE_BCN12	ridge	s__GGB9635_SGB15103	2	2	1.0	-0.12656766035183978	0.12656766035183978	-0.12656766035183978	1.0
S1_EXCLUDE_BCN12	ridge	s__Bittarella_massiliensis	9	9	1.0	-0.12021451971248769	0.1265249274586685	-0.08975850121082993	0.8888888888888888
S1_EXCLUDE_BCN12	ridge	s__Parabacteroides_goldsteinii	9	9	1.0	-0.11909290221737222	0.12600738312615034	-0.07351672955056972	0.8888888888888888
S1_EXCLUDE_BCN12	ridge	s__GGB9708_SGB15234	9	9	1.0	0.12174785007148668	0.12597039448233216	0.10881203945089495	0.8888888888888888
S1_EXCLUDE_BCN12	ridge	s__Veillonella_dispar	9	9	1.0	-0.044746298986108095	0.12473821319003463	-0.050920165222283244	0.8888888888888888
S1_EXCLUDE_BCN12	ridge	s__Desulfovibrio_SGB5077	9	9	1.0	0.12420011879355239	0.12420011879355239	0.0639683510120339	1.0
S1_EXCLUDE_BCN12	ridge	s__Clostridium_sp_AM49_4BH	9	9	1.0	-0.12406876096781902	0.12406876096781902	-0.07560248080157525	1.0
S1_EXCLUDE_BCN12	ridge	s__Clostridium_saudiense	9	9	1.0	-0.1235375605282475	0.1235375605282475	-0.06547117224541321	1.0
S1_EXCLUDE_BCN12	ridge	s__Actinomyces_SGB17163	8	8	1.0	0.06994061512574015	0.12327066288289018	0.04800645394285662	0.875
S1_EXCLUDE_BCN12	ridge	s__GGB79916_SGB4587	6	6	1.0	-0.09748188638603546	0.12250783453672331	-0.06319711587641516	0.6666666666666666
S1_EXCLUDE_BCN12	ridge	s__Mogibacterium_kristiansenii	9	9	1.0	0.06584745700211454	0.12237961341485921	0.05250168240768641	0.6666666666666666
S1_EXCLUDE_BCN12	ridge	s__Phascolarctobacterium_SGB4573	9	9	1.0	0.12222281514462335	0.12222281514462335	0.06839612009222483	1.0
S1_EXCLUDE_BCN12	ridge	s__Holdemania_sp_1001095H_141210_F2	9	9	1.0	0.030427563669641538	0.12207277148681046	0.06459159514351392	0.7777777777777778
S1_EXCLUDE_BCN12	ridge	s__Alistipes_indistinctus	9	9	1.0	-0.11366303170333386	0.12178186102110582	-0.03627107044768982	0.8888888888888888
S1_EXCLUDE_BCN12	ridge	s__GGB1420_SGB1957	6	6	1.0	-0.12171163081739515	0.12171163081739515	-0.10336495306238763	1.0
S1_EXCLUDE_BCN12	ridge	s__Clostridium_sp_Marseille_P3244	9	9	1.0	0.11808318730446393	0.12075062359946395	0.12489395441537486	0.6666666666666666
S1_EXCLUDE_BCN12	ridge	s__Victivallis_lenta	5	5	1.0	-0.08173523204842217	0.12051800640547232	-0.026212772914148637	0.6
S1_EXCLUDE_BCN12	ridge	s__GGB9646_SGB15123	9	9	1.0	-0.03563018335950319	0.11956735127969033	-0.059457498581255395	0.7777777777777778
S1_EXCLUDE_BCN12	ridge	s__GGB9501_SGB14898	9	9	1.0	0.11369764570212304	0.11907360753370828	0.06987195848937812	0.8888888888888888
S1_EXCLUDE_BCN12	ridge	s__GGB3463_SGB4621	4	4	1.0	-0.11905145263543748	0.11905145263543748	-0.07430656052970158	1.0
S1_EXCLUDE_BCN12	ridge	s__Ruminococcus_bromii	9	9	1.0	-0.06806063583939595	0.11874719956762364	-0.03129627883998243	0.6666666666666666
S1_EXCLUDE_BCN12	ridge	s__Clostridium_sp_AF36_4	9	9	1.0	-0.10576899940065292	0.118694539226819	-0.04851912214606095	0.8888888888888888
S1_EXCLUDE_BCN12	ridge	s__Actinomyces_bouchesdurhonensis	8	8	1.0	0.054023378060761275	0.11841130994830645	0.05914657699831899	0.875
S1_EXCLUDE_BCN12	ridge	s__Streptococcus_SGB15012	9	9	1.0	0.11258777855140238	0.11840941231950129	0.06755705557485028	0.7777777777777778
S1_EXCLUDE_BCN12	ridge	s__GGB9699_SGB15216	9	9	1.0	0.1154293296373768	0.11831573986817251	0.07402522858667708	0.7777777777777778
S1_EXCLUDE_BCN12	ridge	s__Actinomyces_SGB17168	9	9	1.0	0.1058102960165579	0.11828277781105556	0.10015959532931168	0.7777777777777778
S1_EXCLUDE_BCN12	ridge	s__Eubacterium_ramulus	9	9	1.0	-0.11801555944877361	0.11801555944877361	-0.12345164449186624	1.0
S1_EXCLUDE_BCN12	ridge	s__Ruminococcus_SGB4421	9	9	1.0	0.11789299791925438	0.1179556129052968	0.1904266453186554	0.8888888888888888
S1_EXCLUDE_BCN12	ridge	s__GGB3588_SGB4808	9	9	1.0	0.0900488496976491	0.11738663343445814	0.044135883662632006	0.5555555555555556
S1_EXCLUDE_BCN12	ridge	s__GGB33469_SGB15236	9	9	1.0	-0.09388850014858174	0.11654313480049276	-0.026842802509082362	0.8888888888888888
S1_EXCLUDE_BCN12	ridge	s__Candidatus_Nanosynsacchari_sp_TM7_ANC_38_39_G1_1	6	6	1.0	-0.09485861216779279	0.11579538840961058	-0.012750023074446006	0.6666666666666666
S1_EXCLUDE_BCN12	ridge	s__GGB51510_SGB71883	9	9	1.0	-0.11127505541023743	0.11531121320291571	-0.0866343151932688	0.8888888888888888
S1_EXCLUDE_BCN12	ridge	s__GGB9765_SGB15382	9	9	1.0	0.09522250426098405	0.11514773888653268	0.04752484799040641	0.7777777777777778
S1_EXCLUDE_BCN12	ridge	s__Longibaculum_muris	7	7	1.0	0.1147225579086125	0.1147225579086125	0.07652136687826618	1.0
S1_EXCLUDE_BCN12	ridge	s__Dorea_longicatena	9	9	1.0	-0.10803045027066646	0.11425929723999458	-0.08610134654132397	0.8888888888888888
S1_EXCLUDE_BCN12	ridge	s__Ruminococcus_gnavus	9	9	1.0	0.10733509370111682	0.11424776000317352	0.0830690841809173	0.8888888888888888
S1_EXCLUDE_BCN12	ridge	s__GGB9766_SGB15383	9	9	1.0	0.09430818643518614	0.11372336850573822	0.04692768458747219	0.8888888888888888
S1_EXCLUDE_BCN12	ridge	s__Blautia_glucerasea	9	9	1.0	0.08929042928924345	0.11370994229862443	0.00798900016870254	0.5555555555555556
S1_EXCLUDE_BCN12	ridge	s__GGB9770_SGB15389	9	9	1.0	0.07700081459317316	0.1135045164102405	0.04242202835094194	0.8888888888888888
S1_EXCLUDE_BCN12	ridge	s__GGB3000_SGB3991	9	9	1.0	-0.07888653194563286	0.11334018000689627	-0.010418049612415122	0.5555555555555556
S1_EXCLUDE_BCN12	ridge	s__Clostridium_sp_AF27_2AA	9	9	1.0	-0.05523279790329363	0.11281548481807208	-0.03873464917575026	0.6666666666666666
S1_EXCLUDE_BCN12	ridge	s__GGB9342_SGB14306	9	9	1.0	-0.0962190548679173	0.11254309466742009	-0.015758148168629	0.7777777777777778
S1_EXCLUDE_BCN12	ridge	s__Bacteroides_caccae	9	9	1.0	-0.0827682298607386	0.11248827553364807	-0.01441681674883009	0.5555555555555556
S1_EXCLUDE_BCN12	ridge	s__GGB9621_SGB15073	9	9	1.0	-0.07344120677652002	0.11219882447151036	-0.07983985147979393	0.7777777777777778
S1_EXCLUDE_BCN12	ridge	s__GGB52106_SGB72838	9	9	1.0	-0.11190269273188472	0.11190269273188472	-0.04753533763491626	1.0
S1_EXCLUDE_BCN12	ridge	s__Streptococcus_australis	9	9	1.0	0.10639929492951179	0.11158141682309194	0.07799625250126958	0.6666666666666666
S1_EXCLUDE_BCN12	ridge	s__Clostridium_fessum	9	9	1.0	0.11147214986600064	0.11147214986600064	0.09966172413981846	1.0
S1_EXCLUDE_BCN12	ridge	s__Ruminococcus_sp_NSJ_13	9	9	1.0	-0.06630594018761392	0.111363770918027	-0.03801612859870663	0.8888888888888888
S1_EXCLUDE_BCN12	ridge	s__Anaerobutyricum_hallii	9	9	1.0	-0.08848020448433289	0.11001627459596433	-0.03898239580027134	0.6666666666666666
S1_EXCLUDE_BCN12	ridge	s__GGB51647_SGB4348	9	9	1.0	-0.0048175557247096094	0.10978073013093535	0.030905849039856624	0.6666666666666666
S1_EXCLUDE_BCN12	ridge	s__Clostridium_spiroforme	9	9	1.0	0.033858393290126354	0.10857416858770874	-0.030860077077740036	0.5555555555555556
S1_EXCLUDE_BCN12	ridge	s__Coprobacter_secundus	9	9	1.0	0.0019349916749080338	0.10793297555942177	-0.0007440175690120069	0.5555555555555556
S1_EXCLUDE_BCN12	ridge	s__Ruminococcus_sp_BSD2780120874_150323_B10	9	9	1.0	-0.09609224337778859	0.10747304065155314	-0.04256542654062839	0.7777777777777778
S1_EXCLUDE_BCN12	ridge	s__Bacteroides_clarus	9	9	1.0	-0.025535552114483544	0.1073939396225433	-0.03596935943647196	0.6666666666666666
S1_EXCLUDE_BCN12	ridge	s__Catenibacillus_scindens	9	9	1.0	-0.09947667067866021	0.1071689300936904	-0.09064647389089774	0.8888888888888888
S1_EXCLUDE_BCN12	ridge	s__Vescimonas_fastidiosa	4	4	1.0	-0.10082483793889449	0.10620003401058029	-0.10494936459269176	0.75
S1_EXCLUDE_BCN12	ridge	s__Clostridium_sp_AF12_28	9	9	1.0	-0.09047100130600373	0.10583995739541208	-0.09503675152851529	0.8888888888888888
S1_EXCLUDE_BCN12	ridge	s__GGB2977_SGB3959	9	9	1.0	-0.10450226382559005	0.1057950356820822	-0.08759755264145454	0.8888888888888888
S1_EXCLUDE_BCN12	ridge	s__Granulicatella_SGB8255	9	9	1.0	-0.06393468468821024	0.10557508548040927	-0.02876946267685689	0.6666666666666666
S1_EXCLUDE_BCN12	ridge	s__GGB51959_SGB72479	9	9	1.0	-0.0455859974120451	0.10505178857630112	-0.02749969663033003	0.5555555555555556
S1_EXCLUDE_BCN12	ridge	s__GGB9790_SGB15413	9	9	1.0	-0.007592359906663531	0.10473217827123751	0.004858591893177059	0.5555555555555556
S1_EXCLUDE_BCN12	ridge	s__Butyricimonas_SGB15260	9	9	1.0	-0.09906294377435579	0.10472239567315084	-0.04174003410286225	0.8888888888888888
S1_EXCLUDE_BCN12	ridge	s__GGB2653_SGB3574	9	9	1.0	0.10296612501894857	0.10454969704977485	0.040773114462078895	0.8888888888888888
S1_EXCLUDE_BCN12	ridge	s__Corynebacterium_durum	8	8	1.0	0.10443349338689734	0.10443349338689734	0.04851733164783348	1.0
S1_EXCLUDE_BCN12	ridge	s__Klebsiella_pneumoniae	9	9	1.0	0.08311756998152597	0.10440805270781857	0.050791816493811086	0.5555555555555556
S1_EXCLUDE_BCN12	ridge	s__Clostridium_butyricum	9	9	1.0	0.0034633945160879483	0.10382185340054072	0.0021632146409320163	0.5555555555555556
S1_EXCLUDE_BCN12	ridge	s__Actinomyces_massiliensis	8	8	1.0	0.06390117029000691	0.10366827938651343	0.0562214083246364	0.875
S1_EXCLUDE_BCN12	ridge	s__Coprococcus_catus	9	9	1.0	-0.007343537341822504	0.1036527239258092	-0.005570068797295301	0.5555555555555556
S1_EXCLUDE_BCN12	ridge	s__GGB3304_SGB4367	9	9	1.0	-0.10334617993541455	0.10334617993541455	-0.05222527304615279	1.0
S1_EXCLUDE_BCN12	ridge	s__Emergencia_timonensis	8	8	1.0	0.044848089135512165	0.10258309389099406	0.01412143663314621	0.5
S1_EXCLUDE_BCN12	ridge	s__GGB3167_SGB4181	9	9	1.0	-0.06555966209100318	0.10251555854698302	-0.02589577741359056	0.6666666666666666
S1_EXCLUDE_BCN12	ridge	s__GGB9818_SGB15459	9	9	1.0	0.06631132493441713	0.10245511698855665	0.056971528220060456	0.8888888888888888
S1_EXCLUDE_BCN12	ridge	s__GGB9782_SGB15403	9	9	1.0	-0.09525568105024884	0.10191904522942069	-0.04609433826794305	0.7777777777777778
S1_EXCLUDE_BCN12	ridge	s__Monoglobus_pectinilyticus	9	9	1.0	-0.0888454748855954	0.10189925654637157	-0.03738518482617335	0.8888888888888888
S1_EXCLUDE_BCN12	ridge	s__GGB79630_SGB13983	9	9	1.0	-0.031616005502078555	0.10130936462801746	-0.006013132672067809	0.5555555555555556
S1_EXCLUDE_BCN12	ridge	s__GGB9719_SGB15273	9	9	1.0	0.09916701820113694	0.10128977099505239	0.0377854138429663	0.8888888888888888
S1_EXCLUDE_BCN12	ridge	s__GGB9634_SGB15093	9	9	1.0	-0.10111313855460193	0.10111313855460193	-0.06836879817170823	1.0
S1_EXCLUDE_BCN12	ridge	s__Coprococcus_eutactus	9	9	1.0	0.029720329132615977	0.10108717141447861	0.03637865494786572	0.6666666666666666
S1_EXCLUDE_BCN12	ridge	s__Solobacterium_SGB6829	7	7	1.0	-0.022023690768381867	0.10078000751363288	0.011181143705791454	0.5714285714285714
S1_EXCLUDE_BCN12	ridge	s__Hydrogeniiclostidium_mannosilyticum	9	9	1.0	-0.06675708209867552	0.1007551234623258	-0.02356216129816513	0.7777777777777778
S1_EXCLUDE_BCN12	ridge	s__Butyricimonas_virosa	9	9	1.0	-0.09295103796956197	0.10036920630518399	-0.11270879129676903	0.7777777777777778
S1_EXCLUDE_BCN12	ridge	s__Roseburia_sp_BX1005	9	9	1.0	-0.08701511023333489	0.10008116241731976	-0.05072834272663439	0.7777777777777778
S1_EXCLUDE_BCN12	ridge	s__GGB3109_SGB4119	9	9	1.0	0.09920645886373153	0.0999803213858004	0.06884412579945831	0.8888888888888888
S1_EXCLUDE_BCN12	ridge	s__GGB9708_SGB15233	9	9	1.0	-0.015547204791589449	0.09991861560414922	-0.012301887961859236	0.6666666666666666
S1_EXCLUDE_BCN12	ridge	s__Streptococcus_anginosus	9	9	1.0	0.07370453490711687	0.09955420551994051	0.026815790094867523	0.8888888888888888
S1_EXCLUDE_BCN12	ridge	s__Collinsella_intestinalis	8	8	1.0	-0.05555984333772219	0.09923011987704097	-0.024307651757546737	0.75
S1_EXCLUDE_BCN12	ridge	s__GGB3033_SGB4029	9	9	1.0	-0.04681149361110994	0.09915435106133476	-0.02521979608902748	0.7777777777777778
S1_EXCLUDE_BCN12	ridge	s__Propionibacterium_acidifaciens	7	7	1.0	-0.09615334491703324	0.09889296357058416	-0.02727564086534971	0.8571428571428571
S1_EXCLUDE_BCN12	ridge	s__Gordonibacter_urolithinfaciens	9	9	1.0	-0.06282805343944466	0.09737452764375464	-0.028429945580862714	0.7777777777777778
S1_EXCLUDE_BCN12	ridge	s__Clostridium_sp_AF34_13	9	9	1.0	0.0735868354878198	0.09723487516904629	0.01202312845265586	0.6666666666666666
S1_EXCLUDE_BCN12	ridge	s__Holdemanella_porci	9	9	1.0	0.09707208153142442	0.09707208153142442	0.11479274411338586	1.0
S1_EXCLUDE_BCN12	ridge	s__Massiliimalia_massiliensis	9	9	1.0	-0.09505868122587507	0.09619843362516155	-0.04478067387556767	0.8888888888888888
S1_EXCLUDE_BCN12	ridge	s__Eubacterium_SGB6276	9	9	1.0	-0.04725541906446939	0.09550957562225916	-0.02977620929085601	0.7777777777777778
S1_EXCLUDE_BCN12	ridge	s__Senegalimassilia_anaerobia	9	9	1.0	-0.012947376576213037	0.09547532917922692	-0.014213306859846899	0.7777777777777778
S1_EXCLUDE_BCN12	ridge	s__GGB42389_SGB59559	9	9	1.0	-0.051764702048439616	0.09542558631311811	-0.020433412447086716	0.7777777777777778
S1_EXCLUDE_BCN12	ridge	s__Blautia_hydrogenotrophica	9	9	1.0	-0.09461539073643949	0.09461539073643949	-0.07249683897380561	1.0
S1_EXCLUDE_BCN12	ridge	s__GGB3619_SGB4894	9	9	1.0	-0.09451020174702675	0.09451020174702675	-0.047971810692057595	1.0
S1_EXCLUDE_BCN12	ridge	s__Enterocloster_clostridioformis	9	9	1.0	-0.08730790883422178	0.09389616786963931	-0.09593290271344479	0.8888888888888888
S1_EXCLUDE_BCN12	ridge	s__Massilimicrobiota_sp_An134	9	9	1.0	-0.010309644599999222	0.09368002161097397	-0.008586353638958637	0.7777777777777778
S1_EXCLUDE_BCN12	ridge	s__Merdimonas_faecis	9	9	1.0	0.026910153223024143	0.09360696946691098	0.027508930887063587	0.7777777777777778
S1_EXCLUDE_BCN12	ridge	s__Holdemanella_biformis	4	4	1.0	-0.008954748159721738	0.093544375073794	0.03248702326059647	0.5
S1_EXCLUDE_BCN12	ridge	s__Alistipes_communis	9	9	1.0	0.028950060661545967	0.09317195623391135	0.02686676379338976	0.6666666666666666
S1_EXCLUDE_BCN12	ridge	s__Ruminococcus_sp_AF41_9	8	8	1.0	0.09202852714321685	0.09312250807509886	0.040726089500310945	0.875
S1_EXCLUDE_BCN12	ridge	s__Hydrogenoanaerobacterium_saccharovorans	9	9	1.0	0.08499614843344011	0.0925420279159423	0.04171971111963492	0.8888888888888888
S1_EXCLUDE_BCN12	ridge	s__Enterocloster_SGB14313	9	9	1.0	-0.03988970107756715	0.09238565218172085	-0.0061858329581667955	0.5555555555555556
S1_EXCLUDE_BCN12	ridge	s__GGB2958_SGB3940	9	9	1.0	-0.0783231600615095	0.09230809116201869	-0.07676065313776985	0.6666666666666666
S1_EXCLUDE_BCN12	ridge	s__Akkermansia_muciniphila	9	9	1.0	-0.044942503573319324	0.09220655628168115	-0.02961170063635072	0.6666666666666666
S1_EXCLUDE_BCN12	ridge	s__GGB3005_SGB3996	9	9	1.0	-0.008994306562372573	0.09145203279294306	-0.016186022934824452	0.6666666666666666
S1_EXCLUDE_BCN12	ridge	s__Bacteroides_cellulosilyticus	9	9	1.0	-0.08188035060662552	0.08996407495432385	-0.06436883424617494	0.8888888888888888
S1_EXCLUDE_BCN12	ridge	s__Blautia_obeum	9	9	1.0	-0.08984798182390016	0.08984798182390016	-0.06974917895288403	1.0
S1_EXCLUDE_BCN12	ridge	s__Clostridium_SGB4909	9	9	1.0	0.014461731838813404	0.08928859672020616	0.018271708547013023	0.5555555555555556
S1_EXCLUDE_BCN12	ridge	s__Dorea_sp_AF24_7LB	9	9	1.0	-0.0326035528637941	0.0889318505269911	-0.030235966913814055	0.6666666666666666
S1_EXCLUDE_BCN12	ridge	s__GGB9290_SGB14247	1	1	1.0	0.08859168317602305	0.08859168317602305	0.08859168317602305	1.0
S1_EXCLUDE_BCN12	ridge	s__GGB2848_SGB3813	9	9	1.0	-0.08366186089449441	0.0881151334309541	-0.054385617281353285	0.8888888888888888
S1_EXCLUDE_BCN12	ridge	s__Lacrimispora_amygdalina	9	9	1.0	0.02753794750785392	0.08810059648680095	0.008871065926458848	0.7777777777777778
S1_EXCLUDE_BCN12	ridge	s__Anaerotignum_faecicola	9	9	1.0	-0.03132945899571542	0.08782504901996104	-0.05589538377930055	0.7777777777777778
S1_EXCLUDE_BCN12	ridge	s__GGB10485_SGB49305	8	8	1.0	0.08773771834380106	0.08773771834380106	0.06537721898219184	1.0
S1_EXCLUDE_BCN12	ridge	s__Mogibacterium_sp_BX12	9	9	1.0	-0.07862952140900639	0.08725114938654625	-0.03679547003393247	0.7777777777777778
S1_EXCLUDE_BCN12	ridge	s__Anaerostipes_caccae	9	9	1.0	0.08067287433773664	0.08721294843330787	0.002932434775101962	0.6666666666666666
S1_EXCLUDE_BCN12	ridge	s__Anaerococcus_SGB53821	9	9	1.0	-0.08622363155694307	0.08622363155694307	-0.04337331392650925	1.0
S1_EXCLUDE_BCN12	ridge	s__Eubacterium_ventriosum	9	9	1.0	-0.06910150094704669	0.0858868306181382	-0.02870694982318365	0.5555555555555556
S1_EXCLUDE_BCN12	ridge	s__Enterococcus_faecium	9	9	1.0	-0.07782300201015396	0.08574664000112295	-0.04410695666759012	0.7777777777777778
S1_EXCLUDE_BCN12	ridge	s__Acidaminococcus_intestini	9	9	1.0	0.08003801182007513	0.08568312541615793	0.04324813700894406	0.8888888888888888
S1_EXCLUDE_BCN12	ridge	s__Phascolarctobacterium_succinatutens	9	9	1.0	0.08566761438638652	0.08566761438638652	0.03319629075407314	1.0
S1_EXCLUDE_BCN12	ridge	s__GGB3653_SGB4964	9	9	1.0	-0.03175575955263085	0.08517364062252854	-0.030021111342550824	0.5555555555555556
S1_EXCLUDE_BCN12	ridge	s__GGB1266_SGB1699	9	9	1.0	0.02309766036328507	0.084925698099348	0.014664828516635234	0.6666666666666666
S1_EXCLUDE_BCN12	ridge	s__Ruminococcus_torques	9	9	1.0	0.05693363367022339	0.08491640418436337	0.020720205976277658	0.6666666666666666
S1_EXCLUDE_BCN12	ridge	s__Roseburia_inulinivorans	9	9	1.0	-0.05566791163140757	0.08482124228246841	-0.02601982834284389	0.7777777777777778
S1_EXCLUDE_BCN12	ridge	s__GGB42994_SGB4746	9	9	1.0	-0.03501602274913762	0.08446064432941583	-0.0015239474139940412	0.5555555555555556
S1_EXCLUDE_BCN12	ridge	s__GGB9712_SGB15244	9	9	1.0	-0.07418297314633635	0.08436901584039151	-0.027629147174156023	0.8888888888888888
S1_EXCLUDE_BCN12	ridge	s__Flavonifractor_plautii	9	9	1.0	0.07738352068007286	0.08435049851783417	0.04848832001143126	0.8888888888888888
S1_EXCLUDE_BCN12	ridge	s__Bilophila_wadsworthia	9	9	1.0	-0.053186408854937896	0.08420131839741427	-0.05909380136553879	0.7777777777777778
S1_EXCLUDE_BCN12	ridge	s__Clostridium_SGB4750	9	9	1.0	0.08404806103428625	0.08404806103428625	0.09752822613881827	1.0
S1_EXCLUDE_BCN12	ridge	s__Bacteroides_SGB15210	1	1	1.0	-0.08392539669839856	0.08392539669839856	-0.08392539669839856	1.0
S1_EXCLUDE_BCN12	ridge	s__Roseburia_sp_AM16_25	9	9	1.0	0.03708149714792811	0.08315100941868529	0.04281169583197272	0.7777777777777778
S1_EXCLUDE_BCN12	ridge	s__Alistipes_shahii	9	9	1.0	-0.03429213342787122	0.08250209765822492	-0.032248502197444184	0.6666666666666666
S1_EXCLUDE_BCN12	ridge	s__Mediterraneibacter_glycyrrhizinilyticus	9	9	1.0	0.08238327763296797	0.08238327763296797	0.07060637804691616	1.0
S1_EXCLUDE_BCN12	ridge	s__GGB36267_SGB14177	9	9	1.0	-0.037275695109157035	0.08231490996032614	-0.022957780230753906	0.7777777777777778
S1_EXCLUDE_BCN12	ridge	s__GGB45495_SGB63167	9	9	1.0	-0.07287060777102476	0.08222467870635436	-0.007817745794806938	0.7777777777777778
S1_EXCLUDE_BCN12	ridge	s__Blautia_SGB4815	9	9	1.0	-0.016801599249192063	0.08221494625535503	0.022780183189571437	0.6666666666666666
S1_EXCLUDE_BCN12	ridge	s__Lachnospira_eligens	9	9	1.0	0.008187196698708972	0.0820510499605689	0.01074587997287998	0.5555555555555556
S1_EXCLUDE_BCN12	ridge	s__GGB9719_SGB15272	9	9	1.0	-0.035043116091581374	0.08070527308478934	-0.02160761008043393	0.7777777777777778
S1_EXCLUDE_BCN12	ridge	s__Anaerofustis_stercorihominis	9	9	1.0	0.06277432738238907	0.08046808710074439	0.015008251191237588	0.6666666666666666
S1_EXCLUDE_BCN12	ridge	s__Dysosmobacter_sp_NSJ_60	9	9	1.0	-0.07925187281468446	0.07942612913498083	-0.06148275151783119	0.8888888888888888
S1_EXCLUDE_BCN12	ridge	s__Holdemania_filiformis	9	9	1.0	0.027957711601149255	0.07916802433595066	0.031246197978128564	0.6666666666666666
S1_EXCLUDE_BCN12	ridge	s__Raoultibacter_massiliensis	5	5	1.0	0.0791461201864168	0.0791461201864168	0.07986959001343939	1.0
S1_EXCLUDE_BCN12	ridge	s__Bacteroides_nordii	9	9	1.0	0.05581368720631183	0.07897399490474052	0.0038985741951973905	0.5555555555555556
S1_EXCLUDE_BCN12	ridge	s__Clostridium_sp_NSJ_42	9	9	1.0	-0.04872626701358312	0.07895342942438445	-0.02772523195094842	0.5555555555555556
S1_EXCLUDE_BCN12	ridge	s__GGB47687_SGB2286	9	9	1.0	-0.02702148796420379	0.07871306543189267	-0.004483628112708411	0.6666666666666666
S1_EXCLUDE_BCN12	ridge	s__Phocaeicola_plebeius	9	9	1.0	-0.038372159500998794	0.07840239372484532	0.013178753521044187	0.5555555555555556
S1_EXCLUDE_BCN12	ridge	s__Massilioclostridium_coli	9	9	1.0	0.006486919766592516	0.07815766597760868	-0.013450060257676207	0.6666666666666666
S1_EXCLUDE_BCN12	ridge	s__Collinsella_bouchesdurhonensis	9	9	1.0	0.0033211138807366656	0.07769367406359196	-0.003177300726790818	0.5555555555555556
S1_EXCLUDE_BCN12	ridge	s__Eisenbergiella_tayi	9	9	1.0	-0.0026251221486290064	0.0774735796432025	-0.019105169256013754	0.7777777777777778
S1_EXCLUDE_BCN12	ridge	s__GGB9758_SGB15368	9	9	1.0	-0.038217726661887344	0.07746651931631678	-0.03885014643947192	0.7777777777777778
S1_EXCLUDE_BCN12	ridge	s__Blautia_sp_MSK_20_85	9	9	1.0	0.050089056506567066	0.07703755516873226	0.008797904777767174	0.6666666666666666
S1_EXCLUDE_BCN12	ridge	s__Alistipes_senegalensis	9	9	1.0	-0.0291905180924404	0.07700282561863439	-0.057703817942653605	0.6666666666666666
S1_EXCLUDE_BCN12	ridge	s__GGB9614_SGB15049	9	9	1.0	0.05235726848064497	0.07682926729786381	0.016642506025383585	0.6666666666666666
S1_EXCLUDE_BCN12	ridge	s__Pseudoflavonifractor_sp_An184	9	9	1.0	0.03319308488261494	0.07647106896885503	0.013041026203409831	0.5555555555555556
S1_EXCLUDE_BCN12	ridge	s__Scardovia_wiggsiae	8	8	1.0	-0.07623016594926375	0.07623016594926375	-0.06222683279750749	1.0
S1_EXCLUDE_BCN12	ridge	s__Actinomyces_SGB17154	9	9	1.0	-0.06307958921949991	0.07600399159211428	-0.0369720590313967	0.7777777777777778
S1_EXCLUDE_BCN12	ridge	s__Candidatus_Catenibacterium_tridentinum	9	9	1.0	0.0489059878327365	0.07492761502658114	0.037195247924502635	0.5555555555555556
S1_EXCLUDE_BCN12	ridge	s__Lacrimispora_saccharolytica	9	9	1.0	0.06968299515669353	0.07390907592877888	0.05038685302870832	0.8888888888888888
S1_EXCLUDE_BCN12	ridge	s__Senegalimassilia_SGB14826	1	1	1.0	-0.07348585840593852	0.07348585840593852	-0.07348585840593852	1.0
S1_EXCLUDE_BCN12	ridge	s__Escherichia_coli	9	9	1.0	0.05309887878445497	0.07317228491887234	0.03168109418448713	0.5555555555555556
S1_EXCLUDE_BCN12	ridge	s__GGB9767_SGB15385	9	9	1.0	-0.016770485136083774	0.07231450705163806	-0.0219851257481454	0.6666666666666666
S1_EXCLUDE_BCN12	ridge	s__Lacticaseibacillus_rhamnosus	8	8	1.0	0.028317639139638834	0.0720236545443884	0.026564126811716847	0.75
S1_EXCLUDE_BCN12	ridge	s__Streptococcus_salivarius	9	9	1.0	-0.06508928087091145	0.07177208675888615	-0.03792949414903004	0.7777777777777778
S1_EXCLUDE_BCN12	ridge	s__Eggerthella_lenta	9	9	1.0	0.06997047945430489	0.07170349012917376	0.029583854085869384	0.8888888888888888
S1_EXCLUDE_BCN12	ridge	s__GGB4456_SGB6141	9	9	1.0	0.02176202505493354	0.07032551172151619	0.01674461894034322	0.6666666666666666
S1_EXCLUDE_BCN12	ridge	s__GGB3109_SGB4643	9	9	1.0	-0.06234391200473104	0.07006556939314952	-0.03505788830842193	0.8888888888888888
S1_EXCLUDE_BCN12	ridge	s__GGB2970_SGB3952	9	9	1.0	0.07004709203169104	0.07004709203169104	0.05283657852423195	1.0
S1_EXCLUDE_BCN12	ridge	s__Ligilactobacillus_ruminis	1	1	1.0	0.06982963161471274	0.06982963161471274	0.06982963161471274	1.0
S1_EXCLUDE_BCN12	ridge	s__Mediterraneibacter_SGB48424	9	9	1.0	-0.021675389900431503	0.06981640117516213	0.0001681738393365232	0.5555555555555556
S1_EXCLUDE_BCN12	ridge	s__Bacteroides_ovatus	9	9	1.0	-0.04973627110554142	0.06950534899476564	0.002603642551325996	0.5555555555555556
S1_EXCLUDE_BCN12	ridge	s__Parabacteroides_distasonis	9	9	1.0	0.04184441544117408	0.06893218440289645	0.02184154124464381	0.7777777777777778
S1_EXCLUDE_BCN12	ridge	s__Bifidobacterium_longum	9	9	1.0	-0.036834817091159225	0.06864568625978992	-0.026079859600808986	0.6666666666666666
S1_EXCLUDE_BCN12	ridge	s__Coprococcus_comes	9	9	1.0	0.01490184950199594	0.06820126966365062	-0.007073776663220392	0.5555555555555556
S1_EXCLUDE_BCN12	ridge	s__Dorea_sp_AF36_15AT	9	9	1.0	-0.009883717657599584	0.06792435616590801	-0.004845752047265199	0.6666666666666666
S1_EXCLUDE_BCN12	ridge	s__Bacteroides_faecis	9	9	1.0	-0.019469618628185657	0.0669209246064664	-0.007473576742690778	0.5555555555555556
S1_EXCLUDE_BCN12	ridge	s__Streptococcus_gordonii	9	9	1.0	0.059141615625755026	0.06631297387882452	0.026956118117581217	0.8888888888888888
S1_EXCLUDE_BCN12	ridge	s__Blautia_faecis	9	9	1.0	0.06328866108701721	0.06616348970276793	0.047046639376872784	0.8888888888888888
S1_EXCLUDE_BCN12	ridge	s__Lachnoclostridium_sp_An138	7	7	1.0	-0.04557016620995336	0.06614642644817952	-0.021750750951589883	0.7142857142857143
S1_EXCLUDE_BCN12	ridge	s__Blautia_stercoris	9	9	1.0	0.046564246702784584	0.06588945522937603	0.02994969674536364	0.7777777777777778
S1_EXCLUDE_BCN12	ridge	s__Candidatus_Cibionibacter_quicibialis	9	9	1.0	-0.004201754614429381	0.0657240308134104	0.02773889288829683	0.6666666666666666
S1_EXCLUDE_BCN12	ridge	s__Mediterraneibacter_butyricigenes	9	9	1.0	0.020741407763699277	0.06568901424729695	0.008982893121901581	0.6666666666666666
S1_EXCLUDE_BCN12	ridge	s__GGB9641_SGB15117	9	9	1.0	0.04002810774914339	0.06564707921539494	0.00392478733996323	0.5555555555555556
S1_EXCLUDE_BCN12	ridge	s__Bacteroides_intestinalis	9	9	1.0	0.0077462663409120485	0.06527716022166402	0.011190632243757815	0.6666666666666666
S1_EXCLUDE_BCN12	ridge	s__Mediterraneibacter_massiliensis	9	9	1.0	-0.03294685011230818	0.06522898821342801	-0.02947038848387167	0.6666666666666666
S1_EXCLUDE_BCN12	ridge	s__GGB33512_SGB15201	9	9	1.0	-0.033198958579784846	0.06520645752554094	-0.018317529054085402	0.6666666666666666
S1_EXCLUDE_BCN12	ridge	s__GGB3142_SGB4155	1	1	1.0	-0.06483721857301449	0.06483721857301449	-0.06483721857301449	1.0
S1_EXCLUDE_BCN12	ridge	s__GGB3746_SGB5089	9	9	1.0	-0.03704521647833399	0.06479626735824541	-0.008130571135226305	0.6666666666666666
S1_EXCLUDE_BCN12	ridge	s__GGB9619_SGB15067	9	9	1.0	0.059866175042569386	0.0647190824345354	0.031676689922163624	0.8888888888888888
S1_EXCLUDE_BCN12	ridge	s__GGB3510_SGB4687	9	9	1.0	-0.028484392885132454	0.0645166375874138	-0.029630791022230936	0.6666666666666666
S1_EXCLUDE_BCN12	ridge	s__Enterococcus_faecalis	9	9	1.0	0.06420991325546739	0.06420991325546739	0.03120020172544788	1.0
S1_EXCLUDE_BCN12	ridge	s__GGB2998_SGB3988	9	9	1.0	-0.04798970473026262	0.0634867486661282	-0.046018507257526514	0.8888888888888888
S1_EXCLUDE_BCN12	ridge	s__Ruminococcus_bicirculans	9	9	1.0	-0.045326711547387606	0.06341709797339855	-0.0076247985021041164	0.7777777777777778
S1_EXCLUDE_BCN12	ridge	s__Rothia_mucilaginosa	9	9	1.0	-0.02043673725738227	0.06245845780839075	-0.018316047295673207	0.7777777777777778
S1_EXCLUDE_BCN12	ridge	s__GGB80011_SGB15267	9	9	1.0	-0.06195722711311845	0.06195722711311845	-0.04624233615697509	1.0
S1_EXCLUDE_BCN12	ridge	s__Coprobacter_fastidiosus	9	9	1.0	-0.03966325351577296	0.061480395246058035	-0.03686913087021619	0.7777777777777778
S1_EXCLUDE_BCN12	ridge	s__Gordonibacter_pamelaeae	9	9	1.0	0.01781849450065226	0.06088329875874822	-0.0055572106099016656	0.5555555555555556
S1_EXCLUDE_BCN12	ridge	s__Blautia_sp_OF03_15BH	9	9	1.0	0.015871240164107403	0.060796999963298425	0.0025703522229165504	0.5555555555555556
S1_EXCLUDE_BCN12	ridge	s__Sellimonas_intestinalis	9	9	1.0	-0.05046227871338788	0.06051782695527604	-0.018387854606239568	0.6666666666666666
S1_EXCLUDE_BCN12	ridge	s__Odoribacter_splanchnicus	9	9	1.0	-0.013308607088684529	0.06020689887362794	-0.021414517428765056	0.5555555555555556
S1_EXCLUDE_BCN12	ridge	s__GGB9189_SGB14128	9	9	1.0	0.017920660168541304	0.059784320516544254	0.014968931824247423	0.6666666666666666
S1_EXCLUDE_BCN12	ridge	s__Faecalimonas_umbilicata	9	9	1.0	0.05652233333651592	0.05962766125670779	0.03904018665834174	0.8888888888888888
S1_EXCLUDE_BCN12	ridge	s__GGB58233_SGB79883	9	9	1.0	0.04627820790289523	0.05869653632217653	0.006049904697667116	0.5555555555555556
S1_EXCLUDE_BCN12	ridge	s__Faecalicatena_fissicatena	9	9	1.0	-0.045047659123435675	0.05766486955756844	-0.037745829709595655	0.7777777777777778
S1_EXCLUDE_BCN12	ridge	s__Cellulomonas_flavigena	4	4	1.0	0.05422861534569281	0.057605889240781104	0.047461680466759734	0.75
S1_EXCLUDE_BCN12	ridge	s__Clostridium_symbiosum	9	9	1.0	-0.025223663214244837	0.05699809745275112	0.014463137780258106	0.7777777777777778
S1_EXCLUDE_BCN12	ridge	s__Mogibacterium_sp_NSJ_24	8	8	1.0	0.03984497435084082	0.05570790902631515	0.004460670205023762	0.5
S1_EXCLUDE_BCN12	ridge	s__Ruminococcus_callidus	9	9	1.0	-0.042886062510596505	0.054294911924151985	-0.00990397884092031	0.6666666666666666
S1_EXCLUDE_BCN12	ridge	s__GGB3124_SGB4136	1	1	1.0	-0.053621815398233644	0.053621815398233644	-0.053621815398233644	1.0
S1_EXCLUDE_BCN12	ridge	s__Blautia_wexlerae	9	9	1.0	0.0533584482525054	0.0533584482525054	0.036482308271908036	1.0
S1_EXCLUDE_BCN12	ridge	s__Fusicatenibacter_saccharivorans	9	9	1.0	0.020625218116547817	0.053103455644282836	0.049464572460377186	0.7777777777777778
S1_EXCLUDE_BCN12	ridge	s__Parasutterella_SGB9260	9	9	1.0	0.014912861164345034	0.052852673855548545	0.003972560434772927	0.5555555555555556
S1_EXCLUDE_BCN12	ridge	s__GGB9719_SGB53514	6	6	1.0	0.03478855909327031	0.052714293202395936	0.0290942987940113	0.6666666666666666
S1_EXCLUDE_BCN12	ridge	s__GGB9240_SGB14182	9	9	1.0	-0.0069432719098419995	0.052697683786051254	-0.009142477204565937	0.7777777777777778
S1_EXCLUDE_BCN12	ridge	s__Phocaeicola_dorei	9	9	1.0	0.04270006510492	0.052592091430643584	0.014080868978103647	0.6666666666666666
S1_EXCLUDE_BCN12	ridge	s__Enterococcus_SGB6173	9	9	1.0	-0.02096623329499379	0.05247338153113003	-0.004491050461326757	0.6666666666666666
S1_EXCLUDE_BCN12	ridge	s__Oscillibacter_sp_NSJ_62	8	8	1.0	-0.025347066953491756	0.05212238165083784	-0.024443151204240326	0.75
S1_EXCLUDE_BCN12	ridge	s__Streptococcus_oralis	8	8	1.0	-0.051980449321736316	0.051980449321736316	-0.02592494537237388	1.0
S1_EXCLUDE_BCN12	ridge	s__GGB9737_SGB15309	1	1	1.0	0.051072149838757706	0.051072149838757706	0.051072149838757706	1.0
S1_EXCLUDE_BCN12	ridge	s__GGB9186_SGB14125	9	9	1.0	-0.02902612208077006	0.05098232551729486	-0.014398663889177724	0.7777777777777778
S1_EXCLUDE_BCN12	ridge	s__GGB9787_SGB15410	9	9	1.0	0.028854507989491147	0.05010734479812125	-0.0065231720254797015	0.5555555555555556
S1_EXCLUDE_BCN12	ridge	s__Faecalibacterium_SGB15315	9	9	1.0	-0.05004623883863379	0.05004623883863379	-0.040737477478378935	1.0
S1_EXCLUDE_BCN12	ridge	s__Clostridium_sp_AF20_17LB	9	9	1.0	0.01664957468567953	0.0494058955318237	0.03270002256792569	0.6666666666666666
S1_EXCLUDE_BCN12	ridge	s__GGB51960_SGB72480	5	5	1.0	0.03972986130701879	0.04920581960526711	-0.0016346651964415228	0.6
S1_EXCLUDE_BCN12	ridge	s__Clostridium_sp_1001271st1_H5	3	3	1.0	-0.04864681451659745	0.04864681451659745	-0.04206326284497689	1.0
S1_EXCLUDE_BCN12	ridge	s__Clostridium_paraputrificum	1	1	1.0	0.04653884867852045	0.04653884867852045	0.04653884867852045	1.0
S1_EXCLUDE_BCN12	ridge	s__Actinomyces_naeslundii	9	9	1.0	-0.02634300965739869	0.04491152741081332	0.0023670242911815343	0.5555555555555556
S1_EXCLUDE_BCN12	ridge	s__Ruminococcus_sp_AF46_10NS	1	1	1.0	0.04408814813060877	0.04408814813060877	0.04408814813060877	1.0
S1_EXCLUDE_BCN12	ridge	s__GGB9350_SGB14317	6	6	1.0	-0.030371687943658354	0.04367553802563401	-0.022588870261793875	0.6666666666666666
S1_EXCLUDE_BCN12	ridge	s__Amedibacillus_dolichus	7	7	1.0	-0.014115791099323495	0.04326583432528531	0.0024494201327291457	0.5714285714285714
S1_EXCLUDE_BCN12	ridge	s__GGB9691_SGB15198	4	4	1.0	-0.003233311663749301	0.04278432845377368	0.018001064597543977	0.75
S1_EXCLUDE_BCN12	ridge	s__Actinomyces_sp_oral_taxon_448	9	9	1.0	-0.01942482871323424	0.04225047824284537	-0.023925100282899493	0.5555555555555556
S1_EXCLUDE_BCN12	ridge	s__Paratractidigestivibacter_faecalis	1	1	1.0	-0.04155409443422923	0.04155409443422923	-0.04155409443422923	1.0
S1_EXCLUDE_BCN12	ridge	s__GGB3593_SGB4817	2	2	1.0	0.041158189053328666	0.041158189053328666	0.041158189053328666	1.0
S1_EXCLUDE_BCN12	ridge	s__Olsenella_uli	1	1	1.0	0.040628297040502644	0.040628297040502644	0.040628297040502644	1.0
S1_EXCLUDE_BCN12	ridge	s__Desulfovibrio_fairfieldensis	8	8	1.0	-0.006486625520270527	0.040590240571425976	-0.0034095857359657806	0.625
S1_EXCLUDE_BCN12	ridge	s__GGB9608_SGB15041	9	9	1.0	-0.0007877836841213984	0.0378946440878526	-0.01064278458165565	0.5555555555555556
S1_EXCLUDE_BCN12	ridge	s__Eubacterium_SGB4671	1	1	1.0	-0.03346325952787827	0.03346325952787827	-0.03346325952787827	1.0
S1_EXCLUDE_BCN12	ridge	s__Allisonella_histaminiformans	2	2	1.0	-0.031168975422114602	0.031168975422114602	-0.031168975422114602	1.0
S1_EXCLUDE_BCN12	ridge	s__GGB9559_SGB14968	1	1	1.0	-0.03018274323107183	0.03018274323107183	-0.03018274323107183	1.0
S1_EXCLUDE_BCN12	ridge	s__GGB4745_SGB6571	4	4	1.0	-0.010329402875615509	0.028190378272341228	0.00667576511477017	0.75
S1_EXCLUDE_BCN12	ridge	s__GGB4684_SGB6478	1	1	1.0	-0.024868779848560178	0.024868779848560178	-0.024868779848560178	1.0
S1_EXCLUDE_BCN12	ridge	s__Lactococcus_cremoris	1	1	1.0	-0.021079984833302846	0.021079984833302846	-0.021079984833302846	1.0
S1_EXCLUDE_BCN12	ridge	s__GGB9261_SGB14209	3	3	1.0	0.00048740417908634475	0.008400979525169808	-0.004573945339652004	0.6666666666666666
S1_EXCLUDE_BCN12	ridge	s__GGB3446_SGB4597	1	1	1.0	-0.0037686809707528327	0.0037686809707528327	-0.0037686809707528327	1.0
S1_EXCLUDE_BCN12	ridge	s__GGB9767_SGB15384	1	1	1.0	0.0029532001101213183	0.0029532001101213183	0.0029532001101213183	1.0
S1_EXCLUDE_BCN12	ridge	s__GGB3513_SGB4691	1	1	1.0	-0.0027684801277183626	0.0027684801277183626	-0.0027684801277183626	1.0
S2_BCN12_AS_NR	ridge	s__Flavonifractor_sp_An100	1	1	1.0	1.1590225156339597	1.1590225156339597	1.1590225156339597	1.0
S2_BCN12_AS_NR	ridge	s__Streptococcus_SGB14888	9	9	1.0	-0.7546370542532126	0.7546370542532126	-0.8790948136418868	1.0
S2_BCN12_AS_NR	ridge	s__Faecalicatena_contorta	9	9	1.0	0.7336921945735685	0.7336921945735685	0.9427205251744443	1.0
S2_BCN12_AS_NR	ridge	s__Blautia_massiliensis	9	9	1.0	0.6696482535763448	0.6696482535763448	0.9566456934432845	1.0
S2_BCN12_AS_NR	ridge	s__GGB9694_SGB15204	9	9	1.0	0.6185959729458227	0.6185959729458227	0.6779843905572065	1.0
S2_BCN12_AS_NR	ridge	s__Eubacterium_sp_AF16_48	9	9	1.0	-0.5851873766637479	0.5851873766637479	-0.7415019147643728	1.0
S2_BCN12_AS_NR	ridge	s__Anaerotruncus_colihominis	9	9	1.0	-0.5667441974962143	0.5667441974962143	-0.6758324657603175	1.0
S2_BCN12_AS_NR	ridge	s__Lachnoclostridium_sp_An131	9	9	1.0	-0.5498847127962534	0.5498847127962534	-0.665119354890737	1.0
S2_BCN12_AS_NR	ridge	s__Blautia_caecimuris	9	9	1.0	0.5425205641356903	0.5425205641356903	0.7468879003216639	1.0
S2_BCN12_AS_NR	ridge	s__Faecalibacillus_intestinalis	9	9	1.0	0.5420986781810161	0.5420986781810161	0.7566786614183738	1.0
S2_BCN12_AS_NR	ridge	s__Veillonella_parvula	9	9	1.0	-0.5354001655072432	0.5354001655072432	-0.602587793282949	1.0
S2_BCN12_AS_NR	ridge	s__GGB9237_SGB14179	9	9	1.0	-0.5277009552239108	0.5277009552239108	-0.39894862802964476	1.0
S2_BCN12_AS_NR	ridge	s__Pseudoflavonifractor_gallinarum	9	9	1.0	-0.5247542267006653	0.5247542267006653	-0.5017789708598867	1.0
S2_BCN12_AS_NR	ridge	s__GGB3444_SGB4594	9	9	1.0	-0.523424316776664	0.523424316776664	-0.5654238890074325	1.0
S2_BCN12_AS_NR	ridge	s__GGB3277_SGB4327	9	9	1.0	-0.5215446295015183	0.5215446295015183	-0.6996307409107131	1.0
S2_BCN12_AS_NR	ridge	s__GGB9616_SGB15051	9	9	1.0	-0.5116347382126006	0.5116347382126006	-0.598606675565759	1.0
S2_BCN12_AS_NR	ridge	s__GGB32900_SGB53446	9	9	1.0	0.503842803087051	0.503842803087051	0.5036365494609355	1.0
S2_BCN12_AS_NR	ridge	s__Roseburia_hominis	9	9	1.0	0.4810182892870334	0.4810182892870334	0.533516936303241	1.0
S2_BCN12_AS_NR	ridge	s__Bifidobacterium_bifidum	9	9	1.0	0.47406933035576354	0.47406933035576354	0.5122984607706318	1.0
S2_BCN12_AS_NR	ridge	s__GGB58158_SGB79798	9	9	1.0	0.4732284374949759	0.4732284374949759	0.5706806301449636	1.0
S2_BCN12_AS_NR	ridge	s__Bacteroides_uniformis	9	9	1.0	-0.4692511917024161	0.4692511917024161	-0.5262875973382807	1.0
S2_BCN12_AS_NR	ridge	s__GGB9627_SGB15081	9	9	1.0	0.468266692845025	0.468266692845025	0.4192376499315701	1.0
S2_BCN12_AS_NR	ridge	s__GGB3818_SGB5183	1	1	1.0	-0.467078617808679	0.467078617808679	-0.467078617808679	1.0
S2_BCN12_AS_NR	ridge	s__Alistipes_putredinis	9	9	1.0	-0.4538390363388713	0.46334761949958403	-0.5757359320025467	0.8888888888888888
S2_BCN12_AS_NR	ridge	s__GGB34797_SGB14322	9	9	1.0	-0.4583746624577578	0.4583746624577578	-0.6380787070995922	1.0
S2_BCN12_AS_NR	ridge	s__GGB9302_SGB14263	5	5	1.0	0.45750648512376113	0.45750648512376113	0.40130747953495494	1.0
S2_BCN12_AS_NR	ridge	s__Agathobaculum_butyriciproducens	9	9	1.0	0.45142035386495194	0.45142035386495194	0.5895233598484282	1.0
S2_BCN12_AS_NR	ridge	s__GGB74463_SGB54347	9	9	1.0	-0.4364220489971659	0.4364220489971659	-0.376564613915719	1.0
S2_BCN12_AS_NR	ridge	s__Bacteroides_stercoris	9	9	1.0	0.43223140875616434	0.43223140875616434	0.5932001477692823	1.0
S2_BCN12_AS_NR	ridge	s__Faecalibacterium_prausnitzii	9	9	1.0	0.42519606787521513	0.42519606787521513	0.5398755920637398	1.0
S2_BCN12_AS_NR	ridge	s__Parasutterella_excrementihominis	9	9	1.0	-0.4179567747467679	0.4179567747467679	-0.5060366799959997	1.0
S2_BCN12_AS_NR	ridge	s__Vescimonas_SGB15087	9	9	1.0	-0.4045490373935017	0.4045490373935017	-0.4992574519056266	1.0
S2_BCN12_AS_NR	ridge	s__Sutterella_wadsworthensis	9	9	1.0	-0.40358008833732995	0.40358008833732995	-0.5273483852599032	1.0
S2_BCN12_AS_NR	ridge	s__GGB3321_SGB4394	9	9	1.0	-0.4033594932535228	0.4033594932535228	-0.5166191204354927	1.0
S2_BCN12_AS_NR	ridge	s__Alistipes_sp_AF17_16	9	9	1.0	0.4015121780560946	0.4015121780560946	0.40957058867612917	1.0
S2_BCN12_AS_NR	ridge	s__Lactococcus_lactis	9	9	1.0	0.3983773133121333	0.3983773133121333	0.3370703677064237	1.0
S2_BCN12_AS_NR	ridge	s__Roseburia_faecis	9	9	1.0	0.3977775346767014	0.3977775346767014	0.5654275840819003	1.0
S2_BCN12_AS_NR	ridge	s__Massilimicrobiota_timonensis	9	9	1.0	-0.39762570859322155	0.39762570859322155	-0.5194478501004666	1.0
S2_BCN12_AS_NR	ridge	s__Anaerostipes_hadrus	9	9	1.0	-0.3838388233370098	0.3941889058243875	-0.5423263685897868	0.8888888888888888
S2_BCN12_AS_NR	ridge	s__Bifidobacterium_catenulatum	8	8	1.0	0.39393242462192307	0.39393242462192307	0.28109310371892526	1.0
S2_BCN12_AS_NR	ridge	s__Anaerotruncus_rubiinfantis	9	9	1.0	-0.3937900261123205	0.3937900261123205	-0.5416751052195137	1.0
S2_BCN12_AS_NR	ridge	s__Lacrimispora_celerecrescens	9	9	1.0	0.3910939656045676	0.3910939656045676	0.37451040742460373	1.0
S2_BCN12_AS_NR	ridge	s__GGB79998_SGB48024	1	1	1.0	0.39034641435875805	0.39034641435875805	0.39034641435875805	1.0
S2_BCN12_AS_NR	ridge	s__Streptococcus_mitis	9	9	1.0	0.38906617926154496	0.38906617926154496	0.4138970823944554	1.0
S2_BCN12_AS_NR	ridge	s__Vescimonas_coprocola	9	9	1.0	-0.38238487249112885	0.38238487249112885	-0.26110506229559627	1.0
S2_BCN12_AS_NR	ridge	s__Roseburia_intestinalis	9	9	1.0	-0.3823228287002541	0.3823228287002541	-0.3763777982475681	1.0
S2_BCN12_AS_NR	ridge	s__Phocaeicola_vulgatus	9	9	1.0	0.37511242247114507	0.37511242247114507	0.3775887096019398	1.0
S2_BCN12_AS_NR	ridge	s__Methylobacterium_SGB15164	9	9	1.0	0.3708076262669177	0.3720881835845456	0.45239605794433635	0.8888888888888888
S2_BCN12_AS_NR	ridge	s__Anaerosacchariphilus_sp_NSJ_68	8	8	1.0	-0.37137662932109494	0.37137662932109494	-0.32933390711334043	1.0
S2_BCN12_AS_NR	ridge	s__Phascolarctobacterium_faecium	9	9	1.0	0.36964559255798696	0.36964559255798696	0.4206762655696592	1.0
S2_BCN12_AS_NR	ridge	s__GGB9619_SGB15066	9	9	1.0	-0.3687973791105099	0.3687973791105099	-0.45922956586927516	1.0
S2_BCN12_AS_NR	ridge	s__Paraprevotella_clara	9	9	1.0	-0.3681921608479934	0.3681921608479934	-0.44751390993643597	1.0
S2_BCN12_AS_NR	ridge	s__GGB3815_SGB5180	2	2	1.0	0.36769726004236297	0.36769726004236297	0.36769726004236297	1.0
S2_BCN12_AS_NR	ridge	s__Staphylococcus_SGB6340	9	9	1.0	-0.36440637347043553	0.36440637347043553	-0.17968698889488632	1.0
S2_BCN12_AS_NR	ridge	s__GGB9581_SGB79823	3	3	1.0	-0.35638392689693094	0.35638392689693094	-0.45508544474172663	1.0
S2_BCN12_AS_NR	ridge	s__Streptococcus_vestibularis	9	9	1.0	-0.3503437786984096	0.3503437786984096	-0.27016727548256225	1.0
S2_BCN12_AS_NR	ridge	s__GGB9611_SGB15045	8	8	1.0	-0.3455603545450424	0.3455603545450424	-0.36917427604469305	1.0
S2_BCN12_AS_NR	ridge	s__Coprobacillus_cateniformis	9	9	1.0	-0.34549425578054	0.34549425578054	-0.35040969578799086	1.0
S2_BCN12_AS_NR	ridge	s__Clostridium_sp_1001270H_150608_G6	9	9	1.0	0.34461913953562867	0.34461913953562867	0.27052898799516595	1.0
S2_BCN12_AS_NR	ridge	s__GGB3175_SGB4191	9	9	1.0	-0.34433837420442726	0.34433837420442726	-0.42772810962883706	1.0
S2_BCN12_AS_NR	ridge	s__Actinomyces_sp_ICM47	9	9	1.0	0.3407662488317768	0.3407662488317768	0.3813710920267853	1.0
S2_BCN12_AS_NR	ridge	s__Blautia_producta	9	9	1.0	-0.3366033211801445	0.3366033211801445	-0.435255572644351	1.0
S2_BCN12_AS_NR	ridge	s__GGB9760_SGB15373	9	9	1.0	-0.33252415499996535	0.33252415499996535	-0.46317316137219505	1.0
S2_BCN12_AS_NR	ridge	s__GGB9618_SGB15065	8	8	1.0	-0.33201739395926877	0.33201739395926877	-0.3196198064407268	1.0
S2_BCN12_AS_NR	ridge	s__Collinsella_SGB14861	9	9	1.0	0.33041115272216737	0.33041115272216737	0.4173325518020481	1.0
S2_BCN12_AS_NR	ridge	s__GGB9495_SGB14892	9	9	1.0	-0.3265084577165873	0.3265084577165873	-0.42728676143347527	1.0
S2_BCN12_AS_NR	ridge	s__Clostridium_scindens	9	9	1.0	0.3245020861148402	0.3245020861148402	0.3211052840874277	1.0
S2_BCN12_AS_NR	ridge	s__Bacteroides_fragilis	9	9	1.0	-0.32024000916180245	0.32024000916180245	-0.3115946095182753	1.0
S2_BCN12_AS_NR	ridge	s__Faecalibacterium_SGB15346	9	9	1.0	0.3202153590534979	0.3202153590534979	0.3423458844240038	1.0
S2_BCN12_AS_NR	ridge	s__GGB33928_SGB15225	9	9	1.0	-0.3180135804200596	0.3201661807780185	-0.46447596979447453	0.8888888888888888
S2_BCN12_AS_NR	ridge	s__Longicatena_caecimuris	9	9	1.0	0.31996947299932166	0.31996947299932166	0.27818257978711286	1.0
S2_BCN12_AS_NR	ridge	s__Streptococcus_parasanguinis	9	9	1.0	-0.3169739019284662	0.3169739019284662	-0.43425775859473514	1.0
S2_BCN12_AS_NR	ridge	s__Streptococcus_SGB14137	1	1	1.0	0.3160473094553296	0.3160473094553296	0.3160473094553296	1.0
S2_BCN12_AS_NR	ridge	s__Massiliimalia_timonensis	9	9	1.0	-0.31594103081249675	0.31594103081249675	-0.2504471246187019	1.0
S2_BCN12_AS_NR	ridge	s__Rheinheimera_SGB14999	9	9	1.0	-0.3148629056627093	0.3148629056627093	-0.19102126419251805	1.0
S2_BCN12_AS_NR	ridge	s__Bacteroides_finegoldii	9	9	1.0	0.31226512106634186	0.31226512106634186	0.3690076024524282	1.0
S2_BCN12_AS_NR	ridge	s__GGB80011_SGB15265	9	9	1.0	0.31165243416311983	0.31165243416311983	0.2850062849114648	1.0
S2_BCN12_AS_NR	ridge	s__GGB9759_SGB15370	9	9	1.0	0.3113466711194749	0.3113466711194749	0.23872550451513616	1.0
S2_BCN12_AS_NR	ridge	s__GGB9176_SGB14114	9	9	1.0	0.30998380853827445	0.30998380853827445	0.42305149057872427	1.0
S2_BCN12_AS_NR	ridge	s__Actinomyces_graevenitzii	9	9	1.0	-0.3096127460530946	0.3096127460530946	-0.2103283317661443	1.0
S2_BCN12_AS_NR	ridge	s__Hungatella_hathewayi	9	9	1.0	-0.308004149223109	0.308004149223109	-0.259891876113975	1.0
S2_BCN12_AS_NR	ridge	s__Tyzzerella_nexilis	9	9	1.0	0.30434296952850454	0.3072774564723575	0.14295905588371705	0.8888888888888888
S2_BCN12_AS_NR	ridge	s__GGB9762_SGB15377	4	4	1.0	-0.30671236727981877	0.30671236727981877	-0.285371119085287	1.0
S2_BCN12_AS_NR	ridge	s__Eisenbergiella_massiliensis	9	9	1.0	0.30515509844669125	0.30515509844669125	0.2185074766620151	1.0
S2_BCN12_AS_NR	ridge	s__GGB9636_SGB15107	9	9	1.0	0.3007098676105399	0.3007098676105399	0.3087912249950539	1.0
S2_BCN12_AS_NR	ridge	s__GGB9345_SGB14311	9	9	1.0	0.296496909936175	0.296496909936175	0.37191836599245653	1.0
S2_BCN12_AS_NR	ridge	s__GGB3614_SGB4886	9	9	1.0	0.295686715661814	0.295686715661814	0.41715856364186016	1.0
S2_BCN12_AS_NR	ridge	s__Desulfovibrio_piger	9	9	1.0	0.2933169046662163	0.2933169046662163	0.2272444424761717	1.0
S2_BCN12_AS_NR	ridge	s__Bacteroides_thetaiotaomicron	9	9	1.0	0.2855156584651775	0.2917630656900997	0.2845116149072151	0.8888888888888888
S2_BCN12_AS_NR	ridge	s__Clostridium_SGB6179	9	9	1.0	0.28910080745197564	0.28910080745197564	0.17269473743985103	1.0
S2_BCN12_AS_NR	ridge	s__GGB9642_SGB15119	9	9	1.0	-0.2883221686387892	0.2883221686387892	-0.20014390294901074	1.0
S2_BCN12_AS_NR	ridge	s__GGB9559_SGB14969	9	9	1.0	0.28489803377754647	0.28645707962477585	0.38079153425977	0.8888888888888888
S2_BCN12_AS_NR	ridge	s__Lachnoclostridium_edouardi	6	6	1.0	-0.28593564455973336	0.28593564455973336	-0.33600513403101595	1.0
S2_BCN12_AS_NR	ridge	s__GGB45491_SGB63163	9	9	1.0	-0.2849361992606999	0.2849361992606999	-0.18141224340953405	1.0
S2_BCN12_AS_NR	ridge	s__GGB9293_SGB14250	9	9	1.0	0.28458118817028905	0.28458118817028905	0.31315806134148233	1.0
S2_BCN12_AS_NR	ridge	s__Blautia_faecicola	3	3	1.0	0.2830267070901069	0.2830267070901069	0.090625798713528	1.0
S2_BCN12_AS_NR	ridge	s__Faecalibacillus_faecis	9	9	1.0	0.2638978329868142	0.2828128557943052	0.11840061183724017	0.8888888888888888
S2_BCN12_AS_NR	ridge	s__GGB3061_SGB4063	9	9	1.0	0.2819929401547991	0.2819929401547991	0.30962346394987317	1.0
S2_BCN12_AS_NR	ridge	s__Streptococcus_mutans	9	9	1.0	-0.2818086884623885	0.2818086884623885	-0.17312059921560538	1.0
S2_BCN12_AS_NR	ridge	s__Lacticaseibacillus_paracasei	9	9	1.0	-0.28117844563620814	0.28117844563620814	-0.2731458921723335	1.0
S2_BCN12_AS_NR	ridge	s__GGB3612_SGB4882	9	9	1.0	-0.2777807097328906	0.2777807097328906	-0.22423083680148562	1.0
S2_BCN12_AS_NR	ridge	s__GGB9480_SGB14874	9	9	1.0	-0.2766619846920631	0.2766619846920631	-0.32828875940924857	1.0
S2_BCN12_AS_NR	ridge	s__Streptococcus_thermophilus	9	9	1.0	0.27634487091673465	0.27634487091673465	0.23411814722018723	1.0
S2_BCN12_AS_NR	ridge	s__Phocaeicola_massiliensis	9	9	1.0	-0.27607893163602687	0.27607893163602687	-0.36823728920889487	1.0
S2_BCN12_AS_NR	ridge	s__Parabacteroides_merdae	9	9	1.0	0.27574744105200977	0.27574744105200977	0.2906996044784242	1.0
S2_BCN12_AS_NR	ridge	s__GGB9062_SGB13981	9	9	1.0	-0.275684454151012	0.275684454151012	-0.15623321889819058	1.0
S2_BCN12_AS_NR	ridge	s__GGB1627_SGB2230	4	4	1.0	0.27426943427090644	0.27426943427090644	0.24589270144592087	1.0
S2_BCN12_AS_NR	ridge	s__Ruminococcus_lactaris	9	9	1.0	-0.26908567786931725	0.26908567786931725	-0.2012884240257726	1.0
S2_BCN12_AS_NR	ridge	s__Roseburia_sp_AF02_12	9	9	1.0	-0.26837645884159095	0.26837645884159095	-0.13000926164828738	1.0
S2_BCN12_AS_NR	ridge	s__Parabacteroides_johnsonii	6	6	1.0	-0.2671416157944004	0.2671416157944004	-0.21067187522246503	1.0
S2_BCN12_AS_NR	ridge	s__Neglectibacter_timonensis	9	9	1.0	-0.26584157018048615	0.26584157018048615	-0.2421334178899643	1.0
S2_BCN12_AS_NR	ridge	s__Lactonifactor_sp_BIOML_A6	9	9	1.0	-0.26573808509844243	0.26573808509844243	-0.17051512589359502	1.0
S2_BCN12_AS_NR	ridge	s__Alistipes_onderdonkii	9	9	1.0	-0.2625545168544765	0.2652875005753842	-0.2066058746755177	0.8888888888888888
S2_BCN12_AS_NR	ridge	s__GGB10692_SGB17347	7	7	1.0	0.2650497416133964	0.2650497416133964	0.24701712631519962	1.0
S2_BCN12_AS_NR	ridge	s__Bacteroides_xylanisolvens	9	9	1.0	0.2636349775252143	0.2636349775252143	0.29440433043386216	1.0
S2_BCN12_AS_NR	ridge	s__Actinomyces_sp_ph3	9	9	1.0	-0.2631471482967192	0.2631471482967192	-0.1480475504481223	1.0
S2_BCN12_AS_NR	ridge	s__Blautia_luti	9	9	1.0	-0.2595607118066737	0.2595607118066737	-0.15136190895691537	1.0
S2_BCN12_AS_NR	ridge	s__Intestinibacter_bartlettii	9	9	1.0	0.2579527619434903	0.2579527619434903	0.2211731535952274	1.0
S2_BCN12_AS_NR	ridge	s__Turicibacter_bilis	9	9	1.0	0.2565274580979609	0.2565274580979609	0.15701545779325563	1.0
S2_BCN12_AS_NR	ridge	s__Phocea_massiliensis	9	9	1.0	0.25577079885675486	0.25577079885675486	0.22948978640607803	1.0
S2_BCN12_AS_NR	ridge	s__Actinomyces_sp_HMSC035G02	8	8	1.0	-0.25493535916736876	0.25493535916736876	-0.1466245987810274	1.0
S2_BCN12_AS_NR	ridge	s__Collinsella_SGB15196	8	8	1.0	-0.2542144720081105	0.2542144720081105	-0.23441150105850653	1.0
S2_BCN12_AS_NR	ridge	s__Enterocloster_citroniae	9	9	1.0	0.2525858328331754	0.2525858328331754	0.2655229828287956	1.0
S2_BCN12_AS_NR	ridge	s__Ruthenibacterium_lactatiformans	9	9	1.0	0.2518702999199165	0.2518702999199165	0.16308564401130143	1.0
S2_BCN12_AS_NR	ridge	s__GGB3278_SGB4328	9	9	1.0	-0.2495848420837191	0.2495848420837191	-0.1768133887569653	1.0
S2_BCN12_AS_NR	ridge	s__Clostridium_SGB4648	9	9	1.0	0.24617899246570765	0.24680923188039358	0.2016944016755167	0.8888888888888888
S2_BCN12_AS_NR	ridge	s__GGB14025_SGB14906	9	9	1.0	0.24625496502746655	0.24625496502746655	0.2242011502820905	1.0
S2_BCN12_AS_NR	ridge	s__GGB9770_SGB15390	9	9	1.0	-0.24359513791628049	0.24359513791628049	-0.14081280270522645	1.0
S2_BCN12_AS_NR	ridge	s__Enterocloster_aldenensis	9	9	1.0	0.24283373747638837	0.24283373747638837	0.22450462066204144	1.0
S2_BCN12_AS_NR	ridge	s__GGB13493_SGB15238	9	9	1.0	0.24139494098953426	0.24139494098953426	0.19289349422245225	1.0
S2_BCN12_AS_NR	ridge	s__GGB52130_SGB14966	9	9	1.0	0.24068053393243272	0.24068053393243272	0.12947060031885263	1.0
S2_BCN12_AS_NR	ridge	s__Actinomyces_SGB17157	8	8	1.0	-0.23866715936039268	0.23866715936039268	-0.12479356486678306	1.0
S2_BCN12_AS_NR	ridge	s__Bifidobacterium_dentium	9	9	1.0	-0.23549160731824229	0.23549160731824229	-0.13319013336925556	1.0
S2_BCN12_AS_NR	ridge	s__Veillonella_atypica	9	9	1.0	-0.23496508122702237	0.23496508122702237	-0.21643661465941932	1.0
S2_BCN12_AS_NR	ridge	s__Enterocloster_bolteae	9	9	1.0	-0.23490418290899365	0.23490418290899365	-0.2734501813105662	1.0
S2_BCN12_AS_NR	ridge	s__GGB33512_SGB15203	9	9	1.0	-0.23490239292347453	0.23490239292347453	-0.17172086309283222	1.0
S2_BCN12_AS_NR	ridge	s__Dorea_formicigenerans	9	9	1.0	0.23469947380923234	0.23469947380923234	0.18674071741944498	1.0
S2_BCN12_AS_NR	ridge	s__Bacteroides_eggerthii	9	9	1.0	0.22458062961668826	0.23322419572125563	0.15119684405747275	0.8888888888888888
S2_BCN12_AS_NR	ridge	s__Actinobaculum_sp_oral_taxon_183	8	8	1.0	-0.2306778439022064	0.2306778439022064	-0.17904863526164858	1.0
S2_BCN12_AS_NR	ridge	s__GGB9775_SGB15395	9	9	1.0	0.22700073957207353	0.22700073957207353	0.23713734024495486	1.0
S2_BCN12_AS_NR	ridge	s__GGB3730_SGB5060	9	9	1.0	0.21676346830905568	0.22667285544324944	0.2199107132502468	0.8888888888888888
S2_BCN12_AS_NR	ridge	s__Dielma_fastidiosa	9	9	1.0	-0.22575334891531706	0.22575334891531706	-0.20814094555270402	1.0
S2_BCN12_AS_NR	ridge	s__Anaerotruncus_massiliensis	9	9	1.0	0.21968257941633	0.22517013804313887	0.12587217911377505	0.8888888888888888
S2_BCN12_AS_NR	ridge	s__Pauljensenia_hongkongensis	2	2	1.0	-0.22424112295883142	0.22424112295883142	-0.22424112295883142	1.0
S2_BCN12_AS_NR	ridge	s__Harryflintia_acetispora	9	9	1.0	0.22408108003013963	0.22408108003013963	0.26671572703002067	1.0
S2_BCN12_AS_NR	ridge	s__Clostridium_sp_AF34_10BH	9	9	1.0	0.2228722580390168	0.2228722580390168	0.21792020212901314	1.0
S2_BCN12_AS_NR	ridge	s__GGB2980_SGB3962	9	9	1.0	0.21971553147473397	0.2223452617209555	0.2538732298969682	0.8888888888888888
S2_BCN12_AS_NR	ridge	s__Enterocloster_lavalensis	9	9	1.0	0.22077567777999116	0.22234351642209849	0.1611903974713425	0.8888888888888888
S2_BCN12_AS_NR	ridge	s__GGB9640_SGB15115	9	9	1.0	-0.21697084755171062	0.22030733412355002	-0.16175278401490423	0.8888888888888888
S2_BCN12_AS_NR	ridge	s__GGB51441_SGB71759	9	9	1.0	0.21537136203653617	0.21537136203653617	0.21852913404040394	1.0
S2_BCN12_AS_NR	ridge	s__GGB3034_SGB4030	9	9	1.0	0.21453469394701527	0.21453469394701527	0.13986054415856666	1.0
S2_BCN12_AS_NR	ridge	s__GGB1495_SGB2071	4	4	1.0	-0.21381326783209498	0.21381326783209498	-0.1678334791142292	1.0
S2_BCN12_AS_NR	ridge	s__Anaerotignum_lactatifermentans	5	5	1.0	-0.21375702370568633	0.21375702370568633	-0.15153109661483638	1.0
S2_BCN12_AS_NR	ridge	s__Adlercreutzia_equolifaciens	9	9	1.0	-0.20553583361862376	0.21375347005104522	-0.06489797251643345	0.8888888888888888
S2_BCN12_AS_NR	ridge	s__Alistipes_finegoldii	9	9	1.0	-0.21355195427046514	0.21355195427046514	-0.13936548399836488	1.0
S2_BCN12_AS_NR	ridge	s__GGB3570_SGB4777	9	9	1.0	0.21234448621213484	0.21234448621213484	0.1568411890504365	1.0
S2_BCN12_AS_NR	ridge	s__GGB3602_SGB4574	9	9	1.0	0.2118859347706489	0.2118859347706489	0.1059123659901931	1.0
S2_BCN12_AS_NR	ridge	s__GGB31234_SGB14869	9	9	1.0	0.18824382190656175	0.21138239736986683	0.06821480508957009	0.8888888888888888
S2_BCN12_AS_NR	ridge	s__GGB4566_SGB6305	9	9	1.0	0.20838275145580534	0.21135158158762457	0.12860138326063902	0.8888888888888888
S2_BCN12_AS_NR	ridge	s__Isoptericola_variabilis	9	9	1.0	0.21115077700338877	0.21115077700338877	0.27397229351323016	1.0
S2_BCN12_AS_NR	ridge	s__GGB3256_SGB4303	9	9	1.0	-0.21018200737324458	0.21018200737324458	-0.10842263673826759	1.0
S2_BCN12_AS_NR	ridge	s__Actinomyces_SGB17132	6	6	1.0	-0.20869947658814006	0.20869947658814006	-0.19276913344800442	1.0
S2_BCN12_AS_NR	ridge	s__Anaerofilum_sp_BX8	9	9	1.0	0.20751867673956317	0.20751867673956317	0.14405348723593053	1.0
S2_BCN12_AS_NR	ridge	s__GGB9620_SGB15068	2	2	1.0	0.20682147629892383	0.20682147629892383	0.20682147629892383	1.0
S2_BCN12_AS_NR	ridge	s__GGB9063_SGB13982	9	9	1.0	-0.20635619906304015	0.20635619906304015	-0.19513559156062674	1.0
S2_BCN12_AS_NR	ridge	s__GGB9635_SGB15106	9	9	1.0	0.20630146369845737	0.20630146369845737	0.11481453672107013	1.0
S2_BCN12_AS_NR	ridge	s__GGB9724_SGB15278	9	9	1.0	-0.20519642697206306	0.20519642697206306	-0.14515258483912366	1.0
S2_BCN12_AS_NR	ridge	s__Candidatus_Borkfalkia_ceftriaxoniphila	9	9	1.0	0.20461114407256234	0.20461114407256234	0.18947621845257911	1.0
S2_BCN12_AS_NR	ridge	s__GGB6612_SGB9346	9	9	1.0	-0.12155214423103322	0.2043938849804127	-0.06826938528363442	0.7777777777777778
S2_BCN12_AS_NR	ridge	s__Blautia_sp_Marseille_P3087	9	9	1.0	0.17602558610029206	0.20354729987444656	0.11332970421897533	0.8888888888888888
S2_BCN12_AS_NR	ridge	s__Cloacibacillus_evryensis	8	8	1.0	0.20336208653474114	0.20336208653474114	0.14434766438510999	1.0
S2_BCN12_AS_NR	ridge	s__GGB38744_SGB14842	9	9	1.0	-0.19251932762836985	0.200359031098769	-0.09798857729915947	0.8888888888888888
S2_BCN12_AS_NR	ridge	s__Enterocloster_asparagiformis	9	9	1.0	-0.19495954631398013	0.19872705199078713	-0.23805844038056295	0.8888888888888888
S2_BCN12_AS_NR	ridge	s__GGB9602_SGB15028	9	9	1.0	-0.19679120326623634	0.19679120326623634	-0.19583144601355165	1.0
S2_BCN12_AS_NR	ridge	s__GGB2987_SGB3969	9	9	1.0	-0.19609985515432163	0.19609985515432163	-0.08194922235621388	1.0
S2_BCN12_AS_NR	ridge	s__Actinomyces_oris	9	9	1.0	-0.19594182638076998	0.19594182638076998	-0.0956829022432908	1.0
S2_BCN12_AS_NR	ridge	s__GGB9210_SGB14149	8	8	1.0	-0.1904666864540766	0.1959061034800308	-0.1245420714288776	0.875
S2_BCN12_AS_NR	ridge	s__Christensenella_sp_Marseille_P3954	7	7	1.0	0.172492234229908	0.19496417099005034	0.03387599078067338	0.7142857142857143
S2_BCN12_AS_NR	ridge	s__GGB9361_SGB14336	8	8	1.0	0.19453831607755567	0.19453831607755567	0.20142073414546888	1.0
S2_BCN12_AS_NR	ridge	s__GGB9788_SGB15411	9	9	1.0	0.15706139907005875	0.1943866662319072	0.13521745775079155	0.8888888888888888
S2_BCN12_AS_NR	ridge	s__Bifidobacterium_adolescentis	9	9	1.0	0.19393290234266464	0.19393290234266464	0.1829155460761601	1.0
S2_BCN12_AS_NR	ridge	s__Collinsella_SGB14987	9	9	1.0	0.1937946694303116	0.1937946694303116	0.13973734440111407	1.0
S2_BCN12_AS_NR	ridge	s__Bacteroides_salyersiae	9	9	1.0	0.19302802449367532	0.19302802449367532	0.22739346595319457	1.0
S2_BCN12_AS_NR	ridge	s__GGB3534_SGB4722	9	9	1.0	-0.1903165784516006	0.1903165784516006	-0.05995738962760024	1.0
S2_BCN12_AS_NR	ridge	s__GGB80140_SGB15224	9	9	1.0	0.18990696352764724	0.18990696352764724	0.16754917442284975	1.0
S2_BCN12_AS_NR	ridge	s__GGB9453_SGB14845	9	9	1.0	0.16747152203925386	0.18811985133670317	0.04532791231174894	0.8888888888888888
S2_BCN12_AS_NR	ridge	s__GGB9760_SGB15374	9	9	1.0	-0.18760868790864962	0.18760868790864962	-0.1305180912667579	1.0
S2_BCN12_AS_NR	ridge	s__GGB35068_SGB47850	9	9	1.0	0.18625625962016035	0.18625625962016035	0.1274820835738339	1.0
S2_BCN12_AS_NR	ridge	s__GGB1662_SGB2276	2	2	1.0	-0.1855480021045481	0.1855480021045481	-0.1855480021045481	1.0
S2_BCN12_AS_NR	ridge	s__Haemophilus_parainfluenzae	9	9	1.0	0.1779970162097447	0.185130942658496	0.12297044916121969	0.7777777777777778
S2_BCN12_AS_NR	ridge	s__Streptococcus_sanguinis	9	9	1.0	0.18446793124087296	0.18446793124087296	0.08801587367564359	1.0
S2_BCN12_AS_NR	ridge	s__Neobittarella_massiliensis	9	9	1.0	-0.1843550211820969	0.1843550211820969	-0.1254236502019146	1.0
S2_BCN12_AS_NR	ridge	s__Veillonella_rogosae	3	3	1.0	-0.18373806286542427	0.18373806286542427	-0.08303433049091441	1.0
S2_BCN12_AS_NR	ridge	s__Butyricimonas_faecihominis	9	9	1.0	0.18315217560610797	0.18315217560610797	0.17764085915313182	1.0
S2_BCN12_AS_NR	ridge	s__GGB16040_SGB9347	9	9	1.0	0.18285199631690507	0.18285199631690507	0.14546483683286435	1.0
S2_BCN12_AS_NR	ridge	s__Clostridium_sp_1001270J_160509_D11	9	9	1.0	0.04179362516924432	0.1827976515203449	0.016854020276571582	0.6666666666666666
S2_BCN12_AS_NR	ridge	s__GGB9561_SGB14972	7	7	1.0	0.18195612481288387	0.18195612481288387	0.14986357469579745	1.0
S2_BCN12_AS_NR	ridge	s__Actinomyces_sp_ICM58	9	9	1.0	0.18066885271475416	0.18066885271475416	0.09529455026380804	1.0
S2_BCN12_AS_NR	ridge	s__Romboutsia_timonensis	9	9	1.0	-0.18012719047230485	0.18014108490860237	-0.07521115829952617	0.8888888888888888
S2_BCN12_AS_NR	ridge	s__Oscillibacter_sp_ER4	9	9	1.0	-0.1743418992430623	0.17997465856048453	-0.2456974081316757	0.8888888888888888
S2_BCN12_AS_NR	ridge	s__GGB45497_SGB63169	9	9	1.0	-0.17743699713548394	0.17924281464619934	-0.11573514253205569	0.8888888888888888
S2_BCN12_AS_NR	ridge	s__Clostridium_sp_AM33_3	9	9	1.0	-0.17123024830601186	0.1789479518949174	-0.10800339945646605	0.7777777777777778
S2_BCN12_AS_NR	ridge	s__Blautia_hansenii	9	9	1.0	0.17102382365792324	0.1782839246511568	0.07714189082631907	0.8888888888888888
S2_BCN12_AS_NR	ridge	s__Mogibacterium_diversum	9	9	1.0	0.17768475850960902	0.17814818150340525	0.15724167609122713	0.8888888888888888
S2_BCN12_AS_NR	ridge	s__Anaeromassilibacillus_sp_An250	9	9	1.0	0.17808888158161162	0.17808888158161162	0.12757918842082197	1.0
S2_BCN12_AS_NR	ridge	s__GGB9707_SGB15229	9	9	1.0	-0.17796574158318304	0.17796574158318304	-0.1934445296521758	1.0
S2_BCN12_AS_NR	ridge	s__Ellagibacter_isourolithinifaciens	9	9	1.0	-0.17614711551011347	0.17614711551011347	-0.10751827170427973	1.0
S2_BCN12_AS_NR	ridge	s__GGB9677_SGB15180	9	9	1.0	0.1758459084386582	0.1758459084386582	0.1148374652715722	1.0
S2_BCN12_AS_NR	ridge	s__Slackia_isoflavoniconvertens	9	9	1.0	-0.174489924657047	0.174489924657047	-0.11778991889236741	1.0
S2_BCN12_AS_NR	ridge	s__GGB9699_SGB15216	9	9	1.0	0.1731957838122811	0.17430651388427734	0.17911894584959745	0.8888888888888888
S2_BCN12_AS_NR	ridge	s__Lachnotalea_sp_AF33_28	9	9	1.0	-0.17061244556336866	0.17341589743492913	-0.08701159313285287	0.8888888888888888
S2_BCN12_AS_NR	ridge	s__GGB9747_SGB15356	9	9	1.0	-0.17337622161265898	0.17337622161265898	-0.060351635273610336	1.0
S2_BCN12_AS_NR	ridge	s__Pseudoflavonifractor_capillosus	9	9	1.0	0.16040826784698262	0.17321074693378033	0.11576870660314689	0.8888888888888888
S2_BCN12_AS_NR	ridge	s__GGB9524_SGB14923	1	1	1.0	-0.1731303323088194	0.1731303323088194	-0.1731303323088194	1.0
S2_BCN12_AS_NR	ridge	s__Anaerobutyricum_soehngenii	9	9	1.0	-0.1083100902475619	0.1723878667896232	-0.10002750917740803	0.7777777777777778
S2_BCN12_AS_NR	ridge	s__Lactobacillus_gasseri	9	9	1.0	0.1718198026837609	0.1718198026837609	0.1081184104570367	1.0
S2_BCN12_AS_NR	ridge	s__Clostridium_sp_AM22_11AC	9	9	1.0	0.17132564697553465	0.17132564697553465	0.12342518498514973	1.0
S2_BCN12_AS_NR	ridge	s__GGB9522_SGB14921	9	9	1.0	-0.1710458945923698	0.1710458945923698	-0.13624004931435296	1.0
S2_BCN12_AS_NR	ridge	s__GGB34900_SGB14891	9	9	1.0	0.16953151089334234	0.16953151089334234	0.10189856066502927	1.0
S2_BCN12_AS_NR	ridge	s__GGB9602_SGB15031	9	9	1.0	0.16679754405298464	0.16949779436675966	0.06073044545618379	0.8888888888888888
S2_BCN12_AS_NR	ridge	s__Collinsella_SGB4121	9	9	1.0	-0.16941170641524833	0.16941170641524833	-0.12666857611158314	1.0
S2_BCN12_AS_NR	ridge	s__Oscillibacter_sp_PC13	8	8	1.0	0.16902090173517684	0.16920352201994032	0.11354905516376344	0.875
S2_BCN12_AS_NR	ridge	s__Eubacterium_sp_AF34_35BH	9	9	1.0	0.06089245598389806	0.16886029643261136	0.04606279001501289	0.6666666666666666
S2_BCN12_AS_NR	ridge	s__Pseudoruminococcus_massiliensis	8	8	1.0	-0.1631743947028499	0.16879693478666244	-0.17360134238096328	0.875
S2_BCN12_AS_NR	ridge	s__GGB9708_SGB15234	9	9	1.0	0.16581892458916353	0.16877077615798097	0.14103427883993336	0.8888888888888888
S2_BCN12_AS_NR	ridge	s__Dysosmobacter_welbionis	9	9	1.0	0.1605277350071156	0.1686801232111459	0.138478961289583	0.8888888888888888
S2_BCN12_AS_NR	ridge	s__Alistipes_ihumii	9	9	1.0	0.16357027863114884	0.1677122926467666	0.0753712835874516	0.7777777777777778
S2_BCN12_AS_NR	ridge	s__GGB9453_SGB14844	9	9	1.0	0.16769792318196422	0.16769792318196422	0.05526082337501919	1.0
S2_BCN12_AS_NR	ridge	s__Bifidobacterium_pseudocatenulatum	9	9	1.0	0.16733781655979948	0.16733781655979948	0.18102333985829153	1.0
S2_BCN12_AS_NR	ridge	s__GGB45432_SGB63101	9	9	1.0	-0.1315001917617583	0.16715430009697538	-0.10060512207385827	0.8888888888888888
S2_BCN12_AS_NR	ridge	s__Actinomyces_dentalis	2	2	1.0	-0.16647329977006264	0.16647329977006264	-0.16647329977006264	1.0
S2_BCN12_AS_NR	ridge	s__GGB9713_SGB15249	9	9	1.0	-0.16321275582722505	0.16619147872863194	-0.1842992027054003	0.7777777777777778
S2_BCN12_AS_NR	ridge	s__GGB9786_SGB15409	9	9	1.0	-0.16574205726571534	0.16574205726571534	-0.10336507298645116	1.0
S2_BCN12_AS_NR	ridge	s__GGB9646_SGB15123	9	9	1.0	-0.10891857347934647	0.16573139037164522	-0.059457498581255395	0.7777777777777778
S2_BCN12_AS_NR	ridge	s__Butyricimonas_paravirosa	9	9	1.0	0.16489367553603582	0.1656256364405097	0.07744283243017401	0.8888888888888888
S2_BCN12_AS_NR	ridge	s__GGB9512_SGB14909	9	9	1.0	-0.14637068499324138	0.16339111838591294	-0.12435763552974927	0.8888888888888888
S2_BCN12_AS_NR	ridge	s__GGB3475_SGB4638	8	8	1.0	-0.09195811491668346	0.1630708755280711	0.015400279364196573	0.625
S2_BCN12_AS_NR	ridge	s__Bifidobacterium_animalis	9	9	1.0	0.1517843614979569	0.16200526535168822	0.058718597197199	0.8888888888888888
S2_BCN12_AS_NR	ridge	s__Solibaculum_mannosilyticum	9	9	1.0	-0.10141278134350572	0.1616899752466136	-0.02727255527453549	0.6666666666666666
S2_BCN12_AS_NR	ridge	s__Faecalitalea_cylindroides	9	9	1.0	-0.16156238764006825	0.16156238764006825	-0.09426677749107064	1.0
S2_BCN12_AS_NR	ridge	s__GGB34228_SGB72916	4	4	1.0	0.026036086100849364	0.16139923411929366	-0.0016082268690317328	0.5
S2_BCN12_AS_NR	ridge	s__GGB4599_SGB6362	7	7	1.0	0.007599409627012251	0.1607124725167183	0.015719561795300638	0.5714285714285714
S2_BCN12_AS_NR	ridge	s__Alloscardovia_omnicolens	9	9	1.0	-0.11424958059859305	0.16042361560501892	-0.05319761391293949	0.8888888888888888
S2_BCN12_AS_NR	ridge	s__GGB9635_SGB15103	2	2	1.0	-0.1603584132442729	0.1603584132442729	-0.1603584132442729	1.0
S2_BCN12_AS_NR	ridge	s__Clostridium_sp_Marseille_P3244	9	9	1.0	0.15933378564761783	0.16017886522303895	0.15296506584415817	0.7777777777777778
S2_BCN12_AS_NR	ridge	s__Butyricicoccus_sp_AM29_23AC	9	9	1.0	0.15786573243343874	0.15786573243343874	0.0881762069012147	1.0
S2_BCN12_AS_NR	ridge	s__Catenibacterium_SGB4425	7	7	1.0	0.15719067060954267	0.15719067060954267	0.07869229806712201	1.0
S2_BCN12_AS_NR	ridge	s__Eubacterium_callanderi	6	6	1.0	0.11690574141190595	0.15571877539584172	0.028423407138998665	0.8333333333333334
S2_BCN12_AS_NR	ridge	s__Coprococcus_SGB4669	9	9	1.0	-0.1266882501802992	0.1549482852227096	-0.06230048439765528	0.8888888888888888
S2_BCN12_AS_NR	ridge	s__Lachnospira_sp_NSJ_43	9	9	1.0	0.13798832030674565	0.15494327530430138	0.12344515865141144	0.6666666666666666
S2_BCN12_AS_NR	ridge	s__GGB9781_SGB66170	9	9	1.0	0.15371863569313565	0.15371863569313565	0.09920511319178228	1.0
S2_BCN12_AS_NR	ridge	s__GGB9781_SGB15402	9	9	1.0	0.15315024331197524	0.15315024331197524	0.05215381012748728	1.0
S2_BCN12_AS_NR	ridge	s__Clostridium_sp_AF36_4	9	9	1.0	-0.14564203371682735	0.15294585931273774	-0.053898439328993755	0.8888888888888888
S2_BCN12_AS_NR	ridge	s__Dialister_invisus	9	9	1.0	0.13450822203209917	0.15270530603943913	0.06707435913621679	0.7777777777777778
S2_BCN12_AS_NR	ridge	s__Sanguibacter_SGB15121	9	9	1.0	-0.15169970404444194	0.1520826549940304	-0.12358089600859477	0.8888888888888888
S2_BCN12_AS_NR	ridge	s__GGB9524_SGB14924	9	9	1.0	0.09440057711634711	0.15189737015031127	0.03809052653916752	0.7777777777777778
S2_BCN12_AS_NR	ridge	s__Lachnospira_pectinoschiza	9	9	1.0	-0.08308843595587734	0.15176817303326803	-0.006050060484732376	0.6666666666666666
S2_BCN12_AS_NR	ridge	s__Clostridium_sp_AT4	9	9	1.0	0.15166994371647183	0.15166994371647183	0.06636339743835824	1.0
S2_BCN12_AS_NR	ridge	s__GGB3304_SGB4367	9	9	1.0	-0.15074500608581473	0.15074500608581473	-0.15387572492418036	1.0
S2_BCN12_AS_NR	ridge	s__GGB9501_SGB14898	9	9	1.0	0.14621858018718173	0.15073500119846792	0.1027950668216864	0.8888888888888888
S2_BCN12_AS_NR	ridge	s__Angelakisella_massiliensis	8	8	1.0	-0.14261836855340515	0.15065387073728642	-0.07943003996666759	0.875
S2_BCN12_AS_NR	ridge	s__Turicibacter_sanguinis	9	9	1.0	0.13272935171238526	0.14995850795801596	0.05586471919096509	0.8888888888888888
S2_BCN12_AS_NR	ridge	s__GGB33469_SGB15236	9	9	1.0	-0.13440381126619172	0.14980502818792393	-0.0368497730093022	0.8888888888888888
S2_BCN12_AS_NR	ridge	s__GGB2998_SGB3989	9	9	1.0	0.14906574883012877	0.14906574883012877	0.1027908798776757	1.0
S2_BCN12_AS_NR	ridge	s__Lancefieldella_parvula	9	9	1.0	-0.14119260755492644	0.1490418033935842	-0.07111543910382541	0.8888888888888888
S2_BCN12_AS_NR	ridge	s__GGB3819_SGB5184	9	9	1.0	-0.13987409672211026	0.14889126785483098	-0.18371697325962147	0.8888888888888888
S2_BCN12_AS_NR	ridge	s__Erysipelatoclostridium_ramosum	9	9	1.0	-0.14875441257251798	0.14875441257251798	-0.06719923280595418	1.0
S2_BCN12_AS_NR	ridge	s__Alistipes_SGB2313	5	5	1.0	-0.1485447450312072	0.1485447450312072	-0.06147832932514698	1.0
S2_BCN12_AS_NR	ridge	s__Methanobrevibacter_smithii	9	9	1.0	-0.14169087835607608	0.14757150753184334	-0.07260514260615679	0.8888888888888888
S2_BCN12_AS_NR	ridge	s__Phascolarctobacterium_SGB4573	9	9	1.0	0.14740139767012397	0.14740139767012397	0.07503854956322469	1.0
S2_BCN12_AS_NR	ridge	s__Clostridium_perfringens	8	8	1.0	-0.04360732865764701	0.14685166543719824	-0.023776598220750043	0.875
S2_BCN12_AS_NR	ridge	s__Eubacterium_SGB4961	9	9	1.0	-0.14291588546498665	0.14609555534387528	-0.07965510932961513	0.7777777777777778
S2_BCN12_AS_NR	ridge	s__GGB33469_SGB15237	9	9	1.0	-0.1459775425713058	0.1459775425713058	-0.09468898034396715	1.0
S2_BCN12_AS_NR	ridge	s__Victivallis_lenta	5	5	1.0	-0.07874856278333744	0.14566790085523848	-0.02393202133441257	0.6
S2_BCN12_AS_NR	ridge	s__Ruminococcus_sp_BSD2780120874_150323_B10	9	9	1.0	-0.13805340735883773	0.14562444422120713	-0.06691769052174634	0.7777777777777778
S2_BCN12_AS_NR	ridge	s__Christensenella_hongkongensis	9	9	1.0	0.11566131064227742	0.14540554414146215	0.08795846140608644	0.7777777777777778
S2_BCN12_AS_NR	ridge	s__Prevotella_copri_clade_A	9	9	1.0	-0.135132411806925	0.14352648486883493	-0.08424396254103271	0.7777777777777778
S2_BCN12_AS_NR	ridge	s__Limosilactobacillus_fermentum	9	9	1.0	0.14340764824490992	0.14340764824490992	0.12059789840993793	1.0
S2_BCN12_AS_NR	ridge	s__Collinsella_aerofaciens	9	9	1.0	-0.13385513538649665	0.14296398534785432	-0.10030609146027872	0.8888888888888888
S2_BCN12_AS_NR	ridge	s__GGB9342_SGB14306	9	9	1.0	-0.1297597230189674	0.1427143650883468	-0.042570567352801056	0.7777777777777778
S2_BCN12_AS_NR	ridge	s__GGB79916_SGB4587	6	6	1.0	-0.09621997729279945	0.14141498322243434	-0.05208460545764765	0.5
S2_BCN12_AS_NR	ridge	s__Cuneatibacter_caecimuris	8	8	1.0	0.1275076268180692	0.14141444884499654	0.05622287162661986	0.875
S2_BCN12_AS_NR	ridge	s__GGB3537_SGB4727	9	9	1.0	0.13082586655553083	0.1400160535722311	0.1474982938859455	0.8888888888888888
S2_BCN12_AS_NR	ridge	s__GGB3588_SGB4808	9	9	1.0	0.11253513778110406	0.13982614032025523	0.04125955486143473	0.5555555555555556
S2_BCN12_AS_NR	ridge	s__Desulfovibrio_SGB5077	9	9	1.0	0.1393113649849272	0.1393113649849272	0.08188249974782148	1.0
S2_BCN12_AS_NR	ridge	s__Actinomyces_SGB17163	8	8	1.0	0.09476724377519832	0.1378308047836565	0.05293846827171542	0.875
S2_BCN12_AS_NR	ridge	s__GGB51510_SGB71883	9	9	1.0	-0.1339999081719421	0.1374055701049219	-0.0866343151932688	0.8888888888888888
S2_BCN12_AS_NR	ridge	s__Clostridium_saudiense	9	9	1.0	-0.1366390609878988	0.1366390609878988	-0.09217760816970177	1.0
S2_BCN12_AS_NR	ridge	s__Holdemania_massiliensis	9	9	1.0	-0.13414251095008695	0.13636286703157843	-0.08508047329657763	0.8888888888888888
S2_BCN12_AS_NR	ridge	s__Catenibacillus_scindens	9	9	1.0	-0.12839553244613636	0.13631875627663625	-0.09923064173753983	0.7777777777777778
S2_BCN12_AS_NR	ridge	s__Waltera_intestinalis	9	9	1.0	0.1300989220949762	0.13522936113887624	0.07995357717258603	0.8888888888888888
S2_BCN12_AS_NR	ridge	s__Longibaculum_muris	7	7	1.0	0.13420160435343936	0.13420160435343936	0.07652136687826618	1.0
S2_BCN12_AS_NR	ridge	s__GGB3000_SGB3991	9	9	1.0	-0.08993877295428476	0.13413158298629985	-0.009659337264046802	0.5555555555555556
S2_BCN12_AS_NR	ridge	s__Blautia_glucerasea	9	9	1.0	0.11368599183450415	0.13376471532397843	0.011339056859745662	0.5555555555555556
S2_BCN12_AS_NR	ridge	s__Anaerobutyricum_hallii	9	9	1.0	-0.10481043860876961	0.133487452767444	-0.03898239580027134	0.6666666666666666
S2_BCN12_AS_NR	ridge	s__Ruminococcus_sp_NSJ_13	9	9	1.0	-0.08840613527362279	0.1334617002717874	-0.04816598670522607	0.8888888888888888
S2_BCN12_AS_NR	ridge	s__Streptococcus_infantis	9	9	1.0	-0.13316048530738464	0.13316048530738464	-0.10169068946880233	1.0
S2_BCN12_AS_NR	ridge	s__Bacteroides_caccae	9	9	1.0	-0.11801130333618924	0.13292253570994536	-0.06217927768416263	0.7777777777777778
S2_BCN12_AS_NR	ridge	s__Christensenella_minuta	9	9	1.0	-0.13223300743916022	0.13275149286596688	-0.10308284505209835	0.8888888888888888
S2_BCN12_AS_NR	ridge	s__Holdemania_sp_1001095H_141210_F2	9	9	1.0	0.007949690542435195	0.13241316774691345	0.04030964786566407	0.7777777777777778
S2_BCN12_AS_NR	ridge	s__GGB9296_SGB14253	9	9	1.0	0.13092843607967392	0.1317347881135574	0.11439892284989991	0.8888888888888888
S2_BCN12_AS_NR	ridge	s__Dysosmobacter_sp_BX15	9	9	1.0	0.09320285996840548	0.13144113401393925	0.09698200071615173	0.8888888888888888
S2_BCN12_AS_NR	ridge	s__Alistipes_dispar	9	9	1.0	-0.12243539581075408	0.13136681820152624	-0.03379747358988601	0.7777777777777778
S2_BCN12_AS_NR	ridge	s__Veillonella_dispar	9	9	1.0	-0.05157068981283564	0.13129076592929276	-0.04904892629961788	0.8888888888888888
S2_BCN12_AS_NR	ridge	s__Oscillibacter_valericigenes	9	9	1.0	-0.13104853792267954	0.13104853792267954	-0.10157565480520764	1.0
S2_BCN12_AS_NR	ridge	s__Actinomyces_bouchesdurhonensis	8	8	1.0	0.06383002144101943	0.13058093787236336	0.0592354030731442	0.875
S2_BCN12_AS_NR	ridge	s__Barnesiella_intestinihominis	9	9	1.0	0.0978908663662208	0.13058060957394335	0.07183742089634544	0.8888888888888888
S2_BCN12_AS_NR	ridge	s__Dorea_longicatena	9	9	1.0	-0.12758942889716554	0.13001335520716628	-0.08610134654132397	0.8888888888888888
S2_BCN12_AS_NR	ridge	s__Bittarella_massiliensis	9	9	1.0	-0.11651583637817103	0.12978692134264042	-0.08429779360044215	0.8888888888888888
S2_BCN12_AS_NR	ridge	s__Actinomyces_SGB17168	9	9	1.0	0.11732688123818148	0.12927673158230057	0.10015959532931168	0.7777777777777778
S2_BCN12_AS_NR	ridge	s__GGB3109_SGB4119	9	9	1.0	0.1280897764633026	0.12827672190833717	0.06884412579945831	0.8888888888888888
S2_BCN12_AS_NR	ridge	s__GGB9766_SGB15383	9	9	1.0	0.11243863754001732	0.12788082944789428	0.04837716079747218	0.8888888888888888
S2_BCN12_AS_NR	ridge	s__GGB79734_SGB15291	9	9	1.0	-0.11802723331346411	0.1270815520618025	-0.036548210698895536	0.7777777777777778
S2_BCN12_AS_NR	ridge	s__GGB9621_SGB15073	9	9	1.0	-0.1101829496347648	0.1270123455986264	-0.10481578866118965	0.7777777777777778
S2_BCN12_AS_NR	ridge	s__Clostridium_sp_AM49_4BH	9	9	1.0	-0.12700406796991243	0.12700406796991243	-0.08392646130316228	1.0
S2_BCN12_AS_NR	ridge	s__Streptococcus_SGB15012	9	9	1.0	0.11939670615641572	0.1258496289568777	0.09030202016353214	0.7777777777777778
S2_BCN12_AS_NR	ridge	s__Streptococcus_anginosus	9	9	1.0	0.1131864504762577	0.12573173651775352	0.05348649747398996	0.8888888888888888
S2_BCN12_AS_NR	ridge	s__GGB42378_SGB59548	1	1	1.0	0.12541881736006558	0.12541881736006558	0.12541881736006558	1.0
S2_BCN12_AS_NR	ridge	s__GGB9474_SGB14868	3	3	1.0	0.12537459870094012	0.12537459870094012	0.15338960088305245	1.0
S2_BCN12_AS_NR	ridge	s__GGB9818_SGB15459	9	9	1.0	0.07591375033944617	0.12511478578772425	0.06660024247467296	0.8888888888888888
S2_BCN12_AS_NR	ridge	s__Ruminococcus_bromii	9	9	1.0	-0.08644557094916921	0.12502486949814043	-0.024944831280130215	0.7777777777777778
S2_BCN12_AS_NR	ridge	s__Bacteroides_cellulosilyticus	9	9	1.0	-0.12472100936695599	0.12472100936695599	-0.08024466538578921	1.0
S2_BCN12_AS_NR	ridge	s__Clostridium_spiroforme	9	9	1.0	0.027946253838257537	0.12396086588196414	-0.03551578154149997	0.5555555555555556
S2_BCN12_AS_NR	ridge	s__GGB3463_SGB4621	4	4	1.0	-0.12304836411454176	0.12304836411454176	-0.07366552642850496	1.0
S2_BCN12_AS_NR	ridge	s__Alistipes_indistinctus	9	9	1.0	-0.10092700320412056	0.122882783422741	-0.022692214214594934	0.6666666666666666
S2_BCN12_AS_NR	ridge	s__GGB3167_SGB4181	9	9	1.0	-0.08098126595977571	0.1223947961282058	-0.019393242879583217	0.6666666666666666
S2_BCN12_AS_NR	ridge	s__Clostridium_sp_AF27_2AA	9	9	1.0	-0.04712557914990052	0.1223713791249556	-0.03873464917575026	0.6666666666666666
S2_BCN12_AS_NR	ridge	s__Coprococcus_catus	9	9	1.0	-0.00945482857803006	0.12209926021209583	-0.00480192206571724	0.5555555555555556
S2_BCN12_AS_NR	ridge	s__Eubacterium_ramulus	9	9	1.0	-0.12185123362255822	0.12185123362255822	-0.12345164449186624	1.0
S2_BCN12_AS_NR	ridge	s__Streptococcus_australis	9	9	1.0	0.10965730442345202	0.12181617034924155	0.054156753787999494	0.6666666666666666
S2_BCN12_AS_NR	ridge	s__Mogibacterium_kristiansenii	9	9	1.0	0.056745316763461694	0.12174214633405953	0.05250168240768641	0.6666666666666666
S2_BCN12_AS_NR	ridge	s__Clostridium_butyricum	9	9	1.0	0.0013058800278885408	0.12171333701543224	-0.001598128949238797	0.5555555555555556
S2_BCN12_AS_NR	ridge	s__GGB1420_SGB1957	6	6	1.0	-0.12127754547349373	0.12127754547349373	-0.08822461785676104	1.0
S2_BCN12_AS_NR	ridge	s__Akkermansia_muciniphila	9	9	1.0	-0.07171478866751595	0.11981765679134043	-0.02961170063635072	0.6666666666666666
S2_BCN12_AS_NR	ridge	s__Coprococcus_eutactus	9	9	1.0	0.031215917562718923	0.11912223839277636	0.03183218571670504	0.6666666666666666
S2_BCN12_AS_NR	ridge	s__Candidatus_Nanosynsacchari_sp_TM7_ANC_38_39_G1_1	6	6	1.0	-0.09909500862370134	0.11880214448618852	-0.01213462627417825	0.6666666666666666
S2_BCN12_AS_NR	ridge	s__Parabacteroides_goldsteinii	9	9	1.0	-0.10726666838498121	0.11860669419517447	-0.0658823481971438	0.8888888888888888
S2_BCN12_AS_NR	ridge	s__GGB51647_SGB4348	9	9	1.0	0.0009246670359037532	0.11836580514170775	0.034029336116314216	0.6666666666666666
S2_BCN12_AS_NR	ridge	s__GGB9782_SGB15403	9	9	1.0	-0.11236515099212391	0.11826960054855605	-0.047219803269098415	0.7777777777777778
S2_BCN12_AS_NR	ridge	s__Massilimicrobiota_sp_An134	9	9	1.0	-0.031981483559889994	0.11792498289708327	-0.0024373664126165952	0.5555555555555556
S2_BCN12_AS_NR	ridge	s__GGB2653_SGB3574	9	9	1.0	0.1177581470378391	0.1177581470378391	0.03691314490814673	1.0
S2_BCN12_AS_NR	ridge	s__Lacrimispora_amygdalina	9	9	1.0	0.040083176190470714	0.11683301748967162	0.03760503883326786	0.7777777777777778
S2_BCN12_AS_NR	ridge	s__Clostridium_sp_AF34_13	9	9	1.0	0.09416727878829724	0.11658553212699811	0.02168051928569596	0.6666666666666666
S2_BCN12_AS_NR	ridge	s__GGB51959_SGB72479	9	9	1.0	-0.057326587889616275	0.11613037099672296	-0.02831265096067901	0.6666666666666666
S2_BCN12_AS_NR	ridge	s__Ruminococcus_gnavus	9	9	1.0	0.10821999432575732	0.11589640913784915	0.08901442079288358	0.8888888888888888
S2_BCN12_AS_NR	ridge	s__Eggerthella_lenta	9	9	1.0	0.11549405797466565	0.11567798114757578	0.06619487164309881	0.8888888888888888
S2_BCN12_AS_NR	ridge	s__GGB9765_SGB15382	9	9	1.0	0.10150750798998429	0.11521796556634706	0.05602049892918678	0.7777777777777778
S2_BCN12_AS_NR	ridge	s__Vescimonas_fastidiosa	4	4	1.0	-0.10833437534106284	0.11502230134635803	-0.09315660925362045	0.75
S2_BCN12_AS_NR	ridge	s__Dorea_sp_AF24_7LB	9	9	1.0	-0.057141928755323645	0.11434299017051029	-0.03225173951017877	0.7777777777777778
S2_BCN12_AS_NR	ridge	s__Eubacterium_ventriosum	9	9	1.0	-0.10683720878266188	0.11375844715201083	-0.02870694982318365	0.7777777777777778
S2_BCN12_AS_NR	ridge	s__GGB42389_SGB59559	9	9	1.0	-0.06956116996452669	0.11336011341038559	-0.020433412447086716	0.6666666666666666
S2_BCN12_AS_NR	ridge	s__Granulicatella_SGB8255	9	9	1.0	-0.06719890883295133	0.1129435109993478	-0.03101354136967524	0.6666666666666666
S2_BCN12_AS_NR	ridge	s__Ruminococcus_SGB4421	9	9	1.0	0.10781292592276646	0.11291220383771597	0.14536497498764953	0.7777777777777778
S2_BCN12_AS_NR	ridge	s__Anaerococcus_SGB53821	9	9	1.0	-0.11275414910280664	0.11275414910280664	-0.06555573023707462	1.0
S2_BCN12_AS_NR	ridge	s__Butyricimonas_virosa	9	9	1.0	-0.10439556121073364	0.11260563673579381	-0.1035251021702085	0.7777777777777778
S2_BCN12_AS_NR	ridge	s__Solobacterium_SGB6829	7	7	1.0	-0.04797129064861703	0.1121187607158499	0.009562878346551482	0.5714285714285714
S2_BCN12_AS_NR	ridge	s__Butyricimonas_SGB15260	9	9	1.0	-0.104944774842124	0.11174704696345421	-0.03743222620324195	0.8888888888888888
S2_BCN12_AS_NR	ridge	s__Bacteroides_clarus	9	9	1.0	0.00786391456908559	0.11173017318114141	-0.02867178016216005	0.6666666666666666
S2_BCN12_AS_NR	ridge	s__Coprobacter_secundus	9	9	1.0	-0.022072075811973242	0.11155423584938065	-0.0007440175690120069	0.5555555555555556
S2_BCN12_AS_NR	ridge	s__GGB9790_SGB15413	9	9	1.0	0.000889602251765821	0.11101080882101956	0.007609862734831713	0.6666666666666666
S2_BCN12_AS_NR	ridge	s__Blautia_obeum	9	9	1.0	-0.11033225168252717	0.11033225168252717	-0.07956413803689708	1.0
S2_BCN12_AS_NR	ridge	s__Collinsella_intestinalis	8	8	1.0	-0.07568121068344082	0.11006211028170661	-0.02234470432616719	0.75
S2_BCN12_AS_NR	ridge	s__Massiliimalia_massiliensis	9	9	1.0	-0.10602741718444124	0.10991619551861836	-0.04478067387556767	0.8888888888888888
S2_BCN12_AS_NR	ridge	s__Phascolarctobacterium_succinatutens	9	9	1.0	0.10984011073702894	0.10984011073702894	0.07517574966773291	1.0
S2_BCN12_AS_NR	ridge	s__Corynebacterium_durum	8	8	1.0	0.10941549503820655	0.10941549503820655	0.0518848245572054	1.0
S2_BCN12_AS_NR	ridge	s__Mediterraneibacter_glycyrrhizinilyticus	9	9	1.0	0.10940585928442825	0.10940585928442825	0.07087578286012014	1.0
S2_BCN12_AS_NR	ridge	s__Propionibacterium_acidifaciens	7	7	1.0	-0.10938291645979244	0.10938291645979244	-0.03060745753439527	1.0
S2_BCN12_AS_NR	ridge	s__Monoglobus_pectinilyticus	9	9	1.0	-0.08817283890781771	0.10895206936119943	-0.02636135898723822	0.8888888888888888
S2_BCN12_AS_NR	ridge	s__Enterococcus_faecium	9	9	1.0	-0.0987063004521284	0.1085828438323857	-0.039654539998093485	0.7777777777777778
S2_BCN12_AS_NR	ridge	s__Klebsiella_pneumoniae	9	9	1.0	0.08130085954146138	0.10839375856143754	0.05207952203812248	0.5555555555555556
S2_BCN12_AS_NR	ridge	s__GGB9634_SGB15093	9	9	1.0	-0.10835403842586934	0.10835403842586934	-0.06693496645483606	1.0
S2_BCN12_AS_NR	ridge	s__GGB77437_SGB9391	9	9	1.0	0.10796081436493549	0.10796081436493549	0.07623138637360036	1.0
S2_BCN12_AS_NR	ridge	s__Anaerostipes_caccae	9	9	1.0	0.0882285436020177	0.10767527417458994	0.005744740810075188	0.6666666666666666
S2_BCN12_AS_NR	ridge	s__GGB52106_SGB72838	9	9	1.0	-0.1075200659605221	0.1075200659605221	-0.04638918028099135	1.0
S2_BCN12_AS_NR	ridge	s__Holdemanella_porci	9	9	1.0	0.10712895195233123	0.10712895195233123	0.11479274411338586	1.0
S2_BCN12_AS_NR	ridge	s__Actinomyces_massiliensis	8	8	1.0	0.06836491938615344	0.10698860951737083	0.056674515730680386	0.875
S2_BCN12_AS_NR	ridge	s__Eubacterium_SGB6276	9	9	1.0	-0.02560145132431975	0.10661957485473178	-0.029785607335757688	0.7777777777777778
S2_BCN12_AS_NR	ridge	s__GGB2977_SGB3959	9	9	1.0	-0.10574413553360532	0.10574413553360532	-0.07623656047842063	1.0
S2_BCN12_AS_NR	ridge	s__Anaerotignum_faecicola	9	9	1.0	-0.062193507599700784	0.10571440111292407	-0.06460468911557017	0.7777777777777778
S2_BCN12_AS_NR	ridge	s__GGB9770_SGB15389	9	9	1.0	0.05560293964524459	0.1055493281320959	0.0303305470648274	0.8888888888888888
S2_BCN12_AS_NR	ridge	s__GGB9708_SGB15233	9	9	1.0	0.004961775980635473	0.10537223529254751	-0.011509443743071338	0.5555555555555556
S2_BCN12_AS_NR	ridge	s__Mogibacterium_sp_BX12	9	9	1.0	-0.10523267122555771	0.10523267122555771	-0.04237353819265377	1.0
S2_BCN12_AS_NR	ridge	s__Holdemanella_biformis	4	4	1.0	-0.0011064287782922462	0.10510726100273522	0.03199241992372821	0.5
S2_BCN12_AS_NR	ridge	s__Dysosmobacter_sp_NSJ_60	9	9	1.0	-0.10460638585132248	0.10460638585132248	-0.0658449037980312	1.0
S2_BCN12_AS_NR	ridge	s__Emergencia_timonensis	8	8	1.0	0.0492594865954244	0.10418881204522469	0.014560536691884911	0.5
S2_BCN12_AS_NR	ridge	s__GGB9350_SGB14317	8	8	1.0	-0.04376378512630531	0.10410471746158399	-0.039791541681725925	0.75
S2_BCN12_AS_NR	ridge	s__Clostridium_fessum	9	9	1.0	0.10301606702507816	0.10401701192346038	0.0928551028718462	0.8888888888888888
S2_BCN12_AS_NR	ridge	s__GGB45495_SGB63167	9	9	1.0	-0.10230404824584975	0.10390551172293674	-0.048746302553236615	0.8888888888888888
S2_BCN12_AS_NR	ridge	s__Clostridium_SGB4750	9	9	1.0	0.10386028926896	0.10386028926896	0.11333906140351874	1.0
S2_BCN12_AS_NR	ridge	s__GGB79630_SGB13983	9	9	1.0	-0.014706638290659359	0.10331473821778306	0.010760785801655466	0.5555555555555556
S2_BCN12_AS_NR	ridge	s__Roseburia_inulinivorans	9	9	1.0	-0.07276642842531808	0.10260173181136903	-0.02996969221651173	0.7777777777777778
S2_BCN12_AS_NR	ridge	s__Enterocloster_SGB14313	9	9	1.0	-0.02228400091670972	0.10253918242508044	-0.0034124017496765984	0.5555555555555556
S2_BCN12_AS_NR	ridge	s__Hydrogenoanaerobacterium_saccharovorans	9	9	1.0	0.08334069834436116	0.10246816744939136	0.03635442657706654	0.8888888888888888
S2_BCN12_AS_NR	ridge	s__Merdimonas_faecis	9	9	1.0	0.017991072479204315	0.10236172013377673	0.027508930887063587	0.7777777777777778
S2_BCN12_AS_NR	ridge	s__Gordonibacter_urolithinfaciens	9	9	1.0	-0.0712015125079016	0.10201224066279448	-0.0324106741350155	0.7777777777777778
S2_BCN12_AS_NR	ridge	s__GGB9719_SGB15273	9	9	1.0	0.09975107316889448	0.10178348124456772	0.03087851139558846	0.8888888888888888
S2_BCN12_AS_NR	ridge	s__Roseburia_sp_BX1005	9	9	1.0	-0.07807640648630265	0.10147701092937161	-0.04822511727307587	0.7777777777777778
S2_BCN12_AS_NR	ridge	s__Hydrogeniiclostidium_mannosilyticum	9	9	1.0	-0.07313234673946803	0.10114870393971134	-0.02352028376732027	0.7777777777777778
S2_BCN12_AS_NR	ridge	s__GGB3619_SGB4894	9	9	1.0	-0.10080388154707638	0.10080388154707638	-0.056149085588607726	1.0
S2_BCN12_AS_NR	ridge	s__Raoultibacter_massiliensis	5	5	1.0	0.10049006125857107	0.10049006125857107	0.07986959001343939	1.0
S2_BCN12_AS_NR	ridge	s__Senegalimassilia_anaerobia	9	9	1.0	-0.009086786478614254	0.10026257310645198	-0.011939997320930705	0.7777777777777778
S2_BCN12_AS_NR	ridge	s__Alistipes_communis	9	9	1.0	0.007953423966521553	0.09848240236266159	0.020033804852988394	0.6666666666666666
S2_BCN12_AS_NR	ridge	s__Escherichia_coli	9	9	1.0	0.0768745348569528	0.09838735651198348	0.017573597193758665	0.5555555555555556
S2_BCN12_AS_NR	ridge	s__Ruminococcus_torques	9	9	1.0	0.04341953012488606	0.09672945438969946	0.016590222892347295	0.6666666666666666
S2_BCN12_AS_NR	ridge	s__Blautia_SGB4815	9	9	1.0	-0.034552333777053315	0.09666211749333116	0.018081328029120377	0.6666666666666666
S2_BCN12_AS_NR	ridge	s__Roseburia_sp_AM16_25	9	9	1.0	0.0467027156307558	0.09654025835168595	0.04568875144786046	0.7777777777777778
S2_BCN12_AS_NR	ridge	s__GGB1266_SGB1699	9	9	1.0	0.029890760743407383	0.09616167287829219	0.01498265333498114	0.6666666666666666
S2_BCN12_AS_NR	ridge	s__Clostridium_sp_AF12_28	9	9	1.0	-0.06604234004046565	0.09524928617007405	-0.08602202676265992	0.8888888888888888
S2_BCN12_AS_NR	ridge	s__GGB33512_SGB15201	9	9	1.0	-0.06501034727534075	0.09521928428474996	-0.028084542577528602	0.7777777777777778
S2_BCN12_AS_NR	ridge	s__GGB3005_SGB3996	9	9	1.0	0.013966763622462844	0.09498816954405327	-0.011515478060862552	0.6666666666666666
S2_BCN12_AS_NR	ridge	s__Clostridium_SGB4909	9	9	1.0	0.04258386053166208	0.09486739720117614	0.018271708547013023	0.5555555555555556
S2_BCN12_AS_NR	ridge	s__GGB3033_SGB4029	9	9	1.0	-0.03583215368687311	0.09465762717085303	-0.017369765909147794	0.7777777777777778
S2_BCN12_AS_NR	ridge	s__Bilophila_wadsworthia	9	9	1.0	-0.05242689138916994	0.09414865734837541	-0.0518682180008504	0.6666666666666666
S2_BCN12_AS_NR	ridge	s__GGB47687_SGB2286	9	9	1.0	-0.060161601761862374	0.09385274463196884	-0.015706090941108263	0.6666666666666666
S2_BCN12_AS_NR	ridge	s__GGB36267_SGB14177	9	9	1.0	-0.0444629210663324	0.09349091474916749	-0.023428082561317384	0.7777777777777778
S2_BCN12_AS_NR	ridge	s__GGB9290_SGB14247	1	1	1.0	0.09340835022962912	0.09340835022962912	0.09340835022962912	1.0
S2_BCN12_AS_NR	ridge	s__Blautia_sp_MSK_20_85	9	9	1.0	0.06506014504313161	0.0931746441825328	0.00874876974282566	0.6666666666666666
S2_BCN12_AS_NR	ridge	s__Bacteroides_intestinalis	9	9	1.0	-0.021094432161865847	0.09311863725815675	-0.022069580843309757	0.5555555555555556
S2_BCN12_AS_NR	ridge	s__Enterocloster_clostridioformis	9	9	1.0	-0.08660258659999592	0.09309919810056504	-0.08182149091580802	0.8888888888888888
S2_BCN12_AS_NR	ridge	s__Ruminococcus_sp_AF41_9	8	8	1.0	0.0917302037541423	0.09271217612754645	0.049688578792333515	0.875
S2_BCN12_AS_NR	ridge	s__GGB42994_SGB4746	9	9	1.0	-0.018995457951437013	0.09244866071801708	0.003442464391874846	0.5555555555555556
S2_BCN12_AS_NR	ridge	s__Clostridium_sp_NSJ_42	9	9	1.0	-0.05524400693291545	0.09228454408053215	-0.02772523195094842	0.5555555555555556
S2_BCN12_AS_NR	ridge	s__GGB3653_SGB4964	9	9	1.0	-0.059568301248063484	0.09209832651341292	-0.036866752173167455	0.6666666666666666
S2_BCN12_AS_NR	ridge	s__GGB9758_SGB15368	9	9	1.0	-0.009583783035555361	0.09093508635329303	-0.031761375031752734	0.6666666666666666
S2_BCN12_AS_NR	ridge	s__Lacrimispora_saccharolytica	9	9	1.0	0.08460712264412444	0.09064501876376059	0.05038685302870832	0.8888888888888888
S2_BCN12_AS_NR	ridge	s__GGB2848_SGB3813	9	9	1.0	-0.07802079678427758	0.09031441305339843	-0.05041769527871659	0.7777777777777778
S2_BCN12_AS_NR	ridge	s__Lachnospira_eligens	9	9	1.0	0.007824812201041968	0.08918466861758415	-0.003939189166509783	0.5555555555555556
S2_BCN12_AS_NR	ridge	s__GGB9719_SGB15272	9	9	1.0	-0.04157619923559649	0.08914899848537433	-0.04393511607332365	0.7777777777777778
S2_BCN12_AS_NR	ridge	s__GGB10485_SGB49305	8	8	1.0	0.08880725818645532	0.08880725818645532	0.08150379581347861	1.0
S2_BCN12_AS_NR	ridge	s__Eisenbergiella_tayi	9	9	1.0	-0.007193480128323491	0.08872027960010638	-0.022320014446449578	0.6666666666666666
S2_BCN12_AS_NR	ridge	s__Candidatus_Catenibacterium_tridentinum	9	9	1.0	0.060935483441859714	0.08863334266427889	0.05636207765591816	0.5555555555555556
S2_BCN12_AS_NR	ridge	s__GGB2970_SGB3952	9	9	1.0	0.08784101316080102	0.08784101316080102	0.06943455211307525	1.0
S2_BCN12_AS_NR	ridge	s__Flavonifractor_plautii	9	9	1.0	0.07897926776991838	0.0878313578533205	0.04633214941207278	0.8888888888888888
S2_BCN12_AS_NR	ridge	s__GGB9712_SGB15244	9	9	1.0	-0.07681299994188605	0.08731558398658644	-0.05728053724264433	0.8888888888888888
S2_BCN12_AS_NR	ridge	s__GGB2958_SGB3940	9	9	1.0	-0.06882387848688644	0.08692055428239151	-0.05683149795172598	0.6666666666666666
S2_BCN12_AS_NR	ridge	s__Anaerofustis_stercorihominis	9	9	1.0	0.026064410004469296	0.08544677334864621	0.00750416631892328	0.5555555555555556
S2_BCN12_AS_NR	ridge	s__Alistipes_senegalensis	9	9	1.0	-0.03781287860730144	0.08512802054559941	-0.056410993925673336	0.6666666666666666
S2_BCN12_AS_NR	ridge	s__Bacteroides_nordii	9	9	1.0	0.071246285257849	0.08457726051502062	0.010857112747522123	0.6666666666666666
S2_BCN12_AS_NR	ridge	s__Phocaeicola_plebeius	9	9	1.0	-0.05074185963489413	0.08425042316853308	0.013215849283242907	0.5555555555555556
S2_BCN12_AS_NR	ridge	s__Lachnoclostridium_sp_An138	7	7	1.0	-0.059317092960152216	0.08364346110180733	-0.020097725645723433	0.7142857142857143
S2_BCN12_AS_NR	ridge	s__Massilioclostridium_coli	9	9	1.0	0.02333243915241197	0.08345801611863905	-0.010030953566791765	0.6666666666666666
S2_BCN12_AS_NR	ridge	s__Blautia_stercoris	9	9	1.0	0.0531234536034574	0.0832078341197227	0.02982408049128525	0.7777777777777778
S2_BCN12_AS_NR	ridge	s__Holdemania_filiformis	9	9	1.0	0.02626850335528402	0.08216003140711278	0.02652715952524478	0.6666666666666666
S2_BCN12_AS_NR	ridge	s__Acidaminococcus_intestini	9	9	1.0	0.07178499892731015	0.08183768886453159	0.04196466895760063	0.7777777777777778
S2_BCN12_AS_NR	ridge	s__Pseudoflavonifractor_sp_An184	9	9	1.0	0.018446563780719016	0.081335559282786	0.01211256511862662	0.5555555555555556
S2_BCN12_AS_NR	ridge	s__Mediterraneibacter_butyricigenes	9	9	1.0	0.020894793952680707	0.08126053873420538	0.007324372901188254	0.5555555555555556
S2_BCN12_AS_NR	ridge	s__GGB9641_SGB15117	9	9	1.0	0.0567871435880803	0.0800954513653534	0.00392478733996323	0.5555555555555556
S2_BCN12_AS_NR	ridge	s__GGB9767_SGB15385	9	9	1.0	-0.01889913902654661	0.07999072076980995	-0.021066531455987723	0.5555555555555556
S2_BCN12_AS_NR	ridge	s__Mediterraneibacter_SGB48424	9	9	1.0	-0.029670913679663697	0.07968633496134266	0.0017440953779053025	0.6666666666666666
S2_BCN12_AS_NR	ridge	s__Bifidobacterium_longum	9	9	1.0	-0.030551150956131725	0.07965704305110029	-0.036789873206034274	0.5555555555555556
S2_BCN12_AS_NR	ridge	s__Lacticaseibacillus_rhamnosus	8	8	1.0	0.026113705334364114	0.07952985421933573	0.024581880741684763	0.625
S2_BCN12_AS_NR	ridge	s__Alistipes_shahii	9	9	1.0	-0.035889083364502423	0.07940194300990265	-0.02890577034868721	0.6666666666666666
S2_BCN12_AS_NR	ridge	s__Blautia_hydrogenotrophica	9	9	1.0	-0.07923690269046396	0.07923704112739749	-0.03328301035113189	0.8888888888888888
S2_BCN12_AS_NR	ridge	s__GGB9614_SGB15049	9	9	1.0	0.0555425562587966	0.07919529048160583	0.025994966400367567	0.6666666666666666
S2_BCN12_AS_NR	ridge	s__Dorea_sp_AF36_15AT	9	9	1.0	-0.00588127153659607	0.07871663613326267	0.0010594841289693496	0.5555555555555556
S2_BCN12_AS_NR	ridge	s__Bacteroides_SGB15210	1	1	1.0	-0.07849412940064299	0.07849412940064299	-0.07849412940064299	1.0
S2_BCN12_AS_NR	ridge	s__GGB9719_SGB53514	8	8	1.0	-0.03551992051503072	0.07740840617280567	-0.012889296612673937	0.5
S2_BCN12_AS_NR	ridge	s__Collinsella_bouchesdurhonensis	9	9	1.0	-0.0029192547060399527	0.07729667433283385	0.00028282421839868205	0.5555555555555556
S2_BCN12_AS_NR	ridge	s__GGB58233_SGB79883	9	9	1.0	0.06257479426441574	0.07693787053108408	0.006049904697667116	0.5555555555555556
S2_BCN12_AS_NR	ridge	s__GGB3109_SGB4643	9	9	1.0	-0.06860103834820971	0.07656174299402363	-0.03472710485054021	0.8888888888888888
S2_BCN12_AS_NR	ridge	s__Clostridium_symbiosum	9	9	1.0	-0.03712432979777073	0.0760235831593057	0.014463137780258106	0.7777777777777778
S2_BCN12_AS_NR	ridge	s__Scardovia_wiggsiae	8	8	1.0	-0.0757042355478219	0.0757042355478219	-0.06275965384542324	1.0
S2_BCN12_AS_NR	ridge	s__Bacteroides_ovatus	9	9	1.0	-0.04484685125343201	0.0751537445375028	0.008476456545765149	0.5555555555555556
S2_BCN12_AS_NR	ridge	s__Actinomyces_SGB17154	9	9	1.0	-0.05504443113669703	0.0749535934795361	-0.0369720590313967	0.7777777777777778
S2_BCN12_AS_NR	ridge	s__Candidatus_Cibionibacter_quicibialis	9	9	1.0	-0.01831563296638369	0.0737118000416816	0.022835276805041115	0.6666666666666666
S2_BCN12_AS_NR	ridge	s__Streptococcus_salivarius	9	9	1.0	-0.06664876837125934	0.07263275332965269	-0.03186463528054126	0.7777777777777778
S2_BCN12_AS_NR	ridge	s__Mediterraneibacter_massiliensis	9	9	1.0	-0.027444470191840473	0.0723281923166529	-0.02803790646499018	0.6666666666666666
S2_BCN12_AS_NR	ridge	s__Mogibacterium_sp_NSJ_24	8	8	1.0	0.06354220176415053	0.07221897456400689	0.011315766038069722	0.625
S2_BCN12_AS_NR	ridge	s__GGB9189_SGB14128	9	9	1.0	0.03778963929481136	0.07184275014234826	0.014968931824247423	0.6666666666666666
S2_BCN12_AS_NR	ridge	s__Senegalimassilia_SGB14826	1	1	1.0	-0.07183084956114136	0.07183084956114136	-0.07183084956114136	1.0
S2_BCN12_AS_NR	ridge	s__GGB3746_SGB5089	9	9	1.0	-0.03357477391465405	0.07173992387339001	-0.0072022795712033795	0.6666666666666666
S2_BCN12_AS_NR	ridge	s__Parabacteroides_distasonis	9	9	1.0	0.03987599326942182	0.07020282180837417	0.02184154124464381	0.7777777777777778
S2_BCN12_AS_NR	ridge	s__Ligilactobacillus_ruminis	1	1	1.0	0.07017008998083352	0.07017008998083352	0.07017008998083352	1.0
S2_BCN12_AS_NR	ridge	s__Bacteroides_faecis	9	9	1.0	-0.019936145971034294	0.06941538966185078	-0.007473576742690778	0.5555555555555556
S2_BCN12_AS_NR	ridge	s__Blautia_wexlerae	9	9	1.0	0.06940023548947241	0.06940023548947241	0.04227608996944548	1.0
S2_BCN12_AS_NR	ridge	s__Coprococcus_comes	9	9	1.0	0.03211808565057579	0.06827335820378486	0.0005261110468737402	0.5555555555555556
S2_BCN12_AS_NR	ridge	s__Odoribacter_splanchnicus	9	9	1.0	0.030533780351778436	0.06774001651868054	-0.011198519725949095	0.5555555555555556
S2_BCN12_AS_NR	ridge	s__Ruminococcus_bicirculans	9	9	1.0	-0.03661051895005201	0.06735491486165796	-0.006190685671963661	0.6666666666666666
S2_BCN12_AS_NR	ridge	s__GGB3142_SGB4155	1	1	1.0	-0.066840578307354	0.066840578307354	-0.066840578307354	1.0
S2_BCN12_AS_NR	ridge	s__Enterococcus_faecalis	9	9	1.0	0.0666709001927641	0.0666709001927641	0.02985500368968908	1.0
S2_BCN12_AS_NR	ridge	s__Rothia_mucilaginosa	9	9	1.0	-0.017598308398962887	0.06657890467750388	-0.017754914211979313	0.6666666666666666
S2_BCN12_AS_NR	ridge	s__Blautia_faecis	9	9	1.0	0.06038119578573712	0.0662684139803366	0.05664054394330572	0.7777777777777778
S2_BCN12_AS_NR	ridge	s__GGB4456_SGB6141	9	9	1.0	0.037984548731120914	0.06589859313382149	0.028014002292422627	0.6666666666666666
S2_BCN12_AS_NR	ridge	s__Gordonibacter_pamelaeae	9	9	1.0	0.022798007075084073	0.06558583635823496	-0.00593045944347645	0.5555555555555556
S2_BCN12_AS_NR	ridge	s__Streptococcus_gordonii	9	9	1.0	0.0453884849350693	0.06521394634876646	0.019676869450126883	0.7777777777777778
S2_BCN12_AS_NR	ridge	s__Blautia_sp_OF03_15BH	9	9	1.0	-0.004056863068889778	0.06495377578079087	-2.4887649248387295e-05	0.5555555555555556
S2_BCN12_AS_NR	ridge	s__Faecalicatena_fissicatena	9	9	1.0	-0.02957893878996825	0.06491872992470397	-0.033675754892700964	0.6666666666666666
S2_BCN12_AS_NR	ridge	s__Phocaeicola_dorei	9	9	1.0	0.054344830007989814	0.06440499568967509	0.017958543952078472	0.6666666666666666
S2_BCN12_AS_NR	ridge	s__Parasutterella_SGB9260	9	9	1.0	0.032228759841630386	0.06381326924499478	0.008584500012643772	0.6666666666666666
S2_BCN12_AS_NR	ridge	s__Fusicatenibacter_saccharivorans	9	9	1.0	0.012121241452034288	0.0621559483718836	0.049464572460377186	0.7777777777777778
S2_BCN12_AS_NR	ridge	s__GGB9619_SGB15067	9	9	1.0	0.05349549164130719	0.061603457478149964	0.023416341434980163	0.7777777777777778
S2_BCN12_AS_NR	ridge	s__GGB9186_SGB14125	9	9	1.0	-0.044678289425774106	0.06143774816431938	-0.02617969014550394	0.8888888888888888
S2_BCN12_AS_NR	ridge	s__Sellimonas_intestinalis	9	9	1.0	-0.034559723010449475	0.06138957597605656	0.0002239534821426581	0.5555555555555556
S2_BCN12_AS_NR	ridge	s__Eubacterium_SGB4671	1	1	1.0	-0.06128678529922847	0.06128678529922847	-0.06128678529922847	1.0
S2_BCN12_AS_NR	ridge	s__Coprobacter_fastidiosus	9	9	1.0	-0.03378689428031331	0.06025003308698296	-0.031212311776107317	0.7777777777777778
S2_BCN12_AS_NR	ridge	s__GGB2998_SGB3988	9	9	1.0	-0.04383174512819422	0.059611695906772275	-0.046018507257526514	0.8888888888888888
S2_BCN12_AS_NR	ridge	s__GGB9787_SGB15410	9	9	1.0	0.048533737509459426	0.059514054018806856	-0.0039850460371551625	0.5555555555555556
S2_BCN12_AS_NR	ridge	s__GGB9691_SGB15198	4	4	1.0	0.0061812532410083516	0.05879707315419435	0.023597849533193625	0.75
S2_BCN12_AS_NR	ridge	s__Ruminococcus_callidus	9	9	1.0	-0.03981518092388353	0.05761852494907517	-0.009606327374275837	0.6666666666666666
S2_BCN12_AS_NR	ridge	s__GGB3510_SGB4687	9	9	1.0	-0.0021625774819543963	0.05719326794893388	-0.0025540755135499815	0.5555555555555556
S2_BCN12_AS_NR	ridge	s__Clostridium_sp_AF20_17LB	9	9	1.0	0.02351172995114008	0.05715029413047924	0.035000381929645705	0.6666666666666666
S2_BCN12_AS_NR	ridge	s__Enterococcus_SGB6173	9	9	1.0	-0.011929652231914023	0.056797662765900245	0.002045408671136554	0.5555555555555556
S2_BCN12_AS_NR	ridge	s__Faecalimonas_umbilicata	9	9	1.0	0.04344074865527832	0.05653251834623777	0.03904018665834174	0.5555555555555556
S2_BCN12_AS_NR	ridge	s__GGB80011_SGB15267	9	9	1.0	-0.05457062104489911	0.054839764001005986	-0.03814793244298354	0.8888888888888888
S2_BCN12_AS_NR	ridge	s__GGB51960_SGB72480	5	5	1.0	0.04370205425822539	0.05430733303799325	-0.0028301183146392486	0.6
S2_BCN12_AS_NR	ridge	s__Clostridium_paraputrificum	1	1	1.0	0.05369899447392362	0.05369899447392362	0.05369899447392362	1.0
S2_BCN12_AS_NR	ridge	s__GGB9240_SGB14182	9	9	1.0	-0.005904190369550083	0.052458672396999334	-0.0181110241144256	0.7777777777777778
S2_BCN12_AS_NR	ridge	s__Faecalibacterium_SGB15315	9	9	1.0	-0.05163051885763724	0.05163051885763724	-0.041169696843277814	1.0
S2_BCN12_AS_NR	ridge	s__Cellulomonas_flavigena	5	5	1.0	0.04542372707166352	0.051347285027042985	0.026800096305245713	0.8
S2_BCN12_AS_NR	ridge	s__GGB3124_SGB4136	1	1	1.0	-0.05086853175289061	0.05086853175289061	-0.05086853175289061	1.0
S2_BCN12_AS_NR	ridge	s__GGB9737_SGB15309	1	1	1.0	0.05049272750856148	0.05049272750856148	0.05049272750856148	1.0
S2_BCN12_AS_NR	ridge	s__Oscillibacter_sp_NSJ_62	8	8	1.0	-0.00986609427038972	0.04883308821607812	-0.009483057470115765	0.625
S2_BCN12_AS_NR	ridge	s__Actinomyces_naeslundii	9	9	1.0	-0.035822560115535196	0.04770204297883713	-0.0018003532875690183	0.5555555555555556
S2_BCN12_AS_NR	ridge	s__Amedibacillus_dolichus	7	7	1.0	-0.010243616857297617	0.04748330584687532	-0.0037282466419962966	0.5714285714285714
S2_BCN12_AS_NR	ridge	s__GGB9608_SGB15041	9	9	1.0	0.020592850701382198	0.045098099192028514	0.012867372727224628	0.6666666666666666
S2_BCN12_AS_NR	ridge	s__Actinomyces_sp_oral_taxon_448	9	9	1.0	-0.012837562530881098	0.04470411305563036	-0.019938668791587608	0.5555555555555556
S2_BCN12_AS_NR	ridge	s__Clostridium_sp_1001271st1_H5	3	3	1.0	-0.04416647384132797	0.04416647384132797	-0.05442740991812086	1.0
S2_BCN12_AS_NR	ridge	s__Ruminococcus_sp_AF46_10NS	1	1	1.0	0.04370738032213266	0.04370738032213266	0.04370738032213266	1.0
S2_BCN12_AS_NR	ridge	s__Olsenella_uli	1	1	1.0	0.04343729412289476	0.04343729412289476	0.04343729412289476	1.0
S2_BCN12_AS_NR	ridge	s__Streptococcus_oralis	8	8	1.0	-0.041806799620287216	0.041806799620287216	-0.021309527983317714	1.0
S2_BCN12_AS_NR	ridge	s__Desulfovibrio_fairfieldensis	8	8	1.0	-0.011380251034461112	0.04172092494847976	-0.0011462179904192327	0.625
S2_BCN12_AS_NR	ridge	s__Paratractidigestivibacter_faecalis	1	1	1.0	-0.04141574057413731	0.04141574057413731	-0.04141574057413731	1.0
S2_BCN12_AS_NR	ridge	s__GGB3593_SGB4817	2	2	1.0	0.038210817497353444	0.038210817497353444	0.038210817497353444	1.0
S2_BCN12_AS_NR	ridge	s__GGB9559_SGB14968	1	1	1.0	-0.02929495939795418	0.02929495939795418	-0.02929495939795418	1.0
S2_BCN12_AS_NR	ridge	s__Allisonella_histaminiformans	2	2	1.0	-0.027226418631818967	0.027226418631818967	-0.027226418631818967	1.0
S2_BCN12_AS_NR	ridge	s__GGB4745_SGB6571	4	4	1.0	0.0098289478923628	0.02527249078780472	0.01917518880535924	0.75
S2_BCN12_AS_NR	ridge	s__GGB4684_SGB6478	1	1	1.0	-0.021325451563023172	0.021325451563023172	-0.021325451563023172	1.0
S2_BCN12_AS_NR	ridge	s__Lactococcus_cremoris	1	1	1.0	-0.02081163211171476	0.02081163211171476	-0.02081163211171476	1.0
S2_BCN12_AS_NR	ridge	s__GGB9261_SGB14209	3	3	1.0	-0.0029752716292569376	0.012886819392463797	-0.005860719773090579	0.6666666666666666
S2_BCN12_AS_NR	ridge	s__GGB9767_SGB15384	1	1	1.0	0.00612230103734782	0.00612230103734782	0.00612230103734782	1.0
S2_BCN12_AS_NR	ridge	s__GGB3446_SGB4597	1	1	1.0	-0.005923055253522638	0.005923055253522638	-0.005923055253522638	1.0
S2_BCN12_AS_NR	ridge	s__GGB3513_SGB4691	1	1	1.0	-0.003306040980831254	0.003306040980831254	-0.003306040980831254	1.0
S3_EXCLUDE_LEE_SITES	ridge	s__Flavonifractor_sp_An100	2	2	1.0	0.6946146700724539	0.6946146700724539	0.6946146700724539	1.0
S3_EXCLUDE_LEE_SITES	ridge	s__Streptococcus_SGB14888	7	7	1.0	-0.39698429872925506	0.39698429872925506	-0.1510359821994143	1.0
S3_EXCLUDE_LEE_SITES	ridge	s__GGB9616_SGB15051	3	3	1.0	-0.38652911753365365	0.38652911753365365	-0.14423687922843118	1.0
S3_EXCLUDE_LEE_SITES	ridge	s__GGB3444_SGB4594	7	7	1.0	-0.3619367606272311	0.3619367606272311	-0.13449472359416367	1.0
S3_EXCLUDE_LEE_SITES	ridge	s__GGB3677_SGB4990	2	2	1.0	-0.3349487419150031	0.3349487419150031	-0.3349487419150031	1.0
S3_EXCLUDE_LEE_SITES	ridge	s__Anaerostipes_hadrus	7	7	1.0	-0.31794485569141606	0.32306560077723845	-0.08211803976989475	0.8571428571428571
S3_EXCLUDE_LEE_SITES	ridge	s__Faecalicatena_contorta	7	7	1.0	0.321820250388663	0.321820250388663	0.12410724093524232	1.0
S3_EXCLUDE_LEE_SITES	ridge	s__Pseudoflavonifractor_gallinarum	7	7	1.0	-0.3177358026340354	0.3177358026340354	-0.08830925862277042	1.0
S3_EXCLUDE_LEE_SITES	ridge	s__Anaerosacchariphilus_sp_NSJ_68	6	6	1.0	-0.299235318710755	0.299235318710755	-0.15463342089422832	1.0
S3_EXCLUDE_LEE_SITES	ridge	s__Bacteroides_eggerthii	7	7	1.0	0.2934756539436151	0.2934756539436151	0.11873915366673808	1.0
S3_EXCLUDE_LEE_SITES	ridge	s__Lachnoclostridium_sp_An131	6	6	1.0	-0.2887258146471356	0.2887258146471356	-0.14087204716657475	1.0
S3_EXCLUDE_LEE_SITES	ridge	s__Anaerotruncus_colihominis	7	7	1.0	-0.28831238377493384	0.28831238377493384	-0.11247404463300047	1.0
S3_EXCLUDE_LEE_SITES	ridge	s__GGB9581_SGB79823	3	3	1.0	-0.2855013838902975	0.2855013838902975	-0.06701985016566228	1.0
S3_EXCLUDE_LEE_SITES	ridge	s__Phascolarctobacterium_faecium	7	7	1.0	0.2816380315502441	0.2816380315502441	0.10689687586827112	1.0
S3_EXCLUDE_LEE_SITES	ridge	s__Vescimonas_coprocola	7	7	1.0	-0.2788314377155966	0.2788314377155966	-0.1435974926715318	1.0
S3_EXCLUDE_LEE_SITES	ridge	s__Eubacterium_sp_AF16_48	7	7	1.0	-0.27879818366783593	0.27879818366783593	-0.1134624811706038	1.0
S3_EXCLUDE_LEE_SITES	ridge	s__Veillonella_rogosae	1	1	1.0	-0.27806205713740295	0.27806205713740295	-0.27806205713740295	1.0
S3_EXCLUDE_LEE_SITES	ridge	s__GGB3277_SGB4327	7	7	1.0	-0.2772531960682255	0.2772531960682255	-0.11008295698322867	1.0
S3_EXCLUDE_LEE_SITES	ridge	s__Bifidobacterium_catenulatum	5	5	1.0	0.27525526843955217	0.27525526843955217	0.11320415640193963	1.0
S3_EXCLUDE_LEE_SITES	ridge	s__Alistipes_sp_AF17_16	7	7	1.0	0.27297707050482334	0.27297707050482334	0.12220091549198286	1.0
S3_EXCLUDE_LEE_SITES	ridge	s__Alistipes_putredinis	7	7	1.0	-0.260781471934545	0.26954947072845853	-0.10626058619887634	0.8571428571428571
S3_EXCLUDE_LEE_SITES	ridge	s__Blautia_massiliensis	7	7	1.0	0.2600420019373451	0.2600420019373451	0.10101908187203917	1.0
S3_EXCLUDE_LEE_SITES	ridge	s__GGB9694_SGB15204	7	7	1.0	0.2596340811213443	0.2596340811213443	0.11981520373948905	1.0
S3_EXCLUDE_LEE_SITES	ridge	s__Faecalibacillus_intestinalis	7	7	1.0	0.25940980950199566	0.25940980950199566	0.10544899997790269	1.0
S3_EXCLUDE_LEE_SITES	ridge	s__GGB9627_SGB15081	7	7	1.0	0.2526623049507609	0.2526623049507609	0.11353470580196173	1.0
S3_EXCLUDE_LEE_SITES	ridge	s__Clostridium_scindens	7	7	1.0	0.25063540444310106	0.25063540444310106	0.10598428119426609	1.0
S3_EXCLUDE_LEE_SITES	ridge	s__GGB3818_SGB5183	2	2	1.0	-0.24884227047088797	0.24884227047088797	-0.24884227047088797	1.0
S3_EXCLUDE_LEE_SITES	ridge	s__Roseburia_faecis	7	7	1.0	0.24772586517352613	0.24772586517352613	0.10819965363556812	1.0
S3_EXCLUDE_LEE_SITES	ridge	s__GGB58158_SGB79798	7	7	1.0	0.23778401633415386	0.23778401633415386	0.07293665871719095	1.0
S3_EXCLUDE_LEE_SITES	ridge	s__Alistipes_onderdonkii	7	7	1.0	-0.23716143894415095	0.23716143894415095	-0.10422355436135318	1.0
S3_EXCLUDE_LEE_SITES	ridge	s__Faecalibacterium_prausnitzii	7	7	1.0	0.23714405724921675	0.23714405724921675	0.10000062276425403	1.0
S3_EXCLUDE_LEE_SITES	ridge	s__Parasutterella_excrementihominis	7	7	1.0	-0.23560333624812518	0.23560333624812518	-0.0828162779704157	1.0
S3_EXCLUDE_LEE_SITES	ridge	s__GGB35068_SGB47850	6	6	1.0	0.23405673264739088	0.23405673264739088	0.10384006962798678	1.0
S3_EXCLUDE_LEE_SITES	ridge	s__Veillonella_parvula	7	7	1.0	-0.2295261491128812	0.2295261491128812	-0.12807154916549562	1.0
S3_EXCLUDE_LEE_SITES	ridge	s__GGB32900_SGB53446	7	7	1.0	0.22805804250424005	0.22805804250424005	0.08672834038805524	1.0
S3_EXCLUDE_LEE_SITES	ridge	s__Roseburia_hominis	7	7	1.0	0.22726273128839894	0.22726273128839894	0.06774839027263223	1.0
S3_EXCLUDE_LEE_SITES	ridge	s__GGB9495_SGB14892	7	7	1.0	-0.22720014180108	0.22720014180108	-0.07986974624758181	1.0
S3_EXCLUDE_LEE_SITES	ridge	s__Veillonella_atypica	7	7	1.0	-0.22493626515262027	0.22493626515262027	-0.11771299422331166	1.0
S3_EXCLUDE_LEE_SITES	ridge	s__Agathobaculum_butyriciproducens	7	7	1.0	0.22456080613507837	0.22456080613507837	0.0646257068797434	1.0
S3_EXCLUDE_LEE_SITES	ridge	s__GGB13493_SGB15238	5	5	1.0	0.22393748878686268	0.22393748878686268	0.10114133610883515	1.0
S3_EXCLUDE_LEE_SITES	ridge	s__Bacteroides_uniformis	7	7	1.0	-0.21952733018964565	0.21952733018964565	-0.07592139122334664	1.0
S3_EXCLUDE_LEE_SITES	ridge	s__Actinomyces_SGB17157	6	6	1.0	-0.21849655560201864	0.21849655560201864	-0.0652315895654686	1.0
S3_EXCLUDE_LEE_SITES	ridge	s__Clostridium_sp_AF34_10BH	7	7	1.0	0.21811652636477072	0.21811652636477072	0.08010467340428513	1.0
S3_EXCLUDE_LEE_SITES	ridge	s__Bifidobacterium_pseudocatenulatum	7	7	1.0	0.21658867204853632	0.21658867204853632	0.08088397714876994	1.0
S3_EXCLUDE_LEE_SITES	ridge	s__Coprobacillus_cateniformis	7	7	1.0	-0.21202213048597082	0.21202213048597082	-0.07394125864457073	1.0
S3_EXCLUDE_LEE_SITES	ridge	s__Methylobacterium_SGB15164	7	7	1.0	0.21089132125581386	0.21089132125581386	0.12689005041309948	1.0
S3_EXCLUDE_LEE_SITES	ridge	s__Intestinibacter_bartlettii	7	7	1.0	0.21007754574477086	0.21007754574477086	0.09652650508313838	1.0
S3_EXCLUDE_LEE_SITES	ridge	s__Actinomyces_sp_HMSC035G02	6	6	1.0	-0.21004472848132713	0.21004472848132713	-0.10767850249530767	1.0
S3_EXCLUDE_LEE_SITES	ridge	s__Butyricimonas_faecihominis	7	7	1.0	0.20377665865341424	0.20377665865341424	0.10144595007842105	1.0
S3_EXCLUDE_LEE_SITES	ridge	s__GGB9062_SGB13981	7	7	1.0	-0.20286285589416633	0.20286285589416633	-0.06514240456831825	1.0
S3_EXCLUDE_LEE_SITES	ridge	s__Dorea_formicigenerans	7	7	1.0	0.20274200914948473	0.20274200914948473	0.07072252323834344	1.0
S3_EXCLUDE_LEE_SITES	ridge	s__Collinsella_SGB14987	7	7	1.0	0.20079830290435893	0.20079830290435893	0.08127605446681499	1.0
S3_EXCLUDE_LEE_SITES	ridge	s__Bifidobacterium_bifidum	7	7	1.0	0.20010060609361152	0.20010060609361152	0.10982037513272726	1.0
S3_EXCLUDE_LEE_SITES	ridge	s__GGB6612_SGB9346	6	6	1.0	-0.20007636712135182	0.20007636712135182	-0.10225523848395726	1.0
S3_EXCLUDE_LEE_SITES	ridge	s__GGB74463_SGB54347	7	7	1.0	-0.20000718155489008	0.20000718155489008	-0.09937203783161092	1.0
S3_EXCLUDE_LEE_SITES	ridge	s__Anaerotruncus_rubiinfantis	7	7	1.0	-0.19627999276554162	0.19627999276554162	-0.09736751460093625	1.0
S3_EXCLUDE_LEE_SITES	ridge	s__Phocaeicola_vulgatus	7	7	1.0	0.19617434909121373	0.19617434909121373	0.09766432756395838	1.0
S3_EXCLUDE_LEE_SITES	ridge	s__Ruthenibacterium_lactatiformans	7	7	1.0	0.194799482830611	0.194799482830611	0.07371225134393711	1.0
S3_EXCLUDE_LEE_SITES	ridge	s__Ruminococcus_lactaris	7	7	1.0	-0.19422890542597376	0.19422890542597376	-0.06209644064453543	1.0
S3_EXCLUDE_LEE_SITES	ridge	s__GGB9611_SGB15045	6	6	1.0	-0.19243463278126327	0.19243463278126327	-0.07381195151876108	1.0
S3_EXCLUDE_LEE_SITES	ridge	s__GGB9642_SGB15119	7	7	1.0	-0.18704012272480516	0.18704012272480516	-0.1239746017374742	1.0
S3_EXCLUDE_LEE_SITES	ridge	s__GGB77437_SGB9391	7	7	1.0	0.18620049412479758	0.18620049412479758	0.07448356761346502	1.0
S3_EXCLUDE_LEE_SITES	ridge	s__Turicibacter_bilis	7	7	1.0	0.18585285709015187	0.18585285709015187	0.07880059309893274	1.0
S3_EXCLUDE_LEE_SITES	ridge	s__GGB9176_SGB14114	7	7	1.0	0.1841433010446243	0.1841433010446243	0.10276513973972384	1.0
S3_EXCLUDE_LEE_SITES	ridge	s__Anaerofilum_sp_BX8	7	7	1.0	0.18358949280794987	0.18358949280794987	0.07008767869352632	1.0
S3_EXCLUDE_LEE_SITES	ridge	s__GGB3175_SGB4191	7	7	1.0	-0.18236457713220053	0.18236457713220053	-0.08319035131699722	1.0
S3_EXCLUDE_LEE_SITES	ridge	s__GGB9602_SGB15031	7	7	1.0	0.1822895513440437	0.1822895513440437	0.07141031328227213	1.0
S3_EXCLUDE_LEE_SITES	ridge	s__Eubacterium_ramulus	7	7	1.0	-0.1794501423676687	0.1794501423676687	-0.07732917824852148	1.0
S3_EXCLUDE_LEE_SITES	ridge	s__Sutterella_wadsworthensis	7	7	1.0	-0.1792167305319751	0.1792167305319751	-0.11266507640397593	1.0
S3_EXCLUDE_LEE_SITES	ridge	s__Cloacibacillus_evryensis	5	5	1.0	0.17797391110207256	0.17797391110207256	0.07859226419863409	1.0
S3_EXCLUDE_LEE_SITES	ridge	s__Bacteroides_stercoris	7	7	1.0	0.1775608162323208	0.1775608162323208	0.09845304167331538	1.0
S3_EXCLUDE_LEE_SITES	ridge	s__Actinomyces_SGB17132	4	4	1.0	-0.1761919297635226	0.1761919297635226	-0.07125644526422759	1.0
S3_EXCLUDE_LEE_SITES	ridge	s__Roseburia_intestinalis	7	7	1.0	-0.17360981342913304	0.17360981342913304	-0.03473644535934985	1.0
S3_EXCLUDE_LEE_SITES	ridge	s__Blautia_caecimuris	7	7	1.0	0.17313879049517497	0.17313879049517497	0.055899015909405936	1.0
S3_EXCLUDE_LEE_SITES	ridge	s__GGB9345_SGB14311	7	7	1.0	0.17132251000952017	0.17132251000952017	0.06320335867775265	1.0
S3_EXCLUDE_LEE_SITES	ridge	s__Clostridium_SGB4648	7	7	1.0	0.16554400427526295	0.16943947850463553	0.052385425612324385	0.8571428571428571
S3_EXCLUDE_LEE_SITES	ridge	s__GGB9237_SGB14179	7	7	1.0	-0.16843299367067505	0.16843299367067505	-0.06264471750541463	1.0
S3_EXCLUDE_LEE_SITES	ridge	s__Enterocloster_asparagiformis	7	7	1.0	-0.1677689889295493	0.1677689889295493	-0.055644389228027544	1.0
S3_EXCLUDE_LEE_SITES	ridge	s__Staphylococcus_SGB6340	5	5	1.0	-0.1670970470503128	0.1670970470503128	-0.08960433047927521	1.0
S3_EXCLUDE_LEE_SITES	ridge	s__Massilimicrobiota_timonensis	7	7	1.0	-0.16633235287311163	0.16633235287311163	-0.09505501730009333	1.0
S3_EXCLUDE_LEE_SITES	ridge	s__GGB9480_SGB14874	7	7	1.0	-0.16494004729662576	0.16494004729662576	-0.06455488045660461	1.0
S3_EXCLUDE_LEE_SITES	ridge	s__Actinomyces_sp_ICM47	7	7	1.0	0.16232324468508577	0.16232324468508577	0.08162574679332107	1.0
S3_EXCLUDE_LEE_SITES	ridge	s__GGB9619_SGB15066	7	7	1.0	-0.16096718657846343	0.16096718657846343	-0.048167856787555544	1.0
S3_EXCLUDE_LEE_SITES	ridge	s__GGB1420_SGB1957	3	3	1.0	-0.16086197430676596	0.16086197430676596	-0.0536638394187048	1.0
S3_EXCLUDE_LEE_SITES	ridge	s__Streptococcus_mitis	7	7	1.0	0.15911596993373694	0.15911596993373694	0.08861558184571024	1.0
S3_EXCLUDE_LEE_SITES	ridge	s__Phocaeicola_massiliensis	7	7	1.0	-0.15780092970741855	0.1586841537897666	-0.05262694228576565	0.8571428571428571
S3_EXCLUDE_LEE_SITES	ridge	s__Parabacteroides_goldsteinii	7	7	1.0	-0.15863996392532442	0.15863996392532442	-0.06691652482102652	1.0
S3_EXCLUDE_LEE_SITES	ridge	s__Lacticaseibacillus_rhamnosus	6	6	1.0	0.15644014496986694	0.15644014496986694	0.0676880751618733	1.0
S3_EXCLUDE_LEE_SITES	ridge	s__Alistipes_finegoldii	7	7	1.0	-0.15636721715382615	0.15636721715382615	-0.07396416406178602	1.0
S3_EXCLUDE_LEE_SITES	ridge	s__GGB3819_SGB5184	7	7	1.0	-0.15457257173566227	0.1562921446653531	-0.05105438118218939	0.8571428571428571
S3_EXCLUDE_LEE_SITES	ridge	s__GGB3730_SGB5060	7	7	1.0	0.15000210524809052	0.15557366052628527	0.04891309834203296	0.8571428571428571
S3_EXCLUDE_LEE_SITES	ridge	s__Clostridium_sp_AM22_11AC	7	7	1.0	0.15519662805314077	0.15519662805314077	0.06154976856591016	1.0
S3_EXCLUDE_LEE_SITES	ridge	s__Faecalibacterium_SGB15346	7	7	1.0	0.15510294152195922	0.15510294152195922	0.08353559967474068	1.0
S3_EXCLUDE_LEE_SITES	ridge	s__GGB9559_SGB14969	7	7	1.0	0.15054934004805995	0.1528204906547724	0.055445630333526404	0.8571428571428571
S3_EXCLUDE_LEE_SITES	ridge	s__GGB9522_SGB14921	7	7	1.0	-0.15280811939046587	0.15280811939046587	-0.061360967230690844	1.0
S3_EXCLUDE_LEE_SITES	ridge	s__GGB9760_SGB15374	7	7	1.0	-0.15187594302715907	0.15187594302715907	-0.05779837266441209	1.0
S3_EXCLUDE_LEE_SITES	ridge	s__GGB3537_SGB4727	7	7	1.0	0.14989821339464407	0.14989821339464407	0.09245086186160265	1.0
S3_EXCLUDE_LEE_SITES	ridge	s__GGB31234_SGB14869	5	5	1.0	0.1495191941982349	0.1495191941982349	0.04250449447394155	1.0
S3_EXCLUDE_LEE_SITES	ridge	s__Butyricimonas_paravirosa	7	7	1.0	0.14190798151532744	0.14938509535815472	0.0651387222627807	0.8571428571428571
S3_EXCLUDE_LEE_SITES	ridge	s__GGB9719_SGB15273	7	7	1.0	0.14916476433249473	0.14916476433249473	0.03480447154580439	1.0
S3_EXCLUDE_LEE_SITES	ridge	s__Enterocloster_citroniae	7	7	1.0	0.1484029412497738	0.1484029412497738	0.0445410798964036	1.0
S3_EXCLUDE_LEE_SITES	ridge	s__Streptococcus_parasanguinis	7	7	1.0	-0.1480734948712825	0.1480734948712825	-0.06206604671253969	1.0
S3_EXCLUDE_LEE_SITES	ridge	s__Anaeromassilibacillus_sp_An250	7	7	1.0	0.14681788080859573	0.14681788080859573	0.04269629507513915	1.0
S3_EXCLUDE_LEE_SITES	ridge	s__Lactonifactor_sp_BIOML_A6	7	7	1.0	-0.14643174868611025	0.14643174868611025	-0.09952797684667852	1.0
S3_EXCLUDE_LEE_SITES	ridge	s__Lacrimispora_celerecrescens	7	7	1.0	0.14633956465913942	0.14633956465913942	0.0915479658088857	1.0
S3_EXCLUDE_LEE_SITES	ridge	s__GGB80140_SGB15224	7	7	1.0	0.14553168044975814	0.14553168044975814	0.05564607834900568	1.0
S3_EXCLUDE_LEE_SITES	ridge	s__Phocea_massiliensis	7	7	1.0	0.145290331169292	0.145290331169292	0.07191800423491676	1.0
S3_EXCLUDE_LEE_SITES	ridge	s__GGB3602_SGB4574	7	7	1.0	0.14511497934183545	0.14511497934183545	0.0433592743942683	1.0
S3_EXCLUDE_LEE_SITES	ridge	s__Bittarella_massiliensis	7	7	1.0	-0.14472657226818367	0.14472657226818367	-0.10470543818670919	1.0
S3_EXCLUDE_LEE_SITES	ridge	s__Christensenella_sp_Marseille_P3954	5	5	1.0	0.12638267500140304	0.1440236649053142	0.03158602736780299	0.6
S3_EXCLUDE_LEE_SITES	ridge	s__Actinomyces_graevenitzii	7	7	1.0	-0.14337437997472485	0.14337437997472485	-0.09734806749533623	1.0
S3_EXCLUDE_LEE_SITES	ridge	s__Streptococcus_thermophilus	7	7	1.0	0.1425209006831328	0.1425209006831328	0.08143631440806653	1.0
S3_EXCLUDE_LEE_SITES	ridge	s__Bacteroides_xylanisolvens	7	7	1.0	0.14225891802175952	0.14225891802175952	0.07347622857187563	1.0
S3_EXCLUDE_LEE_SITES	ridge	s__GGB33928_SGB15225	7	7	1.0	-0.14133684969046847	0.14133684969046847	-0.035332510135144546	1.0
S3_EXCLUDE_LEE_SITES	ridge	s__GGB9501_SGB14898	7	7	1.0	0.13812128220223557	0.1408310637328742	0.04980741054365352	0.8571428571428571
S3_EXCLUDE_LEE_SITES	ridge	s__Oscillibacter_sp_PC13	6	6	1.0	0.13966362880466032	0.13966362880466032	0.04921339673933442	1.0
S3_EXCLUDE_LEE_SITES	ridge	s__Faecalibacillus_faecis	7	7	1.0	0.13518237861777946	0.1391312318956652	0.07114821826606134	0.8571428571428571
S3_EXCLUDE_LEE_SITES	ridge	s__Dysosmobacter_welbionis	7	7	1.0	0.1230007654740274	0.13764837243709657	0.017455807721267817	0.8571428571428571
S3_EXCLUDE_LEE_SITES	ridge	s__GGB9724_SGB15278	7	7	1.0	-0.1375567554640433	0.1375567554640433	-0.0892879843158819	1.0
S3_EXCLUDE_LEE_SITES	ridge	s__Anaerobutyricum_soehngenii	7	7	1.0	-0.13330816562377432	0.1370412308116273	-0.05945949199726513	0.8571428571428571
S3_EXCLUDE_LEE_SITES	ridge	s__GGB9524_SGB14923	1	1	1.0	-0.13589363353478448	0.13589363353478448	-0.13589363353478448	1.0
S3_EXCLUDE_LEE_SITES	ridge	s__GGB2998_SGB3989	7	7	1.0	0.13547540099174032	0.13547540099174032	0.07735061066613193	1.0
S3_EXCLUDE_LEE_SITES	ridge	s__GGB9788_SGB15411	7	7	1.0	0.1339052747374449	0.1339052747374449	0.09994180338439407	1.0
S3_EXCLUDE_LEE_SITES	ridge	s__Prevotella_copri_clade_A	7	7	1.0	-0.13338361762021858	0.13338361762021858	-0.06188270222980599	1.0
S3_EXCLUDE_LEE_SITES	ridge	s__GGB9677_SGB15180	7	7	1.0	0.13308644508601916	0.13308644508601916	0.06078229535864935	1.0
S3_EXCLUDE_LEE_SITES	ridge	s__GGB80011_SGB15265	7	7	1.0	0.13292428679053997	0.13292428679053997	0.08891273935312288	1.0
S3_EXCLUDE_LEE_SITES	ridge	s__Bifidobacterium_adolescentis	7	7	1.0	0.13237311644173325	0.13237311644173325	0.06937695557677077	1.0
S3_EXCLUDE_LEE_SITES	ridge	s__GGB9707_SGB15229	7	7	1.0	-0.13183966689608742	0.13183966689608742	-0.06380406611197208	1.0
S3_EXCLUDE_LEE_SITES	ridge	s__Streptococcus_mutans	7	7	1.0	-0.1310881579863136	0.1310881579863136	-0.07726491346728463	1.0
S3_EXCLUDE_LEE_SITES	ridge	s__GGB3499_SGB4674	1	1	1.0	0.13101073976278388	0.13101073976278388	0.13101073976278388	1.0
S3_EXCLUDE_LEE_SITES	ridge	s__GGB45491_SGB63163	7	7	1.0	-0.13073502971247694	0.13073502971247694	-0.058140979325953086	1.0
S3_EXCLUDE_LEE_SITES	ridge	s__Enterocloster_lavalensis	7	7	1.0	0.12965776121628106	0.13068368485016976	0.0435974563819384	0.8571428571428571
S3_EXCLUDE_LEE_SITES	ridge	s__GGB16040_SGB9347	7	7	1.0	0.12984584237596422	0.12984584237596422	0.06824866198566264	1.0
S3_EXCLUDE_LEE_SITES	ridge	s__Harryflintia_acetispora	7	7	1.0	0.1283649241733112	0.1283649241733112	0.0413611198001223	1.0
S3_EXCLUDE_LEE_SITES	ridge	s__Actinomyces_SGB17154	7	7	1.0	0.1255100649180277	0.1275552609920448	0.030546109804441994	0.8571428571428571
S3_EXCLUDE_LEE_SITES	ridge	s__Tyzzerella_nexilis	7	7	1.0	0.11199753571877134	0.1270616201013539	0.04201627767276927	0.8571428571428571
S3_EXCLUDE_LEE_SITES	ridge	s__GGB3321_SGB4394	3	3	1.0	-0.12655978151482924	0.12655978151482924	-0.0694907133181245	1.0
S3_EXCLUDE_LEE_SITES	ridge	s__Lancefieldella_parvula	7	7	1.0	-0.12609437873720777	0.12609437873720777	-0.0677949084066298	1.0
S3_EXCLUDE_LEE_SITES	ridge	s__Angelakisella_massiliensis	6	6	1.0	-0.1257044255000453	0.12597946307648952	-0.056534104240756035	0.8333333333333334
S3_EXCLUDE_LEE_SITES	ridge	s__Vescimonas_SGB15087	7	7	1.0	-0.12519929741921282	0.12519929741921282	-0.07243580491593421	1.0
S3_EXCLUDE_LEE_SITES	ridge	s__Alloscardovia_omnicolens	7	7	1.0	-0.0406593695172427	0.12193428404958835	-0.044261420035852275	0.8571428571428571
S3_EXCLUDE_LEE_SITES	ridge	s__GGB3005_SGB3996	7	7	1.0	-0.1214383014877098	0.1214383014877098	-0.045371870645842485	1.0
S3_EXCLUDE_LEE_SITES	ridge	s__GGB3034_SGB4030	7	7	1.0	0.12070762001424287	0.12070762001424287	0.05799824409101033	1.0
S3_EXCLUDE_LEE_SITES	ridge	s__Barnesiella_intestinihominis	7	7	1.0	0.11490370807513851	0.12059745819598977	0.03922843240408725	0.8571428571428571
S3_EXCLUDE_LEE_SITES	ridge	s__Hydrogeniiclostidium_mannosilyticum	7	7	1.0	-0.04200497253429857	0.11905435797420635	-0.02118419323520742	0.7142857142857143
S3_EXCLUDE_LEE_SITES	ridge	s__Lachnotalea_sp_AF33_28	7	7	1.0	-0.11807390831656474	0.11807390831656474	-0.0540927745242043	1.0
S3_EXCLUDE_LEE_SITES	ridge	s__Collinsella_SGB4121	7	7	1.0	-0.11712507409500314	0.11712507409500314	-0.037515879355814484	1.0
S3_EXCLUDE_LEE_SITES	ridge	s__GGB9713_SGB15249	7	7	1.0	-0.10487911995271389	0.11683046691380826	-0.027244749891166962	0.8571428571428571
S3_EXCLUDE_LEE_SITES	ridge	s__GGB3304_SGB4367	7	7	1.0	-0.1146603662310013	0.11621442730736421	-0.03134952239408825	0.8571428571428571
S3_EXCLUDE_LEE_SITES	ridge	s__Eubacterium_sp_AF34_35BH	7	7	1.0	0.0984523868525324	0.11557635706426721	0.0376300183839335	0.8571428571428571
S3_EXCLUDE_LEE_SITES	ridge	s__GGB9063_SGB13982	7	7	1.0	-0.11526409996515267	0.11526409996515267	-0.06516068349012191	1.0
S3_EXCLUDE_LEE_SITES	ridge	s__GGB9708_SGB15234	7	7	1.0	0.11451901528417129	0.11494012781987896	0.04774036739303449	0.8571428571428571
S3_EXCLUDE_LEE_SITES	ridge	s__Enterocloster_aldenensis	7	7	1.0	0.11476596828993066	0.11476596828993066	0.059317779878855524	1.0
S3_EXCLUDE_LEE_SITES	ridge	s__Anaerotruncus_massiliensis	7	7	1.0	0.10117835530804191	0.1145596884253726	0.04821017012002786	0.8571428571428571
S3_EXCLUDE_LEE_SITES	ridge	s__Blautia_luti	7	7	1.0	-0.11178747818863861	0.11453897537655047	-0.04095024180171978	0.8571428571428571
S3_EXCLUDE_LEE_SITES	ridge	s__Enterocloster_bolteae	7	7	1.0	-0.1143518720048784	0.1143518720048784	-0.036269726531298105	1.0
S3_EXCLUDE_LEE_SITES	ridge	s__GGB9524_SGB14924	7	7	1.0	0.054808257198027344	0.11354396772583085	-0.008985817065629639	0.5714285714285714
S3_EXCLUDE_LEE_SITES	ridge	s__Phascolarctobacterium_succinatutens	7	7	1.0	-0.10744918498613136	0.11318889132875569	-0.020809519573205478	0.8571428571428571
S3_EXCLUDE_LEE_SITES	ridge	s__GGB9453_SGB14844	7	7	1.0	0.058450520970377326	0.11276009444079947	0.021423187841105844	0.8571428571428571
S3_EXCLUDE_LEE_SITES	ridge	s__GGB9621_SGB15073	7	7	1.0	-0.1126848166863256	0.1126848166863256	-0.10756704907674049	1.0
S3_EXCLUDE_LEE_SITES	ridge	s__Blautia_hansenii	7	7	1.0	0.10409251033292248	0.11237980721239257	0.05115369815434925	0.8571428571428571
S3_EXCLUDE_LEE_SITES	ridge	s__GGB3033_SGB4029	7	7	1.0	-0.1120102981245195	0.1120102981245195	-0.04397319295513299	1.0
S3_EXCLUDE_LEE_SITES	ridge	s__Bacteroides_SGB15210	1	1	1.0	-0.11199634482529969	0.11199634482529969	-0.11199634482529969	1.0
S3_EXCLUDE_LEE_SITES	ridge	s__Dysosmobacter_sp_BX15	7	7	1.0	0.11190883976974672	0.11190883976974672	0.05667018835929257	1.0
S3_EXCLUDE_LEE_SITES	ridge	s__Collinsella_SGB14861	7	7	1.0	0.1117929608430498	0.1117929608430498	0.05846854973062848	1.0
S3_EXCLUDE_LEE_SITES	ridge	s__Dielma_fastidiosa	7	7	1.0	-0.11121368564498237	0.11121368564498237	-0.06642259385264605	1.0
S3_EXCLUDE_LEE_SITES	ridge	s__Streptococcus_vestibularis	7	7	1.0	-0.11086270690821565	0.11086270690821565	-0.06285058332867252	1.0
S3_EXCLUDE_LEE_SITES	ridge	s__GGB45497_SGB63169	7	7	1.0	-0.10391763568602694	0.10988031007711514	-0.046114184090479224	0.8571428571428571
S3_EXCLUDE_LEE_SITES	ridge	s__Actinomyces_bouchesdurhonensis	5	5	1.0	0.10957025941647794	0.10957025941647794	0.07443981195306479	1.0
S3_EXCLUDE_LEE_SITES	ridge	s__Clostridium_SGB6179	7	7	1.0	0.10908218483081675	0.10908218483081675	0.07281929155359106	1.0
S3_EXCLUDE_LEE_SITES	ridge	s__Adlercreutzia_equolifaciens	7	7	1.0	-0.10814579589254673	0.1088260763929964	-0.03712390823400696	0.8571428571428571
S3_EXCLUDE_LEE_SITES	ridge	s__GGB79998_SGB48024	1	1	1.0	0.10819736101821181	0.10819736101821181	0.10819736101821181	1.0
S3_EXCLUDE_LEE_SITES	ridge	s__Lactococcus_lactis	7	7	1.0	0.108117641168032	0.108117641168032	0.06482656936219747	1.0
S3_EXCLUDE_LEE_SITES	ridge	s__Lachnoclostridium_edouardi	6	6	1.0	-0.10797192995119981	0.10797192995119981	-0.06108736595062775	1.0
S3_EXCLUDE_LEE_SITES	ridge	s__Actinobaculum_sp_oral_taxon_183	6	6	1.0	-0.10600532897462132	0.10698037706012974	-0.028374652099482044	0.8333333333333334
S3_EXCLUDE_LEE_SITES	ridge	s__GGB3061_SGB4063	7	7	1.0	0.10678693575151381	0.10678693575151381	0.04930328622686858	1.0
S3_EXCLUDE_LEE_SITES	ridge	s__Massiliimalia_timonensis	7	7	1.0	-0.08573220599224117	0.10646963576959494	-0.04846105899635262	0.7142857142857143
S3_EXCLUDE_LEE_SITES	ridge	s__Collinsella_aerofaciens	7	7	1.0	-0.10629942830285637	0.10629942830285637	-0.06536362204387122	1.0
S3_EXCLUDE_LEE_SITES	ridge	s__GGB3278_SGB4328	6	6	1.0	-0.10541608258491142	0.10541608258491142	-0.029559944580391635	1.0
S3_EXCLUDE_LEE_SITES	ridge	s__Desulfovibrio_piger	7	7	1.0	0.07688121362156668	0.10524577360279004	0.007972830973725758	0.5714285714285714
S3_EXCLUDE_LEE_SITES	ridge	s__Lachnospira_pectinoschiza	7	7	1.0	0.10361292806279407	0.10506956265491453	0.0349914339798419	0.8571428571428571
S3_EXCLUDE_LEE_SITES	ridge	s__Parabacteroides_johnsonii	6	6	1.0	-0.10482792545036944	0.10482792545036944	-0.06645701134789717	1.0
S3_EXCLUDE_LEE_SITES	ridge	s__GGB9767_SGB15385	7	7	1.0	0.10183434587358943	0.10480915871156982	0.025345094265239402	0.8571428571428571
S3_EXCLUDE_LEE_SITES	ridge	s__GGB4599_SGB6362	2	2	1.0	0.10439163818361083	0.10439163818361083	0.10439163818361083	1.0
S3_EXCLUDE_LEE_SITES	ridge	s__Eubacterium_callanderi	5	5	1.0	0.10065414338145078	0.10413114028143049	0.027486391598267365	0.8
S3_EXCLUDE_LEE_SITES	ridge	s__Klebsiella_pneumoniae	7	7	1.0	-0.05102783175051343	0.10388396627478516	-0.028333203687495492	0.8571428571428571
S3_EXCLUDE_LEE_SITES	ridge	s__GGB9790_SGB15413	7	7	1.0	-0.09758950339485192	0.10365656435217664	-0.0037147159521516856	0.7142857142857143
S3_EXCLUDE_LEE_SITES	ridge	s__GGB9361_SGB14336	5	5	1.0	0.10350005832854647	0.10350005832854647	0.04648346413476944	1.0
S3_EXCLUDE_LEE_SITES	ridge	s__GGB2958_SGB3940	6	6	1.0	0.1032969151530375	0.1032969151530375	0.05954351290969223	1.0
S3_EXCLUDE_LEE_SITES	ridge	s__Romboutsia_timonensis	7	7	1.0	-0.08101500820085401	0.10312618163315794	-0.004023917621763714	0.5714285714285714
S3_EXCLUDE_LEE_SITES	ridge	s__Methanobrevibacter_smithii	7	7	1.0	-0.052037391807894594	0.1030095971382441	-0.04922734718214826	0.7142857142857143
S3_EXCLUDE_LEE_SITES	ridge	s__Pseudoruminococcus_massiliensis	6	6	1.0	-0.09118312834522237	0.10254640872114808	-0.03569363481986389	0.8333333333333334
S3_EXCLUDE_LEE_SITES	ridge	s__Eggerthella_lenta	7	7	1.0	0.09917159699626109	0.10251501075781867	0.011550584001081667	0.7142857142857143
S3_EXCLUDE_LEE_SITES	ridge	s__Limosilactobacillus_fermentum	7	7	1.0	0.10212512935733875	0.10212512935733875	0.055297327050751646	1.0
S3_EXCLUDE_LEE_SITES	ridge	s__Rheinheimera_SGB14999	7	7	1.0	-0.08765654154647841	0.10209803144812278	-0.05096479540060787	0.8571428571428571
S3_EXCLUDE_LEE_SITES	ridge	s__GGB9770_SGB15390	7	7	1.0	-0.1014925270161295	0.10204747789293105	-0.04124776371238136	0.8571428571428571
S3_EXCLUDE_LEE_SITES	ridge	s__Hungatella_hathewayi	7	7	1.0	-0.1016354029595268	0.1016354029595268	-0.05708567981319852	1.0
S3_EXCLUDE_LEE_SITES	ridge	s__GGB2977_SGB3959	7	7	1.0	-0.10136730704862473	0.10136730704862473	-0.0592328689425502	1.0
S3_EXCLUDE_LEE_SITES	ridge	s__Bacteroides_finegoldii	7	7	1.0	0.10129861247564524	0.10129861247564524	0.04790127405390193	1.0
S3_EXCLUDE_LEE_SITES	ridge	s__Veillonella_dispar	7	7	1.0	-0.10118634839271616	0.10118634839271616	-0.08142705803523427	1.0
S3_EXCLUDE_LEE_SITES	ridge	s__GGB9619_SGB15067	7	7	1.0	0.1008609882178489	0.1008609882178489	0.032310762445240115	1.0
S3_EXCLUDE_LEE_SITES	ridge	s__Dorea_longicatena	7	7	1.0	-0.10080194786531903	0.10080194786531903	-0.05186254214965593	1.0
S3_EXCLUDE_LEE_SITES	ridge	s__Oxalobacter_formigenes	4	4	1.0	0.10068248831160574	0.10068248831160574	0.07574966420820652	1.0
S3_EXCLUDE_LEE_SITES	ridge	s__GGB9708_SGB15233	7	7	1.0	-0.10057846592189501	0.10057846592189501	-0.03665914602240404	1.0
S3_EXCLUDE_LEE_SITES	ridge	s__Roseburia_sp_AF02_12	7	7	1.0	-0.09900332238061507	0.0998074941683157	-0.035391858237979544	0.8571428571428571
S3_EXCLUDE_LEE_SITES	ridge	s__GGB1495_SGB2071	1	1	1.0	-0.09972909886000715	0.09972909886000715	-0.09972909886000715	1.0
S3_EXCLUDE_LEE_SITES	ridge	s__Actinomyces_dentalis	3	3	1.0	-0.099584378016165	0.099584378016165	-0.09369459088848324	1.0
S3_EXCLUDE_LEE_SITES	ridge	s__Propionibacterium_acidifaciens	5	5	1.0	-0.09934356817765647	0.09934356817765647	-0.024615189120829224	1.0
S3_EXCLUDE_LEE_SITES	ridge	s__GGB9636_SGB15107	6	6	1.0	0.09911745614204431	0.09911745614204431	0.057067798838651464	1.0
S3_EXCLUDE_LEE_SITES	ridge	s__GGB9818_SGB15459	7	7	1.0	0.09864061727040492	0.09864061727040492	0.06688976323842835	1.0
S3_EXCLUDE_LEE_SITES	ridge	s__Paraprevotella_clara	7	7	1.0	-0.09837830458315201	0.09837830458315201	-0.07531735594295229	1.0
S3_EXCLUDE_LEE_SITES	ridge	s__GGB9781_SGB15402	7	7	1.0	0.09805202024763668	0.09805202024763668	0.027938837474815983	1.0
S3_EXCLUDE_LEE_SITES	ridge	s__Bacteroides_salyersiae	7	7	1.0	0.09367003127579109	0.09735194231821577	0.0473499830190262	0.8571428571428571
S3_EXCLUDE_LEE_SITES	ridge	s__Roseburia_sp_AM16_25	7	7	1.0	0.0962204327790298	0.09688713732329705	0.05752071727578836	0.8571428571428571
S3_EXCLUDE_LEE_SITES	ridge	s__Solobacterium_SGB6829	4	4	1.0	0.09262155311730141	0.09688571600267093	0.019357632254542227	0.75
S3_EXCLUDE_LEE_SITES	ridge	s__Alistipes_shahii	7	7	1.0	-0.09446262358776428	0.0960209286297079	-0.0432479058802388	0.8571428571428571
S3_EXCLUDE_LEE_SITES	ridge	s__GGB38744_SGB14842	7	7	1.0	-0.09584679246962124	0.09584679246962124	-0.0805482620692543	1.0
S3_EXCLUDE_LEE_SITES	ridge	s__Merdimonas_faecis	7	7	1.0	0.09542165166563052	0.09542165166563052	0.0770006022611445	1.0
S3_EXCLUDE_LEE_SITES	ridge	s__Holdemania_massiliensis	7	7	1.0	-0.09533181981197435	0.09533181981197435	-0.08154760991704756	1.0
S3_EXCLUDE_LEE_SITES	ridge	s__Blautia_sp_Marseille_P3087	7	7	1.0	0.015510571340167829	0.09529533135960769	0.02670023216622631	0.7142857142857143
S3_EXCLUDE_LEE_SITES	ridge	s__Alistipes_SGB2313	4	4	1.0	-0.09260721740759927	0.09472869143043129	-0.048811741331280876	0.75
S3_EXCLUDE_LEE_SITES	ridge	s__Eisenbergiella_massiliensis	7	7	1.0	0.09468241747675223	0.09468241747675223	0.08395472639149185	1.0
S3_EXCLUDE_LEE_SITES	ridge	s__Mediterraneibacter_glycyrrhizinilyticus	7	7	1.0	0.09454015524118188	0.09454015524118188	0.07510865180798894	1.0
S3_EXCLUDE_LEE_SITES	ridge	s__GGB52130_SGB14966	7	7	1.0	0.06770513925490243	0.09449318880728988	0.04939733879626513	0.8571428571428571
S3_EXCLUDE_LEE_SITES	ridge	s__GGB9747_SGB15356	7	7	1.0	-0.09442645395428097	0.09442645395428097	-0.07074201830408972	1.0
S3_EXCLUDE_LEE_SITES	ridge	s__Blautia_faecis	7	7	1.0	0.09383027335729024	0.09383027335729024	0.03838143618342242	1.0
S3_EXCLUDE_LEE_SITES	ridge	s__Senegalimassilia_SGB14826	1	1	1.0	-0.09382405463976833	0.09382405463976833	-0.09382405463976833	1.0
S3_EXCLUDE_LEE_SITES	ridge	s__Coprobacter_secundus	4	4	1.0	-0.09374202331724078	0.09374202331724078	-0.09139641012664232	1.0
S3_EXCLUDE_LEE_SITES	ridge	s__Lachnospira_eligens	7	7	1.0	-0.0912547435570308	0.09337576670929704	-0.014731436258264606	0.8571428571428571
S3_EXCLUDE_LEE_SITES	ridge	s__Desulfovibrio_SGB5077	7	7	1.0	0.0884923597248848	0.09280708029502073	0.030240161563897434	0.8571428571428571
S3_EXCLUDE_LEE_SITES	ridge	s__GGB9512_SGB14909	7	7	1.0	-0.09179663104410825	0.09179663104410825	-0.051830366200815825	1.0
S3_EXCLUDE_LEE_SITES	ridge	s__Catenibacillus_scindens	7	7	1.0	0.09158192827524106	0.09158192827524106	0.030808653616488383	1.0
S3_EXCLUDE_LEE_SITES	ridge	s__GGB34900_SGB14891	7	7	1.0	0.09151834471159163	0.09151834471159163	0.04515212683076521	1.0
S3_EXCLUDE_LEE_SITES	ridge	s__Streptococcus_oralis	6	6	1.0	-0.09129586370896409	0.09129586370896409	-0.03506831050951176	1.0
S3_EXCLUDE_LEE_SITES	ridge	s__Roseburia_sp_BX1005	7	7	1.0	-0.09095245721129551	0.09095245721129551	-0.06992338459528558	1.0
S3_EXCLUDE_LEE_SITES	ridge	s__Longicatena_caecimuris	7	7	1.0	0.09094273278648178	0.09094273278648178	0.08114199275317206	1.0
S3_EXCLUDE_LEE_SITES	ridge	s__GGB9712_SGB15244	7	7	1.0	-0.08195307146914045	0.09022058289021959	-0.03894246411871053	0.8571428571428571
S3_EXCLUDE_LEE_SITES	ridge	s__GGB2980_SGB3962	7	7	1.0	-0.08704168286110217	0.09005480059626858	-0.020065143921452186	0.8571428571428571
S3_EXCLUDE_LEE_SITES	ridge	s__Slackia_isoflavoniconvertens	7	7	1.0	-0.08526976847951152	0.08984775157950477	-0.025370819437165806	0.8571428571428571
S3_EXCLUDE_LEE_SITES	ridge	s__Pseudoflavonifractor_capillosus	7	7	1.0	0.08913199433325934	0.08913199433325934	0.0576850777628243	1.0
S3_EXCLUDE_LEE_SITES	ridge	s__Parasutterella_SGB9260	7	7	1.0	0.07869805970972064	0.08904793659023028	0.036575558242091584	0.8571428571428571
S3_EXCLUDE_LEE_SITES	ridge	s__GGB9760_SGB15373	7	7	1.0	-0.08893804274681727	0.08893804274681727	-0.047748150942005574	1.0
S3_EXCLUDE_LEE_SITES	ridge	s__GGB51510_SGB71883	7	7	1.0	-0.08875488088211893	0.08875488088211893	-0.046675165125974846	1.0
S3_EXCLUDE_LEE_SITES	ridge	s__Anaerotignum_lactatifermentans	6	6	1.0	-0.08874408797210705	0.08874408797210705	-0.04897668928071133	1.0
S3_EXCLUDE_LEE_SITES	ridge	s__GGB9759_SGB15370	7	7	1.0	0.08831111488298395	0.08831111488298395	0.05421580411262295	1.0
S3_EXCLUDE_LEE_SITES	ridge	s__Ruminococcus_sp_NSJ_13	5	5	1.0	-0.08632052618830363	0.08828527899646729	-0.04160157695721562	0.8
S3_EXCLUDE_LEE_SITES	ridge	s__GGB9290_SGB14247	1	1	1.0	0.08780605129495615	0.08780605129495615	0.08780605129495615	1.0
S3_EXCLUDE_LEE_SITES	ridge	s__Clostridium_perfringens	5	5	1.0	0.056902427088959304	0.08773874025392435	-0.016065831430538087	0.8
S3_EXCLUDE_LEE_SITES	ridge	s__Holdemania_sp_1001095H_141210_F2	7	7	1.0	0.08686240619831813	0.0872290454007402	0.06755131560118832	0.8571428571428571
S3_EXCLUDE_LEE_SITES	ridge	s__Clostridium_SGB4909	7	7	1.0	-0.07729695961779616	0.08618656256249682	-0.03272483062912773	0.8571428571428571
S3_EXCLUDE_LEE_SITES	ridge	s__Eubacterium_SGB6276	7	7	1.0	-0.07084318063688629	0.08587774987920702	-0.005524464582536134	0.7142857142857143
S3_EXCLUDE_LEE_SITES	ridge	s__Massilimicrobiota_sp_An134	7	7	1.0	-0.0012956703751805657	0.08568626455972032	-0.02285222840348507	0.7142857142857143
S3_EXCLUDE_LEE_SITES	ridge	s__GGB9350_SGB14317	1	1	1.0	0.08555227196197528	0.08555227196197528	0.08555227196197528	1.0
S3_EXCLUDE_LEE_SITES	ridge	s__GGB9602_SGB15028	7	7	1.0	-0.07875584803376114	0.08542480868373854	-0.02852854884155882	0.7142857142857143
S3_EXCLUDE_LEE_SITES	ridge	s__GGB9453_SGB14845	7	7	1.0	0.06876948732890738	0.08540628794592432	0.014554408579099069	0.5714285714285714
S3_EXCLUDE_LEE_SITES	ridge	s__Oscillibacter_sp_ER4	7	7	1.0	-0.0730669801813778	0.08538382526173142	-0.049876787791645186	0.7142857142857143
S3_EXCLUDE_LEE_SITES	ridge	s__Oscillibacter_valericigenes	7	7	1.0	-0.0837568651234487	0.08509603103331995	-0.03413978859900612	0.8571428571428571
S3_EXCLUDE_LEE_SITES	ridge	s__GGB52106_SGB72838	7	7	1.0	-0.08460591885672376	0.08460591885672376	-0.033851027085786876	1.0
S3_EXCLUDE_LEE_SITES	ridge	s__Lacticaseibacillus_paracasei	7	7	1.0	-0.08337745210517448	0.08447095366172892	-0.03677258858852058	0.8571428571428571
S3_EXCLUDE_LEE_SITES	ridge	s__Clostridium_symbiosum	7	7	1.0	0.07846334808225176	0.08442280720878784	0.027742859506271814	0.8571428571428571
S3_EXCLUDE_LEE_SITES	ridge	s__Waltera_intestinalis	7	7	1.0	0.08409357842894069	0.08409357842894069	0.04364500866352514	1.0
S3_EXCLUDE_LEE_SITES	ridge	s__GGB9770_SGB15389	7	7	1.0	-0.0744233111780956	0.08387571628348929	-0.011601461617922923	0.7142857142857143
S3_EXCLUDE_LEE_SITES	ridge	s__Ruminococcus_torques	7	7	1.0	0.08156169552055058	0.08257519335097466	0.028244114973018607	0.8571428571428571
S3_EXCLUDE_LEE_SITES	ridge	s__Neobittarella_massiliensis	7	7	1.0	-0.07780344866536328	0.08254517614685453	-0.027683048486547283	0.7142857142857143
S3_EXCLUDE_LEE_SITES	ridge	s__Cuneatibacter_caecimuris	6	6	1.0	0.08129850216335464	0.08129850216335464	0.04773851842612751	1.0
S3_EXCLUDE_LEE_SITES	ridge	s__Hydrogenoanaerobacterium_saccharovorans	7	7	1.0	0.08076452155918627	0.08076452155918627	0.037889866386930614	1.0
S3_EXCLUDE_LEE_SITES	ridge	s__Ruminococcus_bicirculans	7	7	1.0	-0.07936352993640262	0.08072738669694578	-0.027062415666563592	0.8571428571428571
S3_EXCLUDE_LEE_SITES	ridge	s__GGB3614_SGB4886	7	7	1.0	0.0803600125272802	0.0803600125272802	0.04035190701446963	1.0
S3_EXCLUDE_LEE_SITES	ridge	s__Collinsella_SGB15196	4	4	1.0	-0.08035572310407502	0.08035572310407502	-0.03881106610342018	1.0
S3_EXCLUDE_LEE_SITES	ridge	s__Actinomyces_massiliensis	5	5	1.0	0.07993635280759206	0.07993635280759206	0.05178698634497882	1.0
S3_EXCLUDE_LEE_SITES	ridge	s__Neglectibacter_timonensis	7	7	1.0	-0.07984035089590549	0.07984035089590549	-0.0572900657784976	1.0
S3_EXCLUDE_LEE_SITES	ridge	s__GGB9293_SGB14250	7	7	1.0	0.07972092319033082	0.07972092319033082	0.061227688780137075	1.0
S3_EXCLUDE_LEE_SITES	ridge	s__GGB34797_SGB14322	7	7	1.0	-0.07950719745244421	0.07950719745244421	-0.03588215577911727	1.0
S3_EXCLUDE_LEE_SITES	ridge	s__Clostridium_sp_Marseille_P3244	7	7	1.0	0.06058062243550661	0.07915805595324468	-0.013219097931665057	0.5714285714285714
S3_EXCLUDE_LEE_SITES	ridge	s__GGB51647_SGB4348	7	7	1.0	0.009697502203939565	0.0787019329724746	0.05886488265057553	0.7142857142857143
S3_EXCLUDE_LEE_SITES	ridge	s__Actinomyces_sp_ICM58	7	7	1.0	0.07836670248751987	0.07836670248751987	0.048315854837813615	1.0
S3_EXCLUDE_LEE_SITES	ridge	s__GGB9296_SGB14253	7	7	1.0	0.07779082401136639	0.07779082401136639	0.0472335353340254	1.0
S3_EXCLUDE_LEE_SITES	ridge	s__Bacteroides_thetaiotaomicron	7	7	1.0	0.06956899985548828	0.07774735328663074	0.020132476767327677	0.8571428571428571
S3_EXCLUDE_LEE_SITES	ridge	s__Erysipelatoclostridium_ramosum	7	7	1.0	-0.07634650861386467	0.07754943103772557	-0.04090472706541544	0.8571428571428571
S3_EXCLUDE_LEE_SITES	ridge	s__Holdemania_filiformis	7	7	1.0	0.027685554544011417	0.07754460980229191	0.04169993273781081	0.7142857142857143
S3_EXCLUDE_LEE_SITES	ridge	s__GGB3475_SGB4638	7	7	1.0	-0.056930694871893936	0.07720605836010357	0.005484210976319112	0.5714285714285714
S3_EXCLUDE_LEE_SITES	ridge	s__Eisenbergiella_tayi	7	7	1.0	0.03877779735910669	0.07719910136498327	0.008789860463430527	0.8571428571428571
S3_EXCLUDE_LEE_SITES	ridge	s__GGB9641_SGB15117	7	7	1.0	-0.0770398487580689	0.0770398487580689	-0.04146034407298057	1.0
S3_EXCLUDE_LEE_SITES	ridge	s__Clostridium_spiroforme	7	7	1.0	-0.07606500280443237	0.07606500280443237	-0.047336806488823706	1.0
S3_EXCLUDE_LEE_SITES	ridge	s__Massilioclostridium_coli	7	7	1.0	-0.01847806923304019	0.07597405214456905	-0.02762902594429278	0.8571428571428571
S3_EXCLUDE_LEE_SITES	ridge	s__Emergencia_timonensis	7	7	1.0	-0.053333357529360984	0.07550586477782117	-0.013470262589822606	0.5714285714285714
S3_EXCLUDE_LEE_SITES	ridge	s__Blautia_glucerasea	7	7	1.0	0.006635175783244255	0.07520701546336771	0.006137970596898476	0.5714285714285714
S3_EXCLUDE_LEE_SITES	ridge	s__GGB3109_SGB4643	7	7	1.0	-0.06977295585421929	0.07494860951086277	-0.013782037841553633	0.8571428571428571
S3_EXCLUDE_LEE_SITES	ridge	s__Anaerobutyricum_hallii	7	7	1.0	-0.06120673359536185	0.07493246731992369	-0.04584861573296761	0.5714285714285714
S3_EXCLUDE_LEE_SITES	ridge	s__GGB79916_SGB4587	3	3	1.0	0.07421479015593359	0.07421479015593359	0.0341609232568463	1.0
S3_EXCLUDE_LEE_SITES	ridge	s__Alistipes_ihumii	7	7	1.0	0.0596755476794768	0.07420319251619283	0.004593318178175125	0.5714285714285714
S3_EXCLUDE_LEE_SITES	ridge	s__Phocaeicola_plebeius	7	7	1.0	0.02981387512444178	0.0742021487804456	0.037075457666487864	0.8571428571428571
S3_EXCLUDE_LEE_SITES	ridge	s__GGB36267_SGB14177	7	7	1.0	-0.06885376761862824	0.07407573772110766	-0.02050366386286606	0.8571428571428571
S3_EXCLUDE_LEE_SITES	ridge	s__GGB1627_SGB2230	1	1	1.0	0.07375687527441158	0.07375687527441158	0.07375687527441158	1.0
S3_EXCLUDE_LEE_SITES	ridge	s__GGB51959_SGB72479	7	7	1.0	-0.018871535468429075	0.07371728692284234	0.007321831176741081	0.5714285714285714
S3_EXCLUDE_LEE_SITES	ridge	s__Streptococcus_infantis	7	7	1.0	-0.07365127056785466	0.07365127056785466	-0.033231223223314364	1.0
S3_EXCLUDE_LEE_SITES	ridge	s__Coprococcus_eutactus	7	7	1.0	0.07348515004968974	0.07348515004968974	0.06069865053020965	1.0
S3_EXCLUDE_LEE_SITES	ridge	s__Alistipes_senegalensis	7	7	1.0	0.048835422140677286	0.0732385961418307	-0.013241044679728474	0.5714285714285714
S3_EXCLUDE_LEE_SITES	ridge	s__GGB9719_SGB15272	7	7	1.0	-0.07318340419712092	0.07318340419712092	-0.03756492561014174	1.0
S3_EXCLUDE_LEE_SITES	ridge	s__Bifidobacterium_dentium	7	7	1.0	-0.07314463137280439	0.07314463137280439	-0.03685698087113435	1.0
S3_EXCLUDE_LEE_SITES	ridge	s__Streptococcus_SGB15012	7	7	1.0	-0.008480744454670546	0.07288948756062774	-0.04419308841596161	0.7142857142857143
S3_EXCLUDE_LEE_SITES	ridge	s__Akkermansia_muciniphila	7	7	1.0	-0.06741313534962293	0.07278705319509812	-0.00390840055160904	0.7142857142857143
S3_EXCLUDE_LEE_SITES	ridge	s__GGB9758_SGB15368	7	7	1.0	-0.07188207455486	0.07275751751520211	-0.0462138559781472	0.8571428571428571
S3_EXCLUDE_LEE_SITES	ridge	s__Massiliimalia_massiliensis	7	7	1.0	0.022067972062930718	0.0726668911486323	-0.006871136463293116	0.8571428571428571
S3_EXCLUDE_LEE_SITES	ridge	s__Ruminococcus_gnavus	7	7	1.0	-0.07108661636559789	0.07260687346409801	-0.005122961435921888	0.8571428571428571
S3_EXCLUDE_LEE_SITES	ridge	s__GGB9635_SGB15106	7	7	1.0	0.06082260488688881	0.0722873261670928	0.01957163471412082	0.8571428571428571
S3_EXCLUDE_LEE_SITES	ridge	s__GGB3167_SGB4181	7	7	1.0	-0.07164202646244067	0.07199410129876282	-0.02242874626581713	0.8571428571428571
S3_EXCLUDE_LEE_SITES	ridge	s__Clostridium_sp_1001271st1_H5	4	4	1.0	-0.07183696587311515	0.07183696587311515	-0.021874935101189083	1.0
S3_EXCLUDE_LEE_SITES	ridge	s__GGB3256_SGB4303	7	7	1.0	-0.0649287369458653	0.07177385080459464	-0.03048144378888092	0.8571428571428571
S3_EXCLUDE_LEE_SITES	ridge	s__Clostridium_sp_AF27_2AA	7	7	1.0	-0.0655152159232802	0.07168377139544212	-0.026750978856391973	0.7142857142857143
S3_EXCLUDE_LEE_SITES	ridge	s__Roseburia_inulinivorans	7	7	1.0	-0.06350103952220075	0.07166209944745683	-0.031177737729943977	0.8571428571428571
S3_EXCLUDE_LEE_SITES	ridge	s__Senegalimassilia_anaerobia	7	7	1.0	-0.07164712595181985	0.07164712595181985	-0.03782169393339439	1.0
S3_EXCLUDE_LEE_SITES	ridge	s__GGB10485_SGB49305	6	6	1.0	0.07164487677105968	0.07164487677105968	0.03996808902329688	1.0
S3_EXCLUDE_LEE_SITES	ridge	s__Turicibacter_sanguinis	7	7	1.0	0.07161197062137663	0.07161197062137663	0.02667520247507543	1.0
S3_EXCLUDE_LEE_SITES	ridge	s__Butyricimonas_SGB15260	7	7	1.0	-0.06236141671851184	0.07159661930290208	-0.027439356476689814	0.8571428571428571
S3_EXCLUDE_LEE_SITES	ridge	s__Coprococcus_SGB4669	7	7	1.0	-0.07154487616981765	0.07154487616981765	-0.06802466986409199	1.0
S3_EXCLUDE_LEE_SITES	ridge	s__GGB2998_SGB3988	7	7	1.0	-0.07141604275380117	0.07141604275380117	-0.05384594124256104	1.0
S3_EXCLUDE_LEE_SITES	ridge	s__GGB58233_SGB79883	7	7	1.0	-0.06476558038486675	0.07105282037356851	-0.03992998457515317	0.8571428571428571
S3_EXCLUDE_LEE_SITES	ridge	s__Blautia_producta	7	7	1.0	-0.06741849631252343	0.0710290555423853	-0.02646813728184866	0.7142857142857143
S3_EXCLUDE_LEE_SITES	ridge	s__Isoptericola_variabilis	6	6	1.0	0.07083335914328436	0.07083335914328436	0.033277725782120376	1.0
S3_EXCLUDE_LEE_SITES	ridge	s__Clostridium_sp_1001270H_150608_G6	7	7	1.0	0.07072317194815593	0.07072317194815593	0.05832952087460146	1.0
S3_EXCLUDE_LEE_SITES	ridge	s__Clostridium_fessum	7	7	1.0	0.07065163589854648	0.07065163589854648	0.032605186373249155	1.0
S3_EXCLUDE_LEE_SITES	ridge	s__GGB9210_SGB14149	6	6	1.0	-0.054730079947292225	0.07038895954887821	-0.005244994404804815	0.6666666666666666
S3_EXCLUDE_LEE_SITES	ridge	s__Dialister_invisus	7	7	1.0	0.061342590475305284	0.07036572399081867	0.03134828034845833	0.8571428571428571
S3_EXCLUDE_LEE_SITES	ridge	s__Bacteroides_cellulosilyticus	7	7	1.0	-0.0702842970445822	0.0702842970445822	-0.048622495380635664	1.0
S3_EXCLUDE_LEE_SITES	ridge	s__GGB9474_SGB14868	2	2	1.0	0.06637509980283267	0.07024383867878838	0.06637509980283267	0.5
S3_EXCLUDE_LEE_SITES	ridge	s__Dysosmobacter_sp_NSJ_60	7	7	1.0	-0.07010065694473319	0.07010065694473319	-0.046333895261947644	1.0
S3_EXCLUDE_LEE_SITES	ridge	s__Mediterraneibacter_butyricigenes	7	7	1.0	0.06360605756085251	0.06983491199752533	0.02943907843090566	0.8571428571428571
S3_EXCLUDE_LEE_SITES	ridge	s__Bacteroides_nordii	7	7	1.0	0.021652081755549984	0.06976927303915796	-0.018032344191161856	0.7142857142857143
S3_EXCLUDE_LEE_SITES	ridge	s__Clostridium_sp_AF36_4	7	7	1.0	-0.019396573632780616	0.06941616315165512	-0.0516060009902662	0.8571428571428571
S3_EXCLUDE_LEE_SITES	ridge	s__Bifidobacterium_animalis	7	7	1.0	0.06609200367132616	0.06912204467919715	0.06253731788847693	0.8571428571428571
S3_EXCLUDE_LEE_SITES	ridge	s__Dorea_sp_AF36_15AT	7	7	1.0	-0.0658563364642031	0.06908625107027394	-0.024166324937816647	0.7142857142857143
S3_EXCLUDE_LEE_SITES	ridge	s__GGB45495_SGB63167	7	7	1.0	0.007628430266670497	0.06893308924962786	0.020267204680362035	0.7142857142857143
S3_EXCLUDE_LEE_SITES	ridge	s__GGB2987_SGB3969	7	7	1.0	-0.06676737901097737	0.06892166471130466	-0.031302086124107786	0.8571428571428571
S3_EXCLUDE_LEE_SITES	ridge	s__GGB2848_SGB3813	7	7	1.0	-0.05705517974902956	0.06884004212672683	-0.021818805588457883	0.7142857142857143
S3_EXCLUDE_LEE_SITES	ridge	s__GGB33512_SGB15203	7	7	1.0	-0.057498169314015336	0.06873436101885988	-0.040517843756938295	0.7142857142857143
S3_EXCLUDE_LEE_SITES	ridge	s__Anaerotignum_faecicola	7	7	1.0	-0.024435596153350662	0.06863347546307413	-0.028712418852101695	0.7142857142857143
S3_EXCLUDE_LEE_SITES	ridge	s__Fusicatenibacter_saccharivorans	7	7	1.0	-0.033408390705991296	0.06845538021525915	0.01045942303427161	0.7142857142857143
S3_EXCLUDE_LEE_SITES	ridge	s__GGB3653_SGB4964	7	7	1.0	-0.028510676399411617	0.06845423336088816	-0.028030248438077207	0.7142857142857143
S3_EXCLUDE_LEE_SITES	ridge	s__Enterococcus_faecium	6	6	1.0	0.0604643235893517	0.06844772116056173	0.017539606496709315	0.6666666666666666
S3_EXCLUDE_LEE_SITES	ridge	s__Actinomyces_sp_ph3	7	7	1.0	-0.06837482257203438	0.06837482257203438	-0.04984235190639523	1.0
S3_EXCLUDE_LEE_SITES	ridge	s__Catenibacterium_SGB4425	3	3	1.0	0.06819705369168097	0.06819705369168097	0.05715211810182556	1.0
S3_EXCLUDE_LEE_SITES	ridge	s__Alistipes_indistinctus	7	7	1.0	-0.03492342162947399	0.06816470816473912	0.0005701408536612672	0.5714285714285714
S3_EXCLUDE_LEE_SITES	ridge	s__Longibaculum_muris	6	6	1.0	0.06811212472693978	0.06811212472693978	0.029443672100116575	1.0
S3_EXCLUDE_LEE_SITES	ridge	s__GGB3534_SGB4722	7	7	1.0	-0.022697103098324015	0.06779192184551343	-0.0259147536345836	0.8571428571428571
S3_EXCLUDE_LEE_SITES	ridge	s__GGB4566_SGB6305	7	7	1.0	0.051309711059726475	0.06771352122382672	0.0032368171641577264	0.5714285714285714
S3_EXCLUDE_LEE_SITES	ridge	s__GGB3619_SGB4894	7	7	1.0	-0.06752029194988357	0.06752029194988357	-0.0434375250408096	1.0
S3_EXCLUDE_LEE_SITES	ridge	s__Blautia_wexlerae	7	7	1.0	0.06480199538763394	0.06724025761439259	0.027817356072164724	0.8571428571428571
S3_EXCLUDE_LEE_SITES	ridge	s__GGB3588_SGB4808	5	5	1.0	-0.0672079585446124	0.0672079585446124	-0.05425806484133971	1.0
S3_EXCLUDE_LEE_SITES	ridge	s__Anaerococcus_SGB53821	7	7	1.0	-0.04855792099657757	0.06715121901881914	-0.031096361056499013	0.7142857142857143
S3_EXCLUDE_LEE_SITES	ridge	s__Clostridium_sp_NSJ_42	7	7	1.0	0.06689311814498324	0.06689311814498324	0.048761925155608614	1.0
S3_EXCLUDE_LEE_SITES	ridge	s__Monoglobus_pectinilyticus	7	7	1.0	-0.059533168759099905	0.06686303107388708	-0.026413222988063874	0.8571428571428571
S3_EXCLUDE_LEE_SITES	ridge	s__Lachnospira_sp_NSJ_43	7	7	1.0	0.05649670891238132	0.06672744085117768	0.025123811933593507	0.5714285714285714
S3_EXCLUDE_LEE_SITES	ridge	s__Faecalibacterium_SGB15315	7	7	1.0	-0.0666094814105421	0.0666094814105421	-0.05368307280453934	1.0
S3_EXCLUDE_LEE_SITES	ridge	s__Clostridium_sp_AF34_13	7	7	1.0	0.043714288822464246	0.06636142131363802	0.029140566145840662	0.5714285714285714
S3_EXCLUDE_LEE_SITES	ridge	s__Blautia_faecicola	1	1	1.0	0.06618655312101718	0.06618655312101718	0.06618655312101718	1.0
S3_EXCLUDE_LEE_SITES	ridge	s__GGB42994_SGB4746	7	7	1.0	-0.05726313822136648	0.06553102469555461	-0.012267002583698927	0.7142857142857143
S3_EXCLUDE_LEE_SITES	ridge	s__GGB3510_SGB4687	7	7	1.0	-0.03032931422475584	0.06505971008892904	-0.027825118432217792	0.8571428571428571
S3_EXCLUDE_LEE_SITES	ridge	s__Blautia_sp_MSK_20_85	7	7	1.0	-0.044286208713649224	0.06477733055010015	0.0025454758946156547	0.5714285714285714
S3_EXCLUDE_LEE_SITES	ridge	s__Pseudoflavonifractor_sp_An184	7	7	1.0	0.017162816750243125	0.06439712725657795	-0.01490516700743771	0.7142857142857143
S3_EXCLUDE_LEE_SITES	ridge	s__GGB3612_SGB4882	7	7	1.0	-0.05513885798732786	0.06420039822119869	-0.0723972278601015	0.8571428571428571
S3_EXCLUDE_LEE_SITES	ridge	s__GGB9608_SGB15041	6	6	1.0	0.059688965600690945	0.06400554204807907	0.021013054520265303	0.8333333333333334
S3_EXCLUDE_LEE_SITES	ridge	s__Bacteroides_clarus	5	5	1.0	-0.058452125260184916	0.06383507055283845	-0.027877570082050013	0.8
S3_EXCLUDE_LEE_SITES	ridge	s__Butyricicoccus_sp_AM29_23AC	7	7	1.0	-0.03480804261529618	0.06379184870666064	0.007631111314760697	0.7142857142857143
S3_EXCLUDE_LEE_SITES	ridge	s__Faecalicatena_fissicatena	7	7	1.0	-0.019545869163259733	0.06320679313288544	-0.028466190577038152	0.8571428571428571
S3_EXCLUDE_LEE_SITES	ridge	s__Clostridium_butyricum	7	7	1.0	-0.06017008934136324	0.06315530478992218	-0.05456676277528019	0.8571428571428571
S3_EXCLUDE_LEE_SITES	ridge	s__GGB9646_SGB15123	7	7	1.0	0.016631328643700774	0.06286012140131603	-0.023824267494010957	0.7142857142857143
S3_EXCLUDE_LEE_SITES	ridge	s__Enterocloster_clostridioformis	7	7	1.0	-0.05421783518218011	0.06232972343135894	-0.013834186298009915	0.8571428571428571
S3_EXCLUDE_LEE_SITES	ridge	s__Ruminococcus_bromii	7	7	1.0	0.05807473704940229	0.0623184925089332	0.018598161349283198	0.8571428571428571
S3_EXCLUDE_LEE_SITES	ridge	s__GGB9618_SGB15065	6	6	1.0	-0.062198249528482824	0.062198249528482824	-0.05164109626173409	1.0
S3_EXCLUDE_LEE_SITES	ridge	s__Gordonibacter_pamelaeae	7	7	1.0	-0.05762225876187105	0.061814116700960195	-0.009089281049715315	0.8571428571428571
S3_EXCLUDE_LEE_SITES	ridge	s__Clostridium_sp_1001270J_160509_D11	7	7	1.0	0.023959763353768614	0.06160588431418366	0.032092137693171756	0.8571428571428571
S3_EXCLUDE_LEE_SITES	ridge	s__Holdemanella_porci	7	7	1.0	0.061129321404761225	0.061129321404761225	0.04127883592417748	1.0
S3_EXCLUDE_LEE_SITES	ridge	s__Escherichia_coli	7	7	1.0	-0.02287176899635801	0.060645202910749096	-0.02754645291256754	0.8571428571428571
S3_EXCLUDE_LEE_SITES	ridge	s__Candidatus_Catenibacterium_tridentinum	7	7	1.0	0.034846339835548745	0.06039590102001489	0.001196140466392034	0.5714285714285714
S3_EXCLUDE_LEE_SITES	ridge	s__Actinomyces_SGB17168	7	7	1.0	0.031936406298773416	0.060316009335707174	-0.0020428108244564236	0.5714285714285714
S3_EXCLUDE_LEE_SITES	ridge	s__Gordonibacter_urolithinfaciens	7	7	1.0	-0.05715438132355703	0.06028922312389242	-0.01933204733273444	0.7142857142857143
S3_EXCLUDE_LEE_SITES	ridge	s__Bacteroides_fragilis	7	7	1.0	-0.06020135154685558	0.06020135154685558	-0.04271757600913063	1.0
S3_EXCLUDE_LEE_SITES	ridge	s__Dorea_sp_AF24_7LB	7	7	1.0	0.003955750303309806	0.06016495231476916	-0.03148665679142838	0.8571428571428571
S3_EXCLUDE_LEE_SITES	ridge	s__Haemophilus_parainfluenzae	7	7	1.0	0.02979089837093212	0.05992690045428374	-0.01473094672381453	0.5714285714285714
S3_EXCLUDE_LEE_SITES	ridge	s__Blautia_sp_OF03_15BH	7	7	1.0	0.02244097267294107	0.05992174641256468	0.000830302976047794	0.5714285714285714
S3_EXCLUDE_LEE_SITES	ridge	s__Butyricimonas_virosa	7	7	1.0	-0.04759232652064144	0.05978241045237557	-0.015941953139655733	0.5714285714285714
S3_EXCLUDE_LEE_SITES	ridge	s__Collinsella_intestinalis	6	6	1.0	0.0455694488973869	0.05971600973047817	0.0039081060646990705	0.5
S3_EXCLUDE_LEE_SITES	ridge	s__GGB9342_SGB14306	7	7	1.0	0.04796816646080732	0.05950934430066013	0.04879342512467737	0.8571428571428571
S3_EXCLUDE_LEE_SITES	ridge	s__GGB3511_SGB4688	1	1	1.0	0.059439419057028105	0.059439419057028105	0.059439419057028105	1.0
S3_EXCLUDE_LEE_SITES	ridge	s__Parabacteroides_merdae	7	7	1.0	0.0589164550290676	0.0589164550290676	0.044430014174539074	1.0
S3_EXCLUDE_LEE_SITES	ridge	s__Bacteroides_caccae	7	7	1.0	-0.047315403033978534	0.0588926615109738	0.00338332512004668	0.7142857142857143
S3_EXCLUDE_LEE_SITES	ridge	s__Streptococcus_anginosus	7	7	1.0	0.03407591343625811	0.05887704468901859	0.0057524165258373075	0.5714285714285714
S3_EXCLUDE_LEE_SITES	ridge	s__Lacrimispora_amygdalina	7	7	1.0	0.047654377129462855	0.058408921521434363	0.04038560518741862	0.8571428571428571
S3_EXCLUDE_LEE_SITES	ridge	s__GGB3463_SGB4621	3	3	1.0	-0.05797437414300016	0.05797437414300016	-0.05373880983417787	1.0
S3_EXCLUDE_LEE_SITES	ridge	s__GGB9775_SGB15395	7	7	1.0	0.027744211479768546	0.05789469785508996	0.028052092148857462	0.7142857142857143
S3_EXCLUDE_LEE_SITES	ridge	s__Parabacteroides_distasonis	7	7	1.0	0.0028080999660023945	0.05778700358200976	0.01566086432481629	0.7142857142857143
S3_EXCLUDE_LEE_SITES	ridge	s__GGB79630_SGB13983	4	4	1.0	0.05761915264202597	0.05761915264202597	0.053950348700262454	1.0
S3_EXCLUDE_LEE_SITES	ridge	s__GGB3109_SGB4119	7	7	1.0	0.05545387318560534	0.05742163225142933	0.04268352792235353	0.8571428571428571
S3_EXCLUDE_LEE_SITES	ridge	s__GGB4456_SGB6141	7	7	1.0	-0.023038242193791584	0.05713595425103064	0.01613875874767617	0.5714285714285714
S3_EXCLUDE_LEE_SITES	ridge	s__GGB45432_SGB63101	7	7	1.0	-0.056785130004106975	0.05710825766212148	-0.04822618595520446	0.8571428571428571
S3_EXCLUDE_LEE_SITES	ridge	s__Bifidobacterium_longum	7	7	1.0	0.005418837119554624	0.0568262801346167	0.029869768191528517	0.7142857142857143
S3_EXCLUDE_LEE_SITES	ridge	s__Blautia_SGB4815	7	7	1.0	0.05386724711708824	0.056738592208489355	0.03253999752456068	0.8571428571428571
S3_EXCLUDE_LEE_SITES	ridge	s__GGB1266_SGB1699	7	7	1.0	0.012933971540289147	0.05626461642638835	0.003507504361417704	0.7142857142857143
S3_EXCLUDE_LEE_SITES	ridge	s__Bacteroides_ovatus	7	7	1.0	0.03336301497697972	0.05606293164620213	0.00790823888914663	0.7142857142857143
S3_EXCLUDE_LEE_SITES	ridge	s__Ruminococcus_sp_BSD2780120874_150323_B10	7	7	1.0	0.013777138075779346	0.05584102942097485	-0.004082232063028952	0.5714285714285714
S3_EXCLUDE_LEE_SITES	ridge	s__Collinsella_bouchesdurhonensis	6	6	1.0	-0.046357141555790876	0.05557455534873548	-0.014493511800484568	0.6666666666666666
S3_EXCLUDE_LEE_SITES	ridge	s__Ruminococcus_SGB4421	7	7	1.0	-0.05036673463339555	0.05523158399788216	-0.029968499065511276	0.8571428571428571
S3_EXCLUDE_LEE_SITES	ridge	s__Oscillibacter_sp_NSJ_62	6	6	1.0	-0.05458699943007877	0.05458699943007877	-0.03622134397240516	1.0
S3_EXCLUDE_LEE_SITES	ridge	s__Mogibacterium_sp_BX12	7	7	1.0	0.052220326202676796	0.05440417587820729	0.004251086037562635	0.8571428571428571
S3_EXCLUDE_LEE_SITES	ridge	s__Enterocloster_SGB14313	7	7	1.0	0.05427073671547418	0.05427073671547418	0.04816361254659438	1.0
S3_EXCLUDE_LEE_SITES	ridge	s__Odoribacter_splanchnicus	7	7	1.0	-0.03609661195175139	0.05396080259671602	-0.019234559246310214	0.7142857142857143
S3_EXCLUDE_LEE_SITES	ridge	s__Clostridium_sp_AM33_3	7	7	1.0	0.023804635113107788	0.05382129876103132	0.04928217716117269	0.8571428571428571
S3_EXCLUDE_LEE_SITES	ridge	s__GGB3570_SGB4777	7	7	1.0	0.051088514676914734	0.05380829357758595	0.00406320829028474	0.5714285714285714
S3_EXCLUDE_LEE_SITES	ridge	s__Ruminococcus_callidus	7	7	1.0	-0.027318031714816216	0.053763904058716734	-0.0016177203042351362	0.5714285714285714
S3_EXCLUDE_LEE_SITES	ridge	s__GGB9766_SGB15383	7	7	1.0	0.041889768948050535	0.0536228068472715	0.04191758093634834	0.7142857142857143
S3_EXCLUDE_LEE_SITES	ridge	s__GGB2653_SGB3574	7	7	1.0	0.053499234704582385	0.053499234704582385	0.04428248300130172	1.0
S3_EXCLUDE_LEE_SITES	ridge	s__GGB9620_SGB15068	3	3	1.0	-0.05323616810424664	0.05323616810424664	-0.04675796161348937	1.0
S3_EXCLUDE_LEE_SITES	ridge	s__Mediterraneibacter_massiliensis	7	7	1.0	-0.05317091406315155	0.05317091406315155	-0.033273956280716874	1.0
S3_EXCLUDE_LEE_SITES	ridge	s__GGB9765_SGB15382	7	7	1.0	-0.053020789461913416	0.053020789461913416	-0.020264095048864176	1.0
S3_EXCLUDE_LEE_SITES	ridge	s__Sanguibacter_SGB15121	7	7	1.0	-0.012978140127082493	0.05245414922870602	0.001330184703627995	0.5714285714285714
S3_EXCLUDE_LEE_SITES	ridge	s__Bilophila_wadsworthia	7	7	1.0	0.008669526636983537	0.052404086671177	-0.02913013524570335	0.7142857142857143
S3_EXCLUDE_LEE_SITES	ridge	s__Ligilactobacillus_ruminis	1	1	1.0	0.05239344398696874	0.05239344398696874	0.05239344398696874	1.0
S3_EXCLUDE_LEE_SITES	ridge	s__GGB3142_SGB4155	1	1	1.0	-0.052244811727022895	0.052244811727022895	-0.052244811727022895	1.0
S3_EXCLUDE_LEE_SITES	ridge	s__Blautia_obeum	7	7	1.0	-0.03819437509577222	0.05212684474414193	-0.033392144066958125	0.8571428571428571
S3_EXCLUDE_LEE_SITES	ridge	s__GGB47687_SGB2286	7	7	1.0	-0.027468124286697485	0.05195269386462935	0.0033303179518918958	0.5714285714285714
S3_EXCLUDE_LEE_SITES	ridge	s__Streptococcus_gordonii	7	7	1.0	0.01362277445861065	0.05183337391650932	0.016425080150415654	0.7142857142857143
S3_EXCLUDE_LEE_SITES	ridge	s__Ellagibacter_isourolithinifaciens	7	7	1.0	-0.047765295921978645	0.05165939461380827	-0.041845185523455244	0.8571428571428571
S3_EXCLUDE_LEE_SITES	ridge	s__Ruminococcus_sp_AF41_9	6	6	1.0	-0.0019904580052738613	0.051328321593450826	-0.014458209455948768	0.6666666666666666
S3_EXCLUDE_LEE_SITES	ridge	s__Alistipes_dispar	7	7	1.0	0.03450922663358082	0.051194033772787535	0.013831843785056551	0.7142857142857143
S3_EXCLUDE_LEE_SITES	ridge	s__Pauljensenia_hongkongensis	3	3	1.0	0.012799072002516362	0.05095828355843728	-0.027167046130283853	0.6666666666666666
S3_EXCLUDE_LEE_SITES	ridge	s__Clostridium_SGB4750	7	7	1.0	0.05039674652775049	0.05039674652775049	0.028309520226024936	1.0
S3_EXCLUDE_LEE_SITES	ridge	s__Clostridium_sp_AF12_28	7	7	1.0	-0.016314324076010238	0.05023731481197481	-0.006237871587677782	0.5714285714285714
S3_EXCLUDE_LEE_SITES	ridge	s__Mogibacterium_kristiansenii	6	6	1.0	-0.04710565874019567	0.04970767541992683	-0.042105958947373116	0.8333333333333334
S3_EXCLUDE_LEE_SITES	ridge	s__Blautia_stercoris	7	7	1.0	-0.038281735478850346	0.04902566967179446	-0.011618315436270992	0.7142857142857143
S3_EXCLUDE_LEE_SITES	ridge	s__Coprobacter_fastidiosus	7	7	1.0	-0.02969005839084306	0.04865607281214753	-0.024694570258178738	0.8571428571428571
S3_EXCLUDE_LEE_SITES	ridge	s__GGB79734_SGB15291	7	7	1.0	-0.012562700660829294	0.04833655260658696	0.0213265628618537	0.5714285714285714
S3_EXCLUDE_LEE_SITES	ridge	s__Clostridium_sp_AT4	7	7	1.0	0.032956536562680695	0.04781950912788769	0.044662800333844434	0.8571428571428571
S3_EXCLUDE_LEE_SITES	ridge	s__Alistipes_communis	7	7	1.0	0.04691053117242883	0.04711652378499738	0.03633241295130418	0.7142857142857143
S3_EXCLUDE_LEE_SITES	ridge	s__Flavonifractor_plautii	7	7	1.0	0.016182435600104027	0.04690298330898	0.027686117736407705	0.8571428571428571
S3_EXCLUDE_LEE_SITES	ridge	s__Amedibacillus_dolichus	5	5	1.0	0.04104980891327955	0.046802405018678786	0.02643992051805843	0.8
S3_EXCLUDE_LEE_SITES	ridge	s__Corynebacterium_durum	6	6	1.0	0.04679665293562815	0.04679665293562815	0.015843845161431946	1.0
S3_EXCLUDE_LEE_SITES	ridge	s__Victivallis_lenta	2	2	1.0	-0.008325751208034082	0.04666642742701835	-0.008325751208034082	0.5
S3_EXCLUDE_LEE_SITES	ridge	s__Clostridium_sp_AM49_4BH	7	7	1.0	0.01289046674226119	0.04663019815873647	-0.008149089490441491	0.7142857142857143
S3_EXCLUDE_LEE_SITES	ridge	s__Eubacterium_ventriosum	7	7	1.0	0.008507189284214437	0.046461254166997375	0.00478020531339508	0.5714285714285714
S3_EXCLUDE_LEE_SITES	ridge	s__GGB9186_SGB14125	7	7	1.0	-0.04614415119076725	0.04614415119076725	-0.025029165126759415	1.0
S3_EXCLUDE_LEE_SITES	ridge	s__Actinomyces_oris	7	7	1.0	0.01593967815677027	0.04569769186577265	-0.015669507545878984	0.7142857142857143
S3_EXCLUDE_LEE_SITES	ridge	s__GGB3746_SGB5089	7	7	1.0	0.044404085491416376	0.045685252664625545	0.02364846146564174	0.8571428571428571
S3_EXCLUDE_LEE_SITES	ridge	s__Lactobacillus_gasseri	7	7	1.0	0.021088833343225748	0.04565973596153451	0.0031281859649087357	0.5714285714285714
S3_EXCLUDE_LEE_SITES	ridge	s__Candidatus_Nanosynsacchari_sp_TM7_ANC_38_39_G1_1	4	4	1.0	0.012276489248984127	0.04556348080535332	0.025310611172360387	0.75
S3_EXCLUDE_LEE_SITES	ridge	s__Holdemanella_biformis	1	1	1.0	0.045381631257572476	0.045381631257572476	0.045381631257572476	1.0
S3_EXCLUDE_LEE_SITES	ridge	s__Blautia_hydrogenotrophica	7	7	1.0	0.016656097304142897	0.045307349994195646	0.002677593728756157	0.5714285714285714
S3_EXCLUDE_LEE_SITES	ridge	s__Christensenella_hongkongensis	7	7	1.0	0.02649598574279055	0.045193822602081136	-0.001212761684991471	0.5714285714285714
S3_EXCLUDE_LEE_SITES	ridge	s__GGB42389_SGB59559	7	7	1.0	-0.01656590718702147	0.044798702792339475	-0.028471390779478165	0.7142857142857143
S3_EXCLUDE_LEE_SITES	ridge	s__Streptococcus_sanguinis	7	7	1.0	0.03863157529454806	0.044765025630978277	0.002577711315446251	0.7142857142857143
S3_EXCLUDE_LEE_SITES	ridge	s__GGB9189_SGB14128	6	6	1.0	0.044316891301585205	0.044316891301585205	0.030480868025493105	1.0
S3_EXCLUDE_LEE_SITES	ridge	s__Bacteroides_faecis	7	7	1.0	0.03893362961363061	0.04430251484662403	0.016170542054182526	0.5714285714285714
S3_EXCLUDE_LEE_SITES	ridge	s__GGB3000_SGB3991	7	7	1.0	0.015145889657597637	0.044268061030706275	0.005610397629075377	0.5714285714285714
S3_EXCLUDE_LEE_SITES	ridge	s__GGB33469_SGB15236	7	7	1.0	-0.03358616314750041	0.04370861008194956	-0.01786982175776246	0.7142857142857143
S3_EXCLUDE_LEE_SITES	ridge	s__Akkermansia_sp_BIOML_A40	2	2	1.0	-0.04308003136214188	0.04308003136214188	-0.04308003136214188	1.0
S3_EXCLUDE_LEE_SITES	ridge	s__GGB9782_SGB15403	7	7	1.0	-0.03560781611009466	0.04298023023242704	-0.0182916105141484	0.8571428571428571
S3_EXCLUDE_LEE_SITES	ridge	s__GGB51441_SGB71759	7	7	1.0	-0.002597382117092627	0.04290405110854732	0.003973204430077429	0.5714285714285714
S3_EXCLUDE_LEE_SITES	ridge	s__Coprococcus_comes	7	7	1.0	-0.007853582591376881	0.042576958358677905	-0.025019953351676106	0.8571428571428571
S3_EXCLUDE_LEE_SITES	ridge	s__Paratractidigestivibacter_faecalis	1	1	1.0	-0.0421309442956405	0.0421309442956405	-0.0421309442956405	1.0
S3_EXCLUDE_LEE_SITES	ridge	s__Streptococcus_australis	7	7	1.0	0.025496877949189655	0.04168460518849859	0.01676648070032385	0.5714285714285714
S3_EXCLUDE_LEE_SITES	ridge	s__Actinomyces_SGB17163	6	6	1.0	-0.008056912244842309	0.04167858640873734	0.013800211023231573	0.6666666666666666
S3_EXCLUDE_LEE_SITES	ridge	s__Solibaculum_mannosilyticum	7	7	1.0	-0.030697210590110147	0.04134180397215842	-0.0028439484648444245	0.5714285714285714
S3_EXCLUDE_LEE_SITES	ridge	s__Phascolarctobacterium_SGB4573	7	7	1.0	0.003660057992731751	0.041251726707356155	0.011221695744466253	0.5714285714285714
S3_EXCLUDE_LEE_SITES	ridge	s__Enterococcus_SGB6173	7	7	1.0	0.008175963397168796	0.040678434722179024	0.003564880977469581	0.5714285714285714
S3_EXCLUDE_LEE_SITES	ridge	s__GGB9240_SGB14182	7	7	1.0	0.03426898978559219	0.040256016203381796	0.006698196987713305	0.8571428571428571
S3_EXCLUDE_LEE_SITES	ridge	s__GGB1662_SGB2276	1	1	1.0	0.04013598810836149	0.04013598810836149	0.04013598810836149	1.0
S3_EXCLUDE_LEE_SITES	ridge	s__GGB9634_SGB15093	7	7	1.0	0.012300624625230858	0.04010255512165988	-0.005871369145077771	0.7142857142857143
S3_EXCLUDE_LEE_SITES	ridge	s__Scardovia_wiggsiae	5	5	1.0	0.0015980796785982677	0.03953935474095161	-0.025325802221659387	0.8
S3_EXCLUDE_LEE_SITES	ridge	s__GGB33469_SGB15237	7	7	1.0	0.007109836222485309	0.03945227404751247	-0.008679027191827143	0.7142857142857143
S3_EXCLUDE_LEE_SITES	ridge	s__Clostridium_saudiense	7	7	1.0	-0.030191610420139424	0.03943619067067839	-0.011927290068517126	0.7142857142857143
S3_EXCLUDE_LEE_SITES	ridge	s__GGB33512_SGB15201	7	7	1.0	0.013975149316814808	0.03886291060836294	-0.015729034787980503	0.5714285714285714
S3_EXCLUDE_LEE_SITES	ridge	s__Mogibacterium_diversum	7	7	1.0	-0.03871071537607227	0.03871071537607227	-0.023689068452220956	1.0
S3_EXCLUDE_LEE_SITES	ridge	s__Anaerofustis_stercorihominis	7	7	1.0	-0.01912621653132519	0.03829775772108101	-0.002934707355574464	0.5714285714285714
S3_EXCLUDE_LEE_SITES	ridge	s__Enterococcus_faecalis	6	6	1.0	0.03294381437026859	0.038214035548862615	0.005422692811843874	0.5
S3_EXCLUDE_LEE_SITES	ridge	s__Streptococcus_salivarius	7	7	1.0	-0.02643455292127016	0.038212161875915696	0.003590965675703273	0.5714285714285714
S3_EXCLUDE_LEE_SITES	ridge	s__GGB9699_SGB15216	7	7	1.0	-0.03582807214915769	0.03757881430315575	-0.012430054571974828	0.5714285714285714
S3_EXCLUDE_LEE_SITES	ridge	s__GGB80011_SGB15267	6	6	1.0	-0.03711088158593731	0.03711088158593731	-0.035765841447390326	1.0
S3_EXCLUDE_LEE_SITES	ridge	s__Clostridium_sp_AF20_17LB	7	7	1.0	-0.0014708919999513132	0.03674380061117242	0.016389105056424488	0.7142857142857143
S3_EXCLUDE_LEE_SITES	ridge	s__Phocaeicola_dorei	7	7	1.0	0.019342783104873217	0.036372827048545615	0.02598543005789536	0.7142857142857143
S3_EXCLUDE_LEE_SITES	ridge	s__GGB4745_SGB6571	4	4	1.0	-0.03373310863574317	0.03636955037999118	-0.005852802603720788	0.5
S3_EXCLUDE_LEE_SITES	ridge	s__Actinomyces_naeslundii	6	6	1.0	-0.0004468456801331874	0.03612300685277044	0.002901270974665416	0.8333333333333334
S3_EXCLUDE_LEE_SITES	ridge	s__GGB9614_SGB15049	7	7	1.0	0.0003692204889378698	0.03568023638438026	-0.013741982281853022	0.5714285714285714
S3_EXCLUDE_LEE_SITES	ridge	s__Desulfovibrio_fairfieldensis	7	7	1.0	-0.029556854591586218	0.03519292245387917	-0.004657698987428508	0.7142857142857143
S3_EXCLUDE_LEE_SITES	ridge	s__Lactococcus_cremoris	1	1	1.0	-0.03508776756770479	0.03508776756770479	-0.03508776756770479	1.0
S3_EXCLUDE_LEE_SITES	ridge	s__Sellimonas_intestinalis	7	7	1.0	0.032281515996778136	0.03476523516981194	0.024268280008867833	0.7142857142857143
S3_EXCLUDE_LEE_SITES	ridge	s__GGB9719_SGB53514	1	1	1.0	-0.034721105511700254	0.034721105511700254	-0.034721105511700254	1.0
S3_EXCLUDE_LEE_SITES	ridge	s__Coprococcus_catus	7	7	1.0	-0.0337901868022532	0.0337901868022532	-0.021295954875462993	1.0
S3_EXCLUDE_LEE_SITES	ridge	s__Rothia_mucilaginosa	7	7	1.0	-0.013962249982818363	0.03338332655852404	-0.026967004659844807	0.8571428571428571
S3_EXCLUDE_LEE_SITES	ridge	s__GGB51960_SGB72480	4	4	1.0	-0.02709116840026289	0.03261723218166896	-0.014466217181906185	0.75
S3_EXCLUDE_LEE_SITES	ridge	s__Lachnoclostridium_sp_An138	6	6	1.0	-0.03218935399057552	0.03218935399057552	-0.027636726747071672	1.0
S3_EXCLUDE_LEE_SITES	ridge	s__Clostridium_paraputrificum	1	1	1.0	0.031226668412153262	0.031226668412153262	0.031226668412153262	1.0
S3_EXCLUDE_LEE_SITES	ridge	s__Mediterraneibacter_SGB48424	7	7	1.0	-0.01769670515798693	0.031202050143785378	-0.015051792472488118	0.7142857142857143
S3_EXCLUDE_LEE_SITES	ridge	s__GGB9559_SGB14968	1	1	1.0	-0.03087056629001478	0.03087056629001478	-0.03087056629001478	1.0
S3_EXCLUDE_LEE_SITES	ridge	s__Faecalitalea_cylindroides	7	7	1.0	-0.00964303421118441	0.030823703984588387	0.005259079214070701	0.5714285714285714
S3_EXCLUDE_LEE_SITES	ridge	s__Actinomyces_sp_oral_taxon_448	7	7	1.0	0.009988476535173782	0.029829655708785877	0.013887652507869318	0.8571428571428571
S3_EXCLUDE_LEE_SITES	ridge	s__Candidatus_Borkfalkia_ceftriaxoniphila	7	7	1.0	-0.009242248199904988	0.029693306690671866	-0.004623028502034922	0.5714285714285714
S3_EXCLUDE_LEE_SITES	ridge	s__GGB80055_SGB4053	1	1	1.0	0.029495854860712385	0.029495854860712385	0.029495854860712385	1.0
S3_EXCLUDE_LEE_SITES	ridge	s__Candidatus_Cibionibacter_quicibialis	7	7	1.0	0.007785854509768294	0.027197638996462183	-0.0014208952325129856	0.5714285714285714
S3_EXCLUDE_LEE_SITES	ridge	s__GGB2970_SGB3952	7	7	1.0	0.022270651325818697	0.026943529717531476	0.020895105206924645	0.8571428571428571
S3_EXCLUDE_LEE_SITES	ridge	s__GGB14025_SGB14906	7	7	1.0	0.024550382108385154	0.026827706194571494	0.01728508502485773	0.8571428571428571
S3_EXCLUDE_LEE_SITES	ridge	s__GGB3057_SGB4059	2	2	1.0	-0.026679944365322818	0.026679944365322818	-0.026679944365322818	1.0
S3_EXCLUDE_LEE_SITES	ridge	s__Bacteroides_intestinalis	7	7	1.0	0.020250420766061407	0.025626712964987468	0.010887107879677992	0.7142857142857143
S3_EXCLUDE_LEE_SITES	ridge	s__GGB79634_SGB101324	1	1	1.0	0.02466367384890485	0.02466367384890485	0.02466367384890485	1.0
S3_EXCLUDE_LEE_SITES	ridge	s__Granulicatella_SGB8255	7	7	1.0	0.00474143436324194	0.02440648891648173	-0.011609605459065886	0.5714285714285714
S3_EXCLUDE_LEE_SITES	ridge	s__GGB9787_SGB15410	7	7	1.0	-0.023803636563936498	0.023803636563936498	-0.02009533374845521	1.0
S3_EXCLUDE_LEE_SITES	ridge	s__GGB9786_SGB15409	5	5	1.0	0.009200853137087102	0.023781818091415698	-0.0058150276662974065	0.6
S3_EXCLUDE_LEE_SITES	ridge	s__GGB9582_SGB4865	1	1	1.0	-0.023276694182556686	0.023276694182556686	-0.023276694182556686	1.0
S3_EXCLUDE_LEE_SITES	ridge	s__Anaerostipes_caccae	7	7	1.0	-0.014836128747440827	0.023120645112747168	-0.010576657757320952	0.7142857142857143
S3_EXCLUDE_LEE_SITES	ridge	s__GGB9561_SGB14972	5	5	1.0	0.012088591675943134	0.022819789098929903	-0.002585020713238762	0.6
S3_EXCLUDE_LEE_SITES	ridge	s__Lacrimispora_saccharolytica	7	7	1.0	-0.014845536340189308	0.022803977887940727	-0.015749732012731357	0.7142857142857143
S3_EXCLUDE_LEE_SITES	ridge	s__Faecalimonas_umbilicata	7	7	1.0	-0.01068662604206828	0.022735715300490372	-0.005997137553719183	0.7142857142857143
S3_EXCLUDE_LEE_SITES	ridge	s__Mogibacterium_sp_NSJ_24	7	7	1.0	-0.014662266587537526	0.022526577741978367	-0.013537950069584472	0.7142857142857143
S3_EXCLUDE_LEE_SITES	ridge	s__Acidaminococcus_intestini	7	7	1.0	0.014214273102315794	0.021645569188271013	0.01440387801325911	0.5714285714285714
S3_EXCLUDE_LEE_SITES	ridge	s__Ruminococcus_sp_AF46_10NS	1	1	1.0	0.021566608061061546	0.021566608061061546	0.021566608061061546	1.0
S3_EXCLUDE_LEE_SITES	ridge	s__GGB9781_SGB66170	7	7	1.0	0.014491456927218677	0.021196915792049936	0.010359786224797263	0.7142857142857143
S3_EXCLUDE_LEE_SITES	ridge	s__Christensenella_minuta	7	7	1.0	0.0008610649525673107	0.020723193645023924	-0.006580118760984471	0.5714285714285714
S3_EXCLUDE_LEE_SITES	ridge	s__GGB3446_SGB4597	1	1	1.0	-0.020636974596900934	0.020636974596900934	-0.020636974596900934	1.0
S3_EXCLUDE_LEE_SITES	ridge	s__GGB9469_SGB14862	1	1	1.0	0.019721136235556803	0.019721136235556803	0.019721136235556803	1.0
S3_EXCLUDE_LEE_SITES	ridge	s__Eubacterium_SGB4961	5	5	1.0	0.00660001634769211	0.01945086708249944	-0.00037899980826240675	0.6
S3_EXCLUDE_LEE_SITES	ridge	s__GGB3569_SGB4776	3	3	1.0	0.018840232733876198	0.018840232733876198	0.015002695443233575	1.0
S3_EXCLUDE_LEE_SITES	ridge	s__GGB3593_SGB4817	1	1	1.0	0.014979313329261201	0.014979313329261201	0.014979313329261201	1.0
S3_EXCLUDE_LEE_SITES	ridge	s__GGB9261_SGB14209	1	1	1.0	-0.014565623582837252	0.014565623582837252	-0.014565623582837252	1.0
S3_EXCLUDE_LEE_SITES	ridge	s__GGB9762_SGB15377	1	1	1.0	-0.01415865940523411	0.01415865940523411	-0.01415865940523411	1.0
S3_EXCLUDE_LEE_SITES	ridge	s__GGB9737_SGB15309	1	1	1.0	0.01262383661302185	0.01262383661302185	0.01262383661302185	1.0
S3_EXCLUDE_LEE_SITES	ridge	s__GGB9640_SGB15115	7	7	1.0	-0.004376409558484887	0.011223821695573738	-0.00205458385955503	0.7142857142857143
S3_EXCLUDE_LEE_SITES	ridge	s__Allisonella_histaminiformans	1	1	1.0	-0.011109013431636209	0.011109013431636209	-0.011109013431636209	1.0
S3_EXCLUDE_LEE_SITES	ridge	s__GGB4684_SGB6478	1	1	1.0	-0.0077971360885238095	0.0077971360885238095	-0.0077971360885238095	1.0
S3_EXCLUDE_LEE_SITES	ridge	s__Raoultibacter_massiliensis	3	3	1.0	0.00391188645692983	0.007194708687996588	0.007649445337152169	0.6666666666666666
S3_EXCLUDE_LEE_SITES	ridge	s__GGB9580_SGB14998	1	1	1.0	0.006933115959620043	0.006933115959620043	0.006933115959620043	1.0
S3_EXCLUDE_LEE_SITES	ridge	s__Vescimonas_fastidiosa	1	1	1.0	0.0016670303282115566	0.0016670303282115566	0.0016670303282115566	1.0
S3_EXCLUDE_LEE_SITES	ridge	s__GGB3513_SGB4691	1	1	1.0	-0.0012342181113962373	0.0012342181113962373	-0.0012342181113962373	1.0
PRIMARY	random_forest	s__Streptococcus_SGB14888	9	9	1.0	0.018659875280160627	0.018659875280160627	0.010380423720015712	nan
PRIMARY	random_forest	s__Veillonella_parvula	9	9	1.0	0.011056857631363477	0.011056857631363477	0.011345645251068013	nan
PRIMARY	random_forest	s__Blautia_massiliensis	9	9	1.0	0.008070780798562431	0.008070780798562431	0.0065133911354994635	nan
PRIMARY	random_forest	s__Vescimonas_coprocola	9	9	1.0	0.007254797143325624	0.007254797143325624	0.007032654631306339	nan
PRIMARY	random_forest	s__Bittarella_massiliensis	9	9	1.0	0.007095689120124682	0.007095689120124682	0.008511146226466775	nan
PRIMARY	random_forest	s__GGB32900_SGB53446	9	9	1.0	0.006527905810660511	0.006527905810660511	0.006350953669743023	nan
PRIMARY	random_forest	s__Lacrimispora_celerecrescens	9	9	1.0	0.006027041501902199	0.006027041501902199	0.004859962501256408	nan
PRIMARY	random_forest	s__Clostridium_sp_AM22_11AC	9	9	1.0	0.005848067943429533	0.005848067943429533	0.005733188198381404	nan
PRIMARY	random_forest	s__Faecalicatena_contorta	9	9	1.0	0.005797724599051358	0.005797724599051358	0.005530098556560704	nan
PRIMARY	random_forest	s__Bacteroides_stercoris	9	9	1.0	0.005581558359952958	0.005581558359952958	0.005383777930321614	nan
PRIMARY	random_forest	s__Parabacteroides_merdae	9	9	1.0	0.005338629916252715	0.005338629916252715	0.005600402608409806	nan
PRIMARY	random_forest	s__Dorea_formicigenerans	9	9	1.0	0.005277691557612449	0.005277691557612449	0.004740458719980665	nan
PRIMARY	random_forest	s__Eubacterium_sp_AF16_48	9	9	1.0	0.005141074105517718	0.005141074105517718	0.005568508660179573	nan
PRIMARY	random_forest	s__GGB58158_SGB79798	9	9	1.0	0.005096874536966445	0.005096874536966445	0.004776420835134183	nan
PRIMARY	random_forest	s__GGB9642_SGB15119	9	9	1.0	0.0046333359229416135	0.0046333359229416135	0.00410832494379683	nan
PRIMARY	random_forest	s__Adlercreutzia_equolifaciens	9	9	1.0	0.004493467675896952	0.004493467675896952	0.004577453982475594	nan
PRIMARY	random_forest	s__Intestinibacter_bartlettii	9	9	1.0	0.004324197499171433	0.004324197499171433	0.0037304991230061872	nan
PRIMARY	random_forest	s__Alistipes_finegoldii	9	9	1.0	0.004320682069685522	0.004320682069685522	0.0041503128062037415	nan
PRIMARY	random_forest	s__Holdemania_filiformis	9	9	1.0	0.004278205052847632	0.004278205052847632	0.0041762724373428615	nan
PRIMARY	random_forest	s__Dysosmobacter_welbionis	9	9	1.0	0.004234041681131884	0.004234041681131884	0.004139309426856831	nan
PRIMARY	random_forest	s__Roseburia_hominis	9	9	1.0	0.0041860646460905515	0.0041860646460905515	0.003954447462444255	nan
PRIMARY	random_forest	s__Fusicatenibacter_saccharivorans	9	9	1.0	0.004134484294025641	0.004134484294025641	0.003934445390260081	nan
PRIMARY	random_forest	s__Alistipes_putredinis	9	9	1.0	0.004093157302881274	0.004093157302881274	0.0038604121607579687	nan
PRIMARY	random_forest	s__Roseburia_inulinivorans	9	9	1.0	0.004087034689015665	0.004087034689015665	0.0038115599157877546	nan
PRIMARY	random_forest	s__Waltera_intestinalis	9	9	1.0	0.004068885184212951	0.004068885184212951	0.003943063277320366	nan
PRIMARY	random_forest	s__Veillonella_atypica	9	9	1.0	0.004064080026248486	0.004064080026248486	0.003743664674603929	nan
PRIMARY	random_forest	s__GGB9237_SGB14179	9	9	1.0	0.0040582698017397195	0.0040582698017397195	0.004253401558241629	nan
PRIMARY	random_forest	s__Dysosmobacter_sp_BX15	9	9	1.0	0.004032151427833652	0.004032151427833652	0.0040072935353517225	nan
PRIMARY	random_forest	s__Faecalibacterium_prausnitzii	9	9	1.0	0.004007541596144368	0.004007541596144368	0.0042811018365176735	nan
PRIMARY	random_forest	s__GGB9724_SGB15278	9	9	1.0	0.004006381801510299	0.004006381801510299	0.004178034068587514	nan
PRIMARY	random_forest	s__Flavonifractor_sp_An100	1	1	1.0	0.003930610191603749	0.003930610191603749	0.003930610191603749	nan
PRIMARY	random_forest	s__Sutterella_wadsworthensis	9	9	1.0	0.0038787426028750066	0.0038787426028750066	0.0037360286545289763	nan
PRIMARY	random_forest	s__Phocea_massiliensis	9	9	1.0	0.00383801898228021	0.00383801898228021	0.0033586643769355664	nan
PRIMARY	random_forest	s__Clostridium_sp_1001270H_150608_G6	9	9	1.0	0.0037993003447648332	0.0037993003447648332	0.004336007383143107	nan
PRIMARY	random_forest	s__Hungatella_hathewayi	9	9	1.0	0.0037924112211676977	0.0037924112211676977	0.003458212666121938	nan
PRIMARY	random_forest	s__Blautia_sp_Marseille_P3087	9	9	1.0	0.0037745806176315596	0.0037745806176315596	0.0033674453143485955	nan
PRIMARY	random_forest	s__Streptococcus_parasanguinis	9	9	1.0	0.0037615700660693797	0.0037615700660693797	0.0033495353818911466	nan
PRIMARY	random_forest	s__Lachnoclostridium_sp_An131	9	9	1.0	0.0037487613931651616	0.0037487613931651616	0.003705628083019455	nan
PRIMARY	random_forest	s__Faecalibacillus_intestinalis	9	9	1.0	0.0036869363316487987	0.0036869363316487987	0.003812702685351563	nan
PRIMARY	random_forest	s__Akkermansia_muciniphila	9	9	1.0	0.0036600995135808467	0.0036600995135808467	0.003585885064766377	nan
PRIMARY	random_forest	s__Bacteroides_xylanisolvens	9	9	1.0	0.0036572874808775777	0.0036572874808775777	0.003089773310266701	nan
PRIMARY	random_forest	s__Phocaeicola_vulgatus	9	9	1.0	0.003644954542776833	0.003644954542776833	0.0038072554549949534	nan
PRIMARY	random_forest	s__Roseburia_faecis	9	9	1.0	0.003613801702078771	0.003613801702078771	0.0032168188824271424	nan
PRIMARY	random_forest	s__Alistipes_onderdonkii	9	9	1.0	0.003608953395194157	0.003608953395194157	0.003716077760809868	nan
PRIMARY	random_forest	s__Ruminococcus_torques	9	9	1.0	0.0035719252871715948	0.0035719252871715948	0.003608080724221389	nan
PRIMARY	random_forest	s__Parabacteroides_distasonis	9	9	1.0	0.0035556983758109595	0.0035556983758109595	0.003681801697380683	nan
PRIMARY	random_forest	s__Gordonibacter_pamelaeae	9	9	1.0	0.003532637929762109	0.003532637929762109	0.0034804768437835614	nan
PRIMARY	random_forest	s__Bilophila_wadsworthia	9	9	1.0	0.0035255679396464772	0.0035255679396464772	0.0034135170855337103	nan
PRIMARY	random_forest	s__GGB9708_SGB15234	9	9	1.0	0.0035105019083456063	0.0035105019083456063	0.0035440662230386273	nan
PRIMARY	random_forest	s__Anaerotruncus_colihominis	9	9	1.0	0.003497779928908626	0.003497779928908626	0.003610311553430679	nan
PRIMARY	random_forest	s__GGB3277_SGB4327	9	9	1.0	0.003431395372947722	0.003431395372947722	0.0032303803965877437	nan
PRIMARY	random_forest	s__Ruminococcus_gnavus	9	9	1.0	0.0034302748077067297	0.0034302748077067297	0.003451486422569747	nan
PRIMARY	random_forest	s__Romboutsia_timonensis	9	9	1.0	0.0033873863910435665	0.0033873863910435665	0.0030746018655031905	nan
PRIMARY	random_forest	s__GGB9616_SGB15051	9	9	1.0	0.0033661549478747276	0.0033661549478747276	0.0028750586292571397	nan
PRIMARY	random_forest	s__Coprococcus_catus	9	9	1.0	0.003341246221663882	0.003341246221663882	0.00314253458529117	nan
PRIMARY	random_forest	s__Anaerostipes_hadrus	9	9	1.0	0.0033036343574425952	0.0033036343574425952	0.0031168606534392814	nan
PRIMARY	random_forest	s__Bacteroides_cellulosilyticus	9	9	1.0	0.003294720822692721	0.003294720822692721	0.003608382448481446	nan
PRIMARY	random_forest	s__GGB9345_SGB14311	9	9	1.0	0.003271542468148524	0.003271542468148524	0.0029785862474454184	nan
PRIMARY	random_forest	s__Faecalibacterium_SGB15346	9	9	1.0	0.003268431472850312	0.003268431472850312	0.0034718420065892007	nan
PRIMARY	random_forest	s__GGB45432_SGB63101	9	9	1.0	0.0032546886318185145	0.0032546886318185145	0.003043742393294078	nan
PRIMARY	random_forest	s__Mediterraneibacter_butyricigenes	9	9	1.0	0.003230242633437525	0.003230242633437525	0.0033010583058816776	nan
PRIMARY	random_forest	s__Lacrimispora_amygdalina	9	9	1.0	0.0032280408477528386	0.0032280408477528386	0.003347780188199863	nan
PRIMARY	random_forest	s__Roseburia_sp_AF02_12	9	9	1.0	0.003213521520904832	0.003213521520904832	0.0028278896457429254	nan
PRIMARY	random_forest	s__GGB3321_SGB4394	9	9	1.0	0.0032029954291701215	0.0032029954291701215	0.0019507550246373347	nan
PRIMARY	random_forest	s__Pseudoflavonifractor_gallinarum	9	9	1.0	0.003184684284741473	0.003184684284741473	0.0022549206306948667	nan
PRIMARY	random_forest	s__Bacteroides_caccae	9	9	1.0	0.0031844216067032738	0.0031844216067032738	0.0030884506678805304	nan
PRIMARY	random_forest	s__GGB3444_SGB4594	9	9	1.0	0.003182158285711086	0.003182158285711086	0.003397556536973651	nan
PRIMARY	random_forest	s__Erysipelatoclostridium_ramosum	9	9	1.0	0.003167837996098834	0.003167837996098834	0.0035428261649052017	nan
PRIMARY	random_forest	s__GGB3612_SGB4882	9	9	1.0	0.003151694925788992	0.003151694925788992	0.0029217065461397034	nan
PRIMARY	random_forest	s__Clostridium_fessum	9	9	1.0	0.003134108885726088	0.003134108885726088	0.0029843884388474668	nan
PRIMARY	random_forest	s__Streptococcus_mutans	9	9	1.0	0.003123114198494017	0.003123114198494017	0.0027399394314320505	nan
PRIMARY	random_forest	s__Bacteroides_faecis	9	9	1.0	0.0031043607912479543	0.0031043607912479543	0.0029432728483687613	nan
PRIMARY	random_forest	s__GGB9719_SGB15272	9	9	1.0	0.003087875749032838	0.003087875749032838	0.003294836293225255	nan
PRIMARY	random_forest	s__Clostridium_SGB4750	9	9	1.0	0.003084108777447814	0.003084108777447814	0.0031351358276042814	nan
PRIMARY	random_forest	s__Lactonifactor_sp_BIOML_A6	9	9	1.0	0.0030661807075128607	0.0030661807075128607	0.0033181404495572966	nan
PRIMARY	random_forest	s__Ligilactobacillus_ruminis	1	1	1.0	0.0030511937867122446	0.0030511937867122446	0.0030511937867122446	nan
PRIMARY	random_forest	s__Methylobacterium_SGB15164	9	9	1.0	0.0030445643278290612	0.0030445643278290612	0.0032309181982544764	nan
PRIMARY	random_forest	s__Massiliimalia_timonensis	9	9	1.0	0.0030409193297083414	0.0030409193297083414	0.0030548603158086457	nan
PRIMARY	random_forest	s__GGB3746_SGB5089	9	9	1.0	0.0030267158365930137	0.0030267158365930137	0.002880175641314137	nan
PRIMARY	random_forest	s__Bifidobacterium_longum	9	9	1.0	0.003009684574928515	0.003009684574928515	0.002999819236407394	nan
PRIMARY	random_forest	s__Collinsella_aerofaciens	9	9	1.0	0.0029803409897187225	0.0029803409897187225	0.0029811395855793925	nan
PRIMARY	random_forest	s__Harryflintia_acetispora	9	9	1.0	0.002979489759856544	0.002979489759856544	0.002929265781858653	nan
PRIMARY	random_forest	s__Bacteroides_salyersiae	9	9	1.0	0.002959492478227018	0.002959492478227018	0.003174626356377174	nan
PRIMARY	random_forest	s__Holdemania_massiliensis	9	9	1.0	0.002956055159062163	0.002956055159062163	0.003064286531258674	nan
PRIMARY	random_forest	s__Anaeromassilibacillus_sp_An250	9	9	1.0	0.0029498558504150816	0.0029498558504150816	0.002810388508161369	nan
PRIMARY	random_forest	s__Ruminococcus_bromii	9	9	1.0	0.0029259667250688005	0.0029259667250688005	0.0027147848138558963	nan
PRIMARY	random_forest	s__Clostridium_sp_AF34_10BH	9	9	1.0	0.0029094001779211964	0.0029094001779211964	0.0026269709104123295	nan
PRIMARY	random_forest	s__Escherichia_coli	9	9	1.0	0.002897670813851388	0.002897670813851388	0.0027365087121306118	nan
PRIMARY	random_forest	s__GGB3510_SGB4687	9	9	1.0	0.0028964675624121392	0.0028964675624121392	0.0029553047776627703	nan
PRIMARY	random_forest	s__Alistipes_shahii	9	9	1.0	0.002878459049662687	0.002878459049662687	0.0030647156137406594	nan
PRIMARY	random_forest	s__GGB3061_SGB4063	9	9	1.0	0.0028595314689582527	0.0028595314689582527	0.0032693866021809366	nan
PRIMARY	random_forest	s__Massilimicrobiota_timonensis	9	9	1.0	0.0028549298522318658	0.0028549298522318658	0.002456275191352713	nan
PRIMARY	random_forest	s__Collinsella_SGB14861	9	9	1.0	0.0028442439343389896	0.0028442439343389896	0.0028540366353028107	nan
PRIMARY	random_forest	s__Streptococcus_salivarius	9	9	1.0	0.0028345188325080133	0.0028345188325080133	0.0028373153046046427	nan
PRIMARY	random_forest	s__Veillonella_dispar	9	9	1.0	0.0027932742010910953	0.0027932742010910953	0.0023731765910701085	nan
PRIMARY	random_forest	s__Bifidobacterium_adolescentis	9	9	1.0	0.0027887174695761952	0.0027887174695761952	0.0028324256273731378	nan
PRIMARY	random_forest	s__Coprococcus_comes	9	9	1.0	0.002786963980444203	0.002786963980444203	0.0025409836231732735	nan
PRIMARY	random_forest	s__Agathobaculum_butyriciproducens	9	9	1.0	0.0027790682248757625	0.0027790682248757625	0.002839636703089501	nan
PRIMARY	random_forest	s__Eubacterium_ramulus	9	9	1.0	0.0027743729958372046	0.0027743729958372046	0.0028180486942751175	nan
PRIMARY	random_forest	s__GGB2653_SGB3574	9	9	1.0	0.002761533441958385	0.002761533441958385	0.002877961844905058	nan
PRIMARY	random_forest	s__Bacteroides_fragilis	9	9	1.0	0.0027614362500079457	0.0027614362500079457	0.0031263933974526605	nan
PRIMARY	random_forest	s__Barnesiella_intestinihominis	9	9	1.0	0.002739620604163402	0.002739620604163402	0.0018757587866013714	nan
PRIMARY	random_forest	s__Bacteroides_eggerthii	9	9	1.0	0.00271483626348914	0.00271483626348914	0.0022114003904319334	nan
PRIMARY	random_forest	s__Faecalicatena_fissicatena	9	9	1.0	0.0027122808193952314	0.0027122808193952314	0.002744784188769374	nan
PRIMARY	random_forest	s__Phocaeicola_dorei	9	9	1.0	0.002703725152323411	0.002703725152323411	0.0026848697107226607	nan
PRIMARY	random_forest	s__GGB80011_SGB15265	9	9	1.0	0.0026957474573559557	0.0026957474573559557	0.0027412727776372227	nan
PRIMARY	random_forest	s__Coprococcus_SGB4669	9	9	1.0	0.0026885628679576387	0.0026885628679576387	0.002674473315984905	nan
PRIMARY	random_forest	s__Ruminococcus_bicirculans	9	9	1.0	0.002667833837139924	0.002667833837139924	0.0028219440787474997	nan
PRIMARY	random_forest	s__Clostridium_SGB6179	9	9	1.0	0.0026631427668554384	0.0026631427668554384	0.002535815846716183	nan
PRIMARY	random_forest	s__Phascolarctobacterium_faecium	9	9	1.0	0.002662102743745986	0.002662102743745986	0.0024729378767219938	nan
PRIMARY	random_forest	s__Eubacterium_ventriosum	9	9	1.0	0.0026482087327470826	0.0026482087327470826	0.002671402200331931	nan
PRIMARY	random_forest	s__GGB9621_SGB15073	9	9	1.0	0.0026428566879920733	0.0026428566879920733	0.002343814600651396	nan
PRIMARY	random_forest	s__Eggerthella_lenta	9	9	1.0	0.002622177438725338	0.002622177438725338	0.0021834036804102754	nan
PRIMARY	random_forest	s__Dielma_fastidiosa	9	9	1.0	0.002609515918486176	0.002609515918486176	0.0025850301980859984	nan
PRIMARY	random_forest	s__Clostridium_SGB4648	9	9	1.0	0.0026094071926948768	0.0026094071926948768	0.0023927951334678137	nan
PRIMARY	random_forest	s__Oscillibacter_sp_ER4	9	9	1.0	0.00260799607511068	0.00260799607511068	0.0023175345512628934	nan
PRIMARY	random_forest	s__Bacteroides_uniformis	9	9	1.0	0.002602172631592919	0.002602172631592919	0.002728843336844692	nan
PRIMARY	random_forest	s__Blautia_faecis	9	9	1.0	0.0025998043940491425	0.0025998043940491425	0.002798404829284525	nan
PRIMARY	random_forest	s__Bacteroides_ovatus	9	9	1.0	0.002598404962814082	0.002598404962814082	0.0022548827858339645	nan
PRIMARY	random_forest	s__GGB38744_SGB14842	9	9	1.0	0.002581582928826354	0.002581582928826354	0.0022978576074248994	nan
PRIMARY	random_forest	s__Alistipes_sp_AF17_16	9	9	1.0	0.00257490037917363	0.00257490037917363	0.0029144387685795334	nan
PRIMARY	random_forest	s__GGB9453_SGB14844	9	9	1.0	0.0025728014823497513	0.0025728014823497513	0.0026814561853363322	nan
PRIMARY	random_forest	s__Clostridium_sp_AM33_3	9	9	1.0	0.0025479442981506586	0.0025479442981506586	0.0025848334669128907	nan
PRIMARY	random_forest	s__Bacteroides_thetaiotaomicron	9	9	1.0	0.002542057430934139	0.002542057430934139	0.002193725978882809	nan
PRIMARY	random_forest	s__Anaerobutyricum_hallii	9	9	1.0	0.002539164266233693	0.002539164266233693	0.002523868129339269	nan
PRIMARY	random_forest	s__Roseburia_intestinalis	9	9	1.0	0.0025356696452678773	0.0025356696452678773	0.0019222428975644538	nan
PRIMARY	random_forest	s__Streptococcus_vestibularis	9	9	1.0	0.0025339526071114196	0.0025339526071114196	0.002496265959269592	nan
PRIMARY	random_forest	s__Prevotella_copri_clade_A	9	9	1.0	0.002518590184613945	0.002518590184613945	0.002726954617141506	nan
PRIMARY	random_forest	s__Clostridium_sp_AF12_28	9	9	1.0	0.0025167610960681757	0.0025167610960681757	0.0019903236692744674	nan
PRIMARY	random_forest	s__Blautia_glucerasea	9	9	1.0	0.0025165999618575042	0.0025165999618575042	0.0024756988127130407	nan
PRIMARY	random_forest	s__Clostridium_sp_AF34_13	9	9	1.0	0.0024859554998537064	0.0024859554998537064	0.002574294867890449	nan
PRIMARY	random_forest	s__GGB3256_SGB4303	9	9	1.0	0.0024763520872523362	0.0024763520872523362	0.0021840548968591043	nan
PRIMARY	random_forest	s__Anaerotruncus_massiliensis	9	9	1.0	0.002462833802136427	0.002462833802136427	0.0022451306959597028	nan
PRIMARY	random_forest	s__Clostridium_sp_Marseille_P3244	9	9	1.0	0.002459344591681092	0.002459344591681092	0.0025989225211624895	nan
PRIMARY	random_forest	s__Paraprevotella_clara	9	9	1.0	0.002450234160439394	0.002450234160439394	0.002558055739085574	nan
PRIMARY	random_forest	s__GGB52130_SGB14966	9	9	1.0	0.002439743636873589	0.002439743636873589	0.0025434920401622113	nan
PRIMARY	random_forest	s__Actinomyces_oris	9	9	1.0	0.0024377090083134594	0.0024377090083134594	0.002009273828999091	nan
PRIMARY	random_forest	s__GGB9760_SGB15373	9	9	1.0	0.0024306927511478674	0.0024306927511478674	0.002422787746796065	nan
PRIMARY	random_forest	s__Bifidobacterium_dentium	9	9	1.0	0.0024299990677765764	0.0024299990677765764	0.002149035143745175	nan
PRIMARY	random_forest	s__GGB79734_SGB15291	9	9	1.0	0.0024255353265297194	0.0024255353265297194	0.0021016572106187983	nan
PRIMARY	random_forest	s__Eisenbergiella_massiliensis	9	9	1.0	0.00241261737855968	0.00241261737855968	0.0024030582653544225	nan
PRIMARY	random_forest	s__GGB3653_SGB4964	9	9	1.0	0.0024079210710384272	0.0024079210710384272	0.00235634791917372	nan
PRIMARY	random_forest	s__GGB9699_SGB15216	9	9	1.0	0.002405814979098874	0.002405814979098874	0.0023200338805971104	nan
PRIMARY	random_forest	s__Blautia_luti	9	9	1.0	0.0024047691639783346	0.0024047691639783346	0.002396202017527441	nan
PRIMARY	random_forest	s__Bifidobacterium_bifidum	9	9	1.0	0.0023907029327398972	0.0023907029327398972	0.0024447206356283412	nan
PRIMARY	random_forest	s__Ruthenibacterium_lactatiformans	9	9	1.0	0.0023840295124320154	0.0023840295124320154	0.0025143715343530783	nan
PRIMARY	random_forest	s__GGB9290_SGB14247	1	1	1.0	0.0023798963158440634	0.0023798963158440634	0.0023798963158440634	nan
PRIMARY	random_forest	s__Lachnotalea_sp_AF33_28	9	9	1.0	0.002378378575321199	0.002378378575321199	0.0021985032509008297	nan
PRIMARY	random_forest	s__Clostridium_sp_AF20_17LB	9	9	1.0	0.0023705468756873233	0.0023705468756873233	0.0024694925136257793	nan
PRIMARY	random_forest	s__Anaerofilum_sp_BX8	9	9	1.0	0.0023532076241175553	0.0023532076241175553	0.002311392478066004	nan
PRIMARY	random_forest	s__Anaerobutyricum_soehngenii	9	9	1.0	0.0023518062082503077	0.0023518062082503077	0.0022757584476766723	nan
PRIMARY	random_forest	s__Dorea_sp_AF24_7LB	9	9	1.0	0.002341369400770594	0.002341369400770594	0.0021857588679410735	nan
PRIMARY	random_forest	s__GGB9627_SGB15081	9	9	1.0	0.002324393332714836	0.002324393332714836	0.001986830265813007	nan
PRIMARY	random_forest	s__Anaerotruncus_rubiinfantis	9	9	1.0	0.0023208417960641466	0.0023208417960641466	0.002393645645586366	nan
PRIMARY	random_forest	s__Dysosmobacter_sp_NSJ_60	9	9	1.0	0.0023188690994407576	0.0023188690994407576	0.002058725642026536	nan
PRIMARY	random_forest	s__Lachnospira_eligens	9	9	1.0	0.0023155251337163194	0.0023155251337163194	0.0021136171240755336	nan
PRIMARY	random_forest	s__GGB9787_SGB15410	9	9	1.0	0.0023123260041141985	0.0023123260041141985	0.0023894370071726634	nan
PRIMARY	random_forest	s__GGB2998_SGB3989	9	9	1.0	0.0022945019562928166	0.0022945019562928166	0.002196327666280693	nan
PRIMARY	random_forest	s__Rheinheimera_SGB14999	9	9	1.0	0.0022941536700437485	0.0022941536700437485	0.002049631940777877	nan
PRIMARY	random_forest	s__GGB9634_SGB15093	9	9	1.0	0.002290946410375496	0.002290946410375496	0.0023138700246656454	nan
PRIMARY	random_forest	s__Alistipes_indistinctus	9	9	1.0	0.002288372155229326	0.002288372155229326	0.0022076825604592735	nan
PRIMARY	random_forest	s__Holdemania_sp_1001095H_141210_F2	9	9	1.0	0.0022832526398723144	0.0022832526398723144	0.0022136211982799817	nan
PRIMARY	random_forest	s__GGB9176_SGB14114	9	9	1.0	0.002281418463946019	0.002281418463946019	0.0025341053939508195	nan
PRIMARY	random_forest	s__Clostridium_sp_AM49_4BH	9	9	1.0	0.002278410039402098	0.002278410039402098	0.002177217302429736	nan
PRIMARY	random_forest	s__GGB9767_SGB15385	9	9	1.0	0.002277292963310003	0.002277292963310003	0.0020822001491918427	nan
PRIMARY	random_forest	s__GGB3175_SGB4191	9	9	1.0	0.002275727462429161	0.002275727462429161	0.0022274659707402153	nan
PRIMARY	random_forest	s__GGB3614_SGB4886	9	9	1.0	0.002272879493843952	0.002272879493843952	0.0019102822394763486	nan
PRIMARY	random_forest	s__GGB9342_SGB14306	9	9	1.0	0.0022698944554496	0.0022698944554496	0.0025176388169543137	nan
PRIMARY	random_forest	s__Alistipes_communis	9	9	1.0	0.0022691822693370906	0.0022691822693370906	0.0026999422717206814	nan
PRIMARY	random_forest	s__Anaerotignum_faecicola	9	9	1.0	0.002257723611380899	0.002257723611380899	0.0024106594467664657	nan
PRIMARY	random_forest	s__Parasutterella_excrementihominis	9	9	1.0	0.0022517431824600285	0.0022517431824600285	0.002143990206870234	nan
PRIMARY	random_forest	s__Enterocloster_lavalensis	9	9	1.0	0.00225135301857067	0.00225135301857067	0.0022485255291077515	nan
PRIMARY	random_forest	s__Mogibacterium_sp_BX12	9	9	1.0	0.0022470240587279043	0.0022470240587279043	0.0021316754373175316	nan
PRIMARY	random_forest	s__Enterocloster_bolteae	9	9	1.0	0.0022447972972094257	0.0022447972972094257	0.002155218092979582	nan
PRIMARY	random_forest	s__Clostridium_sp_AF36_4	9	9	1.0	0.002239270550115289	0.002239270550115289	0.0021139001808743152	nan
PRIMARY	random_forest	s__GGB3819_SGB5184	9	9	1.0	0.002237039907976638	0.002237039907976638	0.0022910205014011714	nan
PRIMARY	random_forest	s__GGB9759_SGB15370	9	9	1.0	0.0022315945506620133	0.0022315945506620133	0.0023013731705442387	nan
PRIMARY	random_forest	s__GGB9694_SGB15204	9	9	1.0	0.0022254935077257783	0.0022254935077257783	0.0023466463421560543	nan
PRIMARY	random_forest	s__Alistipes_ihumii	9	9	1.0	0.002220617845528101	0.002220617845528101	0.0018322776887676152	nan
PRIMARY	random_forest	s__Streptococcus_thermophilus	9	9	1.0	0.002218435101094958	0.002218435101094958	0.0018956463210609987	nan
PRIMARY	random_forest	s__GGB3570_SGB4777	9	9	1.0	0.0022181315385482905	0.0022181315385482905	0.0021678625236634555	nan
PRIMARY	random_forest	s__GGB51647_SGB4348	9	9	1.0	0.002211872264941038	0.002211872264941038	0.0018830035626497361	nan
PRIMARY	random_forest	s__Clostridium_symbiosum	9	9	1.0	0.002204275503064783	0.002204275503064783	0.0020803052531371217	nan
PRIMARY	random_forest	s__Clostridium_butyricum	9	9	1.0	0.0021982834872050255	0.0021982834872050255	0.002046038598502818	nan
PRIMARY	random_forest	s__Faecalibacillus_faecis	9	9	1.0	0.0021896201828313527	0.0021896201828313527	0.0019003963348369316	nan
PRIMARY	random_forest	s__Anaerosacchariphilus_sp_NSJ_68	8	8	1.0	0.0021757450152545934	0.0021757450152545934	0.002059586512371789	nan
PRIMARY	random_forest	s__Clostridium_scindens	9	9	1.0	0.0021695071487038494	0.0021695071487038494	0.0023113985354940607	nan
PRIMARY	random_forest	s__GGB9719_SGB15273	9	9	1.0	0.0021299351426844653	0.0021299351426844653	0.0022962642520258482	nan
PRIMARY	random_forest	s__Collinsella_SGB4121	9	9	1.0	0.0021293225294337177	0.0021293225294337177	0.002269871965807365	nan
PRIMARY	random_forest	s__Blautia_caecimuris	9	9	1.0	0.002124306447236828	0.002124306447236828	0.002370003282841473	nan
PRIMARY	random_forest	s__Butyricicoccus_sp_AM29_23AC	9	9	1.0	0.002123574654265672	0.002123574654265672	0.002300452294414495	nan
PRIMARY	random_forest	s__Turicibacter_bilis	9	9	1.0	0.002118829307110031	0.002118829307110031	0.001722889672247395	nan
PRIMARY	random_forest	s__GGB9619_SGB15067	9	9	1.0	0.0021044403519903153	0.0021044403519903153	0.002053154270700533	nan
PRIMARY	random_forest	s__Candidatus_Cibionibacter_quicibialis	9	9	1.0	0.002099752954037666	0.002099752954037666	0.0020328942452551685	nan
PRIMARY	random_forest	s__Blautia_wexlerae	9	9	1.0	0.0020741465875734814	0.0020741465875734814	0.0021104629473232147	nan
PRIMARY	random_forest	s__GGB34900_SGB14891	9	9	1.0	0.002063774070377145	0.002063774070377145	0.00175510300403643	nan
PRIMARY	random_forest	s__Holdemanella_porci	9	9	1.0	0.0020579568266337624	0.0020579568266337624	0.001952396512811931	nan
PRIMARY	random_forest	s__Bifidobacterium_pseudocatenulatum	9	9	1.0	0.0020563540885612653	0.0020563540885612653	0.002044921882604879	nan
PRIMARY	random_forest	s__Gordonibacter_urolithinfaciens	9	9	1.0	0.0020451111491758744	0.0020451111491758744	0.002017001951555602	nan
PRIMARY	random_forest	s__Bacteroides_intestinalis	9	9	1.0	0.001998672923751001	0.001998672923751001	0.001954011354489765	nan
PRIMARY	random_forest	s__GGB33469_SGB15236	9	9	1.0	0.0019959910494891345	0.0019959910494891345	0.0018249053356291004	nan
PRIMARY	random_forest	s__Lachnospira_pectinoschiza	9	9	1.0	0.0019919057563904316	0.0019919057563904316	0.001976070565042967	nan
PRIMARY	random_forest	s__GGB79998_SGB48024	1	1	1.0	0.0019886296286528576	0.0019886296286528576	0.0019886296286528576	nan
PRIMARY	random_forest	s__Dorea_sp_AF36_15AT	9	9	1.0	0.0019873801804234995	0.0019873801804234995	0.0019657654991463015	nan
PRIMARY	random_forest	s__Butyricimonas_SGB15260	9	9	1.0	0.001986481802079585	0.001986481802079585	0.001920691423819861	nan
PRIMARY	random_forest	s__Dialister_invisus	9	9	1.0	0.001976348332311028	0.001976348332311028	0.0019273211359479025	nan
PRIMARY	random_forest	s__Christensenella_minuta	9	9	1.0	0.0019744213951941396	0.0019744213951941396	0.0016431047439257364	nan
PRIMARY	random_forest	s__Phascolarctobacterium_SGB4573	9	9	1.0	0.001973200229593218	0.001973200229593218	0.001779386175562196	nan
PRIMARY	random_forest	s__Ruminococcus_sp_BSD2780120874_150323_B10	9	9	1.0	0.0019612893214559363	0.0019612893214559363	0.0017929930824837962	nan
PRIMARY	random_forest	s__Butyricimonas_paravirosa	9	9	1.0	0.001956749784010064	0.001956749784010064	0.0018851574242331433	nan
PRIMARY	random_forest	s__Mediterraneibacter_massiliensis	9	9	1.0	0.0019525558919340328	0.0019525558919340328	0.0020259430288185622	nan
PRIMARY	random_forest	s__GGB45491_SGB63163	9	9	1.0	0.001949004261507022	0.001949004261507022	0.0020969103590761195	nan
PRIMARY	random_forest	s__GGB9524_SGB14924	9	9	1.0	0.0019106962140487177	0.0019106962140487177	0.0019336846098147846	nan
PRIMARY	random_forest	s__Odoribacter_splanchnicus	9	9	1.0	0.0019043532224717484	0.0019043532224717484	0.002071829545758818	nan
PRIMARY	random_forest	s__GGB9713_SGB15249	9	9	1.0	0.0019007867032016315	0.0019007867032016315	0.002008698925976244	nan
PRIMARY	random_forest	s__GGB58233_SGB79883	9	9	1.0	0.0018981265804758236	0.0018981265804758236	0.001974906811384698	nan
PRIMARY	random_forest	s__Blautia_SGB4815	9	9	1.0	0.0018844222335743029	0.0018844222335743029	0.0019319926279206768	nan
PRIMARY	random_forest	s__Bacteroides_finegoldii	9	9	1.0	0.0018767142053241735	0.0018767142053241735	0.001919642068075548	nan
PRIMARY	random_forest	s__Coprococcus_eutactus	9	9	1.0	0.0018683866773930415	0.0018683866773930415	0.0017626778497097369	nan
PRIMARY	random_forest	s__Butyricimonas_virosa	9	9	1.0	0.0018631250278565456	0.0018631250278565456	0.0018062362353408713	nan
PRIMARY	random_forest	s__Streptococcus_sanguinis	9	9	1.0	0.0018552552982186142	0.0018552552982186142	0.0019797449720637974	nan
PRIMARY	random_forest	s__GGB9635_SGB15106	9	9	1.0	0.0018541679164979811	0.0018541679164979811	0.002082288705345862	nan
PRIMARY	random_forest	s__GGB9707_SGB15229	9	9	1.0	0.0018539263779617917	0.0018539263779617917	0.0018676643677689076	nan
PRIMARY	random_forest	s__Massiliimalia_massiliensis	9	9	1.0	0.0018466686989948875	0.0018466686989948875	0.0013638305326469466	nan
PRIMARY	random_forest	s__Eisenbergiella_tayi	9	9	1.0	0.001845853746758129	0.001845853746758129	0.0018759493552341475	nan
PRIMARY	random_forest	s__Blautia_obeum	9	9	1.0	0.00183525078950756	0.00183525078950756	0.0016432236037184546	nan
PRIMARY	random_forest	s__Catenibacillus_scindens	9	9	1.0	0.00183011762431804	0.00183011762431804	0.002031764057992492	nan
PRIMARY	random_forest	s__GGB14025_SGB14906	9	9	1.0	0.0018297468932869075	0.0018297468932869075	0.001791116664999629	nan
PRIMARY	random_forest	s__Parabacteroides_goldsteinii	9	9	1.0	0.0018259708457794138	0.0018259708457794138	0.0019419195212377752	nan
PRIMARY	random_forest	s__Clostridium_sp_AT4	9	9	1.0	0.0018086911059706095	0.0018086911059706095	0.001640648870138924	nan
PRIMARY	random_forest	s__Massilioclostridium_coli	9	9	1.0	0.0018066654495671455	0.0018066654495671455	0.0016634102990640777	nan
PRIMARY	random_forest	s__GGB9602_SGB15031	9	9	1.0	0.0017847528650830882	0.0017847528650830882	0.0015910225958379327	nan
PRIMARY	random_forest	s__GGB9619_SGB15066	9	9	1.0	0.001781442459613101	0.001781442459613101	0.0018279871888925378	nan
PRIMARY	random_forest	s__Hydrogenoanaerobacterium_saccharovorans	9	9	1.0	0.0017728886608850826	0.0017728886608850826	0.0017902984987121433	nan
PRIMARY	random_forest	s__Dorea_longicatena	9	9	1.0	0.0017706566934661049	0.0017706566934661049	0.0020427905291117332	nan
PRIMARY	random_forest	s__GGB9480_SGB14874	9	9	1.0	0.0017703902878556206	0.0017703902878556206	0.0016815732921826687	nan
PRIMARY	random_forest	s__Lancefieldella_parvula	9	9	1.0	0.0017599947560318987	0.0017599947560318987	0.001839606142689057	nan
PRIMARY	random_forest	s__Oscillibacter_sp_NSJ_62	8	8	1.0	0.0017495429477897857	0.0017495429477897857	0.0016516210811814954	nan
PRIMARY	random_forest	s__Faecalibacterium_SGB15315	9	9	1.0	0.0017476720046314892	0.0017476720046314892	0.0018991311307957714	nan
PRIMARY	random_forest	s__GGB9522_SGB14921	9	9	1.0	0.001744687984385163	0.001744687984385163	0.0016832405075073698	nan
PRIMARY	random_forest	s__GGB9512_SGB14909	9	9	1.0	0.0017433479217826336	0.0017433479217826336	0.0016512188590113565	nan
PRIMARY	random_forest	s__Lactococcus_lactis	9	9	1.0	0.0017360075150021927	0.0017360075150021927	0.0015215104488928717	nan
PRIMARY	random_forest	s__Butyricimonas_faecihominis	9	9	1.0	0.0017350833444131598	0.0017350833444131598	0.001664471927230871	nan
PRIMARY	random_forest	s__Klebsiella_pneumoniae	9	9	1.0	0.0017285646461997985	0.0017285646461997985	0.001838054324378103	nan
PRIMARY	random_forest	s__Phocaeicola_massiliensis	9	9	1.0	0.0017254391234175668	0.0017254391234175668	0.00171966601040969	nan
PRIMARY	random_forest	s__GGB52106_SGB72838	9	9	1.0	0.0017110031061683764	0.0017110031061683764	0.001619108587314848	nan
PRIMARY	random_forest	s__GGB9646_SGB15123	9	9	1.0	0.0017054289459456585	0.0017054289459456585	0.0017153554233315849	nan
PRIMARY	random_forest	s__Bifidobacterium_catenulatum	8	8	1.0	0.0016949119420567533	0.0016949119420567533	0.0016535528900512013	nan
PRIMARY	random_forest	s__Blautia_sp_MSK_20_85	9	9	1.0	0.0016943240886433336	0.0016943240886433336	0.00161670609049437	nan
PRIMARY	random_forest	s__GGB9770_SGB15389	9	9	1.0	0.0016860857293092668	0.0016860857293092668	0.0015445488963291153	nan
PRIMARY	random_forest	s__Streptococcus_SGB14137	1	1	1.0	0.0016744707127943279	0.0016744707127943279	0.0016744707127943279	nan
PRIMARY	random_forest	s__GGB9775_SGB15395	9	9	1.0	0.0016703496338957026	0.0016703496338957026	0.0014673133414416929	nan
PRIMARY	random_forest	s__Longicatena_caecimuris	9	9	1.0	0.0016652407408200688	0.0016652407408200688	0.0015554574863651418	nan
PRIMARY	random_forest	s__Sellimonas_intestinalis	9	9	1.0	0.0016640534920656204	0.0016640534920656204	0.0015667830285175472	nan
PRIMARY	random_forest	s__Eubacterium_sp_AF34_35BH	9	9	1.0	0.0016579459822102915	0.0016579459822102915	0.0017749703684723916	nan
PRIMARY	random_forest	s__Enterocloster_citroniae	9	9	1.0	0.001652993988262641	0.001652993988262641	0.001504659632368539	nan
PRIMARY	random_forest	s__Turicibacter_sanguinis	9	9	1.0	0.0016491621634322122	0.0016491621634322122	0.0015835002118562871	nan
PRIMARY	random_forest	s__GGB9818_SGB15459	9	9	1.0	0.0016363395492068622	0.0016363395492068622	0.0018510095838394887	nan
PRIMARY	random_forest	s__Senegalimassilia_anaerobia	9	9	1.0	0.0016332304502050094	0.0016332304502050094	0.0017662911628170744	nan
PRIMARY	random_forest	s__Tyzzerella_nexilis	9	9	1.0	0.00163103962788999	0.00163103962788999	0.0012915664743259462	nan
PRIMARY	random_forest	s__Clostridium_sp_1001270J_160509_D11	9	9	1.0	0.0016142221996035097	0.0016142221996035097	0.001584186879915156	nan
PRIMARY	random_forest	s__Bacteroides_clarus	9	9	1.0	0.0016139206327014338	0.0016139206327014338	0.0014730021988333497	nan
PRIMARY	random_forest	s__GGB9501_SGB14898	9	9	1.0	0.0016018172831242152	0.0016018172831242152	0.0015523797851914299	nan
PRIMARY	random_forest	s__GGB9770_SGB15390	9	9	1.0	0.0016015270324775364	0.0016015270324775364	0.001464290526422363	nan
PRIMARY	random_forest	s__Pseudoflavonifractor_capillosus	9	9	1.0	0.0016012158834634036	0.0016012158834634036	0.0016619365801491274	nan
PRIMARY	random_forest	s__Senegalimassilia_SGB14826	1	1	1.0	0.0016010920551887864	0.0016010920551887864	0.0016010920551887864	nan
PRIMARY	random_forest	s__GGB1495_SGB2071	4	4	1.0	0.001598660612334108	0.001598660612334108	0.0015068072048755364	nan
PRIMARY	random_forest	s__Streptococcus_mitis	9	9	1.0	0.0015970048048432007	0.0015970048048432007	0.0015136126157216602	nan
PRIMARY	random_forest	s__Phascolarctobacterium_succinatutens	9	9	1.0	0.0015902291066823713	0.0015902291066823713	0.0016381524532574983	nan
PRIMARY	random_forest	s__GGB51959_SGB72479	9	9	1.0	0.0015870330573437555	0.0015870330573437555	0.0016502649046557759	nan
PRIMARY	random_forest	s__GGB2980_SGB3962	9	9	1.0	0.0015854989374501445	0.0015854989374501445	0.0014864999812924935	nan
PRIMARY	random_forest	s__GGB9640_SGB15115	9	9	1.0	0.0015824087071517683	0.0015824087071517683	0.001482776363445812	nan
PRIMARY	random_forest	s__GGB9062_SGB13981	9	9	1.0	0.0015777312461660485	0.0015777312461660485	0.0018185474503271473	nan
PRIMARY	random_forest	s__Candidatus_Borkfalkia_ceftriaxoniphila	9	9	1.0	0.001576996543272657	0.001576996543272657	0.0014471379196355433	nan
PRIMARY	random_forest	s__Desulfovibrio_SGB5077	9	9	1.0	0.001575242808032204	0.001575242808032204	0.001386514244436015	nan
PRIMARY	random_forest	s__Coprobacter_fastidiosus	9	9	1.0	0.0015687127210035944	0.0015687127210035944	0.0016780430642443882	nan
PRIMARY	random_forest	s__GGB34797_SGB14322	9	9	1.0	0.0015654976461382034	0.0015654976461382034	0.0014105957056439712	nan
PRIMARY	random_forest	s__Acidaminococcus_intestini	9	9	1.0	0.0015634480839081938	0.0015634480839081938	0.0017717357368747895	nan
PRIMARY	random_forest	s__Enterococcus_SGB6173	9	9	1.0	0.001563105543836223	0.001563105543836223	0.0015676137436276812	nan
PRIMARY	random_forest	s__GGB2848_SGB3813	9	9	1.0	0.0015563982234756267	0.0015563982234756267	0.0015272381366276489	nan
PRIMARY	random_forest	s__Clostridium_spiroforme	9	9	1.0	0.001545972675800657	0.001545972675800657	0.0014130528232058825	nan
PRIMARY	random_forest	s__GGB3034_SGB4030	9	9	1.0	0.0015432303942457593	0.0015432303942457593	0.0015654982995494256	nan
PRIMARY	random_forest	s__Clostridium_sp_NSJ_42	9	9	1.0	0.0015409407526986722	0.0015409407526986722	0.0014044286936128302	nan
PRIMARY	random_forest	s__GGB10692_SGB17347	7	7	1.0	0.0015385270549173396	0.0015385270549173396	0.0014801093469019773	nan
PRIMARY	random_forest	s__GGB9760_SGB15374	9	9	1.0	0.0015332230574354707	0.0015332230574354707	0.0015324438360861438	nan
PRIMARY	random_forest	s__GGB9641_SGB15117	9	9	1.0	0.0015313579611659887	0.0015313579611659887	0.0014733958198302644	nan
PRIMARY	random_forest	s__GGB9788_SGB15411	9	9	1.0	0.0015255674392688858	0.0015255674392688858	0.0016194382647226548	nan
PRIMARY	random_forest	s__Anaerofustis_stercorihominis	9	9	1.0	0.0015234296905964288	0.0015234296905964288	0.001563586690758021	nan
PRIMARY	random_forest	s__GGB77437_SGB9391	9	9	1.0	0.0015202564037631104	0.0015202564037631104	0.0012339125325045053	nan
PRIMARY	random_forest	s__GGB3537_SGB4727	9	9	1.0	0.0015189975768063525	0.0015189975768063525	0.0014447178334497178	nan
PRIMARY	random_forest	s__Christensenella_sp_Marseille_P3954	7	7	1.0	0.001517684033671956	0.001517684033671956	0.0016042923532240817	nan
PRIMARY	random_forest	s__GGB9559_SGB14969	9	9	1.0	0.0015135848455487039	0.0015135848455487039	0.0015108340465432878	nan
PRIMARY	random_forest	s__Alistipes_senegalensis	9	9	1.0	0.0015135247131508784	0.0015135247131508784	0.0016886514977198655	nan
PRIMARY	random_forest	s__GGB1420_SGB1957	6	6	1.0	0.001511609186032916	0.001511609186032916	0.0016726175957049935	nan
PRIMARY	random_forest	s__Streptococcus_gordonii	9	9	1.0	0.0015109429617409494	0.0015109429617409494	0.0014770179590939355	nan
PRIMARY	random_forest	s__GGB9614_SGB15049	9	9	1.0	0.0015100834141633381	0.0015100834141633381	0.0015615686876342982	nan
PRIMARY	random_forest	s__GGB9712_SGB15244	9	9	1.0	0.001502211499878332	0.001502211499878332	0.0012434770752792076	nan
PRIMARY	random_forest	s__GGB3730_SGB5060	9	9	1.0	0.001501011519492852	0.001501011519492852	0.0013692707294185372	nan
PRIMARY	random_forest	s__Blautia_sp_OF03_15BH	9	9	1.0	0.00148846686978398	0.00148846686978398	0.0015071984888057738	nan
PRIMARY	random_forest	s__GGB3005_SGB3996	9	9	1.0	0.0014865894933061086	0.0014865894933061086	0.0012644536489185743	nan
PRIMARY	random_forest	s__GGB9781_SGB66170	9	9	1.0	0.0014767780893808194	0.0014767780893808194	0.0014903418091435808	nan
PRIMARY	random_forest	s__Blautia_hydrogenotrophica	9	9	1.0	0.001476747066137415	0.001476747066137415	0.0013494685613351458	nan
PRIMARY	random_forest	s__Clostridium_sp_AF27_2AA	9	9	1.0	0.0014744684731546403	0.0014744684731546403	0.0014220881541471056	nan
PRIMARY	random_forest	s__GGB2958_SGB3940	9	9	1.0	0.0014740735452837754	0.0014740735452837754	0.001557560617131522	nan
PRIMARY	random_forest	s__GGB31234_SGB14869	9	9	1.0	0.0014720798841393148	0.0014720798841393148	0.0015262897436266623	nan
PRIMARY	random_forest	s__Merdimonas_faecis	9	9	1.0	0.0014697115199602446	0.0014697115199602446	0.0013795500883544514	nan
PRIMARY	random_forest	s__GGB3304_SGB4367	9	9	1.0	0.0014653332772434483	0.0014653332772434483	0.0015257865456971109	nan
PRIMARY	random_forest	s__Flavonifractor_plautii	9	9	1.0	0.0014625997067578148	0.0014625997067578148	0.0013759093747921073	nan
PRIMARY	random_forest	s__Alistipes_dispar	9	9	1.0	0.0014617282510388503	0.0014617282510388503	0.0012250383388121636	nan
PRIMARY	random_forest	s__Vescimonas_fastidiosa	4	4	1.0	0.0014427891456450365	0.0014427891456450365	0.0016149254874030993	nan
PRIMARY	random_forest	s__Clostridium_paraputrificum	1	1	1.0	0.0014413170348611005	0.0014413170348611005	0.0014413170348611005	nan
PRIMARY	random_forest	s__Hydrogeniiclostidium_mannosilyticum	9	9	1.0	0.001441043752888977	0.001441043752888977	0.0015370497915915742	nan
PRIMARY	random_forest	s__Streptococcus_anginosus	9	9	1.0	0.0014410295882410157	0.0014410295882410157	0.0012938758295707273	nan
PRIMARY	random_forest	s__Mediterraneibacter_glycyrrhizinilyticus	9	9	1.0	0.0014393985094122612	0.0014393985094122612	0.0013148181542898577	nan
PRIMARY	random_forest	s__GGB9636_SGB15107	9	9	1.0	0.001434461563823978	0.001434461563823978	0.0013356987073466265	nan
PRIMARY	random_forest	s__GGB33928_SGB15225	9	9	1.0	0.0014272302113659215	0.0014272302113659215	0.001560685661569187	nan
PRIMARY	random_forest	s__Methanobrevibacter_smithii	9	9	1.0	0.0014130375837035948	0.0014130375837035948	0.0012306908540683538	nan
PRIMARY	random_forest	s__Ruminococcus_lactaris	9	9	1.0	0.0014052538968896886	0.0014052538968896886	0.0013917365164736039	nan
PRIMARY	random_forest	s__Actinomyces_SGB17168	9	9	1.0	0.001403948752255915	0.001403948752255915	0.0013898581463834697	nan
PRIMARY	random_forest	s__Enterococcus_faecalis	9	9	1.0	0.0014012228422948339	0.0014012228422948339	0.0015256236040892526	nan
PRIMARY	random_forest	s__Limosilactobacillus_fermentum	9	9	1.0	0.0013993538713993371	0.0013993538713993371	0.0013356116057743554	nan
PRIMARY	random_forest	s__GGB42378_SGB59548	1	1	1.0	0.0013964741005726823	0.0013964741005726823	0.0013964741005726823	nan
PRIMARY	random_forest	s__Mediterraneibacter_SGB48424	9	9	1.0	0.0013955210981877386	0.0013955210981877386	0.001330008426114721	nan
PRIMARY	random_forest	s__GGB45497_SGB63169	9	9	1.0	0.0013861815098613962	0.0013861815098613962	0.0013462905584795703	nan
PRIMARY	random_forest	s__GGB9474_SGB14868	3	3	1.0	0.001384686911502588	0.001384686911502588	0.0015754208793384704	nan
PRIMARY	random_forest	s__GGB9765_SGB15382	9	9	1.0	0.0013839714763337159	0.0013839714763337159	0.0013442454211937901	nan
PRIMARY	random_forest	s__Actinomyces_sp_ICM58	9	9	1.0	0.0013832193621430402	0.0013832193621430402	0.0013061002875572434	nan
PRIMARY	random_forest	s__Veillonella_rogosae	3	3	1.0	0.001369138916854515	0.001369138916854515	0.0013445191843305697	nan
PRIMARY	random_forest	s__Olsenella_uli	1	1	1.0	0.0013680322990709357	0.0013680322990709357	0.0013680322990709357	nan
PRIMARY	random_forest	s__Actinomyces_sp_ph3	9	9	1.0	0.001366802004935131	0.001366802004935131	0.001397740889308842	nan
PRIMARY	random_forest	s__Clostridium_perfringens	8	8	1.0	0.0013591459814538088	0.0013591459814538088	0.0013719822237748007	nan
PRIMARY	random_forest	s__GGB79630_SGB13983	9	9	1.0	0.00135792471411669	0.00135792471411669	0.0013040558644018749	nan
PRIMARY	random_forest	s__Neglectibacter_timonensis	9	9	1.0	0.001357262313403282	0.001357262313403282	0.0014489700509165541	nan
PRIMARY	random_forest	s__Lactobacillus_gasseri	9	9	1.0	0.0013572448420295208	0.0013572448420295208	0.001227940266862997	nan
PRIMARY	random_forest	s__GGB9453_SGB14845	9	9	1.0	0.0013561370242383029	0.0013561370242383029	0.001644207828266324	nan
PRIMARY	random_forest	s__Clostridium_sp_1001271st1_H5	3	3	1.0	0.0013559219066844508	0.0013559219066844508	0.001205128422103726	nan
PRIMARY	random_forest	s__GGB3109_SGB4643	9	9	1.0	0.0013507273097706466	0.0013507273097706466	0.0013212189094272415	nan
PRIMARY	random_forest	s__GGB51441_SGB71759	9	9	1.0	0.0013457200845058003	0.0013457200845058003	0.0014301983984543714	nan
PRIMARY	random_forest	s__GGB80011_SGB15267	9	9	1.0	0.001345095857468288	0.001345095857468288	0.0013802568454249165	nan
PRIMARY	random_forest	s__GGB9781_SGB15402	9	9	1.0	0.0013438875026773698	0.0013438875026773698	0.0012382413241939698	nan
PRIMARY	random_forest	s__GGB3588_SGB4808	9	9	1.0	0.0013351637236181132	0.0013351637236181132	0.0013905535897916293	nan
PRIMARY	random_forest	s__GGB9618_SGB15065	8	8	1.0	0.0013292192408254303	0.0013292192408254303	0.0009615886398939835	nan
PRIMARY	random_forest	s__Vescimonas_SGB15087	9	9	1.0	0.0013243692210914287	0.0013243692210914287	0.0013123154769538856	nan
PRIMARY	random_forest	s__Mogibacterium_diversum	9	9	1.0	0.0013221688824749498	0.0013221688824749498	0.0014402830929782706	nan
PRIMARY	random_forest	s__Solibaculum_mannosilyticum	9	9	1.0	0.0013206859094660516	0.0013206859094660516	0.00135149258772248	nan
PRIMARY	random_forest	s__GGB2970_SGB3952	9	9	1.0	0.0013195187136352058	0.0013195187136352058	0.001198047403619467	nan
PRIMARY	random_forest	s__Streptococcus_australis	9	9	1.0	0.0013188231585576787	0.0013188231585576787	0.0012999551465298687	nan
PRIMARY	random_forest	s__GGB9758_SGB15368	9	9	1.0	0.0013167869345081346	0.0013167869345081346	0.001434286973378328	nan
PRIMARY	random_forest	s__GGB80140_SGB15224	9	9	1.0	0.001316210180650571	0.001316210180650571	0.0012854564929574794	nan
PRIMARY	random_forest	s__Massilimicrobiota_sp_An134	9	9	1.0	0.0013097631336702357	0.0013097631336702357	0.0012603221903637152	nan
PRIMARY	random_forest	s__GGB6612_SGB9346	9	9	1.0	0.0013010056266405114	0.0013010056266405114	0.0013290635251325402	nan
PRIMARY	random_forest	s__Bacteroides_nordii	9	9	1.0	0.0012992453478580135	0.0012992453478580135	0.001350494655409133	nan
PRIMARY	random_forest	s__GGB74463_SGB54347	9	9	1.0	0.001288374799918601	0.001288374799918601	0.0012757258863904338	nan
PRIMARY	random_forest	s__Neobittarella_massiliensis	9	9	1.0	0.0012845097595869206	0.0012845097595869206	0.0014296549099880602	nan
PRIMARY	random_forest	s__Enterocloster_SGB14313	9	9	1.0	0.0012833803000819133	0.0012833803000819133	0.0011358476657479558	nan
PRIMARY	random_forest	s__Alloscardovia_omnicolens	9	9	1.0	0.0012791689032256815	0.0012791689032256815	0.0008776728072424691	nan
PRIMARY	random_forest	s__GGB4456_SGB6141	9	9	1.0	0.0012707331464735022	0.0012707331464735022	0.0011997469298109333	nan
PRIMARY	random_forest	s__GGB13493_SGB15238	9	9	1.0	0.0012705661520506304	0.0012705661520506304	0.0010918025931364152	nan
PRIMARY	random_forest	s__Collinsella_bouchesdurhonensis	9	9	1.0	0.0012642947297953522	0.0012642947297953522	0.0014256192512095826	nan
PRIMARY	random_forest	s__Bifidobacterium_animalis	9	9	1.0	0.0012607730291847043	0.0012607730291847043	0.0013704711614443133	nan
PRIMARY	random_forest	s__Christensenella_hongkongensis	9	9	1.0	0.001249390736443264	0.001249390736443264	0.0010000301651780716	nan
PRIMARY	random_forest	s__GGB2998_SGB3988	9	9	1.0	0.0012482619332268561	0.0012482619332268561	0.0012593862849734603	nan
PRIMARY	random_forest	s__Clostridium_saudiense	9	9	1.0	0.0012445309302920693	0.0012445309302920693	0.0012743229722608767	nan
PRIMARY	random_forest	s__GGB35068_SGB47850	9	9	1.0	0.0012406242740491853	0.0012406242740491853	0.0010848270262410588	nan
PRIMARY	random_forest	s__Slackia_isoflavoniconvertens	9	9	1.0	0.0012384999958926824	0.0012384999958926824	0.0010613943213084005	nan
PRIMARY	random_forest	s__Rothia_mucilaginosa	9	9	1.0	0.0012383698558266563	0.0012383698558266563	0.0009409510790539001	nan
PRIMARY	random_forest	s__Ruminococcus_callidus	9	9	1.0	0.0012342310646004091	0.0012342310646004091	0.0012906332333350518	nan
PRIMARY	random_forest	s__Monoglobus_pectinilyticus	9	9	1.0	0.0012328284738039271	0.0012328284738039271	0.0012479129068446375	nan
PRIMARY	random_forest	s__Granulicatella_SGB8255	9	9	1.0	0.00122665009345109	0.00122665009345109	0.0012058420990152838	nan
PRIMARY	random_forest	s__GGB9524_SGB14923	1	1	1.0	0.0012219755239094771	0.0012219755239094771	0.0012219755239094771	nan
PRIMARY	random_forest	s__Coprobacillus_cateniformis	9	9	1.0	0.0012145285282498357	0.0012145285282498357	0.0012069442151202028	nan
PRIMARY	random_forest	s__Scardovia_wiggsiae	8	8	1.0	0.001214427651497531	0.001214427651497531	0.0012732582488511946	nan
PRIMARY	random_forest	s__Ellagibacter_isourolithinifaciens	9	9	1.0	0.0012142791622411881	0.0012142791622411881	0.0012518758355227115	nan
PRIMARY	random_forest	s__Enterocloster_clostridioformis	9	9	1.0	0.001213848638676243	0.001213848638676243	0.00114175331541165	nan
PRIMARY	random_forest	s__Blautia_hansenii	9	9	1.0	0.001213312611548249	0.001213312611548249	0.0008621645390530623	nan
PRIMARY	random_forest	s__Eubacterium_SGB4671	1	1	1.0	0.001213019165293785	0.001213019165293785	0.001213019165293785	nan
PRIMARY	random_forest	s__GGB9293_SGB14250	9	9	1.0	0.001212987264902039	0.001212987264902039	0.0011274995153656715	nan
PRIMARY	random_forest	s__GGB3534_SGB4722	9	9	1.0	0.001211614844751502	0.001211614844751502	0.0012460546822319612	nan
PRIMARY	random_forest	s__Actinomyces_sp_oral_taxon_448	9	9	1.0	0.0012111833639622076	0.0012111833639622076	0.0011474014120172414	nan
PRIMARY	random_forest	s__Faecalitalea_cylindroides	9	9	1.0	0.001207825116739443	0.001207825116739443	0.00099964424770992	nan
PRIMARY	random_forest	s__GGB42994_SGB4746	9	9	1.0	0.0012045975606228708	0.0012045975606228708	0.001029350078196392	nan
PRIMARY	random_forest	s__Ruminococcus_SGB4421	9	9	1.0	0.0012032681739429327	0.0012032681739429327	0.001211535814990284	nan
PRIMARY	random_forest	s__GGB9719_SGB53514	8	8	1.0	0.0012025156814207075	0.0012025156814207075	0.0012844092696329729	nan
PRIMARY	random_forest	s__Holdemanella_biformis	4	4	1.0	0.001201636415765641	0.001201636415765641	0.0013924191128065532	nan
PRIMARY	random_forest	s__GGB3167_SGB4181	9	9	1.0	0.0011949885287080584	0.0011949885287080584	0.0011393918091642428	nan
PRIMARY	random_forest	s__Haemophilus_parainfluenzae	9	9	1.0	0.0011869962716303012	0.0011869962716303012	0.000927523581356728	nan
PRIMARY	random_forest	s__GGB3000_SGB3991	9	9	1.0	0.0011869297278609625	0.0011869297278609625	0.0012010030744675068	nan
PRIMARY	random_forest	s__Actinomyces_dentalis	2	2	1.0	0.001183887870688997	0.001183887870688997	0.001183887870688997	nan
PRIMARY	random_forest	s__Isoptericola_variabilis	9	9	1.0	0.0011796421418179845	0.0011796421418179845	0.0012267699179913897	nan
PRIMARY	random_forest	s__Eubacterium_callanderi	6	6	1.0	0.001177924736023969	0.001177924736023969	0.0011362924278136587	nan
PRIMARY	random_forest	s__Blautia_producta	9	9	1.0	0.001174670802096042	0.001174670802096042	0.0013952118623412066	nan
PRIMARY	random_forest	s__Parabacteroides_johnsonii	6	6	1.0	0.0011741718505465083	0.0011741718505465083	0.0011959079273430933	nan
PRIMARY	random_forest	s__GGB2987_SGB3969	9	9	1.0	0.0011726866299314946	0.0011726866299314946	0.0012250986099326018	nan
PRIMARY	random_forest	s__Actinomyces_SGB17157	8	8	1.0	0.0011586212805886472	0.0011586212805886472	0.0012526219319458417	nan
PRIMARY	random_forest	s__Roseburia_sp_AM16_25	9	9	1.0	0.0011578764147211287	0.0011578764147211287	0.001163376803484188	nan
PRIMARY	random_forest	s__GGB4684_SGB6478	1	1	1.0	0.0011576853444487422	0.0011576853444487422	0.0011576853444487422	nan
PRIMARY	random_forest	s__GGB47687_SGB2286	9	9	1.0	0.0011575451621837066	0.0011575451621837066	0.001039557656006908	nan
PRIMARY	random_forest	s__Cloacibacillus_evryensis	8	8	1.0	0.0011549247419486942	0.0011549247419486942	0.001045740265370746	nan
PRIMARY	random_forest	s__Actinomyces_sp_ICM47	9	9	1.0	0.001151101898560926	0.001151101898560926	0.0009218680212256756	nan
PRIMARY	random_forest	s__Alistipes_SGB2313	5	5	1.0	0.0011496242214835831	0.0011496242214835831	0.001363935915295613	nan
PRIMARY	random_forest	s__GGB9063_SGB13982	9	9	1.0	0.0011485224360254708	0.0011485224360254708	0.0010373707749909528	nan
PRIMARY	random_forest	s__GGB9766_SGB15383	9	9	1.0	0.001143267975310184	0.001143267975310184	0.0012258197315498604	nan
PRIMARY	random_forest	s__Enterocloster_aldenensis	9	9	1.0	0.001141292468071962	0.001141292468071962	0.0010233850556896212	nan
PRIMARY	random_forest	s__GGB16040_SGB9347	9	9	1.0	0.001138864629623771	0.001138864629623771	0.0009352559463936523	nan
PRIMARY	random_forest	s__Coprobacter_secundus	9	9	1.0	0.0011345886058587954	0.0011345886058587954	0.0011027941142095375	nan
PRIMARY	random_forest	s__Collinsella_SGB14987	9	9	1.0	0.001133118847383403	0.001133118847383403	0.0010397291431852346	nan
PRIMARY	random_forest	s__GGB33512_SGB15203	9	9	1.0	0.0011321467698334382	0.0011321467698334382	0.001215723211388502	nan
PRIMARY	random_forest	s__Actinomyces_massiliensis	8	8	1.0	0.0011283703911713055	0.0011283703911713055	0.0011512332773322663	nan
PRIMARY	random_forest	s__Lachnospira_sp_NSJ_43	9	9	1.0	0.001122184843686637	0.001122184843686637	0.001050892369037703	nan
PRIMARY	random_forest	s__GGB9608_SGB15041	9	9	1.0	0.0011216903816892452	0.0011216903816892452	0.0009078708856951552	nan
PRIMARY	random_forest	s__Anaerotignum_lactatifermentans	5	5	1.0	0.0011207088769209467	0.0011207088769209467	0.0012113235104197365	nan
PRIMARY	random_forest	s__Streptococcus_infantis	9	9	1.0	0.0011180748387260022	0.0011180748387260022	0.001214528310594842	nan
PRIMARY	random_forest	s__GGB2977_SGB3959	9	9	1.0	0.0011177276941354423	0.0011177276941354423	0.0011561356165705075	nan
PRIMARY	random_forest	s__Oscillibacter_valericigenes	9	9	1.0	0.0011177225606663235	0.0011177225606663235	0.0011502118677506853	nan
PRIMARY	random_forest	s__Lacticaseibacillus_paracasei	9	9	1.0	0.001117455790212729	0.001117455790212729	0.0010423217046913956	nan
PRIMARY	random_forest	s__GGB3278_SGB4328	9	9	1.0	0.0011158255871032933	0.0011158255871032933	0.0011827913273764156	nan
PRIMARY	random_forest	s__Enterococcus_faecium	9	9	1.0	0.0011146485497257087	0.0011146485497257087	0.0010746798259713987	nan
PRIMARY	random_forest	s__GGB3619_SGB4894	9	9	1.0	0.0011130224736297508	0.0011130224736297508	0.0011049802077369574	nan
PRIMARY	random_forest	s__GGB36267_SGB14177	9	9	1.0	0.0011120958262103872	0.0011120958262103872	0.0008619014852103107	nan
PRIMARY	random_forest	s__Actinomyces_sp_HMSC035G02	8	8	1.0	0.0011116783943354146	0.0011116783943354146	0.0010300553335970892	nan
PRIMARY	random_forest	s__GGB1266_SGB1699	9	9	1.0	0.0011015874380785253	0.0011015874380785253	0.0011224002333229972	nan
PRIMARY	random_forest	s__Eubacterium_SGB6276	9	9	1.0	0.0010930414434631782	0.0010930414434631782	0.0009170796707575988	nan
PRIMARY	random_forest	s__GGB9762_SGB15377	4	4	1.0	0.001086592748598944	0.001086592748598944	0.0009897668510084822	nan
PRIMARY	random_forest	s__Longibaculum_muris	7	7	1.0	0.0010825075186452432	0.0010825075186452432	0.0007421249538205574	nan
PRIMARY	random_forest	s__Blautia_faecicola	3	3	1.0	0.001076106585521787	0.001076106585521787	0.00109880383405373	nan
PRIMARY	random_forest	s__Catenibacterium_SGB4425	7	7	1.0	0.0010718430634848528	0.0010718430634848528	0.0009088555146941211	nan
PRIMARY	random_forest	s__Actinomyces_graevenitzii	9	9	1.0	0.001069346510588128	0.001069346510588128	0.0010072586787020753	nan
PRIMARY	random_forest	s__Candidatus_Catenibacterium_tridentinum	9	9	1.0	0.0010683901671526882	0.0010683901671526882	0.001094904408677412	nan
PRIMARY	random_forest	s__Sanguibacter_SGB15121	9	9	1.0	0.0010636646759778331	0.0010636646759778331	0.00084816766405075	nan
PRIMARY	random_forest	s__GGB9186_SGB14125	9	9	1.0	0.0010548728230540556	0.0010548728230540556	0.0013328677874467783	nan
PRIMARY	random_forest	s__GGB4566_SGB6305	9	9	1.0	0.0010525924643800466	0.0010525924643800466	0.0010472091137212023	nan
PRIMARY	random_forest	s__Cuneatibacter_caecimuris	8	8	1.0	0.0010513541176884285	0.0010513541176884285	0.001238366008917228	nan
PRIMARY	random_forest	s__Mogibacterium_sp_NSJ_24	8	8	1.0	0.001051329605464075	0.001051329605464075	0.0013214609086165587	nan
PRIMARY	random_forest	s__Actinobaculum_sp_oral_taxon_183	8	8	1.0	0.0010478586181882502	0.0010478586181882502	0.0011225594981408135	nan
PRIMARY	random_forest	s__Phocaeicola_plebeius	9	9	1.0	0.001040520661620188	0.001040520661620188	0.0010269049509496544	nan
PRIMARY	random_forest	s__GGB3124_SGB4136	1	1	1.0	0.0010401111610020748	0.0010401111610020748	0.0010401111610020748	nan
PRIMARY	random_forest	s__GGB9210_SGB14149	8	8	1.0	0.0010386387159537613	0.0010386387159537613	0.0007094279348702807	nan
PRIMARY	random_forest	s__Anaerostipes_caccae	9	9	1.0	0.0010375834205463433	0.0010375834205463433	0.0012003407888576353	nan
PRIMARY	random_forest	s__GGB3475_SGB4638	8	8	1.0	0.0010362347251887177	0.0010362347251887177	0.0009936334165488677	nan
PRIMARY	random_forest	s__GGB34228_SGB72916	4	4	1.0	0.001035417899212091	0.001035417899212091	0.0008230126588954021	nan
PRIMARY	random_forest	s__Faecalimonas_umbilicata	9	9	1.0	0.001033595133133708	0.001033595133133708	0.0011133576192778826	nan
PRIMARY	random_forest	s__Raoultibacter_massiliensis	5	5	1.0	0.0010330963384918607	0.0010330963384918607	0.0008258137472235469	nan
PRIMARY	random_forest	s__Ruminococcus_sp_NSJ_13	9	9	1.0	0.0010315221433149493	0.0010315221433149493	0.0008505802110875666	nan
PRIMARY	random_forest	s__Blautia_stercoris	9	9	1.0	0.0010315110873812094	0.0010315110873812094	0.0011252944986153259	nan
PRIMARY	random_forest	s__Pseudoruminococcus_massiliensis	8	8	1.0	0.0010314362079373806	0.0010314362079373806	0.001151532052370082	nan
PRIMARY	random_forest	s__GGB9677_SGB15180	9	9	1.0	0.0010220207991701777	0.0010220207991701777	0.0008914734401622043	nan
PRIMARY	random_forest	s__GGB33469_SGB15237	9	9	1.0	0.0010155199197641978	0.0010155199197641978	0.0010530204557970245	nan
PRIMARY	random_forest	s__Actinomyces_SGB17154	9	9	1.0	0.0010144971403311305	0.0010144971403311305	0.0008890795513557853	nan
PRIMARY	random_forest	s__Angelakisella_massiliensis	8	8	1.0	0.0010141267590867047	0.0010141267590867047	0.001106864029709942	nan
PRIMARY	random_forest	s__GGB9708_SGB15233	9	9	1.0	0.0009941145136057085	0.0009941145136057085	0.0010219729136446657	nan
PRIMARY	random_forest	s__Lachnoclostridium_sp_An138	7	7	1.0	0.000988162255523704	0.000988162255523704	0.0008607088123037789	nan
PRIMARY	random_forest	s__GGB3033_SGB4029	9	9	1.0	0.0009880991621028373	0.0009880991621028373	0.0009048933039282229	nan
PRIMARY	random_forest	s__GGB9495_SGB14892	9	9	1.0	0.0009819957707407	0.0009819957707407	0.0009012855858240939	nan
PRIMARY	random_forest	s__GGB9602_SGB15028	9	9	1.0	0.0009801222477837184	0.0009801222477837184	0.0009773337466695258	nan
PRIMARY	random_forest	s__Desulfovibrio_piger	9	9	1.0	0.0009745157613253812	0.0009745157613253812	0.0011122534935917514	nan
PRIMARY	random_forest	s__GGB42389_SGB59559	9	9	1.0	0.0009721436924621819	0.0009721436924621819	0.0008755967357006825	nan
PRIMARY	random_forest	s__GGB9240_SGB14182	9	9	1.0	0.000963898596941637	0.000963898596941637	0.0011061707770988144	nan
PRIMARY	random_forest	s__Actinomyces_naeslundii	9	9	1.0	0.0009591018646517667	0.0009591018646517667	0.0008808660329851027	nan
PRIMARY	random_forest	s__Roseburia_sp_BX1005	9	9	1.0	0.0009524765570430563	0.0009524765570430563	0.0006959276574933935	nan
PRIMARY	random_forest	s__GGB9581_SGB79823	3	3	1.0	0.0009507390287332391	0.0009507390287332391	0.0007217195857891779	nan
PRIMARY	random_forest	s__GGB9786_SGB15409	9	9	1.0	0.0009490178406467832	0.0009490178406467832	0.0007765625020553518	nan
PRIMARY	random_forest	s__GGB3109_SGB4119	9	9	1.0	0.0009381134979041639	0.0009381134979041639	0.0008714563289807776	nan
PRIMARY	random_forest	s__Eubacterium_SGB4961	9	9	1.0	0.0009352792098120213	0.0009352792098120213	0.0009450475482039254	nan
PRIMARY	random_forest	s__Collinsella_intestinalis	8	8	1.0	0.0009348971724796185	0.0009348971724796185	0.001134037367694068	nan
PRIMARY	random_forest	s__GGB4745_SGB6571	4	4	1.0	0.0009266628446410411	0.0009266628446410411	0.000903973930525774	nan
PRIMARY	random_forest	s__Solobacterium_SGB6829	7	7	1.0	0.0009231985467744348	0.0009231985467744348	0.001087782072477607	nan
PRIMARY	random_forest	s__GGB1627_SGB2230	4	4	1.0	0.0009183553643969634	0.0009183553643969634	0.0009402583017460974	nan
PRIMARY	random_forest	s__Propionibacterium_acidifaciens	7	7	1.0	0.0009179586145243308	0.0009179586145243308	0.0010401626341132865	nan
PRIMARY	random_forest	s__Lacrimispora_saccharolytica	9	9	1.0	0.0009152568598078258	0.0009152568598078258	0.0010074762935601235	nan
PRIMARY	random_forest	s__GGB3463_SGB4621	4	4	1.0	0.0009144867773765992	0.0009144867773765992	0.0009211487326330537	nan
PRIMARY	random_forest	s__Streptococcus_oralis	8	8	1.0	0.0009102809000783294	0.0009102809000783294	0.0007342623885500808	nan
PRIMARY	random_forest	s__GGB9302_SGB14263	5	5	1.0	0.0009033993104719431	0.0009033993104719431	0.0008766518199978703	nan
PRIMARY	random_forest	s__GGB9350_SGB14317	8	8	1.0	0.0008818003924528333	0.0008818003924528333	0.0005931109659558871	nan
PRIMARY	random_forest	s__GGB9790_SGB15413	9	9	1.0	0.0008735572578446606	0.0008735572578446606	0.0008139873187668494	nan
PRIMARY	random_forest	s__GGB9611_SGB15045	8	8	1.0	0.0008727984034238395	0.0008727984034238395	0.0006536987807986834	nan
PRIMARY	random_forest	s__GGB9189_SGB14128	9	9	1.0	0.0008639475389951669	0.0008639475389951669	0.000847622000946166	nan
PRIMARY	random_forest	s__GGB9296_SGB14253	9	9	1.0	0.0008636516644024099	0.0008636516644024099	0.0008941730087891882	nan
PRIMARY	random_forest	s__Lachnoclostridium_edouardi	6	6	1.0	0.0008592682813916736	0.0008592682813916736	0.001070938917518041	nan
PRIMARY	random_forest	s__GGB9620_SGB15068	2	2	1.0	0.0008584412003276734	0.0008584412003276734	0.0008584412003276734	nan
PRIMARY	random_forest	s__GGB3602_SGB4574	9	9	1.0	0.0008568314905891814	0.0008568314905891814	0.0009234755059363636	nan
PRIMARY	random_forest	s__Parasutterella_SGB9260	9	9	1.0	0.0008497120296758647	0.0008497120296758647	0.0007786027279765582	nan
PRIMARY	random_forest	s__Pseudoflavonifractor_sp_An184	9	9	1.0	0.0008492188538359235	0.0008492188538359235	0.0008575039032558954	nan
PRIMARY	random_forest	s__Anaerococcus_SGB53821	9	9	1.0	0.0008394171381838207	0.0008394171381838207	0.0005119623847967068	nan
PRIMARY	random_forest	s__GGB33512_SGB15201	9	9	1.0	0.0008327307867898604	0.0008327307867898604	0.0008546683507262644	nan
PRIMARY	random_forest	s__Streptococcus_SGB15012	9	9	1.0	0.0008231980576445186	0.0008231980576445186	0.0008317581060683874	nan
PRIMARY	random_forest	s__GGB3815_SGB5180	2	2	1.0	0.0008224923090186499	0.0008224923090186499	0.0008224923090186499	nan
PRIMARY	random_forest	s__GGB9635_SGB15103	2	2	1.0	0.0008213622810047107	0.0008213622810047107	0.0008213622810047107	nan
PRIMARY	random_forest	s__Oscillibacter_sp_PC13	8	8	1.0	0.0008172917888192292	0.0008172917888192292	0.0007100022358874261	nan
PRIMARY	random_forest	s__GGB79916_SGB4587	6	6	1.0	0.0008130911828995741	0.0008130911828995741	0.0009305876271838641	nan
PRIMARY	random_forest	s__Emergencia_timonensis	8	8	1.0	0.0007974469006996681	0.0007974469006996681	0.0006676595382261983	nan
PRIMARY	random_forest	s__GGB4599_SGB6362	7	7	1.0	0.0007920676788962748	0.0007920676788962748	0.0006200817949577972	nan
PRIMARY	random_forest	s__Staphylococcus_SGB6340	9	9	1.0	0.0007820434532513029	0.0007820434532513029	0.0007120871884430006	nan
PRIMARY	random_forest	s__Mogibacterium_kristiansenii	9	9	1.0	0.0007728691739482102	0.0007728691739482102	0.000812777695777395	nan
PRIMARY	random_forest	s__Amedibacillus_dolichus	7	7	1.0	0.0007684271522067511	0.0007684271522067511	0.0007581292198678614	nan
PRIMARY	random_forest	s__Enterocloster_asparagiformis	9	9	1.0	0.0007651658754006509	0.0007651658754006509	0.0007619540299517468	nan
PRIMARY	random_forest	s__GGB9747_SGB15356	9	9	1.0	0.000762387920885378	0.000762387920885378	0.0007473569351926973	nan
PRIMARY	random_forest	s__GGB3593_SGB4817	2	2	1.0	0.0007587838716479085	0.0007587838716479085	0.0007587838716479085	nan
PRIMARY	random_forest	s__GGB45495_SGB63167	9	9	1.0	0.0007585621469510814	0.0007585621469510814	0.0007649589116738789	nan
PRIMARY	random_forest	s__Corynebacterium_durum	8	8	1.0	0.0007511265122072716	0.0007511265122072716	0.0007302769036875613	nan
PRIMARY	random_forest	s__Clostridium_SGB4909	9	9	1.0	0.0007415891147162551	0.0007415891147162551	0.0006763393300882474	nan
PRIMARY	random_forest	s__Actinomyces_SGB17132	6	6	1.0	0.0007384289646587841	0.0007384289646587841	0.0007669831759556228	nan
PRIMARY	random_forest	s__Desulfovibrio_fairfieldensis	8	8	1.0	0.000735406540968682	0.000735406540968682	0.0006907829490741338	nan
PRIMARY	random_forest	s__Actinomyces_SGB17163	8	8	1.0	0.000731710353779921	0.000731710353779921	0.0006318453630313435	nan
PRIMARY	random_forest	s__Actinomyces_bouchesdurhonensis	8	8	0.875	0.0007218325601953986	0.0007218325601953986	0.0006524024304412887	nan
PRIMARY	random_forest	s__GGB9782_SGB15403	9	9	1.0	0.0007158439484905741	0.0007158439484905741	0.0005786789193139849	nan
PRIMARY	random_forest	s__Paratractidigestivibacter_faecalis	1	1	1.0	0.0007145435840429727	0.0007145435840429727	0.0007145435840429727	nan
PRIMARY	random_forest	s__GGB51510_SGB71883	9	9	1.0	0.0006973033055213055	0.0006973033055213055	0.0008311872657402436	nan
PRIMARY	random_forest	s__GGB9261_SGB14209	3	3	1.0	0.0006948237626380557	0.0006948237626380557	0.0007307885071632192	nan
PRIMARY	random_forest	s__Lactococcus_cremoris	1	1	1.0	0.0006860040032718519	0.0006860040032718519	0.0006860040032718519	nan
PRIMARY	random_forest	s__GGB10485_SGB49305	8	8	1.0	0.0006770908780292798	0.0006770908780292798	0.0006057847880848672	nan
PRIMARY	random_forest	s__Ruminococcus_sp_AF41_9	8	8	0.875	0.0006407258428340176	0.0006407258428340176	0.0006832622321688906	nan
PRIMARY	random_forest	s__Lacticaseibacillus_rhamnosus	8	8	1.0	0.0006300773184522915	0.0006300773184522915	0.00046858406826874837	nan
PRIMARY	random_forest	s__Collinsella_SGB15196	8	8	1.0	0.0006294443966542902	0.0006294443966542902	0.0007695349301931013	nan
PRIMARY	random_forest	s__Victivallis_lenta	5	5	1.0	0.0006275567191398908	0.0006275567191398908	0.0005938700921617666	nan
PRIMARY	random_forest	s__GGB1662_SGB2276	2	2	1.0	0.0006191389827086388	0.0006191389827086388	0.0006191389827086388	nan
PRIMARY	random_forest	s__Pauljensenia_hongkongensis	2	2	1.0	0.0006186695759909285	0.0006186695759909285	0.0006186695759909285	nan
PRIMARY	random_forest	s__GGB3818_SGB5183	1	1	1.0	0.0006165025582495467	0.0006165025582495467	0.0006165025582495467	nan
PRIMARY	random_forest	s__GGB9561_SGB14972	7	7	1.0	0.0005618204889273031	0.0005618204889273031	0.000534597112398358	nan
PRIMARY	random_forest	s__GGB9691_SGB15198	4	4	1.0	0.0005396568023012644	0.0005396568023012644	0.0004961735213979831	nan
PRIMARY	random_forest	s__GGB51960_SGB72480	5	5	1.0	0.0005367356641645437	0.0005367356641645437	0.0006080943746538977	nan
PRIMARY	random_forest	s__Candidatus_Nanosynsacchari_sp_TM7_ANC_38_39_G1_1	6	6	1.0	0.0005338003905105701	0.0005338003905105701	0.0004998578930583252	nan
PRIMARY	random_forest	s__GGB3446_SGB4597	1	1	1.0	0.000523372659400599	0.000523372659400599	0.000523372659400599	nan
PRIMARY	random_forest	s__Cellulomonas_flavigena	5	5	1.0	0.0004862949974665697	0.0004862949974665697	0.0004824136230694018	nan
PRIMARY	random_forest	s__GGB9361_SGB14336	8	8	1.0	0.0004794145532351997	0.0004794145532351997	0.0004303363144200959	nan
PRIMARY	random_forest	s__Ruminococcus_sp_AF46_10NS	1	1	1.0	0.00046037156050802026	0.00046037156050802026	0.00046037156050802026	nan
PRIMARY	random_forest	s__Bacteroides_SGB15210	1	1	1.0	0.0004234248960201503	0.0004234248960201503	0.0004234248960201503	nan
PRIMARY	random_forest	s__GGB9767_SGB15384	1	1	1.0	0.0003266623718899668	0.0003266623718899668	0.0003266623718899668	nan
PRIMARY	random_forest	s__Allisonella_histaminiformans	2	2	1.0	0.0003078594508202993	0.0003078594508202993	0.0003078594508202993	nan
PRIMARY	random_forest	s__GGB3142_SGB4155	1	1	1.0	0.00019608553608818519	0.00019608553608818519	0.00019608553608818519	nan
PRIMARY	random_forest	s__GGB9737_SGB15309	1	1	1.0	0.0001503168260659885	0.0001503168260659885	0.0001503168260659885	nan
PRIMARY	random_forest	s__GGB9559_SGB14968	1	1	1.0	6.223738481470992e-05	6.223738481470992e-05	6.223738481470992e-05	nan
PRIMARY	random_forest	s__GGB3513_SGB4691	1	1	0.0	0.0	0.0	0.0	nan
S1_EXCLUDE_BCN12	random_forest	s__Streptococcus_SGB14888	9	9	1.0	0.012807354180400066	0.012807354180400066	0.011180090265753118	nan
S1_EXCLUDE_BCN12	random_forest	s__Veillonella_parvula	9	9	1.0	0.009856497341248247	0.009856497341248247	0.008150414495084418	nan
S1_EXCLUDE_BCN12	random_forest	s__Blautia_massiliensis	9	9	1.0	0.007710539982283031	0.007710539982283031	0.005139629325963147	nan
S1_EXCLUDE_BCN12	random_forest	s__Bittarella_massiliensis	9	9	1.0	0.006438693859064783	0.006438693859064783	0.006132518350257522	nan
S1_EXCLUDE_BCN12	random_forest	s__Flavonifractor_sp_An100	1	1	1.0	0.006013298061529487	0.006013298061529487	0.006013298061529487	nan
S1_EXCLUDE_BCN12	random_forest	s__GGB32900_SGB53446	9	9	1.0	0.005823115634867208	0.005823115634867208	0.005422918526617684	nan
S1_EXCLUDE_BCN12	random_forest	s__Lacrimispora_celerecrescens	9	9	1.0	0.0058150001428665735	0.0058150001428665735	0.004559823537703978	nan
S1_EXCLUDE_BCN12	random_forest	s__Vescimonas_coprocola	9	9	1.0	0.0054020651683711046	0.0054020651683711046	0.0047330058700758865	nan
S1_EXCLUDE_BCN12	random_forest	s__Clostridium_sp_AM22_11AC	9	9	1.0	0.005195326060044427	0.005195326060044427	0.004989649003520782	nan
S1_EXCLUDE_BCN12	random_forest	s__Bacteroides_stercoris	9	9	1.0	0.005177821096075682	0.005177821096075682	0.005383777930321614	nan
S1_EXCLUDE_BCN12	random_forest	s__Dorea_formicigenerans	9	9	1.0	0.005173705362044244	0.005173705362044244	0.004318590613916274	nan
S1_EXCLUDE_BCN12	random_forest	s__GGB58158_SGB79798	9	9	1.0	0.005162776983988076	0.005162776983988076	0.004993397326793923	nan
S1_EXCLUDE_BCN12	random_forest	s__Faecalicatena_contorta	9	9	1.0	0.004918418362380079	0.004918418362380079	0.004018355250576953	nan
S1_EXCLUDE_BCN12	random_forest	s__Dysosmobacter_welbionis	9	9	1.0	0.00491429080137002	0.00491429080137002	0.004810358648592769	nan
S1_EXCLUDE_BCN12	random_forest	s__Eubacterium_sp_AF16_48	9	9	1.0	0.0046725606618224945	0.0046725606618224945	0.0047138786610660425	nan
S1_EXCLUDE_BCN12	random_forest	s__Parabacteroides_merdae	9	9	1.0	0.004264406695644477	0.004264406695644477	0.0041635052506176886	nan
S1_EXCLUDE_BCN12	random_forest	s__Roseburia_sp_AF02_12	9	9	1.0	0.004244741896975304	0.004244741896975304	0.003614895725190946	nan
S1_EXCLUDE_BCN12	random_forest	s__Adlercreutzia_equolifaciens	9	9	1.0	0.0041458678213387124	0.0041458678213387124	0.0034780450939722826	nan
S1_EXCLUDE_BCN12	random_forest	s__Faecalibacterium_prausnitzii	9	9	1.0	0.004109527811816824	0.004109527811816824	0.004029972366851853	nan
S1_EXCLUDE_BCN12	random_forest	s__Fusicatenibacter_saccharivorans	9	9	1.0	0.003923022975210769	0.003923022975210769	0.0036152259960841805	nan
S1_EXCLUDE_BCN12	random_forest	s__Alistipes_putredinis	9	9	1.0	0.0039037343990584845	0.0039037343990584845	0.004419332867042864	nan
S1_EXCLUDE_BCN12	random_forest	s__Holdemania_filiformis	9	9	1.0	0.003888653333455027	0.003888653333455027	0.0032387175839840134	nan
S1_EXCLUDE_BCN12	random_forest	s__Anaerotruncus_colihominis	9	9	1.0	0.0038714235155344295	0.0038714235155344295	0.003948405402806022	nan
S1_EXCLUDE_BCN12	random_forest	s__Dysosmobacter_sp_BX15	9	9	1.0	0.0038392739269538017	0.0038392739269538017	0.003982154540945388	nan
S1_EXCLUDE_BCN12	random_forest	s__Veillonella_atypica	9	9	1.0	0.0038207768125540238	0.0038207768125540238	0.003645794070394273	nan
S1_EXCLUDE_BCN12	random_forest	s__Sutterella_wadsworthensis	9	9	1.0	0.0037192371275114374	0.0037192371275114374	0.0038070093348741905	nan
S1_EXCLUDE_BCN12	random_forest	s__Streptococcus_parasanguinis	9	9	1.0	0.0036960672360276453	0.0036960672360276453	0.0032555191398881554	nan
S1_EXCLUDE_BCN12	random_forest	s__GGB9642_SGB15119	9	9	1.0	0.003676649004320647	0.003676649004320647	0.003257286086892184	nan
S1_EXCLUDE_BCN12	random_forest	s__Akkermansia_muciniphila	9	9	1.0	0.0036719392786764057	0.0036719392786764057	0.003670790451709543	nan
S1_EXCLUDE_BCN12	random_forest	s__Hungatella_hathewayi	9	9	1.0	0.003655909674326611	0.003655909674326611	0.0034968259002183728	nan
S1_EXCLUDE_BCN12	random_forest	s__Intestinibacter_bartlettii	9	9	1.0	0.003614171409471931	0.003614171409471931	0.0033054530601300406	nan
S1_EXCLUDE_BCN12	random_forest	s__Roseburia_faecis	9	9	1.0	0.0036036019480601266	0.0036036019480601266	0.0032113421899953427	nan
S1_EXCLUDE_BCN12	random_forest	s__Faecalibacillus_intestinalis	9	9	1.0	0.0036029905766146054	0.0036029905766146054	0.0035795378758458683	nan
S1_EXCLUDE_BCN12	random_forest	s__Blautia_sp_Marseille_P3087	9	9	1.0	0.0035988195703782386	0.0035988195703782386	0.003266113683513368	nan
S1_EXCLUDE_BCN12	random_forest	s__Waltera_intestinalis	9	9	1.0	0.0035331908012411683	0.0035331908012411683	0.003631817949666109	nan
S1_EXCLUDE_BCN12	random_forest	s__Bilophila_wadsworthia	9	9	1.0	0.0034954123366963347	0.0034954123366963347	0.0031446269733987325	nan
S1_EXCLUDE_BCN12	random_forest	s__Alistipes_onderdonkii	9	9	1.0	0.003490425637946989	0.003490425637946989	0.003105248232395525	nan
S1_EXCLUDE_BCN12	random_forest	s__Alistipes_finegoldii	9	9	1.0	0.0034698130771393435	0.0034698130771393435	0.0035247487531571186	nan
S1_EXCLUDE_BCN12	random_forest	s__GGB9237_SGB14179	9	9	1.0	0.0034441422301616387	0.0034441422301616387	0.003572913445823389	nan
S1_EXCLUDE_BCN12	random_forest	s__Clostridium_sp_1001270H_150608_G6	9	9	1.0	0.003436866977545453	0.003436866977545453	0.0027554377732372185	nan
S1_EXCLUDE_BCN12	random_forest	s__GGB3612_SGB4882	9	9	1.0	0.0034322322567433877	0.0034322322567433877	0.003397469072224505	nan
S1_EXCLUDE_BCN12	random_forest	s__Roseburia_hominis	9	9	1.0	0.0034261436973239373	0.0034261436973239373	0.0034304137180995163	nan
S1_EXCLUDE_BCN12	random_forest	s__Phocaeicola_vulgatus	9	9	1.0	0.0034222017372360883	0.0034222017372360883	0.0037497719675491834	nan
S1_EXCLUDE_BCN12	random_forest	s__Lacrimispora_amygdalina	9	9	1.0	0.00341874974152281	0.00341874974152281	0.003347780188199863	nan
S1_EXCLUDE_BCN12	random_forest	s__Ruminococcus_gnavus	9	9	1.0	0.003411843255430982	0.003411843255430982	0.0034040423636142614	nan
S1_EXCLUDE_BCN12	random_forest	s__Anaerostipes_hadrus	9	9	1.0	0.003405011512797885	0.003405011512797885	0.0030765840853066223	nan
S1_EXCLUDE_BCN12	random_forest	s__Ruminococcus_torques	9	9	1.0	0.0034026034915207604	0.0034026034915207604	0.0035128046100143958	nan
S1_EXCLUDE_BCN12	random_forest	s__Clostridium_SGB4750	9	9	1.0	0.0034000604290259414	0.0034000604290259414	0.003544972919758072	nan
S1_EXCLUDE_BCN12	random_forest	s__Faecalibacterium_SGB15346	9	9	1.0	0.0033917023864051886	0.0033917023864051886	0.0034692118385571662	nan
S1_EXCLUDE_BCN12	random_forest	s__GGB9708_SGB15234	9	9	1.0	0.0033827272600346374	0.0033827272600346374	0.003302296555317016	nan
S1_EXCLUDE_BCN12	random_forest	s__Parabacteroides_distasonis	9	9	1.0	0.0033713374814284915	0.0033713374814284915	0.003288671009512516	nan
S1_EXCLUDE_BCN12	random_forest	s__Streptococcus_mutans	9	9	1.0	0.003351213641737295	0.003351213641737295	0.0037118837993636413	nan
S1_EXCLUDE_BCN12	random_forest	s__GGB45432_SGB63101	9	9	1.0	0.0033339392532581924	0.0033339392532581924	0.0030619916630706813	nan
S1_EXCLUDE_BCN12	random_forest	s__Streptococcus_salivarius	9	9	1.0	0.0033316901113840617	0.0033316901113840617	0.0034533015879841204	nan
S1_EXCLUDE_BCN12	random_forest	s__Lachnoclostridium_sp_An131	9	9	1.0	0.0033071121516453908	0.0033071121516453908	0.0033429173817948604	nan
S1_EXCLUDE_BCN12	random_forest	s__Clostridium_sp_AF34_10BH	9	9	1.0	0.003305157815006919	0.003305157815006919	0.003432325865235016	nan
S1_EXCLUDE_BCN12	random_forest	s__Roseburia_inulinivorans	9	9	1.0	0.0032984354124288877	0.0032984354124288877	0.0032688536119322193	nan
S1_EXCLUDE_BCN12	random_forest	s__Gordonibacter_pamelaeae	9	9	1.0	0.0031979836366682877	0.0031979836366682877	0.0033486844111237746	nan
S1_EXCLUDE_BCN12	random_forest	s__Lactonifactor_sp_BIOML_A6	9	9	1.0	0.0031867210234515987	0.0031867210234515987	0.003731332607139386	nan
S1_EXCLUDE_BCN12	random_forest	s__GGB9616_SGB15051	9	9	1.0	0.0031850061953803727	0.0031850061953803727	0.003057402037606624	nan
S1_EXCLUDE_BCN12	random_forest	s__GGB38744_SGB14842	9	9	1.0	0.0031366574334767685	0.0031366574334767685	0.0027942738181180467	nan
S1_EXCLUDE_BCN12	random_forest	s__Bacteroides_cellulosilyticus	9	9	1.0	0.0031359927214814932	0.0031359927214814932	0.0031852778058661926	nan
S1_EXCLUDE_BCN12	random_forest	s__Bacteroides_xylanisolvens	9	9	1.0	0.0031134163386144767	0.0031134163386144767	0.0034671514561793095	nan
S1_EXCLUDE_BCN12	random_forest	s__Harryflintia_acetispora	9	9	1.0	0.003080363109614833	0.003080363109614833	0.0030756040204298002	nan
S1_EXCLUDE_BCN12	random_forest	s__GGB3321_SGB4394	9	9	1.0	0.0030557426413918296	0.0030557426413918296	0.0025528363790513348	nan
S1_EXCLUDE_BCN12	random_forest	s__Phocea_massiliensis	9	9	1.0	0.0030212837488990513	0.0030212837488990513	0.002778180567271024	nan
S1_EXCLUDE_BCN12	random_forest	s__GGB9719_SGB15272	9	9	1.0	0.0030209002805507996	0.0030209002805507996	0.003243046278131483	nan
S1_EXCLUDE_BCN12	random_forest	s__Massiliimalia_timonensis	9	9	1.0	0.003001242802158353	0.003001242802158353	0.003009812572682744	nan
S1_EXCLUDE_BCN12	random_forest	s__GGB3746_SGB5089	9	9	1.0	0.0029925145763668093	0.0029925145763668093	0.0031171736182956655	nan
S1_EXCLUDE_BCN12	random_forest	s__Ruminococcus_bicirculans	9	9	1.0	0.0029783938018185727	0.0029783938018185727	0.0027082846091382017	nan
S1_EXCLUDE_BCN12	random_forest	s__Anaeromassilibacillus_sp_An250	9	9	1.0	0.0029783169141322542	0.0029783169141322542	0.0027050842834998846	nan
S1_EXCLUDE_BCN12	random_forest	s__Romboutsia_timonensis	9	9	1.0	0.002970831831274771	0.002970831831274771	0.0028033041147396865	nan
S1_EXCLUDE_BCN12	random_forest	s__Dielma_fastidiosa	9	9	1.0	0.0029649905654492645	0.0029649905654492645	0.0027422315564462328	nan
S1_EXCLUDE_BCN12	random_forest	s__Methylobacterium_SGB15164	9	9	1.0	0.0029521560324020724	0.0029521560324020724	0.0028025439918917595	nan
S1_EXCLUDE_BCN12	random_forest	s__Erysipelatoclostridium_ramosum	9	9	1.0	0.0029317437570474053	0.0029317437570474053	0.0028373400556586745	nan
S1_EXCLUDE_BCN12	random_forest	s__Agathobaculum_butyriciproducens	9	9	1.0	0.0029237705139261534	0.0029237705139261534	0.0032810635909332527	nan
S1_EXCLUDE_BCN12	random_forest	s__Collinsella_aerofaciens	9	9	1.0	0.0028887194456377802	0.0028887194456377802	0.002284827202652101	nan
S1_EXCLUDE_BCN12	random_forest	s__Pseudoflavonifractor_gallinarum	9	9	1.0	0.0028846140473714303	0.0028846140473714303	0.0029052510510447272	nan
S1_EXCLUDE_BCN12	random_forest	s__Bacteroides_faecis	9	9	1.0	0.0028737165488539928	0.0028737165488539928	0.003185726182384113	nan
S1_EXCLUDE_BCN12	random_forest	s__Coprococcus_catus	9	9	1.0	0.002858284555241438	0.002858284555241438	0.003116084100845877	nan
S1_EXCLUDE_BCN12	random_forest	s__Alistipes_sp_AF17_16	9	9	1.0	0.0028569266035371834	0.0028569266035371834	0.0025121518877198362	nan
S1_EXCLUDE_BCN12	random_forest	s__Clostridium_sp_AF20_17LB	9	9	1.0	0.002849970305768076	0.002849970305768076	0.0027581554964819658	nan
S1_EXCLUDE_BCN12	random_forest	s__Anaerotruncus_massiliensis	9	9	1.0	0.0028470815082381495	0.0028470815082381495	0.002842212527958828	nan
S1_EXCLUDE_BCN12	random_forest	s__Clostridium_sp_AM33_3	9	9	1.0	0.0028435095654298667	0.0028435095654298667	0.0030456155719549008	nan
S1_EXCLUDE_BCN12	random_forest	s__Bacteroides_salyersiae	9	9	1.0	0.0028391038055070785	0.0028391038055070785	0.00306113697507064	nan
S1_EXCLUDE_BCN12	random_forest	s__Bacteroides_eggerthii	9	9	1.0	0.0028326129874596028	0.0028326129874596028	0.0025420512854880716	nan
S1_EXCLUDE_BCN12	random_forest	s__Eggerthella_lenta	9	9	1.0	0.002813877836078733	0.002813877836078733	0.0025647870722947026	nan
S1_EXCLUDE_BCN12	random_forest	s__Bifidobacterium_longum	9	9	1.0	0.0028127422840739627	0.0028127422840739627	0.0026622654249735186	nan
S1_EXCLUDE_BCN12	random_forest	s__Collinsella_SGB14861	9	9	1.0	0.002807756772172152	0.002807756772172152	0.002611092309721811	nan
S1_EXCLUDE_BCN12	random_forest	s__Holdemania_massiliensis	9	9	1.0	0.0028063929695500084	0.0028063929695500084	0.0025511680980983753	nan
S1_EXCLUDE_BCN12	random_forest	s__GGB9345_SGB14311	9	9	1.0	0.0027935657075593427	0.0027935657075593427	0.0030106648800721954	nan
S1_EXCLUDE_BCN12	random_forest	s__Prevotella_copri_clade_A	9	9	1.0	0.0027919006184916727	0.0027919006184916727	0.002524629892697402	nan
S1_EXCLUDE_BCN12	random_forest	s__Mediterraneibacter_butyricigenes	9	9	1.0	0.002791818483581419	0.002791818483581419	0.0029929852418570484	nan
S1_EXCLUDE_BCN12	random_forest	s__Clostridium_fessum	9	9	1.0	0.00278371155876667	0.00278371155876667	0.00288564799421164	nan
S1_EXCLUDE_BCN12	random_forest	s__Actinomyces_oris	9	9	1.0	0.002783492230435584	0.002783492230435584	0.002856348572425655	nan
S1_EXCLUDE_BCN12	random_forest	s__GGB80011_SGB15265	9	9	1.0	0.002779823514996489	0.002779823514996489	0.0023963902836980602	nan
S1_EXCLUDE_BCN12	random_forest	s__Escherichia_coli	9	9	1.0	0.002775887435571542	0.002775887435571542	0.002753786502041996	nan
S1_EXCLUDE_BCN12	random_forest	s__GGB9767_SGB15385	9	9	1.0	0.002773011517048994	0.002773011517048994	0.0022355810797649494	nan
S1_EXCLUDE_BCN12	random_forest	s__GGB3444_SGB4594	9	9	1.0	0.0027513669622088077	0.0027513669622088077	0.002533472414260603	nan
S1_EXCLUDE_BCN12	random_forest	s__GGB9724_SGB15278	9	9	1.0	0.0027285488400672813	0.0027285488400672813	0.0023227555024672875	nan
S1_EXCLUDE_BCN12	random_forest	s__Clostridium_sp_AM49_4BH	9	9	1.0	0.002720090582873515	0.002720090582873515	0.002743555556023892	nan
S1_EXCLUDE_BCN12	random_forest	s__Phascolarctobacterium_faecium	9	9	1.0	0.0027172429437742067	0.0027172429437742067	0.002750782098315006	nan
S1_EXCLUDE_BCN12	random_forest	s__Bacteroides_caccae	9	9	1.0	0.002706584508778148	0.002706584508778148	0.0025779117963759977	nan
S1_EXCLUDE_BCN12	random_forest	s__Ruminococcus_bromii	9	9	1.0	0.0027058067839216327	0.0027058067839216327	0.002474545240629093	nan
S1_EXCLUDE_BCN12	random_forest	s__GGB3277_SGB4327	9	9	1.0	0.0027030664084502424	0.0027030664084502424	0.0026994796167751065	nan
S1_EXCLUDE_BCN12	random_forest	s__GGB52130_SGB14966	9	9	1.0	0.0026855223446047988	0.0026855223446047988	0.002583134084851132	nan
S1_EXCLUDE_BCN12	random_forest	s__Bacteroides_thetaiotaomicron	9	9	1.0	0.0026660537468375604	0.0026660537468375604	0.002397462257058247	nan
S1_EXCLUDE_BCN12	random_forest	s__Paraprevotella_clara	9	9	1.0	0.0026645068956231907	0.0026645068956231907	0.002386533798057369	nan
S1_EXCLUDE_BCN12	random_forest	s__Clostridium_butyricum	9	9	1.0	0.0026257426248325437	0.0026257426248325437	0.0029058184023060983	nan
S1_EXCLUDE_BCN12	random_forest	s__Alistipes_communis	9	9	1.0	0.0026179847794201116	0.0026179847794201116	0.002587468626461721	nan
S1_EXCLUDE_BCN12	random_forest	s__Faecalicatena_fissicatena	9	9	1.0	0.002606765498339958	0.002606765498339958	0.0028331623151985168	nan
S1_EXCLUDE_BCN12	random_forest	s__Veillonella_dispar	9	9	1.0	0.002605058503657195	0.002605058503657195	0.002468772844746584	nan
S1_EXCLUDE_BCN12	random_forest	s__GGB3510_SGB4687	9	9	1.0	0.00259774934019691	0.00259774934019691	0.0024938621410775788	nan
S1_EXCLUDE_BCN12	random_forest	s__Oscillibacter_sp_ER4	9	9	1.0	0.002574735627667737	0.002574735627667737	0.00252263256324293	nan
S1_EXCLUDE_BCN12	random_forest	s__Mogibacterium_sp_BX12	9	9	1.0	0.002545806863142387	0.002545806863142387	0.002714969788582817	nan
S1_EXCLUDE_BCN12	random_forest	s__Lachnospira_eligens	9	9	1.0	0.0025436506944466726	0.0025436506944466726	0.002649966310119536	nan
S1_EXCLUDE_BCN12	random_forest	s__Massilimicrobiota_timonensis	9	9	1.0	0.0025348264504210963	0.0025348264504210963	0.0024620900045478882	nan
S1_EXCLUDE_BCN12	random_forest	s__Bacteroides_fragilis	9	9	1.0	0.002531538494371117	0.002531538494371117	0.0030714650468557383	nan
S1_EXCLUDE_BCN12	random_forest	s__GGB3061_SGB4063	9	9	1.0	0.002518641718274214	0.002518641718274214	0.002601031976544252	nan
S1_EXCLUDE_BCN12	random_forest	s__Clostridium_sp_AF36_4	9	9	1.0	0.0025116258979304535	0.0025116258979304535	0.0025855033167267133	nan
S1_EXCLUDE_BCN12	random_forest	s__Phocaeicola_dorei	9	9	1.0	0.0025098579588502604	0.0025098579588502604	0.0026152372792253298	nan
S1_EXCLUDE_BCN12	random_forest	s__GGB3819_SGB5184	9	9	1.0	0.002505417488019324	0.002505417488019324	0.0022910205014011714	nan
S1_EXCLUDE_BCN12	random_forest	s__GGB9699_SGB15216	9	9	1.0	0.0025029941971172463	0.0025029941971172463	0.002724746515412439	nan
S1_EXCLUDE_BCN12	random_forest	s__Bifidobacterium_adolescentis	9	9	1.0	0.0024959740880466136	0.0024959740880466136	0.0024824683408969208	nan
S1_EXCLUDE_BCN12	random_forest	s__Anaerosacchariphilus_sp_NSJ_68	8	8	1.0	0.0024899901693813437	0.0024899901693813437	0.002713968238604981	nan
S1_EXCLUDE_BCN12	random_forest	s__Bacteroides_uniformis	9	9	1.0	0.0024765084097484627	0.0024765084097484627	0.0023106268396413075	nan
S1_EXCLUDE_BCN12	random_forest	s__Anaerobutyricum_soehngenii	9	9	1.0	0.002475876725480137	0.002475876725480137	0.002436208355270881	nan
S1_EXCLUDE_BCN12	random_forest	s__Streptococcus_vestibularis	9	9	1.0	0.002474157135843965	0.002474157135843965	0.0024490755783329477	nan
S1_EXCLUDE_BCN12	random_forest	s__GGB2653_SGB3574	9	9	1.0	0.0024708880401139444	0.0024708880401139444	0.00230496033466713	nan
S1_EXCLUDE_BCN12	random_forest	s__GGB9453_SGB14844	9	9	1.0	0.00247026250035435	0.00247026250035435	0.002261928405026838	nan
S1_EXCLUDE_BCN12	random_forest	s__Ligilactobacillus_ruminis	1	1	1.0	0.002469730157703962	0.002469730157703962	0.002469730157703962	nan
S1_EXCLUDE_BCN12	random_forest	s__GGB9787_SGB15410	9	9	1.0	0.002459574845674474	0.002459574845674474	0.0018000210050220617	nan
S1_EXCLUDE_BCN12	random_forest	s__GGB2998_SGB3989	9	9	1.0	0.0024512375728288557	0.0024512375728288557	0.002327399753153859	nan
S1_EXCLUDE_BCN12	random_forest	s__Dorea_sp_AF24_7LB	9	9	1.0	0.002448512093418987	0.002448512093418987	0.0022365344834287754	nan
S1_EXCLUDE_BCN12	random_forest	s__Butyricicoccus_sp_AM29_23AC	9	9	1.0	0.0024432992554431674	0.0024432992554431674	0.002262296020243537	nan
S1_EXCLUDE_BCN12	random_forest	s__Alistipes_shahii	9	9	1.0	0.002436348339112249	0.002436348339112249	0.0025941119161055413	nan
S1_EXCLUDE_BCN12	random_forest	s__Butyricimonas_paravirosa	9	9	1.0	0.0024268536581877054	0.0024268536581877054	0.0027084678080491497	nan
S1_EXCLUDE_BCN12	random_forest	s__Holdemanella_porci	9	9	1.0	0.002418129375914393	0.002418129375914393	0.0025113018212134367	nan
S1_EXCLUDE_BCN12	random_forest	s__Lachnotalea_sp_AF33_28	9	9	1.0	0.002417553654867499	0.002417553654867499	0.0026294839203570525	nan
S1_EXCLUDE_BCN12	random_forest	s__Coprococcus_comes	9	9	1.0	0.002405104419670186	0.002405104419670186	0.0023518665460432932	nan
S1_EXCLUDE_BCN12	random_forest	s__Anaerobutyricum_hallii	9	9	1.0	0.002397847837566192	0.002397847837566192	0.002577677643491914	nan
S1_EXCLUDE_BCN12	random_forest	s__Roseburia_intestinalis	9	9	1.0	0.002389461015874758	0.002389461015874758	0.0024285763787524083	nan
S1_EXCLUDE_BCN12	random_forest	s__Coprococcus_SGB4669	9	9	1.0	0.0023889330341785022	0.0023889330341785022	0.002110137062164717	nan
S1_EXCLUDE_BCN12	random_forest	s__Clostridium_sp_AF34_13	9	9	1.0	0.002384611987288195	0.002384611987288195	0.0025929648294427754	nan
S1_EXCLUDE_BCN12	random_forest	s__Dysosmobacter_sp_NSJ_60	9	9	1.0	0.0023844436121623763	0.0023844436121623763	0.0023242455639933086	nan
S1_EXCLUDE_BCN12	random_forest	s__Candidatus_Cibionibacter_quicibialis	9	9	1.0	0.0023836757966357617	0.0023836757966357617	0.0025180788880739113	nan
S1_EXCLUDE_BCN12	random_forest	s__Rheinheimera_SGB14999	9	9	1.0	0.0023735316881219647	0.0023735316881219647	0.0023683704722877496	nan
S1_EXCLUDE_BCN12	random_forest	s__Eubacterium_ramulus	9	9	1.0	0.002372976508573059	0.002372976508573059	0.0024487528704479787	nan
S1_EXCLUDE_BCN12	random_forest	s__Clostridium_SGB4648	9	9	1.0	0.002367457894560507	0.002367457894560507	0.0021169019806546374	nan
S1_EXCLUDE_BCN12	random_forest	s__Clostridium_scindens	9	9	1.0	0.0023607645252370388	0.0023607645252370388	0.0023524476251179332	nan
S1_EXCLUDE_BCN12	random_forest	s__Blautia_faecis	9	9	1.0	0.0023587632878903533	0.0023587632878903533	0.002428846668463708	nan
S1_EXCLUDE_BCN12	random_forest	s__Clostridium_symbiosum	9	9	1.0	0.0023478455758924855	0.0023478455758924855	0.0020201228524311344	nan
S1_EXCLUDE_BCN12	random_forest	s__GGB9621_SGB15073	9	9	1.0	0.0023342762411324765	0.0023342762411324765	0.002016436398549593	nan
S1_EXCLUDE_BCN12	random_forest	s__Streptococcus_sanguinis	9	9	1.0	0.0023338218162158985	0.0023338218162158985	0.0022302774371614716	nan
S1_EXCLUDE_BCN12	random_forest	s__GGB3005_SGB3996	9	9	1.0	0.002327897526363479	0.002327897526363479	0.0020376580624572914	nan
S1_EXCLUDE_BCN12	random_forest	s__Bacteroides_ovatus	9	9	1.0	0.002324612190940346	0.002324612190940346	0.0022101118785089104	nan
S1_EXCLUDE_BCN12	random_forest	s__GGB9176_SGB14114	9	9	1.0	0.002322645077738923	0.002322645077738923	0.002344888013493421	nan
S1_EXCLUDE_BCN12	random_forest	s__Streptococcus_thermophilus	9	9	1.0	0.002316895019881048	0.002316895019881048	0.002034021795473488	nan
S1_EXCLUDE_BCN12	random_forest	s__Anaerofilum_sp_BX8	9	9	1.0	0.0023152905607822585	0.0023152905607822585	0.002395177026645569	nan
S1_EXCLUDE_BCN12	random_forest	s__GGB9759_SGB15370	9	9	1.0	0.002298911765462248	0.002298911765462248	0.0023013731705442387	nan
S1_EXCLUDE_BCN12	random_forest	s__Alistipes_ihumii	9	9	1.0	0.002283936609187242	0.002283936609187242	0.00247560035762986	nan
S1_EXCLUDE_BCN12	random_forest	s__GGB3256_SGB4303	9	9	1.0	0.0022780998653364384	0.0022780998653364384	0.002318199647220433	nan
S1_EXCLUDE_BCN12	random_forest	s__Clostridium_SGB6179	9	9	1.0	0.0022618425604656444	0.0022618425604656444	0.0024793779188361643	nan
S1_EXCLUDE_BCN12	random_forest	s__GGB9694_SGB15204	9	9	1.0	0.0022507563398058315	0.0022507563398058315	0.0021917871682110308	nan
S1_EXCLUDE_BCN12	random_forest	s__Clostridium_sp_Marseille_P3244	9	9	1.0	0.0022401529510913715	0.0022401529510913715	0.002285602322378641	nan
S1_EXCLUDE_BCN12	random_forest	s__Ruthenibacterium_lactatiformans	9	9	1.0	0.0022367867411375386	0.0022367867411375386	0.002456876421372769	nan
S1_EXCLUDE_BCN12	random_forest	s__Blautia_glucerasea	9	9	1.0	0.002236376925163402	0.002236376925163402	0.0024081581863693614	nan
S1_EXCLUDE_BCN12	random_forest	s__GGB33469_SGB15236	9	9	1.0	0.0022301647082584117	0.0022301647082584117	0.0020606586667297005	nan
S1_EXCLUDE_BCN12	random_forest	s__Bifidobacterium_dentium	9	9	1.0	0.002222849371019715	0.002222849371019715	0.0021498281262578517	nan
S1_EXCLUDE_BCN12	random_forest	s__Barnesiella_intestinihominis	9	9	1.0	0.002221314141733765	0.002221314141733765	0.0019186809156418775	nan
S1_EXCLUDE_BCN12	random_forest	s__Bifidobacterium_bifidum	9	9	1.0	0.002216062492772403	0.002216062492772403	0.0022297113443230337	nan
S1_EXCLUDE_BCN12	random_forest	s__Gordonibacter_urolithinfaciens	9	9	1.0	0.002213477940022677	0.002213477940022677	0.0021180324222553506	nan
S1_EXCLUDE_BCN12	random_forest	s__GGB51647_SGB4348	9	9	1.0	0.0022131967380280265	0.0022131967380280265	0.002035249040046864	nan
S1_EXCLUDE_BCN12	random_forest	s__Blautia_luti	9	9	1.0	0.0022109502939080647	0.0022109502939080647	0.0024553187283719263	nan
S1_EXCLUDE_BCN12	random_forest	s__Lactococcus_lactis	9	9	1.0	0.0022103157014422546	0.0022103157014422546	0.0023578170576018125	nan
S1_EXCLUDE_BCN12	random_forest	s__Anaerotignum_faecicola	9	9	1.0	0.002209353416567539	0.002209353416567539	0.002102349207412556	nan
S1_EXCLUDE_BCN12	random_forest	s__GGB9342_SGB14306	9	9	1.0	0.002208665955986055	0.002208665955986055	0.002115983971974892	nan
S1_EXCLUDE_BCN12	random_forest	s__Butyricimonas_virosa	9	9	1.0	0.0022027374300902874	0.0022027374300902874	0.0022882075981614596	nan
S1_EXCLUDE_BCN12	random_forest	s__Christensenella_minuta	9	9	1.0	0.00218297159443756	0.00218297159443756	0.0019774429216236154	nan
S1_EXCLUDE_BCN12	random_forest	s__Blautia_caecimuris	9	9	1.0	0.002179225945946591	0.002179225945946591	0.0022978924581205785	nan
S1_EXCLUDE_BCN12	random_forest	s__GGB79734_SGB15291	9	9	1.0	0.0021711277260457063	0.0021711277260457063	0.0018986744792268736	nan
S1_EXCLUDE_BCN12	random_forest	s__GGB79998_SGB48024	1	1	1.0	0.0021695643359194478	0.0021695643359194478	0.0021695643359194478	nan
S1_EXCLUDE_BCN12	random_forest	s__Lachnospira_pectinoschiza	9	9	1.0	0.002164469562152293	0.002164469562152293	0.0020667439736761287	nan
S1_EXCLUDE_BCN12	random_forest	s__Clostridium_sp_AF12_28	9	9	1.0	0.0021582597442403955	0.0021582597442403955	0.002260663992204181	nan
S1_EXCLUDE_BCN12	random_forest	s__GGB9627_SGB15081	9	9	1.0	0.002156058089728714	0.002156058089728714	0.001871337695490806	nan
S1_EXCLUDE_BCN12	random_forest	s__Butyricimonas_SGB15260	9	9	1.0	0.002137260292598796	0.002137260292598796	0.0022775351075749167	nan
S1_EXCLUDE_BCN12	random_forest	s__Enterocloster_bolteae	9	9	1.0	0.0021348869745622255	0.0021348869745622255	0.002046948275592663	nan
S1_EXCLUDE_BCN12	random_forest	s__GGB3815_SGB5180	2	2	1.0	0.0021328831798493805	0.0021328831798493805	0.0021328831798493805	nan
S1_EXCLUDE_BCN12	random_forest	s__Anaerotruncus_rubiinfantis	9	9	1.0	0.002118161869521503	0.002118161869521503	0.0022737503535535876	nan
S1_EXCLUDE_BCN12	random_forest	s__Enterocloster_lavalensis	9	9	1.0	0.002108126352188439	0.002108126352188439	0.002097670164109895	nan
S1_EXCLUDE_BCN12	random_forest	s__Blautia_SGB4815	9	9	1.0	0.00208291534386574	0.00208291534386574	0.00232991273688275	nan
S1_EXCLUDE_BCN12	random_forest	s__Blautia_obeum	9	9	1.0	0.0020770284801317858	0.0020770284801317858	0.002065022135514617	nan
S1_EXCLUDE_BCN12	random_forest	s__Phocaeicola_massiliensis	9	9	1.0	0.0020768247489319092	0.0020768247489319092	0.0021007221649287115	nan
S1_EXCLUDE_BCN12	random_forest	s__GGB3818_SGB5183	1	1	1.0	0.002074040983259649	0.002074040983259649	0.002074040983259649	nan
S1_EXCLUDE_BCN12	random_forest	s__Phascolarctobacterium_SGB4573	9	9	1.0	0.0020735547890189483	0.0020735547890189483	0.00202557231697461	nan
S1_EXCLUDE_BCN12	random_forest	s__GGB9760_SGB15373	9	9	1.0	0.0020644935749494506	0.0020644935749494506	0.0019514461445074602	nan
S1_EXCLUDE_BCN12	random_forest	s__Eisenbergiella_massiliensis	9	9	1.0	0.002063564825414769	0.002063564825414769	0.001910933021636806	nan
S1_EXCLUDE_BCN12	random_forest	s__Turicibacter_sanguinis	9	9	1.0	0.0020414686279674184	0.0020414686279674184	0.0021849714091816946	nan
S1_EXCLUDE_BCN12	random_forest	s__GGB3653_SGB4964	9	9	1.0	0.002040267747496596	0.002040267747496596	0.0020664903887600544	nan
S1_EXCLUDE_BCN12	random_forest	s__GGB3175_SGB4191	9	9	1.0	0.002032249364877116	0.002032249364877116	0.0019322546524602228	nan
S1_EXCLUDE_BCN12	random_forest	s__GGB34900_SGB14891	9	9	1.0	0.002025119932296674	0.002025119932296674	0.0017481739972033676	nan
S1_EXCLUDE_BCN12	random_forest	s__Faecalibacterium_SGB15315	9	9	1.0	0.0020222741007525965	0.0020222741007525965	0.002252025551110785	nan
S1_EXCLUDE_BCN12	random_forest	s__Collinsella_SGB4121	9	9	1.0	0.0019905863627790316	0.0019905863627790316	0.0021340623961405986	nan
S1_EXCLUDE_BCN12	random_forest	s__Bacteroides_finegoldii	9	9	1.0	0.0019902423032726307	0.0019902423032726307	0.002103590175793378	nan
S1_EXCLUDE_BCN12	random_forest	s__Hydrogenoanaerobacterium_saccharovorans	9	9	1.0	0.0019849065692250046	0.0019849065692250046	0.0018556064910813918	nan
S1_EXCLUDE_BCN12	random_forest	s__GGB9614_SGB15049	9	9	1.0	0.0019812473338670154	0.0019812473338670154	0.0018751710844411784	nan
S1_EXCLUDE_BCN12	random_forest	s__GGB58233_SGB79883	9	9	1.0	0.001978333091761727	0.001978333091761727	0.0019167071762820223	nan
S1_EXCLUDE_BCN12	random_forest	s__GGB9512_SGB14909	9	9	1.0	0.001970161289020415	0.001970161289020415	0.0021050146413492034	nan
S1_EXCLUDE_BCN12	random_forest	s__Clostridium_sp_AT4	9	9	1.0	0.001963152922038263	0.001963152922038263	0.0017377216394132873	nan
S1_EXCLUDE_BCN12	random_forest	s__Dorea_longicatena	9	9	1.0	0.0019623771035823185	0.0019623771035823185	0.0019562943745379388	nan
S1_EXCLUDE_BCN12	random_forest	s__Bifidobacterium_catenulatum	8	8	1.0	0.0019614692173823825	0.0019614692173823825	0.0019338427622603274	nan
S1_EXCLUDE_BCN12	random_forest	s__GGB9619_SGB15067	9	9	1.0	0.0019598611447613195	0.0019598611447613195	0.001950183568078126	nan
S1_EXCLUDE_BCN12	random_forest	s__GGB9719_SGB15273	9	9	1.0	0.0019542077969851965	0.0019542077969851965	0.0017480309246959995	nan
S1_EXCLUDE_BCN12	random_forest	s__Alistipes_indistinctus	9	9	1.0	0.0019386650685342445	0.0019386650685342445	0.0017247325898003707	nan
S1_EXCLUDE_BCN12	random_forest	s__Bifidobacterium_pseudocatenulatum	9	9	1.0	0.0019102791648285633	0.0019102791648285633	0.001799627418410645	nan
S1_EXCLUDE_BCN12	random_forest	s__Coprococcus_eutactus	9	9	1.0	0.0019096751999118004	0.0019096751999118004	0.002021339854562478	nan
S1_EXCLUDE_BCN12	random_forest	s__Bacteroides_intestinalis	9	9	1.0	0.00189734596884327	0.00189734596884327	0.0018176378893102127	nan
S1_EXCLUDE_BCN12	random_forest	s__Coprobacter_fastidiosus	9	9	1.0	0.0018967878809031005	0.0018967878809031005	0.0014982570177945386	nan
S1_EXCLUDE_BCN12	random_forest	s__Eubacterium_ventriosum	9	9	1.0	0.00189083357209537	0.00189083357209537	0.002093698167556818	nan
S1_EXCLUDE_BCN12	random_forest	s__GGB14025_SGB14906	9	9	1.0	0.0018883811344036243	0.0018883811344036243	0.001703118035808422	nan
S1_EXCLUDE_BCN12	random_forest	s__Mediterraneibacter_massiliensis	9	9	1.0	0.001882382143155233	0.001882382143155233	0.0018943249848962867	nan
S1_EXCLUDE_BCN12	random_forest	s__Blautia_sp_MSK_20_85	9	9	1.0	0.0018815310673945837	0.0018815310673945837	0.001764083317129101	nan
S1_EXCLUDE_BCN12	random_forest	s__GGB9635_SGB15106	9	9	1.0	0.001880979714277808	0.001880979714277808	0.001820616792132636	nan
S1_EXCLUDE_BCN12	random_forest	s__GGB9713_SGB15249	9	9	1.0	0.0018805037629845815	0.0018805037629845815	0.002018720210307261	nan
S1_EXCLUDE_BCN12	random_forest	s__Turicibacter_bilis	9	9	1.0	0.001877418189563736	0.001877418189563736	0.0016089587913872177	nan
S1_EXCLUDE_BCN12	random_forest	s__GGB3614_SGB4886	9	9	1.0	0.0018759882414619447	0.0018759882414619447	0.0018794541124057	nan
S1_EXCLUDE_BCN12	random_forest	s__Faecalibacillus_faecis	9	9	1.0	0.0018740279802783426	0.0018740279802783426	0.0016830346843408931	nan
S1_EXCLUDE_BCN12	random_forest	s__GGB3570_SGB4777	9	9	1.0	0.0018715424012273353	0.0018715424012273353	0.0016424015217799863	nan
S1_EXCLUDE_BCN12	random_forest	s__Enterococcus_SGB6173	9	9	1.0	0.0018688227980734676	0.0018688227980734676	0.0017826589682282635	nan
S1_EXCLUDE_BCN12	random_forest	s__Holdemania_sp_1001095H_141210_F2	9	9	1.0	0.001868473116900454	0.001868473116900454	0.0019079708005909001	nan
S1_EXCLUDE_BCN12	random_forest	s__Massilioclostridium_coli	9	9	1.0	0.001861565855227831	0.001861565855227831	0.001938939801530933	nan
S1_EXCLUDE_BCN12	random_forest	s__Dialister_invisus	9	9	1.0	0.0018580824231060724	0.0018580824231060724	0.001974113286630859	nan
S1_EXCLUDE_BCN12	random_forest	s__GGB9602_SGB15031	9	9	1.0	0.0018425816845323126	0.0018425816845323126	0.0017559716118689976	nan
S1_EXCLUDE_BCN12	random_forest	s__Phascolarctobacterium_succinatutens	9	9	1.0	0.0018418463598998379	0.0018418463598998379	0.0018262831491334482	nan
S1_EXCLUDE_BCN12	random_forest	s__Dorea_sp_AF36_15AT	9	9	1.0	0.0018404980032802876	0.0018404980032802876	0.0016676166409203108	nan
S1_EXCLUDE_BCN12	random_forest	s__Clostridium_sp_NSJ_42	9	9	1.0	0.0018403495441214413	0.0018403495441214413	0.0015359213542680472	nan
S1_EXCLUDE_BCN12	random_forest	s__GGB52106_SGB72838	9	9	1.0	0.0018394543540122825	0.0018394543540122825	0.001732969432119141	nan
S1_EXCLUDE_BCN12	random_forest	s__Blautia_wexlerae	9	9	1.0	0.0018377850331400712	0.0018377850331400712	0.0018174220805200877	nan
S1_EXCLUDE_BCN12	random_forest	s__Christensenella_sp_Marseille_P3954	7	7	1.0	0.0018318356416123177	0.0018318356416123177	0.0015424197256104243	nan
S1_EXCLUDE_BCN12	random_forest	s__GGB2980_SGB3962	9	9	1.0	0.0018283833553687685	0.0018283833553687685	0.0016707550276180679	nan
S1_EXCLUDE_BCN12	random_forest	s__GGB9765_SGB15382	9	9	1.0	0.0018210136700934501	0.0018210136700934501	0.0017745551823767987	nan
S1_EXCLUDE_BCN12	random_forest	s__Catenibacillus_scindens	9	9	1.0	0.0018199682681608468	0.0018199682681608468	0.001835633290443875	nan
S1_EXCLUDE_BCN12	random_forest	s__GGB9634_SGB15093	9	9	1.0	0.0018192042411033563	0.0018192042411033563	0.0017340334010761147	nan
S1_EXCLUDE_BCN12	random_forest	s__Flavonifractor_plautii	9	9	1.0	0.0018180819891807677	0.0018180819891807677	0.0017706022276188032	nan
S1_EXCLUDE_BCN12	random_forest	s__GGB9770_SGB15390	9	9	1.0	0.0018170543878047328	0.0018170543878047328	0.0017027457751349732	nan
S1_EXCLUDE_BCN12	random_forest	s__Acidaminococcus_intestini	9	9	1.0	0.0018114860915774634	0.0018114860915774634	0.0017717357368747895	nan
S1_EXCLUDE_BCN12	random_forest	s__Odoribacter_splanchnicus	9	9	1.0	0.0018108907458668862	0.0018108907458668862	0.001803031984905436	nan
S1_EXCLUDE_BCN12	random_forest	s__Ruminococcus_sp_BSD2780120874_150323_B10	9	9	1.0	0.001803607176319824	0.001803607176319824	0.001943232072855685	nan
S1_EXCLUDE_BCN12	random_forest	s__GGB9707_SGB15229	9	9	1.0	0.001786877986240568	0.001786877986240568	0.0018253134285813066	nan
S1_EXCLUDE_BCN12	random_forest	s__GGB9775_SGB15395	9	9	1.0	0.0017852044829871955	0.0017852044829871955	0.001809891899108679	nan
S1_EXCLUDE_BCN12	random_forest	s__Longicatena_caecimuris	9	9	1.0	0.0017811324724162855	0.0017811324724162855	0.001575383715766003	nan
S1_EXCLUDE_BCN12	random_forest	s__Eisenbergiella_tayi	9	9	1.0	0.0017740482599663395	0.0017740482599663395	0.0017834311947465306	nan
S1_EXCLUDE_BCN12	random_forest	s__Massiliimalia_massiliensis	9	9	1.0	0.0017718580450927174	0.0017718580450927174	0.0016215834057031237	nan
S1_EXCLUDE_BCN12	random_forest	s__Parasutterella_excrementihominis	9	9	1.0	0.0017712884423321089	0.0017712884423321089	0.0016889717338186775	nan
S1_EXCLUDE_BCN12	random_forest	s__Clostridium_spiroforme	9	9	1.0	0.0017692483048407232	0.0017692483048407232	0.00176160835310029	nan
S1_EXCLUDE_BCN12	random_forest	s__GGB3034_SGB4030	9	9	1.0	0.0017662711015416716	0.0017662711015416716	0.0016946254175847356	nan
S1_EXCLUDE_BCN12	random_forest	s__GGB9290_SGB14247	1	1	1.0	0.0017588077358745365	0.0017588077358745365	0.0017588077358745365	nan
S1_EXCLUDE_BCN12	random_forest	s__GGB9480_SGB14874	9	9	1.0	0.0017568843500854307	0.0017568843500854307	0.001906395008294572	nan
S1_EXCLUDE_BCN12	random_forest	s__Butyricimonas_faecihominis	9	9	1.0	0.0017491343405224404	0.0017491343405224404	0.001580685915936679	nan
S1_EXCLUDE_BCN12	random_forest	s__Hydrogeniiclostidium_mannosilyticum	9	9	1.0	0.0017487577487928874	0.0017487577487928874	0.001596107560595341	nan
S1_EXCLUDE_BCN12	random_forest	s__Blautia_sp_OF03_15BH	9	9	1.0	0.001736525362933324	0.001736525362933324	0.001843122043610634	nan
S1_EXCLUDE_BCN12	random_forest	s__Anaerofustis_stercorihominis	9	9	1.0	0.0017357553987518112	0.0017357553987518112	0.0017258486407091597	nan
S1_EXCLUDE_BCN12	random_forest	s__GGB77437_SGB9391	9	9	1.0	0.0017334617040036292	0.0017334617040036292	0.0017973116897996148	nan
S1_EXCLUDE_BCN12	random_forest	s__Lancefieldella_parvula	9	9	1.0	0.0017302049012118733	0.0017302049012118733	0.00187135575461945	nan
S1_EXCLUDE_BCN12	random_forest	s__GGB9501_SGB14898	9	9	1.0	0.0017211594887882207	0.0017211594887882207	0.0015334075102305387	nan
S1_EXCLUDE_BCN12	random_forest	s__GGB45491_SGB63163	9	9	1.0	0.001719480524192551	0.001719480524192551	0.001876938800584076	nan
S1_EXCLUDE_BCN12	random_forest	s__GGB9063_SGB13982	9	9	1.0	0.0017179468359321476	0.0017179468359321476	0.0016724877569002968	nan
S1_EXCLUDE_BCN12	random_forest	s__GGB9640_SGB15115	9	9	1.0	0.001717837127420721	0.001717837127420721	0.001482776363445812	nan
S1_EXCLUDE_BCN12	random_forest	s__Oscillibacter_sp_NSJ_62	8	8	1.0	0.0017142499546310918	0.0017142499546310918	0.001780319558009159	nan
S1_EXCLUDE_BCN12	random_forest	s__GGB9641_SGB15117	9	9	1.0	0.0017121731873137548	0.0017121731873137548	0.0016962855188150932	nan
S1_EXCLUDE_BCN12	random_forest	s__Senegalimassilia_anaerobia	9	9	1.0	0.0017084231253491548	0.0017084231253491548	0.0016491260177748752	nan
S1_EXCLUDE_BCN12	random_forest	s__GGB9522_SGB14921	9	9	1.0	0.0016979860543014742	0.0016979860543014742	0.001597420211037559	nan
S1_EXCLUDE_BCN12	random_forest	s__GGB9619_SGB15066	9	9	1.0	0.0016896570527637326	0.0016896570527637326	0.001620790977798345	nan
S1_EXCLUDE_BCN12	random_forest	s__GGB9646_SGB15123	9	9	1.0	0.001687192232148889	0.001687192232148889	0.0016343648729777614	nan
S1_EXCLUDE_BCN12	random_forest	s__Sellimonas_intestinalis	9	9	1.0	0.0016847563682754094	0.0016847563682754094	0.0016074577614099276	nan
S1_EXCLUDE_BCN12	random_forest	s__GGB13493_SGB15238	9	9	1.0	0.0016789626235058305	0.0016789626235058305	0.001390166355019336	nan
S1_EXCLUDE_BCN12	random_forest	s__Actinomyces_graevenitzii	9	9	1.0	0.0016778412000372192	0.0016778412000372192	0.0015108960693197297	nan
S1_EXCLUDE_BCN12	random_forest	s__GGB9524_SGB14924	9	9	1.0	0.0016758396101097196	0.0016758396101097196	0.0017716203426174281	nan
S1_EXCLUDE_BCN12	random_forest	s__Candidatus_Borkfalkia_ceftriaxoniphila	9	9	1.0	0.0016723457595363676	0.0016723457595363676	0.001711176432633967	nan
S1_EXCLUDE_BCN12	random_forest	s__Actinomyces_sp_ph3	9	9	1.0	0.0016616317656173137	0.0016616317656173137	0.0016348666715130652	nan
S1_EXCLUDE_BCN12	random_forest	s__GGB9760_SGB15374	9	9	1.0	0.0016594540102833962	0.0016594540102833962	0.0017135087039896269	nan
S1_EXCLUDE_BCN12	random_forest	s__GGB9788_SGB15411	9	9	1.0	0.0016588003517295556	0.0016588003517295556	0.0014815459403570333	nan
S1_EXCLUDE_BCN12	random_forest	s__GGB34797_SGB14322	9	9	1.0	0.0016579102381876062	0.0016579102381876062	0.0016402060346518053	nan
S1_EXCLUDE_BCN12	random_forest	s__GGB2848_SGB3813	9	9	1.0	0.0016571062232848246	0.0016571062232848246	0.0016370718790665805	nan
S1_EXCLUDE_BCN12	random_forest	s__GGB9708_SGB15233	9	9	1.0	0.0016552908266563163	0.0016552908266563163	0.001821151614316554	nan
S1_EXCLUDE_BCN12	random_forest	s__Alistipes_senegalensis	9	9	1.0	0.001652150463989475	0.001652150463989475	0.0014863388321511258	nan
S1_EXCLUDE_BCN12	random_forest	s__GGB51441_SGB71759	9	9	1.0	0.001650344579421369	0.001650344579421369	0.001794370038825878	nan
S1_EXCLUDE_BCN12	random_forest	s__GGB16040_SGB9347	9	9	1.0	0.0016501467464369193	0.0016501467464369193	0.0013842732424347846	nan
S1_EXCLUDE_BCN12	random_forest	s__GGB9781_SGB15402	9	9	1.0	0.0016480331735724935	0.0016480331735724935	0.0016358204720642929	nan
S1_EXCLUDE_BCN12	random_forest	s__GGB3304_SGB4367	9	9	1.0	0.001636923201651097	0.001636923201651097	0.0016551064128532893	nan
S1_EXCLUDE_BCN12	random_forest	s__Monoglobus_pectinilyticus	9	9	1.0	0.0016365338622965086	0.0016365338622965086	0.0017268038623448581	nan
S1_EXCLUDE_BCN12	random_forest	s__Streptococcus_anginosus	9	9	1.0	0.0016288513984756632	0.0016288513984756632	0.001548955896129738	nan
S1_EXCLUDE_BCN12	random_forest	s__Clostridium_sp_AF27_2AA	9	9	1.0	0.001628014484573462	0.001628014484573462	0.001685377463116815	nan
S1_EXCLUDE_BCN12	random_forest	s__GGB80140_SGB15224	9	9	1.0	0.0016266025407130147	0.0016266025407130147	0.0014609373701776275	nan
S1_EXCLUDE_BCN12	random_forest	s__Actinomyces_SGB17168	9	9	1.0	0.0016259154735479863	0.0016259154735479863	0.0017425416013029753	nan
S1_EXCLUDE_BCN12	random_forest	s__GGB10692_SGB17347	7	7	1.0	0.0016102479859887735	0.0016102479859887735	0.0016444305821886594	nan
S1_EXCLUDE_BCN12	random_forest	s__Ruminococcus_lactaris	9	9	1.0	0.0016095413486788617	0.0016095413486788617	0.0017364678407108373	nan
S1_EXCLUDE_BCN12	random_forest	s__Actinomyces_sp_oral_taxon_448	9	9	1.0	0.0016038238940609857	0.0016038238940609857	0.0015384098217195263	nan
S1_EXCLUDE_BCN12	random_forest	s__Bacteroides_clarus	9	9	1.0	0.0015970371796037446	0.0015970371796037446	0.0014381491976812055	nan
S1_EXCLUDE_BCN12	random_forest	s__GGB74463_SGB54347	9	9	1.0	0.0015960787585478314	0.0015960787585478314	0.0015231448762258177	nan
S1_EXCLUDE_BCN12	random_forest	s__Roseburia_sp_AM16_25	9	9	1.0	0.0015945383054954906	0.0015945383054954906	0.0013366972918572083	nan
S1_EXCLUDE_BCN12	random_forest	s__GGB3537_SGB4727	9	9	1.0	0.00159131100043467	0.00159131100043467	0.0015089875623591337	nan
S1_EXCLUDE_BCN12	random_forest	s__Desulfovibrio_SGB5077	9	9	1.0	0.0015907025891610748	0.0015907025891610748	0.0015856317810899433	nan
S1_EXCLUDE_BCN12	random_forest	s__GGB2958_SGB3940	9	9	1.0	0.0015870686147376558	0.0015870686147376558	0.001267624718586329	nan
S1_EXCLUDE_BCN12	random_forest	s__Methanobrevibacter_smithii	9	9	1.0	0.001582933160341001	0.001582933160341001	0.0017603284185240564	nan
S1_EXCLUDE_BCN12	random_forest	s__GGB2977_SGB3959	9	9	1.0	0.0015801843352747126	0.0015801843352747126	0.00114544318567508	nan
S1_EXCLUDE_BCN12	random_forest	s__GGB9770_SGB15389	9	9	1.0	0.0015755772367363069	0.0015755772367363069	0.001621472730920925	nan
S1_EXCLUDE_BCN12	random_forest	s__Pseudoflavonifractor_capillosus	9	9	1.0	0.0015730264397298176	0.0015730264397298176	0.0014759319551200425	nan
S1_EXCLUDE_BCN12	random_forest	s__Blautia_hydrogenotrophica	9	9	1.0	0.00157260108724558	0.00157260108724558	0.001436190564488456	nan
S1_EXCLUDE_BCN12	random_forest	s__GGB9453_SGB14845	9	9	1.0	0.001570580187673785	0.001570580187673785	0.001652738896658899	nan
S1_EXCLUDE_BCN12	random_forest	s__Enterocloster_citroniae	9	9	1.0	0.0015658406221041666	0.0015658406221041666	0.0015283982099481897	nan
S1_EXCLUDE_BCN12	random_forest	s__GGB9781_SGB66170	9	9	1.0	0.0015651745894647753	0.0015651745894647753	0.0016987528103711096	nan
S1_EXCLUDE_BCN12	random_forest	s__GGB3588_SGB4808	9	9	1.0	0.0015639284410735614	0.0015639284410735614	0.0015275929929470624	nan
S1_EXCLUDE_BCN12	random_forest	s__Mogibacterium_diversum	9	9	1.0	0.001558877461197832	0.001558877461197832	0.0014486390242518137	nan
S1_EXCLUDE_BCN12	random_forest	s__Alistipes_dispar	9	9	1.0	0.001552930519612472	0.001552930519612472	0.0016590898995478254	nan
S1_EXCLUDE_BCN12	random_forest	s__Senegalimassilia_SGB14826	1	1	1.0	0.0015517743582382788	0.0015517743582382788	0.0015517743582382788	nan
S1_EXCLUDE_BCN12	random_forest	s__GGB33928_SGB15225	9	9	1.0	0.0015452245853837252	0.0015452245853837252	0.0014582434890074928	nan
S1_EXCLUDE_BCN12	random_forest	s__Ellagibacter_isourolithinifaciens	9	9	1.0	0.0015386125558268533	0.0015386125558268533	0.0015772180604260743	nan
S1_EXCLUDE_BCN12	random_forest	s__GGB2970_SGB3952	9	9	1.0	0.0015332066921735796	0.0015332066921735796	0.0017403404377950948	nan
S1_EXCLUDE_BCN12	random_forest	s__Slackia_isoflavoniconvertens	9	9	1.0	0.0015275454859518126	0.0015275454859518126	0.0015369457312168458	nan
S1_EXCLUDE_BCN12	random_forest	s__GGB9293_SGB14250	9	9	1.0	0.0015238143442406482	0.0015238143442406482	0.0015775073848325243	nan
S1_EXCLUDE_BCN12	random_forest	s__Parabacteroides_goldsteinii	9	9	1.0	0.0015108935377872985	0.0015108935377872985	0.0013905538400220678	nan
S1_EXCLUDE_BCN12	random_forest	s__Clostridium_sp_1001270J_160509_D11	9	9	1.0	0.001506140144467784	0.001506140144467784	0.0016240227696964664	nan
S1_EXCLUDE_BCN12	random_forest	s__Eubacterium_sp_AF34_35BH	9	9	1.0	0.0014987090843827816	0.0014987090843827816	0.0012785380668228151	nan
S1_EXCLUDE_BCN12	random_forest	s__Streptococcus_gordonii	9	9	1.0	0.0014973678569544274	0.0014973678569544274	0.0014170185112879579	nan
S1_EXCLUDE_BCN12	random_forest	s__GGB9474_SGB14868	1	1	1.0	0.001496337450929244	0.001496337450929244	0.001496337450929244	nan
S1_EXCLUDE_BCN12	random_forest	s__Scardovia_wiggsiae	8	8	1.0	0.0014864326196656731	0.0014864326196656731	0.00125508227884069	nan
S1_EXCLUDE_BCN12	random_forest	s__GGB3109_SGB4643	9	9	1.0	0.0014860761286484708	0.0014860761286484708	0.0014720397203155041	nan
S1_EXCLUDE_BCN12	random_forest	s__Streptococcus_oralis	8	8	1.0	0.0014854024191515588	0.0014854024191515588	0.001655022076729728	nan
S1_EXCLUDE_BCN12	random_forest	s__GGB9062_SGB13981	9	9	1.0	0.0014839405430466324	0.0014839405430466324	0.001638198806157767	nan
S1_EXCLUDE_BCN12	random_forest	s__GGB3000_SGB3991	9	9	1.0	0.0014785664432987442	0.0014785664432987442	0.0011654916930682413	nan
S1_EXCLUDE_BCN12	random_forest	s__Lachnospira_sp_NSJ_43	9	9	1.0	0.0014776526661205926	0.0014776526661205926	0.0016249816338329334	nan
S1_EXCLUDE_BCN12	random_forest	s__Limosilactobacillus_fermentum	9	9	1.0	0.001473608825732677	0.001473608825732677	0.00143002851344312	nan
S1_EXCLUDE_BCN12	random_forest	s__GGB9618_SGB15065	8	8	1.0	0.0014728857474421249	0.0014728857474421249	0.0013332579592881743	nan
S1_EXCLUDE_BCN12	random_forest	s__Actinomyces_dentalis	2	2	1.0	0.0014705341485352704	0.0014705341485352704	0.0014705341485352704	nan
S1_EXCLUDE_BCN12	random_forest	s__GGB9758_SGB15368	9	9	1.0	0.0014665382325273367	0.0014665382325273367	0.0012879468128165431	nan
S1_EXCLUDE_BCN12	random_forest	s__Coprobacter_secundus	9	9	1.0	0.0014591077330354954	0.0014591077330354954	0.0013939541728531077	nan
S1_EXCLUDE_BCN12	random_forest	s__Haemophilus_parainfluenzae	9	9	1.0	0.0014493187281496046	0.0014493187281496046	0.0013334420653574811	nan
S1_EXCLUDE_BCN12	random_forest	s__Blautia_faecicola	3	3	1.0	0.001446650577940371	0.001446650577940371	0.001049347877131679	nan
S1_EXCLUDE_BCN12	random_forest	s__Rothia_mucilaginosa	9	9	1.0	0.0014326372835979197	0.0014326372835979197	0.0013775559571915733	nan
S1_EXCLUDE_BCN12	random_forest	s__Isoptericola_variabilis	9	9	1.0	0.0014222994636123294	0.0014222994636123294	0.0014010289449005978	nan
S1_EXCLUDE_BCN12	random_forest	s__Tyzzerella_nexilis	9	9	1.0	0.0014191238588643603	0.0014191238588643603	0.001266592712378927	nan
S1_EXCLUDE_BCN12	random_forest	s__GGB80011_SGB15267	9	9	1.0	0.0014175010668119178	0.0014175010668119178	0.0012820840235663576	nan
S1_EXCLUDE_BCN12	random_forest	s__Cuneatibacter_caecimuris	8	8	1.0	0.0014132915763374041	0.0014132915763374041	0.0013932985406468926	nan
S1_EXCLUDE_BCN12	random_forest	s__Mediterraneibacter_SGB48424	9	9	1.0	0.0014128466955091136	0.0014128466955091136	0.0014856852257879517	nan
S1_EXCLUDE_BCN12	random_forest	s__GGB9559_SGB14969	9	9	1.0	0.0014109160378479417	0.0014109160378479417	0.0014523396169009788	nan
S1_EXCLUDE_BCN12	random_forest	s__Bacteroides_nordii	9	9	1.0	0.001410871009084034	0.001410871009084034	0.0013258572199003951	nan
S1_EXCLUDE_BCN12	random_forest	s__GGB9790_SGB15413	9	9	1.0	0.0014075340687663195	0.0014075340687663195	0.0012200390822318264	nan
S1_EXCLUDE_BCN12	random_forest	s__GGB45497_SGB63169	9	9	1.0	0.0014062823986403165	0.0014062823986403165	0.001488071565404848	nan
S1_EXCLUDE_BCN12	random_forest	s__Actinomyces_sp_ICM47	9	9	1.0	0.0013940992485679358	0.0013940992485679358	0.0013549816281953877	nan
S1_EXCLUDE_BCN12	random_forest	s__GGB35068_SGB47850	9	9	1.0	0.0013934293744937507	0.0013934293744937507	0.0011617392392889844	nan
S1_EXCLUDE_BCN12	random_forest	s__Mediterraneibacter_glycyrrhizinilyticus	9	9	1.0	0.0013929596984706776	0.0013929596984706776	0.0014874184968411879	nan
S1_EXCLUDE_BCN12	random_forest	s__GGB9712_SGB15244	9	9	1.0	0.0013894918433329105	0.0013894918433329105	0.0013483545040150107	nan
S1_EXCLUDE_BCN12	random_forest	s__GGB9762_SGB15377	4	4	1.0	0.001386236678363063	0.001386236678363063	0.0014279716054091834	nan
S1_EXCLUDE_BCN12	random_forest	s__Parabacteroides_johnsonii	6	6	1.0	0.001378463946265696	0.001378463946265696	0.0012283134135172616	nan
S1_EXCLUDE_BCN12	random_forest	s__Staphylococcus_SGB6340	9	9	1.0	0.0013725026968916987	0.0013725026968916987	0.0010910245453740154	nan
S1_EXCLUDE_BCN12	random_forest	s__Lacrimispora_saccharolytica	9	9	1.0	0.00136582166635806	0.00136582166635806	0.001407035764331468	nan
S1_EXCLUDE_BCN12	random_forest	s__GGB33512_SGB15203	9	9	1.0	0.001365189774847821	0.001365189774847821	0.0013037476607054756	nan
S1_EXCLUDE_BCN12	random_forest	s__GGB3475_SGB4638	8	8	1.0	0.001364731779317798	0.001364731779317798	0.001390971135807697	nan
S1_EXCLUDE_BCN12	random_forest	s__GGB6612_SGB9346	9	9	1.0	0.0013645046975850035	0.0013645046975850035	0.001283240428837172	nan
S1_EXCLUDE_BCN12	random_forest	s__Actinomyces_naeslundii	9	9	1.0	0.0013601089302279373	0.0013601089302279373	0.001282500572751205	nan
S1_EXCLUDE_BCN12	random_forest	s__GGB51959_SGB72479	9	9	1.0	0.0013582265819962161	0.0013582265819962161	0.00139358294260755	nan
S1_EXCLUDE_BCN12	random_forest	s__GGB33469_SGB15237	9	9	1.0	0.0013556629545383354	0.0013556629545383354	0.001360362203432653	nan
S1_EXCLUDE_BCN12	random_forest	s__Enterocloster_SGB14313	9	9	1.0	0.001353007704770325	0.001353007704770325	0.0012164093076409892	nan
S1_EXCLUDE_BCN12	random_forest	s__GGB9818_SGB15459	9	9	1.0	0.001352784209068317	0.001352784209068317	0.0015582146146042761	nan
S1_EXCLUDE_BCN12	random_forest	s__GGB36267_SGB14177	9	9	1.0	0.0013492483937020858	0.0013492483937020858	0.001269901996960422	nan
S1_EXCLUDE_BCN12	random_forest	s__Streptococcus_infantis	9	9	1.0	0.001348986383599275	0.001348986383599275	0.0013696744584639636	nan
S1_EXCLUDE_BCN12	random_forest	s__Coprobacillus_cateniformis	9	9	1.0	0.001344229120013033	0.001344229120013033	0.0012955003944758925	nan
S1_EXCLUDE_BCN12	random_forest	s__Vescimonas_SGB15087	9	9	1.0	0.0013432699147053414	0.0013432699147053414	0.0014503705509365489	nan
S1_EXCLUDE_BCN12	random_forest	s__GGB4456_SGB6141	9	9	1.0	0.0013420051580560707	0.0013420051580560707	0.001287959906463101	nan
S1_EXCLUDE_BCN12	random_forest	s__Enterocloster_clostridioformis	9	9	1.0	0.0013401209899766764	0.0013401209899766764	0.001376494320101913	nan
S1_EXCLUDE_BCN12	random_forest	s__GGB2998_SGB3988	9	9	1.0	0.0013390008675999829	0.0013390008675999829	0.0014358414406300162	nan
S1_EXCLUDE_BCN12	random_forest	s__Angelakisella_massiliensis	8	8	1.0	0.0013360364683251125	0.0013360364683251125	0.0012442108186274952	nan
S1_EXCLUDE_BCN12	random_forest	s__Anaerostipes_caccae	9	9	1.0	0.001326696306791927	0.001326696306791927	0.0013266532297104754	nan
S1_EXCLUDE_BCN12	random_forest	s__Christensenella_hongkongensis	9	9	1.0	0.0013219665248585335	0.0013219665248585335	0.001401600041874301	nan
S1_EXCLUDE_BCN12	random_forest	s__Streptococcus_mitis	9	9	1.0	0.0013188653135528482	0.0013188653135528482	0.0011955163936056385	nan
S1_EXCLUDE_BCN12	random_forest	s__GGB3619_SGB4894	9	9	1.0	0.0013181437180227646	0.0013181437180227646	0.0014030710413868968	nan
S1_EXCLUDE_BCN12	random_forest	s__Streptococcus_australis	9	9	1.0	0.001309069405002354	0.001309069405002354	0.001237278347583508	nan
S1_EXCLUDE_BCN12	random_forest	s__Klebsiella_pneumoniae	9	9	1.0	0.0013082753373038075	0.0013082753373038075	0.0013467061080730438	nan
S1_EXCLUDE_BCN12	random_forest	s__GGB9766_SGB15383	9	9	1.0	0.0013073246212441968	0.0013073246212441968	0.0013292881574451065	nan
S1_EXCLUDE_BCN12	random_forest	s__GGB2987_SGB3969	9	9	1.0	0.001301754919006903	0.001301754919006903	0.001363231361546565	nan
S1_EXCLUDE_BCN12	random_forest	s__GGB3167_SGB4181	9	9	1.0	0.0013014423637917442	0.0013014423637917442	0.0011393918091642428	nan
S1_EXCLUDE_BCN12	random_forest	s__Neglectibacter_timonensis	9	9	1.0	0.0013004266056969205	0.0013004266056969205	0.001169395002413831	nan
S1_EXCLUDE_BCN12	random_forest	s__Actinomyces_massiliensis	8	8	1.0	0.0012989458061038518	0.0012989458061038518	0.0012792389918408892	nan
S1_EXCLUDE_BCN12	random_forest	s__GGB3534_SGB4722	9	9	1.0	0.001296130170603035	0.001296130170603035	0.0012532760915610073	nan
S1_EXCLUDE_BCN12	random_forest	s__Actinomyces_sp_ICM58	9	9	1.0	0.0012934825343757816	0.0012934825343757816	0.0012202160369315948	nan
S1_EXCLUDE_BCN12	random_forest	s__GGB3730_SGB5060	9	9	1.0	0.0012873115450678834	0.0012873115450678834	0.0012704116138495605	nan
S1_EXCLUDE_BCN12	random_forest	s__Enterococcus_faecium	9	9	1.0	0.0012860729907661855	0.0012860729907661855	0.0012829144652696286	nan
S1_EXCLUDE_BCN12	random_forest	s__GGB1495_SGB2071	4	4	1.0	0.0012848995028220274	0.0012848995028220274	0.0011394059567173527	nan
S1_EXCLUDE_BCN12	random_forest	s__GGB9636_SGB15107	9	9	1.0	0.0012837392620706595	0.0012837392620706595	0.0011375616403400573	nan
S1_EXCLUDE_BCN12	random_forest	s__Cloacibacillus_evryensis	8	8	1.0	0.0012829870000489688	0.0012829870000489688	0.0011181490523604243	nan
S1_EXCLUDE_BCN12	random_forest	s__Clostridium_saudiense	9	9	1.0	0.0012791614568148308	0.0012791614568148308	0.0012743229722608767	nan
S1_EXCLUDE_BCN12	random_forest	s__GGB9602_SGB15028	9	9	1.0	0.0012723735437135512	0.0012723735437135512	0.0011799471296880123	nan
S1_EXCLUDE_BCN12	random_forest	s__Clostridium_perfringens	8	8	1.0	0.001269087802665456	0.001269087802665456	0.000883837076294003	nan
S1_EXCLUDE_BCN12	random_forest	s__GGB9620_SGB15068	2	2	1.0	0.0012672184954189807	0.0012672184954189807	0.0012672184954189807	nan
S1_EXCLUDE_BCN12	random_forest	s__Faecalitalea_cylindroides	9	9	1.0	0.001265272554031981	0.001265272554031981	0.0012601511978564892	nan
S1_EXCLUDE_BCN12	random_forest	s__Actinomyces_SGB17154	9	9	1.0	0.001263170979782729	0.001263170979782729	0.0013377976267691719	nan
S1_EXCLUDE_BCN12	random_forest	s__Blautia_hansenii	9	9	1.0	0.0012619566610996785	0.0012619566610996785	0.0014236393597782254	nan
S1_EXCLUDE_BCN12	random_forest	s__Collinsella_bouchesdurhonensis	9	9	1.0	0.0012606367520824784	0.0012606367520824784	0.0012967871327538758	nan
S1_EXCLUDE_BCN12	random_forest	s__Anaerococcus_SGB53821	9	9	1.0	0.0012580820928086676	0.0012580820928086676	0.001144631691320548	nan
S1_EXCLUDE_BCN12	random_forest	s__Holdemanella_biformis	4	4	1.0	0.0012451553884576432	0.0012451553884576432	0.0011938879039612561	nan
S1_EXCLUDE_BCN12	random_forest	s__Actinobaculum_sp_oral_taxon_183	8	8	1.0	0.0012434707682388263	0.0012434707682388263	0.0012708165043135125	nan
S1_EXCLUDE_BCN12	random_forest	s__Alistipes_SGB2313	5	5	1.0	0.0012429842676107024	0.0012429842676107024	0.0014385765397849333	nan
S1_EXCLUDE_BCN12	random_forest	s__Neobittarella_massiliensis	9	9	1.0	0.0012417151268433037	0.0012417151268433037	0.0011530362395631255	nan
S1_EXCLUDE_BCN12	random_forest	s__Bifidobacterium_animalis	9	9	1.0	0.0012412496187180918	0.0012412496187180918	0.0012360113971015142	nan
S1_EXCLUDE_BCN12	random_forest	s__GGB42994_SGB4746	9	9	1.0	0.001235190845218197	0.001235190845218197	0.0011944711893207003	nan
S1_EXCLUDE_BCN12	random_forest	s__Blautia_stercoris	9	9	1.0	0.0012338829510700087	0.0012338829510700087	0.0013346523360335874	nan
S1_EXCLUDE_BCN12	random_forest	s__GGB79630_SGB13983	9	9	1.0	0.0012279423064704361	0.0012279423064704361	0.0010390585493982045	nan
S1_EXCLUDE_BCN12	random_forest	s__Actinomyces_SGB17132	6	6	1.0	0.0012249912598392165	0.0012249912598392165	0.0009627150431723774	nan
S1_EXCLUDE_BCN12	random_forest	s__GGB3109_SGB4119	9	9	1.0	0.001222319858216677	0.001222319858216677	0.0011132759380871407	nan
S1_EXCLUDE_BCN12	random_forest	s__Merdimonas_faecis	9	9	1.0	0.0012221262945327624	0.0012221262945327624	0.001253339677248235	nan
S1_EXCLUDE_BCN12	random_forest	s__Streptococcus_SGB15012	9	9	1.0	0.0012159813351178507	0.0012159813351178507	0.0011445482749368558	nan
S1_EXCLUDE_BCN12	random_forest	s__GGB4566_SGB6305	9	9	1.0	0.0012157140629627705	0.0012157140629627705	0.0012164524790211565	nan
S1_EXCLUDE_BCN12	random_forest	s__Massilimicrobiota_sp_An134	9	9	1.0	0.0012135221188385027	0.0012135221188385027	0.0012733401941686137	nan
S1_EXCLUDE_BCN12	random_forest	s__Eubacterium_SGB4961	9	9	1.0	0.0012066106732638705	0.0012066106732638705	0.001170526606792375	nan
S1_EXCLUDE_BCN12	random_forest	s__GGB9608_SGB15041	9	9	1.0	0.0011974542930574344	0.0011974542930574344	0.0012837056171646154	nan
S1_EXCLUDE_BCN12	random_forest	s__Pseudoruminococcus_massiliensis	8	8	1.0	0.0011952788277141233	0.0011952788277141233	0.0010965738546934798	nan
S1_EXCLUDE_BCN12	random_forest	s__GGB47687_SGB2286	9	9	1.0	0.0011921981665087226	0.0011921981665087226	0.00107730620840421	nan
S1_EXCLUDE_BCN12	random_forest	s__Sanguibacter_SGB15121	9	9	1.0	0.0011837732666865046	0.0011837732666865046	0.0011876615144506713	nan
S1_EXCLUDE_BCN12	random_forest	s__GGB1627_SGB2230	4	4	1.0	0.0011819375300269538	0.0011819375300269538	0.0010910560057651353	nan
S1_EXCLUDE_BCN12	random_forest	s__Catenibacterium_SGB4425	7	7	1.0	0.0011735740088046843	0.0011735740088046843	0.0012245809269834193	nan
S1_EXCLUDE_BCN12	random_forest	s__Veillonella_rogosae	4	4	1.0	0.00116292453547816	0.00116292453547816	0.001255342218395978	nan
S1_EXCLUDE_BCN12	random_forest	s__Vescimonas_fastidiosa	4	4	1.0	0.0011612060910026682	0.0011612060910026682	0.0011869078564479755	nan
S1_EXCLUDE_BCN12	random_forest	s__Lacticaseibacillus_paracasei	9	9	1.0	0.001159551338745919	0.001159551338745919	0.0010855881404223517	nan
S1_EXCLUDE_BCN12	random_forest	s__Roseburia_sp_BX1005	9	9	1.0	0.0011553155779965296	0.0011553155779965296	0.0011159896785908703	nan
S1_EXCLUDE_BCN12	random_forest	s__Parasutterella_SGB9260	9	9	1.0	0.0011527165039316462	0.0011527165039316462	0.001198472411882133	nan
S1_EXCLUDE_BCN12	random_forest	s__Lactobacillus_gasseri	9	9	1.0	0.0011505591252242424	0.0011505591252242424	0.001227940266862997	nan
S1_EXCLUDE_BCN12	random_forest	s__Desulfovibrio_fairfieldensis	8	8	1.0	0.0011460639727268605	0.0011460639727268605	0.001211403854144689	nan
S1_EXCLUDE_BCN12	random_forest	s__Enterococcus_faecalis	9	9	1.0	0.0011410224351371388	0.0011410224351371388	0.0011621766174745778	nan
S1_EXCLUDE_BCN12	random_forest	s__GGB3278_SGB4328	8	8	1.0	0.0011381458574591622	0.0011381458574591622	0.0009498549046296697	nan
S1_EXCLUDE_BCN12	random_forest	s__Mogibacterium_kristiansenii	9	9	1.0	0.001135796504066311	0.001135796504066311	0.0009726317001236121	nan
S1_EXCLUDE_BCN12	random_forest	s__Collinsella_SGB14987	9	9	1.0	0.0011336719704372602	0.0011336719704372602	0.0010907407808889164	nan
S1_EXCLUDE_BCN12	random_forest	s__Actinomyces_sp_HMSC035G02	8	8	1.0	0.0011335264161199954	0.0011335264161199954	0.0012036610792995834	nan
S1_EXCLUDE_BCN12	random_forest	s__GGB1266_SGB1699	9	9	1.0	0.0011297910736929636	0.0011297910736929636	0.0011597491740210238	nan
S1_EXCLUDE_BCN12	random_forest	s__GGB3463_SGB4621	4	4	1.0	0.0011273092334515343	0.0011273092334515343	0.0010384668195372463	nan
S1_EXCLUDE_BCN12	random_forest	s__GGB9350_SGB14317	6	6	1.0	0.0011268859726749948	0.0011268859726749948	0.0011458799726442774	nan
S1_EXCLUDE_BCN12	random_forest	s__Clostridium_SGB4909	9	9	1.0	0.0011244562036977872	0.0011244562036977872	0.001019231918042745	nan
S1_EXCLUDE_BCN12	random_forest	s__Solibaculum_mannosilyticum	9	9	1.0	0.0011199030987357175	0.0011199030987357175	0.0011245974970860422	nan
S1_EXCLUDE_BCN12	random_forest	s__Propionibacterium_acidifaciens	7	7	1.0	0.0011171664557975177	0.0011171664557975177	0.0010748583850964857	nan
S1_EXCLUDE_BCN12	random_forest	s__GGB10485_SGB49305	8	8	1.0	0.0011152946614515452	0.0011152946614515452	0.0010663560723682306	nan
S1_EXCLUDE_BCN12	random_forest	s__GGB9786_SGB15409	9	9	1.0	0.0011135857387495082	0.0011135857387495082	0.0009550613845437026	nan
S1_EXCLUDE_BCN12	random_forest	s__Faecalimonas_umbilicata	9	9	1.0	0.0011127692907558144	0.0011127692907558144	0.0010079664200057243	nan
S1_EXCLUDE_BCN12	random_forest	s__Collinsella_intestinalis	8	8	1.0	0.0011033952698890482	0.0011033952698890482	0.0011009256287105693	nan
S1_EXCLUDE_BCN12	random_forest	s__GGB4745_SGB6571	4	4	1.0	0.0011016664342755847	0.0011016664342755847	0.0012106577893697217	nan
S1_EXCLUDE_BCN12	random_forest	s__Blautia_producta	9	9	1.0	0.0011001632144448544	0.0011001632144448544	0.0010565916537977854	nan
S1_EXCLUDE_BCN12	random_forest	s__Granulicatella_SGB8255	9	9	1.0	0.0010971096875951715	0.0010971096875951715	0.0011118466961255245	nan
S1_EXCLUDE_BCN12	random_forest	s__GGB9524_SGB14923	1	1	1.0	0.0010930704983558635	0.0010930704983558635	0.0010930704983558635	nan
S1_EXCLUDE_BCN12	random_forest	s__Anaerotignum_lactatifermentans	5	5	1.0	0.001092059406464722	0.001092059406464722	0.000999163667637482	nan
S1_EXCLUDE_BCN12	random_forest	s__Raoultibacter_massiliensis	5	5	1.0	0.0010878222698062017	0.0010878222698062017	0.0011847440304561078	nan
S1_EXCLUDE_BCN12	random_forest	s__GGB9240_SGB14182	9	9	1.0	0.0010807445655597226	0.0010807445655597226	0.0011061707770988144	nan
S1_EXCLUDE_BCN12	random_forest	s__Paratractidigestivibacter_faecalis	1	1	1.0	0.0010793934422937636	0.0010793934422937636	0.0010793934422937636	nan
S1_EXCLUDE_BCN12	random_forest	s__GGB31234_SGB14869	9	9	1.0	0.0010771590274499092	0.0010771590274499092	0.0010856465792403538	nan
S1_EXCLUDE_BCN12	random_forest	s__Enterocloster_asparagiformis	9	9	1.0	0.0010757840455944594	0.0010757840455944594	0.0010141502654888624	nan
S1_EXCLUDE_BCN12	random_forest	s__Ruminococcus_callidus	9	9	1.0	0.0010729585264652357	0.0010729585264652357	0.0010070761555856908	nan
S1_EXCLUDE_BCN12	random_forest	s__Actinomyces_SGB17157	8	8	1.0	0.0010673177162883172	0.0010673177162883172	0.0010563366490989358	nan
S1_EXCLUDE_BCN12	random_forest	s__Desulfovibrio_piger	9	9	1.0	0.0010605907250137872	0.0010605907250137872	0.0010952492954012954	nan
S1_EXCLUDE_BCN12	random_forest	s__Enterocloster_aldenensis	9	9	1.0	0.001046991810223466	0.001046991810223466	0.0010210696967802777	nan
S1_EXCLUDE_BCN12	random_forest	s__Eubacterium_SGB6276	9	9	1.0	0.0010462545291032251	0.0010462545291032251	0.0011286793470157072	nan
S1_EXCLUDE_BCN12	random_forest	s__GGB3124_SGB4136	1	1	1.0	0.0010456057383534823	0.0010456057383534823	0.0010456057383534823	nan
S1_EXCLUDE_BCN12	random_forest	s__GGB1420_SGB1957	6	6	1.0	0.0010431938521108662	0.0010431938521108662	0.0010179346753055644	nan
S1_EXCLUDE_BCN12	random_forest	s__Ruminococcus_SGB4421	9	9	1.0	0.0010383545171100607	0.0010383545171100607	0.000990866530707507	nan
S1_EXCLUDE_BCN12	random_forest	s__GGB33512_SGB15201	9	9	1.0	0.0010369343903226518	0.0010369343903226518	0.0009862909827086821	nan
S1_EXCLUDE_BCN12	random_forest	s__GGB9719_SGB53514	6	6	1.0	0.0010342075120666845	0.0010342075120666845	0.0009563245794512684	nan
S1_EXCLUDE_BCN12	random_forest	s__Ruminococcus_sp_AF46_10NS	1	1	1.0	0.001028220649954686	0.001028220649954686	0.001028220649954686	nan
S1_EXCLUDE_BCN12	random_forest	s__Alloscardovia_omnicolens	9	9	1.0	0.0010162319789095225	0.0010162319789095225	0.0008797911619010573	nan
S1_EXCLUDE_BCN12	random_forest	s__Phocaeicola_plebeius	9	9	1.0	0.0010116955423615267	0.0010116955423615267	0.0010537271094648109	nan
S1_EXCLUDE_BCN12	random_forest	s__Solobacterium_SGB6829	7	7	1.0	0.0010110228820159703	0.0010110228820159703	0.0010114925863614205	nan
S1_EXCLUDE_BCN12	random_forest	s__GGB45495_SGB63167	9	9	1.0	0.0010108555061156587	0.0010108555061156587	0.0011495032293964362	nan
S1_EXCLUDE_BCN12	random_forest	s__GGB3602_SGB4574	9	9	1.0	0.0010045899568116082	0.0010045899568116082	0.000990326040127002	nan
S1_EXCLUDE_BCN12	random_forest	s__GGB4599_SGB6362	7	7	1.0	0.0010010619870337233	0.0010010619870337233	0.0008937955246302173	nan
S1_EXCLUDE_BCN12	random_forest	s__Oscillibacter_valericigenes	9	9	1.0	0.0009914478227107026	0.0009914478227107026	0.0008951697001078929	nan
S1_EXCLUDE_BCN12	random_forest	s__GGB9186_SGB14125	9	9	1.0	0.0009892895116211664	0.0009892895116211664	0.0009709470534174871	nan
S1_EXCLUDE_BCN12	random_forest	s__GGB9677_SGB15180	9	9	1.0	0.00098906349215286	0.00098906349215286	0.0009299033900792967	nan
S1_EXCLUDE_BCN12	random_forest	s__GGB3033_SGB4029	9	9	1.0	0.0009824032393181534	0.0009824032393181534	0.001018676617200516	nan
S1_EXCLUDE_BCN12	random_forest	s__Cellulomonas_flavigena	4	4	1.0	0.0009765186920157225	0.0009765186920157225	0.0011218446872781071	nan
S1_EXCLUDE_BCN12	random_forest	s__GGB9189_SGB14128	9	9	1.0	0.0009713376710051619	0.0009713376710051619	0.0009294416682145407	nan
S1_EXCLUDE_BCN12	random_forest	s__Streptococcus_SGB14137	1	1	1.0	0.0009708308601679664	0.0009708308601679664	0.0009708308601679664	nan
S1_EXCLUDE_BCN12	random_forest	s__Corynebacterium_durum	8	8	1.0	0.0009652304055627978	0.0009652304055627978	0.0010820763373778092	nan
S1_EXCLUDE_BCN12	random_forest	s__GGB79916_SGB4587	6	6	1.0	0.0009611332414084986	0.0009611332414084986	0.0009739620517480462	nan
S1_EXCLUDE_BCN12	random_forest	s__GGB9747_SGB15356	9	9	1.0	0.000955213485256989	0.000955213485256989	0.001056663171216006	nan
S1_EXCLUDE_BCN12	random_forest	s__Clostridium_sp_1001271st1_H5	3	3	1.0	0.0009470592914797289	0.0009470592914797289	0.0008867037966613678	nan
S1_EXCLUDE_BCN12	random_forest	s__GGB42389_SGB59559	9	9	1.0	0.0009458344369854574	0.0009458344369854574	0.0009655584298845925	nan
S1_EXCLUDE_BCN12	random_forest	s__Candidatus_Catenibacterium_tridentinum	9	9	1.0	0.0009451529162209834	0.0009451529162209834	0.001094904408677412	nan
S1_EXCLUDE_BCN12	random_forest	s__Ruminococcus_sp_NSJ_13	9	9	1.0	0.0009432835614529854	0.0009432835614529854	0.0009645753501528507	nan
S1_EXCLUDE_BCN12	random_forest	s__Longibaculum_muris	7	7	1.0	0.0009426503302552273	0.0009426503302552273	0.0008369145747585669	nan
S1_EXCLUDE_BCN12	random_forest	s__GGB9210_SGB14149	8	8	1.0	0.0009417963418098167	0.0009417963418098167	0.0008801615122586551	nan
S1_EXCLUDE_BCN12	random_forest	s__Oscillibacter_sp_PC13	8	8	1.0	0.0009348037322377076	0.0009348037322377076	0.0008348592934621961	nan
S1_EXCLUDE_BCN12	random_forest	s__Candidatus_Nanosynsacchari_sp_TM7_ANC_38_39_G1_1	6	6	1.0	0.0009315542273094416	0.0009315542273094416	0.0008839149367168679	nan
S1_EXCLUDE_BCN12	random_forest	s__GGB9611_SGB15045	7	7	1.0	0.0009282016151395337	0.0009282016151395337	0.000822130612966639	nan
S1_EXCLUDE_BCN12	random_forest	s__GGB9495_SGB14892	9	9	1.0	0.0009278388581313049	0.0009278388581313049	0.0009933898985115864	nan
S1_EXCLUDE_BCN12	random_forest	s__GGB51510_SGB71883	9	9	1.0	0.0009252549693553136	0.0009252549693553136	0.0009067053027804406	nan
S1_EXCLUDE_BCN12	random_forest	s__Lachnoclostridium_sp_An138	7	7	1.0	0.0009221335700560719	0.0009221335700560719	0.0009183628256121878	nan
S1_EXCLUDE_BCN12	random_forest	s__GGB9561_SGB14972	7	7	1.0	0.0009181272143273114	0.0009181272143273114	0.0008620539612508401	nan
S1_EXCLUDE_BCN12	random_forest	s__GGB9361_SGB14336	8	8	1.0	0.0009177363352014899	0.0009177363352014899	0.0010418423842212424	nan
S1_EXCLUDE_BCN12	random_forest	s__Actinomyces_bouchesdurhonensis	8	8	1.0	0.0009098082107593417	0.0009098082107593417	0.0009978773608059523	nan
S1_EXCLUDE_BCN12	random_forest	s__Amedibacillus_dolichus	7	7	1.0	0.0008961162914444404	0.0008961162914444404	0.0007949862951654774	nan
S1_EXCLUDE_BCN12	random_forest	s__Allisonella_histaminiformans	2	2	1.0	0.0008921927978393862	0.0008921927978393862	0.0008921927978393862	nan
S1_EXCLUDE_BCN12	random_forest	s__Mogibacterium_sp_NSJ_24	8	8	1.0	0.0008916646736106051	0.0008916646736106051	0.0010236542879779509	nan
S1_EXCLUDE_BCN12	random_forest	s__GGB9581_SGB79823	2	2	1.0	0.0008881037168144085	0.0008881037168144085	0.0008881037168144085	nan
S1_EXCLUDE_BCN12	random_forest	s__Ruminococcus_sp_AF41_9	8	8	1.0	0.0008809616334401916	0.0008809616334401916	0.0008838069302692641	nan
S1_EXCLUDE_BCN12	random_forest	s__GGB9635_SGB15103	2	2	1.0	0.0008596798704862943	0.0008596798704862943	0.0008596798704862943	nan
S1_EXCLUDE_BCN12	random_forest	s__Lacticaseibacillus_rhamnosus	8	8	1.0	0.0008583693276242486	0.0008583693276242486	0.0009808121333469413	nan
S1_EXCLUDE_BCN12	random_forest	s__Pauljensenia_hongkongensis	2	2	1.0	0.0008571062142769658	0.0008571062142769658	0.0008571062142769658	nan
S1_EXCLUDE_BCN12	random_forest	s__Emergencia_timonensis	8	8	1.0	0.0008447974261661625	0.0008447974261661625	0.0007307799488321011	nan
S1_EXCLUDE_BCN12	random_forest	s__Actinomyces_SGB17163	8	8	1.0	0.000828054457583344	0.000828054457583344	0.0007142639005005937	nan
S1_EXCLUDE_BCN12	random_forest	s__Eubacterium_callanderi	6	6	1.0	0.0008163709945233832	0.0008163709945233832	0.0008060623469075551	nan
S1_EXCLUDE_BCN12	random_forest	s__GGB9296_SGB14253	9	9	1.0	0.0008160129423599773	0.0008160129423599773	0.0007943580548514123	nan
S1_EXCLUDE_BCN12	random_forest	s__Pseudoflavonifractor_sp_An184	9	9	1.0	0.0008114652214593828	0.0008114652214593828	0.0006544533226241446	nan
S1_EXCLUDE_BCN12	random_forest	s__Victivallis_lenta	5	5	1.0	0.0008065592986101924	0.0008065592986101924	0.0007113360218586477	nan
S1_EXCLUDE_BCN12	random_forest	s__GGB9782_SGB15403	9	9	1.0	0.0008032378883063983	0.0008032378883063983	0.0008451265782120822	nan
S1_EXCLUDE_BCN12	random_forest	s__GGB51960_SGB72480	5	5	1.0	0.0007565764346476247	0.0007565764346476247	0.0007673214247938863	nan
S1_EXCLUDE_BCN12	random_forest	s__Olsenella_uli	1	1	1.0	0.0007530613745663964	0.0007530613745663964	0.0007530613745663964	nan
S1_EXCLUDE_BCN12	random_forest	s__GGB9691_SGB15198	4	4	1.0	0.0007408594968229316	0.0007408594968229316	0.0007729682301823252	nan
S1_EXCLUDE_BCN12	random_forest	s__GGB34228_SGB72916	4	4	1.0	0.0007361270290685807	0.0007361270290685807	0.0007063181073288171	nan
S1_EXCLUDE_BCN12	random_forest	s__GGB9261_SGB14209	3	3	1.0	0.0006934385416426477	0.0006934385416426477	0.0005339678836854021	nan
S1_EXCLUDE_BCN12	random_forest	s__GGB1662_SGB2276	2	2	1.0	0.0006637926386648788	0.0006637926386648788	0.0006637926386648788	nan
S1_EXCLUDE_BCN12	random_forest	s__Lachnoclostridium_edouardi	6	6	1.0	0.0006633433865894017	0.0006633433865894017	0.0006797315084855057	nan
S1_EXCLUDE_BCN12	random_forest	s__Eubacterium_SGB4671	1	1	1.0	0.0006506146705005266	0.0006506146705005266	0.0006506146705005266	nan
S1_EXCLUDE_BCN12	random_forest	s__GGB9737_SGB15309	1	1	1.0	0.0006112096537182769	0.0006112096537182769	0.0006112096537182769	nan
S1_EXCLUDE_BCN12	random_forest	s__Collinsella_SGB15196	8	8	1.0	0.0006031465016889147	0.0006031465016889147	0.00036536278078186255	nan
S1_EXCLUDE_BCN12	random_forest	s__Bacteroides_SGB15210	1	1	1.0	0.0005779799780109093	0.0005779799780109093	0.0005779799780109093	nan
S1_EXCLUDE_BCN12	random_forest	s__GGB9302_SGB14263	5	5	1.0	0.0005672715254600118	0.0005672715254600118	0.0005855169769037722	nan
S1_EXCLUDE_BCN12	random_forest	s__GGB3513_SGB4691	1	1	1.0	0.0005599239673606375	0.0005599239673606375	0.0005599239673606375	nan
S1_EXCLUDE_BCN12	random_forest	s__GGB3446_SGB4597	1	1	1.0	0.0005528872883624589	0.0005528872883624589	0.0005528872883624589	nan
S1_EXCLUDE_BCN12	random_forest	s__GGB9559_SGB14968	1	1	1.0	0.0005209463506588402	0.0005209463506588402	0.0005209463506588402	nan
S1_EXCLUDE_BCN12	random_forest	s__GGB9767_SGB15384	1	1	1.0	0.0004840395048688145	0.0004840395048688145	0.0004840395048688145	nan
S1_EXCLUDE_BCN12	random_forest	s__GGB4684_SGB6478	1	1	1.0	0.00041211906756973243	0.00041211906756973243	0.00041211906756973243	nan
S1_EXCLUDE_BCN12	random_forest	s__GGB3593_SGB4817	2	2	1.0	0.00040136649135842726	0.00040136649135842726	0.00040136649135842726	nan
S1_EXCLUDE_BCN12	random_forest	s__Lactococcus_cremoris	1	1	1.0	0.000344586686002056	0.000344586686002056	0.000344586686002056	nan
S1_EXCLUDE_BCN12	random_forest	s__GGB3142_SGB4155	1	1	1.0	0.00026848698590563384	0.00026848698590563384	0.00026848698590563384	nan
S1_EXCLUDE_BCN12	random_forest	s__Clostridium_paraputrificum	1	1	1.0	0.0001522305752220316	0.0001522305752220316	0.0001522305752220316	nan
S2_BCN12_AS_NR	random_forest	s__Streptococcus_SGB14888	9	9	1.0	0.01699328998778199	0.01699328998778199	0.020792662220755338	nan
S2_BCN12_AS_NR	random_forest	s__Veillonella_parvula	9	9	1.0	0.012848064021408853	0.012848064021408853	0.011345645251068013	nan
S2_BCN12_AS_NR	random_forest	s__Blautia_massiliensis	9	9	1.0	0.00862187498153941	0.00862187498153941	0.006516372599487679	nan
S2_BCN12_AS_NR	random_forest	s__GGB32900_SGB53446	9	9	1.0	0.007715177891456101	0.007715177891456101	0.007296739796012385	nan
S2_BCN12_AS_NR	random_forest	s__Bittarella_massiliensis	9	9	1.0	0.007040027045214981	0.007040027045214981	0.006678298933432436	nan
S2_BCN12_AS_NR	random_forest	s__Lacrimispora_celerecrescens	9	9	1.0	0.006720688296373565	0.006720688296373565	0.005522201572583078	nan
S2_BCN12_AS_NR	random_forest	s__Vescimonas_coprocola	9	9	1.0	0.00663439238701757	0.00663439238701757	0.007015001858029348	nan
S2_BCN12_AS_NR	random_forest	s__Faecalicatena_contorta	9	9	1.0	0.006390314075982059	0.006390314075982059	0.004380902050929867	nan
S2_BCN12_AS_NR	random_forest	s__Eubacterium_sp_AF16_48	9	9	1.0	0.006203138397654585	0.006203138397654585	0.005959244911913942	nan
S2_BCN12_AS_NR	random_forest	s__Clostridium_sp_AM22_11AC	9	9	1.0	0.006108271879099328	0.006108271879099328	0.005879475344007822	nan
S2_BCN12_AS_NR	random_forest	s__GGB58158_SGB79798	9	9	1.0	0.005668539520146147	0.005668539520146147	0.005088547903667084	nan
S2_BCN12_AS_NR	random_forest	s__Dorea_formicigenerans	9	9	1.0	0.005432704358646197	0.005432704358646197	0.004836509605721676	nan
S2_BCN12_AS_NR	random_forest	s__Parabacteroides_merdae	9	9	1.0	0.005346986805976538	0.005346986805976538	0.00467491461673962	nan
S2_BCN12_AS_NR	random_forest	s__Bacteroides_stercoris	9	9	1.0	0.005341253951068183	0.005341253951068183	0.006054010990461894	nan
S2_BCN12_AS_NR	random_forest	s__Faecalibacterium_prausnitzii	9	9	1.0	0.005106302441524307	0.005106302441524307	0.004638735621519759	nan
S2_BCN12_AS_NR	random_forest	s__Flavonifractor_sp_An100	1	1	1.0	0.004959084790569502	0.004959084790569502	0.004959084790569502	nan
S2_BCN12_AS_NR	random_forest	s__Sutterella_wadsworthensis	9	9	1.0	0.004775886928346964	0.004775886928346964	0.004275272166370321	nan
S2_BCN12_AS_NR	random_forest	s__Dysosmobacter_welbionis	9	9	1.0	0.004694201162917075	0.004694201162917075	0.004810358648592769	nan
S2_BCN12_AS_NR	random_forest	s__GGB9642_SGB15119	9	9	1.0	0.004646375294332705	0.004646375294332705	0.0044133522891846065	nan
S2_BCN12_AS_NR	random_forest	s__Anaerotruncus_colihominis	9	9	1.0	0.004593669294618585	0.004593669294618585	0.004190839784308311	nan
S2_BCN12_AS_NR	random_forest	s__Faecalibacillus_intestinalis	9	9	1.0	0.004542790638139221	0.004542790638139221	0.0041025161364696755	nan
S2_BCN12_AS_NR	random_forest	s__Streptococcus_parasanguinis	9	9	1.0	0.0045351184736074565	0.0045351184736074565	0.004362589150926219	nan
S2_BCN12_AS_NR	random_forest	s__Holdemania_filiformis	9	9	1.0	0.004458542611283099	0.004458542611283099	0.0041762724373428615	nan
S2_BCN12_AS_NR	random_forest	s__Dysosmobacter_sp_BX15	9	9	1.0	0.004432050628681727	0.004432050628681727	0.004170352050367921	nan
S2_BCN12_AS_NR	random_forest	s__Phocea_massiliensis	9	9	1.0	0.004390180081099471	0.004390180081099471	0.0038169233531916516	nan
S2_BCN12_AS_NR	random_forest	s__Roseburia_inulinivorans	9	9	1.0	0.004385208642721026	0.004385208642721026	0.0036648849445181444	nan
S2_BCN12_AS_NR	random_forest	s__Adlercreutzia_equolifaciens	9	9	1.0	0.004339154845220915	0.004339154845220915	0.004577453982475594	nan
S2_BCN12_AS_NR	random_forest	s__Alistipes_finegoldii	9	9	1.0	0.004205961834964581	0.004205961834964581	0.003438844302984701	nan
S2_BCN12_AS_NR	random_forest	s__Fusicatenibacter_saccharivorans	9	9	1.0	0.004137304566496644	0.004137304566496644	0.0035959651633765666	nan
S2_BCN12_AS_NR	random_forest	s__Veillonella_atypica	9	9	1.0	0.003983602257120497	0.003983602257120497	0.003200686055349675	nan
S2_BCN12_AS_NR	random_forest	s__Faecalibacterium_SGB15346	9	9	1.0	0.003957844550505935	0.003957844550505935	0.003512126131289957	nan
S2_BCN12_AS_NR	random_forest	s__GGB9724_SGB15278	9	9	1.0	0.0038656303368436343	0.0038656303368436343	0.0029804500586046293	nan
S2_BCN12_AS_NR	random_forest	s__Clostridium_SGB4750	9	9	1.0	0.003844427146248843	0.003844427146248843	0.0033703974764741746	nan
S2_BCN12_AS_NR	random_forest	s__Waltera_intestinalis	9	9	1.0	0.0038036770771998083	0.0038036770771998083	0.004151432765490726	nan
S2_BCN12_AS_NR	random_forest	s__Roseburia_faecis	9	9	1.0	0.003771835913621503	0.003771835913621503	0.003281335187608394	nan
S2_BCN12_AS_NR	random_forest	s__Akkermansia_muciniphila	9	9	1.0	0.003770413920110344	0.003770413920110344	0.0039670205158625705	nan
S2_BCN12_AS_NR	random_forest	s__Intestinibacter_bartlettii	9	9	1.0	0.0037247178069477757	0.0037247178069477757	0.0034316610672332085	nan
S2_BCN12_AS_NR	random_forest	s__Bacteroides_fragilis	9	9	1.0	0.0036705104171587846	0.0036705104171587846	0.003412888210417884	nan
S2_BCN12_AS_NR	random_forest	s__GGB45432_SGB63101	9	9	1.0	0.0036666752771887683	0.0036666752771887683	0.003325695777877197	nan
S2_BCN12_AS_NR	random_forest	s__Hungatella_hathewayi	9	9	1.0	0.0036512524438742176	0.0036512524438742176	0.004120410642690888	nan
S2_BCN12_AS_NR	random_forest	s__Roseburia_hominis	9	9	1.0	0.003649941013360501	0.003649941013360501	0.004008577050066612	nan
S2_BCN12_AS_NR	random_forest	s__Phocaeicola_vulgatus	9	9	1.0	0.0036483323188164197	0.0036483323188164197	0.0038374045432349895	nan
S2_BCN12_AS_NR	random_forest	s__Blautia_sp_Marseille_P3087	9	9	1.0	0.003648281705382646	0.003648281705382646	0.0032362278391040093	nan
S2_BCN12_AS_NR	random_forest	s__Alistipes_putredinis	9	9	1.0	0.0036477816715552625	0.0036477816715552625	0.003526436581375291	nan
S2_BCN12_AS_NR	random_forest	s__Bacteroides_xylanisolvens	9	9	1.0	0.0036077601068256384	0.0036077601068256384	0.0035847296722482888	nan
S2_BCN12_AS_NR	random_forest	s__Ruminococcus_torques	9	9	1.0	0.003602117899190962	0.003602117899190962	0.003446584520613445	nan
S2_BCN12_AS_NR	random_forest	s__Gordonibacter_pamelaeae	9	9	1.0	0.003590911864389687	0.003590911864389687	0.002919345330106707	nan
S2_BCN12_AS_NR	random_forest	s__Romboutsia_timonensis	9	9	1.0	0.00358434339333707	0.00358434339333707	0.0029324132472483507	nan
S2_BCN12_AS_NR	random_forest	s__Dielma_fastidiosa	9	9	1.0	0.003572852858135819	0.003572852858135819	0.00345740396555404	nan
S2_BCN12_AS_NR	random_forest	s__Parabacteroides_distasonis	9	9	1.0	0.00354328060442205	0.00354328060442205	0.003471740075969276	nan
S2_BCN12_AS_NR	random_forest	s__Ruminococcus_gnavus	9	9	1.0	0.0035287607743647287	0.0035287607743647287	0.003523374917227482	nan
S2_BCN12_AS_NR	random_forest	s__GGB9290_SGB14247	1	1	1.0	0.0035239271776202276	0.0035239271776202276	0.0035239271776202276	nan
S2_BCN12_AS_NR	random_forest	s__Clostridium_sp_1001270H_150608_G6	9	9	1.0	0.0035124999312119323	0.0035124999312119323	0.002978436578834727	nan
S2_BCN12_AS_NR	random_forest	s__Bacteroides_faecis	9	9	1.0	0.003491016008430262	0.003491016008430262	0.0033205665745388935	nan
S2_BCN12_AS_NR	random_forest	s__GGB3277_SGB4327	9	9	1.0	0.0034803748934241156	0.0034803748934241156	0.0032673514652546433	nan
S2_BCN12_AS_NR	random_forest	s__GGB3321_SGB4394	9	9	1.0	0.003477297601927828	0.003477297601927828	0.0019617277377528258	nan
S2_BCN12_AS_NR	random_forest	s__Bacteroides_cellulosilyticus	9	9	1.0	0.0034770872356348617	0.0034770872356348617	0.003665774892900786	nan
S2_BCN12_AS_NR	random_forest	s__Bifidobacterium_longum	9	9	1.0	0.0034543607133670374	0.0034543607133670374	0.003055905084674447	nan
S2_BCN12_AS_NR	random_forest	s__Alistipes_sp_AF17_16	9	9	1.0	0.003445114436535738	0.003445114436535738	0.0031950696987832336	nan
S2_BCN12_AS_NR	random_forest	s__GGB3612_SGB4882	9	9	1.0	0.0034445455588382697	0.0034445455588382697	0.002970507071907682	nan
S2_BCN12_AS_NR	random_forest	s__Erysipelatoclostridium_ramosum	9	9	1.0	0.0034248499356158593	0.0034248499356158593	0.00299219305778144	nan
S2_BCN12_AS_NR	random_forest	s__Roseburia_sp_AF02_12	9	9	1.0	0.003367042444405105	0.003367042444405105	0.00314869495680819	nan
S2_BCN12_AS_NR	random_forest	s__Lacrimispora_amygdalina	9	9	1.0	0.0033661410318555508	0.0033661410318555508	0.003347780188199863	nan
S2_BCN12_AS_NR	random_forest	s__Holdemania_massiliensis	9	9	1.0	0.0033657769552079353	0.0033657769552079353	0.003318712400074537	nan
S2_BCN12_AS_NR	random_forest	s__GGB9237_SGB14179	9	9	1.0	0.003338305843794019	0.003338305843794019	0.0032628701163212592	nan
S2_BCN12_AS_NR	random_forest	s__GGB52130_SGB14966	9	9	1.0	0.003337808055567787	0.003337808055567787	0.0027403425635213366	nan
S2_BCN12_AS_NR	random_forest	s__Alistipes_onderdonkii	9	9	1.0	0.0033174226837196195	0.0033174226837196195	0.003112427286407221	nan
S2_BCN12_AS_NR	random_forest	s__Anaerotruncus_massiliensis	9	9	1.0	0.0032775333569905214	0.0032775333569905214	0.0025605084645405683	nan
S2_BCN12_AS_NR	random_forest	s__Harryflintia_acetispora	9	9	1.0	0.0032688473996042248	0.0032688473996042248	0.003159011071553198	nan
S2_BCN12_AS_NR	random_forest	s__Lachnoclostridium_sp_An131	9	9	1.0	0.00326693165200461	0.00326693165200461	0.0033876447897969236	nan
S2_BCN12_AS_NR	random_forest	s__GGB3818_SGB5183	1	1	1.0	0.0032649891733950373	0.0032649891733950373	0.0032649891733950373	nan
S2_BCN12_AS_NR	random_forest	s__Escherichia_coli	9	9	1.0	0.003247687702297495	0.003247687702297495	0.0031655584318681716	nan
S2_BCN12_AS_NR	random_forest	s__GGB9708_SGB15234	9	9	1.0	0.003230761191885379	0.003230761191885379	0.003278682350996336	nan
S2_BCN12_AS_NR	random_forest	s__Phascolarctobacterium_faecium	9	9	1.0	0.0031804917505588153	0.0031804917505588153	0.003055773516729242	nan
S2_BCN12_AS_NR	random_forest	s__Bilophila_wadsworthia	9	9	1.0	0.0031748238555233625	0.0031748238555233625	0.00302237421027733	nan
S2_BCN12_AS_NR	random_forest	s__Anaerostipes_hadrus	9	9	1.0	0.0031643819445712137	0.0031643819445712137	0.0026436892502131647	nan
S2_BCN12_AS_NR	random_forest	s__Collinsella_aerofaciens	9	9	1.0	0.00312767045931082	0.00312767045931082	0.0034168888617551437	nan
S2_BCN12_AS_NR	random_forest	s__Streptococcus_mutans	9	9	1.0	0.003103771892705379	0.003103771892705379	0.0031149977251721185	nan
S2_BCN12_AS_NR	random_forest	s__GGB80011_SGB15265	9	9	1.0	0.0030948581209161137	0.0030948581209161137	0.0032533730027661362	nan
S2_BCN12_AS_NR	random_forest	s__Anaeromassilibacillus_sp_An250	9	9	1.0	0.0030822676840896127	0.0030822676840896127	0.003369677137253425	nan
S2_BCN12_AS_NR	random_forest	s__GGB38744_SGB14842	9	9	1.0	0.003067321647649463	0.003067321647649463	0.0029198182240881038	nan
S2_BCN12_AS_NR	random_forest	s__Massiliimalia_timonensis	9	9	1.0	0.003064216781051366	0.003064216781051366	0.003222050110386392	nan
S2_BCN12_AS_NR	random_forest	s__Streptococcus_salivarius	9	9	1.0	0.003059510450359551	0.003059510450359551	0.0030369659955860285	nan
S2_BCN12_AS_NR	random_forest	s__Bacteroides_salyersiae	9	9	1.0	0.0030577867621809115	0.0030577867621809115	0.0029638079663468074	nan
S2_BCN12_AS_NR	random_forest	s__Anaerosacchariphilus_sp_NSJ_68	8	8	1.0	0.0030368963280301706	0.0030368963280301706	0.0026097030754388354	nan
S2_BCN12_AS_NR	random_forest	s__GGB9616_SGB15051	9	9	1.0	0.0030350612994143825	0.0030350612994143825	0.00270384446296372	nan
S2_BCN12_AS_NR	random_forest	s__Clostridium_fessum	9	9	1.0	0.003020169328560073	0.003020169328560073	0.002827248765873392	nan
S2_BCN12_AS_NR	random_forest	s__Massilimicrobiota_timonensis	9	9	1.0	0.002992927698606412	0.002992927698606412	0.002104202246306903	nan
S2_BCN12_AS_NR	random_forest	s__Bifidobacterium_adolescentis	9	9	1.0	0.0029819899220437035	0.0029819899220437035	0.0028872485428873313	nan
S2_BCN12_AS_NR	random_forest	s__Bacteroides_caccae	9	9	1.0	0.0029797768663603944	0.0029797768663603944	0.0027073329415450956	nan
S2_BCN12_AS_NR	random_forest	s__Pseudoflavonifractor_gallinarum	9	9	1.0	0.0029531183912918342	0.0029531183912918342	0.002661442694649427	nan
S2_BCN12_AS_NR	random_forest	s__GGB3061_SGB4063	9	9	1.0	0.0029103197024700576	0.0029103197024700576	0.0027622570840283374	nan
S2_BCN12_AS_NR	random_forest	s__GGB3444_SGB4594	9	9	1.0	0.0029042678957902726	0.0029042678957902726	0.0028539717077516197	nan
S2_BCN12_AS_NR	random_forest	s__Lactonifactor_sp_BIOML_A6	9	9	1.0	0.0029029061648346835	0.0029029061648346835	0.0031228825096228843	nan
S2_BCN12_AS_NR	random_forest	s__GGB3510_SGB4687	9	9	1.0	0.0028955752080393905	0.0028955752080393905	0.0026031012272058826	nan
S2_BCN12_AS_NR	random_forest	s__Collinsella_SGB14861	9	9	1.0	0.0028847324152565454	0.0028847324152565454	0.002931790532730628	nan
S2_BCN12_AS_NR	random_forest	s__Clostridium_sp_AM33_3	9	9	1.0	0.002840330461486955	0.002840330461486955	0.003225626182860775	nan
S2_BCN12_AS_NR	random_forest	s__GGB9719_SGB15272	9	9	1.0	0.002837805991073505	0.002837805991073505	0.0028829158768668367	nan
S2_BCN12_AS_NR	random_forest	s__Clostridium_butyricum	9	9	1.0	0.0028349439279470937	0.0028349439279470937	0.0031376080696699344	nan
S2_BCN12_AS_NR	random_forest	s__Clostridium_sp_AF36_4	9	9	1.0	0.0028174200624595477	0.0028174200624595477	0.002823945599630322	nan
S2_BCN12_AS_NR	random_forest	s__Anaerofilum_sp_BX8	9	9	1.0	0.0028060874147072226	0.0028060874147072226	0.0028430565809995255	nan
S2_BCN12_AS_NR	random_forest	s__Coprococcus_catus	9	9	1.0	0.0028031247118478144	0.0028031247118478144	0.0028446899222999483	nan
S2_BCN12_AS_NR	random_forest	s__Ligilactobacillus_ruminis	1	1	1.0	0.002802956674306021	0.002802956674306021	0.002802956674306021	nan
S2_BCN12_AS_NR	random_forest	s__Alistipes_shahii	9	9	1.0	0.002797918835338567	0.002797918835338567	0.0027830983703811523	nan
S2_BCN12_AS_NR	random_forest	s__Ruminococcus_bicirculans	9	9	1.0	0.0027626950839862428	0.0027626950839862428	0.00281983379797345	nan
S2_BCN12_AS_NR	random_forest	s__Methylobacterium_SGB15164	9	9	1.0	0.0027599199162869612	0.0027599199162869612	0.003013738607291541	nan
S2_BCN12_AS_NR	random_forest	s__Clostridium_sp_AM49_4BH	9	9	1.0	0.0027595205687149485	0.0027595205687149485	0.002844442048753545	nan
S2_BCN12_AS_NR	random_forest	s__Mediterraneibacter_butyricigenes	9	9	1.0	0.002758881355196449	0.002758881355196449	0.0029123765615150414	nan
S2_BCN12_AS_NR	random_forest	s__Eubacterium_ramulus	9	9	1.0	0.0027466954504161206	0.0027466954504161206	0.002635760500611654	nan
S2_BCN12_AS_NR	random_forest	s__Coprococcus_comes	9	9	1.0	0.002743638329715782	0.002743638329715782	0.002946087115740898	nan
S2_BCN12_AS_NR	random_forest	s__Agathobaculum_butyriciproducens	9	9	1.0	0.0027392229014606786	0.0027392229014606786	0.0026169223266225483	nan
S2_BCN12_AS_NR	random_forest	s__Roseburia_intestinalis	9	9	1.0	0.002735319956963664	0.002735319956963664	0.0025825810634646823	nan
S2_BCN12_AS_NR	random_forest	s__Ruminococcus_bromii	9	9	1.0	0.0027191404927554104	0.0027191404927554104	0.002474545240629093	nan
S2_BCN12_AS_NR	random_forest	s__Clostridium_sp_AF34_10BH	9	9	1.0	0.002706377889764121	0.002706377889764121	0.0026491543578745437	nan
S2_BCN12_AS_NR	random_forest	s__Dysosmobacter_sp_NSJ_60	9	9	1.0	0.002701848577158724	0.002701848577158724	0.0028195861184198636	nan
S2_BCN12_AS_NR	random_forest	s__Clostridium_sp_AF12_28	9	9	1.0	0.0026811908065769658	0.0026811908065769658	0.002270764098729934	nan
S2_BCN12_AS_NR	random_forest	s__GGB3746_SGB5089	9	9	1.0	0.0026772412409418185	0.0026772412409418185	0.002932076797365193	nan
S2_BCN12_AS_NR	random_forest	s__Bifidobacterium_bifidum	9	9	1.0	0.0026743352125847644	0.0026743352125847644	0.0025515189288373	nan
S2_BCN12_AS_NR	random_forest	s__Clostridium_sp_AF34_13	9	9	1.0	0.0026663474208452214	0.0026663474208452214	0.0022454220311753084	nan
S2_BCN12_AS_NR	random_forest	s__Enterocloster_bolteae	9	9	1.0	0.0026565570838715863	0.0026565570838715863	0.0027716071162731917	nan
S2_BCN12_AS_NR	random_forest	s__Veillonella_dispar	9	9	1.0	0.002650452892589415	0.002650452892589415	0.0023731765910701085	nan
S2_BCN12_AS_NR	random_forest	s__GGB2653_SGB3574	9	9	1.0	0.0026493595745085597	0.0026493595745085597	0.0026095734760566616	nan
S2_BCN12_AS_NR	random_forest	s__Clostridium_sp_AF20_17LB	9	9	1.0	0.0026071575564223706	0.0026071575564223706	0.0024189502883103097	nan
S2_BCN12_AS_NR	random_forest	s__Eggerthella_lenta	9	9	1.0	0.002576832805135938	0.002576832805135938	0.0021513923007734264	nan
S2_BCN12_AS_NR	random_forest	s__Mogibacterium_sp_BX12	9	9	1.0	0.002569045306312301	0.002569045306312301	0.0023659858170081262	nan
S2_BCN12_AS_NR	random_forest	s__Faecalicatena_fissicatena	9	9	1.0	0.0025682923341860705	0.0025682923341860705	0.0027386130442880047	nan
S2_BCN12_AS_NR	random_forest	s__GGB9759_SGB15370	9	9	1.0	0.002566245432495414	0.002566245432495414	0.0026065993191226673	nan
S2_BCN12_AS_NR	random_forest	s__Blautia_glucerasea	9	9	1.0	0.0025561150859688404	0.0025561150859688404	0.002450749716234584	nan
S2_BCN12_AS_NR	random_forest	s__Phocaeicola_dorei	9	9	1.0	0.0025524327983615027	0.0025524327983615027	0.002616913516283849	nan
S2_BCN12_AS_NR	random_forest	s__GGB9621_SGB15073	9	9	1.0	0.0025515038800012725	0.0025515038800012725	0.0024698089843404954	nan
S2_BCN12_AS_NR	random_forest	s__Anaerotignum_faecicola	9	9	1.0	0.002544232575699406	0.002544232575699406	0.0026510459962704796	nan
S2_BCN12_AS_NR	random_forest	s__Bacteroides_thetaiotaomicron	9	9	1.0	0.002543262911077738	0.002543262911077738	0.002193725978882809	nan
S2_BCN12_AS_NR	random_forest	s__Blautia_faecis	9	9	1.0	0.0025371003420941976	0.0025371003420941976	0.0025673960550856626	nan
S2_BCN12_AS_NR	random_forest	s__Lachnospira_eligens	9	9	1.0	0.0025206371041373815	0.0025206371041373815	0.002286633572165582	nan
S2_BCN12_AS_NR	random_forest	s__Enterocloster_lavalensis	9	9	1.0	0.0024967514980311395	0.0024967514980311395	0.002642588770814453	nan
S2_BCN12_AS_NR	random_forest	s__Barnesiella_intestinihominis	9	9	1.0	0.002492068568474712	0.002492068568474712	0.0025078213706106424	nan
S2_BCN12_AS_NR	random_forest	s__Bacteroides_eggerthii	9	9	1.0	0.0024899824841414456	0.0024899824841414456	0.0024178104321916152	nan
S2_BCN12_AS_NR	random_forest	s__Lachnotalea_sp_AF33_28	9	9	1.0	0.002485295483668587	0.002485295483668587	0.0022489893100647754	nan
S2_BCN12_AS_NR	random_forest	s__Alistipes_communis	9	9	1.0	0.0024669803758960492	0.0024669803758960492	0.002250459992617159	nan
S2_BCN12_AS_NR	random_forest	s__Bacteroides_finegoldii	9	9	1.0	0.00246263702450244	0.00246263702450244	0.0025958627628940864	nan
S2_BCN12_AS_NR	random_forest	s__Bacteroides_uniformis	9	9	1.0	0.0024611546519483457	0.0024611546519483457	0.0025388184622459698	nan
S2_BCN12_AS_NR	random_forest	s__GGB51647_SGB4348	9	9	1.0	0.002459671314787951	0.002459671314787951	0.002084684518038598	nan
S2_BCN12_AS_NR	random_forest	s__GGB9176_SGB14114	9	9	1.0	0.002456462155192865	0.002456462155192865	0.002524473086428153	nan
S2_BCN12_AS_NR	random_forest	s__Clostridium_scindens	9	9	1.0	0.002426809473201476	0.002426809473201476	0.002512947784939428	nan
S2_BCN12_AS_NR	random_forest	s__Bacteroides_ovatus	9	9	1.0	0.0024180633439333547	0.0024180633439333547	0.002254143422334294	nan
S2_BCN12_AS_NR	random_forest	s__Anaerobutyricum_hallii	9	9	1.0	0.0024019774276440205	0.0024019774276440205	0.0025453834620897684	nan
S2_BCN12_AS_NR	random_forest	s__Oscillibacter_sp_ER4	9	9	1.0	0.0023862751566417683	0.0023862751566417683	0.002429749220909015	nan
S2_BCN12_AS_NR	random_forest	s__Coprococcus_SGB4669	9	9	1.0	0.0023768165173920857	0.0023768165173920857	0.002103088055273081	nan
S2_BCN12_AS_NR	random_forest	s__Streptococcus_thermophilus	9	9	1.0	0.002362008044476016	0.002362008044476016	0.002371691587196809	nan
S2_BCN12_AS_NR	random_forest	s__Paraprevotella_clara	9	9	1.0	0.0023598245714927966	0.0023598245714927966	0.0023756725787447814	nan
S2_BCN12_AS_NR	random_forest	s__GGB3256_SGB4303	9	9	1.0	0.002334571681576987	0.002334571681576987	0.002238908839419249	nan
S2_BCN12_AS_NR	random_forest	s__GGB2998_SGB3989	9	9	1.0	0.0023207533622281017	0.0023207533622281017	0.0022223017738717036	nan
S2_BCN12_AS_NR	random_forest	s__Christensenella_minuta	9	9	1.0	0.0023163253962630425	0.0023163253962630425	0.0022671599104041413	nan
S2_BCN12_AS_NR	random_forest	s__Ruthenibacterium_lactatiformans	9	9	1.0	0.0023124133035885347	0.0023124133035885347	0.002128009411016563	nan
S2_BCN12_AS_NR	random_forest	s__Butyricicoccus_sp_AM29_23AC	9	9	1.0	0.002312190928735426	0.002312190928735426	0.0023788498832073507	nan
S2_BCN12_AS_NR	random_forest	s__Eisenbergiella_massiliensis	9	9	1.0	0.002304602978156594	0.002304602978156594	0.0019582108347968243	nan
S2_BCN12_AS_NR	random_forest	s__GGB9342_SGB14306	9	9	1.0	0.002290526972630477	0.002290526972630477	0.0022345237212357404	nan
S2_BCN12_AS_NR	random_forest	s__Bifidobacterium_dentium	9	9	1.0	0.0022894644662457262	0.0022894644662457262	0.002424694331173664	nan
S2_BCN12_AS_NR	random_forest	s__Clostridium_SGB6179	9	9	1.0	0.0022876147224812665	0.0022876147224812665	0.0017787060005384574	nan
S2_BCN12_AS_NR	random_forest	s__Prevotella_copri_clade_A	9	9	1.0	0.0022855367000797493	0.0022855367000797493	0.0021311101293193593	nan
S2_BCN12_AS_NR	random_forest	s__GGB3653_SGB4964	9	9	1.0	0.0022751979521015695	0.0022751979521015695	0.002164796257851695	nan
S2_BCN12_AS_NR	random_forest	s__GGB9345_SGB14311	9	9	1.0	0.0022714247465863923	0.0022714247465863923	0.001993216116762038	nan
S2_BCN12_AS_NR	random_forest	s__Anaerobutyricum_soehngenii	9	9	1.0	0.0022648371030799565	0.0022648371030799565	0.0020616659725593103	nan
S2_BCN12_AS_NR	random_forest	s__Blautia_caecimuris	9	9	1.0	0.002252934153593333	0.002252934153593333	0.00225616876143706	nan
S2_BCN12_AS_NR	random_forest	s__Blautia_luti	9	9	1.0	0.002250119607352834	0.002250119607352834	0.002204854028628519	nan
S2_BCN12_AS_NR	random_forest	s__Dorea_sp_AF24_7LB	9	9	1.0	0.002247542384896512	0.002247542384896512	0.002286834410438381	nan
S2_BCN12_AS_NR	random_forest	s__GGB9699_SGB15216	9	9	1.0	0.002232066911586085	0.002232066911586085	0.0023922320154489804	nan
S2_BCN12_AS_NR	random_forest	s__Clostridium_SGB4648	9	9	1.0	0.0022114260431766674	0.0022114260431766674	0.0021169019806546374	nan
S2_BCN12_AS_NR	random_forest	s__GGB3819_SGB5184	9	9	1.0	0.0022034599988714158	0.0022034599988714158	0.002222116794812275	nan
S2_BCN12_AS_NR	random_forest	s__Streptococcus_vestibularis	9	9	1.0	0.002203428762949698	0.002203428762949698	0.0023846179273340077	nan
S2_BCN12_AS_NR	random_forest	s__Collinsella_SGB4121	9	9	1.0	0.0021850690574627568	0.0021850690574627568	0.0022952706682929456	nan
S2_BCN12_AS_NR	random_forest	s__Anaerotruncus_rubiinfantis	9	9	1.0	0.0021849381905447987	0.0021849381905447987	0.002297069098432	nan
S2_BCN12_AS_NR	random_forest	s__Rheinheimera_SGB14999	9	9	1.0	0.0021760333514599826	0.0021760333514599826	0.002173286345775061	nan
S2_BCN12_AS_NR	random_forest	s__GGB79734_SGB15291	9	9	1.0	0.002168266377751613	0.002168266377751613	0.002093406395126552	nan
S2_BCN12_AS_NR	random_forest	s__GGB9694_SGB15204	9	9	1.0	0.0021673988337197565	0.0021673988337197565	0.0025173829411068538	nan
S2_BCN12_AS_NR	random_forest	s__Holdemanella_porci	9	9	1.0	0.0021656462798730226	0.0021656462798730226	0.0022944142891147433	nan
S2_BCN12_AS_NR	random_forest	s__Alistipes_ihumii	9	9	1.0	0.002163642133024062	0.002163642133024062	0.002196337481524618	nan
S2_BCN12_AS_NR	random_forest	s__GGB9767_SGB15385	9	9	1.0	0.0021635846741053827	0.0021635846741053827	0.0025343641779201963	nan
S2_BCN12_AS_NR	random_forest	s__GGB9634_SGB15093	9	9	1.0	0.0021613116011439714	0.0021613116011439714	0.002134999167438035	nan
S2_BCN12_AS_NR	random_forest	s__GGB9787_SGB15410	9	9	1.0	0.0021543899699131746	0.0021543899699131746	0.002181931679292218	nan
S2_BCN12_AS_NR	random_forest	s__GGB9453_SGB14844	9	9	1.0	0.002151776494825395	0.002151776494825395	0.002021276107526263	nan
S2_BCN12_AS_NR	random_forest	s__Hydrogenoanaerobacterium_saccharovorans	9	9	1.0	0.002147525232227992	0.002147525232227992	0.0020467401559199445	nan
S2_BCN12_AS_NR	random_forest	s__GGB3175_SGB4191	9	9	1.0	0.002141386535556428	0.002141386535556428	0.0022962854882679047	nan
S2_BCN12_AS_NR	random_forest	s__Lactococcus_lactis	9	9	1.0	0.0020986065281961438	0.0020986065281961438	0.0022700406164765066	nan
S2_BCN12_AS_NR	random_forest	s__Blautia_wexlerae	9	9	1.0	0.0020968963113441705	0.0020968963113441705	0.002180090826184478	nan
S2_BCN12_AS_NR	random_forest	s__Bifidobacterium_pseudocatenulatum	9	9	1.0	0.0020943806441437555	0.0020943806441437555	0.0017270478935255836	nan
S2_BCN12_AS_NR	random_forest	s__Blautia_SGB4815	9	9	1.0	0.0020886181463571104	0.0020886181463571104	0.002084459235075672	nan
S2_BCN12_AS_NR	random_forest	s__Butyricimonas_SGB15260	9	9	1.0	0.0020763948234917315	0.0020763948234917315	0.0022908986683556304	nan
S2_BCN12_AS_NR	random_forest	s__GGB3614_SGB4886	9	9	1.0	0.0020745418324213225	0.0020745418324213225	0.0015411490941903637	nan
S2_BCN12_AS_NR	random_forest	s__Candidatus_Cibionibacter_quicibialis	9	9	1.0	0.0020586448968366393	0.0020586448968366393	0.0020846913934809094	nan
S2_BCN12_AS_NR	random_forest	s__Lachnospira_pectinoschiza	9	9	1.0	0.002057553400417555	0.002057553400417555	0.001976070565042967	nan
S2_BCN12_AS_NR	random_forest	s__Turicibacter_bilis	9	9	1.0	0.002030184779469669	0.002030184779469669	0.001986401497061153	nan
S2_BCN12_AS_NR	random_forest	s__Parasutterella_excrementihominis	9	9	1.0	0.0020116842378829995	0.0020116842378829995	0.0017842058780994949	nan
S2_BCN12_AS_NR	random_forest	s__Butyricimonas_paravirosa	9	9	1.0	0.0020063485509008534	0.0020063485509008534	0.0017179158330534931	nan
S2_BCN12_AS_NR	random_forest	s__GGB9627_SGB15081	9	9	1.0	0.002005041595183977	0.002005041595183977	0.0016553817318827547	nan
S2_BCN12_AS_NR	random_forest	s__Lancefieldella_parvula	9	9	1.0	0.0020013847957629626	0.0020013847957629626	0.001975422158346259	nan
S2_BCN12_AS_NR	random_forest	s__Actinomyces_oris	9	9	1.0	0.0019889313724764856	0.0019889313724764856	0.0017496329870841014	nan
S2_BCN12_AS_NR	random_forest	s__Gordonibacter_urolithinfaciens	9	9	1.0	0.0019791248037274185	0.0019791248037274185	0.0019333759910014163	nan
S2_BCN12_AS_NR	random_forest	s__Eubacterium_ventriosum	9	9	1.0	0.001978050928412618	0.001978050928412618	0.0018358787178377944	nan
S2_BCN12_AS_NR	random_forest	s__Senegalimassilia_anaerobia	9	9	1.0	0.001970643314156862	0.001970643314156862	0.0019042000686435056	nan
S2_BCN12_AS_NR	random_forest	s__Dialister_invisus	9	9	1.0	0.0019688541972200544	0.0019688541972200544	0.002057245520482425	nan
S2_BCN12_AS_NR	random_forest	s__Alistipes_indistinctus	9	9	1.0	0.001960953586459267	0.001960953586459267	0.001718904225507661	nan
S2_BCN12_AS_NR	random_forest	s__GGB9713_SGB15249	9	9	1.0	0.0019328048473231212	0.0019328048473231212	0.0020770131821509896	nan
S2_BCN12_AS_NR	random_forest	s__Dorea_sp_AF36_15AT	9	9	1.0	0.0019269729401519354	0.0019269729401519354	0.001742287432100175	nan
S2_BCN12_AS_NR	random_forest	s__Clostridium_spiroforme	9	9	1.0	0.0019214141505374974	0.0019214141505374974	0.0019247913917896558	nan
S2_BCN12_AS_NR	random_forest	s__Odoribacter_splanchnicus	9	9	1.0	0.0019212092514540706	0.0019212092514540706	0.0020998559275922507	nan
S2_BCN12_AS_NR	random_forest	s__Clostridium_sp_AT4	9	9	1.0	0.0019205884152208971	0.0019205884152208971	0.0017683351245404936	nan
S2_BCN12_AS_NR	random_forest	s__GGB9602_SGB15031	9	9	1.0	0.0019130257930353182	0.0019130257930353182	0.0022248057542983927	nan
S2_BCN12_AS_NR	random_forest	s__Oscillibacter_sp_NSJ_62	8	8	1.0	0.0018988599478576159	0.0018988599478576159	0.001727543642265754	nan
S2_BCN12_AS_NR	random_forest	s__Dorea_longicatena	9	9	1.0	0.001889301421108802	0.001889301421108802	0.0018495352436029777	nan
S2_BCN12_AS_NR	random_forest	s__GGB9524_SGB14924	9	9	1.0	0.0018774372017866274	0.0018774372017866274	0.0016419453905298508	nan
S2_BCN12_AS_NR	random_forest	s__GGB33469_SGB15236	9	9	1.0	0.0018705911467629596	0.0018705911467629596	0.0018249053356291004	nan
S2_BCN12_AS_NR	random_forest	s__Holdemania_sp_1001095H_141210_F2	9	9	1.0	0.0018682072978089622	0.0018682072978089622	0.0018596001246928744	nan
S2_BCN12_AS_NR	random_forest	s__GGB9501_SGB14898	9	9	1.0	0.0018678381215444597	0.0018678381215444597	0.0016123284576800468	nan
S2_BCN12_AS_NR	random_forest	s__Clostridium_sp_Marseille_P3244	9	9	1.0	0.0018665649281950825	0.0018665649281950825	0.0017163243478414776	nan
S2_BCN12_AS_NR	random_forest	s__GGB9775_SGB15395	9	9	1.0	0.0018602984208610685	0.0018602984208610685	0.001822135234448022	nan
S2_BCN12_AS_NR	random_forest	s__Faecalibacterium_SGB15315	9	9	1.0	0.0018459898611170146	0.0018459898611170146	0.0017793900295170473	nan
S2_BCN12_AS_NR	random_forest	s__Streptococcus_sanguinis	9	9	1.0	0.001837605306413027	0.001837605306413027	0.0017173504376137745	nan
S2_BCN12_AS_NR	random_forest	s__Phocaeicola_massiliensis	9	9	1.0	0.001831547643009057	0.001831547643009057	0.00171966601040969	nan
S2_BCN12_AS_NR	random_forest	s__Turicibacter_sanguinis	9	9	1.0	0.0018293488562299495	0.0018293488562299495	0.0017057606622745598	nan
S2_BCN12_AS_NR	random_forest	s__Clostridium_symbiosum	9	9	1.0	0.0018288840379474165	0.0018288840379474165	0.0018590286697530323	nan
S2_BCN12_AS_NR	random_forest	s__GGB3570_SGB4777	9	9	1.0	0.001810733006773761	0.001810733006773761	0.0019356696155109466	nan
S2_BCN12_AS_NR	random_forest	s__Desulfovibrio_SGB5077	9	9	1.0	0.0018095753497222302	0.0018095753497222302	0.0015446326288696113	nan
S2_BCN12_AS_NR	random_forest	s__GGB3005_SGB3996	9	9	1.0	0.0018082151189489186	0.0018082151189489186	0.002097816342244514	nan
S2_BCN12_AS_NR	random_forest	s__Phascolarctobacterium_SGB4573	9	9	1.0	0.0017910294049332026	0.0017910294049332026	0.0019083328459627358	nan
S2_BCN12_AS_NR	random_forest	s__Enterocloster_citroniae	9	9	1.0	0.0017858848804709834	0.0017858848804709834	0.0014864654734094063	nan
S2_BCN12_AS_NR	random_forest	s__Acidaminococcus_intestini	9	9	1.0	0.0017838798883299098	0.0017838798883299098	0.0017717357368747895	nan
S2_BCN12_AS_NR	random_forest	s__Sellimonas_intestinalis	9	9	1.0	0.0017744957276470215	0.0017744957276470215	0.001822341249185797	nan
S2_BCN12_AS_NR	random_forest	s__Ruminococcus_sp_BSD2780120874_150323_B10	9	9	1.0	0.0017732252714443692	0.0017732252714443692	0.0016901416747202044	nan
S2_BCN12_AS_NR	random_forest	s__Bifidobacterium_catenulatum	8	8	1.0	0.0017705562170324883	0.0017705562170324883	0.0017337243297216674	nan
S2_BCN12_AS_NR	random_forest	s__GGB9512_SGB14909	9	9	1.0	0.0017692847142857819	0.0017692847142857819	0.0016861386294714767	nan
S2_BCN12_AS_NR	random_forest	s__GGB52106_SGB72838	9	9	1.0	0.001760646810623298	0.001760646810623298	0.0016239861441963218	nan
S2_BCN12_AS_NR	random_forest	s__Butyricimonas_virosa	9	9	1.0	0.0017502005747084904	0.0017502005747084904	0.001360565070964992	nan
S2_BCN12_AS_NR	random_forest	s__GGB34900_SGB14891	9	9	1.0	0.0017399845917608614	0.0017399845917608614	0.0014015792614229024	nan
S2_BCN12_AS_NR	random_forest	s__GGB9760_SGB15374	9	9	1.0	0.0017397613752850346	0.0017397613752850346	0.0016453139262414104	nan
S2_BCN12_AS_NR	random_forest	s__Eisenbergiella_tayi	9	9	1.0	0.0017254761410584326	0.0017254761410584326	0.0015208645961318561	nan
S2_BCN12_AS_NR	random_forest	s__GGB9619_SGB15067	9	9	1.0	0.0017209386406808103	0.0017209386406808103	0.0013838570312957107	nan
S2_BCN12_AS_NR	random_forest	s__Faecalibacillus_faecis	9	9	1.0	0.0017204361175059354	0.0017204361175059354	0.001648708724641078	nan
S2_BCN12_AS_NR	random_forest	s__Massilioclostridium_coli	9	9	1.0	0.0017198869353532375	0.0017198869353532375	0.0016128370429069755	nan
S2_BCN12_AS_NR	random_forest	s__Clostridium_sp_NSJ_42	9	9	1.0	0.0017187612006669564	0.0017187612006669564	0.0015359213542680472	nan
S2_BCN12_AS_NR	random_forest	s__GGB9760_SGB15373	9	9	1.0	0.0017159357113968824	0.0017159357113968824	0.0016866893787853181	nan
S2_BCN12_AS_NR	random_forest	s__GGB2980_SGB3962	9	9	1.0	0.0017147347284511931	0.0017147347284511931	0.001594343169914554	nan
S2_BCN12_AS_NR	random_forest	s__Longicatena_caecimuris	9	9	1.0	0.0017042751356602477	0.0017042751356602477	0.0016488614934776662	nan
S2_BCN12_AS_NR	random_forest	s__GGB9719_SGB15273	9	9	1.0	0.0017017004969032419	0.0017017004969032419	0.0017313373122093316	nan
S2_BCN12_AS_NR	random_forest	s__GGB79998_SGB48024	1	1	1.0	0.0016820060826880714	0.0016820060826880714	0.0016820060826880714	nan
S2_BCN12_AS_NR	random_forest	s__GGB9522_SGB14921	9	9	1.0	0.0016812471015088765	0.0016812471015088765	0.0018336636914537995	nan
S2_BCN12_AS_NR	random_forest	s__Clostridium_sp_1001270J_160509_D11	9	9	1.0	0.0016782143060117766	0.0016782143060117766	0.0018226861146248571	nan
S2_BCN12_AS_NR	random_forest	s__Blautia_sp_MSK_20_85	9	9	1.0	0.0016717586363732327	0.0016717586363732327	0.0017403547629782489	nan
S2_BCN12_AS_NR	random_forest	s__Bacteroides_intestinalis	9	9	1.0	0.0016706400229251335	0.0016706400229251335	0.0018851559081673015	nan
S2_BCN12_AS_NR	random_forest	s__Phascolarctobacterium_succinatutens	9	9	1.0	0.0016702665658657175	0.0016702665658657175	0.0016989228283543338	nan
S2_BCN12_AS_NR	random_forest	s__Streptococcus_anginosus	9	9	1.0	0.0016687433643628661	0.0016687433643628661	0.0016939313335278836	nan
S2_BCN12_AS_NR	random_forest	s__Massiliimalia_massiliensis	9	9	1.0	0.001666834716689289	0.001666834716689289	0.0016146178502770105	nan
S2_BCN12_AS_NR	random_forest	s__Eubacterium_sp_AF34_35BH	9	9	1.0	0.001655389251733879	0.001655389251733879	0.0017214916074971601	nan
S2_BCN12_AS_NR	random_forest	s__GGB9770_SGB15390	9	9	1.0	0.0016525796718818886	0.0016525796718818886	0.0015431373971657965	nan
S2_BCN12_AS_NR	random_forest	s__GGB14025_SGB14906	9	9	1.0	0.0016355112797730618	0.0016355112797730618	0.0016383832517378025	nan
S2_BCN12_AS_NR	random_forest	s__Mediterraneibacter_massiliensis	9	9	1.0	0.0016313312873068005	0.0016313312873068005	0.0015083478719044136	nan
S2_BCN12_AS_NR	random_forest	s__GGB33928_SGB15225	9	9	1.0	0.0016280780329239691	0.0016280780329239691	0.001714474287844933	nan
S2_BCN12_AS_NR	random_forest	s__GGB77437_SGB9391	9	9	1.0	0.0016235800760400663	0.0016235800760400663	0.001299747896833588	nan
S2_BCN12_AS_NR	random_forest	s__Blautia_obeum	9	9	1.0	0.0016200791018897217	0.0016200791018897217	0.0015888529749866717	nan
S2_BCN12_AS_NR	random_forest	s__Actinomyces_sp_ph3	9	9	1.0	0.0016081520008066183	0.0016081520008066183	0.0012497952307225382	nan
S2_BCN12_AS_NR	random_forest	s__GGB9063_SGB13982	9	9	1.0	0.0015932230342225867	0.0015932230342225867	0.0014387984692625796	nan
S2_BCN12_AS_NR	random_forest	s__Parabacteroides_goldsteinii	9	9	1.0	0.0015928268202930226	0.0015928268202930226	0.0017171716553410399	nan
S2_BCN12_AS_NR	random_forest	s__GGB9641_SGB15117	9	9	1.0	0.0015841926387603683	0.0015841926387603683	0.0014835216863119767	nan
S2_BCN12_AS_NR	random_forest	s__Butyricimonas_faecihominis	9	9	1.0	0.0015825220568015288	0.0015825220568015288	0.0014711009796032819	nan
S2_BCN12_AS_NR	random_forest	s__Neglectibacter_timonensis	9	9	1.0	0.0015798550554955478	0.0015798550554955478	0.0021188876895249357	nan
S2_BCN12_AS_NR	random_forest	s__GGB3034_SGB4030	9	9	1.0	0.0015788081093738898	0.0015788081093738898	0.0016738459424786043	nan
S2_BCN12_AS_NR	random_forest	s__GGB9293_SGB14250	9	9	1.0	0.0015776870225469913	0.0015776870225469913	0.0014668231724646137	nan
S2_BCN12_AS_NR	random_forest	s__Clostridium_sp_AF27_2AA	9	9	1.0	0.0015717581436469044	0.0015717581436469044	0.0014042393411563701	nan
S2_BCN12_AS_NR	random_forest	s__GGB45491_SGB63163	9	9	1.0	0.0015699555739913766	0.0015699555739913766	0.001691230500604371	nan
S2_BCN12_AS_NR	random_forest	s__GGB9635_SGB15106	9	9	1.0	0.0015675395397775863	0.0015675395397775863	0.0017751819329290723	nan
S2_BCN12_AS_NR	random_forest	s__GGB9788_SGB15411	9	9	1.0	0.0015637572706447447	0.0015637572706447447	0.0013401407436975932	nan
S2_BCN12_AS_NR	random_forest	s__Actinomyces_naeslundii	9	9	1.0	0.0015633499646250037	0.0015633499646250037	0.0014480527974359795	nan
S2_BCN12_AS_NR	random_forest	s__GGB3537_SGB4727	9	9	1.0	0.0015592415447480714	0.0015592415447480714	0.0015543518008556338	nan
S2_BCN12_AS_NR	random_forest	s__GGB9619_SGB15066	9	9	1.0	0.0015526782640911437	0.0015526782640911437	0.0017343721344440192	nan
S2_BCN12_AS_NR	random_forest	s__Monoglobus_pectinilyticus	9	9	1.0	0.001550572322855196	0.001550572322855196	0.0014171369202913898	nan
S2_BCN12_AS_NR	random_forest	s__Ruminococcus_lactaris	9	9	1.0	0.0015393894445466124	0.0015393894445466124	0.0013494052503025085	nan
S2_BCN12_AS_NR	random_forest	s__GGB13493_SGB15238	9	9	1.0	0.0015305298476396782	0.0015305298476396782	0.0013938669541303632	nan
S2_BCN12_AS_NR	random_forest	s__GGB9559_SGB14969	9	9	1.0	0.0015292658295636453	0.0015292658295636453	0.0013625935599150215	nan
S2_BCN12_AS_NR	random_forest	s__Actinomyces_graevenitzii	9	9	1.0	0.0015268144945506873	0.0015268144945506873	0.0014695133482600512	nan
S2_BCN12_AS_NR	random_forest	s__GGB9707_SGB15229	9	9	1.0	0.00152618839093058	0.00152618839093058	0.0016222265775939953	nan
S2_BCN12_AS_NR	random_forest	s__GGB51959_SGB72479	9	9	1.0	0.0015209462440758552	0.0015209462440758552	0.0016633828718589996	nan
S2_BCN12_AS_NR	random_forest	s__Candidatus_Borkfalkia_ceftriaxoniphila	9	9	1.0	0.0015199889511255693	0.0015199889511255693	0.0010735759243696856	nan
S2_BCN12_AS_NR	random_forest	s__GGB74463_SGB54347	9	9	1.0	0.001509445925390858	0.001509445925390858	0.0014415486465590272	nan
S2_BCN12_AS_NR	random_forest	s__Coprobacter_fastidiosus	9	9	1.0	0.0015080265311625382	0.0015080265311625382	0.001330104433353301	nan
S2_BCN12_AS_NR	random_forest	s__GGB9781_SGB66170	9	9	1.0	0.0014975868057129328	0.0014975868057129328	0.0013179312586783251	nan
S2_BCN12_AS_NR	random_forest	s__Flavonifractor_plautii	9	9	1.0	0.0014951692702946102	0.0014951692702946102	0.0014064702517098927	nan
S2_BCN12_AS_NR	random_forest	s__GGB9818_SGB15459	9	9	1.0	0.0014925541913585036	0.0014925541913585036	0.0013824883758056464	nan
S2_BCN12_AS_NR	random_forest	s__Roseburia_sp_AM16_25	9	9	1.0	0.0014554866569273137	0.0014554866569273137	0.0015168930210889635	nan
S2_BCN12_AS_NR	random_forest	s__GGB2848_SGB3813	9	9	1.0	0.0014518332447285608	0.0014518332447285608	0.0015272381366276489	nan
S2_BCN12_AS_NR	random_forest	s__Catenibacillus_scindens	9	9	1.0	0.0014437777530480137	0.0014437777530480137	0.0014030966576747141	nan
S2_BCN12_AS_NR	random_forest	s__GGB2958_SGB3940	9	9	1.0	0.001442636347119706	0.001442636347119706	0.0015777720079778867	nan
S2_BCN12_AS_NR	random_forest	s__Hydrogeniiclostidium_mannosilyticum	9	9	1.0	0.0014397368857343047	0.0014397368857343047	0.0012626966357909563	nan
S2_BCN12_AS_NR	random_forest	s__Bacteroides_clarus	9	9	1.0	0.0014387393536366838	0.0014387393536366838	0.001464894093069623	nan
S2_BCN12_AS_NR	random_forest	s__GGB9765_SGB15382	9	9	1.0	0.0014352407011647406	0.0014352407011647406	0.0016869660892584201	nan
S2_BCN12_AS_NR	random_forest	s__Haemophilus_parainfluenzae	9	9	1.0	0.001429325209724246	0.001429325209724246	0.0014640766778347286	nan
S2_BCN12_AS_NR	random_forest	s__Neobittarella_massiliensis	9	9	1.0	0.0014260740005982264	0.0014260740005982264	0.001364187919015573	nan
S2_BCN12_AS_NR	random_forest	s__GGB9480_SGB14874	9	9	1.0	0.0014248137530340611	0.0014248137530340611	0.0014816786618551702	nan
S2_BCN12_AS_NR	random_forest	s__Anaerofustis_stercorihominis	9	9	1.0	0.001424501694639949	0.001424501694639949	0.001445584996882926	nan
S2_BCN12_AS_NR	random_forest	s__Blautia_hydrogenotrophica	9	9	1.0	0.0014173236732196392	0.0014173236732196392	0.001493220853871529	nan
S2_BCN12_AS_NR	random_forest	s__Blautia_sp_OF03_15BH	9	9	1.0	0.0014151082321306168	0.0014151082321306168	0.001335163067905694	nan
S2_BCN12_AS_NR	random_forest	s__Mediterraneibacter_glycyrrhizinilyticus	9	9	1.0	0.0014124774820036042	0.0014124774820036042	0.0013159070533939343	nan
S2_BCN12_AS_NR	random_forest	s__Actinomyces_SGB17168	9	9	1.0	0.0014081384563964228	0.0014081384563964228	0.0012732555078514716	nan
S2_BCN12_AS_NR	random_forest	s__Coprobacillus_cateniformis	9	9	1.0	0.0014044541392113146	0.0014044541392113146	0.0013367510930910509	nan
S2_BCN12_AS_NR	random_forest	s__Actinomyces_sp_ICM47	9	9	1.0	0.001403682749994578	0.001403682749994578	0.0013549979914185412	nan
S2_BCN12_AS_NR	random_forest	s__GGB9766_SGB15383	9	9	1.0	0.001402355820190499	0.001402355820190499	0.0014533272019583061	nan
S2_BCN12_AS_NR	random_forest	s__GGB58233_SGB79883	9	9	1.0	0.0014012813429655803	0.0014012813429655803	0.001441672917423665	nan
S2_BCN12_AS_NR	random_forest	s__GGB42378_SGB59548	1	1	1.0	0.001401198443078418	0.001401198443078418	0.001401198443078418	nan
S2_BCN12_AS_NR	random_forest	s__GGB9062_SGB13981	9	9	1.0	0.0014007697886306199	0.0014007697886306199	0.0012463770511344416	nan
S2_BCN12_AS_NR	random_forest	s__Pseudoflavonifractor_capillosus	9	9	1.0	0.0013974062131760323	0.0013974062131760323	0.0011923697493735489	nan
S2_BCN12_AS_NR	random_forest	s__GGB9453_SGB14845	9	9	1.0	0.0013932208856471213	0.0013932208856471213	0.001038297249850952	nan
S2_BCN12_AS_NR	random_forest	s__Bacteroides_nordii	9	9	1.0	0.0013906007299934622	0.0013906007299934622	0.0012822518139061457	nan
S2_BCN12_AS_NR	random_forest	s__Slackia_isoflavoniconvertens	9	9	1.0	0.0013902501469524463	0.0013902501469524463	0.001103115647210413	nan
S2_BCN12_AS_NR	random_forest	s__Lactobacillus_gasseri	9	9	1.0	0.0013886710636062513	0.0013886710636062513	0.001601046296577013	nan
S2_BCN12_AS_NR	random_forest	s__GGB9781_SGB15402	9	9	1.0	0.0013845842011418275	0.0013845842011418275	0.0014398966336948433	nan
S2_BCN12_AS_NR	random_forest	s__GGB1420_SGB1957	6	6	1.0	0.0013804348316860573	0.0013804348316860573	0.0011565686859307297	nan
S2_BCN12_AS_NR	random_forest	s__GGB34797_SGB14322	9	9	1.0	0.0013782238404012241	0.0013782238404012241	0.0013141141731694847	nan
S2_BCN12_AS_NR	random_forest	s__GGB80140_SGB15224	9	9	1.0	0.001377560268395412	0.001377560268395412	0.0014609373701776275	nan
S2_BCN12_AS_NR	random_forest	s__Streptococcus_gordonii	9	9	1.0	0.0013761613664580283	0.0013761613664580283	0.0010811866528941448	nan
S2_BCN12_AS_NR	random_forest	s__Limosilactobacillus_fermentum	9	9	1.0	0.001376018378785653	0.001376018378785653	0.0014379764184199117	nan
S2_BCN12_AS_NR	random_forest	s__GGB9618_SGB15065	8	8	1.0	0.0013735123515860477	0.0013735123515860477	0.0013075248805258183	nan
S2_BCN12_AS_NR	random_forest	s__Mediterraneibacter_SGB48424	9	9	1.0	0.0013711617817523428	0.0013711617817523428	0.0014555108242333592	nan
S2_BCN12_AS_NR	random_forest	s__Klebsiella_pneumoniae	9	9	1.0	0.0013680205661286012	0.0013680205661286012	0.001281282427437389	nan
S2_BCN12_AS_NR	random_forest	s__Parabacteroides_johnsonii	6	6	1.0	0.0013662690828840712	0.0013662690828840712	0.0012254674921117685	nan
S2_BCN12_AS_NR	random_forest	s__GGB3109_SGB4643	9	9	1.0	0.0013660479954021075	0.0013660479954021075	0.0013212189094272415	nan
S2_BCN12_AS_NR	random_forest	s__GGB9646_SGB15123	9	9	1.0	0.0013659877123623314	0.0013659877123623314	0.0012479925700119691	nan
S2_BCN12_AS_NR	random_forest	s__GGB3304_SGB4367	9	9	1.0	0.0013615031696611979	0.0013615031696611979	0.0012935060861421171	nan
S2_BCN12_AS_NR	random_forest	s__GGB9640_SGB15115	9	9	1.0	0.0013540782814455042	0.0013540782814455042	0.001482776363445812	nan
S2_BCN12_AS_NR	random_forest	s__Methanobrevibacter_smithii	9	9	1.0	0.0013484363566893497	0.0013484363566893497	0.0012407312375130467	nan
S2_BCN12_AS_NR	random_forest	s__Christensenella_sp_Marseille_P3954	7	7	1.0	0.0013465749985641332	0.0013465749985641332	0.001292475085542852	nan
S2_BCN12_AS_NR	random_forest	s__GGB16040_SGB9347	9	9	1.0	0.0013417020789222224	0.0013417020789222224	0.001232766531184192	nan
S2_BCN12_AS_NR	random_forest	s__GGB9712_SGB15244	9	9	1.0	0.0013379360775627779	0.0013379360775627779	0.0012853663795660505	nan
S2_BCN12_AS_NR	random_forest	s__GGB10692_SGB17347	7	7	1.0	0.001336795235910175	0.001336795235910175	0.001215032380823738	nan
S2_BCN12_AS_NR	random_forest	s__Rothia_mucilaginosa	9	9	1.0	0.0013289173248264656	0.0013289173248264656	0.0011469011728934282	nan
S2_BCN12_AS_NR	random_forest	s__GGB3730_SGB5060	9	9	1.0	0.0013280867261877462	0.0013280867261877462	0.0010965666088202292	nan
S2_BCN12_AS_NR	random_forest	s__GGB9790_SGB15413	9	9	1.0	0.0013256760146888545	0.0013256760146888545	0.0014412044825989718	nan
S2_BCN12_AS_NR	random_forest	s__Enterocloster_clostridioformis	9	9	1.0	0.0013138940538893295	0.0013138940538893295	0.0009254658337603666	nan
S2_BCN12_AS_NR	random_forest	s__Actinomyces_SGB17157	8	8	1.0	0.0013116306000370602	0.0013116306000370602	0.001359371289251792	nan
S2_BCN12_AS_NR	random_forest	s__GGB80011_SGB15267	9	9	1.0	0.001308053911848882	0.001308053911848882	0.00141383733212314	nan
S2_BCN12_AS_NR	random_forest	s__Streptococcus_mitis	9	9	1.0	0.0013072855802782246	0.0013072855802782246	0.0011977024766327163	nan
S2_BCN12_AS_NR	random_forest	s__Alistipes_dispar	9	9	1.0	0.0013065424259467635	0.0013065424259467635	0.0011770154210605454	nan
S2_BCN12_AS_NR	random_forest	s__Coprococcus_eutactus	9	9	1.0	0.001304751590323453	0.001304751590323453	0.0016319346120849002	nan
S2_BCN12_AS_NR	random_forest	s__GGB9758_SGB15368	9	9	1.0	0.0013045400359224567	0.0013045400359224567	0.0013966606747762773	nan
S2_BCN12_AS_NR	random_forest	s__GGB9614_SGB15049	9	9	1.0	0.0013008924403959008	0.0013008924403959008	0.001085684597426654	nan
S2_BCN12_AS_NR	random_forest	s__Clostridium_saudiense	9	9	1.0	0.0013007553773969848	0.0013007553773969848	0.001355701401999535	nan
S2_BCN12_AS_NR	random_forest	s__Bifidobacterium_animalis	9	9	1.0	0.0013000895403126973	0.0013000895403126973	0.0012488667462476621	nan
S2_BCN12_AS_NR	random_forest	s__Clostridium_perfringens	8	8	1.0	0.0012923796878119022	0.0012923796878119022	0.00091492648735151	nan
S2_BCN12_AS_NR	random_forest	s__Enterococcus_SGB6173	9	9	1.0	0.0012835875642747277	0.0012835875642747277	0.0014734363309413473	nan
S2_BCN12_AS_NR	random_forest	s__Vescimonas_fastidiosa	4	4	1.0	0.0012728916570435337	0.0012728916570435337	0.001349716392666375	nan
S2_BCN12_AS_NR	random_forest	s__Mogibacterium_diversum	9	9	1.0	0.0012705980116769935	0.0012705980116769935	0.001276687269227801	nan
S2_BCN12_AS_NR	random_forest	s__GGB42994_SGB4746	9	9	1.0	0.0012704888156554626	0.0012704888156554626	0.0013854708278832784	nan
S2_BCN12_AS_NR	random_forest	s__GGB9770_SGB15389	9	9	1.0	0.0012651157081466032	0.0012651157081466032	0.0010390406344256203	nan
S2_BCN12_AS_NR	random_forest	s__Coprobacter_secundus	9	9	1.0	0.0012604100085336874	0.0012604100085336874	0.0011368484754482207	nan
S2_BCN12_AS_NR	random_forest	s__Enterococcus_faecium	9	9	1.0	0.0012578557115190013	0.0012578557115190013	0.001193011002589263	nan
S2_BCN12_AS_NR	random_forest	s__Blautia_hansenii	9	9	1.0	0.0012577276019819254	0.0012577276019819254	0.0014198860094674212	nan
S2_BCN12_AS_NR	random_forest	s__GGB3167_SGB4181	9	9	1.0	0.0012411252918561467	0.0012411252918561467	0.0014482917171149804	nan
S2_BCN12_AS_NR	random_forest	s__GGB9474_SGB14868	3	3	1.0	0.0012376205776424953	0.0012376205776424953	0.0011849842687223196	nan
S2_BCN12_AS_NR	random_forest	s__Sanguibacter_SGB15121	9	9	1.0	0.0012373990227220932	0.0012373990227220932	0.0013146097681628415	nan
S2_BCN12_AS_NR	random_forest	s__GGB1495_SGB2071	4	4	1.0	0.0012326639675800028	0.0012326639675800028	0.0012512824239556356	nan
S2_BCN12_AS_NR	random_forest	s__GGB1662_SGB2276	2	2	1.0	0.001231692243786153	0.001231692243786153	0.001231692243786153	nan
S2_BCN12_AS_NR	random_forest	s__Merdimonas_faecis	9	9	1.0	0.0012315749984486998	0.0012315749984486998	0.001253339677248235	nan
S2_BCN12_AS_NR	random_forest	s__Ellagibacter_isourolithinifaciens	9	9	1.0	0.0012282879136816917	0.0012282879136816917	0.0011473915614607863	nan
S2_BCN12_AS_NR	random_forest	s__GGB3619_SGB4894	9	9	1.0	0.0012273583406993338	0.0012273583406993338	0.0008959955292834955	nan
S2_BCN12_AS_NR	random_forest	s__Enterocloster_SGB14313	9	9	1.0	0.0012190704994643167	0.0012190704994643167	0.0012848225004729414	nan
S2_BCN12_AS_NR	random_forest	s__GGB35068_SGB47850	9	9	1.0	0.0012138941806107317	0.0012138941806107317	0.0010920984595778015	nan
S2_BCN12_AS_NR	random_forest	s__GGB51441_SGB71759	9	9	1.0	0.0012131226546707532	0.0012131226546707532	0.0013637911022396014	nan
S2_BCN12_AS_NR	random_forest	s__Actinomyces_sp_ICM58	9	9	1.0	0.0012079811827043303	0.0012079811827043303	0.001292892521569252	nan
S2_BCN12_AS_NR	random_forest	s__Enterocloster_aldenensis	9	9	1.0	0.0011976461667987342	0.0011976461667987342	0.00104864592166626	nan
S2_BCN12_AS_NR	random_forest	s__GGB9602_SGB15028	9	9	1.0	0.0011962254959061096	0.0011962254959061096	0.0010297871321362166	nan
S2_BCN12_AS_NR	random_forest	s__Actinomyces_sp_oral_taxon_448	9	9	1.0	0.0011876246105941108	0.0011876246105941108	0.001161591146992816	nan
S2_BCN12_AS_NR	random_forest	s__GGB3534_SGB4722	9	9	1.0	0.0011815979138158786	0.0011815979138158786	0.001085729975029138	nan
S2_BCN12_AS_NR	random_forest	s__GGB9708_SGB15233	9	9	1.0	0.0011784087479015746	0.0011784087479015746	0.0012209089513708835	nan
S2_BCN12_AS_NR	random_forest	s__GGB4456_SGB6141	9	9	1.0	0.0011689674488244166	0.0011689674488244166	0.0010219465146935217	nan
S2_BCN12_AS_NR	random_forest	s__Actinobaculum_sp_oral_taxon_183	8	8	1.0	0.0011669740047687885	0.0011669740047687885	0.0012788459795102804	nan
S2_BCN12_AS_NR	random_forest	s__Enterococcus_faecalis	9	9	1.0	0.001166182841529844	0.001166182841529844	0.0011462829440071385	nan
S2_BCN12_AS_NR	random_forest	s__Ruminococcus_callidus	9	9	1.0	0.0011623847058796295	0.0011623847058796295	0.0010904998062948347	nan
S2_BCN12_AS_NR	random_forest	s__GGB45497_SGB63169	9	9	1.0	0.0011622615480646839	0.0011622615480646839	0.0011211432354629291	nan
S2_BCN12_AS_NR	random_forest	s__Collinsella_SGB14987	9	9	1.0	0.0011602391807420504	0.0011602391807420504	0.0009486000547908877	nan
S2_BCN12_AS_NR	random_forest	s__GGB9636_SGB15107	9	9	1.0	0.0011599237139450868	0.0011599237139450868	0.0010114839581090087	nan
S2_BCN12_AS_NR	random_forest	s__Vescimonas_SGB15087	9	9	1.0	0.0011527883765233493	0.0011527883765233493	0.0010979165947481839	nan
S2_BCN12_AS_NR	random_forest	s__GGB9608_SGB15041	9	9	1.0	0.001148953214560416	0.001148953214560416	0.0012092474714555188	nan
S2_BCN12_AS_NR	random_forest	s__Actinomyces_massiliensis	8	8	1.0	0.0011466813902208163	0.0011466813902208163	0.00130668979059084	nan
S2_BCN12_AS_NR	random_forest	s__Lachnospira_sp_NSJ_43	9	9	1.0	0.0011443915386736868	0.0011443915386736868	0.0009136130216774124	nan
S2_BCN12_AS_NR	random_forest	s__Olsenella_uli	1	1	1.0	0.0011430361263441617	0.0011430361263441617	0.0011430361263441617	nan
S2_BCN12_AS_NR	random_forest	s__Tyzzerella_nexilis	9	9	1.0	0.0011428807859961284	0.0011428807859961284	0.0012073331366004672	nan
S2_BCN12_AS_NR	random_forest	s__GGB9186_SGB14125	9	9	1.0	0.001139694416905197	0.001139694416905197	0.001386584701667231	nan
S2_BCN12_AS_NR	random_forest	s__GGB47687_SGB2286	9	9	1.0	0.001137774715292841	0.001137774715292841	0.001031312923351752	nan
S2_BCN12_AS_NR	random_forest	s__Staphylococcus_SGB6340	9	9	1.0	0.0011363120642195771	0.0011363120642195771	0.00121208788989714	nan
S2_BCN12_AS_NR	random_forest	s__GGB2970_SGB3952	9	9	1.0	0.0011329097735149427	0.0011329097735149427	0.0012744701605687642	nan
S2_BCN12_AS_NR	random_forest	s__Clostridium_sp_1001271st1_H5	3	3	1.0	0.001128437521456055	0.001128437521456055	0.0008806325069210702	nan
S2_BCN12_AS_NR	random_forest	s__GGB2987_SGB3969	9	9	1.0	0.0011283852539407356	0.0011283852539407356	0.0011385362214952023	nan
S2_BCN12_AS_NR	random_forest	s__Phocaeicola_plebeius	9	9	1.0	0.0011278927109779433	0.0011278927109779433	0.001343184007383692	nan
S2_BCN12_AS_NR	random_forest	s__GGB33469_SGB15237	9	9	1.0	0.0011219934583651598	0.0011219934583651598	0.0010367031570869551	nan
S2_BCN12_AS_NR	random_forest	s__Senegalimassilia_SGB14826	1	1	1.0	0.0011212094150891893	0.0011212094150891893	0.0011212094150891893	nan
S2_BCN12_AS_NR	random_forest	s__GGB36267_SGB14177	9	9	1.0	0.0011130332199251985	0.0011130332199251985	0.0009191434027530066	nan
S2_BCN12_AS_NR	random_forest	s__Alistipes_senegalensis	9	9	1.0	0.0011049386403743184	0.0011049386403743184	0.0011701640111517345	nan
S2_BCN12_AS_NR	random_forest	s__Pseudoflavonifractor_sp_An184	9	9	1.0	0.0011036141821626916	0.0011036141821626916	0.001191718380804504	nan
S2_BCN12_AS_NR	random_forest	s__GGB33512_SGB15203	9	9	1.0	0.0011024972395629285	0.0011024972395629285	0.0011375495661128054	nan
S2_BCN12_AS_NR	random_forest	s__Actinomyces_sp_HMSC035G02	8	8	1.0	0.0010977044195516102	0.0010977044195516102	0.001292364754553992	nan
S2_BCN12_AS_NR	random_forest	s__GGB79630_SGB13983	9	9	1.0	0.0010971598756778157	0.0010971598756778157	0.0007609594340878284	nan
S2_BCN12_AS_NR	random_forest	s__Collinsella_intestinalis	8	8	1.0	0.0010911456018781965	0.0010911456018781965	0.0011878574454878882	nan
S2_BCN12_AS_NR	random_forest	s__Clostridium_paraputrificum	1	1	1.0	0.0010909160370858317	0.0010909160370858317	0.0010909160370858317	nan
S2_BCN12_AS_NR	random_forest	s__GGB1266_SGB1699	9	9	1.0	0.0010890317509133227	0.0010890317509133227	0.0011224002333229972	nan
S2_BCN12_AS_NR	random_forest	s__GGB31234_SGB14869	9	9	1.0	0.0010885365768063826	0.0010885365768063826	0.0010861127635506955	nan
S2_BCN12_AS_NR	random_forest	s__GGB1627_SGB2230	4	4	1.0	0.0010808750665420902	0.0010808750665420902	0.0010823226347549016	nan
S2_BCN12_AS_NR	random_forest	s__Blautia_producta	9	9	1.0	0.0010784253559904852	0.0010784253559904852	0.0011286795942432586	nan
S2_BCN12_AS_NR	random_forest	s__Actinomyces_SGB17154	9	9	1.0	0.0010726530315586834	0.0010726530315586834	0.0010181619618412144	nan
S2_BCN12_AS_NR	random_forest	s__Catenibacterium_SGB4425	7	7	1.0	0.0010669195337511118	0.0010669195337511118	0.0010476653916303078	nan
S2_BCN12_AS_NR	random_forest	s__GGB6612_SGB9346	9	9	1.0	0.0010652203707336222	0.0010652203707336222	0.0010097817829424615	nan
S2_BCN12_AS_NR	random_forest	s__Raoultibacter_massiliensis	5	5	1.0	0.0010636956930326316	0.0010636956930326316	0.0010123727164374895	nan
S2_BCN12_AS_NR	random_forest	s__Oscillibacter_valericigenes	9	9	1.0	0.001060176430434503	0.001060176430434503	0.0012610329639400465	nan
S2_BCN12_AS_NR	random_forest	s__GGB42389_SGB59559	9	9	1.0	0.0010536013408666278	0.0010536013408666278	0.0008755967357006825	nan
S2_BCN12_AS_NR	random_forest	s__GGB2998_SGB3988	9	9	1.0	0.0010476874349702034	0.0010476874349702034	0.001074670094480518	nan
S2_BCN12_AS_NR	random_forest	s__GGB3588_SGB4808	9	9	1.0	0.0010474900462469029	0.0010474900462469029	0.001158323550360074	nan
S2_BCN12_AS_NR	random_forest	s__Angelakisella_massiliensis	8	8	1.0	0.0010450685087878566	0.0010450685087878566	0.0009700042264026744	nan
S2_BCN12_AS_NR	random_forest	s__Scardovia_wiggsiae	8	8	1.0	0.0010434628491022124	0.0010434628491022124	0.0011855194424527018	nan
S2_BCN12_AS_NR	random_forest	s__GGB4599_SGB6362	7	7	1.0	0.0010426468908116698	0.0010426468908116698	0.0009814176793940337	nan
S2_BCN12_AS_NR	random_forest	s__Blautia_faecicola	3	3	1.0	0.0010414790012410729	0.0010414790012410729	0.000646807180251509	nan
S2_BCN12_AS_NR	random_forest	s__Massilimicrobiota_sp_An134	9	9	1.0	0.0010377053186635147	0.0010377053186635147	0.0007961188830217473	nan
S2_BCN12_AS_NR	random_forest	s__GGB9189_SGB14128	9	9	1.0	0.001037127680274322	0.001037127680274322	0.0010748493406107424	nan
S2_BCN12_AS_NR	random_forest	s__GGB9635_SGB15103	2	2	1.0	0.0010344360795855353	0.0010344360795855353	0.0010344360795855353	nan
S2_BCN12_AS_NR	random_forest	s__Pseudoruminococcus_massiliensis	8	8	1.0	0.0010333630127468073	0.0010333630127468073	0.0009891313371995837	nan
S2_BCN12_AS_NR	random_forest	s__Anaerotignum_lactatifermentans	5	5	1.0	0.0010277991537568248	0.0010277991537568248	0.0011847753452774385	nan
S2_BCN12_AS_NR	random_forest	s__GGB33512_SGB15201	9	9	1.0	0.0010277846401251698	0.0010277846401251698	0.0011378786421735402	nan
S2_BCN12_AS_NR	random_forest	s__GGB9620_SGB15068	2	2	1.0	0.0010274458703200518	0.0010274458703200518	0.0010274458703200518	nan
S2_BCN12_AS_NR	random_forest	s__GGB3000_SGB3991	9	9	1.0	0.0010231914962924474	0.0010231914962924474	0.001205680945454464	nan
S2_BCN12_AS_NR	random_forest	s__GGB3033_SGB4029	9	9	1.0	0.0010176086540834104	0.0010176086540834104	0.0008690884509924405	nan
S2_BCN12_AS_NR	random_forest	s__Solibaculum_mannosilyticum	9	9	1.0	0.0010164009240686282	0.0010164009240686282	0.0010692611296253922	nan
S2_BCN12_AS_NR	random_forest	s__Holdemanella_biformis	4	4	1.0	0.0010140423743820967	0.0010140423743820967	0.0009257007458197224	nan
S2_BCN12_AS_NR	random_forest	s__Faecalitalea_cylindroides	9	9	1.0	0.0010058307871662693	0.0010058307871662693	0.001064638320817032	nan
S2_BCN12_AS_NR	random_forest	s__Cuneatibacter_caecimuris	8	8	0.875	0.001000913992017403	0.001000913992017403	0.00091728965505039	nan
S2_BCN12_AS_NR	random_forest	s__Eubacterium_SGB6276	9	9	1.0	0.0009899101544938145	0.0009899101544938145	0.0009304263422169669	nan
S2_BCN12_AS_NR	random_forest	s__Longibaculum_muris	7	7	1.0	0.0009736524748327315	0.0009736524748327315	0.0009501531676305973	nan
S2_BCN12_AS_NR	random_forest	s__Isoptericola_variabilis	9	9	1.0	0.000968648974380268	0.000968648974380268	0.000897088599169538	nan
S2_BCN12_AS_NR	random_forest	s__Alistipes_SGB2313	5	5	1.0	0.0009667553466457474	0.0009667553466457474	0.0010613783605430394	nan
S2_BCN12_AS_NR	random_forest	s__GGB3109_SGB4119	9	9	1.0	0.0009661226743694887	0.0009661226743694887	0.0007756778235696795	nan
S2_BCN12_AS_NR	random_forest	s__Streptococcus_oralis	8	8	1.0	0.0009649796770351414	0.0009649796770351414	0.000939832066693709	nan
S2_BCN12_AS_NR	random_forest	s__GGB9495_SGB14892	9	9	1.0	0.0009583968957922537	0.0009583968957922537	0.001071967700735258	nan
S2_BCN12_AS_NR	random_forest	s__Collinsella_bouchesdurhonensis	9	9	1.0	0.0009561493208425109	0.0009561493208425109	0.0009139831148146445	nan
S2_BCN12_AS_NR	random_forest	s__GGB9747_SGB15356	9	9	1.0	0.0009500582191889462	0.0009500582191889462	0.0008884339752647636	nan
S2_BCN12_AS_NR	random_forest	s__Granulicatella_SGB8255	9	9	1.0	0.0009433059516948873	0.0009433059516948873	0.0009359596596868756	nan
S2_BCN12_AS_NR	random_forest	s__Actinomyces_SGB17163	8	8	1.0	0.0009410963574309918	0.0009410963574309918	0.0008086581694933248	nan
S2_BCN12_AS_NR	random_forest	s__Desulfovibrio_piger	9	9	1.0	0.0009393983696461008	0.0009393983696461008	0.0008462076905966337	nan
S2_BCN12_AS_NR	random_forest	s__Streptococcus_australis	9	9	1.0	0.0009231148888007804	0.0009231148888007804	0.0009843778833407808	nan
S2_BCN12_AS_NR	random_forest	s__GGB3815_SGB5180	2	2	1.0	0.0009229609399702126	0.0009229609399702126	0.0009229609399702126	nan
S2_BCN12_AS_NR	random_forest	s__GGB9581_SGB79823	3	3	1.0	0.0009201992675201125	0.0009201992675201125	0.0010708800236693663	nan
S2_BCN12_AS_NR	random_forest	s__Streptococcus_SGB15012	9	9	1.0	0.0009172040545931639	0.0009172040545931639	0.0007266155805148798	nan
S2_BCN12_AS_NR	random_forest	s__Faecalimonas_umbilicata	9	9	1.0	0.0009153029101869534	0.0009153029101869534	0.0010544971026529074	nan
S2_BCN12_AS_NR	random_forest	s__Anaerostipes_caccae	9	9	1.0	0.0009138337112248846	0.0009138337112248846	0.0009237344123357428	nan
S2_BCN12_AS_NR	random_forest	s__Blautia_stercoris	9	9	1.0	0.0009130448463025684	0.0009130448463025684	0.0007394817851876774	nan
S2_BCN12_AS_NR	random_forest	s__Enterocloster_asparagiformis	9	9	1.0	0.0009073058155047897	0.0009073058155047897	0.0009064564368266948	nan
S2_BCN12_AS_NR	random_forest	s__GGB3475_SGB4638	8	8	1.0	0.0009002314202597921	0.0009002314202597921	0.0009341297603296277	nan
S2_BCN12_AS_NR	random_forest	s__Christensenella_hongkongensis	9	9	1.0	0.0008958670091253797	0.0008958670091253797	0.0009343840787058066	nan
S2_BCN12_AS_NR	random_forest	s__Streptococcus_infantis	9	9	1.0	0.0008954927572767277	0.0008954927572767277	0.0010665070902082553	nan
S2_BCN12_AS_NR	random_forest	s__Clostridium_SGB4909	9	9	1.0	0.0008949034560702088	0.0008949034560702088	0.0007776485888763704	nan
S2_BCN12_AS_NR	random_forest	s__Candidatus_Catenibacterium_tridentinum	9	9	1.0	0.000894641279280289	0.000894641279280289	0.0010124100856107852	nan
S2_BCN12_AS_NR	random_forest	s__Eubacterium_SGB4961	9	9	1.0	0.0008789339487653811	0.0008789339487653811	0.0007817948543327671	nan
S2_BCN12_AS_NR	random_forest	s__Ruminococcus_SGB4421	9	9	1.0	0.000877522535418685	0.000877522535418685	0.0007929481641767855	nan
S2_BCN12_AS_NR	random_forest	s__GGB45495_SGB63167	9	9	1.0	0.0008693020204609605	0.0008693020204609605	0.0009356263875894602	nan
S2_BCN12_AS_NR	random_forest	s__GGB9524_SGB14923	1	1	1.0	0.0008649806272280234	0.0008649806272280234	0.0008649806272280234	nan
S2_BCN12_AS_NR	random_forest	s__Actinomyces_dentalis	2	2	1.0	0.0008647628303299756	0.0008647628303299756	0.0008647628303299756	nan
S2_BCN12_AS_NR	random_forest	s__Ruminococcus_sp_NSJ_13	9	9	1.0	0.0008632503178535519	0.0008632503178535519	0.0008251163275956796	nan
S2_BCN12_AS_NR	random_forest	s__GGB34228_SGB72916	4	4	1.0	0.0008480187018494442	0.0008480187018494442	0.0009463133526875279	nan
S2_BCN12_AS_NR	random_forest	s__GGB9350_SGB14317	8	8	1.0	0.0008469329865053484	0.0008469329865053484	0.0009294160184235016	nan
S2_BCN12_AS_NR	random_forest	s__Bacteroides_SGB15210	1	1	1.0	0.0008402240161128257	0.0008402240161128257	0.0008402240161128257	nan
S2_BCN12_AS_NR	random_forest	s__GGB2977_SGB3959	9	9	1.0	0.0008394056445632544	0.0008394056445632544	0.0007770453357307561	nan
S2_BCN12_AS_NR	random_forest	s__GGB3278_SGB4328	9	9	1.0	0.0008362316826933758	0.0008362316826933758	0.0005358170249820126	nan
S2_BCN12_AS_NR	random_forest	s__Roseburia_sp_BX1005	9	9	1.0	0.0008351280205706864	0.0008351280205706864	0.0005803024914786118	nan
S2_BCN12_AS_NR	random_forest	s__Alloscardovia_omnicolens	9	9	1.0	0.0008291364629366858	0.0008291364629366858	0.0008834884899010279	nan
S2_BCN12_AS_NR	random_forest	s__GGB9762_SGB15377	4	4	1.0	0.0008267242998344988	0.0008267242998344988	0.0007590156464885975	nan
S2_BCN12_AS_NR	random_forest	s__GGB9611_SGB15045	8	8	1.0	0.0008258315512956079	0.0008258315512956079	0.0008467149430259071	nan
S2_BCN12_AS_NR	random_forest	s__GGB9296_SGB14253	9	9	1.0	0.000819550142775883	0.000819550142775883	0.0008941730087891882	nan
S2_BCN12_AS_NR	random_forest	s__Cloacibacillus_evryensis	8	8	1.0	0.0008101893690978905	0.0008101893690978905	0.000825661225291821	nan
S2_BCN12_AS_NR	random_forest	s__Oscillibacter_sp_PC13	8	8	1.0	0.0008093867747216219	0.0008093867747216219	0.0006566793748951255	nan
S2_BCN12_AS_NR	random_forest	s__GGB9240_SGB14182	9	9	1.0	0.0008079755277598287	0.0008079755277598287	0.0007905605766976722	nan
S2_BCN12_AS_NR	random_forest	s__GGB9210_SGB14149	8	8	1.0	0.0008026907272279426	0.0008026907272279426	0.0008121009416632112	nan
S2_BCN12_AS_NR	random_forest	s__Veillonella_rogosae	3	3	1.0	0.0008016018467333087	0.0008016018467333087	0.0009433802614012758	nan
S2_BCN12_AS_NR	random_forest	s__GGB4566_SGB6305	9	9	1.0	0.000801388133602045	0.000801388133602045	0.0008127319244802	nan
S2_BCN12_AS_NR	random_forest	s__Collinsella_SGB15196	8	8	1.0	0.0007951412542181212	0.0007951412542181212	0.0006989329165151068	nan
S2_BCN12_AS_NR	random_forest	s__Propionibacterium_acidifaciens	7	7	1.0	0.000794242938258753	0.000794242938258753	0.0006996236780853689	nan
S2_BCN12_AS_NR	random_forest	s__GGB9782_SGB15403	9	9	1.0	0.0007644832484457312	0.0007644832484457312	0.000765314069173445	nan
S2_BCN12_AS_NR	random_forest	s__Lacticaseibacillus_paracasei	9	9	1.0	0.0007638463999164344	0.0007638463999164344	0.0007302936524673032	nan
S2_BCN12_AS_NR	random_forest	s__GGB4684_SGB6478	1	1	1.0	0.0007627023540806438	0.0007627023540806438	0.0007627023540806438	nan
S2_BCN12_AS_NR	random_forest	s__GGB3446_SGB4597	1	1	1.0	0.0007507831160436921	0.0007507831160436921	0.0007507831160436921	nan
S2_BCN12_AS_NR	random_forest	s__Mogibacterium_kristiansenii	9	9	1.0	0.000745615432628722	0.000745615432628722	0.00057375400622537	nan
S2_BCN12_AS_NR	random_forest	s__Amedibacillus_dolichus	7	7	1.0	0.0007346968128924654	0.0007346968128924654	0.000731801084625951	nan
S2_BCN12_AS_NR	random_forest	s__Desulfovibrio_fairfieldensis	8	8	1.0	0.0007339599300363801	0.0007339599300363801	0.0005863354800125134	nan
S2_BCN12_AS_NR	random_forest	s__Lacrimispora_saccharolytica	9	9	1.0	0.0007334138445962784	0.0007334138445962784	0.0005984261955007039	nan
S2_BCN12_AS_NR	random_forest	s__GGB9302_SGB14263	5	5	1.0	0.0007319354311964687	0.0007319354311964687	0.0003988295262672337	nan
S2_BCN12_AS_NR	random_forest	s__Corynebacterium_durum	8	8	1.0	0.000728343379763003	0.000728343379763003	0.0005837796421368801	nan
S2_BCN12_AS_NR	random_forest	s__GGB3593_SGB4817	2	2	1.0	0.0007259662954160505	0.0007259662954160505	0.0007259662954160505	nan
S2_BCN12_AS_NR	random_forest	s__Pauljensenia_hongkongensis	2	2	1.0	0.0007230143788069731	0.0007230143788069731	0.0007230143788069731	nan
S2_BCN12_AS_NR	random_forest	s__GGB9561_SGB14972	7	7	1.0	0.0007224155563381505	0.0007224155563381505	0.0006989284810715549	nan
S2_BCN12_AS_NR	random_forest	s__GGB4745_SGB6571	4	4	1.0	0.0007189779090634615	0.0007189779090634615	0.000681197760084307	nan
S2_BCN12_AS_NR	random_forest	s__GGB9677_SGB15180	9	9	1.0	0.0007180636915762053	0.0007180636915762053	0.0005904572557371194	nan
S2_BCN12_AS_NR	random_forest	s__GGB9361_SGB14336	8	8	1.0	0.0007056545661866941	0.0007056545661866941	0.0005601501531508466	nan
S2_BCN12_AS_NR	random_forest	s__GGB9719_SGB53514	8	8	1.0	0.000705536210808308	0.000705536210808308	0.0007379431750523019	nan
S2_BCN12_AS_NR	random_forest	s__Parasutterella_SGB9260	9	9	1.0	0.0006997828206429703	0.0006997828206429703	0.0005157406332620505	nan
S2_BCN12_AS_NR	random_forest	s__GGB3602_SGB4574	9	9	1.0	0.0006950724961181726	0.0006950724961181726	0.0005677362578677957	nan
S2_BCN12_AS_NR	random_forest	s__Lachnoclostridium_edouardi	6	6	1.0	0.0006937740685215879	0.0006937740685215879	0.0007926282258518387	nan
S2_BCN12_AS_NR	random_forest	s__GGB79916_SGB4587	6	6	1.0	0.0006913953031804256	0.0006913953031804256	0.0006378687329912032	nan
S2_BCN12_AS_NR	random_forest	s__GGB9786_SGB15409	9	9	1.0	0.0006913490670134742	0.0006913490670134742	0.000494935475938213	nan
S2_BCN12_AS_NR	random_forest	s__GGB9691_SGB15198	4	4	1.0	0.0006864388676598469	0.0006864388676598469	0.0006487486378706968	nan
S2_BCN12_AS_NR	random_forest	s__Lactococcus_cremoris	1	1	1.0	0.0006860040032718519	0.0006860040032718519	0.0006860040032718519	nan
S2_BCN12_AS_NR	random_forest	s__GGB3463_SGB4621	4	4	1.0	0.0006833204037906451	0.0006833204037906451	0.0007150854197266241	nan
S2_BCN12_AS_NR	random_forest	s__Eubacterium_callanderi	6	6	1.0	0.0006692365484986415	0.0006692365484986415	0.0006780484361346802	nan
S2_BCN12_AS_NR	random_forest	s__Ruminococcus_sp_AF41_9	8	8	1.0	0.0006686005750644564	0.0006686005750644564	0.0005327862568558702	nan
S2_BCN12_AS_NR	random_forest	s__GGB10485_SGB49305	8	8	1.0	0.000666813590449228	0.000666813590449228	0.0006642144212257485	nan
S2_BCN12_AS_NR	random_forest	s__Actinomyces_SGB17132	6	6	1.0	0.0006333377601443149	0.0006333377601443149	0.0005728292716024235	nan
S2_BCN12_AS_NR	random_forest	s__Solobacterium_SGB6829	7	7	1.0	0.0006238689897931938	0.0006238689897931938	0.0005182873522369714	nan
S2_BCN12_AS_NR	random_forest	s__Mogibacterium_sp_NSJ_24	8	8	1.0	0.0006176503565142244	0.0006176503565142244	0.0006087122216880789	nan
S2_BCN12_AS_NR	random_forest	s__Anaerococcus_SGB53821	9	9	1.0	0.0006158223651808512	0.0006158223651808512	0.0005979222288182951	nan
S2_BCN12_AS_NR	random_forest	s__Lacticaseibacillus_rhamnosus	8	8	1.0	0.0006110605379262269	0.0006110605379262269	0.0006118013226863487	nan
S2_BCN12_AS_NR	random_forest	s__GGB51510_SGB71883	9	9	1.0	0.0005906429869604961	0.0005906429869604961	0.00045902146965454545	nan
S2_BCN12_AS_NR	random_forest	s__Emergencia_timonensis	8	8	1.0	0.0005864890752457024	0.0005864890752457024	0.0004674780012634017	nan
S2_BCN12_AS_NR	random_forest	s__Actinomyces_bouchesdurhonensis	8	8	1.0	0.000581360989060015	0.000581360989060015	0.0005168948596918509	nan
S2_BCN12_AS_NR	random_forest	s__Candidatus_Nanosynsacchari_sp_TM7_ANC_38_39_G1_1	6	6	1.0	0.0005576163219029679	0.0005576163219029679	0.0004027129192255582	nan
S2_BCN12_AS_NR	random_forest	s__Victivallis_lenta	5	5	1.0	0.0005158977964988783	0.0005158977964988783	0.00047855533334671257	nan
S2_BCN12_AS_NR	random_forest	s__GGB51960_SGB72480	5	5	1.0	0.000508506074999033	0.000508506074999033	0.0004963741917795183	nan
S2_BCN12_AS_NR	random_forest	s__Lachnoclostridium_sp_An138	7	7	1.0	0.0005020779256609783	0.0005020779256609783	0.00022701668918206588	nan
S2_BCN12_AS_NR	random_forest	s__GGB3124_SGB4136	1	1	1.0	0.0004786191957515851	0.0004786191957515851	0.0004786191957515851	nan
S2_BCN12_AS_NR	random_forest	s__GGB9559_SGB14968	1	1	1.0	0.0004774011666396986	0.0004774011666396986	0.0004774011666396986	nan
S2_BCN12_AS_NR	random_forest	s__Cellulomonas_flavigena	5	5	1.0	0.0004105583832864592	0.0004105583832864592	0.0003386225834823954	nan
S2_BCN12_AS_NR	random_forest	s__GGB9261_SGB14209	3	3	1.0	0.0003680137683040579	0.0003680137683040579	0.0004355117170714912	nan
S2_BCN12_AS_NR	random_forest	s__GGB9737_SGB15309	1	1	1.0	0.0003459804019000571	0.0003459804019000571	0.0003459804019000571	nan
S2_BCN12_AS_NR	random_forest	s__Paratractidigestivibacter_faecalis	1	1	1.0	0.0003263717202785843	0.0003263717202785843	0.0003263717202785843	nan
S2_BCN12_AS_NR	random_forest	s__GGB9767_SGB15384	1	1	1.0	0.00029504839993918345	0.00029504839993918345	0.00029504839993918345	nan
S2_BCN12_AS_NR	random_forest	s__Allisonella_histaminiformans	2	2	1.0	0.00025536384129609576	0.00025536384129609576	0.00025536384129609576	nan
S2_BCN12_AS_NR	random_forest	s__Ruminococcus_sp_AF46_10NS	1	1	1.0	0.00018769599886481729	0.00018769599886481729	0.00018769599886481729	nan
S2_BCN12_AS_NR	random_forest	s__Eubacterium_SGB4671	1	1	1.0	0.00010417101065708307	0.00010417101065708307	0.00010417101065708307	nan
S2_BCN12_AS_NR	random_forest	s__Streptococcus_SGB14137	1	1	1.0	6.273437831100744e-05	6.273437831100744e-05	6.273437831100744e-05	nan
S2_BCN12_AS_NR	random_forest	s__GGB3142_SGB4155	1	1	1.0	1.436972017073129e-18	1.436972017073129e-18	1.436972017073129e-18	nan
S2_BCN12_AS_NR	random_forest	s__GGB3513_SGB4691	1	1	1.0	1.2274503179562627e-18	1.2274503179562627e-18	1.2274503179562627e-18	nan
S3_EXCLUDE_LEE_SITES	random_forest	s__Streptococcus_SGB14888	7	7	1.0	0.014300420750600009	0.014300420750600009	0.008687832578310014	nan
S3_EXCLUDE_LEE_SITES	random_forest	s__Vescimonas_coprocola	7	7	1.0	0.013218749557650875	0.013218749557650875	0.010310289558674463	nan
S3_EXCLUDE_LEE_SITES	random_forest	s__Bittarella_massiliensis	7	7	1.0	0.010862906212447714	0.010862906212447714	0.01264106498353403	nan
S3_EXCLUDE_LEE_SITES	random_forest	s__Veillonella_parvula	7	7	1.0	0.009379227911789339	0.009379227911789339	0.00948725640001618	nan
S3_EXCLUDE_LEE_SITES	random_forest	s__Veillonella_atypica	7	7	1.0	0.007791268523084788	0.007791268523084788	0.008307757419782595	nan
S3_EXCLUDE_LEE_SITES	random_forest	s__GGB32900_SGB53446	7	7	1.0	0.006793697624271573	0.006793697624271573	0.007163928420764867	nan
S3_EXCLUDE_LEE_SITES	random_forest	s__GGB58158_SGB79798	7	7	1.0	0.006272830055564485	0.006272830055564485	0.005095217501521199	nan
S3_EXCLUDE_LEE_SITES	random_forest	s__Flavonifractor_sp_An100	2	2	1.0	0.006129978659074857	0.006129978659074857	0.006129978659074857	nan
S3_EXCLUDE_LEE_SITES	random_forest	s__Bacteroides_stercoris	7	7	1.0	0.006065251199473111	0.006065251199473111	0.005220001298252178	nan
S3_EXCLUDE_LEE_SITES	random_forest	s__Blautia_massiliensis	7	7	1.0	0.006007425345205445	0.006007425345205445	0.005621972411052345	nan
S3_EXCLUDE_LEE_SITES	random_forest	s__Dysosmobacter_welbionis	7	7	1.0	0.0056845958246063855	0.0056845958246063855	0.006190815074025786	nan
S3_EXCLUDE_LEE_SITES	random_forest	s__Streptococcus_parasanguinis	7	7	1.0	0.005623217290913208	0.005623217290913208	0.005358291190296958	nan
S3_EXCLUDE_LEE_SITES	random_forest	s__Alistipes_putredinis	7	7	1.0	0.005447370543358998	0.005447370543358998	0.006095254469950945	nan
S3_EXCLUDE_LEE_SITES	random_forest	s__Adlercreutzia_equolifaciens	7	7	1.0	0.005230908448691155	0.005230908448691155	0.004770305437605122	nan
S3_EXCLUDE_LEE_SITES	random_forest	s__Holdemania_filiformis	7	7	1.0	0.004929629351427041	0.004929629351427041	0.004424631691144102	nan
S3_EXCLUDE_LEE_SITES	random_forest	s__Roseburia_sp_AF02_12	7	7	1.0	0.004895025761632255	0.004895025761632255	0.004458872479438191	nan
S3_EXCLUDE_LEE_SITES	random_forest	s__Eubacterium_sp_AF16_48	7	7	1.0	0.004887540946972655	0.004887540946972655	0.003938651322372707	nan
S3_EXCLUDE_LEE_SITES	random_forest	s__Roseburia_inulinivorans	7	7	1.0	0.004869016740399121	0.004869016740399121	0.004804111312847539	nan
S3_EXCLUDE_LEE_SITES	random_forest	s__GGB9642_SGB15119	7	7	1.0	0.0048367525625227555	0.0048367525625227555	0.003947595827348783	nan
S3_EXCLUDE_LEE_SITES	random_forest	s__Intestinibacter_bartlettii	7	7	1.0	0.004778652328107988	0.004778652328107988	0.005617092671416692	nan
S3_EXCLUDE_LEE_SITES	random_forest	s__Pseudoflavonifractor_gallinarum	7	7	1.0	0.004764073994548544	0.004764073994548544	0.0035821371691410345	nan
S3_EXCLUDE_LEE_SITES	random_forest	s__Roseburia_hominis	7	7	1.0	0.00465451938551778	0.00465451938551778	0.004762220917224569	nan
S3_EXCLUDE_LEE_SITES	random_forest	s__Clostridium_sp_AM22_11AC	7	7	1.0	0.004640464653010975	0.004640464653010975	0.0036031367536699726	nan
S3_EXCLUDE_LEE_SITES	random_forest	s__Alistipes_onderdonkii	7	7	1.0	0.0045805717305438766	0.0045805717305438766	0.0042547872596886875	nan
S3_EXCLUDE_LEE_SITES	random_forest	s__Faecalibacterium_prausnitzii	7	7	1.0	0.004460410195654559	0.004460410195654559	0.003942740741334567	nan
S3_EXCLUDE_LEE_SITES	random_forest	s__Alistipes_sp_AF17_16	7	7	1.0	0.004452959628054273	0.004452959628054273	0.0036722334151081558	nan
S3_EXCLUDE_LEE_SITES	random_forest	s__GGB9345_SGB14311	7	7	1.0	0.0043581721568458414	0.0043581721568458414	0.0037517194642667545	nan
S3_EXCLUDE_LEE_SITES	random_forest	s__Ruminococcus_gnavus	7	7	1.0	0.004293055544130099	0.004293055544130099	0.0034528051081936513	nan
S3_EXCLUDE_LEE_SITES	random_forest	s__Anaerostipes_hadrus	7	7	1.0	0.004271837172603392	0.004271837172603392	0.00394660348930239	nan
S3_EXCLUDE_LEE_SITES	random_forest	s__Lacrimispora_celerecrescens	7	7	1.0	0.004124124749658243	0.004124124749658243	0.00365287870830243	nan
S3_EXCLUDE_LEE_SITES	random_forest	s__GGB3444_SGB4594	7	7	1.0	0.004114293717161072	0.004114293717161072	0.00357736543780039	nan
S3_EXCLUDE_LEE_SITES	random_forest	s__Methylobacterium_SGB15164	7	7	1.0	0.004051418445152901	0.004051418445152901	0.0036689314842452973	nan
S3_EXCLUDE_LEE_SITES	random_forest	s__Romboutsia_timonensis	7	7	1.0	0.0040436823155137495	0.0040436823155137495	0.004440966251239058	nan
S3_EXCLUDE_LEE_SITES	random_forest	s__Parabacteroides_merdae	7	7	1.0	0.004020196164915708	0.004020196164915708	0.0038486634223027913	nan
S3_EXCLUDE_LEE_SITES	random_forest	s__Lacrimispora_amygdalina	7	7	1.0	0.003937894777430817	0.003937894777430817	0.003843965660186639	nan
S3_EXCLUDE_LEE_SITES	random_forest	s__Phocaeicola_vulgatus	7	7	1.0	0.003924281767354398	0.003924281767354398	0.003746783033297521	nan
S3_EXCLUDE_LEE_SITES	random_forest	s__Alistipes_finegoldii	7	7	1.0	0.003895557706116657	0.003895557706116657	0.0039885997410566264	nan
S3_EXCLUDE_LEE_SITES	random_forest	s__Ruminococcus_torques	7	7	1.0	0.003864950146956036	0.003864950146956036	0.0036794760071126977	nan
S3_EXCLUDE_LEE_SITES	random_forest	s__Bacteroides_eggerthii	7	7	1.0	0.0038190113288210504	0.0038190113288210504	0.0034487822468131416	nan
S3_EXCLUDE_LEE_SITES	random_forest	s__GGB9176_SGB14114	7	7	1.0	0.003804004880245185	0.003804004880245185	0.0032290008247937586	nan
S3_EXCLUDE_LEE_SITES	random_forest	s__Veillonella_dispar	7	7	1.0	0.0037211412763477913	0.0037211412763477913	0.0036950862588862056	nan
S3_EXCLUDE_LEE_SITES	random_forest	s__Dorea_formicigenerans	7	7	1.0	0.0036991642558699416	0.0036991642558699416	0.003487950775042551	nan
S3_EXCLUDE_LEE_SITES	random_forest	s__Roseburia_faecis	7	7	1.0	0.003696947132187202	0.003696947132187202	0.003495293067945069	nan
S3_EXCLUDE_LEE_SITES	random_forest	s__Bifidobacterium_longum	7	7	1.0	0.0036277202778545424	0.0036277202778545424	0.0032396389844428757	nan
S3_EXCLUDE_LEE_SITES	random_forest	s__Clostridium_sp_AM33_3	7	7	1.0	0.0036234098195489345	0.0036234098195489345	0.003855990471764956	nan
S3_EXCLUDE_LEE_SITES	random_forest	s__Bacteroides_faecis	7	7	1.0	0.003615822383287858	0.003615822383287858	0.003766512696001005	nan
S3_EXCLUDE_LEE_SITES	random_forest	s__GGB9708_SGB15234	7	7	1.0	0.0036093496773526787	0.0036093496773526787	0.003619327346233134	nan
S3_EXCLUDE_LEE_SITES	random_forest	s__Holdemania_massiliensis	7	7	1.0	0.0035435675256340407	0.0035435675256340407	0.0035317353305139416	nan
S3_EXCLUDE_LEE_SITES	random_forest	s__Dysosmobacter_sp_BX15	7	7	1.0	0.0035412760542092134	0.0035412760542092134	0.0036891804833471295	nan
S3_EXCLUDE_LEE_SITES	random_forest	s__Anaerosacchariphilus_sp_NSJ_68	6	6	1.0	0.0035386004337578194	0.0035386004337578194	0.0032785322634766995	nan
S3_EXCLUDE_LEE_SITES	random_forest	s__Clostridium_SGB4750	7	7	1.0	0.0035274177357956763	0.0035274177357956763	0.0029898523269012898	nan
S3_EXCLUDE_LEE_SITES	random_forest	s__GGB9342_SGB14306	7	7	1.0	0.003527399006838547	0.003527399006838547	0.002937037486572694	nan
S3_EXCLUDE_LEE_SITES	random_forest	s__Blautia_sp_Marseille_P3087	7	7	1.0	0.0034885369000906418	0.0034885369000906418	0.0032519243253833134	nan
S3_EXCLUDE_LEE_SITES	random_forest	s__Anaerotruncus_colihominis	7	7	1.0	0.0034877852849944904	0.0034877852849944904	0.0038716453510736506	nan
S3_EXCLUDE_LEE_SITES	random_forest	s__Coprococcus_catus	7	7	1.0	0.003453964912271088	0.003453964912271088	0.0033833051963524626	nan
S3_EXCLUDE_LEE_SITES	random_forest	s__Clostridium_fessum	7	7	1.0	0.0034479734678815347	0.0034479734678815347	0.003528136603137771	nan
S3_EXCLUDE_LEE_SITES	random_forest	s__GGB45432_SGB63101	7	7	1.0	0.003446894839023618	0.003446894839023618	0.003685379626664807	nan
S3_EXCLUDE_LEE_SITES	random_forest	s__Clostridium_sp_AF36_4	7	7	1.0	0.003421400514216584	0.003421400514216584	0.0032369602369263606	nan
S3_EXCLUDE_LEE_SITES	random_forest	s__Bacteroides_xylanisolvens	7	7	1.0	0.0033641837758594815	0.0033641837758594815	0.003188054087786401	nan
S3_EXCLUDE_LEE_SITES	random_forest	s__Lactonifactor_sp_BIOML_A6	7	7	1.0	0.0033632697931942138	0.0033632697931942138	0.003340344663417219	nan
S3_EXCLUDE_LEE_SITES	random_forest	s__Akkermansia_muciniphila	7	7	1.0	0.003360855031594632	0.003360855031594632	0.0030252153846836265	nan
S3_EXCLUDE_LEE_SITES	random_forest	s__GGB79998_SGB48024	1	1	1.0	0.003331417231709372	0.003331417231709372	0.003331417231709372	nan
S3_EXCLUDE_LEE_SITES	random_forest	s__Alistipes_communis	7	7	1.0	0.0033246944001283254	0.0033246944001283254	0.0034932780255476146	nan
S3_EXCLUDE_LEE_SITES	random_forest	s__Waltera_intestinalis	7	7	1.0	0.0033212979283077544	0.0033212979283077544	0.0031644310812811646	nan
S3_EXCLUDE_LEE_SITES	random_forest	s__Collinsella_aerofaciens	7	7	1.0	0.0033202710909805357	0.0033202710909805357	0.002938478409752016	nan
S3_EXCLUDE_LEE_SITES	random_forest	s__Faecalibacterium_SGB15346	7	7	1.0	0.003308099762711944	0.003308099762711944	0.003386174919827827	nan
S3_EXCLUDE_LEE_SITES	random_forest	s__Clostridium_sp_AF34_10BH	7	7	1.0	0.0032952721758978784	0.0032952721758978784	0.003341898569195097	nan
S3_EXCLUDE_LEE_SITES	random_forest	s__Escherichia_coli	7	7	1.0	0.0032658157352489256	0.0032658157352489256	0.0033160348527201664	nan
S3_EXCLUDE_LEE_SITES	random_forest	s__GGB9616_SGB15051	3	3	1.0	0.0032500797353798437	0.0032500797353798437	0.003183928297957791	nan
S3_EXCLUDE_LEE_SITES	random_forest	s__Phascolarctobacterium_faecium	7	7	1.0	0.00321410946158478	0.00321410946158478	0.003441413867596054	nan
S3_EXCLUDE_LEE_SITES	random_forest	s__Streptococcus_vestibularis	7	7	1.0	0.0032059045788506864	0.0032059045788506864	0.003208042473489079	nan
S3_EXCLUDE_LEE_SITES	random_forest	s__Dielma_fastidiosa	7	7	1.0	0.003199266000636815	0.003199266000636815	0.0036209807022642773	nan
S3_EXCLUDE_LEE_SITES	random_forest	s__Paraprevotella_clara	7	7	1.0	0.003175073140956025	0.003175073140956025	0.003072059643013875	nan
S3_EXCLUDE_LEE_SITES	random_forest	s__Clostridium_SGB6179	7	7	1.0	0.003166800592716364	0.003166800592716364	0.0037274117832339954	nan
S3_EXCLUDE_LEE_SITES	random_forest	s__Eggerthella_lenta	7	7	1.0	0.0031639861285377895	0.0031639861285377895	0.0037433675905857917	nan
S3_EXCLUDE_LEE_SITES	random_forest	s__Prevotella_copri_clade_A	7	7	1.0	0.003153734196203815	0.003153734196203815	0.002840218380770589	nan
S3_EXCLUDE_LEE_SITES	random_forest	s__GGB3005_SGB3996	7	7	1.0	0.0031489238065151325	0.0031489238065151325	0.0032595857575415913	nan
S3_EXCLUDE_LEE_SITES	random_forest	s__Clostridium_butyricum	7	7	1.0	0.0031332419352731707	0.0031332419352731707	0.0031348185455054444	nan
S3_EXCLUDE_LEE_SITES	random_forest	s__Dysosmobacter_sp_NSJ_60	7	7	1.0	0.003128468346147888	0.003128468346147888	0.0031589901642624717	nan
S3_EXCLUDE_LEE_SITES	random_forest	s__Parabacteroides_distasonis	7	7	1.0	0.0031212097427085273	0.0031212097427085273	0.00309173390868557	nan
S3_EXCLUDE_LEE_SITES	random_forest	s__Eubacterium_ramulus	7	7	1.0	0.003100062276800937	0.003100062276800937	0.003159854152882642	nan
S3_EXCLUDE_LEE_SITES	random_forest	s__Bacteroides_caccae	7	7	1.0	0.0030866311099976757	0.0030866311099976757	0.0030209271939493467	nan
S3_EXCLUDE_LEE_SITES	random_forest	s__Enterocloster_bolteae	7	7	1.0	0.0030688778072250366	0.0030688778072250366	0.0035419011575870472	nan
S3_EXCLUDE_LEE_SITES	random_forest	s__GGB80011_SGB15265	7	7	1.0	0.003068624470883708	0.003068624470883708	0.003174194164722682	nan
S3_EXCLUDE_LEE_SITES	random_forest	s__Faecalibacillus_intestinalis	7	7	1.0	0.003050348043592506	0.003050348043592506	0.0027112444792557165	nan
S3_EXCLUDE_LEE_SITES	random_forest	s__Massiliimalia_timonensis	7	7	1.0	0.0030376478745948706	0.0030376478745948706	0.003037079951310876	nan
S3_EXCLUDE_LEE_SITES	random_forest	s__Alistipes_shahii	7	7	1.0	0.0030201124774647675	0.0030201124774647675	0.002775440200802525	nan
S3_EXCLUDE_LEE_SITES	random_forest	s__Streptococcus_salivarius	7	7	1.0	0.00301354228700777	0.00301354228700777	0.002918196671959951	nan
S3_EXCLUDE_LEE_SITES	random_forest	s__Anaeromassilibacillus_sp_An250	7	7	1.0	0.003010107878962587	0.003010107878962587	0.0030911787615594956	nan
S3_EXCLUDE_LEE_SITES	random_forest	s__Bilophila_wadsworthia	7	7	1.0	0.0029989104296918906	0.0029989104296918906	0.003109400561814671	nan
S3_EXCLUDE_LEE_SITES	random_forest	s__Erysipelatoclostridium_ramosum	7	7	1.0	0.002998556956041775	0.002998556956041775	0.002850638297261415	nan
S3_EXCLUDE_LEE_SITES	random_forest	s__Ruminococcus_bromii	7	7	1.0	0.002984722720298335	0.002984722720298335	0.0031200504503399867	nan
S3_EXCLUDE_LEE_SITES	random_forest	s__Clostridium_sp_AF34_13	7	7	1.0	0.0029825295626452726	0.0029825295626452726	0.0023783151366889	nan
S3_EXCLUDE_LEE_SITES	random_forest	s__Fusicatenibacter_saccharivorans	7	7	1.0	0.002973193355581423	0.002973193355581423	0.0031154001871991936	nan
S3_EXCLUDE_LEE_SITES	random_forest	s__Bacteroides_uniformis	7	7	1.0	0.0029624787456304226	0.0029624787456304226	0.0030542050715685826	nan
S3_EXCLUDE_LEE_SITES	random_forest	s__Lachnotalea_sp_AF33_28	7	7	1.0	0.0029613731733281047	0.0029613731733281047	0.003004183238090135	nan
S3_EXCLUDE_LEE_SITES	random_forest	s__Barnesiella_intestinihominis	7	7	1.0	0.0029258756468069995	0.0029258756468069995	0.003039426383179869	nan
S3_EXCLUDE_LEE_SITES	random_forest	s__Blautia_glucerasea	7	7	1.0	0.0029241458679866985	0.0029241458679866985	0.003101489082517333	nan
S3_EXCLUDE_LEE_SITES	random_forest	s__GGB9719_SGB15272	7	7	1.0	0.0029042214481846654	0.0029042214481846654	0.0028302959543729696	nan
S3_EXCLUDE_LEE_SITES	random_forest	s__Faecalicatena_contorta	7	7	1.0	0.0028959107753885674	0.0028959107753885674	0.0030252680878489063	nan
S3_EXCLUDE_LEE_SITES	random_forest	s__Roseburia_intestinalis	7	7	1.0	0.002893297256189048	0.002893297256189048	0.0030153628880503457	nan
S3_EXCLUDE_LEE_SITES	random_forest	s__Ruminococcus_bicirculans	7	7	1.0	0.002891920634490375	0.002891920634490375	0.0025540156028589535	nan
S3_EXCLUDE_LEE_SITES	random_forest	s__Bifidobacterium_adolescentis	7	7	1.0	0.0028909149164314868	0.0028909149164314868	0.0021582691164761577	nan
S3_EXCLUDE_LEE_SITES	random_forest	s__Lachnoclostridium_sp_An131	6	6	1.0	0.002847736196845538	0.002847736196845538	0.002647575038618081	nan
S3_EXCLUDE_LEE_SITES	random_forest	s__Butyricimonas_faecihominis	7	7	1.0	0.002839625594763096	0.002839625594763096	0.0032937587612227683	nan
S3_EXCLUDE_LEE_SITES	random_forest	s__Hungatella_hathewayi	7	7	1.0	0.002825083401060074	0.002825083401060074	0.0029728130501200864	nan
S3_EXCLUDE_LEE_SITES	random_forest	s__GGB3746_SGB5089	7	7	1.0	0.0028201045388340463	0.0028201045388340463	0.002749489563234267	nan
S3_EXCLUDE_LEE_SITES	random_forest	s__Lachnospira_eligens	7	7	1.0	0.002798737796313878	0.002798737796313878	0.002610400705588944	nan
S3_EXCLUDE_LEE_SITES	random_forest	s__Clostridium_sp_Marseille_P3244	7	7	1.0	0.0027970840358158243	0.0027970840358158243	0.0027620728413406165	nan
S3_EXCLUDE_LEE_SITES	random_forest	s__Sutterella_wadsworthensis	7	7	1.0	0.002789299112911263	0.002789299112911263	0.002441160147315442	nan
S3_EXCLUDE_LEE_SITES	random_forest	s__Blautia_faecis	7	7	1.0	0.0027886435202294424	0.0027886435202294424	0.002865164612399107	nan
S3_EXCLUDE_LEE_SITES	random_forest	s__GGB3818_SGB5183	2	2	1.0	0.0027732710359077363	0.0027732710359077363	0.0027732710359077363	nan
S3_EXCLUDE_LEE_SITES	random_forest	s__Anaerobutyricum_soehngenii	7	7	1.0	0.0027690592265750278	0.0027690592265750278	0.002516775577702735	nan
S3_EXCLUDE_LEE_SITES	random_forest	s__Phocea_massiliensis	7	7	1.0	0.002762977804786989	0.002762977804786989	0.0026271879977820835	nan
S3_EXCLUDE_LEE_SITES	random_forest	s__Blautia_obeum	7	7	1.0	0.0027616080099398337	0.0027616080099398337	0.0028262552287236157	nan
S3_EXCLUDE_LEE_SITES	random_forest	s__Mediterraneibacter_butyricigenes	7	7	1.0	0.002753865718277203	0.002753865718277203	0.0026284500575876704	nan
S3_EXCLUDE_LEE_SITES	random_forest	s__Faecalicatena_fissicatena	7	7	1.0	0.002724067035398046	0.002724067035398046	0.0030774832487925146	nan
S3_EXCLUDE_LEE_SITES	random_forest	s__Clostridium_sp_AM49_4BH	7	7	1.0	0.0026768505821003143	0.0026768505821003143	0.0025445657113476678	nan
S3_EXCLUDE_LEE_SITES	random_forest	s__Coprococcus_comes	7	7	1.0	0.002676661741441598	0.002676661741441598	0.00272746864994524	nan
S3_EXCLUDE_LEE_SITES	random_forest	s__Anaerotruncus_rubiinfantis	7	7	1.0	0.002662927565539685	0.002662927565539685	0.002858409581179458	nan
S3_EXCLUDE_LEE_SITES	random_forest	s__Bifidobacterium_catenulatum	5	5	1.0	0.0026559223348257637	0.0026559223348257637	0.002929269336391925	nan
S3_EXCLUDE_LEE_SITES	random_forest	s__GGB51647_SGB4348	7	7	1.0	0.0026507889582171704	0.0026507889582171704	0.0025815788498527387	nan
S3_EXCLUDE_LEE_SITES	random_forest	s__Anaerotignum_faecicola	7	7	1.0	0.002628781728096992	0.002628781728096992	0.003026575993888638	nan
S3_EXCLUDE_LEE_SITES	random_forest	s__Candidatus_Cibionibacter_quicibialis	7	7	1.0	0.002626478835071198	0.002626478835071198	0.0025615472042524756	nan
S3_EXCLUDE_LEE_SITES	random_forest	s__Clostridium_spiroforme	7	7	1.0	0.002621292310164952	0.002621292310164952	0.0023036181471673984	nan
S3_EXCLUDE_LEE_SITES	random_forest	s__GGB3653_SGB4964	7	7	1.0	0.002617969979111225	0.002617969979111225	0.0025700449848276687	nan
S3_EXCLUDE_LEE_SITES	random_forest	s__Blautia_luti	7	7	1.0	0.002614001652160409	0.002614001652160409	0.002372447325243207	nan
S3_EXCLUDE_LEE_SITES	random_forest	s__Anaerobutyricum_hallii	7	7	1.0	0.0025982077467643075	0.0025982077467643075	0.0023671938918444248	nan
S3_EXCLUDE_LEE_SITES	random_forest	s__Collinsella_SGB14861	7	7	1.0	0.002593174310565553	0.002593174310565553	0.002871128095662308	nan
S3_EXCLUDE_LEE_SITES	random_forest	s__Turicibacter_bilis	7	7	1.0	0.0025854223665105593	0.0025854223665105593	0.002560485313553542	nan
S3_EXCLUDE_LEE_SITES	random_forest	s__Anaerotruncus_massiliensis	7	7	1.0	0.0025846333608494474	0.0025846333608494474	0.0025642852006610493	nan
S3_EXCLUDE_LEE_SITES	random_forest	s__GGB2998_SGB3989	7	7	1.0	0.002579989266272915	0.002579989266272915	0.0025364730189638934	nan
S3_EXCLUDE_LEE_SITES	random_forest	s__GGB9694_SGB15204	7	7	1.0	0.002564450254087232	0.002564450254087232	0.0023893322210980722	nan
S3_EXCLUDE_LEE_SITES	random_forest	s__Alistipes_indistinctus	7	7	1.0	0.002563007996793681	0.002563007996793681	0.0026746839176065604	nan
S3_EXCLUDE_LEE_SITES	random_forest	s__Rothia_mucilaginosa	7	7	1.0	0.002559349700196637	0.002559349700196637	0.002345029528010567	nan
S3_EXCLUDE_LEE_SITES	random_forest	s__Faecalibacillus_faecis	7	7	1.0	0.0025204554749324454	0.0025204554749324454	0.0025138461258317514	nan
S3_EXCLUDE_LEE_SITES	random_forest	s__GGB9237_SGB14179	7	7	1.0	0.002514502561537206	0.002514502561537206	0.0023809830901811335	nan
S3_EXCLUDE_LEE_SITES	random_forest	s__Clostridium_scindens	7	7	1.0	0.002504496642941122	0.002504496642941122	0.002509246230677634	nan
S3_EXCLUDE_LEE_SITES	random_forest	s__Dialister_invisus	7	7	1.0	0.002490271473494149	0.002490271473494149	0.0026004517287701546	nan
S3_EXCLUDE_LEE_SITES	random_forest	s__GGB9788_SGB15411	7	7	1.0	0.0024798366481828477	0.0024798366481828477	0.0027808738551269602	nan
S3_EXCLUDE_LEE_SITES	random_forest	s__Bacteroides_thetaiotaomicron	7	7	1.0	0.002476463588115567	0.002476463588115567	0.002268618310894431	nan
S3_EXCLUDE_LEE_SITES	random_forest	s__Gordonibacter_pamelaeae	7	7	1.0	0.002458991096195338	0.002458991096195338	0.0023841912770461967	nan
S3_EXCLUDE_LEE_SITES	random_forest	s__Bifidobacterium_dentium	7	7	1.0	0.0024560713831190766	0.0024560713831190766	0.003077523825535801	nan
S3_EXCLUDE_LEE_SITES	random_forest	s__Rheinheimera_SGB14999	7	7	1.0	0.00244931924829684	0.00244931924829684	0.002548390980908809	nan
S3_EXCLUDE_LEE_SITES	random_forest	s__GGB3277_SGB4327	7	7	1.0	0.00244797899699545	0.00244797899699545	0.0025425990774888465	nan
S3_EXCLUDE_LEE_SITES	random_forest	s__Clostridium_sp_AF20_17LB	7	7	1.0	0.0024370695618148685	0.0024370695618148685	0.0025413997134570918	nan
S3_EXCLUDE_LEE_SITES	random_forest	s__Clostridium_sp_1001270J_160509_D11	7	7	1.0	0.0024301446385521512	0.0024301446385521512	0.0023509278317998803	nan
S3_EXCLUDE_LEE_SITES	random_forest	s__Parasutterella_excrementihominis	7	7	1.0	0.002424594971168954	0.002424594971168954	0.0026037197889177393	nan
S3_EXCLUDE_LEE_SITES	random_forest	s__Massiliimalia_massiliensis	7	7	1.0	0.0024210041604046544	0.0024210041604046544	0.0026221333450383035	nan
S3_EXCLUDE_LEE_SITES	random_forest	s__Hydrogenoanaerobacterium_saccharovorans	7	7	1.0	0.002420039197837095	0.002420039197837095	0.001977652490391595	nan
S3_EXCLUDE_LEE_SITES	random_forest	s__Harryflintia_acetispora	7	7	1.0	0.002409942204205251	0.002409942204205251	0.0024683999604948673	nan
S3_EXCLUDE_LEE_SITES	random_forest	s__Ruthenibacterium_lactatiformans	7	7	1.0	0.002397259856422199	0.002397259856422199	0.0021321030422354424	nan
S3_EXCLUDE_LEE_SITES	random_forest	s__GGB9453_SGB14844	7	7	1.0	0.0023856980928866904	0.0023856980928866904	0.002094375421119673	nan
S3_EXCLUDE_LEE_SITES	random_forest	s__Bifidobacterium_pseudocatenulatum	7	7	1.0	0.0023822716296214757	0.0023822716296214757	0.0018869864268355435	nan
S3_EXCLUDE_LEE_SITES	random_forest	s__GGB38744_SGB14842	7	7	1.0	0.002382089860444996	0.002382089860444996	0.0023670533155626962	nan
S3_EXCLUDE_LEE_SITES	random_forest	s__GGB3537_SGB4727	7	7	1.0	0.0023767909339552926	0.0023767909339552926	0.002710020666802114	nan
S3_EXCLUDE_LEE_SITES	random_forest	s__Gordonibacter_urolithinfaciens	7	7	1.0	0.002360141300266595	0.002360141300266595	0.002430220503204782	nan
S3_EXCLUDE_LEE_SITES	random_forest	s__Alistipes_ihumii	7	7	1.0	0.0023525216238840935	0.0023525216238840935	0.0027894507246699067	nan
S3_EXCLUDE_LEE_SITES	random_forest	s__Oscillibacter_sp_ER4	7	7	1.0	0.0023440838308641824	0.0023440838308641824	0.002354321407110406	nan
S3_EXCLUDE_LEE_SITES	random_forest	s__Phascolarctobacterium_SGB4573	7	7	1.0	0.002338623443240291	0.002338623443240291	0.002146228753571108	nan
S3_EXCLUDE_LEE_SITES	random_forest	s__GGB9724_SGB15278	7	7	1.0	0.0023248494154048415	0.0023248494154048415	0.0022303050351660317	nan
S3_EXCLUDE_LEE_SITES	random_forest	s__Actinomyces_dentalis	3	3	1.0	0.0023053585977903398	0.0023053585977903398	0.0024275710862401625	nan
S3_EXCLUDE_LEE_SITES	random_forest	s__Bacteroides_fragilis	7	7	1.0	0.0023026086050841857	0.0023026086050841857	0.001943790572877568	nan
S3_EXCLUDE_LEE_SITES	random_forest	s__GGB9719_SGB15273	7	7	1.0	0.002293800279853938	0.002293800279853938	0.0024687917643577456	nan
S3_EXCLUDE_LEE_SITES	random_forest	s__GGB13493_SGB15238	5	5	1.0	0.002291854127964637	0.002291854127964637	0.0028543284738606783	nan
S3_EXCLUDE_LEE_SITES	random_forest	s__Bacteroides_cellulosilyticus	7	7	1.0	0.0022724803445557953	0.0022724803445557953	0.002257931901811272	nan
S3_EXCLUDE_LEE_SITES	random_forest	s__Odoribacter_splanchnicus	7	7	1.0	0.0022677542857578786	0.0022677542857578786	0.0024541703983540996	nan
S3_EXCLUDE_LEE_SITES	random_forest	s__GGB9699_SGB15216	7	7	1.0	0.002258558155171768	0.002258558155171768	0.0019426782512969832	nan
S3_EXCLUDE_LEE_SITES	random_forest	s__Holdemania_sp_1001095H_141210_F2	7	7	1.0	0.002257138896852254	0.002257138896852254	0.001981572035923469	nan
S3_EXCLUDE_LEE_SITES	random_forest	s__GGB9480_SGB14874	7	7	1.0	0.002225747199276539	0.002225747199276539	0.0021881087564626037	nan
S3_EXCLUDE_LEE_SITES	random_forest	s__GGB3612_SGB4882	7	7	1.0	0.0022256405867717645	0.0022256405867717645	0.0022226686547707417	nan
S3_EXCLUDE_LEE_SITES	random_forest	s__Actinomyces_sp_ph3	7	7	1.0	0.002223859514982926	0.002223859514982926	0.0015311565596508377	nan
S3_EXCLUDE_LEE_SITES	random_forest	s__GGB3819_SGB5184	7	7	1.0	0.00222182357970816	0.00222182357970816	0.0020965105252668194	nan
S3_EXCLUDE_LEE_SITES	random_forest	s__GGB45491_SGB63163	7	7	1.0	0.0022148071157504817	0.0022148071157504817	0.0021251266300097347	nan
S3_EXCLUDE_LEE_SITES	random_forest	s__GGB33469_SGB15236	7	7	1.0	0.0022118234969217363	0.0022118234969217363	0.0026263869807308625	nan
S3_EXCLUDE_LEE_SITES	random_forest	s__Mogibacterium_sp_BX12	7	7	1.0	0.0022058582262462186	0.0022058582262462186	0.002338318504323221	nan
S3_EXCLUDE_LEE_SITES	random_forest	s__Clostridium_SGB4648	7	7	1.0	0.00220282853619883	0.00220282853619883	0.0024579157644920345	nan
S3_EXCLUDE_LEE_SITES	random_forest	s__Faecalibacterium_SGB15315	7	7	1.0	0.00220281981417174	0.00220281981417174	0.002206436284568679	nan
S3_EXCLUDE_LEE_SITES	random_forest	s__GGB3034_SGB4030	7	7	1.0	0.0021891314576766227	0.0021891314576766227	0.0020405801618748496	nan
S3_EXCLUDE_LEE_SITES	random_forest	s__Dorea_sp_AF36_15AT	7	7	1.0	0.0021888053447060257	0.0021888053447060257	0.001901794668159874	nan
S3_EXCLUDE_LEE_SITES	random_forest	s__Streptococcus_mutans	7	7	1.0	0.0021768633662879234	0.0021768633662879234	0.001786484516509314	nan
S3_EXCLUDE_LEE_SITES	random_forest	s__Lancefieldella_parvula	7	7	1.0	0.0021767070937921806	0.0021767070937921806	0.002553680838970035	nan
S3_EXCLUDE_LEE_SITES	random_forest	s__Bacteroides_ovatus	7	7	1.0	0.002171583211224011	0.002171583211224011	0.002167251356855938	nan
S3_EXCLUDE_LEE_SITES	random_forest	s__Enterocloster_lavalensis	7	7	1.0	0.002168936794468829	0.002168936794468829	0.0022829825821867704	nan
S3_EXCLUDE_LEE_SITES	random_forest	s__Dorea_sp_AF24_7LB	7	7	1.0	0.002161154997645112	0.002161154997645112	0.0022145208649613493	nan
S3_EXCLUDE_LEE_SITES	random_forest	s__GGB2958_SGB3940	6	6	1.0	0.00215638020897999	0.00215638020897999	0.0018951851834966232	nan
S3_EXCLUDE_LEE_SITES	random_forest	s__GGB2653_SGB3574	7	7	1.0	0.0021364903995810666	0.0021364903995810666	0.0020642502260300013	nan
S3_EXCLUDE_LEE_SITES	random_forest	s__Eubacterium_ventriosum	7	7	1.0	0.0021307005293177135	0.0021307005293177135	0.002127987075187063	nan
S3_EXCLUDE_LEE_SITES	random_forest	s__Streptococcus_anginosus	7	7	1.0	0.002114881269000296	0.002114881269000296	0.0020696743383691396	nan
S3_EXCLUDE_LEE_SITES	random_forest	s__GGB1627_SGB2230	1	1	1.0	0.002112181656279409	0.002112181656279409	0.002112181656279409	nan
S3_EXCLUDE_LEE_SITES	random_forest	s__Holdemanella_porci	7	7	1.0	0.0021119261796356467	0.0021119261796356467	0.0015577458188952844	nan
S3_EXCLUDE_LEE_SITES	random_forest	s__GGB9621_SGB15073	7	7	1.0	0.0020980152570693237	0.0020980152570693237	0.0019134743909871824	nan
S3_EXCLUDE_LEE_SITES	random_forest	s__Bacteroides_intestinalis	7	7	1.0	0.002088688876208182	0.002088688876208182	0.0019531758517331048	nan
S3_EXCLUDE_LEE_SITES	random_forest	s__Collinsella_SGB4121	7	7	1.0	0.00208041907477319	0.00208041907477319	0.0017337401233299683	nan
S3_EXCLUDE_LEE_SITES	random_forest	s__GGB9707_SGB15229	7	7	1.0	0.0020731816398780823	0.0020731816398780823	0.0019499804461464525	nan
S3_EXCLUDE_LEE_SITES	random_forest	s__Bifidobacterium_bifidum	7	7	1.0	0.002072736732695253	0.002072736732695253	0.001840301524104957	nan
S3_EXCLUDE_LEE_SITES	random_forest	s__Butyricimonas_SGB15260	7	7	1.0	0.0020657252177381396	0.0020657252177381396	0.002108357034997206	nan
S3_EXCLUDE_LEE_SITES	random_forest	s__Enterocloster_aldenensis	7	7	1.0	0.0020654112664800456	0.0020654112664800456	0.0021596063636630217	nan
S3_EXCLUDE_LEE_SITES	random_forest	s__Clostridium_sp_1001270H_150608_G6	7	7	1.0	0.002065073048050137	0.002065073048050137	0.0019374870594733194	nan
S3_EXCLUDE_LEE_SITES	random_forest	s__Ligilactobacillus_ruminis	1	1	1.0	0.002052694067413553	0.002052694067413553	0.002052694067413553	nan
S3_EXCLUDE_LEE_SITES	random_forest	s__GGB52130_SGB14966	7	7	1.0	0.002051084753410124	0.002051084753410124	0.0020936824307370362	nan
S3_EXCLUDE_LEE_SITES	random_forest	s__GGB9512_SGB14909	7	7	1.0	0.002048243291230339	0.002048243291230339	0.002090046941975579	nan
S3_EXCLUDE_LEE_SITES	random_forest	s__Coprobacter_fastidiosus	7	7	1.0	0.002046473451474388	0.002046473451474388	0.0019551810938560027	nan
S3_EXCLUDE_LEE_SITES	random_forest	s__GGB80140_SGB15224	7	7	1.0	0.002035916748065829	0.002035916748065829	0.0021671972562908705	nan
S3_EXCLUDE_LEE_SITES	random_forest	s__Bacteroides_salyersiae	7	7	1.0	0.0020260408486924056	0.0020260408486924056	0.0020182120022160443	nan
S3_EXCLUDE_LEE_SITES	random_forest	s__Bacteroides_finegoldii	7	7	1.0	0.0020092272072987183	0.0020092272072987183	0.0018043128158123744	nan
S3_EXCLUDE_LEE_SITES	random_forest	s__Senegalimassilia_anaerobia	7	7	1.0	0.00200286074836169	0.00200286074836169	0.0019530411456447812	nan
S3_EXCLUDE_LEE_SITES	random_forest	s__GGB52106_SGB72838	7	7	1.0	0.001980312840810951	0.001980312840810951	0.0016506648242297281	nan
S3_EXCLUDE_LEE_SITES	random_forest	s__GGB2848_SGB3813	7	7	1.0	0.0019729208912503756	0.0019729208912503756	0.0017591582174055753	nan
S3_EXCLUDE_LEE_SITES	random_forest	s__Ruminococcus_sp_BSD2780120874_150323_B10	7	7	1.0	0.0019717282276552664	0.0019717282276552664	0.0020748795017385946	nan
S3_EXCLUDE_LEE_SITES	random_forest	s__Blautia_caecimuris	7	7	1.0	0.001963843826991801	0.001963843826991801	0.0016657723872950646	nan
S3_EXCLUDE_LEE_SITES	random_forest	s__Clostridium_symbiosum	7	7	1.0	0.0019499661438104603	0.0019499661438104603	0.001983781574511692	nan
S3_EXCLUDE_LEE_SITES	random_forest	s__Butyricimonas_paravirosa	7	7	1.0	0.0019452097078723684	0.0019452097078723684	0.0017076336334034667	nan
S3_EXCLUDE_LEE_SITES	random_forest	s__Enterocloster_citroniae	7	7	1.0	0.0019440795307219315	0.0019440795307219315	0.0021210713781097796	nan
S3_EXCLUDE_LEE_SITES	random_forest	s__GGB9524_SGB14924	7	7	1.0	0.0019177606438080946	0.0019177606438080946	0.0014849427711502862	nan
S3_EXCLUDE_LEE_SITES	random_forest	s__Blautia_wexlerae	7	7	1.0	0.0019166108855184578	0.0019166108855184578	0.0020085055335839247	nan
S3_EXCLUDE_LEE_SITES	random_forest	s__Agathobaculum_butyriciproducens	7	7	1.0	0.0019162305588264605	0.0019162305588264605	0.0019129660059679452	nan
S3_EXCLUDE_LEE_SITES	random_forest	s__Streptococcus_thermophilus	7	7	1.0	0.001913926873316188	0.001913926873316188	0.0021109303127995666	nan
S3_EXCLUDE_LEE_SITES	random_forest	s__GGB9619_SGB15067	7	7	1.0	0.0018872237678553769	0.0018872237678553769	0.0017262900643040925	nan
S3_EXCLUDE_LEE_SITES	random_forest	s__Clostridium_sp_NSJ_42	7	7	1.0	0.0018753110939247614	0.0018753110939247614	0.002072018751913783	nan
S3_EXCLUDE_LEE_SITES	random_forest	s__Butyricimonas_virosa	7	7	1.0	0.0018752853713558512	0.0018752853713558512	0.0019171587449914387	nan
S3_EXCLUDE_LEE_SITES	random_forest	s__Eisenbergiella_tayi	7	7	1.0	0.0018723878739195668	0.0018723878739195668	0.0019860190058865078	nan
S3_EXCLUDE_LEE_SITES	random_forest	s__Eisenbergiella_massiliensis	7	7	1.0	0.0018703940970474329	0.0018703940970474329	0.0017383675776183637	nan
S3_EXCLUDE_LEE_SITES	random_forest	s__Acidaminococcus_intestini	7	7	1.0	0.0018650312431033231	0.0018650312431033231	0.0020103534217515632	nan
S3_EXCLUDE_LEE_SITES	random_forest	s__GGB9760_SGB15373	7	7	1.0	0.00184943261008959	0.00184943261008959	0.0019083891719091357	nan
S3_EXCLUDE_LEE_SITES	random_forest	s__Lachnospira_pectinoschiza	7	7	1.0	0.0018471995531700442	0.0018471995531700442	0.001954175712429375	nan
S3_EXCLUDE_LEE_SITES	random_forest	s__GGB79734_SGB15291	7	7	1.0	0.0018418286400149638	0.0018418286400149638	0.0015701274839768984	nan
S3_EXCLUDE_LEE_SITES	random_forest	s__GGB2980_SGB3962	7	7	1.0	0.001821075978700649	0.001821075978700649	0.0018518408970808616	nan
S3_EXCLUDE_LEE_SITES	random_forest	s__GGB79630_SGB13983	4	4	1.0	0.0018208615400727157	0.0018208615400727157	0.0014227547389160978	nan
S3_EXCLUDE_LEE_SITES	random_forest	s__Phocaeicola_dorei	7	7	1.0	0.0018127641259764904	0.0018127641259764904	0.0019798620698588836	nan
S3_EXCLUDE_LEE_SITES	random_forest	s__Veillonella_rogosae	1	1	1.0	0.0018123846506836352	0.0018123846506836352	0.0018123846506836352	nan
S3_EXCLUDE_LEE_SITES	random_forest	s__GGB9614_SGB15049	7	7	1.0	0.0018079384798460984	0.0018079384798460984	0.0016411655854707307	nan
S3_EXCLUDE_LEE_SITES	random_forest	s__GGB77437_SGB9391	7	7	1.0	0.0018043859980271402	0.0018043859980271402	0.0018331187353187901	nan
S3_EXCLUDE_LEE_SITES	random_forest	s__Senegalimassilia_SGB14826	1	1	1.0	0.001803913721522995	0.001803913721522995	0.001803913721522995	nan
S3_EXCLUDE_LEE_SITES	random_forest	s__GGB9627_SGB15081	7	7	1.0	0.0018013765187799337	0.0018013765187799337	0.001862635686661864	nan
S3_EXCLUDE_LEE_SITES	random_forest	s__Pseudoflavonifractor_capillosus	7	7	1.0	0.0017942447980080242	0.0017942447980080242	0.0018286287161740382	nan
S3_EXCLUDE_LEE_SITES	random_forest	s__Massilioclostridium_coli	7	7	1.0	0.0017941573280990896	0.0017941573280990896	0.0018237965173919517	nan
S3_EXCLUDE_LEE_SITES	random_forest	s__GGB9501_SGB14898	7	7	1.0	0.0017910401839697201	0.0017910401839697201	0.0018419700258007975	nan
S3_EXCLUDE_LEE_SITES	random_forest	s__Enterocloster_SGB14313	7	7	1.0	0.0017891967898555964	0.0017891967898555964	0.0019823476084613644	nan
S3_EXCLUDE_LEE_SITES	random_forest	s__Coprococcus_SGB4669	7	7	1.0	0.001784287649637642	0.001784287649637642	0.001730257881632179	nan
S3_EXCLUDE_LEE_SITES	random_forest	s__Flavonifractor_plautii	7	7	1.0	0.001783888119754684	0.001783888119754684	0.0014296067212870075	nan
S3_EXCLUDE_LEE_SITES	random_forest	s__Mediterraneibacter_massiliensis	7	7	1.0	0.0017758175727343567	0.0017758175727343567	0.0016267586136108271	nan
S3_EXCLUDE_LEE_SITES	random_forest	s__Anaerofilum_sp_BX8	7	7	1.0	0.0017700124611162691	0.0017700124611162691	0.0019424045286484057	nan
S3_EXCLUDE_LEE_SITES	random_forest	s__Dorea_longicatena	7	7	1.0	0.0017682439416355777	0.0017682439416355777	0.0017469322826955387	nan
S3_EXCLUDE_LEE_SITES	random_forest	s__Sellimonas_intestinalis	7	7	1.0	0.0017632938565006748	0.0017632938565006748	0.0015496148566043432	nan
S3_EXCLUDE_LEE_SITES	random_forest	s__GGB9708_SGB15233	7	7	1.0	0.0017632379529859267	0.0017632379529859267	0.0017659889710136692	nan
S3_EXCLUDE_LEE_SITES	random_forest	s__Massilimicrobiota_timonensis	7	7	1.0	0.0017534114686383652	0.0017534114686383652	0.0016846001449603862	nan
S3_EXCLUDE_LEE_SITES	random_forest	s__Streptococcus_sanguinis	7	7	1.0	0.001751184156504026	0.001751184156504026	0.0016754748382480534	nan
S3_EXCLUDE_LEE_SITES	random_forest	s__GGB9759_SGB15370	7	7	1.0	0.0017459545761618993	0.0017459545761618993	0.0017295253365919203	nan
S3_EXCLUDE_LEE_SITES	random_forest	s__Monoglobus_pectinilyticus	7	7	1.0	0.0017182124859287545	0.0017182124859287545	0.001743903467379911	nan
S3_EXCLUDE_LEE_SITES	random_forest	s__Blautia_hydrogenotrophica	7	7	1.0	0.0017181560493396608	0.0017181560493396608	0.00161971701733043	nan
S3_EXCLUDE_LEE_SITES	random_forest	s__GGB9640_SGB15115	7	7	1.0	0.0017161503625638577	0.0017161503625638577	0.0018658671678715869	nan
S3_EXCLUDE_LEE_SITES	random_forest	s__GGB9293_SGB14250	7	7	1.0	0.00171518288939864	0.00171518288939864	0.0013940828955050365	nan
S3_EXCLUDE_LEE_SITES	random_forest	s__GGB9290_SGB14247	1	1	1.0	0.0016999361071215328	0.0016999361071215328	0.0016999361071215328	nan
S3_EXCLUDE_LEE_SITES	random_forest	s__Blautia_SGB4815	7	7	1.0	0.0016998037793149602	0.0016998037793149602	0.0014444549561683164	nan
S3_EXCLUDE_LEE_SITES	random_forest	s__Alistipes_senegalensis	7	7	1.0	0.0016984850101018527	0.0016984850101018527	0.0014805385688722908	nan
S3_EXCLUDE_LEE_SITES	random_forest	s__GGB9635_SGB15106	7	7	1.0	0.0016923695083029024	0.0016923695083029024	0.0013928520278997593	nan
S3_EXCLUDE_LEE_SITES	random_forest	s__GGB9602_SGB15031	7	7	1.0	0.0016890433381688385	0.0016890433381688385	0.0017151240231094262	nan
S3_EXCLUDE_LEE_SITES	random_forest	s__GGB9787_SGB15410	7	7	1.0	0.0016697780657893662	0.0016697780657893662	0.0014955746922136722	nan
S3_EXCLUDE_LEE_SITES	random_forest	s__GGB9713_SGB15249	7	7	1.0	0.0016686106470699988	0.0016686106470699988	0.0017910088124658242	nan
S3_EXCLUDE_LEE_SITES	random_forest	s__Coprococcus_eutactus	7	7	1.0	0.0016672481678623363	0.0016672481678623363	0.0016074248707205407	nan
S3_EXCLUDE_LEE_SITES	random_forest	s__Phocaeicola_plebeius	7	7	1.0	0.0016654210311275533	0.0016654210311275533	0.0018898727973699367	nan
S3_EXCLUDE_LEE_SITES	random_forest	s__Actinomyces_SGB17157	6	6	1.0	0.0016594194391298448	0.0016594194391298448	0.0011150186201124182	nan
S3_EXCLUDE_LEE_SITES	random_forest	s__GGB3061_SGB4063	7	7	1.0	0.001654044352181706	0.001654044352181706	0.001868300782928897	nan
S3_EXCLUDE_LEE_SITES	random_forest	s__GGB34900_SGB14891	7	7	1.0	0.0016522258155599217	0.0016522258155599217	0.0015027394930104219	nan
S3_EXCLUDE_LEE_SITES	random_forest	s__Paratractidigestivibacter_faecalis	1	1	1.0	0.0016466400712610472	0.0016466400712610472	0.0016466400712610472	nan
S3_EXCLUDE_LEE_SITES	random_forest	s__Ruminococcus_lactaris	7	7	1.0	0.0016423910009110193	0.0016423910009110193	0.0017307392442057715	nan
S3_EXCLUDE_LEE_SITES	random_forest	s__GGB58233_SGB79883	7	7	1.0	0.001642157763047806	0.001642157763047806	0.0015860262232470722	nan
S3_EXCLUDE_LEE_SITES	random_forest	s__GGB9641_SGB15117	7	7	1.0	0.001641674458618094	0.001641674458618094	0.0016171197175653162	nan
S3_EXCLUDE_LEE_SITES	random_forest	s__GGB9818_SGB15459	7	7	1.0	0.0016394959837108842	0.0016394959837108842	0.002022406280436401	nan
S3_EXCLUDE_LEE_SITES	random_forest	s__Anaerofustis_stercorihominis	7	7	1.0	0.0016225454849649174	0.0016225454849649174	0.0015612344092611804	nan
S3_EXCLUDE_LEE_SITES	random_forest	s__Eubacterium_sp_AF34_35BH	7	7	1.0	0.0016215369857969831	0.0016215369857969831	0.0016997214993786085	nan
S3_EXCLUDE_LEE_SITES	random_forest	s__Blautia_hansenii	7	7	1.0	0.0016159236269577707	0.0016159236269577707	0.0017420472364011604	nan
S3_EXCLUDE_LEE_SITES	random_forest	s__GGB9719_SGB53514	1	1	1.0	0.0016071909016948606	0.0016071909016948606	0.0016071909016948606	nan
S3_EXCLUDE_LEE_SITES	random_forest	s__GGB9767_SGB15385	7	7	1.0	0.001602871308862261	0.001602871308862261	0.0013428984431084446	nan
S3_EXCLUDE_LEE_SITES	random_forest	s__GGB3510_SGB4687	7	7	1.0	0.0016008702736470294	0.0016008702736470294	0.0014064466301247087	nan
S3_EXCLUDE_LEE_SITES	random_forest	s__GGB9646_SGB15123	7	7	1.0	0.0016002169586600812	0.0016002169586600812	0.0014769420491903696	nan
S3_EXCLUDE_LEE_SITES	random_forest	s__GGB33928_SGB15225	7	7	1.0	0.0015960642813263447	0.0015960642813263447	0.0016277409377578255	nan
S3_EXCLUDE_LEE_SITES	random_forest	s__Actinomyces_sp_ICM47	7	7	1.0	0.0015925955600916166	0.0015925955600916166	0.001606337649675148	nan
S3_EXCLUDE_LEE_SITES	random_forest	s__GGB9063_SGB13982	7	7	1.0	0.0015821591422154051	0.0015821591422154051	0.0014204742938449025	nan
S3_EXCLUDE_LEE_SITES	random_forest	s__Neglectibacter_timonensis	7	7	1.0	0.0015789391664016235	0.0015789391664016235	0.0015971787892944663	nan
S3_EXCLUDE_LEE_SITES	random_forest	s__GGB9770_SGB15390	7	7	1.0	0.001568524264067538	0.001568524264067538	0.001563270336994254	nan
S3_EXCLUDE_LEE_SITES	random_forest	s__Mediterraneibacter_glycyrrhizinilyticus	7	7	1.0	0.0015673794331997229	0.0015673794331997229	0.001358602490219377	nan
S3_EXCLUDE_LEE_SITES	random_forest	s__GGB9634_SGB15093	7	7	1.0	0.0015669368779480158	0.0015669368779480158	0.0013807769817238047	nan
S3_EXCLUDE_LEE_SITES	random_forest	s__GGB9760_SGB15374	7	7	1.0	0.0015641341971215218	0.0015641341971215218	0.0014924104100048467	nan
S3_EXCLUDE_LEE_SITES	random_forest	s__Massilimicrobiota_sp_An134	7	7	1.0	0.0015621485124181736	0.0015621485124181736	0.0017432999271800116	nan
S3_EXCLUDE_LEE_SITES	random_forest	s__Akkermansia_sp_BIOML_A40	2	2	1.0	0.0015418845265776273	0.0015418845265776273	0.0015418845265776273	nan
S3_EXCLUDE_LEE_SITES	random_forest	s__Phocaeicola_massiliensis	7	7	1.0	0.001540868467056496	0.001540868467056496	0.0013606288985727063	nan
S3_EXCLUDE_LEE_SITES	random_forest	s__GGB9559_SGB14969	7	7	1.0	0.0015400619136044077	0.0015400619136044077	0.0013171744404979248	nan
S3_EXCLUDE_LEE_SITES	random_forest	s__Christensenella_minuta	7	7	1.0	0.0015341180830055502	0.0015341180830055502	0.001614136808401302	nan
S3_EXCLUDE_LEE_SITES	random_forest	s__GGB74463_SGB54347	7	7	1.0	0.001530531780178372	0.001530531780178372	0.0015971176018790385	nan
S3_EXCLUDE_LEE_SITES	random_forest	s__GGB2998_SGB3988	7	7	1.0	0.001521713160725243	0.001521713160725243	0.001581499424651643	nan
S3_EXCLUDE_LEE_SITES	random_forest	s__Isoptericola_variabilis	6	6	1.0	0.0015174847402490063	0.0015174847402490063	0.0014225498397736822	nan
S3_EXCLUDE_LEE_SITES	random_forest	s__Coprobacillus_cateniformis	7	7	1.0	0.0015153044689746684	0.0015153044689746684	0.0013875897602951917	nan
S3_EXCLUDE_LEE_SITES	random_forest	s__GGB9522_SGB14921	7	7	1.0	0.0015141579380288754	0.0015141579380288754	0.0011586884438823427	nan
S3_EXCLUDE_LEE_SITES	random_forest	s__Hydrogeniiclostidium_mannosilyticum	7	7	1.0	0.0015124991279999137	0.0015124991279999137	0.0014356978907354317	nan
S3_EXCLUDE_LEE_SITES	random_forest	s__Tyzzerella_nexilis	7	7	1.0	0.0015122928038942308	0.0015122928038942308	0.0012246989352285985	nan
S3_EXCLUDE_LEE_SITES	random_forest	s__GGB34797_SGB14322	7	7	1.0	0.001510609757976964	0.001510609757976964	0.0012652182600052673	nan
S3_EXCLUDE_LEE_SITES	random_forest	s__Mediterraneibacter_SGB48424	7	7	1.0	0.001503281306838231	0.001503281306838231	0.0014592296424946526	nan
S3_EXCLUDE_LEE_SITES	random_forest	s__GGB9758_SGB15368	7	7	1.0	0.0014973953578467352	0.0014973953578467352	0.0016718867966252513	nan
S3_EXCLUDE_LEE_SITES	random_forest	s__Mogibacterium_diversum	7	7	1.0	0.0014896883133861344	0.0014896883133861344	0.0009964201011959542	nan
S3_EXCLUDE_LEE_SITES	random_forest	s__Lachnospira_sp_NSJ_43	7	7	1.0	0.001481175513419579	0.001481175513419579	0.0015890810205997415	nan
S3_EXCLUDE_LEE_SITES	random_forest	s__GGB2977_SGB3959	7	7	1.0	0.0014806718490303489	0.0014806718490303489	0.001335107313035392	nan
S3_EXCLUDE_LEE_SITES	random_forest	s__Methanobrevibacter_smithii	7	7	1.0	0.001480451859822473	0.001480451859822473	0.0014556109207536838	nan
S3_EXCLUDE_LEE_SITES	random_forest	s__Longicatena_caecimuris	7	7	1.0	0.0014793540129646593	0.0014793540129646593	0.00152197098692355	nan
S3_EXCLUDE_LEE_SITES	random_forest	s__GGB9712_SGB15244	7	7	1.0	0.0014760686439139199	0.0014760686439139199	0.001403866652060397	nan
S3_EXCLUDE_LEE_SITES	random_forest	s__Alistipes_dispar	7	7	1.0	0.0014745253934846463	0.0014745253934846463	0.0015116509269012513	nan
S3_EXCLUDE_LEE_SITES	random_forest	s__Clostridium_sp_AF27_2AA	7	7	1.0	0.0014712288854000137	0.0014712288854000137	0.0013374023611405573	nan
S3_EXCLUDE_LEE_SITES	random_forest	s__Clostridium_sp_AT4	7	7	1.0	0.0014652806568352264	0.0014652806568352264	0.0014270306297781436	nan
S3_EXCLUDE_LEE_SITES	random_forest	s__GGB2970_SGB3952	7	7	1.0	0.0014645148320614394	0.0014645148320614394	0.001777423931114495	nan
S3_EXCLUDE_LEE_SITES	random_forest	s__Candidatus_Borkfalkia_ceftriaxoniphila	7	7	1.0	0.001463412040250713	0.001463412040250713	0.001552474499608984	nan
S3_EXCLUDE_LEE_SITES	random_forest	s__GGB35068_SGB47850	6	6	1.0	0.0014628853598201118	0.0014628853598201118	0.0014358373900889572	nan
S3_EXCLUDE_LEE_SITES	random_forest	s__GGB6612_SGB9346	6	6	1.0	0.0014593895005466382	0.0014593895005466382	0.0010164589065709152	nan
S3_EXCLUDE_LEE_SITES	random_forest	s__Blautia_sp_MSK_20_85	7	7	1.0	0.0014506536517720047	0.0014506536517720047	0.0015927195689640378	nan
S3_EXCLUDE_LEE_SITES	random_forest	s__GGB3534_SGB4722	7	7	1.0	0.001434966431788046	0.001434966431788046	0.001592918663245112	nan
S3_EXCLUDE_LEE_SITES	random_forest	s__GGB42994_SGB4746	7	7	1.0	0.0014115279066389125	0.0014115279066389125	0.0014982328423365455	nan
S3_EXCLUDE_LEE_SITES	random_forest	s__Actinomyces_oris	7	7	1.0	0.0014095648788781414	0.0014095648788781414	0.0012774219249085342	nan
S3_EXCLUDE_LEE_SITES	random_forest	s__Enterococcus_SGB6173	7	7	1.0	0.0014074864007183174	0.0014074864007183174	0.0013153886608324667	nan
S3_EXCLUDE_LEE_SITES	random_forest	s__Catenibacterium_SGB4425	3	3	1.0	0.001407468675854836	0.001407468675854836	0.001148824501771331	nan
S3_EXCLUDE_LEE_SITES	random_forest	s__Bacteroides_nordii	7	7	1.0	0.0014063255533224438	0.0014063255533224438	0.001195686502332761	nan
S3_EXCLUDE_LEE_SITES	random_forest	s__Merdimonas_faecis	7	7	1.0	0.0014038806865039144	0.0014038806865039144	0.0013491455465889789	nan
S3_EXCLUDE_LEE_SITES	random_forest	s__GGB9770_SGB15389	7	7	1.0	0.0013994490837737849	0.0013994490837737849	0.0011854580627601533	nan
S3_EXCLUDE_LEE_SITES	random_forest	s__Anaerotignum_lactatifermentans	6	6	1.0	0.0013992232334790813	0.0013992232334790813	0.0013675726447055464	nan
S3_EXCLUDE_LEE_SITES	random_forest	s__Slackia_isoflavoniconvertens	7	7	1.0	0.0013939512290609582	0.0013939512290609582	0.0013672400857107794	nan
S3_EXCLUDE_LEE_SITES	random_forest	s__GGB9350_SGB14317	1	1	1.0	0.0013907893598670504	0.0013907893598670504	0.0013907893598670504	nan
S3_EXCLUDE_LEE_SITES	random_forest	s__Cloacibacillus_evryensis	5	5	1.0	0.00138332473649298	0.00138332473649298	0.0013001477722909733	nan
S3_EXCLUDE_LEE_SITES	random_forest	s__Streptococcus_oralis	6	6	1.0	0.0013797274621766282	0.0013797274621766282	0.0010830439633560379	nan
S3_EXCLUDE_LEE_SITES	random_forest	s__GGB4566_SGB6305	7	7	1.0	0.0013758789128747954	0.0013758789128747954	0.0012771981673424463	nan
S3_EXCLUDE_LEE_SITES	random_forest	s__GGB3677_SGB4990	2	2	1.0	0.0013739250003005953	0.0013739250003005953	0.0013739250003005953	nan
S3_EXCLUDE_LEE_SITES	random_forest	s__Catenibacillus_scindens	7	7	1.0	0.0013732292278174245	0.0013732292278174245	0.0013902125517712897	nan
S3_EXCLUDE_LEE_SITES	random_forest	s__GGB9766_SGB15383	7	7	1.0	0.0013707947515962631	0.0013707947515962631	0.001220864364953116	nan
S3_EXCLUDE_LEE_SITES	random_forest	s__GGB3304_SGB4367	7	7	1.0	0.0013681720200319713	0.0013681720200319713	0.0013886286359304572	nan
S3_EXCLUDE_LEE_SITES	random_forest	s__GGB51959_SGB72479	7	7	1.0	0.0013658311220590632	0.0013658311220590632	0.001245885040644579	nan
S3_EXCLUDE_LEE_SITES	random_forest	s__GGB9765_SGB15382	7	7	1.0	0.0013655882720641313	0.0013655882720641313	0.0016137471711936404	nan
S3_EXCLUDE_LEE_SITES	random_forest	s__Streptococcus_mitis	7	7	1.0	0.001358382265373673	0.001358382265373673	0.0015258726648591763	nan
S3_EXCLUDE_LEE_SITES	random_forest	s__Neobittarella_massiliensis	7	7	1.0	0.0013582670713675235	0.0013582670713675235	0.0011923194700480856	nan
S3_EXCLUDE_LEE_SITES	random_forest	s__Christensenella_sp_Marseille_P3954	5	5	1.0	0.0013547721684331407	0.0013547721684331407	0.0011227203566821161	nan
S3_EXCLUDE_LEE_SITES	random_forest	s__Ruminococcus_sp_AF46_10NS	1	1	1.0	0.0013466085789047104	0.0013466085789047104	0.0013466085789047104	nan
S3_EXCLUDE_LEE_SITES	random_forest	s__GGB45497_SGB63169	7	7	1.0	0.0013440872350208141	0.0013440872350208141	0.0011707878948441137	nan
S3_EXCLUDE_LEE_SITES	random_forest	s__Oscillibacter_sp_NSJ_62	6	6	1.0	0.0013435737168302035	0.0013435737168302035	0.0012867961888215185	nan
S3_EXCLUDE_LEE_SITES	random_forest	s__Lactococcus_lactis	7	7	1.0	0.0013425280295171448	0.0013425280295171448	0.0014589749811883294	nan
S3_EXCLUDE_LEE_SITES	random_forest	s__Clostridium_sp_AF12_28	7	7	1.0	0.0013220808715367956	0.0013220808715367956	0.0013454600867206482	nan
S3_EXCLUDE_LEE_SITES	random_forest	s__Butyricicoccus_sp_AM29_23AC	7	7	1.0	0.0013148088872694038	0.0013148088872694038	0.0009530325324820801	nan
S3_EXCLUDE_LEE_SITES	random_forest	s__Clostridium_sp_1001271st1_H5	4	4	1.0	0.0013105820062409535	0.0013105820062409535	0.0014599941388450137	nan
S3_EXCLUDE_LEE_SITES	random_forest	s__GGB3256_SGB4303	7	7	1.0	0.0013050433211085801	0.0013050433211085801	0.0014424493601681886	nan
S3_EXCLUDE_LEE_SITES	random_forest	s__GGB3614_SGB4886	7	7	1.0	0.0013009978055329025	0.0013009978055329025	0.0012632247887808452	nan
S3_EXCLUDE_LEE_SITES	random_forest	s__Lactobacillus_gasseri	7	7	1.0	0.0012978485246872493	0.0012978485246872493	0.0013170377850792677	nan
S3_EXCLUDE_LEE_SITES	random_forest	s__Collinsella_SGB14987	7	7	1.0	0.0012890712008721517	0.0012890712008721517	0.0010215312146234885	nan
S3_EXCLUDE_LEE_SITES	random_forest	s__Parabacteroides_goldsteinii	7	7	1.0	0.0012684912371788326	0.0012684912371788326	0.0014282738988215748	nan
S3_EXCLUDE_LEE_SITES	random_forest	s__Actinomyces_graevenitzii	7	7	1.0	0.0012675397449900692	0.0012675397449900692	0.0011402270785447195	nan
S3_EXCLUDE_LEE_SITES	random_forest	s__GGB3463_SGB4621	3	3	1.0	0.001253435834137026	0.001253435834137026	0.0009960942145350229	nan
S3_EXCLUDE_LEE_SITES	random_forest	s__Roseburia_sp_AM16_25	7	7	1.0	0.0012499634017158125	0.0012499634017158125	0.0012747602191891568	nan
S3_EXCLUDE_LEE_SITES	random_forest	s__GGB9781_SGB66170	7	7	1.0	0.0012476843491284859	0.0012476843491284859	0.001423827569135801	nan
S3_EXCLUDE_LEE_SITES	random_forest	s__GGB9581_SGB79823	3	3	1.0	0.0012430336354621494	0.0012430336354621494	0.0011002300041699153	nan
S3_EXCLUDE_LEE_SITES	random_forest	s__GGB16040_SGB9347	7	7	1.0	0.0012427001043870847	0.0012427001043870847	0.0014219984935831252	nan
S3_EXCLUDE_LEE_SITES	random_forest	s__GGB9677_SGB15180	7	7	1.0	0.0012387868827347128	0.0012387868827347128	0.001074879574258624	nan
S3_EXCLUDE_LEE_SITES	random_forest	s__GGB51441_SGB71759	7	7	1.0	0.0012365798472122498	0.0012365798472122498	0.001017526244208906	nan
S3_EXCLUDE_LEE_SITES	random_forest	s__GGB9495_SGB14892	7	7	1.0	0.0012356756888010107	0.0012356756888010107	0.0010619541667921681	nan
S3_EXCLUDE_LEE_SITES	random_forest	s__Desulfovibrio_piger	7	7	1.0	0.0012348282819784474	0.0012348282819784474	0.0010912750308880426	nan
S3_EXCLUDE_LEE_SITES	random_forest	s__GGB9775_SGB15395	7	7	1.0	0.0012313026691562021	0.0012313026691562021	0.0010707592995610577	nan
S3_EXCLUDE_LEE_SITES	random_forest	s__Enterocloster_clostridioformis	7	7	1.0	0.0012194531312159698	0.0012194531312159698	0.0008210143650620807	nan
S3_EXCLUDE_LEE_SITES	random_forest	s__GGB3278_SGB4328	6	6	1.0	0.0012134600953689104	0.0012134600953689104	0.001229367586773117	nan
S3_EXCLUDE_LEE_SITES	random_forest	s__Streptococcus_infantis	7	7	1.0	0.0012117931591621948	0.0012117931591621948	0.0014344242213882774	nan
S3_EXCLUDE_LEE_SITES	random_forest	s__Klebsiella_pneumoniae	7	7	1.0	0.001203657612833654	0.001203657612833654	0.0012314399853043856	nan
S3_EXCLUDE_LEE_SITES	random_forest	s__GGB9611_SGB15045	6	6	1.0	0.0011981796978142425	0.0011981796978142425	0.0011039769086825602	nan
S3_EXCLUDE_LEE_SITES	random_forest	s__Anaerococcus_SGB53821	7	7	1.0	0.0011961748525758996	0.0011961748525758996	0.0010005197925969643	nan
S3_EXCLUDE_LEE_SITES	random_forest	s__GGB80011_SGB15267	6	6	1.0	0.0011810969943184169	0.0011810969943184169	0.0011332926592907263	nan
S3_EXCLUDE_LEE_SITES	random_forest	s__Turicibacter_sanguinis	7	7	1.0	0.0011803270100699328	0.0011803270100699328	0.0009933714606191314	nan
S3_EXCLUDE_LEE_SITES	random_forest	s__GGB9524_SGB14923	1	1	1.0	0.001173403748292454	0.001173403748292454	0.001173403748292454	nan
S3_EXCLUDE_LEE_SITES	random_forest	s__Coprobacter_secundus	4	4	1.0	0.001168697054750487	0.001168697054750487	0.0012388723206009657	nan
S3_EXCLUDE_LEE_SITES	random_forest	s__GGB9781_SGB15402	7	7	1.0	0.0011651381583874653	0.0011651381583874653	0.0011290055770203683	nan
S3_EXCLUDE_LEE_SITES	random_forest	s__Blautia_stercoris	7	7	1.0	0.0011613799978104518	0.0011613799978104518	0.001307400685443866	nan
S3_EXCLUDE_LEE_SITES	random_forest	s__Staphylococcus_SGB6340	5	5	1.0	0.001155671944791828	0.001155671944791828	0.0012922334557171104	nan
S3_EXCLUDE_LEE_SITES	random_forest	s__Raoultibacter_massiliensis	3	3	1.0	0.001154966040707807	0.001154966040707807	0.000924000929599799	nan
S3_EXCLUDE_LEE_SITES	random_forest	s__GGB3602_SGB4574	7	7	1.0	0.0011514433619977755	0.0011514433619977755	0.0010212236903025746	nan
S3_EXCLUDE_LEE_SITES	random_forest	s__Roseburia_sp_BX1005	7	7	1.0	0.0011497711625149184	0.0011497711625149184	0.0011729358405095807	nan
S3_EXCLUDE_LEE_SITES	random_forest	s__GGB9240_SGB14182	7	7	1.0	0.0011470841543929162	0.0011470841543929162	0.0012559017721341136	nan
S3_EXCLUDE_LEE_SITES	random_forest	s__GGB9186_SGB14125	7	7	1.0	0.0011456831823891006	0.0011456831823891006	0.0007942165663458872	nan
S3_EXCLUDE_LEE_SITES	random_forest	s__Blautia_sp_OF03_15BH	7	7	1.0	0.0011355785239327858	0.0011355785239327858	0.0009752206027676366	nan
S3_EXCLUDE_LEE_SITES	random_forest	s__Haemophilus_parainfluenzae	7	7	1.0	0.0011345499391266964	0.0011345499391266964	0.0009303096382769887	nan
S3_EXCLUDE_LEE_SITES	random_forest	s__Limosilactobacillus_fermentum	7	7	1.0	0.001134168056517173	0.001134168056517173	0.0009189713372620212	nan
S3_EXCLUDE_LEE_SITES	random_forest	s__Vescimonas_fastidiosa	1	1	1.0	0.0011257905579832048	0.0011257905579832048	0.0011257905579832048	nan
S3_EXCLUDE_LEE_SITES	random_forest	s__GGB33512_SGB15203	7	7	1.0	0.0011236809595333924	0.0011236809595333924	0.0013444587477664648	nan
S3_EXCLUDE_LEE_SITES	random_forest	s__Solibaculum_mannosilyticum	7	7	1.0	0.0011229067616777648	0.0011229067616777648	0.0010037968410949196	nan
S3_EXCLUDE_LEE_SITES	random_forest	s__GGB3109_SGB4643	7	7	1.0	0.0011211245870649245	0.0011211245870649245	0.0009746810030938904	nan
S3_EXCLUDE_LEE_SITES	random_forest	s__Streptococcus_gordonii	7	7	1.0	0.0011201095230520895	0.0011201095230520895	0.0012515303886681173	nan
S3_EXCLUDE_LEE_SITES	random_forest	s__Desulfovibrio_SGB5077	7	7	1.0	0.0011196664018217255	0.0011196664018217255	0.0010031432013446102	nan
S3_EXCLUDE_LEE_SITES	random_forest	s__Emergencia_timonensis	7	7	1.0	0.0011101019314591523	0.0011101019314591523	0.0009052227454994066	nan
S3_EXCLUDE_LEE_SITES	random_forest	s__GGB3175_SGB4191	7	7	1.0	0.0011095563540389395	0.0011095563540389395	0.0009687647239256512	nan
S3_EXCLUDE_LEE_SITES	random_forest	s__GGB9636_SGB15107	6	6	1.0	0.0011087343893800472	0.0011087343893800472	0.0011728863214282839	nan
S3_EXCLUDE_LEE_SITES	random_forest	s__Actinomyces_sp_ICM58	7	7	1.0	0.0011037467480894956	0.0011037467480894956	0.0007833736073577827	nan
S3_EXCLUDE_LEE_SITES	random_forest	s__GGB79916_SGB4587	3	3	1.0	0.0010997419796536588	0.0010997419796536588	0.0007801878681861316	nan
S3_EXCLUDE_LEE_SITES	random_forest	s__Faecalitalea_cylindroides	7	7	1.0	0.001098781998238497	0.001098781998238497	0.001136002295143801	nan
S3_EXCLUDE_LEE_SITES	random_forest	s__Angelakisella_massiliensis	6	6	1.0	0.001098653760812354	0.001098653760812354	0.0012441792492291022	nan
S3_EXCLUDE_LEE_SITES	random_forest	s__GGB14025_SGB14906	7	7	1.0	0.0010969999071485865	0.0010969999071485865	0.0012485658831631608	nan
S3_EXCLUDE_LEE_SITES	random_forest	s__GGB3446_SGB4597	1	1	1.0	0.0010959020708096404	0.0010959020708096404	0.0010959020708096404	nan
S3_EXCLUDE_LEE_SITES	random_forest	s__Cuneatibacter_caecimuris	6	6	1.0	0.0010935272179565972	0.0010935272179565972	0.0010213928963366133	nan
S3_EXCLUDE_LEE_SITES	random_forest	s__GGB1266_SGB1699	7	7	1.0	0.0010849192782857284	0.0010849192782857284	0.0008281135947817037	nan
S3_EXCLUDE_LEE_SITES	random_forest	s__Granulicatella_SGB8255	7	7	1.0	0.0010842359710199684	0.0010842359710199684	0.0012213898017294441	nan
S3_EXCLUDE_LEE_SITES	random_forest	s__Parabacteroides_johnsonii	6	6	1.0	0.001081045105355961	0.001081045105355961	0.00102705366898135	nan
S3_EXCLUDE_LEE_SITES	random_forest	s__GGB3619_SGB4894	7	7	1.0	0.0010799261947709133	0.0010799261947709133	0.0010833794801490618	nan
S3_EXCLUDE_LEE_SITES	random_forest	s__GGB4456_SGB6141	7	7	1.0	0.001078309696434923	0.001078309696434923	0.0008335818122514656	nan
S3_EXCLUDE_LEE_SITES	random_forest	s__Holdemanella_biformis	1	1	1.0	0.0010742662547607576	0.0010742662547607576	0.0010742662547607576	nan
S3_EXCLUDE_LEE_SITES	random_forest	s__Candidatus_Catenibacterium_tridentinum	7	7	1.0	0.00107167540112564	0.00107167540112564	0.0011608654756893313	nan
S3_EXCLUDE_LEE_SITES	random_forest	s__Oscillibacter_valericigenes	7	7	1.0	0.001069896940087314	0.001069896940087314	0.0009957430584592803	nan
S3_EXCLUDE_LEE_SITES	random_forest	s__Streptococcus_SGB15012	7	7	1.0	0.0010696131587543329	0.0010696131587543329	0.0012134907216197408	nan
S3_EXCLUDE_LEE_SITES	random_forest	s__Phascolarctobacterium_succinatutens	7	7	1.0	0.0010652870174448702	0.0010652870174448702	0.001084358182255631	nan
S3_EXCLUDE_LEE_SITES	random_forest	s__Desulfovibrio_fairfieldensis	7	7	1.0	0.0010652713658849313	0.0010652713658849313	0.001324919038250794	nan
S3_EXCLUDE_LEE_SITES	random_forest	s__GGB9619_SGB15066	7	7	1.0	0.001058398123761522	0.001058398123761522	0.0012482829736034159	nan
S3_EXCLUDE_LEE_SITES	random_forest	s__GGB9062_SGB13981	7	7	1.0	0.0010492566470993205	0.0010492566470993205	0.0011567890959447782	nan
S3_EXCLUDE_LEE_SITES	random_forest	s__Ellagibacter_isourolithinifaciens	7	7	1.0	0.0010466842537948018	0.0010466842537948018	0.001276599946522501	nan
S3_EXCLUDE_LEE_SITES	random_forest	s__GGB9790_SGB15413	7	7	1.0	0.0010320256249924922	0.0010320256249924922	0.0010769737245779419	nan
S3_EXCLUDE_LEE_SITES	random_forest	s__GGB3033_SGB4029	7	7	1.0	0.001020736413750845	0.001020736413750845	0.0009271831771771051	nan
S3_EXCLUDE_LEE_SITES	random_forest	s__GGB3109_SGB4119	7	7	1.0	0.0010205552084012136	0.0010205552084012136	0.0009823881239148526	nan
S3_EXCLUDE_LEE_SITES	random_forest	s__Lactococcus_cremoris	1	1	1.0	0.0010183189564850871	0.0010183189564850871	0.0010183189564850871	nan
S3_EXCLUDE_LEE_SITES	random_forest	s__Parasutterella_SGB9260	7	7	1.0	0.0010156533596845701	0.0010156533596845701	0.0010934741160499297	nan
S3_EXCLUDE_LEE_SITES	random_forest	s__Actinomyces_sp_oral_taxon_448	7	7	1.0	0.0010132834427178958	0.0010132834427178958	0.0008838733260033266	nan
S3_EXCLUDE_LEE_SITES	random_forest	s__GGB31234_SGB14869	5	5	1.0	0.0010132645264019924	0.0010132645264019924	0.0007894275392680394	nan
S3_EXCLUDE_LEE_SITES	random_forest	s__Mogibacterium_sp_NSJ_24	7	7	1.0	0.0010119345124134705	0.0010119345124134705	0.000918796124144734	nan
S3_EXCLUDE_LEE_SITES	random_forest	s__Actinobaculum_sp_oral_taxon_183	6	6	1.0	0.0010108592965818418	0.0010108592965818418	0.0008798324459449577	nan
S3_EXCLUDE_LEE_SITES	random_forest	s__Victivallis_lenta	2	2	1.0	0.0010079718708958837	0.0010079718708958837	0.0010079718708958837	nan
S3_EXCLUDE_LEE_SITES	random_forest	s__Sanguibacter_SGB15121	7	7	1.0	0.0010019269367444548	0.0010019269367444548	0.001152255857804251	nan
S3_EXCLUDE_LEE_SITES	random_forest	s__GGB9474_SGB14868	2	2	1.0	0.001000538387995899	0.001000538387995899	0.001000538387995899	nan
S3_EXCLUDE_LEE_SITES	random_forest	s__GGB2987_SGB3969	7	7	1.0	0.0009923599658363308	0.0009923599658363308	0.0005768090909035357	nan
S3_EXCLUDE_LEE_SITES	random_forest	s__Actinomyces_massiliensis	5	5	1.0	0.0009902431841148996	0.0009902431841148996	0.0010043662471584806	nan
S3_EXCLUDE_LEE_SITES	random_forest	s__GGB3570_SGB4777	7	7	1.0	0.0009899686836585939	0.0009899686836585939	0.0007931169376642962	nan
S3_EXCLUDE_LEE_SITES	random_forest	s__GGB9747_SGB15356	7	7	1.0	0.0009867542583760173	0.0009867542583760173	0.0010297582044463246	nan
S3_EXCLUDE_LEE_SITES	random_forest	s__Blautia_producta	7	7	1.0	0.000983240091068149	0.000983240091068149	0.0010465149791307941	nan
S3_EXCLUDE_LEE_SITES	random_forest	s__GGB1662_SGB2276	1	1	1.0	0.000982084679603103	0.000982084679603103	0.000982084679603103	nan
S3_EXCLUDE_LEE_SITES	random_forest	s__GGB3499_SGB4674	1	1	1.0	0.0009791084447383482	0.0009791084447383482	0.0009791084447383482	nan
S3_EXCLUDE_LEE_SITES	random_forest	s__Lachnoclostridium_sp_An138	6	6	1.0	0.0009776364360337723	0.0009776364360337723	0.0009274502193807085	nan
S3_EXCLUDE_LEE_SITES	random_forest	s__Bacteroides_SGB15210	1	1	1.0	0.0009776130292403094	0.0009776130292403094	0.0009776130292403094	nan
S3_EXCLUDE_LEE_SITES	random_forest	s__Ruminococcus_callidus	7	7	1.0	0.0009751194970621658	0.0009751194970621658	0.0008107361232613071	nan
S3_EXCLUDE_LEE_SITES	random_forest	s__Collinsella_bouchesdurhonensis	6	6	1.0	0.0009685540130709552	0.0009685540130709552	0.0008766808141230161	nan
S3_EXCLUDE_LEE_SITES	random_forest	s__GGB3593_SGB4817	1	1	1.0	0.0009660305436298692	0.0009660305436298692	0.0009660305436298692	nan
S3_EXCLUDE_LEE_SITES	random_forest	s__Vescimonas_SGB15087	7	7	1.0	0.0009622527212828229	0.0009622527212828229	0.0009432948955338634	nan
S3_EXCLUDE_LEE_SITES	random_forest	s__GGB9261_SGB14209	1	1	1.0	0.0009621425741741222	0.0009621425741741222	0.0009621425741741222	nan
S3_EXCLUDE_LEE_SITES	random_forest	s__Anaerostipes_caccae	7	7	0.8571428571428571	0.0009616503985716326	0.0009616503985716326	0.001136337067587141	nan
S3_EXCLUDE_LEE_SITES	random_forest	s__GGB42389_SGB59559	7	7	1.0	0.0009608412197260038	0.0009608412197260038	0.0010790664220319615	nan
S3_EXCLUDE_LEE_SITES	random_forest	s__GGB3167_SGB4181	7	7	1.0	0.0009555294126920822	0.0009555294126920822	0.0007658423512643229	nan
S3_EXCLUDE_LEE_SITES	random_forest	s__Ruminococcus_SGB4421	7	7	1.0	0.0009518680874043058	0.0009518680874043058	0.001143441418596226	nan
S3_EXCLUDE_LEE_SITES	random_forest	s__Streptococcus_australis	7	7	1.0	0.0009514064835215221	0.0009514064835215221	0.0007387500669502344	nan
S3_EXCLUDE_LEE_SITES	random_forest	s__GGB9580_SGB14998	1	1	1.0	0.0009512443726580483	0.0009512443726580483	0.0009512443726580483	nan
S3_EXCLUDE_LEE_SITES	random_forest	s__Actinomyces_SGB17168	7	7	1.0	0.0009471379446520568	0.0009471379446520568	0.0008213993896581764	nan
S3_EXCLUDE_LEE_SITES	random_forest	s__Collinsella_intestinalis	6	6	1.0	0.0009455097401098661	0.0009455097401098661	0.0010869573412934015	nan
S3_EXCLUDE_LEE_SITES	random_forest	s__Solobacterium_SGB6829	4	4	1.0	0.0009430663394335209	0.0009430663394335209	0.0006902869594298043	nan
S3_EXCLUDE_LEE_SITES	random_forest	s__Clostridium_saudiense	7	7	1.0	0.0009399751000249304	0.0009399751000249304	0.0009386824440633263	nan
S3_EXCLUDE_LEE_SITES	random_forest	s__GGB3321_SGB4394	3	3	1.0	0.0009354599086731199	0.0009354599086731199	0.0011038579924975618	nan
S3_EXCLUDE_LEE_SITES	random_forest	s__Actinomyces_naeslundii	6	6	1.0	0.0009332929214255825	0.0009332929214255825	0.00096645990802601	nan
S3_EXCLUDE_LEE_SITES	random_forest	s__GGB9602_SGB15028	7	7	1.0	0.0009326124038316263	0.0009326124038316263	0.000950753572809702	nan
S3_EXCLUDE_LEE_SITES	random_forest	s__Bacteroides_clarus	5	5	1.0	0.0009303279568198171	0.0009303279568198171	0.0007546758430614516	nan
S3_EXCLUDE_LEE_SITES	random_forest	s__Pseudoruminococcus_massiliensis	6	6	1.0	0.0009261118600868394	0.0009261118600868394	0.0009955416758693967	nan
S3_EXCLUDE_LEE_SITES	random_forest	s__Clostridium_perfringens	5	5	1.0	0.00092308757753898	0.00092308757753898	0.0010154583505413309	nan
S3_EXCLUDE_LEE_SITES	random_forest	s__Enterococcus_faecium	6	6	1.0	0.0009225265818398374	0.0009225265818398374	0.0009596367702901361	nan
S3_EXCLUDE_LEE_SITES	random_forest	s__Actinomyces_SGB17163	6	6	1.0	0.0009216295453375135	0.0009216295453375135	0.0006850895620196506	nan
S3_EXCLUDE_LEE_SITES	random_forest	s__GGB9737_SGB15309	1	1	1.0	0.0009209824672503499	0.0009209824672503499	0.0009209824672503499	nan
S3_EXCLUDE_LEE_SITES	random_forest	s__GGB47687_SGB2286	7	7	1.0	0.0009179300638913186	0.0009179300638913186	0.000873400448437987	nan
S3_EXCLUDE_LEE_SITES	random_forest	s__Ruminococcus_sp_NSJ_13	5	5	1.0	0.0009154385465883732	0.0009154385465883732	0.00041254756726444194	nan
S3_EXCLUDE_LEE_SITES	random_forest	s__GGB9608_SGB15041	6	6	1.0	0.0009079526099065725	0.0009079526099065725	0.0008373051763521018	nan
S3_EXCLUDE_LEE_SITES	random_forest	s__GGB3000_SGB3991	7	7	1.0	0.0009037125037131674	0.0009037125037131674	0.0007786006789160631	nan
S3_EXCLUDE_LEE_SITES	random_forest	s__Christensenella_hongkongensis	7	7	1.0	0.0009031824675777203	0.0009031824675777203	0.0009441226597035042	nan
S3_EXCLUDE_LEE_SITES	random_forest	s__GGB3730_SGB5060	7	7	1.0	0.0008995955046313521	0.0008995955046313521	0.0007403584652154163	nan
S3_EXCLUDE_LEE_SITES	random_forest	s__Collinsella_SGB15196	4	4	1.0	0.0008963470956335758	0.0008963470956335758	0.0009596953155606377	nan
S3_EXCLUDE_LEE_SITES	random_forest	s__Actinomyces_sp_HMSC035G02	6	6	1.0	0.0008948980798618141	0.0008948980798618141	0.0009127198805718192	nan
S3_EXCLUDE_LEE_SITES	random_forest	s__GGB51510_SGB71883	7	7	1.0	0.0008938991487007145	0.0008938991487007145	0.0009360567182731774	nan
S3_EXCLUDE_LEE_SITES	random_forest	s__Alistipes_SGB2313	4	4	1.0	0.000887586788492257	0.000887586788492257	0.0009977268743923628	nan
S3_EXCLUDE_LEE_SITES	random_forest	s__GGB1495_SGB2071	1	1	1.0	0.00087342300371499	0.00087342300371499	0.00087342300371499	nan
S3_EXCLUDE_LEE_SITES	random_forest	s__GGB3057_SGB4059	2	2	1.0	0.0008667466360648241	0.0008667466360648241	0.0008667466360648241	nan
S3_EXCLUDE_LEE_SITES	random_forest	s__Lacticaseibacillus_paracasei	7	7	1.0	0.0008666873508423477	0.0008666873508423477	0.0009068687859912068	nan
S3_EXCLUDE_LEE_SITES	random_forest	s__Eubacterium_SGB6276	7	7	1.0	0.0008620065615717226	0.0008620065615717226	0.0007298765843247252	nan
S3_EXCLUDE_LEE_SITES	random_forest	s__GGB4599_SGB6362	2	2	1.0	0.0008597036925035788	0.0008597036925035788	0.0008597036925035788	nan
S3_EXCLUDE_LEE_SITES	random_forest	s__Ruminococcus_sp_AF41_9	6	6	1.0	0.0008594507966099017	0.0008594507966099017	0.0008130932643992707	nan
S3_EXCLUDE_LEE_SITES	random_forest	s__Faecalimonas_umbilicata	7	7	1.0	0.0008559407946198132	0.0008559407946198132	0.000834146523353469	nan
S3_EXCLUDE_LEE_SITES	random_forest	s__Clostridium_SGB4909	7	7	1.0	0.00085352220496575	0.00085352220496575	0.0008528868895625156	nan
S3_EXCLUDE_LEE_SITES	random_forest	s__GGB33512_SGB15201	7	7	1.0	0.0008463637535444928	0.0008463637535444928	0.000660082505769237	nan
S3_EXCLUDE_LEE_SITES	random_forest	s__GGB9618_SGB15065	6	6	1.0	0.0008451639726499927	0.0008451639726499927	0.0007217190467223565	nan
S3_EXCLUDE_LEE_SITES	random_forest	s__Actinomyces_SGB17154	7	7	1.0	0.0008426095874431867	0.0008426095874431867	0.0007057280154683308	nan
S3_EXCLUDE_LEE_SITES	random_forest	s__GGB3511_SGB4688	1	1	1.0	0.0008424746325688328	0.0008424746325688328	0.0008424746325688328	nan
S3_EXCLUDE_LEE_SITES	random_forest	s__GGB45495_SGB63167	7	7	1.0	0.0008358311917486693	0.0008358311917486693	0.0008035174117307218	nan
S3_EXCLUDE_LEE_SITES	random_forest	s__GGB9189_SGB14128	6	6	1.0	0.0008334730100206171	0.0008334730100206171	0.0009063790393365945	nan
S3_EXCLUDE_LEE_SITES	random_forest	s__GGB4684_SGB6478	1	1	1.0	0.0008324807834700907	0.0008324807834700907	0.0008324807834700907	nan
S3_EXCLUDE_LEE_SITES	random_forest	s__Bifidobacterium_animalis	7	7	1.0	0.0008260416653212765	0.0008260416653212765	0.0009177655577786655	nan
S3_EXCLUDE_LEE_SITES	random_forest	s__Amedibacillus_dolichus	5	5	1.0	0.0008201674467801975	0.0008201674467801975	0.0008796807682333013	nan
S3_EXCLUDE_LEE_SITES	random_forest	s__Eubacterium_callanderi	5	5	1.0	0.0008187984309170563	0.0008187984309170563	0.0010298748069134612	nan
S3_EXCLUDE_LEE_SITES	random_forest	s__Alloscardovia_omnicolens	7	7	1.0	0.0008142960884459649	0.0008142960884459649	0.0006603627426818994	nan
S3_EXCLUDE_LEE_SITES	random_forest	s__GGB9620_SGB15068	3	3	1.0	0.0008071595424350556	0.0008071595424350556	0.0008849156843753599	nan
S3_EXCLUDE_LEE_SITES	random_forest	s__GGB9559_SGB14968	1	1	1.0	0.0008048763013197095	0.0008048763013197095	0.0008048763013197095	nan
S3_EXCLUDE_LEE_SITES	random_forest	s__GGB33469_SGB15237	7	7	1.0	0.0008043276652969865	0.0008043276652969865	0.0005788957214611886	nan
S3_EXCLUDE_LEE_SITES	random_forest	s__Enterocloster_asparagiformis	7	7	1.0	0.0007948662429021578	0.0007948662429021578	0.0004883595040254397	nan
S3_EXCLUDE_LEE_SITES	random_forest	s__Actinomyces_bouchesdurhonensis	5	5	1.0	0.000794146493946168	0.000794146493946168	0.0008849264205419553	nan
S3_EXCLUDE_LEE_SITES	random_forest	s__Blautia_faecicola	1	1	1.0	0.0007939657323494209	0.0007939657323494209	0.0007939657323494209	nan
S3_EXCLUDE_LEE_SITES	random_forest	s__Corynebacterium_durum	6	6	1.0	0.0007851379693024281	0.0007851379693024281	0.0007664997693412189	nan
S3_EXCLUDE_LEE_SITES	random_forest	s__GGB10485_SGB49305	6	6	1.0	0.0007701137551904755	0.0007701137551904755	0.0007603608792938349	nan
S3_EXCLUDE_LEE_SITES	random_forest	s__GGB1420_SGB1957	3	3	1.0	0.0007560309292210717	0.0007560309292210717	0.0008242070950595041	nan
S3_EXCLUDE_LEE_SITES	random_forest	s__GGB9782_SGB15403	7	7	1.0	0.0007502583956631974	0.0007502583956631974	0.00035964711420403197	nan
S3_EXCLUDE_LEE_SITES	random_forest	s__GGB9453_SGB14845	7	7	1.0	0.0007486733077910129	0.0007486733077910129	0.0007154876150849646	nan
S3_EXCLUDE_LEE_SITES	random_forest	s__GGB3588_SGB4808	5	5	1.0	0.000740080806028639	0.000740080806028639	0.0007032597608132421	nan
S3_EXCLUDE_LEE_SITES	random_forest	s__Lachnoclostridium_edouardi	6	6	1.0	0.000738462802202368	0.000738462802202368	0.000635172150286082	nan
S3_EXCLUDE_LEE_SITES	random_forest	s__Enterococcus_faecalis	6	6	1.0	0.0007256352191034363	0.0007256352191034363	0.0005735422983969851	nan
S3_EXCLUDE_LEE_SITES	random_forest	s__Scardovia_wiggsiae	5	5	1.0	0.0007217401324340351	0.0007217401324340351	0.0007276778420493318	nan
S3_EXCLUDE_LEE_SITES	random_forest	s__GGB51960_SGB72480	4	4	1.0	0.0007080970299659518	0.0007080970299659518	0.0007669004999581223	nan
S3_EXCLUDE_LEE_SITES	random_forest	s__Longibaculum_muris	6	6	1.0	0.0007011618169696724	0.0007011618169696724	0.0005679786807251529	nan
S3_EXCLUDE_LEE_SITES	random_forest	s__GGB36267_SGB14177	7	7	1.0	0.0006998136062626335	0.0006998136062626335	0.0007103201240145255	nan
S3_EXCLUDE_LEE_SITES	random_forest	s__Oscillibacter_sp_PC13	6	6	1.0	0.0006925683026574671	0.0006925683026574671	0.000673386439675147	nan
S3_EXCLUDE_LEE_SITES	random_forest	s__GGB9210_SGB14149	6	6	1.0	0.0006759391861722066	0.0006759391861722066	0.00046744076571718384	nan
S3_EXCLUDE_LEE_SITES	random_forest	s__Allisonella_histaminiformans	1	1	1.0	0.000670334520667994	0.000670334520667994	0.000670334520667994	nan
S3_EXCLUDE_LEE_SITES	random_forest	s__Lacrimispora_saccharolytica	7	7	1.0	0.0006683239311434403	0.0006683239311434403	0.0005208052861736702	nan
S3_EXCLUDE_LEE_SITES	random_forest	s__GGB9361_SGB14336	5	5	1.0	0.0006468808601858	0.0006468808601858	0.0005741977211457668	nan
S3_EXCLUDE_LEE_SITES	random_forest	s__Eubacterium_SGB4961	5	5	1.0	0.0006453359542681924	0.0006453359542681924	0.0005529728216701718	nan
S3_EXCLUDE_LEE_SITES	random_forest	s__Mogibacterium_kristiansenii	6	6	1.0	0.000642729732581237	0.000642729732581237	0.000574818825881895	nan
S3_EXCLUDE_LEE_SITES	random_forest	s__GGB9762_SGB15377	1	1	1.0	0.000616244283890885	0.000616244283890885	0.000616244283890885	nan
S3_EXCLUDE_LEE_SITES	random_forest	s__Pseudoflavonifractor_sp_An184	7	7	1.0	0.0006058460306046649	0.0006058460306046649	0.00048392356951457524	nan
S3_EXCLUDE_LEE_SITES	random_forest	s__GGB9296_SGB14253	7	7	1.0	0.0005862789859961226	0.0005862789859961226	0.0005380446366420809	nan
S3_EXCLUDE_LEE_SITES	random_forest	s__Candidatus_Nanosynsacchari_sp_TM7_ANC_38_39_G1_1	4	4	1.0	0.0005790523957778175	0.0005790523957778175	0.000559299193917003	nan
S3_EXCLUDE_LEE_SITES	random_forest	s__Lacticaseibacillus_rhamnosus	6	6	1.0	0.000575221592784914	0.000575221592784914	0.0004687750002825823	nan
S3_EXCLUDE_LEE_SITES	random_forest	s__GGB9582_SGB4865	1	1	1.0	0.0005743454534449344	0.0005743454534449344	0.0005743454534449344	nan
S3_EXCLUDE_LEE_SITES	random_forest	s__Propionibacterium_acidifaciens	5	5	1.0	0.0005467496687737404	0.0005467496687737404	0.0005727145306821974	nan
S3_EXCLUDE_LEE_SITES	random_forest	s__Oxalobacter_formigenes	4	4	1.0	0.0005384054173231565	0.0005384054173231565	0.0005340632613708562	nan
S3_EXCLUDE_LEE_SITES	random_forest	s__Clostridium_paraputrificum	1	1	1.0	0.0005319586178707458	0.0005319586178707458	0.0005319586178707458	nan
S3_EXCLUDE_LEE_SITES	random_forest	s__GGB4745_SGB6571	4	4	0.75	0.0005186002394152161	0.0005186002394152161	0.0004709960854952616	nan
S3_EXCLUDE_LEE_SITES	random_forest	s__GGB3475_SGB4638	7	7	1.0	0.0005068360700410407	0.0005068360700410407	0.0005729036855258622	nan
S3_EXCLUDE_LEE_SITES	random_forest	s__GGB79634_SGB101324	1	1	1.0	0.0004588874008658415	0.0004588874008658415	0.0004588874008658415	nan
S3_EXCLUDE_LEE_SITES	random_forest	s__GGB9786_SGB15409	5	5	0.8	0.00042478495238854324	0.00042478495238854324	0.0002727988823593865	nan
S3_EXCLUDE_LEE_SITES	random_forest	s__GGB80055_SGB4053	1	1	1.0	0.00040625504359988423	0.00040625504359988423	0.00040625504359988423	nan
S3_EXCLUDE_LEE_SITES	random_forest	s__GGB3142_SGB4155	1	1	1.0	0.00039527688675145315	0.00039527688675145315	0.00039527688675145315	nan
S3_EXCLUDE_LEE_SITES	random_forest	s__GGB3569_SGB4776	3	3	1.0	0.000389634120352726	0.000389634120352726	0.00041694923711534603	nan
S3_EXCLUDE_LEE_SITES	random_forest	s__GGB3513_SGB4691	1	1	1.0	0.0003689877628699424	0.0003689877628699424	0.0003689877628699424	nan
S3_EXCLUDE_LEE_SITES	random_forest	s__GGB9561_SGB14972	5	5	1.0	0.00034673331836225757	0.00034673331836225757	0.00035401175774816483	nan
S3_EXCLUDE_LEE_SITES	random_forest	s__Pauljensenia_hongkongensis	3	3	1.0	0.0002632655994563939	0.0002632655994563939	0.0003844538168949276	nan
S3_EXCLUDE_LEE_SITES	random_forest	s__GGB9469_SGB14862	1	1	1.0	0.0002579015963711008	0.0002579015963711008	0.0002579015963711008	nan
S3_EXCLUDE_LEE_SITES	random_forest	s__Actinomyces_SGB17132	4	4	0.75	0.00023838016968626117	0.00023838016968626117	0.00015669449415377652	nan
