scenario	species	full_pooled_effect	full_I2	full_fdr_q	influential_omitted_domain	max_abs_loo_delta	pooled_effect_after_influential_omission	signed_loo_delta	any_leave_one_domain_sign_flip	largest_absolute_effect_domain	largest_absolute_domain_effect	dominant_domain_absolute_effect_share
PRIMARY	s__Actinomyces_SGB17157	-0.14046929421651225	1.0626909752246234	0.9899399288667535	Lee_PRIMM_NL	0.15150035610968446	-0.2919696503261967	-0.15150035610968446	0	Lee_PRIMM_UK	-0.4128393279324604	0.3969186215958598
PRIMARY	s__Actinomyces_SGB17163	0.10118496900392711	0.0	0.9899399288667535	Lee_PRIMM_UK	0.1067362347149569	0.207921203718884	0.1067362347149569	0	Lee_PRIMM_NL	0.22593670268885735	0.3024833352297574
PRIMARY	s__Actinomyces_graevenitzii	-0.17190534035681262	60.19238605019629	0.9899399288667535	Matson_US	0.1857616707447776	-0.3576670111015902	-0.1857616707447776	0	Frankel_US	-0.8206111503180656	0.3730596860232139
PRIMARY	s__Actinomyces_oris	-0.2861929880866042	29.093271948715067	0.9899399288667535	Lee_PRIMM_NL	0.09942248555851613	-0.38561547364512033	-0.09942248555851613	0	Lee_Manchester	-0.7698817875142079	0.3332409410867971
PRIMARY	s__Actinomyces_sp_HMSC035G02	-0.2348226350841108	0.0	0.9899399288667535	Lee_PRIMM_NL	0.07865942687035099	-0.1561632082137598	0.07865942687035099	0	Lee_PRIMM_NL	-0.4062241760690569	0.46678617592806115
PRIMARY	s__Actinomyces_sp_ph3	-0.31402759433407523	0.0	0.9899399288667535	Lee_Manchester	0.036350860711586885	-0.3503784550456621	-0.036350860711586885	0	Lee_PRIMM_UK	-0.3724393699756737	0.32344565760188076
PRIMARY	s__Adlercreutzia_equolifaciens	-0.07339252907497595	57.75146357004378	0.9899399288667535	Matson_US	0.11323690079890857	0.03984437172393261	0.11323690079890857	1	Matson_US	-0.8463200150791936	0.19627522597758934
PRIMARY	s__Alistipes_SGB2313	-0.09913836169358771	0.0	0.9899399288667535	Lee_PRIMM_UK	0.15432391385390531	-0.253462275547493	-0.15432391385390531	0	Lee_Manchester	-0.48076677173367677	0.4613459512196224
PRIMARY	s__Alloscardovia_omnicolens	-0.11088183282457287	0.0	0.9899399288667535	Lee_PRIMM_UK	0.1705191129212828	-0.28140094574585567	-0.1705191129212828	1	Lee_PRIMM_NL	-0.3910659055943775	0.4000220652213102
PRIMARY	s__Anaerococcus_SGB53821	-0.009553428617943522	13.834568566196149	0.9907292483558621	Spencer_US	0.20940982332474406	-0.2189632519426876	-0.20940982332474406	1	Matson_US	-0.3557644861629878	0.36540616705652934
PRIMARY	s__Anaerofilum_sp_BX8	0.04507042262205973	0.0	0.9899399288667535	Lee_Leeds	0.03678356256044873	0.08185398518250846	0.03678356256044873	0	Lee_Leeds	-0.6413504717775551	0.5526929229991272
PRIMARY	s__Anaerosacchariphilus_sp_NSJ_68	-0.37026781977031636	0.0	0.9899399288667535	Lee_PRIMM_UK	0.07096529541553181	-0.4412331151858482	-0.07096529541553181	0	Lee_Leeds	-0.8319671598288239	0.47128615513891875
PRIMARY	s__Anaerotruncus_colihominis	-0.26125109161845184	0.0	0.9899399288667535	Gopalakrishnan_US	0.0523187625812343	-0.20893232903721753	0.0523187625812343	0	Gopalakrishnan_US	-0.8498119287898007	0.37476583906594163
PRIMARY	s__Anaerotruncus_rubiinfantis	-0.14122580760172723	0.0	0.9899399288667535	Gopalakrishnan_US	0.044389636729614046	-0.18561544433134128	-0.044389636729614046	0	Gopalakrishnan_US	0.42268257283489796	0.22459692729653336
PRIMARY	s__Bacteroides_caccae	0.09448355818353525	0.0	0.9899399288667535	Frankel_US	0.0679498972118309	0.026533660971704353	-0.0679498972118309	0	Frankel_US	0.6642126616787288	0.2958545628139392
PRIMARY	s__Bacteroides_clarus	-0.25801590809795105	0.0	0.9899399288667535	Lee_PRIMM_UK	0.08941265792994069	-0.34742856602789174	-0.08941265792994069	0	Lee_Leeds	-0.5032362912203392	0.2635163514428141
PRIMARY	s__Bacteroides_eggerthii	0.06997990234603378	65.70674002308708	0.9899399288667535	Lee_PRIMM_UK	0.13919206194939576	-0.06921215960336198	-0.13919206194939576	1	Lee_PRIMM_UK	0.8910487100219034	0.26700354658791253
PRIMARY	s__Bacteroides_faecis	0.12887731743809872	0.0	0.9899399288667535	Lee_Leeds	0.028993978620594857	0.15787129605869357	0.028993978620594857	0	Lee_Leeds	-0.28087120251777903	0.226238788441072
PRIMARY	s__Bacteroides_salyersiae	0.15373521284501337	0.0	0.9899399288667535	Spencer_US	0.07357869326668584	0.08015651957832753	-0.07357869326668584	0	Lee_Barcelona	0.5187517297320235	0.3466369537518917
PRIMARY	s__Bifidobacterium_adolescentis	0.15209500001695256	52.589526027957255	0.9899399288667535	Lee_Leeds	0.11573922590332134	0.2678342259202739	0.11573922590332134	0	Lee_Barcelona	-1.2308998284328214	0.25264604108253946
PRIMARY	s__Bifidobacterium_animalis	0.11697677812174005	0.0	0.9899399288667535	Frankel_US	0.0772941463274012	0.03968263179433885	-0.0772941463274012	0	Frankel_US	0.430288693026125	0.3909301189295734
PRIMARY	s__Bifidobacterium_bifidum	0.18595707131230352	0.0	0.9899399288667535	Gopalakrishnan_US	0.04482263252852001	0.1411344387837835	-0.04482263252852001	0	Gopalakrishnan_US	0.762147074634578	0.40167794729179546
PRIMARY	s__Bifidobacterium_longum	0.18415769500416945	7.375947002282386	0.9899399288667535	Lee_PRIMM_NL	0.07745760310663413	0.10670009189753532	-0.07745760310663413	0	Gopalakrishnan_US	0.6494162935910687	0.2154466089618039
PRIMARY	s__Bilophila_wadsworthia	-0.07540631218226322	0.0	0.9899399288667535	Spencer_US	0.07628249106744862	-0.15168880324971185	-0.07628249106744862	0	Lee_Manchester	-0.9183682923319898	0.45336108220535254
PRIMARY	s__Bittarella_massiliensis	-0.3129802467958604	0.0	0.9899399288667535	Lee_PRIMM_NL	0.10400475284903846	-0.20897549394682194	0.10400475284903846	0	Lee_PRIMM_NL	-0.6536920725601519	0.2864474593875773
PRIMARY	s__Blautia_faecis	0.1481156740791283	0.0	0.9899399288667535	Matson_US	0.04119946836724456	0.18931514244637285	0.04119946836724456	0	Lee_Barcelona	0.7411496497223881	0.299172983693191
PRIMARY	s__Blautia_hydrogenotrophica	-0.1284789173761293	0.0	0.9899399288667535	Frankel_US	0.08147200551907863	-0.20995092289520792	-0.08147200551907863	0	Lee_Leeds	-0.7769793276054495	0.46715155821560966
PRIMARY	s__Blautia_luti	0.03648930952263643	67.2465541147105	0.9899399288667535	Spencer_US	0.12323585601666912	0.15972516553930555	0.12323585601666912	1	Lee_Leeds	-0.8522380594745703	0.24727320724933588
PRIMARY	s__Blautia_massiliensis	0.18803403784125558	0.0	0.9899399288667535	Lee_Manchester	0.05173986266369626	0.13629417517755932	-0.05173986266369626	0	Lee_Manchester	0.889319793002738	0.38730736827552265
PRIMARY	s__Blautia_sp_Marseille_P3087	0.27541799996934047	10.36775387716123	0.9899399288667535	Lee_PRIMM_NL	0.1434945792896249	0.41891257925896536	0.1434945792896249	0	Frankel_US	0.6844182354123998	0.31462194076907984
PRIMARY	s__Blautia_sp_OF03_15BH	0.1684490365798767	0.0	0.9899399288667535	Frankel_US	0.11824902898365092	0.2866980655635276	0.11824902898365092	0	Lee_Manchester	0.5392329699164747	0.2934401974693374
PRIMARY	s__Butyricicoccus_sp_AM29_23AC	0.15588502198749354	19.079320484912678	0.9899399288667535	Lee_Manchester	0.07466131318740221	0.08122370880009133	-0.07466131318740221	0	Lee_Manchester	0.7775776967840718	0.35384091726605865
PRIMARY	s__Candidatus_Catenibacterium_tridentinum	-0.10324654359840549	43.18211762788528	0.9899399288667535	Lee_PRIMM_UK	0.16711098161512597	-0.27035752521353146	-0.16711098161512597	0	Lee_PRIMM_UK	0.5264928474779034	0.3268712438389973
PRIMARY	s__Catenibacterium_SGB4425	0.3071167417077184	15.269041846950316	0.9899399288667535	Lee_PRIMM_NL	0.15410835987026428	0.4612251015779827	0.15410835987026428	0	Lee_PRIMM_UK	0.6125158590861887	0.5064886569966797
PRIMARY	s__Cellulomonas_flavigena	-0.07605235272446477	0.0	0.9899399288667535	Lee_PRIMM_UK	0.10106895470445705	-0.17712130742892182	-0.10106895470445705	0	Frankel_US	-0.33036271032896064	0.4099093807670731
PRIMARY	s__Clostridium_fessum	0.1415945262132916	0.0	0.9899399288667535	Frankel_US	0.058938572691600896	0.08265595352169071	-0.058938572691600896	0	Frankel_US	0.6340662340423785	0.29863853209062446
PRIMARY	s__Clostridium_paraputrificum	0.1465188968616704	54.082273265072565	0.9899399288667535	Lee_PRIMM_UK	0.20325373921334794	0.34977263607501835	0.20325373921334794	1	Lee_Leeds	0.7061171770938501	0.4043604804283545
PRIMARY	s__Clostridium_sp_1001270H_150608_G6	0.2534023212793983	0.0	0.9899399288667535	Spencer_US	0.0841729482119668	0.3375752694913651	0.0841729482119668	0	Lee_Manchester	0.7620580898685269	0.2853063534328525
PRIMARY	s__Clostridium_sp_1001270J_160509_D11	0.11261494748192154	0.0	0.9899399288667535	Lee_Manchester	0.05673702454036482	0.16935197202228636	0.05673702454036482	0	Lee_Manchester	-0.3332111931859111	0.24971636586544627
PRIMARY	s__Clostridium_sp_AF12_28	-0.06813197214137139	0.0	0.9899399288667535	Spencer_US	0.17735329962406476	-0.24548527176543616	-0.17735329962406476	0	Lee_Barcelona	-0.5859179667775193	0.3117233261195616
PRIMARY	s__Clostridium_sp_AF20_17LB	0.0624862861754048	0.0	0.9899399288667535	Lee_PRIMM_UK	0.0630096206757998	0.1254959068512046	0.0630096206757998	0	Lee_Leeds	0.3301948711343563	0.24615697065914838
PRIMARY	s__Clostridium_sp_NSJ_42	0.2271358338909016	0.0	0.9899399288667535	Lee_Manchester	0.09556610950196429	0.3227019433928659	0.09556610950196429	0	Lee_Leeds	0.7799116027035827	0.40385517996332254
PRIMARY	s__Collinsella_SGB14861	0.10011694470988954	0.0	0.9899399288667535	Lee_Barcelona	0.03835231101382568	0.1384692557237152	0.03835231101382568	0	Lee_Barcelona	-1.1034607501195173	0.44064599144791217
PRIMARY	s__Collinsella_SGB14987	0.17516117769533582	0.0	0.9899399288667535	Frankel_US	0.043834444421757296	0.13132673327357852	-0.043834444421757296	0	Lee_Leeds	0.5574958971105546	0.48920028671743315
PRIMARY	s__Collinsella_SGB15196	0.05808170389018746	0.0	0.9899399288667535	Frankel_US	0.1161131279102405	0.17419483180042797	0.1161131279102405	1	Lee_Leeds	0.3700189494820195	0.3189081849937689
PRIMARY	s__Collinsella_bouchesdurhonensis	0.12412124173793355	0.0	0.9899399288667535	Lee_PRIMM_NL	0.07330622559020313	0.19742746732813668	0.07330622559020313	0	Lee_Manchester	0.41192549508149584	0.4252783111155587
PRIMARY	s__Coprococcus_SGB4669	-0.10530359642212465	0.0	0.9899399288667535	Spencer_US	0.03869360545571747	-0.06660999096640718	0.03869360545571747	0	Spencer_US	-0.22312616731972904	0.2087222250850619
PRIMARY	s__Corynebacterium_durum	0.004045112869505491	0.0	0.9925937920540963	Lee_PRIMM_NL	0.10322822021854515	-0.09918310734903966	-0.10322822021854515	1	Frankel_US	-0.279749125141813	0.5313576314431556
PRIMARY	s__Desulfovibrio_SGB5077	0.24186541629297173	9.582103427615497	0.9899399288667535	Spencer_US	0.1493285923067774	0.3911940085997491	0.1493285923067774	0	Matson_US	0.7141423230051357	0.4107344050531497
PRIMARY	s__Desulfovibrio_piger	-0.11124432450456391	52.63382404698046	0.9899399288667535	Lee_Leeds	0.17924999617653178	0.06800567167196787	0.17924999617653178	1	Lee_Leeds	-1.3418279709650105	0.5777916893376535
PRIMARY	s__Dorea_formicigenerans	0.21321151773825928	0.0	0.9899399288667535	Spencer_US	0.04147400241679158	0.25468552015505086	0.04147400241679158	0	Lee_Manchester	0.7334063831246992	0.28604544287176054
PRIMARY	s__Eisenbergiella_massiliensis	0.0816856065298426	63.64708640965699	0.9899399288667535	Frankel_US	0.17762351108768631	-0.09593790455784372	-0.17762351108768631	1	Frankel_US	1.1434512668093775	0.409050208246048
PRIMARY	s__Eisenbergiella_tayi	0.007145422062008729	0.0	0.9899399288667535	Lee_PRIMM_UK	0.05875567955525045	-0.05161025749324172	-0.05875567955525045	1	Lee_PRIMM_UK	0.31795674841608945	0.2884810525999148
PRIMARY	s__Enterocloster_SGB14313	0.20262430125784306	0.648157932509773	0.9899399288667535	Lee_PRIMM_NL	0.15109499305307467	0.051529308204768406	-0.15109499305307467	0	Lee_PRIMM_NL	0.60980366866743	0.42684792614218015
PRIMARY	s__Enterocloster_asparagiformis	-0.2126584399059231	33.122798258221195	0.9899399288667535	Frankel_US	0.134421095037911	-0.3470795349438341	-0.134421095037911	0	Gopalakrishnan_US	-0.9973234490151835	0.6739748902108833
PRIMARY	s__Enterocloster_bolteae	-0.17253230368985148	0.0	0.9899399288667535	Lee_PRIMM_UK	0.0911060938177088	-0.08142620987214268	0.0911060938177088	0	Lee_PRIMM_UK	-0.6996869509579812	0.25375523635275343
PRIMARY	s__Enterococcus_SGB6173	0.20271378577408236	0.0	0.9899399288667535	Lee_PRIMM_UK	0.19658783036345234	0.006125955410630029	-0.19658783036345234	0	Lee_PRIMM_UK	0.5229431472856326	0.6349038470914267
PRIMARY	s__Erysipelatoclostridium_ramosum	-0.14483625369405265	0.0	0.9899399288667535	Lee_Leeds	0.05575296480874298	-0.20058921850279562	-0.05575296480874298	0	Lee_Leeds	0.9030018854156483	0.3689804600380151
PRIMARY	s__Eubacterium_sp_AF16_48	-0.2153699010330844	0.0	0.9899399288667535	Spencer_US	0.04224165508576294	-0.17312824594732146	0.04224165508576294	0	Lee_Manchester	-0.682494134672299	0.38919889175669364
PRIMARY	s__Faecalibacillus_intestinalis	0.27028052484742277	0.0	0.9899399288667535	Matson_US	0.04720014055977173	0.3174806654071945	0.04720014055977173	0	Gopalakrishnan_US	0.726537893814339	0.2561421630736143
PRIMARY	s__Faecalibacterium_SGB15346	0.15733480754749504	0.0	0.9899399288667535	Spencer_US	0.041506000196963405	0.19884080774445845	0.041506000196963405	0	Lee_Barcelona	-0.9042584767117987	0.34430076419339334
PRIMARY	s__Faecalicatena_contorta	0.27453586154817655	0.0	0.9899399288667535	Lee_PRIMM_NL	0.0955974845160853	0.37013334606426185	0.0955974845160853	0	Lee_Manchester	0.6798068118387164	0.41821005360303737
PRIMARY	s__Fusicatenibacter_saccharivorans	0.19402046373259482	0.0	0.9899399288667535	Lee_PRIMM_UK	0.04446122958630058	0.14955923414629424	-0.04446122958630058	0	Lee_Manchester	0.6350601748215342	0.3085761456158391
PRIMARY	s__GGB10692_SGB17347	0.13749063000123937	0.0	0.9899399288667535	Lee_PRIMM_NL	0.05929402130224937	0.19678465130348874	0.05929402130224937	0	Frankel_US	0.21746237755432288	0.37579611058914747
PRIMARY	s__GGB14025_SGB14906	0.27436475864128057	0.0	0.9899399288667535	Lee_Manchester	0.057691861294047686	0.21667289734723288	-0.057691861294047686	0	Lee_Manchester	0.7547534823856163	0.42386190748602126
PRIMARY	s__GGB3034_SGB4030	0.18579138765648937	0.0	0.9899399288667535	Lee_PRIMM_NL	0.10447486487583725	0.08131652278065211	-0.10447486487583725	0	Lee_PRIMM_NL	0.4710516858157601	0.3591004111321901
PRIMARY	s__GGB3109_SGB4119	0.09183662406648663	0.0	0.9899399288667535	Gopalakrishnan_US	0.0674270937830906	0.024409530283396028	-0.0674270937830906	0	Gopalakrishnan_US	0.4430752111081643	0.8337421783779448
PRIMARY	s__GGB3277_SGB4327	-0.15961245070989935	0.0	0.9899399288667535	Lee_PRIMM_UK	0.09455397450444188	-0.06505847620545747	0.09455397450444188	0	Lee_Barcelona	-0.4971127120651077	0.34247349992830867
PRIMARY	s__GGB3304_SGB4367	0.07047190958687129	0.0	0.9899399288667535	Lee_PRIMM_UK	0.08370262969790063	-0.013230720111029342	-0.08370262969790063	1	Lee_PRIMM_UK	0.4162947256878811	0.33515607536174497
PRIMARY	s__GGB3444_SGB4594	-0.20843058233878325	2.0415433592180836	0.9899399288667535	Matson_US	0.07686362474163494	-0.2852942070804182	-0.07686362474163494	0	Lee_Leeds	-0.9957169991970487	0.5818171063029551
PRIMARY	s__GGB3475_SGB4638	0.1308568906789167	0.0	0.9899399288667535	Spencer_US	0.16281848323010434	0.29367537390902104	0.16281848323010434	0	Frankel_US	0.40657349157362965	0.37912756542350073
PRIMARY	s__GGB3534_SGB4722	-0.08139498362789306	0.0	0.9899399288667535	Lee_PRIMM_NL	0.035212098080899576	-0.046182885546993485	0.035212098080899576	0	Lee_Leeds	0.31309899264329183	0.31085299225686436
PRIMARY	s__GGB3570_SGB4777	0.14684802401502303	0.0	0.9899399288667535	Lee_PRIMM_UK	0.1407671290009771	0.006080895014045926	-0.1407671290009771	0	Lee_PRIMM_UK	0.5213843650886311	0.5409315817984476
PRIMARY	s__GGB3602_SGB4574	0.0814565021492804	0.0	0.9899399288667535	Matson_US	0.09047861111714654	0.17193511326642694	0.09047861111714654	0	Gopalakrishnan_US	0.38630963538907964	0.4232441194013742
PRIMARY	s__GGB45491_SGB63163	-0.12607202038575618	0.0	0.9899399288667535	Frankel_US	0.07378501394707532	-0.1998570343328315	-0.07378501394707532	0	Matson_US	-0.3430969488155798	0.28722138355624033
PRIMARY	s__GGB45495_SGB63167	0.005064198461828188	53.50445785872435	0.9925937920540963	Lee_Manchester	0.20787436820945016	0.21293856667127833	0.20787436820945016	1	Lee_Manchester	-0.8998427374964737	0.4783868056446869
PRIMARY	s__GGB51510_SGB71883	-0.06428126062035001	0.0	0.9899399288667535	Spencer_US	0.09050026628701745	0.02621900566666743	0.09050026628701745	1	Matson_US	0.24792410590287434	0.39633919683435365
PRIMARY	s__GGB51647_SGB4348	0.06106391771582141	59.3681908829059	0.9899399288667535	Lee_PRIMM_NL	0.13191042741333975	-0.07084650969751834	-0.13191042741333975	1	Lee_Barcelona	-2.3123922840652944	0.5841063000417263
PRIMARY	s__GGB80011_SGB15265	0.09851294202953334	22.552236727260773	0.9899399288667535	Matson_US	0.08915194928245312	0.18766489131198646	0.08915194928245312	0	Lee_Leeds	-0.6517633282288956	0.2457000727239941
PRIMARY	s__GGB80011_SGB15267	-0.14320846712063698	0.0	0.9899399288667535	Lee_Manchester	0.07325053352692301	-0.21645900064756	-0.07325053352692301	0	Lee_Manchester	0.27242366497103804	0.2949901693082409
PRIMARY	s__GGB80140_SGB15224	0.12423045893120738	0.24221237481003516	0.9899399288667535	Lee_PRIMM_UK	0.0725001497816219	0.05173030914958547	-0.0725001497816219	0	Lee_Barcelona	-1.0901184878092007	0.44735169230893235
PRIMARY	s__GGB9063_SGB13982	-0.1622022705176148	10.861444278781438	0.9899399288667535	Matson_US	0.14162692407305946	-0.30382919459067426	-0.14162692407305946	0	Frankel_US	-0.5333146294783894	0.25446228715440516
PRIMARY	s__GGB9176_SGB14114	0.19572202705332337	22.98783273029656	0.9899399288667535	Lee_PRIMM_NL	0.0698027082106022	0.12591931884272117	-0.0698027082106022	0	Lee_Barcelona	-0.8902013619161846	0.2507985468205705
PRIMARY	s__GGB9293_SGB14250	0.24998797769930794	0.0	0.9899399288667535	Lee_PRIMM_UK	0.09444749698182409	0.15554048071748386	-0.09444749698182409	0	Lee_PRIMM_UK	0.4982559588907008	0.3186196280946835
PRIMARY	s__GGB9345_SGB14311	0.22084893214582596	0.0	0.9899399288667535	Lee_PRIMM_UK	0.062380051513364704	0.15846888063246126	-0.062380051513364704	0	Gopalakrishnan_US	0.7617803880568167	0.2836964237810416
PRIMARY	s__GGB9474_SGB14868	-0.09095299620560318	57.90141338880276	0.9899399288667535	Frankel_US	0.2638790016375019	-0.35483199784310504	-0.2638790016375019	1	Frankel_US	0.6785252179374032	0.39707029529726445
PRIMARY	s__GGB9480_SGB14874	-0.1457726216132566	0.0	0.9899399288667535	Frankel_US	0.06078806599620046	-0.20656068760945706	-0.06078806599620046	0	Matson_US	-0.2970270900862479	0.2880147950244934
PRIMARY	s__GGB9495_SGB14892	-0.13986147423513734	0.0	0.9899399288667535	Lee_PRIMM_UK	0.02878726189873504	-0.16864873613387238	-0.02878726189873504	0	Frankel_US	-0.28132705367033795	0.4715395065707533
PRIMARY	s__GGB9524_SGB14924	0.07176339677820129	42.614007915691815	0.9899399288667535	Frankel_US	0.14014300358344342	0.2119064003616447	0.14014300358344342	0	Frankel_US	-0.7317048536715615	0.25642071869565297
PRIMARY	s__GGB9616_SGB15051	-0.22304758346782783	0.0	0.9899399288667535	Lee_Manchester	0.08292796824181409	-0.3059755517096419	-0.08292796824181409	0	Lee_Barcelona	-0.9545594351004244	0.41406931331031377
PRIMARY	s__GGB9621_SGB15073	-0.11328315527453102	1.2348385337015835	0.9899399288667535	Spencer_US	0.09758644231025025	-0.21086959758478127	-0.09758644231025025	0	Lee_Barcelona	0.7455174540944247	0.28210890719732123
PRIMARY	s__GGB9635_SGB15106	0.12080267477288864	52.185415244069944	0.9899399288667535	Frankel_US	0.09407316247939598	0.21487583725228462	0.09407316247939598	0	Lee_Barcelona	-0.9563518906215684	0.22973575807812224
PRIMARY	s__GGB9642_SGB15119	-0.21623141462391457	0.0	0.9899399288667535	Lee_PRIMM_UK	0.08334514045005129	-0.29957655507396586	-0.08334514045005129	0	Lee_Leeds	-0.9044781642918165	0.5743210269107403
PRIMARY	s__GGB9694_SGB15204	0.20857332761590697	0.0	0.9899399288667535	Lee_PRIMM_UK	0.05811341004835413	0.2666867376642611	0.05811341004835413	0	Matson_US	0.45078771707744203	0.3806974195720218
PRIMARY	s__GGB9719_SGB15273	0.057833143606208025	0.0	0.9899399288667535	Lee_PRIMM_NL	0.07476169135256983	0.13259483495877786	0.07476169135256983	0	Lee_PRIMM_NL	-0.32415149736953996	0.25226037891286374
PRIMARY	s__GGB9719_SGB53514	0.033007549961920984	0.0	0.9899399288667535	Frankel_US	0.07588532280152592	0.1088928727634469	0.07588532280152592	1	Lee_Barcelona	0.8341440379066563	0.7546593840763783
PRIMARY	s__GGB9759_SGB15370	0.20659025946650275	0.0	0.9899399288667535	Frankel_US	0.028486103015740366	0.17810415645076239	-0.028486103015740366	0	Lee_Barcelona	-0.5028098660029006	0.2348311526352704
PRIMARY	s__GGB9767_SGB15385	-0.0356857202126793	52.121571676710346	0.9899399288667535	Lee_PRIMM_UK	0.1470168711331913	-0.1827025913458706	-0.1470168711331913	1	Lee_Manchester	-0.6401851225130712	0.31407403942671763
PRIMARY	s__GGB9781_SGB15402	0.09318130231705442	0.0	0.9899399288667535	Lee_PRIMM_UK	0.04618021629918786	0.04700108601786656	-0.04618021629918786	0	Lee_PRIMM_UK	0.24523039108370046	0.4857680096827545
PRIMARY	s__GGB9782_SGB15403	-0.07377320508274501	0.0	0.9899399288667535	Lee_PRIMM_NL	0.12205701591914511	-0.19583022100189013	-0.12205701591914511	1	Lee_Barcelona	-0.5586589496195052	0.39860908350426194
PRIMARY	s__Gordonibacter_pamelaeae	-0.1283763264646773	26.088652141538386	0.9899399288667535	Lee_PRIMM_NL	0.1331535660707391	-0.2615298925354164	-0.1331535660707391	1	Matson_US	-0.7849214971499117	0.37904693096009917
PRIMARY	s__Harryflintia_acetispora	0.12448382796610882	0.0	0.9899399288667535	Lee_PRIMM_UK	0.05321516701671464	0.17769899498282346	0.05321516701671464	0	Lee_Barcelona	0.40039227592542864	0.2556547352254783
PRIMARY	s__Holdemania_filiformis	-0.05143629565509738	62.26958834187046	0.9899399288667535	Spencer_US	0.10503728863919143	-0.15647358429428881	-0.10503728863919143	1	Lee_Barcelona	1.0027490637652832	0.22193290066023333
PRIMARY	s__Holdemania_massiliensis	-0.27694984407385026	0.0	0.9899399288667535	Spencer_US	0.06800929309786682	-0.20894055097598344	0.06800929309786682	0	Spencer_US	-0.4210445771060383	0.2571522512377769
PRIMARY	s__Hungatella_hathewayi	-0.21443967785496257	0.0	0.9899399288667535	Spencer_US	0.05253739968592122	-0.2669770775408838	-0.05253739968592122	0	Lee_PRIMM_NL	-0.47825548009679186	0.23907483185221245
PRIMARY	s__Klebsiella_pneumoniae	-0.03781367180087146	60.356427232887874	0.9899399288667535	Lee_Manchester	0.11885982095168694	-0.1566734927525584	-0.11885982095168694	1	Lee_Manchester	1.1557925327616765	0.3748269520339641
PRIMARY	s__Lachnotalea_sp_AF33_28	-0.20428965298405902	0.0	0.9899399288667535	Matson_US	0.05194097508813264	-0.15234867789592638	0.05194097508813264	0	Matson_US	-0.5169156710467935	0.43450614434568485
PRIMARY	s__Lacrimispora_amygdalina	0.016577071856955346	52.04859414220554	0.9899399288667535	Lee_PRIMM_UK	0.14345408069969487	0.1600311525566502	0.14345408069969487	1	Lee_PRIMM_UK	-0.7307612436622705	0.21797087521710368
PRIMARY	s__Lacrimispora_celerecrescens	0.23185388912947266	0.0	0.9899399288667535	Spencer_US	0.0697521926879455	0.30160608181741816	0.0697521926879455	0	Lee_Barcelona	-0.6400316343760026	0.21140678527895787
PRIMARY	s__Lactococcus_lactis	0.2200643404549464	0.0	0.9899399288667535	Matson_US	0.06026756954399473	0.28033190999894114	0.06026756954399473	0	Lee_Leeds	0.5339066577740328	0.307014085912597
PRIMARY	s__Lactonifactor_sp_BIOML_A6	-0.18681970179216184	0.0	0.9899399288667535	Lee_PRIMM_UK	0.029672628579874738	-0.1571470732122871	0.029672628579874738	0	Lee_PRIMM_UK	-0.2432532449241118	0.3349563313478183
PRIMARY	s__Lancefieldella_parvula	-0.33403911981764195	0.0	0.9899399288667535	Frankel_US	0.10376771636011367	-0.23027140345752828	0.10376771636011367	0	Frankel_US	-0.7741154546849774	0.49286452550615434
PRIMARY	s__Longicatena_caecimuris	0.12680451571050663	0.0	0.9899399288667535	Spencer_US	0.07617906793400286	0.2029835836445095	0.07617906793400286	0	Frankel_US	0.42196988888278614	0.36845740198947124
PRIMARY	s__Massilimicrobiota_sp_An134	0.0058366412558289085	51.006527883758444	0.9925937920540963	Lee_PRIMM_NL	0.1361084105446977	0.1419450518005266	0.1361084105446977	1	Lee_Leeds	0.8766024545430693	0.41878549711747187
PRIMARY	s__Massilimicrobiota_timonensis	-0.21983342268434442	0.0	0.9899399288667535	Lee_PRIMM_NL	0.09749672148176206	-0.12233670120258236	0.09749672148176206	0	Lee_PRIMM_NL	-0.5007955987775622	0.36616074935891235
PRIMARY	s__Mediterraneibacter_butyricigenes	0.18937005212881172	21.476615514524962	0.9899399288667535	Lee_PRIMM_UK	0.11451805976922408	0.07485199235958764	-0.11451805976922408	0	Lee_PRIMM_UK	0.9170873397934556	0.4443173629494931
PRIMARY	s__Mogibacterium_kristiansenii	-0.01635887626463697	61.9316849617771	0.9907292483558621	Lee_Manchester	0.2561002922199056	-0.27245916848454255	-0.2561002922199056	1	Lee_Manchester	0.8158780753443641	0.5072782435078791
PRIMARY	s__Oscillibacter_sp_NSJ_62	-0.10139912296238433	0.0	0.9899399288667535	Lee_PRIMM_UK	0.05694848949869044	-0.04445063346369389	0.05694848949869044	0	Lee_PRIMM_UK	-0.24109796465055014	0.6294733216701416
PRIMARY	s__Parabacteroides_goldsteinii	-0.05883316237753627	0.0	0.9899399288667535	Lee_PRIMM_UK	0.0604326651948529	-0.11926582757238917	-0.0604326651948529	0	Gopalakrishnan_US	0.40219244932653836	0.2471581658005753
PRIMARY	s__Parabacteroides_merdae	0.2558964548723134	14.759241385215137	0.9899399288667535	Gopalakrishnan_US	0.07196044606534946	0.32785690093766284	0.07196044606534946	0	Lee_Barcelona	0.742987813470704	0.1992218742738403
PRIMARY	s__Phascolarctobacterium_SGB4573	-0.10690534014692896	56.60269037705143	0.9899399288667535	Gopalakrishnan_US	0.13725305730096235	0.030347717154033386	0.13725305730096235	1	Gopalakrishnan_US	-0.8856317235851967	0.45159470533439017
PRIMARY	s__Pseudoflavonifractor_gallinarum	-0.12544049021529857	23.980853989178897	0.9899399288667535	Frankel_US	0.13790106257425444	-0.263341552789553	-0.13790106257425444	0	Gopalakrishnan_US	-0.49585575073482246	0.2931734444929653
PRIMARY	s__Pseudoflavonifractor_sp_An184	-0.07549487856583677	45.33323200253297	0.9899399288667535	Spencer_US	0.1899736277256693	0.11447874915983254	0.1899736277256693	1	Lee_Leeds	1.00426630535532	0.6366417016000349
PRIMARY	s__Raoultibacter_massiliensis	0.06839111109782701	0.0	0.9899399288667535	Lee_PRIMM_NL	0.0703368793612615	0.1387279904590885	0.0703368793612615	0	Lee_Manchester	0.1850310496433467	0.35482941319076505
PRIMARY	s__Roseburia_faecis	0.2291352391402861	0.0	0.9899399288667535	Spencer_US	0.05752245283312152	0.1716127863071646	-0.05752245283312152	0	Lee_Barcelona	-1.2073226623764524	0.347132816518297
PRIMARY	s__Roseburia_hominis	0.18514447717776225	0.0	0.9899399288667535	Matson_US	0.052318904264472416	0.23746338144223467	0.052318904264472416	0	Lee_PRIMM_UK	0.4606951445268849	0.21742819862951598
PRIMARY	s__Roseburia_sp_AF02_12	-0.023500002470629895	63.55374262833453	0.9899399288667535	Lee_Leeds	0.12816685843092226	0.10466685596029238	0.12816685843092226	1	Lee_Leeds	-1.6384057015739972	0.3492542275783286
PRIMARY	s__Rothia_mucilaginosa	-0.11665621826752363	0.0	0.9899399288667535	Lee_Manchester	0.050178433947609416	-0.16683465221513305	-0.050178433947609416	0	Lee_Manchester	0.4379940070008758	0.27749842340533665
PRIMARY	s__Ruminococcus_SGB4421	0.07021472225936155	0.0	0.9899399288667535	Gopalakrishnan_US	0.09118359685931941	0.16139831911868097	0.09118359685931941	0	Lee_Barcelona	0.822461884757681	0.41831280938283455
PRIMARY	s__Ruminococcus_sp_AF46_10NS	0.09940164767386331	0.0	0.9899399288667535	Lee_Manchester	0.06756407915877585	0.031837568515087455	-0.06756407915877585	0	Lee_Manchester	0.4937656834993462	0.8497373986396138
PRIMARY	s__Scardovia_wiggsiae	-0.31626741251489826	0.0	0.9899399288667535	Lee_PRIMM_NL	0.10214904634184452	-0.4184164588567428	-0.10214904634184452	0	Lee_Manchester	-0.7914727591774435	0.4923649918499772
PRIMARY	s__Solobacterium_SGB6829	0.0483002637503628	50.82732557634141	0.9899399288667535	Frankel_US	0.17804393333282434	0.22634419708318715	0.17804393333282434	1	Lee_Leeds	0.9139067574012734	0.49821655573693857
PRIMARY	s__Streptococcus_SGB14888	-0.3176806479609405	0.0	0.9899399288667535	Frankel_US	0.09272648621949686	-0.41040713418043734	-0.09272648621949686	0	Matson_US	-0.5231953149153465	0.2331409868363376
PRIMARY	s__Streptococcus_oralis	-0.18686618239387268	0.0	0.9899399288667535	Lee_PRIMM_NL	0.08004883021077422	-0.2669150126046469	-0.08004883021077422	0	Lee_PRIMM_UK	-0.36508924213184196	0.3824420038752095
PRIMARY	s__Sutterella_wadsworthensis	-0.1827921394130401	0.0	0.9899399288667535	Lee_PRIMM_NL	0.033437011231919916	-0.14935512818112018	0.033437011231919916	0	Lee_Barcelona	-0.5385839596481787	0.27239429831606443
PRIMARY	s__Veillonella_atypica	-0.382232005002668	0.0	0.9899399288667535	Matson_US	0.07187109073510112	-0.45410309573776914	-0.07187109073510112	0	Gopalakrishnan_US	-0.6519586337574625	0.31511846250882797
PRIMARY	s__Veillonella_dispar	-0.22311085101245837	40.09574207315955	0.9899399288667535	Matson_US	0.13486536528609233	-0.3579762162985507	-0.13486536528609233	0	Lee_PRIMM_UK	-0.7614714334743955	0.2668750908097383
PRIMARY	s__Veillonella_parvula	-0.31516403178518804	16.27819353390536	0.9899399288667535	Matson_US	0.10374168269152245	-0.4189057144767105	-0.10374168269152245	0	Gopalakrishnan_US	-0.7735023700483389	0.20991588278691947
PRIMARY	s__Veillonella_rogosae	-0.33729294650023395	0.0	0.9899399288667535	Lee_PRIMM_UK	0.08005792842199744	-0.2572350180782365	0.08005792842199744	0	Lee_PRIMM_UK	-0.4711123634963726	0.3750654492971113
PRIMARY	s__Vescimonas_coprocola	-0.18515567320366333	51.75331148577321	0.9899399288667535	Lee_PRIMM_UK	0.12590870606723403	-0.05924696713642928	0.12590870606723403	0	Lee_Leeds	-0.9526593721123705	0.24219986310159095
PRIMARY	s__Vescimonas_fastidiosa	-0.12372786951903376	0.0	0.9899399288667535	Lee_PRIMM_NL	0.06256160359662864	-0.1862894731156624	-0.06256160359662864	0	Frankel_US	-0.33363391776336143	0.5438438189696344
PRIMARY	s__Clostridium_SGB4648	0.16045770571404114	0.0	0.9899399288667535	Gopalakrishnan_US	0.05043882246912823	0.11001888324491291	-0.05043882246912823	0	Gopalakrishnan_US	0.7520792814601257	0.3393279705473009
PRIMARY	s__GGB3033_SGB4029	0.2037362864581459	0.0	0.9899399288667535	Lee_Leeds	0.031208781231713473	0.23494506768985937	0.031208781231713473	0	Gopalakrishnan_US	0.3923420744793409	0.30067084286269646
PRIMARY	s__Enterococcus_faecium	0.1036561274136307	68.1208054654848	0.9899399288667535	Matson_US	0.23595066508409945	-0.13229453767046875	-0.23595066508409945	1	Matson_US	0.920282975418023	0.5026710107545033
PRIMARY	s__GGB2998_SGB3989	0.31247581998500046	0.0	0.9899399288667535	Lee_PRIMM_UK	0.07514166389080842	0.23733415609419203	-0.07514166389080842	0	Lee_PRIMM_UK	0.5080423368210543	0.33569690574460104
PRIMARY	s__GGB3593_SGB4817	0.29494236823136083	56.69434573564941	0.9899399288667535	Lee_PRIMM_NL	0.18250220826980906	0.4774445765011699	0.18250220826980906	0	Lee_Manchester	0.9829231815520272	0.5368825330157906
PRIMARY	s__GGB6612_SGB9346	-0.1056260749068802	38.897321257574724	0.9899399288667535	Lee_PRIMM_UK	0.2339419247575063	-0.3395679996643865	-0.2339419247575063	1	Matson_US	-0.4252126862458738	0.29749957426185664
PRIMARY	s__Bifidobacterium_catenulatum	0.3571698207511646	23.18264760618209	0.9899399288667535	Lee_PRIMM_UK	0.1571812443446728	0.1999885764064918	-0.1571812443446728	0	Lee_PRIMM_UK	0.7404226509746931	0.5600957652331536
PRIMARY	s__GGB2958_SGB3940	0.33236945285431235	53.01437822309417	0.9899399288667535	Lee_PRIMM_UK	0.2536245097743708	0.07874494307994158	-0.2536245097743708	0	Lee_PRIMM_UK	0.8836524814309302	0.5367035182395058
PRIMARY	s__GGB3321_SGB4394	-0.49244098472446507	65.88042123295492	0.9899399288667535	Lee_Barcelona	0.32689185106006424	-0.16554913366440083	0.32689185106006424	0	Lee_Barcelona	-2.399422389988347	0.6153813290239192
PRIMARY	s__GGB3588_SGB4808	0.2841036592854662	0.0	0.9899399288667535	Lee_Leeds	0.01791276672161063	0.30201642600707684	0.01791276672161063	0	Lee_Manchester	0.32360812167444963	0.3016735838074085
PRIMARY	s__GGB9618_SGB15065	-0.12844142481809584	11.23550325700137	0.9899399288667535	Lee_PRIMM_NL	0.16026243745841684	-0.2887038622765127	-0.16026243745841684	0	Lee_Barcelona	-0.6959038857319018	0.35084583460768914
PRIMARY	s__GGB9737_SGB15309	0.13077448333228026	0.0	0.9899399288667535	Lee_PRIMM_UK	0.11659769645957149	0.24737217979185175	0.11659769645957149	0	Lee_Manchester	0.44146043621054504	0.45729141510035304
PRIMARY	s__GGB9766_SGB15383	0.13565201590557113	0.0	0.9899399288667535	Lee_PRIMM_UK	0.08501371025332469	0.050638305652246446	-0.08501371025332469	0	Lee_Barcelona	-0.5609983489371455	0.5248646942813034
PRIMARY	s__GGB9786_SGB15409	0.02796086996092866	53.56689988562431	0.9899399288667535	Lee_Manchester	0.19864588654343826	0.22660675650436693	0.19864588654343826	1	Lee_Manchester	-0.7492414198130918	0.4651506366753668
PRIMARY	s__GGB9790_SGB15413	0.1989801031740858	0.0	0.9899399288667535	Lee_PRIMM_UK	0.018864910191298434	0.18011519298278736	-0.018864910191298434	0	Lee_PRIMM_UK	0.23416839564908826	0.33048618918840267
PRIMARY	s__GGB3815_SGB5180	-0.18396418090413458	0.0	0.9899399288667535	Lee_PRIMM_NL	0.0909398598935867	-0.09302432101054788	0.0909398598935867	0	Lee_Barcelona	-0.43348699518108963	0.5310607400526823
S1_EXCLUDE_BCN12	s__Actinomyces_SGB17157	-0.14046929421651225	1.0626909752246234	0.9930527113580683	Lee_PRIMM_NL	0.15150035610968446	-0.2919696503261967	-0.15150035610968446	0	Lee_PRIMM_UK	-0.4128393279324604	0.3969186215958598
S1_EXCLUDE_BCN12	s__Actinomyces_SGB17163	0.10118496900392711	0.0	0.9930527113580683	Lee_PRIMM_UK	0.1067362347149569	0.207921203718884	0.1067362347149569	0	Lee_PRIMM_NL	0.22593670268885735	0.3024833352297574
S1_EXCLUDE_BCN12	s__Actinomyces_graevenitzii	-0.17190534035681262	60.19238605019629	0.9930527113580683	Matson_US	0.1857616707447776	-0.3576670111015902	-0.1857616707447776	0	Frankel_US	-0.8206111503180656	0.3730596860232139
S1_EXCLUDE_BCN12	s__Actinomyces_oris	-0.2861929880866042	29.093271948715067	0.9930527113580683	Lee_PRIMM_NL	0.09942248555851613	-0.38561547364512033	-0.09942248555851613	0	Lee_Manchester	-0.7698817875142079	0.3332409410867971
S1_EXCLUDE_BCN12	s__Actinomyces_sp_HMSC035G02	-0.2348226350841108	0.0	0.9930527113580683	Lee_PRIMM_NL	0.07865942687035099	-0.1561632082137598	0.07865942687035099	0	Lee_PRIMM_NL	-0.4062241760690569	0.46678617592806115
S1_EXCLUDE_BCN12	s__Actinomyces_sp_ph3	-0.31402759433407523	0.0	0.9930527113580683	Lee_Manchester	0.036350860711586885	-0.3503784550456621	-0.036350860711586885	0	Lee_PRIMM_UK	-0.3724393699756737	0.32344565760188076
S1_EXCLUDE_BCN12	s__Adlercreutzia_equolifaciens	-0.06490344036256182	57.16654133004948	0.9930527113580683	Matson_US	0.11422611544734007	0.04932267508477824	0.11422611544734007	1	Matson_US	-0.8463200150791936	0.2014034918430293
S1_EXCLUDE_BCN12	s__Alistipes_SGB2313	-0.09913836169358771	0.0	0.9930527113580683	Lee_PRIMM_UK	0.15432391385390531	-0.253462275547493	-0.15432391385390531	0	Lee_Manchester	-0.48076677173367677	0.4613459512196224
S1_EXCLUDE_BCN12	s__Alloscardovia_omnicolens	-0.11088183282457287	0.0	0.9930527113580683	Lee_PRIMM_UK	0.1705191129212828	-0.28140094574585567	-0.1705191129212828	1	Lee_PRIMM_NL	-0.3910659055943775	0.4000220652213102
S1_EXCLUDE_BCN12	s__Anaerococcus_SGB53821	-0.009553428617943522	13.834568566196149	0.9930527113580683	Spencer_US	0.20940982332474406	-0.2189632519426876	-0.20940982332474406	1	Matson_US	-0.3557644861629878	0.36540616705652934
S1_EXCLUDE_BCN12	s__Anaerofilum_sp_BX8	0.049383089203095566	0.0	0.9930527113580683	Lee_Leeds	0.037148376600738296	0.08653146580383386	0.037148376600738296	0	Lee_Leeds	-0.6413504717775551	0.4974544421529728
S1_EXCLUDE_BCN12	s__Anaerosacchariphilus_sp_NSJ_68	-0.37026781977031636	0.0	0.9930527113580683	Lee_PRIMM_UK	0.07096529541553181	-0.4412331151858482	-0.07096529541553181	0	Lee_Leeds	-0.8319671598288239	0.47128615513891875
S1_EXCLUDE_BCN12	s__Anaerotruncus_colihominis	-0.2702744293869019	0.0	0.9930527113580683	Gopalakrishnan_US	0.0517521692084249	-0.21852226017847698	0.0517521692084249	0	Gopalakrishnan_US	-0.8498119287898007	0.3470566639773482
S1_EXCLUDE_BCN12	s__Anaerotruncus_rubiinfantis	-0.13411930325675978	0.0	0.9930527113580683	Gopalakrishnan_US	0.04399775107125217	-0.17811705432801195	-0.04399775107125217	0	Gopalakrishnan_US	0.42268257283489796	0.20354983798963372
S1_EXCLUDE_BCN12	s__Bacteroides_caccae	0.08962460086572237	0.0	0.9930527113580683	Frankel_US	0.06875170879327161	0.02087289207245076	-0.06875170879327161	0	Frankel_US	0.6642126616787288	0.31299127546095695
S1_EXCLUDE_BCN12	s__Bacteroides_clarus	-0.2525133598601332	0.0	0.9930527113580683	Lee_PRIMM_UK	0.08819557374426118	-0.34070893360439436	-0.08819557374426118	0	Lee_Leeds	-0.5032362912203392	0.24323168416869634
S1_EXCLUDE_BCN12	s__Bacteroides_eggerthii	0.08360909186407958	64.75766555899006	0.9930527113580683	Lee_PRIMM_UK	0.13987984225720904	-0.05627075039312945	-0.13987984225720904	1	Lee_PRIMM_UK	0.8910487100219034	0.27801226986780614
S1_EXCLUDE_BCN12	s__Bacteroides_faecis	0.12887731743809872	0.0	0.9930527113580683	Lee_Leeds	0.028993978620594857	0.15787129605869357	0.028993978620594857	0	Lee_Leeds	-0.28087120251777903	0.226238788441072
S1_EXCLUDE_BCN12	s__Bacteroides_salyersiae	0.16407682691793504	0.0	0.9930527113580683	Spencer_US	0.06940339119501646	0.09467343572291859	-0.06940339119501646	0	Lee_Barcelona	0.8230968667741666	0.45705446082943413
S1_EXCLUDE_BCN12	s__Bifidobacterium_adolescentis	0.1711988594988783	49.556984002315886	0.9930527113580683	Lee_Leeds	0.1029536775741266	0.2741525370730049	0.1029536775741266	0	Lee_Leeds	-1.2124102838189603	0.2546468729734935
S1_EXCLUDE_BCN12	s__Bifidobacterium_animalis	0.11697677812174005	0.0	0.9930527113580683	Frankel_US	0.0772941463274012	0.03968263179433885	-0.0772941463274012	0	Frankel_US	0.430288693026125	0.3909301189295734
S1_EXCLUDE_BCN12	s__Bifidobacterium_bifidum	0.18595707131230352	0.0	0.9930527113580683	Gopalakrishnan_US	0.04482263252852001	0.1411344387837835	-0.04482263252852001	0	Gopalakrishnan_US	0.762147074634578	0.40167794729179546
S1_EXCLUDE_BCN12	s__Bifidobacterium_longum	0.19093841248886062	3.4576084092432686	0.9930527113580683	Lee_PRIMM_NL	0.07701247691222853	0.1139259355766321	-0.07701247691222853	0	Gopalakrishnan_US	0.6494162935910687	0.2266550808432011
S1_EXCLUDE_BCN12	s__Bilophila_wadsworthia	-0.05949967999148094	0.0	0.9930527113580683	Spencer_US	0.0721429757167986	-0.13164265570827954	-0.0721429757167986	1	Lee_Barcelona	0.9533057247445159	0.35851473137557927
S1_EXCLUDE_BCN12	s__Bittarella_massiliensis	-0.3129802467958604	0.0	0.9930527113580683	Lee_PRIMM_NL	0.10400475284903846	-0.20897549394682194	0.10400475284903846	0	Lee_PRIMM_NL	-0.6536920725601519	0.2864474593875773
S1_EXCLUDE_BCN12	s__Blautia_faecis	0.14311290314297387	0.0	0.9930527113580683	Matson_US	0.04070930425152822	0.18382220739450209	0.04070930425152822	0	Lee_Barcelona	0.627356150880707	0.26543133377204614
S1_EXCLUDE_BCN12	s__Blautia_hydrogenotrophica	-0.1284789173761293	0.0	0.9930527113580683	Frankel_US	0.08147200551907863	-0.20995092289520792	-0.08147200551907863	0	Lee_Leeds	-0.7769793276054495	0.46715155821560966
S1_EXCLUDE_BCN12	s__Blautia_luti	0.03648930952263643	67.2465541147105	0.9930527113580683	Spencer_US	0.12323585601666912	0.15972516553930555	0.12323585601666912	1	Lee_Leeds	-0.8522380594745703	0.24727320724933588
S1_EXCLUDE_BCN12	s__Blautia_massiliensis	0.18849636120221042	0.0	0.9930527113580683	Lee_Manchester	0.051893031211307034	0.13660332999090338	-0.051893031211307034	0	Lee_Manchester	0.889319793002738	0.3831924680309277
S1_EXCLUDE_BCN12	s__Blautia_sp_Marseille_P3087	0.27541799996934047	10.36775387716123	0.9930527113580683	Lee_PRIMM_NL	0.1434945792896249	0.41891257925896536	0.1434945792896249	0	Frankel_US	0.6844182354123998	0.31462194076907984
S1_EXCLUDE_BCN12	s__Blautia_sp_OF03_15BH	0.1684490365798767	0.0	0.9930527113580683	Frankel_US	0.11824902898365092	0.2866980655635276	0.11824902898365092	0	Lee_Manchester	0.5392329699164747	0.2934401974693374
S1_EXCLUDE_BCN12	s__Butyricicoccus_sp_AM29_23AC	0.15588502198749354	19.079320484912678	0.9930527113580683	Lee_Manchester	0.07466131318740221	0.08122370880009133	-0.07466131318740221	0	Lee_Manchester	0.7775776967840718	0.35384091726605865
S1_EXCLUDE_BCN12	s__Candidatus_Catenibacterium_tridentinum	-0.10324654359840549	43.18211762788528	0.9930527113580683	Lee_PRIMM_UK	0.16711098161512597	-0.27035752521353146	-0.16711098161512597	0	Lee_PRIMM_UK	0.5264928474779034	0.3268712438389973
S1_EXCLUDE_BCN12	s__Catenibacterium_SGB4425	0.3071167417077184	15.269041846950316	0.9930527113580683	Lee_PRIMM_NL	0.15410835987026428	0.4612251015779827	0.15410835987026428	0	Lee_PRIMM_UK	0.6125158590861887	0.5064886569966797
S1_EXCLUDE_BCN12	s__Cellulomonas_flavigena	-0.07605235272446477	0.0	0.9930527113580683	Lee_PRIMM_UK	0.10106895470445705	-0.17712130742892182	-0.10106895470445705	0	Frankel_US	-0.33036271032896064	0.4099093807670731
S1_EXCLUDE_BCN12	s__Clostridium_fessum	0.14116940839953626	0.0	0.9930527113580683	Frankel_US	0.05920763004645656	0.0819617783530797	-0.05920763004645656	0	Frankel_US	0.6340662340423785	0.2973965631217911
S1_EXCLUDE_BCN12	s__Clostridium_paraputrificum	0.1465188968616704	54.082273265072565	0.9930527113580683	Lee_PRIMM_UK	0.20325373921334794	0.34977263607501835	0.20325373921334794	1	Lee_Leeds	0.7061171770938501	0.4043604804283545
S1_EXCLUDE_BCN12	s__Clostridium_sp_1001270H_150608_G6	0.2479339529336961	0.03257932067298927	0.9930527113580683	Spencer_US	0.08245866315264896	0.33039261608634507	0.08245866315264896	0	Lee_Manchester	0.7620580898685269	0.26802202017505133
S1_EXCLUDE_BCN12	s__Clostridium_sp_1001270J_160509_D11	0.11261494748192154	0.0	0.9930527113580683	Lee_Manchester	0.05673702454036482	0.16935197202228636	0.05673702454036482	0	Lee_Manchester	-0.3332111931859111	0.24971636586544627
S1_EXCLUDE_BCN12	s__Clostridium_sp_AF12_28	-0.05598300107911228	0.0	0.9930527113580683	Spencer_US	0.1789737467812117	-0.23495674786032397	-0.1789737467812117	1	Lee_Barcelona	-0.48997916378945183	0.2747027823973977
S1_EXCLUDE_BCN12	s__Clostridium_sp_AF20_17LB	0.06856296253179918	0.0	0.9930527113580683	Lee_PRIMM_UK	0.06438372928226747	0.13294669181406665	0.06438372928226747	0	Lee_Leeds	0.3301948711343563	0.2165661507193108
S1_EXCLUDE_BCN12	s__Clostridium_sp_NSJ_42	0.2271358338909016	0.0	0.9930527113580683	Lee_Manchester	0.09556610950196429	0.3227019433928659	0.09556610950196429	0	Lee_Leeds	0.7799116027035827	0.40385517996332254
S1_EXCLUDE_BCN12	s__Collinsella_SGB14861	0.10059191414171652	0.0	0.9930527113580683	Lee_Barcelona	0.037877341581998694	0.1384692557237152	0.037877341581998694	0	Lee_Barcelona	-1.27907876600004	0.477302604569965
S1_EXCLUDE_BCN12	s__Collinsella_SGB14987	0.17516117769533582	0.0	0.9930527113580683	Frankel_US	0.043834444421757296	0.13132673327357852	-0.043834444421757296	0	Lee_Leeds	0.5574958971105546	0.48920028671743315
S1_EXCLUDE_BCN12	s__Collinsella_SGB15196	0.05289154049774809	0.0	0.9930527113580683	Frankel_US	0.12602398173263238	0.17891552223038046	0.12602398173263238	1	Lee_Leeds	0.3700189494820195	0.3578930595528722
S1_EXCLUDE_BCN12	s__Collinsella_bouchesdurhonensis	0.12412124173793355	0.0	0.9930527113580683	Lee_PRIMM_NL	0.07330622559020313	0.19742746732813668	0.07330622559020313	0	Lee_Manchester	0.41192549508149584	0.4252783111155587
S1_EXCLUDE_BCN12	s__Coprococcus_SGB4669	-0.10178471942316356	0.0	0.9930527113580683	Spencer_US	0.04004792100465096	-0.061736798418512595	0.04004792100465096	0	Spencer_US	-0.22312616731972904	0.18787172762432805
S1_EXCLUDE_BCN12	s__Corynebacterium_durum	0.004045112869505491	0.0	0.9930527113580683	Lee_PRIMM_NL	0.10322822021854515	-0.09918310734903966	-0.10322822021854515	1	Frankel_US	-0.279749125141813	0.5313576314431556
S1_EXCLUDE_BCN12	s__Desulfovibrio_SGB5077	0.24186541629297173	9.582103427615497	0.9930527113580683	Spencer_US	0.1493285923067774	0.3911940085997491	0.1493285923067774	0	Matson_US	0.7141423230051357	0.4107344050531497
S1_EXCLUDE_BCN12	s__Desulfovibrio_piger	-0.10217501961486712	52.80621315393667	0.9930527113580683	Lee_Leeds	0.17860570332681047	0.07643068371194336	0.17860570332681047	1	Lee_Leeds	-1.3418279709650105	0.5592614941031606
S1_EXCLUDE_BCN12	s__Dorea_formicigenerans	0.22312141898999496	0.0	0.9930527113580683	Spencer_US	0.044639938224264514	0.2677613572142595	0.044639938224264514	0	Lee_Manchester	0.7334063831246992	0.31491900740680107
S1_EXCLUDE_BCN12	s__Eisenbergiella_massiliensis	0.0816856065298426	63.64708640965699	0.9930527113580683	Frankel_US	0.17762351108768631	-0.09593790455784372	-0.17762351108768631	1	Frankel_US	1.1434512668093775	0.409050208246048
S1_EXCLUDE_BCN12	s__Eisenbergiella_tayi	0.007145422062008729	0.0	0.9930527113580683	Lee_PRIMM_UK	0.05875567955525045	-0.05161025749324172	-0.05875567955525045	1	Lee_PRIMM_UK	0.31795674841608945	0.2884810525999148
S1_EXCLUDE_BCN12	s__Enterocloster_SGB14313	0.20262430125784306	0.648157932509773	0.9930527113580683	Lee_PRIMM_NL	0.15109499305307467	0.051529308204768406	-0.15109499305307467	0	Lee_PRIMM_NL	0.60980366866743	0.42684792614218015
S1_EXCLUDE_BCN12	s__Enterocloster_aldenensis	-0.05413500215544181	0.0	0.9930527113580683	Lee_Leeds	0.04984383408783959	-0.1039788362432814	-0.04984383408783959	0	Lee_Leeds	0.6054024586777359	0.4729323619830356
S1_EXCLUDE_BCN12	s__Enterocloster_asparagiformis	-0.2126584399059231	33.122798258221195	0.9930527113580683	Frankel_US	0.134421095037911	-0.3470795349438341	-0.134421095037911	0	Gopalakrishnan_US	-0.9973234490151835	0.6739748902108833
S1_EXCLUDE_BCN12	s__Enterocloster_bolteae	-0.18178243479756293	0.0	0.9930527113580683	Lee_PRIMM_UK	0.09035025132816114	-0.09143218346940178	0.09035025132816114	0	Lee_PRIMM_UK	-0.6996869509579812	0.27559300135518927
S1_EXCLUDE_BCN12	s__Enterocloster_clostridioformis	-0.12064861345985256	0.0	0.9930527113580683	Matson_US	0.07138319335201704	-0.1920318068118696	-0.07138319335201704	0	Lee_PRIMM_UK	-0.35710094427654954	0.33445560794457607
S1_EXCLUDE_BCN12	s__Enterococcus_SGB6173	0.20271378577408236	0.0	0.9930527113580683	Lee_PRIMM_UK	0.19658783036345234	0.006125955410630029	-0.19658783036345234	0	Lee_PRIMM_UK	0.5229431472856326	0.6349038470914267
S1_EXCLUDE_BCN12	s__Erysipelatoclostridium_ramosum	-0.14483625369405265	0.0	0.9930527113580683	Lee_Leeds	0.05575296480874298	-0.20058921850279562	-0.05575296480874298	0	Lee_Leeds	0.9030018854156483	0.3689804600380151
S1_EXCLUDE_BCN12	s__Eubacterium_sp_AF16_48	-0.21226896962774588	0.0	0.9930527113580683	Spencer_US	0.04347354224088598	-0.1687954273868599	0.04347354224088598	0	Lee_Manchester	-0.682494134672299	0.3663408387372731
S1_EXCLUDE_BCN12	s__Faecalibacillus_intestinalis	0.2778736595136385	0.0	0.9930527113580683	Matson_US	0.04834792621161976	0.3262215857252583	0.04834792621161976	0	Gopalakrishnan_US	0.726537893814339	0.23642264316864525
S1_EXCLUDE_BCN12	s__Faecalibacterium_SGB15346	0.16422621071532886	0.0	0.9930527113580683	Spencer_US	0.04369732769334206	0.20792353840867092	0.04369732769334206	0	Lee_Barcelona	-0.746332228647167	0.30235026333062054
S1_EXCLUDE_BCN12	s__Faecalicatena_contorta	0.27453586154817655	0.0	0.9930527113580683	Lee_PRIMM_NL	0.0955974845160853	0.37013334606426185	0.0955974845160853	0	Lee_Manchester	0.6798068118387164	0.41821005360303737
S1_EXCLUDE_BCN12	s__Fusicatenibacter_saccharivorans	0.20011140547463574	0.0	0.9930527113580683	Lee_PRIMM_UK	0.0435527364866129	0.15655866898802284	-0.0435527364866129	0	Lee_Manchester	0.6350601748215342	0.28422289868573086
S1_EXCLUDE_BCN12	s__GGB10692_SGB17347	0.13749063000123937	0.0	0.9930527113580683	Lee_PRIMM_NL	0.05929402130224937	0.19678465130348874	0.05929402130224937	0	Frankel_US	0.21746237755432288	0.37579611058914747
S1_EXCLUDE_BCN12	s__GGB14025_SGB14906	0.27436475864128057	0.0	0.9930527113580683	Lee_Manchester	0.057691861294047686	0.21667289734723288	-0.057691861294047686	0	Lee_Manchester	0.7547534823856163	0.42386190748602126
S1_EXCLUDE_BCN12	s__GGB3034_SGB4030	0.18579138765648937	0.0	0.9930527113580683	Lee_PRIMM_NL	0.10447486487583725	0.08131652278065211	-0.10447486487583725	0	Lee_PRIMM_NL	0.4710516858157601	0.3591004111321901
S1_EXCLUDE_BCN12	s__GGB3109_SGB4119	0.09183662406648663	0.0	0.9930527113580683	Gopalakrishnan_US	0.0674270937830906	0.024409530283396028	-0.0674270937830906	0	Gopalakrishnan_US	0.4430752111081643	0.8337421783779448
S1_EXCLUDE_BCN12	s__GGB3277_SGB4327	-0.150710726431054	0.0	0.9930527113580683	Lee_PRIMM_UK	0.09826158249075159	-0.05244914394030239	0.09826158249075159	0	Lee_PRIMM_UK	-0.4304113952130675	0.32643427327402225
S1_EXCLUDE_BCN12	s__GGB3304_SGB4367	0.07047190958687129	0.0	0.9930527113580683	Lee_PRIMM_UK	0.08370262969790063	-0.013230720111029342	-0.08370262969790063	1	Lee_PRIMM_UK	0.4162947256878811	0.33515607536174497
S1_EXCLUDE_BCN12	s__GGB3444_SGB4594	-0.20843058233878325	2.0415433592180836	0.9930527113580683	Matson_US	0.07686362474163494	-0.2852942070804182	-0.07686362474163494	0	Lee_Leeds	-0.9957169991970487	0.5818171063029551
S1_EXCLUDE_BCN12	s__GGB3475_SGB4638	0.1308568906789167	0.0	0.9930527113580683	Spencer_US	0.16281848323010434	0.29367537390902104	0.16281848323010434	0	Frankel_US	0.40657349157362965	0.37912756542350073
S1_EXCLUDE_BCN12	s__GGB3534_SGB4722	-0.08139498362789306	0.0	0.9930527113580683	Lee_PRIMM_NL	0.035212098080899576	-0.046182885546993485	0.035212098080899576	0	Lee_Leeds	0.31309899264329183	0.31085299225686436
S1_EXCLUDE_BCN12	s__GGB3570_SGB4777	0.14684802401502303	0.0	0.9930527113580683	Lee_PRIMM_UK	0.1407671290009771	0.006080895014045926	-0.1407671290009771	0	Lee_PRIMM_UK	0.5213843650886311	0.5409315817984476
S1_EXCLUDE_BCN12	s__GGB3602_SGB4574	0.0814565021492804	0.0	0.9930527113580683	Matson_US	0.09047861111714654	0.17193511326642694	0.09047861111714654	0	Gopalakrishnan_US	0.38630963538907964	0.4232441194013742
S1_EXCLUDE_BCN12	s__GGB45491_SGB63163	-0.12607202038575618	0.0	0.9930527113580683	Frankel_US	0.07378501394707532	-0.1998570343328315	-0.07378501394707532	0	Matson_US	-0.3430969488155798	0.28722138355624033
S1_EXCLUDE_BCN12	s__GGB45495_SGB63167	0.005064198461828188	53.50445785872435	0.9930527113580683	Lee_Manchester	0.20787436820945016	0.21293856667127833	0.20787436820945016	1	Lee_Manchester	-0.8998427374964737	0.4783868056446869
S1_EXCLUDE_BCN12	s__GGB51510_SGB71883	-0.06428126062035001	0.0	0.9930527113580683	Spencer_US	0.09050026628701745	0.02621900566666743	0.09050026628701745	1	Matson_US	0.24792410590287434	0.39633919683435365
S1_EXCLUDE_BCN12	s__GGB51647_SGB4348	0.08978493170498622	54.880774125197206	0.9930527113580683	Lee_PRIMM_NL	0.1066912314597014	-0.016906299754715175	-0.1066912314597014	1	Lee_Barcelona	-2.172965463772924	0.5689242544946863
S1_EXCLUDE_BCN12	s__GGB80011_SGB15265	0.09851294202953334	22.552236727260773	0.9930527113580683	Matson_US	0.08915194928245312	0.18766489131198646	0.08915194928245312	0	Lee_Leeds	-0.6517633282288956	0.2457000727239941
S1_EXCLUDE_BCN12	s__GGB80011_SGB15267	-0.14320846712063698	0.0	0.9930527113580683	Lee_Manchester	0.07325053352692301	-0.21645900064756	-0.07325053352692301	0	Lee_Manchester	0.27242366497103804	0.2949901693082409
S1_EXCLUDE_BCN12	s__GGB80140_SGB15224	0.13075102030829205	0.0	0.9930527113580683	Lee_PRIMM_UK	0.07134521298899546	0.0594058073192966	-0.07134521298899546	0	Lee_Barcelona	-0.9728269210825282	0.41940601099764907
S1_EXCLUDE_BCN12	s__GGB9063_SGB13982	-0.18542325649466776	21.653201968686172	0.9930527113580683	Matson_US	0.14165159716608725	-0.327074853660755	-0.14165159716608725	0	Lee_Barcelona	-0.7739045632619975	0.310943733433832
S1_EXCLUDE_BCN12	s__GGB9176_SGB14114	0.2015369126559437	16.747681972735727	0.9930527113580683	Lee_PRIMM_NL	0.06891328767909694	0.13262362497684677	-0.06891328767909694	0	Lee_Barcelona	-0.7819830460575475	0.22723811614547207
S1_EXCLUDE_BCN12	s__GGB9293_SGB14250	0.24998797769930794	0.0	0.9930527113580683	Lee_PRIMM_UK	0.09444749698182409	0.15554048071748386	-0.09444749698182409	0	Lee_PRIMM_UK	0.4982559588907008	0.3186196280946835
S1_EXCLUDE_BCN12	s__GGB9345_SGB14311	0.20747576305063967	2.31556163808183	0.9930527113580683	Lee_PRIMM_UK	0.06532011781100713	0.14215564523963253	-0.06532011781100713	0	Lee_Barcelona	-1.0841644337354153	0.325975208949781
S1_EXCLUDE_BCN12	s__GGB9474_SGB14868	-0.09095299620560318	57.90141338880276	0.9930527113580683	Frankel_US	0.2638790016375019	-0.35483199784310504	-0.2638790016375019	1	Frankel_US	0.6785252179374032	0.39707029529726445
S1_EXCLUDE_BCN12	s__GGB9480_SGB14874	-0.1457726216132566	0.0	0.9930527113580683	Frankel_US	0.06078806599620046	-0.20656068760945706	-0.06078806599620046	0	Matson_US	-0.2970270900862479	0.2880147950244934
S1_EXCLUDE_BCN12	s__GGB9495_SGB14892	-0.13986147423513734	0.0	0.9930527113580683	Lee_PRIMM_UK	0.02878726189873504	-0.16864873613387238	-0.02878726189873504	0	Frankel_US	-0.28132705367033795	0.4715395065707533
S1_EXCLUDE_BCN12	s__GGB9524_SGB14924	0.07176339677820129	42.614007915691815	0.9930527113580683	Frankel_US	0.14014300358344342	0.2119064003616447	0.14014300358344342	0	Frankel_US	-0.7317048536715615	0.25642071869565297
S1_EXCLUDE_BCN12	s__GGB9616_SGB15051	-0.21447536411082654	0.0	0.9930527113580683	Lee_Manchester	0.08201664315734461	-0.29649200726817115	-0.08201664315734461	0	Lee_Barcelona	-0.8397322056595824	0.38335430318009217
S1_EXCLUDE_BCN12	s__GGB9621_SGB15073	-0.12005609346064658	0.0	0.9930527113580683	Spencer_US	0.10089030902352661	-0.2209464024841732	-0.10089030902352661	0	Lee_Leeds	-0.7189463856432561	0.2889074007839654
S1_EXCLUDE_BCN12	s__GGB9642_SGB15119	-0.21623141462391457	0.0	0.9930527113580683	Lee_PRIMM_UK	0.08334514045005129	-0.29957655507396586	-0.08334514045005129	0	Lee_Leeds	-0.9044781642918165	0.5743210269107403
S1_EXCLUDE_BCN12	s__GGB9694_SGB15204	0.20857332761590697	0.0	0.9930527113580683	Lee_PRIMM_UK	0.05811341004835413	0.2666867376642611	0.05811341004835413	0	Matson_US	0.45078771707744203	0.3806974195720218
S1_EXCLUDE_BCN12	s__GGB9719_SGB15273	0.057833143606208025	0.0	0.9930527113580683	Lee_PRIMM_NL	0.07476169135256983	0.13259483495877786	0.07476169135256983	0	Lee_PRIMM_NL	-0.32415149736953996	0.25226037891286374
S1_EXCLUDE_BCN12	s__GGB9719_SGB53514	0.015713119427356526	0.0	0.9930527113580683	Frankel_US	0.0707082191882415	0.08642133861559802	0.0707082191882415	1	Lee_Barcelona	0.6243269485007387	0.6971762043172604
S1_EXCLUDE_BCN12	s__GGB9759_SGB15370	0.212026179902008	0.0	0.9930527113580683	Frankel_US	0.027849454663543466	0.18417672523846454	-0.027849454663543466	0	Frankel_US	0.4180022499388857	0.20413751853114967
S1_EXCLUDE_BCN12	s__GGB9767_SGB15385	-0.0356857202126793	52.121571676710346	0.9930527113580683	Lee_PRIMM_UK	0.1470168711331913	-0.1827025913458706	-0.1470168711331913	1	Lee_Manchester	-0.6401851225130712	0.31407403942671763
S1_EXCLUDE_BCN12	s__GGB9781_SGB15402	0.09318130231705442	0.0	0.9930527113580683	Lee_PRIMM_UK	0.04618021629918786	0.04700108601786656	-0.04618021629918786	0	Lee_PRIMM_UK	0.24523039108370046	0.4857680096827545
S1_EXCLUDE_BCN12	s__GGB9782_SGB15403	-0.04529760225441941	0.0	0.9930527113580683	Spencer_US	0.13081370462738118	0.08551610237296178	0.13081370462738118	1	Lee_PRIMM_NL	0.3659043465124019	0.4341213400886754
S1_EXCLUDE_BCN12	s__Gordonibacter_pamelaeae	-0.1283763264646773	26.088652141538386	0.9930527113580683	Lee_PRIMM_NL	0.1331535660707391	-0.2615298925354164	-0.1331535660707391	1	Matson_US	-0.7849214971499117	0.37904693096009917
S1_EXCLUDE_BCN12	s__Granulicatella_SGB8255	-0.14197647979263786	0.0	0.9930527113580683	Lee_PRIMM_NL	0.04972185191116951	-0.09225462788146835	0.04972185191116951	0	Lee_PRIMM_NL	-0.30004481326615223	0.4091682448675437
S1_EXCLUDE_BCN12	s__Haemophilus_parainfluenzae	-0.07068539332353437	50.97959089596712	0.9930527113580683	Lee_PRIMM_UK	0.13515576845789473	0.06447037513436035	0.13515576845789473	1	Lee_PRIMM_UK	-0.8959438398529346	0.3428404593298591
S1_EXCLUDE_BCN12	s__Harryflintia_acetispora	0.1280148006138449	0.0	0.9930527113580683	Lee_PRIMM_UK	0.0543134965002976	0.1823282971141425	0.0543134965002976	0	Lee_Barcelona	0.526579867045716	0.31115633116544633
S1_EXCLUDE_BCN12	s__Holdemania_filiformis	-0.11904224809906601	61.83931204797636	0.9930527113580683	Spencer_US	0.12046255628169607	-0.23950480438076208	-0.12046255628169607	0	Lee_Manchester	-0.8069110671177159	0.22952925378960556
S1_EXCLUDE_BCN12	s__Holdemania_massiliensis	-0.27386206102805727	0.0	0.9930527113580683	Spencer_US	0.06998044864993941	-0.20388161237811786	0.06998044864993941	0	Spencer_US	-0.4210445771060383	0.24062103909115018
S1_EXCLUDE_BCN12	s__Hungatella_hathewayi	-0.22475344703707484	0.0	0.9930527113580683	Spencer_US	0.05841687344680213	-0.28317032048387697	-0.05841687344680213	0	Lee_PRIMM_NL	-0.47825548009679186	0.24621115798589535
S1_EXCLUDE_BCN12	s__Intestinibacter_bartlettii	0.1843166935898921	1.2496601739284063	0.9930527113580683	Spencer_US	0.09830675481507384	0.28262344840496595	0.09830675481507384	0	Lee_PRIMM_UK	0.5706574019734028	0.22646870678015493
S1_EXCLUDE_BCN12	s__Klebsiella_pneumoniae	-0.03781367180087146	60.356427232887874	0.9930527113580683	Lee_Manchester	0.11885982095168694	-0.1566734927525584	-0.11885982095168694	1	Lee_Manchester	1.1557925327616765	0.3748269520339641
S1_EXCLUDE_BCN12	s__Lachnotalea_sp_AF33_28	-0.20428965298405902	0.0	0.9930527113580683	Matson_US	0.05194097508813264	-0.15234867789592638	0.05194097508813264	0	Matson_US	-0.5169156710467935	0.43450614434568485
S1_EXCLUDE_BCN12	s__Lacrimispora_amygdalina	0.032760597747476645	50.21087933321662	0.9930527113580683	Lee_PRIMM_UK	0.1394257779925204	0.17218637573999704	0.1394257779925204	1	Lee_PRIMM_UK	-0.7307612436622705	0.2344137830781628
S1_EXCLUDE_BCN12	s__Lacrimispora_celerecrescens	0.23833613447914	0.0	0.9930527113580683	Spencer_US	0.07195695474700062	0.31029308922614063	0.07195695474700062	0	Lee_PRIMM_UK	0.6146499582616471	0.21243381989666396
S1_EXCLUDE_BCN12	s__Lactococcus_lactis	0.2200643404549464	0.0	0.9930527113580683	Matson_US	0.06026756954399473	0.28033190999894114	0.06026756954399473	0	Lee_Leeds	0.5339066577740328	0.307014085912597
S1_EXCLUDE_BCN12	s__Lactonifactor_sp_BIOML_A6	-0.18681970179216184	0.0	0.9930527113580683	Lee_PRIMM_UK	0.029672628579874738	-0.1571470732122871	0.029672628579874738	0	Lee_PRIMM_UK	-0.2432532449241118	0.3349563313478183
S1_EXCLUDE_BCN12	s__Lancefieldella_parvula	-0.33403911981764195	0.0	0.9930527113580683	Frankel_US	0.10376771636011367	-0.23027140345752828	0.10376771636011367	0	Frankel_US	-0.7741154546849774	0.49286452550615434
S1_EXCLUDE_BCN12	s__Longicatena_caecimuris	0.12680451571050663	0.0	0.9930527113580683	Spencer_US	0.07617906793400286	0.2029835836445095	0.07617906793400286	0	Frankel_US	0.42196988888278614	0.36845740198947124
S1_EXCLUDE_BCN12	s__Massilimicrobiota_sp_An134	0.0058366412558289085	51.006527883758444	0.9930527113580683	Lee_PRIMM_NL	0.1361084105446977	0.1419450518005266	0.1361084105446977	1	Lee_Leeds	0.8766024545430693	0.41878549711747187
S1_EXCLUDE_BCN12	s__Massilimicrobiota_timonensis	-0.21983342268434442	0.0	0.9930527113580683	Lee_PRIMM_NL	0.09749672148176206	-0.12233670120258236	0.09749672148176206	0	Lee_PRIMM_NL	-0.5007955987775622	0.36616074935891235
S1_EXCLUDE_BCN12	s__Mediterraneibacter_butyricigenes	0.18937005212881172	21.476615514524962	0.9930527113580683	Lee_PRIMM_UK	0.11451805976922408	0.07485199235958764	-0.11451805976922408	0	Lee_PRIMM_UK	0.9170873397934556	0.4443173629494931
S1_EXCLUDE_BCN12	s__Oscillibacter_sp_NSJ_62	-0.10139912296238433	0.0	0.9930527113580683	Lee_PRIMM_UK	0.05694848949869044	-0.04445063346369389	0.05694848949869044	0	Lee_PRIMM_UK	-0.24109796465055014	0.6294733216701416
S1_EXCLUDE_BCN12	s__Parabacteroides_merdae	0.25279504547067183	12.987448917311061	0.9930527113580683	Gopalakrishnan_US	0.07182711733599317	0.324622162806665	0.07182711733599317	0	Lee_Barcelona	0.6840917689767588	0.18637294793992606
S1_EXCLUDE_BCN12	s__Phascolarctobacterium_SGB4573	-0.10690534014692896	56.60269037705143	0.9930527113580683	Gopalakrishnan_US	0.13725305730096235	0.030347717154033386	0.13725305730096235	1	Gopalakrishnan_US	-0.8856317235851967	0.45159470533439017
S1_EXCLUDE_BCN12	s__Phocaeicola_vulgatus	0.17311025703643532	16.956892656320516	0.9930527113580683	Spencer_US	0.07838327086537401	0.0947269861710613	-0.07838327086537401	0	Lee_Leeds	-0.8819606938324402	0.24823338448366278
S1_EXCLUDE_BCN12	s__Pseudoflavonifractor_gallinarum	-0.12544049021529857	23.980853989178897	0.9930527113580683	Frankel_US	0.13790106257425444	-0.263341552789553	-0.13790106257425444	0	Gopalakrishnan_US	-0.49585575073482246	0.2931734444929653
S1_EXCLUDE_BCN12	s__Pseudoflavonifractor_sp_An184	-0.07549487856583677	45.33323200253297	0.9930527113580683	Spencer_US	0.1899736277256693	0.11447874915983254	0.1899736277256693	1	Lee_Leeds	1.00426630535532	0.6366417016000349
S1_EXCLUDE_BCN12	s__Raoultibacter_massiliensis	0.06839111109782701	0.0	0.9930527113580683	Lee_PRIMM_NL	0.0703368793612615	0.1387279904590885	0.0703368793612615	0	Lee_Manchester	0.1850310496433467	0.35482941319076505
S1_EXCLUDE_BCN12	s__Roseburia_faecis	0.23591653944734892	0.0	0.9930527113580683	Spencer_US	0.05561299100903613	0.18030354843831278	-0.05561299100903613	0	Lee_Barcelona	-1.046719593388594	0.3155258199341213
S1_EXCLUDE_BCN12	s__Roseburia_hominis	0.18330999705455822	0.0	0.9930527113580683	Matson_US	0.052287270609927605	0.23559726766448583	0.052287270609927605	0	Lee_PRIMM_UK	0.4606951445268849	0.22304393075731188
S1_EXCLUDE_BCN12	s__Roseburia_sp_AF02_12	-0.04248870517402138	64.73808302092667	0.9930527113580683	Lee_Leeds	0.13593780722142476	0.09344910204740338	0.13593780722142476	1	Lee_Leeds	-1.6384057015739972	0.32978714027580025
S1_EXCLUDE_BCN12	s__Rothia_mucilaginosa	-0.11665621826752363	0.0	0.9930527113580683	Lee_Manchester	0.050178433947609416	-0.16683465221513305	-0.050178433947609416	0	Lee_Manchester	0.4379940070008758	0.27749842340533665
S1_EXCLUDE_BCN12	s__Ruminococcus_SGB4421	0.020456837370945415	0.0	0.9930527113580683	Gopalakrishnan_US	0.08982674495964642	0.11028358233059184	0.08982674495964642	1	Gopalakrishnan_US	-0.5111720744616471	0.4469541795092451
S1_EXCLUDE_BCN12	s__Ruminococcus_sp_AF46_10NS	0.09940164767386331	0.0	0.9930527113580683	Lee_Manchester	0.06756407915877585	0.031837568515087455	-0.06756407915877585	0	Lee_Manchester	0.4937656834993462	0.8497373986396138
S1_EXCLUDE_BCN12	s__Scardovia_wiggsiae	-0.31626741251489826	0.0	0.9930527113580683	Lee_PRIMM_NL	0.10214904634184452	-0.4184164588567428	-0.10214904634184452	0	Lee_Manchester	-0.7914727591774435	0.4923649918499772
S1_EXCLUDE_BCN12	s__Solobacterium_SGB6829	0.0483002637503628	50.82732557634141	0.9930527113580683	Frankel_US	0.17804393333282434	0.22634419708318715	0.17804393333282434	1	Lee_Leeds	0.9139067574012734	0.49821655573693857
S1_EXCLUDE_BCN12	s__Streptococcus_SGB14888	-0.3176806479609405	0.0	0.9930527113580683	Frankel_US	0.09272648621949686	-0.41040713418043734	-0.09272648621949686	0	Matson_US	-0.5231953149153465	0.2331409868363376
S1_EXCLUDE_BCN12	s__Streptococcus_oralis	-0.18686618239387268	0.0	0.9930527113580683	Lee_PRIMM_NL	0.08004883021077422	-0.2669150126046469	-0.08004883021077422	0	Lee_PRIMM_UK	-0.36508924213184196	0.3824420038752095
S1_EXCLUDE_BCN12	s__Sutterella_wadsworthensis	-0.18773235018003076	0.0	0.9930527113580683	Lee_PRIMM_NL	0.03268276490834893	-0.15504958527168183	0.03268276490834893	0	Lee_Barcelona	-0.7511327066599358	0.3430189016927222
S1_EXCLUDE_BCN12	s__Veillonella_atypica	-0.382232005002668	0.0	0.9930527113580683	Matson_US	0.07187109073510112	-0.45410309573776914	-0.07187109073510112	0	Gopalakrishnan_US	-0.6519586337574625	0.31511846250882797
S1_EXCLUDE_BCN12	s__Veillonella_dispar	-0.22311085101245837	40.09574207315955	0.9930527113580683	Matson_US	0.13486536528609233	-0.3579762162985507	-0.13486536528609233	0	Lee_PRIMM_UK	-0.7614714334743955	0.2668750908097383
S1_EXCLUDE_BCN12	s__Veillonella_parvula	-0.3193859751716222	15.021630349399405	0.9930527113580683	Matson_US	0.10389538623521694	-0.42328136140683914	-0.10389538623521694	0	Gopalakrishnan_US	-0.7735023700483389	0.20582194936823617
S1_EXCLUDE_BCN12	s__Veillonella_rogosae	-0.33023746232128154	0.0	0.9930527113580683	Lee_PRIMM_UK	0.08531372469628029	-0.24492373762500125	0.08531372469628029	0	Lee_PRIMM_UK	-0.4711123634963726	0.4048370971040928
S1_EXCLUDE_BCN12	s__Vescimonas_coprocola	-0.1756741115130274	51.65817564810153	0.9930527113580683	Lee_PRIMM_UK	0.12449412644530242	-0.05117998506772498	0.12449412644530242	0	Lee_Leeds	-0.9526593721123705	0.2522740766944437
S1_EXCLUDE_BCN12	s__Vescimonas_fastidiosa	-0.12372786951903376	0.0	0.9930527113580683	Lee_PRIMM_NL	0.06256160359662864	-0.1862894731156624	-0.06256160359662864	0	Frankel_US	-0.33363391776336143	0.5438438189696344
S1_EXCLUDE_BCN12	s__Clostridium_SGB4648	0.15467951529388999	0.0	0.9930527113580683	Gopalakrishnan_US	0.0511448960261629	0.10353461926772708	-0.0511448960261629	0	Gopalakrishnan_US	0.7520792814601257	0.3232552785729728
S1_EXCLUDE_BCN12	s__GGB3033_SGB4029	0.2037362864581459	0.0	0.9930527113580683	Lee_Leeds	0.031208781231713473	0.23494506768985937	0.031208781231713473	0	Gopalakrishnan_US	0.3923420744793409	0.30067084286269646
S1_EXCLUDE_BCN12	s__Enterococcus_faecium	0.1036561274136307	68.1208054654848	0.9930527113580683	Matson_US	0.23595066508409945	-0.13229453767046875	-0.23595066508409945	1	Matson_US	0.920282975418023	0.5026710107545033
S1_EXCLUDE_BCN12	s__GGB2998_SGB3989	0.31247581998500046	0.0	0.9930527113580683	Lee_PRIMM_UK	0.07514166389080842	0.23733415609419203	-0.07514166389080842	0	Lee_PRIMM_UK	0.5080423368210543	0.33569690574460104
S1_EXCLUDE_BCN12	s__GGB3593_SGB4817	0.29494236823136083	56.69434573564941	0.9930527113580683	Lee_PRIMM_NL	0.18250220826980906	0.4774445765011699	0.18250220826980906	0	Lee_Manchester	0.9829231815520272	0.5368825330157906
S1_EXCLUDE_BCN12	s__GGB6612_SGB9346	-0.0904357732211542	37.51098393271428	0.9930527113580683	Lee_PRIMM_UK	0.23640087633176937	-0.3268366495529236	-0.23640087633176937	1	Matson_US	-0.4252126862458738	0.32455100103818973
S1_EXCLUDE_BCN12	s__Bifidobacterium_catenulatum	0.3571698207511646	23.18264760618209	0.9930527113580683	Lee_PRIMM_UK	0.1571812443446728	0.1999885764064918	-0.1571812443446728	0	Lee_PRIMM_UK	0.7404226509746931	0.5600957652331536
S1_EXCLUDE_BCN12	s__GGB2958_SGB3940	0.33236945285431235	53.01437822309417	0.9930527113580683	Lee_PRIMM_UK	0.2536245097743708	0.07874494307994158	-0.2536245097743708	0	Lee_PRIMM_UK	0.8836524814309302	0.5367035182395058
S1_EXCLUDE_BCN12	s__GGB3321_SGB4394	-0.4374741487587208	61.775651177642985	0.9930527113580683	Lee_Barcelona	0.27192501509432	-0.16554913366440083	0.27192501509432	0	Lee_Barcelona	-2.2548190653864664	0.6005677849124915
S1_EXCLUDE_BCN12	s__GGB3588_SGB4808	0.2841036592854662	0.0	0.9930527113580683	Lee_Leeds	0.01791276672161063	0.30201642600707684	0.01791276672161063	0	Lee_Manchester	0.32360812167444963	0.3016735838074085
S1_EXCLUDE_BCN12	s__GGB9618_SGB15065	-0.11128007625712341	3.8869658132120075	0.9930527113580683	Lee_PRIMM_NL	0.1647630459267573	-0.2760431221838807	-0.1647630459267573	0	Lee_Barcelona	-0.6031011474847067	0.3189828924000646
S1_EXCLUDE_BCN12	s__GGB9737_SGB15309	0.13077448333228026	0.0	0.9930527113580683	Lee_PRIMM_UK	0.11659769645957149	0.24737217979185175	0.11659769645957149	0	Lee_Manchester	0.44146043621054504	0.45729141510035304
S1_EXCLUDE_BCN12	s__GGB9766_SGB15383	0.14713952419804036	0.0	0.9930527113580683	Lee_PRIMM_UK	0.0792550671751596	0.06788445702288076	-0.0792550671751596	0	Lee_Barcelona	-0.46940861996068994	0.4803342929026831
S1_EXCLUDE_BCN12	s__GGB9786_SGB15409	0.02796086996092866	53.56689988562431	0.9930527113580683	Lee_Manchester	0.19864588654343826	0.22660675650436693	0.19864588654343826	1	Lee_Manchester	-0.7492414198130918	0.4651506366753668
S1_EXCLUDE_BCN12	s__GGB9790_SGB15413	0.1989801031740858	0.0	0.9930527113580683	Lee_PRIMM_UK	0.018864910191298434	0.18011519298278736	-0.018864910191298434	0	Lee_PRIMM_UK	0.23416839564908826	0.33048618918840267
S1_EXCLUDE_BCN12	s__GGB3815_SGB5180	-0.17215485713931736	0.0	0.9930527113580683	Lee_PRIMM_NL	0.10410949368107361	-0.06804536345824375	0.10410949368107361	0	Lee_Barcelona	-0.3391066272694247	0.4697509724278025
S2_BCN12_AS_NR	s__Actinomyces_SGB17157	-0.14046929421651225	1.0626909752246234	0.9914012814622465	Lee_PRIMM_NL	0.15150035610968446	-0.2919696503261967	-0.15150035610968446	0	Lee_PRIMM_UK	-0.4128393279324604	0.3969186215958598
S2_BCN12_AS_NR	s__Actinomyces_SGB17163	0.10118496900392711	0.0	0.9914012814622465	Lee_PRIMM_UK	0.1067362347149569	0.207921203718884	0.1067362347149569	0	Lee_PRIMM_NL	0.22593670268885735	0.3024833352297574
S2_BCN12_AS_NR	s__Actinomyces_graevenitzii	-0.17190534035681262	60.19238605019629	0.9914012814622465	Matson_US	0.1857616707447776	-0.3576670111015902	-0.1857616707447776	0	Frankel_US	-0.8206111503180656	0.3730596860232139
S2_BCN12_AS_NR	s__Actinomyces_oris	-0.2861929880866042	29.093271948715067	0.9914012814622465	Lee_PRIMM_NL	0.09942248555851613	-0.38561547364512033	-0.09942248555851613	0	Lee_Manchester	-0.7698817875142079	0.3332409410867971
S2_BCN12_AS_NR	s__Actinomyces_sp_HMSC035G02	-0.2348226350841108	0.0	0.9914012814622465	Lee_PRIMM_NL	0.07865942687035099	-0.1561632082137598	0.07865942687035099	0	Lee_PRIMM_NL	-0.4062241760690569	0.46678617592806115
S2_BCN12_AS_NR	s__Actinomyces_sp_ph3	-0.31402759433407523	0.0	0.9914012814622465	Lee_Manchester	0.036350860711586885	-0.3503784550456621	-0.036350860711586885	0	Lee_PRIMM_UK	-0.3724393699756737	0.32344565760188076
S2_BCN12_AS_NR	s__Adlercreutzia_equolifaciens	-0.05760695796277985	56.80267409474102	0.9914012814622465	Matson_US	0.1138480643305981	0.056241106367818254	0.1138480643305981	1	Matson_US	-0.8463200150791936	0.20731804006346843
S2_BCN12_AS_NR	s__Alistipes_SGB2313	-0.09913836169358771	0.0	0.9914012814622465	Lee_PRIMM_UK	0.15432391385390531	-0.253462275547493	-0.15432391385390531	0	Lee_Manchester	-0.48076677173367677	0.4613459512196224
S2_BCN12_AS_NR	s__Alloscardovia_omnicolens	-0.11088183282457287	0.0	0.9914012814622465	Lee_PRIMM_UK	0.1705191129212828	-0.28140094574585567	-0.1705191129212828	1	Lee_PRIMM_NL	-0.3910659055943775	0.4000220652213102
S2_BCN12_AS_NR	s__Anaerococcus_SGB53821	-0.009553428617943522	13.834568566196149	0.9927638329902597	Spencer_US	0.20940982332474406	-0.2189632519426876	-0.20940982332474406	1	Matson_US	-0.3557644861629878	0.36540616705652934
S2_BCN12_AS_NR	s__Anaerofilum_sp_BX8	0.05307085250685109	0.0	0.9914012814622465	Lee_Leeds	0.03726470306281636	0.09033555556966745	0.03726470306281636	0	Lee_Leeds	-0.6413504717775551	0.46197021744318273
S2_BCN12_AS_NR	s__Anaerosacchariphilus_sp_NSJ_68	-0.37026781977031636	0.0	0.9914012814622465	Lee_PRIMM_UK	0.07096529541553181	-0.4412331151858482	-0.07096529541553181	0	Lee_Leeds	-0.8319671598288239	0.47128615513891875
S2_BCN12_AS_NR	s__Anaerotruncus_colihominis	-0.27620408732716206	0.0	0.9914012814622465	Gopalakrishnan_US	0.05109521103000744	-0.22510887629715462	0.05109521103000744	0	Gopalakrishnan_US	-0.8498119287898007	0.32749007531843966
S2_BCN12_AS_NR	s__Anaerotruncus_rubiinfantis	-0.12783853337027482	0.0	0.9914012814622465	Gopalakrishnan_US	0.043416295467158306	-0.17125482883743312	-0.043416295467158306	0	Gopalakrishnan_US	0.42268257283489796	0.18875342919598573
S2_BCN12_AS_NR	s__Bacteroides_caccae	0.08554556442481784	0.0	0.9914012814622465	Frankel_US	0.06904305898714756	0.01650250543767028	-0.06904305898714756	0	Frankel_US	0.6642126616787288	0.3328159682698136
S2_BCN12_AS_NR	s__Bacteroides_clarus	-0.24444300759851587	0.0	0.9914012814622465	Lee_PRIMM_UK	0.084878961269409	-0.32932196886792486	-0.084878961269409	0	Lee_Barcelona	0.5154567240404849	0.2373578881518768
S2_BCN12_AS_NR	s__Bacteroides_eggerthii	0.09460073947254095	64.1235496009382	0.9914012814622465	Lee_PRIMM_UK	0.13981036454256113	-0.045209625070020173	-0.13981036454256113	1	Lee_PRIMM_UK	0.8910487100219034	0.29140832998109356
S2_BCN12_AS_NR	s__Bacteroides_faecis	0.12887731743809872	0.0	0.9914012814622465	Lee_Leeds	0.028993978620594857	0.15787129605869357	0.028993978620594857	0	Lee_Leeds	-0.28087120251777903	0.226238788441072
S2_BCN12_AS_NR	s__Bacteroides_salyersiae	0.1713018623850925	0.0	0.9914012814622465	Spencer_US	0.06579190011893525	0.10550996226615726	-0.06579190011893525	0	Lee_Barcelona	0.9627086356264295	0.4961176902699239
S2_BCN12_AS_NR	s__Bifidobacterium_adolescentis	0.18078360757543788	46.64740755770717	0.9914012814622465	Lee_Leeds	0.09521862847917584	0.2760022360546137	0.09521862847917584	0	Lee_Leeds	-1.2124102838189603	0.26728927035687
S2_BCN12_AS_NR	s__Bifidobacterium_animalis	0.11697677812174005	0.0	0.9914012814622465	Frankel_US	0.0772941463274012	0.03968263179433885	-0.0772941463274012	0	Frankel_US	0.430288693026125	0.3909301189295734
S2_BCN12_AS_NR	s__Bifidobacterium_bifidum	0.18595707131230352	0.0	0.9914012814622465	Gopalakrishnan_US	0.04482263252852001	0.1411344387837835	-0.04482263252852001	0	Gopalakrishnan_US	0.762147074634578	0.40167794729179546
S2_BCN12_AS_NR	s__Bifidobacterium_longum	0.19531571928166358	1.430044089595424	0.9914012814622465	Lee_PRIMM_NL	0.07614586836407856	0.11916985091758502	-0.07614586836407856	0	Gopalakrishnan_US	0.6494162935910687	0.2330766894371002
S2_BCN12_AS_NR	s__Bilophila_wadsworthia	-0.05434820614974811	7.886402261343123	0.9914012814622465	Spencer_US	0.07047864537686645	-0.12482685152661456	-0.07047864537686645	1	Lee_Barcelona	1.0848137546182246	0.3887454970921645
S2_BCN12_AS_NR	s__Bittarella_massiliensis	-0.3129802467958604	0.0	0.9914012814622465	Lee_PRIMM_NL	0.10400475284903846	-0.20897549394682194	0.10400475284903846	0	Lee_PRIMM_NL	-0.6536920725601519	0.2864474593875773
S2_BCN12_AS_NR	s__Blautia_faecis	0.1392166710345315	0.0	0.9914012814622465	Matson_US	0.040103012221749806	0.1793196832562813	0.040103012221749806	0	Lee_Barcelona	0.4708217151074838	0.2133310703978873
S2_BCN12_AS_NR	s__Blautia_hydrogenotrophica	-0.1284789173761293	0.0	0.9914012814622465	Frankel_US	0.08147200551907863	-0.20995092289520792	-0.08147200551907863	0	Lee_Leeds	-0.7769793276054495	0.46715155821560966
S2_BCN12_AS_NR	s__Blautia_luti	0.03648930952263643	67.2465541147105	0.9914012814622465	Spencer_US	0.12323585601666912	0.15972516553930555	0.12323585601666912	1	Lee_Leeds	-0.8522380594745703	0.24727320724933588
S2_BCN12_AS_NR	s__Blautia_massiliensis	0.18913042929509066	0.0	0.9914012814622465	Lee_Manchester	0.051719974767550386	0.13741045452754028	-0.051719974767550386	0	Lee_Manchester	0.889319793002738	0.38157230324454855
S2_BCN12_AS_NR	s__Blautia_sp_Marseille_P3087	0.27541799996934047	10.36775387716123	0.9914012814622465	Lee_PRIMM_NL	0.1434945792896249	0.41891257925896536	0.1434945792896249	0	Frankel_US	0.6844182354123998	0.31462194076907984
S2_BCN12_AS_NR	s__Blautia_sp_OF03_15BH	0.1684490365798767	0.0	0.9914012814622465	Frankel_US	0.11824902898365092	0.2866980655635276	0.11824902898365092	0	Lee_Manchester	0.5392329699164747	0.2934401974693374
S2_BCN12_AS_NR	s__Butyricicoccus_sp_AM29_23AC	0.15588502198749354	19.079320484912678	0.9914012814622465	Lee_Manchester	0.07466131318740221	0.08122370880009133	-0.07466131318740221	0	Lee_Manchester	0.7775776967840718	0.35384091726605865
S2_BCN12_AS_NR	s__Candidatus_Catenibacterium_tridentinum	-0.10324654359840549	43.18211762788528	0.9914012814622465	Lee_PRIMM_UK	0.16711098161512597	-0.27035752521353146	-0.16711098161512597	0	Lee_PRIMM_UK	0.5264928474779034	0.3268712438389973
S2_BCN12_AS_NR	s__Catenibacterium_SGB4425	0.3071167417077184	15.269041846950316	0.9914012814622465	Lee_PRIMM_NL	0.15410835987026428	0.4612251015779827	0.15410835987026428	0	Lee_PRIMM_UK	0.6125158590861887	0.5064886569966797
S2_BCN12_AS_NR	s__Cellulomonas_flavigena	-0.07605235272446477	0.0	0.9914012814622465	Lee_PRIMM_UK	0.10106895470445705	-0.17712130742892182	-0.10106895470445705	0	Frankel_US	-0.33036271032896064	0.4099093807670731
S2_BCN12_AS_NR	s__Clostridium_fessum	0.14149173304248605	0.0	0.9914012814622465	Frankel_US	0.05901612294725031	0.08247561009523574	-0.05901612294725031	0	Frankel_US	0.6340662340423785	0.29819104071444824
S2_BCN12_AS_NR	s__Clostridium_paraputrificum	0.1465188968616704	54.082273265072565	0.9914012814622465	Lee_PRIMM_UK	0.20325373921334794	0.34977263607501835	0.20325373921334794	1	Lee_Leeds	0.7061171770938501	0.4043604804283545
S2_BCN12_AS_NR	s__Clostridium_sp_1001270H_150608_G6	0.24199576739766723	5.752941464371768	0.9914012814622465	Spencer_US	0.08006456548446497	0.3220603328821322	0.08006456548446497	0	Lee_Manchester	0.7620580898685269	0.2554912432358417
S2_BCN12_AS_NR	s__Clostridium_sp_1001270J_160509_D11	0.11261494748192154	0.0	0.9914012814622465	Lee_Manchester	0.05673702454036482	0.16935197202228636	0.05673702454036482	0	Lee_Manchester	-0.3332111931859111	0.24971636586544627
S2_BCN12_AS_NR	s__Clostridium_sp_AF12_28	-0.04742282658873166	0.0	0.9914012814622465	Spencer_US	0.1785739911995608	-0.22599681778829248	-0.1785739911995608	1	Lee_Manchester	-0.39294019501579386	0.23599134637189392
S2_BCN12_AS_NR	s__Clostridium_sp_AF20_17LB	0.07343736901162473	0.0	0.9914012814622465	Lee_PRIMM_UK	0.06512671243158435	0.1385640814432091	0.06512671243158435	0	Lee_Barcelona	0.36191616487276174	0.2184988172152547
S2_BCN12_AS_NR	s__Clostridium_sp_NSJ_42	0.2271358338909016	0.0	0.9914012814622465	Lee_Manchester	0.09556610950196429	0.3227019433928659	0.09556610950196429	0	Lee_Leeds	0.7799116027035827	0.40385517996332254
S2_BCN12_AS_NR	s__Collinsella_SGB14861	0.09697046923098254	0.0	0.9914012814622465	Lee_Barcelona	0.04149878649273267	0.1384692557237152	0.04149878649273267	0	Lee_Barcelona	-1.3262086540009062	0.4863364298882081
S2_BCN12_AS_NR	s__Collinsella_SGB14987	0.17516117769533582	0.0	0.9914012814622465	Frankel_US	0.043834444421757296	0.13132673327357852	-0.043834444421757296	0	Lee_Leeds	0.5574958971105546	0.48920028671743315
S2_BCN12_AS_NR	s__Collinsella_bouchesdurhonensis	0.12412124173793355	0.0	0.9914012814622465	Lee_PRIMM_NL	0.07330622559020313	0.19742746732813668	0.07330622559020313	0	Lee_Manchester	0.41192549508149584	0.4252783111155587
S2_BCN12_AS_NR	s__Coprococcus_SGB4669	-0.09777282138320177	0.0	0.9914012814622465	Spencer_US	0.041249161965610744	-0.05652365941759103	0.041249161965610744	0	Lee_Barcelona	0.28760173104351233	0.22534196396282866
S2_BCN12_AS_NR	s__Corynebacterium_durum	0.004045112869505491	0.0	0.9927638329902597	Lee_PRIMM_NL	0.10322822021854515	-0.09918310734903966	-0.10322822021854515	1	Frankel_US	-0.279749125141813	0.5313576314431556
S2_BCN12_AS_NR	s__Desulfovibrio_SGB5077	0.24186541629297173	9.582103427615497	0.9914012814622465	Spencer_US	0.1493285923067774	0.3911940085997491	0.1493285923067774	0	Matson_US	0.7141423230051357	0.4107344050531497
S2_BCN12_AS_NR	s__Desulfovibrio_piger	-0.09248920630108552	53.17043349148862	0.9914012814622465	Lee_Leeds	0.17588504393392407	0.08339583763283853	0.17588504393392407	1	Lee_Leeds	-1.3418279709650105	0.5395391069421567
S2_BCN12_AS_NR	s__Dorea_formicigenerans	0.23032403330456816	0.0	0.9914012814622465	Spencer_US	0.046698020223080644	0.2770220535276488	0.046698020223080644	0	Lee_Manchester	0.7334063831246992	0.28816661555596146
S2_BCN12_AS_NR	s__Eisenbergiella_massiliensis	0.0816856065298426	63.64708640965699	0.9914012814622465	Frankel_US	0.17762351108768631	-0.09593790455784372	-0.17762351108768631	1	Frankel_US	1.1434512668093775	0.409050208246048
S2_BCN12_AS_NR	s__Eisenbergiella_tayi	0.007145422062008729	0.0	0.9927638329902597	Lee_PRIMM_UK	0.05875567955525045	-0.05161025749324172	-0.05875567955525045	1	Lee_PRIMM_UK	0.31795674841608945	0.2884810525999148
S2_BCN12_AS_NR	s__Enterocloster_SGB14313	0.20262430125784306	0.648157932509773	0.9914012814622465	Lee_PRIMM_NL	0.15109499305307467	0.051529308204768406	-0.15109499305307467	0	Lee_PRIMM_NL	0.60980366866743	0.42684792614218015
S2_BCN12_AS_NR	s__Enterocloster_aldenensis	-0.06865874644483565	0.0	0.9914012814622465	Lee_Leeds	0.04846603247876362	-0.11712477892359927	-0.04846603247876362	0	Lee_Leeds	0.6054024586777359	0.36588788188312876
S2_BCN12_AS_NR	s__Enterocloster_asparagiformis	-0.2126584399059231	33.122798258221195	0.9914012814622465	Frankel_US	0.134421095037911	-0.3470795349438341	-0.134421095037911	0	Gopalakrishnan_US	-0.9973234490151835	0.6739748902108833
S2_BCN12_AS_NR	s__Enterocloster_bolteae	-0.18870532238057022	0.0	0.9914012814622465	Lee_PRIMM_UK	0.08888963442316176	-0.09981568795740846	0.08888963442316176	0	Lee_PRIMM_UK	-0.6996869509579812	0.28571883778704243
S2_BCN12_AS_NR	s__Enterococcus_SGB6173	0.20271378577408236	0.0	0.9914012814622465	Lee_PRIMM_UK	0.19658783036345234	0.006125955410630029	-0.19658783036345234	0	Lee_PRIMM_UK	0.5229431472856326	0.6349038470914267
S2_BCN12_AS_NR	s__Erysipelatoclostridium_ramosum	-0.14483625369405265	0.0	0.9914012814622465	Lee_Leeds	0.05575296480874298	-0.20058921850279562	-0.05575296480874298	0	Lee_Leeds	0.9030018854156483	0.3689804600380151
S2_BCN12_AS_NR	s__Eubacterium_sp_AF16_48	-0.20819765765619658	0.0	0.9914012814622465	Spencer_US	0.0446800861000545	-0.16351757155614208	0.0446800861000545	0	Lee_Manchester	-0.682494134672299	0.3501316558318164
S2_BCN12_AS_NR	s__Faecalibacillus_intestinalis	0.28282697150595215	0.0	0.9914012814622465	Matson_US	0.048866608443148496	0.33169357994910065	0.048866608443148496	0	Gopalakrishnan_US	0.726537893814339	0.22639327663510392
S2_BCN12_AS_NR	s__Faecalibacterium_SGB15346	0.16945703904476708	0.0	0.9914012814622465	Spencer_US	0.045066280099889944	0.21452331914465703	0.045066280099889944	0	Lee_Barcelona	-0.49653279674721035	0.22380088650474103
S2_BCN12_AS_NR	s__Faecalicatena_contorta	0.27453586154817655	0.0	0.9914012814622465	Lee_PRIMM_NL	0.0955974845160853	0.37013334606426185	0.0955974845160853	0	Lee_Manchester	0.6798068118387164	0.41821005360303737
S2_BCN12_AS_NR	s__Fusicatenibacter_saccharivorans	0.20451464363546681	0.0	0.9914012814622465	Lee_PRIMM_UK	0.042661768839487274	0.16185287479597954	-0.042661768839487274	0	Lee_Manchester	0.6350601748215342	0.26952475539604553
S2_BCN12_AS_NR	s__GGB10692_SGB17347	0.13749063000123937	0.0	0.9914012814622465	Lee_PRIMM_NL	0.05929402130224937	0.19678465130348874	0.05929402130224937	0	Frankel_US	0.21746237755432288	0.37579611058914747
S2_BCN12_AS_NR	s__GGB14025_SGB14906	0.27436475864128057	0.0	0.9914012814622465	Lee_Manchester	0.057691861294047686	0.21667289734723288	-0.057691861294047686	0	Lee_Manchester	0.7547534823856163	0.42386190748602126
S2_BCN12_AS_NR	s__GGB3034_SGB4030	0.18579138765648937	0.0	0.9914012814622465	Lee_PRIMM_NL	0.10447486487583725	0.08131652278065211	-0.10447486487583725	0	Lee_PRIMM_NL	0.4710516858157601	0.3591004111321901
S2_BCN12_AS_NR	s__GGB3109_SGB4119	0.09183662406648663	0.0	0.9914012814622465	Gopalakrishnan_US	0.0674270937830906	0.024409530283396028	-0.0674270937830906	0	Gopalakrishnan_US	0.4430752111081643	0.8337421783779448
S2_BCN12_AS_NR	s__GGB3277_SGB4327	-0.1427178727664239	0.0	0.9914012814622465	Lee_PRIMM_UK	0.10044022416885529	-0.042277648597568614	0.10044022416885529	0	Lee_PRIMM_UK	-0.4304113952130675	0.3684109577094502
S2_BCN12_AS_NR	s__GGB3304_SGB4367	0.07047190958687129	0.0	0.9914012814622465	Lee_PRIMM_UK	0.08370262969790063	-0.013230720111029342	-0.08370262969790063	1	Lee_PRIMM_UK	0.4162947256878811	0.33515607536174497
S2_BCN12_AS_NR	s__GGB3444_SGB4594	-0.20843058233878325	2.0415433592180836	0.9914012814622465	Matson_US	0.07686362474163494	-0.2852942070804182	-0.07686362474163494	0	Lee_Leeds	-0.9957169991970487	0.5818171063029551
S2_BCN12_AS_NR	s__GGB3475_SGB4638	0.1308568906789167	0.0	0.9914012814622465	Spencer_US	0.16281848323010434	0.29367537390902104	0.16281848323010434	0	Frankel_US	0.40657349157362965	0.37912756542350073
S2_BCN12_AS_NR	s__GGB3534_SGB4722	-0.08139498362789306	0.0	0.9914012814622465	Lee_PRIMM_NL	0.035212098080899576	-0.046182885546993485	0.035212098080899576	0	Lee_Leeds	0.31309899264329183	0.31085299225686436
S2_BCN12_AS_NR	s__GGB3570_SGB4777	0.14684802401502303	0.0	0.9914012814622465	Lee_PRIMM_UK	0.1407671290009771	0.006080895014045926	-0.1407671290009771	0	Lee_PRIMM_UK	0.5213843650886311	0.5409315817984476
S2_BCN12_AS_NR	s__GGB3602_SGB4574	0.0814565021492804	0.0	0.9914012814622465	Matson_US	0.09047861111714654	0.17193511326642694	0.09047861111714654	0	Gopalakrishnan_US	0.38630963538907964	0.4232441194013742
S2_BCN12_AS_NR	s__GGB45491_SGB63163	-0.12607202038575618	0.0	0.9914012814622465	Frankel_US	0.07378501394707532	-0.1998570343328315	-0.07378501394707532	0	Matson_US	-0.3430969488155798	0.28722138355624033
S2_BCN12_AS_NR	s__GGB45495_SGB63167	0.005064198461828188	53.50445785872435	0.9927638329902597	Lee_Manchester	0.20787436820945016	0.21293856667127833	0.20787436820945016	1	Lee_Manchester	-0.8998427374964737	0.4783868056446869
S2_BCN12_AS_NR	s__GGB51510_SGB71883	-0.06428126062035001	0.0	0.9914012814622465	Spencer_US	0.09050026628701745	0.02621900566666743	0.09050026628701745	1	Matson_US	0.24792410590287434	0.39633919683435365
S2_BCN12_AS_NR	s__GGB80011_SGB15265	0.09851294202953334	22.552236727260773	0.9914012814622465	Matson_US	0.08915194928245312	0.18766489131198646	0.08915194928245312	0	Lee_Leeds	-0.6517633282288956	0.2457000727239941
S2_BCN12_AS_NR	s__GGB80011_SGB15267	-0.14320846712063698	0.0	0.9914012814622465	Lee_Manchester	0.07325053352692301	-0.21645900064756	-0.07325053352692301	0	Lee_Manchester	0.27242366497103804	0.2949901693082409
S2_BCN12_AS_NR	s__GGB80140_SGB15224	0.13393150792530567	0.0	0.9914012814622465	Lee_PRIMM_UK	0.07033359616045202	0.06359791176485365	-0.07033359616045202	0	Lee_Barcelona	-0.7615421410741193	0.36121999865163074
S2_BCN12_AS_NR	s__GGB9063_SGB13982	-0.1988192912159606	28.20948137890133	0.9914012814622465	Matson_US	0.13935725174903224	-0.33817654296499283	-0.13935725174903224	0	Lee_Barcelona	-0.9344989683531749	0.3527098241871256
S2_BCN12_AS_NR	s__GGB9176_SGB14114	0.20400564388277548	11.428105163103787	0.9914012814622465	Lee_PRIMM_NL	0.06818732419759385	0.13581831968518163	-0.06818732419759385	0	Gopalakrishnan_US	0.7372998131006138	0.22526526815256154
S2_BCN12_AS_NR	s__GGB9293_SGB14250	0.24998797769930794	0.0	0.9914012814622465	Lee_PRIMM_UK	0.09444749698182409	0.15554048071748386	-0.09444749698182409	0	Lee_PRIMM_UK	0.4982559588907008	0.3186196280946835
S2_BCN12_AS_NR	s__GGB9345_SGB14311	0.20226810520523397	12.841708940762006	0.9914012814622465	Lee_PRIMM_UK	0.06617148504365383	0.13609662016158014	-0.06617148504365383	0	Lee_Barcelona	-1.2144857293187936	0.3513901071005744
S2_BCN12_AS_NR	s__GGB9474_SGB14868	-0.09095299620560318	57.90141338880276	0.9914012814622465	Frankel_US	0.2638790016375019	-0.35483199784310504	-0.2638790016375019	1	Frankel_US	0.6785252179374032	0.39707029529726445
S2_BCN12_AS_NR	s__GGB9480_SGB14874	-0.1457726216132566	0.0	0.9914012814622465	Frankel_US	0.06078806599620046	-0.20656068760945706	-0.06078806599620046	0	Matson_US	-0.2970270900862479	0.2880147950244934
S2_BCN12_AS_NR	s__GGB9495_SGB14892	-0.13986147423513734	0.0	0.9914012814622465	Lee_PRIMM_UK	0.02878726189873504	-0.16864873613387238	-0.02878726189873504	0	Frankel_US	-0.28132705367033795	0.4715395065707533
S2_BCN12_AS_NR	s__GGB9524_SGB14924	0.07176339677820129	42.614007915691815	0.9914012814622465	Frankel_US	0.14014300358344342	0.2119064003616447	0.14014300358344342	0	Frankel_US	-0.7317048536715615	0.25642071869565297
S2_BCN12_AS_NR	s__GGB9616_SGB15051	-0.2075083984973714	0.0	0.9914012814622465	Lee_Manchester	0.08045137130258057	-0.28795976979995197	-0.08045137130258057	0	Lee_Barcelona	-0.6531506611917535	0.32593903547490766
S2_BCN12_AS_NR	s__GGB9621_SGB15073	-0.12508752228521483	0.0	0.9914012814622465	Spencer_US	0.1027716379782525	-0.22785916026346734	-0.1027716379782525	0	Lee_Leeds	-0.7189463856432561	0.31603312302082903
S2_BCN12_AS_NR	s__GGB9627_SGB15081	0.17458238926771108	0.0	0.9914012814622465	Matson_US	0.07074278550380544	0.10383960376390564	-0.07074278550380544	0	Matson_US	0.6934471526260216	0.32826230244593124
S2_BCN12_AS_NR	s__GGB9642_SGB15119	-0.21623141462391457	0.0	0.9914012814622465	Lee_PRIMM_UK	0.08334514045005129	-0.29957655507396586	-0.08334514045005129	0	Lee_Leeds	-0.9044781642918165	0.5743210269107403
S2_BCN12_AS_NR	s__GGB9694_SGB15204	0.20857332761590697	0.0	0.9914012814622465	Lee_PRIMM_UK	0.05811341004835413	0.2666867376642611	0.05811341004835413	0	Matson_US	0.45078771707744203	0.3806974195720218
S2_BCN12_AS_NR	s__GGB9719_SGB15273	0.057833143606208025	0.0	0.9914012814622465	Lee_PRIMM_NL	0.07476169135256983	0.13259483495877786	0.07476169135256983	0	Lee_PRIMM_NL	-0.32415149736953996	0.25226037891286374
S2_BCN12_AS_NR	s__GGB9719_SGB53514	-0.006041281664064539	0.0	0.9927638329902597	Frankel_US	0.06304037481846748	0.05699909315440295	0.06304037481846748	1	Lee_Barcelona	0.2716357107176786	0.500418690270748
S2_BCN12_AS_NR	s__GGB9759_SGB15370	0.21434695794148062	0.0	0.9914012814622465	Frankel_US	0.02744573336638359	0.18690122457509703	-0.02744573336638359	0	Frankel_US	0.4180022499388857	0.21556849468115502
S2_BCN12_AS_NR	s__GGB9767_SGB15385	-0.0356857202126793	52.121571676710346	0.9914012814622465	Lee_PRIMM_UK	0.1470168711331913	-0.1827025913458706	-0.1470168711331913	1	Lee_Manchester	-0.6401851225130712	0.31407403942671763
S2_BCN12_AS_NR	s__GGB9781_SGB15402	0.09318130231705442	0.0	0.9914012814622465	Lee_PRIMM_UK	0.04618021629918786	0.04700108601786656	-0.04618021629918786	0	Lee_PRIMM_UK	0.24523039108370046	0.4857680096827545
S2_BCN12_AS_NR	s__GGB9782_SGB15403	-0.10009195062911294	27.353163251695946	0.9914012814622465	Lee_PRIMM_NL	0.12424375129348805	-0.224335701922601	-0.12424375129348805	1	Lee_Barcelona	-1.1881865519242656	0.5850114204338354
S2_BCN12_AS_NR	s__Gordonibacter_pamelaeae	-0.1283763264646773	26.088652141538386	0.9914012814622465	Lee_PRIMM_NL	0.1331535660707391	-0.2615298925354164	-0.1331535660707391	1	Matson_US	-0.7849214971499117	0.37904693096009917
S2_BCN12_AS_NR	s__Haemophilus_parainfluenzae	-0.058486769273774615	52.60936764522237	0.9914012814622465	Lee_PRIMM_UK	0.13051406197028598	0.07202729269651137	0.13051406197028598	1	Lee_PRIMM_UK	-0.8959438398529346	0.3280966964160013
S2_BCN12_AS_NR	s__Harryflintia_acetispora	0.13191048790886464	0.0	0.9914012814622465	Lee_PRIMM_UK	0.05505030985172024	0.18696079776058488	0.05505030985172024	0	Lee_Barcelona	0.6020162650628527	0.34055151688764856
S2_BCN12_AS_NR	s__Holdemania_filiformis	-0.08874290101633245	57.438902957629445	0.9914012814622465	Spencer_US	0.11300320311352757	-0.20174610412986002	-0.11300320311352757	0	Lee_Manchester	-0.8069110671177159	0.2091409958046989
S2_BCN12_AS_NR	s__Holdemania_massiliensis	-0.26834455293236575	0.0	0.9914012814622465	Spencer_US	0.07229439771875218	-0.19605015521361358	0.07229439771875218	0	Spencer_US	-0.4210445771060383	0.23004469531595143
S2_BCN12_AS_NR	s__Hungatella_hathewayi	-0.22589605664519788	0.0	0.9914012814622465	Spencer_US	0.05608559968383289	-0.28198165632903077	-0.05608559968383289	0	Lee_PRIMM_NL	-0.47825548009679186	0.21742019284682979
S2_BCN12_AS_NR	s__Klebsiella_pneumoniae	-0.03781367180087146	60.356427232887874	0.9914012814622465	Lee_Manchester	0.11885982095168694	-0.1566734927525584	-0.11885982095168694	1	Lee_Manchester	1.1557925327616765	0.3748269520339641
S2_BCN12_AS_NR	s__Lachnotalea_sp_AF33_28	-0.20428965298405902	0.0	0.9914012814622465	Matson_US	0.05194097508813264	-0.15234867789592638	0.05194097508813264	0	Matson_US	-0.5169156710467935	0.43450614434568485
S2_BCN12_AS_NR	s__Lacrimispora_celerecrescens	0.2420762871380336	0.0	0.9914012814622465	Spencer_US	0.07281431516682799	0.3148906023048616	0.07281431516682799	0	Lee_PRIMM_UK	0.6146499582616471	0.22566138824746887
S2_BCN12_AS_NR	s__Lactococcus_lactis	0.2200643404549464	0.0	0.9914012814622465	Matson_US	0.06026756954399473	0.28033190999894114	0.06026756954399473	0	Lee_Leeds	0.5339066577740328	0.307014085912597
S2_BCN12_AS_NR	s__Lactonifactor_sp_BIOML_A6	-0.18681970179216184	0.0	0.9914012814622465	Lee_PRIMM_UK	0.029672628579874738	-0.1571470732122871	0.029672628579874738	0	Lee_PRIMM_UK	-0.2432532449241118	0.3349563313478183
S2_BCN12_AS_NR	s__Lancefieldella_parvula	-0.33403911981764195	0.0	0.9914012814622465	Frankel_US	0.10376771636011367	-0.23027140345752828	0.10376771636011367	0	Frankel_US	-0.7741154546849774	0.49286452550615434
S2_BCN12_AS_NR	s__Longicatena_caecimuris	0.12680451571050663	0.0	0.9914012814622465	Spencer_US	0.07617906793400286	0.2029835836445095	0.07617906793400286	0	Frankel_US	0.42196988888278614	0.36845740198947124
S2_BCN12_AS_NR	s__Massilimicrobiota_sp_An134	0.0058366412558289085	51.006527883758444	0.9927638329902597	Lee_PRIMM_NL	0.1361084105446977	0.1419450518005266	0.1361084105446977	1	Lee_Leeds	0.8766024545430693	0.41878549711747187
S2_BCN12_AS_NR	s__Massilimicrobiota_timonensis	-0.21983342268434442	0.0	0.9914012814622465	Lee_PRIMM_NL	0.09749672148176206	-0.12233670120258236	0.09749672148176206	0	Lee_PRIMM_NL	-0.5007955987775622	0.36616074935891235
S2_BCN12_AS_NR	s__Mediterraneibacter_butyricigenes	0.18937005212881172	21.476615514524962	0.9914012814622465	Lee_PRIMM_UK	0.11451805976922408	0.07485199235958764	-0.11451805976922408	0	Lee_PRIMM_UK	0.9170873397934556	0.4443173629494931
S2_BCN12_AS_NR	s__Mogibacterium_kristiansenii	-0.07129331044389471	63.5287664270222	0.9914012814622465	Lee_Manchester	0.2550147358384158	-0.32630804628231047	-0.2550147358384158	1	Lee_Manchester	0.8158780753443641	0.42106453394562565
S2_BCN12_AS_NR	s__Oscillibacter_sp_NSJ_62	-0.10139912296238433	0.0	0.9914012814622465	Lee_PRIMM_UK	0.05694848949869044	-0.04445063346369389	0.05694848949869044	0	Lee_PRIMM_UK	-0.24109796465055014	0.6294733216701416
S2_BCN12_AS_NR	s__Parabacteroides_merdae	0.2509794596102472	11.48542674658925	0.9914012814622465	Gopalakrishnan_US	0.07131416516934758	0.3222936247795948	0.07131416516934758	0	Gopalakrishnan_US	-0.6741928754047419	0.18844033900145402
S2_BCN12_AS_NR	s__Phascolarctobacterium_SGB4573	-0.10690534014692896	56.60269037705143	0.9914012814622465	Gopalakrishnan_US	0.13725305730096235	0.030347717154033386	0.13725305730096235	1	Gopalakrishnan_US	-0.8856317235851967	0.45159470533439017
S2_BCN12_AS_NR	s__Phocaeicola_vulgatus	0.18281325751072008	3.0025100443544726	0.9914012814622465	Spencer_US	0.0750552269504032	0.10775803056031688	-0.0750552269504032	0	Lee_Leeds	-0.8819606938324402	0.27936340138347676
S2_BCN12_AS_NR	s__Pseudoflavonifractor_gallinarum	-0.12544049021529857	23.980853989178897	0.9914012814622465	Frankel_US	0.13790106257425444	-0.263341552789553	-0.13790106257425444	0	Gopalakrishnan_US	-0.49585575073482246	0.2931734444929653
S2_BCN12_AS_NR	s__Pseudoflavonifractor_sp_An184	-0.07549487856583677	45.33323200253297	0.9914012814622465	Spencer_US	0.1899736277256693	0.11447874915983254	0.1899736277256693	1	Lee_Leeds	1.00426630535532	0.6366417016000349
S2_BCN12_AS_NR	s__Raoultibacter_massiliensis	0.06839111109782701	0.0	0.9914012814622465	Lee_PRIMM_NL	0.0703368793612615	0.1387279904590885	0.0703368793612615	0	Lee_Manchester	0.1850310496433467	0.35482941319076505
S2_BCN12_AS_NR	s__Romboutsia_timonensis	0.09680181215229115	50.582137519202455	0.9914012814622465	Lee_PRIMM_NL	0.11383060201190068	-0.017028789859609518	-0.11383060201190068	1	Lee_PRIMM_NL	0.8921274692232735	0.2525352892059034
S2_BCN12_AS_NR	s__Roseburia_faecis	0.24073105151469615	0.0	0.9914012814622465	Spencer_US	0.05386021522436024	0.1868708362903359	-0.05386021522436024	0	Lee_Barcelona	-0.7264886426462618	0.24239309058875977
S2_BCN12_AS_NR	s__Roseburia_hominis	0.18138394094574145	0.0	0.9914012814622465	Matson_US	0.051918172776661886	0.23330211372240334	0.051918172776661886	0	Lee_PRIMM_UK	0.4606951445268849	0.22882992007979208
S2_BCN12_AS_NR	s__Roseburia_sp_AF02_12	-0.055402529958486484	65.68036695420001	0.9914012814622465	Lee_Leeds	0.13950494999143037	0.0841024200329439	0.13950494999143037	1	Lee_Leeds	-1.6384057015739972	0.3208562345882684
S2_BCN12_AS_NR	s__Rothia_mucilaginosa	-0.11665621826752363	0.0	0.9914012814622465	Lee_Manchester	0.050178433947609416	-0.16683465221513305	-0.050178433947609416	0	Lee_Manchester	0.4379940070008758	0.27749842340533665
S2_BCN12_AS_NR	s__Ruminococcus_SGB4421	0.037969734129474214	0.0	0.9914012814622465	Gopalakrishnan_US	0.08576898435763551	0.12373871848710973	0.08576898435763551	1	Gopalakrishnan_US	-0.5111720744616471	0.35699262255832015
S2_BCN12_AS_NR	s__Ruminococcus_sp_AF46_10NS	0.09940164767386331	0.0	0.9914012814622465	Lee_Manchester	0.06756407915877585	0.031837568515087455	-0.06756407915877585	0	Lee_Manchester	0.4937656834993462	0.8497373986396138
S2_BCN12_AS_NR	s__Scardovia_wiggsiae	-0.31626741251489826	0.0	0.9914012814622465	Lee_PRIMM_NL	0.10214904634184452	-0.4184164588567428	-0.10214904634184452	0	Lee_Manchester	-0.7914727591774435	0.4923649918499772
S2_BCN12_AS_NR	s__Solobacterium_SGB6829	0.0483002637503628	50.82732557634141	0.9914012814622465	Frankel_US	0.17804393333282434	0.22634419708318715	0.17804393333282434	1	Lee_Leeds	0.9139067574012734	0.49821655573693857
S2_BCN12_AS_NR	s__Streptococcus_SGB14888	-0.3176806479609405	0.0	0.9914012814622465	Frankel_US	0.09272648621949686	-0.41040713418043734	-0.09272648621949686	0	Matson_US	-0.5231953149153465	0.2331409868363376
S2_BCN12_AS_NR	s__Streptococcus_oralis	-0.18686618239387268	0.0	0.9914012814622465	Lee_PRIMM_NL	0.08004883021077422	-0.2669150126046469	-0.08004883021077422	0	Lee_PRIMM_UK	-0.36508924213184196	0.3824420038752095
S2_BCN12_AS_NR	s__Streptococcus_parasanguinis	-0.15588814604061318	0.0	0.9914012814622465	Frankel_US	0.03993699287264395	-0.11595115316796924	0.03993699287264395	0	Lee_Barcelona	0.6101687855243846	0.25586389529708964
S2_BCN12_AS_NR	s__Sutterella_wadsworthensis	-0.19206605487730227	0.0	0.9914012814622465	Lee_PRIMM_NL	0.031811841328706236	-0.16025421354859604	0.031811841328706236	0	Lee_Barcelona	-0.8606833281263702	0.37432061234311365
S2_BCN12_AS_NR	s__Veillonella_atypica	-0.382232005002668	0.0	0.9914012814622465	Matson_US	0.07187109073510112	-0.45410309573776914	-0.07187109073510112	0	Gopalakrishnan_US	-0.6519586337574625	0.31511846250882797
S2_BCN12_AS_NR	s__Veillonella_dispar	-0.22311085101245837	40.09574207315955	0.9914012814622465	Matson_US	0.13486536528609233	-0.3579762162985507	-0.13486536528609233	0	Lee_PRIMM_UK	-0.7614714334743955	0.2668750908097383
S2_BCN12_AS_NR	s__Veillonella_parvula	-0.3213826237659579	14.436139226912772	0.9914012814622465	Matson_US	0.10340180988477171	-0.4247844336507296	-0.10340180988477171	0	Gopalakrishnan_US	-0.7735023700483389	0.20261972792698138
S2_BCN12_AS_NR	s__Veillonella_rogosae	-0.32145734742344345	0.0	0.9914012814622465	Lee_PRIMM_UK	0.08976448669089818	-0.23169286073254527	0.08976448669089818	0	Lee_PRIMM_UK	-0.4711123634963726	0.4387590667996107
S2_BCN12_AS_NR	s__Vescimonas_coprocola	-0.16646624486379133	51.94417397739358	0.9914012814622465	Lee_PRIMM_UK	0.12219327040756503	-0.04427297445622629	0.12219327040756503	0	Lee_Leeds	-0.9526593721123705	0.2601916275120492
S2_BCN12_AS_NR	s__Vescimonas_fastidiosa	-0.12372786951903376	0.0	0.9914012814622465	Lee_PRIMM_NL	0.06256160359662864	-0.1862894731156624	-0.06256160359662864	0	Frankel_US	-0.33363391776336143	0.5438438189696344
S2_BCN12_AS_NR	s__Clostridium_SGB4648	0.14887259845983955	0.0	0.9914012814622465	Gopalakrishnan_US	0.05151340528782791	0.09735919317201164	-0.05151340528782791	0	Gopalakrishnan_US	0.7520792814601257	0.306220451357411
S2_BCN12_AS_NR	s__GGB3033_SGB4029	0.2037362864581459	0.0	0.9914012814622465	Lee_Leeds	0.031208781231713473	0.23494506768985937	0.031208781231713473	0	Gopalakrishnan_US	0.3923420744793409	0.30067084286269646
S2_BCN12_AS_NR	s__Enterococcus_faecium	0.1036561274136307	68.1208054654848	0.9914012814622465	Matson_US	0.23595066508409945	-0.13229453767046875	-0.23595066508409945	1	Matson_US	0.920282975418023	0.5026710107545033
S2_BCN12_AS_NR	s__GGB2998_SGB3989	0.31247581998500046	0.0	0.9914012814622465	Lee_PRIMM_UK	0.07514166389080842	0.23733415609419203	-0.07514166389080842	0	Lee_PRIMM_UK	0.5080423368210543	0.33569690574460104
S2_BCN12_AS_NR	s__GGB3593_SGB4817	0.29494236823136083	56.69434573564941	0.9914012814622465	Lee_PRIMM_NL	0.18250220826980906	0.4774445765011699	0.18250220826980906	0	Lee_Manchester	0.9829231815520272	0.5368825330157906
S2_BCN12_AS_NR	s__GGB6612_SGB9346	-0.07701297851054031	37.15532660891508	0.9914012814622465	Lee_PRIMM_UK	0.23488635445763204	-0.31189933296817235	-0.23488635445763204	1	Matson_US	-0.4252126862458738	0.35589676785038504
S2_BCN12_AS_NR	s__Bifidobacterium_catenulatum	0.3571698207511646	23.18264760618209	0.9914012814622465	Lee_PRIMM_UK	0.1571812443446728	0.1999885764064918	-0.1571812443446728	0	Lee_PRIMM_UK	0.7404226509746931	0.5600957652331536
S2_BCN12_AS_NR	s__GGB2958_SGB3940	0.33236945285431235	53.01437822309417	0.9914012814622465	Lee_PRIMM_UK	0.2536245097743708	0.07874494307994158	-0.2536245097743708	0	Lee_PRIMM_UK	0.8836524814309302	0.5367035182395058
S2_BCN12_AS_NR	s__GGB3321_SGB4394	-0.3637267629720562	51.80219081939386	0.9914012814622465	Lee_Barcelona	0.19817762930765537	-0.16554913366440083	0.19817762930765537	0	Lee_Barcelona	-1.637194695787352	0.5219224192756723
S2_BCN12_AS_NR	s__GGB3588_SGB4808	0.2841036592854662	0.0	0.9914012814622465	Lee_Leeds	0.01791276672161063	0.30201642600707684	0.01791276672161063	0	Lee_Manchester	0.32360812167444963	0.3016735838074085
S2_BCN12_AS_NR	s__GGB9618_SGB15065	-0.09885770126878915	0.0	0.9914012814622465	Lee_PRIMM_NL	0.1665160445718237	-0.26537374584061285	-0.1665160445718237	0	Lee_Manchester	-0.5063217192623362	0.28689476052113133
S2_BCN12_AS_NR	s__GGB9737_SGB15309	0.13077448333228026	0.0	0.9914012814622465	Lee_PRIMM_UK	0.11659769645957149	0.24737217979185175	0.11659769645957149	0	Lee_Manchester	0.44146043621054504	0.45729141510035304
S2_BCN12_AS_NR	s__GGB9766_SGB15383	0.1523311943094388	0.0	0.9914012814622465	Lee_PRIMM_UK	0.07549059772524877	0.07684059658419004	-0.07549059772524877	0	Lee_Barcelona	-0.3577955135705659	0.4133301774970874
S2_BCN12_AS_NR	s__GGB9786_SGB15409	0.02796086996092866	53.56689988562431	0.9914012814622465	Lee_Manchester	0.19864588654343826	0.22660675650436693	0.19864588654343826	1	Lee_Manchester	-0.7492414198130918	0.4651506366753668
S2_BCN12_AS_NR	s__GGB9790_SGB15413	0.1989801031740858	0.0	0.9914012814622465	Lee_PRIMM_UK	0.018864910191298434	0.18011519298278736	-0.018864910191298434	0	Lee_PRIMM_UK	0.23416839564908826	0.33048618918840267
S2_BCN12_AS_NR	s__GGB3815_SGB5180	-0.16222069918489032	0.0	0.9914012814622465	Lee_PRIMM_NL	0.11204597972936259	-0.05017471945552773	0.11204597972936259	0	Lee_PRIMM_NL	-0.2785534745217716	0.4506489567604929
S3_EXCLUDE_LEE_SITES	s__Actinomyces_SGB17157	-0.14046929421651225	1.0626909752246234	0.9979483100114088	Lee_PRIMM_NL	0.15150035610968446	-0.2919696503261967	-0.15150035610968446	0	Lee_PRIMM_UK	-0.4128393279324604	0.3969186215958598
S3_EXCLUDE_LEE_SITES	s__Actinomyces_graevenitzii	-0.23447489821879336	67.42898871453849	0.9979483100114088	Matson_US	0.21633354288987444	-0.4508084411086678	-0.21633354288987444	0	Frankel_US	-0.8206111503180656	0.3995006508731321
S3_EXCLUDE_LEE_SITES	s__Actinomyces_sp_ICM47	0.16126375441940294	0.0	0.9979483100114088	Frankel_US	0.05446238784308366	0.2157261422624866	0.05446238784308366	0	Matson_US	0.3182483031298868	0.32218478696795905
S3_EXCLUDE_LEE_SITES	s__Actinomyces_sp_ICM58	0.08258578708873568	0.0	0.9979483100114088	Lee_PRIMM_UK	0.1016294907792159	-0.01904370369048023	-0.1016294907792159	1	Lee_PRIMM_UK	0.33257139606320685	0.3961148097190492
S3_EXCLUDE_LEE_SITES	s__Adlercreutzia_equolifaciens	-0.1326000978329164	61.244527347257126	0.9979483100114088	Matson_US	0.12923819176121876	-0.0033619060716976587	0.12923819176121876	0	Matson_US	-0.8463200150791936	0.26464486846805657
S3_EXCLUDE_LEE_SITES	s__Alloscardovia_omnicolens	-0.11088183282457287	0.0	0.9979483100114088	Lee_PRIMM_UK	0.1705191129212828	-0.28140094574585567	-0.1705191129212828	1	Lee_PRIMM_NL	-0.3910659055943775	0.4000220652213102
S3_EXCLUDE_LEE_SITES	s__Anaerococcus_SGB53821	-0.009553428617943522	13.834568566196149	0.9979483100114088	Spencer_US	0.20940982332474406	-0.2189632519426876	-0.20940982332474406	1	Matson_US	-0.3557644861629878	0.36540616705652934
S3_EXCLUDE_LEE_SITES	s__Anaerofilum_sp_BX8	0.05059220046876601	0.0	0.9979483100114088	Lee_Leeds	0.04202912779054927	0.09262132825931528	0.04202912779054927	0	Lee_Leeds	-0.6413504717775551	0.5714319494158296
S3_EXCLUDE_LEE_SITES	s__Anaerosacchariphilus_sp_NSJ_68	-0.37026781977031636	0.0	0.9979483100114088	Lee_PRIMM_UK	0.07096529541553181	-0.4412331151858482	-0.07096529541553181	0	Lee_Leeds	-0.8319671598288239	0.47128615513891875
S3_EXCLUDE_LEE_SITES	s__Anaerotruncus_colihominis	-0.26305658263705634	0.0	0.9979483100114088	Gopalakrishnan_US	0.06095919513609391	-0.20209738750096243	0.06095919513609391	0	Gopalakrishnan_US	-0.8498119287898007	0.45146492919917747
S3_EXCLUDE_LEE_SITES	s__Anaerotruncus_rubiinfantis	-0.1255659050947931	0.0	0.9979483100114088	Gopalakrishnan_US	0.04900019378856038	-0.17456609888335348	-0.04900019378856038	0	Gopalakrishnan_US	0.42268257283489796	0.28658429123853413
S3_EXCLUDE_LEE_SITES	s__Bacteroides_clarus	-0.269970862490605	0.0	0.9979483100114088	Lee_PRIMM_UK	0.12604000450743785	-0.39601086699804283	-0.12604000450743785	0	Lee_Leeds	-0.5032362912203392	0.41069713538027514
S3_EXCLUDE_LEE_SITES	s__Bacteroides_eggerthii	0.18480553300967725	73.32502482362406	0.9979483100114088	Lee_PRIMM_UK	0.1744744313703255	0.010331101639351751	-0.1744744313703255	0	Lee_PRIMM_UK	0.8910487100219034	0.34762871656248207
S3_EXCLUDE_LEE_SITES	s__Bacteroides_faecis	0.1192609054998119	0.0	0.9979483100114088	Lee_Leeds	0.03145129827262415	0.15071220377243605	0.03145129827262415	0	Lee_Leeds	-0.28087120251777903	0.2756313392313127
S3_EXCLUDE_LEE_SITES	s__Bacteroides_salyersiae	0.19210558013485496	0.0	0.9979483100114088	Spencer_US	0.07167941906119546	0.1204261610736595	-0.07167941906119546	0	Spencer_US	0.3093626833827811	0.4756422582639417
S3_EXCLUDE_LEE_SITES	s__Bifidobacterium_adolescentis	0.2259030972319288	48.6591928044044	0.9979483100114088	Lee_Leeds	0.09217980898501299	0.3180829062169418	0.09217980898501299	0	Lee_Leeds	-1.2124102838189603	0.3637296024615624
S3_EXCLUDE_LEE_SITES	s__Bifidobacterium_animalis	0.18534762976308589	0.0	0.9979483100114088	Frankel_US	0.07265186149933811	0.11269576826374778	-0.07265186149933811	0	Frankel_US	0.430288693026125	0.5520345923896303
S3_EXCLUDE_LEE_SITES	s__Bifidobacterium_bifidum	0.1972205611309607	0.0	0.9979483100114088	Gopalakrishnan_US	0.048023504019395064	0.14919705711156564	-0.048023504019395064	0	Gopalakrishnan_US	0.762147074634578	0.41349570809631603
S3_EXCLUDE_LEE_SITES	s__Bifidobacterium_dentium	-0.12559470176493853	53.30273216812219	0.9979483100114088	Frankel_US	0.2011596271186853	0.07556492535374676	0.2011596271186853	1	Frankel_US	-0.8944804240685984	0.5089892129011024
S3_EXCLUDE_LEE_SITES	s__Bifidobacterium_longum	0.22992320170694944	18.043703353532447	0.9979483100114088	Lee_PRIMM_NL	0.08113357868201937	0.14878962302493007	-0.08113357868201937	0	Gopalakrishnan_US	0.6494162935910687	0.2466108727357069
S3_EXCLUDE_LEE_SITES	s__Bilophila_wadsworthia	-0.027144520137672126	0.0	0.9979483100114088	Spencer_US	0.07146766340355495	-0.09861218354122708	-0.07146766340355495	0	Spencer_US	0.1786536216764135	0.22689978235164318
S3_EXCLUDE_LEE_SITES	s__Bittarella_massiliensis	-0.3973375930525168	0.0	0.9979483100114088	Lee_PRIMM_NL	0.09202651397376782	-0.305311079078749	0.09202651397376782	0	Lee_PRIMM_NL	-0.6536920725601519	0.3363184456109135
S3_EXCLUDE_LEE_SITES	s__Blautia_glucerasea	-0.03946052392667069	50.1337185763158	0.9979483100114088	Lee_Leeds	0.09770624299207993	0.05824571906540924	0.09770624299207993	1	Lee_Leeds	-1.063479201545324	0.41917245742560905
S3_EXCLUDE_LEE_SITES	s__Blautia_hydrogenotrophica	-0.1335725616147622	0.0	0.9979483100114088	Frankel_US	0.0957471186027059	-0.2293196802174681	-0.0957471186027059	0	Lee_Leeds	-0.7769793276054495	0.4936462338552209
S3_EXCLUDE_LEE_SITES	s__Blautia_luti	0.0044015247515924	72.02967987621193	0.9979483100114088	Frankel_US	0.14512036899388292	-0.14071884424229053	-0.14512036899388292	1	Lee_Leeds	-0.8522380594745703	0.26716113509559847
S3_EXCLUDE_LEE_SITES	s__Blautia_sp_Marseille_P3087	0.26427482970871624	27.113806261776013	0.9979483100114088	Lee_PRIMM_NL	0.1616058476804101	0.4258806773891263	0.1616058476804101	0	Frankel_US	0.6844182354123998	0.3811668133519748
S3_EXCLUDE_LEE_SITES	s__Blautia_sp_OF03_15BH	0.12127570085313664	0.0	0.9979483100114088	Frankel_US	0.1264974518344653	0.24777315268760194	0.1264974518344653	0	Frankel_US	-0.42005490948496266	0.3235193841221079
S3_EXCLUDE_LEE_SITES	s__Butyricicoccus_sp_AM29_23AC	0.08122370880009133	0.0	0.9979483100114088	Lee_Leeds	0.07660410096505307	0.1578278097651444	0.07660410096505307	0	Lee_Leeds	-0.7313412403647882	0.5150446348834711
S3_EXCLUDE_LEE_SITES	s__Butyricimonas_faecihominis	0.27523460594525967	34.79798367962542	0.9979483100114088	Lee_PRIMM_UK	0.15945120961313763	0.11578339633212202	-0.15945120961313763	0	Lee_PRIMM_UK	0.8810019387939618	0.5856162657710522
S3_EXCLUDE_LEE_SITES	s__Candidatus_Catenibacterium_tridentinum	-0.10324654359840549	43.18211762788528	0.9979483100114088	Lee_PRIMM_UK	0.16711098161512597	-0.27035752521353146	-0.16711098161512597	0	Lee_PRIMM_UK	0.5264928474779034	0.3268712438389973
S3_EXCLUDE_LEE_SITES	s__Catenibacillus_scindens	0.053575271416783914	0.0	0.9979483100114088	Frankel_US	0.07166618292686741	0.12524145434365133	0.07166618292686741	0	Frankel_US	-0.25349518870239435	0.3197222338723133
S3_EXCLUDE_LEE_SITES	s__Christensenella_hongkongensis	-0.10394979592299494	0.0	0.9979483100114088	Lee_PRIMM_NL	0.0850973407561874	-0.01885245516680754	0.0850973407561874	0	Lee_PRIMM_NL	-0.3051836573127524	0.49716077600591985
S3_EXCLUDE_LEE_SITES	s__Clostridium_fessum	0.13475145742553266	0.0	0.9979483100114088	Frankel_US	0.0682843526585084	0.06646710476702426	-0.0682843526585084	0	Frankel_US	0.6340662340423785	0.38530028004635586
S3_EXCLUDE_LEE_SITES	s__Clostridium_paraputrificum	0.1465188968616704	54.082273265072565	0.9979483100114088	Lee_PRIMM_UK	0.20325373921334794	0.34977263607501835	0.20325373921334794	1	Lee_Leeds	0.7061171770938501	0.4043604804283545
S3_EXCLUDE_LEE_SITES	s__Clostridium_saudiense	0.09320426293611037	0.0	0.9979483100114088	Frankel_US	0.0478398570108749	0.14104411994698526	0.0478398570108749	0	Lee_Leeds	0.2319157132367957	0.30602381786900673
S3_EXCLUDE_LEE_SITES	s__Clostridium_sp_1001270H_150608_G6	0.2211028317865071	0.0	0.9979483100114088	Spencer_US	0.08670585504207548	0.3078086868285826	0.08670585504207548	0	Lee_PRIMM_UK	0.5572499453125797	0.29308885524877093
S3_EXCLUDE_LEE_SITES	s__Clostridium_sp_1001270J_160509_D11	0.16935197202228636	0.0	0.9979483100114088	Lee_PRIMM_UK	0.04770209940640488	0.21705407142869124	0.04770209940640488	0	Lee_Leeds	0.30455702179251504	0.3042079558781804
S3_EXCLUDE_LEE_SITES	s__Clostridium_sp_AF12_28	0.04379112639791648	0.0	0.9979483100114088	Spencer_US	0.20567767546731536	-0.1618865490693989	-0.20567767546731536	1	Lee_Leeds	-0.38219179465086944	0.4243035719221132
S3_EXCLUDE_LEE_SITES	s__Clostridium_sp_AF20_17LB	0.06389959471619833	0.0	0.9979483100114088	Lee_PRIMM_UK	0.0728926428457527	0.13679223756195102	0.0728926428457527	0	Lee_Leeds	0.3301948711343563	0.266043225891859
S3_EXCLUDE_LEE_SITES	s__Clostridium_sp_AF27_2AA	0.0018028651542948738	50.96056911571034	0.9979483100114088	Frankel_US	0.18526102115103085	-0.18345815599673598	-0.18526102115103085	1	Lee_Leeds	-0.7067417489020226	0.33849433493506365
S3_EXCLUDE_LEE_SITES	s__Clostridium_sp_NSJ_42	0.3227019433928659	0.0	0.9979483100114088	Frankel_US	0.05665364270974349	0.3793555861026094	0.05665364270974349	0	Lee_Leeds	0.7799116027035827	0.5034744992369665
S3_EXCLUDE_LEE_SITES	s__Collinsella_SGB14861	0.1172413130898665	0.0	0.9979483100114088	Lee_PRIMM_UK	0.031140721988429904	0.0861005911014366	-0.031140721988429904	0	Lee_PRIMM_UK	0.2659976232514233	0.2641549467896736
S3_EXCLUDE_LEE_SITES	s__Collinsella_SGB14987	0.17516117769533582	0.0	0.9979483100114088	Frankel_US	0.043834444421757296	0.13132673327357852	-0.043834444421757296	0	Lee_Leeds	0.5574958971105546	0.48920028671743315
S3_EXCLUDE_LEE_SITES	s__Collinsella_SGB15196	0.05289154049774809	0.0	0.9979483100114088	Frankel_US	0.12602398173263238	0.17891552223038046	0.12602398173263238	1	Lee_Leeds	0.3700189494820195	0.3578930595528722
S3_EXCLUDE_LEE_SITES	s__Collinsella_bouchesdurhonensis	0.08420895239153944	0.0	0.9979483100114088	Lee_PRIMM_NL	0.07073192983339091	0.15494088222493035	0.07073192983339091	0	Matson_US	0.2630799689717796	0.47259024984340964
S3_EXCLUDE_LEE_SITES	s__Coprobacillus_cateniformis	-0.11459489308824092	0.0	0.9979483100114088	Lee_PRIMM_UK	0.10399194582853963	-0.21858683891678055	-0.10399194582853963	0	Matson_US	-0.46108728784545633	0.35097341189761105
S3_EXCLUDE_LEE_SITES	s__Coprococcus_SGB4669	-0.10792366158757348	0.0	0.9979483100114088	Spencer_US	0.04502817885026271	-0.06289548273731077	0.04502817885026271	0	Spencer_US	-0.22312616731972904	0.2713462330930009
S3_EXCLUDE_LEE_SITES	s__Desulfovibrio_SGB5077	0.24186541629297173	9.582103427615497	0.9979483100114088	Spencer_US	0.1493285923067774	0.3911940085997491	0.1493285923067774	0	Matson_US	0.7141423230051357	0.4107344050531497
S3_EXCLUDE_LEE_SITES	s__Desulfovibrio_piger	-0.19250146464197043	71.57447966924289	0.9979483100114088	Lee_Leeds	0.28094949684753334	0.0884480322055629	0.28094949684753334	1	Lee_Leeds	-1.3418279709650105	0.5934620420194908
S3_EXCLUDE_LEE_SITES	s__Dielma_fastidiosa	-0.14746084631588416	0.0	0.9979483100114088	Spencer_US	0.15287313940606792	-0.3003339857219521	-0.15287313940606792	0	Lee_Leeds	-0.4809485774822553	0.26685068944664575
S3_EXCLUDE_LEE_SITES	s__Dorea_formicigenerans	0.19052195022836782	0.0	0.9979483100114088	Spencer_US	0.04023726828208396	0.23075921851045178	0.04023726828208396	0	Lee_Leeds	0.5181181509371358	0.32686639364134734
S3_EXCLUDE_LEE_SITES	s__Eisenbergiella_massiliensis	0.0816856065298426	63.64708640965699	0.9979483100114088	Frankel_US	0.17762351108768631	-0.09593790455784372	-0.17762351108768631	1	Frankel_US	1.1434512668093775	0.409050208246048
S3_EXCLUDE_LEE_SITES	s__Enterocloster_SGB14313	0.2928493242126892	0.0	0.9979483100114088	Lee_PRIMM_NL	0.15127942432527167	0.14156989988741756	-0.15127942432527167	0	Lee_PRIMM_NL	0.60980366866743	0.5579608229715145
S3_EXCLUDE_LEE_SITES	s__Enterocloster_aldenensis	-0.05413500215544181	0.0	0.9979483100114088	Lee_Leeds	0.04984383408783959	-0.1039788362432814	-0.04984383408783959	0	Lee_Leeds	0.6054024586777359	0.4729323619830356
S3_EXCLUDE_LEE_SITES	s__Enterocloster_asparagiformis	-0.2126584399059231	33.122798258221195	0.9979483100114088	Frankel_US	0.134421095037911	-0.3470795349438341	-0.134421095037911	0	Gopalakrishnan_US	-0.9973234490151835	0.6739748902108833
S3_EXCLUDE_LEE_SITES	s__Enterocloster_clostridioformis	-0.12064861345985256	0.0	0.9979483100114088	Matson_US	0.07138319335201704	-0.1920318068118696	-0.07138319335201704	0	Lee_PRIMM_UK	-0.35710094427654954	0.33445560794457607
S3_EXCLUDE_LEE_SITES	s__Eubacterium_SGB6276	0.21019160046039084	17.14530758076604	0.9979483100114088	Lee_PRIMM_UK	0.1827129907668373	0.39290459122722815	0.1827129907668373	0	Frankel_US	0.5521405415765855	0.3974559032223022
S3_EXCLUDE_LEE_SITES	s__Eubacterium_sp_AF16_48	-0.18462683752649675	0.0	0.9979483100114088	Spencer_US	0.06196642792119077	-0.12266040960530598	0.06196642792119077	0	Frankel_US	-0.4116041008477704	0.3881687006871067
S3_EXCLUDE_LEE_SITES	s__Faecalibacillus_faecis	0.19665073479862508	9.545426812102441	0.9979483100114088	Lee_Leeds	0.08433633640715202	0.2809870712057771	0.08433633640715202	0	Lee_Leeds	-0.6838897185523277	0.35747532768221496
S3_EXCLUDE_LEE_SITES	s__Faecalibacillus_intestinalis	0.25912935016882943	0.0	0.9979483100114088	Lee_PRIMM_NL	0.05572427228723051	0.20340507788159892	-0.05572427228723051	0	Gopalakrishnan_US	0.726537893814339	0.3364619489907662
S3_EXCLUDE_LEE_SITES	s__Faecalibacterium_SGB15346	0.20564478314195508	0.0	0.9979483100114088	Spencer_US	0.06534804249103379	0.2709928256329889	0.06534804249103379	0	Gopalakrishnan_US	0.49352268295180424	0.2944409527502177
S3_EXCLUDE_LEE_SITES	s__Faecalicatena_contorta	0.2201317315415726	0.0	0.9979483100114088	Lee_PRIMM_NL	0.09046394296963237	0.31059567451120496	0.09046394296963237	0	Frankel_US	0.3249721198291604	0.34362824025478766
S3_EXCLUDE_LEE_SITES	s__Faecalimonas_umbilicata	-0.04826697678295856	12.151233698880993	0.9979483100114088	Spencer_US	0.15225619088433906	-0.20052316766729764	-0.15225619088433906	1	Gopalakrishnan_US	-0.4736265548293025	0.36454038014429313
S3_EXCLUDE_LEE_SITES	s__GGB14025_SGB14906	0.21667289734723288	0.0	0.9979483100114088	Frankel_US	0.02708475180712805	0.18958814554010484	-0.02708475180712805	0	Frankel_US	0.33306833162580674	0.3246579289853957
S3_EXCLUDE_LEE_SITES	s__GGB2980_SGB3962	-0.05510865073017201	0.0	0.9979483100114088	Lee_PRIMM_UK	0.060189853387463084	-0.11529850411763509	-0.060189853387463084	0	Lee_Leeds	-0.17017067039204606	0.2914817652565904
S3_EXCLUDE_LEE_SITES	s__GGB3034_SGB4030	0.18579138765648937	0.0	0.9979483100114088	Lee_PRIMM_NL	0.10447486487583725	0.08131652278065211	-0.10447486487583725	0	Lee_PRIMM_NL	0.4710516858157601	0.3591004111321901
S3_EXCLUDE_LEE_SITES	s__GGB3109_SGB4119	0.09183662406648663	0.0	0.9979483100114088	Gopalakrishnan_US	0.0674270937830906	0.024409530283396028	-0.0674270937830906	0	Gopalakrishnan_US	0.4430752111081643	0.8337421783779448
S3_EXCLUDE_LEE_SITES	s__GGB3277_SGB4327	-0.19363284576536482	0.0	0.9979483100114088	Lee_PRIMM_UK	0.11068990090692818	-0.08294294485843665	0.11068990090692818	0	Lee_PRIMM_UK	-0.4304113952130675	0.581207976397198
S3_EXCLUDE_LEE_SITES	s__GGB3304_SGB4367	0.05916533042061491	0.0	0.9979483100114088	Lee_PRIMM_UK	0.09819279921073892	-0.039027468790124004	-0.09819279921073892	1	Lee_PRIMM_UK	0.4162947256878811	0.39066502554053567
S3_EXCLUDE_LEE_SITES	s__GGB3444_SGB4594	-0.20843058233878325	2.0415433592180836	0.9979483100114088	Matson_US	0.07686362474163494	-0.2852942070804182	-0.07686362474163494	0	Lee_Leeds	-0.9957169991970487	0.5818171063029551
S3_EXCLUDE_LEE_SITES	s__GGB3463_SGB4621	-0.2308567019335331	53.00661537229448	0.9979483100114088	Frankel_US	0.2058239641123905	-0.02503273782114259	0.2058239641123905	0	Frankel_US	-0.9823009045565514	0.7942170432953758
S3_EXCLUDE_LEE_SITES	s__GGB3475_SGB4638	0.1308568906789167	0.0	0.9979483100114088	Spencer_US	0.16281848323010434	0.29367537390902104	0.16281848323010434	0	Frankel_US	0.40657349157362965	0.37912756542350073
S3_EXCLUDE_LEE_SITES	s__GGB35068_SGB47850	0.2364446556137245	26.922674302038008	0.9979483100114088	Frankel_US	0.14887728706553857	0.38532194267926306	0.14887728706553857	0	Lee_Leeds	0.816530177862509	0.47571191341095115
S3_EXCLUDE_LEE_SITES	s__GGB3534_SGB4722	-0.08139498362789306	0.0	0.9979483100114088	Lee_PRIMM_NL	0.035212098080899576	-0.046182885546993485	0.035212098080899576	0	Lee_Leeds	0.31309899264329183	0.31085299225686436
S3_EXCLUDE_LEE_SITES	s__GGB3537_SGB4727	0.10981526148792198	0.0	0.9979483100114088	Spencer_US	0.12404445375536906	-0.014229192267447078	-0.12404445375536906	1	Spencer_US	0.4388740404274088	0.42009192701253617
S3_EXCLUDE_LEE_SITES	s__GGB3570_SGB4777	0.2081972525878889	0.0	0.9979483100114088	Lee_PRIMM_UK	0.14485286634954342	0.0633443862383455	-0.14485286634954342	0	Lee_PRIMM_UK	0.5213843650886311	0.7225215193610489
S3_EXCLUDE_LEE_SITES	s__GGB3602_SGB4574	0.0814565021492804	0.0	0.9979483100114088	Matson_US	0.09047861111714654	0.17193511326642694	0.09047861111714654	0	Gopalakrishnan_US	0.38630963538907964	0.4232441194013742
S3_EXCLUDE_LEE_SITES	s__GGB3619_SGB4894	-0.029567003378324137	0.0	0.9979483100114088	Lee_PRIMM_UK	0.09560898576055024	-0.12517598913887437	-0.09560898576055024	1	Lee_PRIMM_UK	0.315726659805539	0.3361589393872096
S3_EXCLUDE_LEE_SITES	s__GGB42389_SGB59559	0.11136774915379427	0.0	0.9979483100114088	Frankel_US	0.08838481233716147	0.19975256149095574	0.08838481233716147	0	Lee_PRIMM_NL	0.27360083186293593	0.3843301452593
S3_EXCLUDE_LEE_SITES	s__GGB45491_SGB63163	-0.12841942810080328	0.0	0.9979483100114088	Frankel_US	0.08610558210091993	-0.2145250102017232	-0.08610558210091993	0	Matson_US	-0.3430969488155798	0.31574234618624947
S3_EXCLUDE_LEE_SITES	s__GGB45495_SGB63167	0.21293856667127833	0.0	0.9979483100114088	Lee_PRIMM_NL	0.1354235536392889	0.07751501303198943	-0.1354235536392889	0	Lee_PRIMM_NL	0.4915169947650697	0.5009594197184124
S3_EXCLUDE_LEE_SITES	s__GGB51510_SGB71883	-0.06428126062035001	0.0	0.9979483100114088	Spencer_US	0.09050026628701745	0.02621900566666743	0.09050026628701745	1	Matson_US	0.24792410590287434	0.39633919683435365
S3_EXCLUDE_LEE_SITES	s__GGB51647_SGB4348	0.1369496419869029	16.204548791605827	0.9979483100114088	Frankel_US	0.10174658472726172	0.035203057259641186	-0.10174658472726172	0	Frankel_US	0.7153108839761275	0.5289938544382262
S3_EXCLUDE_LEE_SITES	s__GGB51959_SGB72479	0.14527958817229125	38.04560061802991	0.9979483100114088	Lee_Leeds	0.10448701238312397	0.24976660055541522	0.10448701238312397	0	Lee_Leeds	-0.9599757733811877	0.4893199300289293
S3_EXCLUDE_LEE_SITES	s__GGB80140_SGB15224	0.16622153533118855	0.0	0.9979483100114088	Lee_PRIMM_UK	0.07463591597570014	0.09158561935548841	-0.07463591597570014	0	Gopalakrishnan_US	0.58651034084205	0.5059601510205795
S3_EXCLUDE_LEE_SITES	s__GGB9063_SGB13982	-0.14342287512107985	26.807986665154758	0.9979483100114088	Matson_US	0.15450566903234722	-0.29792854415342707	-0.15450566903234722	0	Frankel_US	-0.5333146294783894	0.31097337826646293
S3_EXCLUDE_LEE_SITES	s__GGB9176_SGB14114	0.28913828579105305	0.0	0.9979483100114088	Lee_PRIMM_NL	0.060219385137236486	0.22891890065381656	-0.060219385137236486	0	Gopalakrishnan_US	0.7372998131006138	0.33204391114521453
S3_EXCLUDE_LEE_SITES	s__GGB9293_SGB14250	0.301336421967836	0.0	0.9979483100114088	Lee_PRIMM_UK	0.09254410218665257	0.20879231978118343	-0.09254410218665257	0	Lee_PRIMM_UK	0.4982559588907008	0.3337124004979816
S3_EXCLUDE_LEE_SITES	s__GGB9296_SGB14253	-0.01648075762766597	0.0	0.9979483100114088	Matson_US	0.05309491724218543	-0.0695756748698514	-0.05309491724218543	1	Matson_US	0.18047067506140296	0.36446804290051393
S3_EXCLUDE_LEE_SITES	s__GGB9342_SGB14306	0.2173932695475744	0.0	0.9979483100114088	Lee_PRIMM_NL	0.10885273572213307	0.10854053382544133	-0.10885273572213307	0	Lee_PRIMM_NL	0.6646457819690177	0.3643944410683624
S3_EXCLUDE_LEE_SITES	s__GGB9345_SGB14311	0.2730475233580146	0.0	0.9979483100114088	Spencer_US	0.07008285330147385	0.3431303766594884	0.07008285330147385	0	Gopalakrishnan_US	0.7617803880568167	0.35182397499987006
S3_EXCLUDE_LEE_SITES	s__GGB9474_SGB14868	-0.09095299620560318	57.90141338880276	0.9979483100114088	Frankel_US	0.2638790016375019	-0.35483199784310504	-0.2638790016375019	1	Frankel_US	0.6785252179374032	0.39707029529726445
S3_EXCLUDE_LEE_SITES	s__GGB9480_SGB14874	-0.1457726216132566	0.0	0.9979483100114088	Frankel_US	0.06078806599620046	-0.20656068760945706	-0.06078806599620046	0	Matson_US	-0.2970270900862479	0.2880147950244934
S3_EXCLUDE_LEE_SITES	s__GGB9495_SGB14892	-0.13986147423513734	0.0	0.9979483100114088	Lee_PRIMM_UK	0.02878726189873504	-0.16864873613387238	-0.02878726189873504	0	Frankel_US	-0.28132705367033795	0.4715395065707533
S3_EXCLUDE_LEE_SITES	s__GGB9524_SGB14924	0.14335909839910232	35.67374259384892	0.9979483100114088	Frankel_US	0.14085451569750357	0.2842136140966059	0.14085451569750357	0	Frankel_US	-0.7317048536715615	0.31871390027895735
S3_EXCLUDE_LEE_SITES	s__GGB9616_SGB15051	-0.2624808209503948	0.0	0.9979483100114088	Frankel_US	0.0254744426587461	-0.2879552636091409	-0.0254744426587461	0	Lee_PRIMM_NL	-0.3005531728081608	0.29854341115676736
S3_EXCLUDE_LEE_SITES	s__GGB9621_SGB15073	-0.15646323817837654	0.0	0.9979483100114088	Spencer_US	0.12326265357099397	-0.2797258917493705	-0.12326265357099397	0	Lee_Leeds	-0.7189463856432561	0.4017615683700958
S3_EXCLUDE_LEE_SITES	s__GGB9635_SGB15106	0.21192067797877662	54.62661374365085	0.9979483100114088	Frankel_US	0.1121321866753126	0.3240528646540892	0.1121321866753126	0	Gopalakrishnan_US	0.7443529893550022	0.23621247456339664
S3_EXCLUDE_LEE_SITES	s__GGB9642_SGB15119	-0.266604763990556	0.0	0.9979483100114088	Lee_PRIMM_UK	0.12795835855834586	-0.39456312254890186	-0.12795835855834586	0	Lee_Leeds	-0.9044781642918165	0.6127378764028969
S3_EXCLUDE_LEE_SITES	s__GGB9694_SGB15204	0.20857332761590697	0.0	0.9979483100114088	Lee_PRIMM_UK	0.05811341004835413	0.2666867376642611	0.05811341004835413	0	Matson_US	0.45078771707744203	0.3806974195720218
S3_EXCLUDE_LEE_SITES	s__GGB9708_SGB15233	0.11492500686262891	0.0	0.9979483100114088	Lee_PRIMM_UK	0.12186908493420187	-0.006944078071572968	-0.12186908493420187	1	Lee_PRIMM_UK	0.3742832275074518	0.5956562714084722
S3_EXCLUDE_LEE_SITES	s__GGB9712_SGB15244	0.040543102743023696	52.57964802450717	0.9979483100114088	Spencer_US	0.17756467737551143	0.21810778011853513	0.17756467737551143	1	Lee_PRIMM_UK	0.5291547937403633	0.36043182260284184
S3_EXCLUDE_LEE_SITES	s__GGB9759_SGB15370	0.220330351811561	0.0	0.9979483100114088	Frankel_US	0.03076628977424814	0.18956406203731285	-0.03076628977424814	0	Frankel_US	0.4180022499388857	0.33517961815973296
S3_EXCLUDE_LEE_SITES	s__GGB9775_SGB15395	0.10381130089911622	0.0	0.9979483100114088	Matson_US	0.03938723219140086	0.14319853309051708	0.03938723219140086	0	Frankel_US	0.3352164230923476	0.3797145819617576
S3_EXCLUDE_LEE_SITES	s__GGB9781_SGB15402	0.09555289888703408	0.0	0.9979483100114088	Lee_PRIMM_UK	0.05339818165833999	0.04215471722869409	-0.05339818165833999	0	Lee_PRIMM_UK	0.24523039108370046	0.5702030358778882
S3_EXCLUDE_LEE_SITES	s__GGB9782_SGB15403	-0.04529760225441941	0.0	0.9979483100114088	Spencer_US	0.13081370462738118	0.08551610237296178	0.13081370462738118	1	Lee_PRIMM_NL	0.3659043465124019	0.4341213400886754
S3_EXCLUDE_LEE_SITES	s__GGB9788_SGB15411	0.34581053041859494	0.0	0.9979483100114088	Lee_PRIMM_NL	0.16008657077926688	0.18572395963932806	-0.16008657077926688	0	Lee_PRIMM_NL	0.6840169038080295	0.5711355644119811
S3_EXCLUDE_LEE_SITES	s__GGB9818_SGB15459	0.1688994638782138	0.0	0.9979483100114088	Matson_US	0.08966383038023784	0.25856329425845165	0.08966383038023784	0	Lee_Leeds	0.5534827514281372	0.273096249869912
S3_EXCLUDE_LEE_SITES	s__Gordonibacter_pamelaeae	-0.12632127646006908	38.105025860411565	0.9979483100114088	Matson_US	0.1482962267426164	0.021974950282547305	0.1482962267426164	1	Matson_US	-0.7849214971499117	0.4156513328235048
S3_EXCLUDE_LEE_SITES	s__Granulicatella_SGB8255	-0.15788128756939881	0.0	0.9979483100114088	Lee_PRIMM_NL	0.05263273549405528	-0.10524855207534353	0.05263273549405528	0	Lee_PRIMM_NL	-0.30004481326615223	0.4199519606227777
S3_EXCLUDE_LEE_SITES	s__Haemophilus_parainfluenzae	-0.10784688417151324	56.42751479715652	0.9979483100114088	Lee_PRIMM_UK	0.15305076385744446	0.04520387968593122	0.15305076385744446	1	Lee_PRIMM_UK	-0.8959438398529346	0.4060647434235204
S3_EXCLUDE_LEE_SITES	s__Harryflintia_acetispora	0.09271717859271154	0.0	0.9979483100114088	Lee_PRIMM_UK	0.054830096219956756	0.1475472748126683	0.054830096219956756	0	Gopalakrishnan_US	0.32175843750432	0.3735737781469818
S3_EXCLUDE_LEE_SITES	s__Holdemania_filiformis	-0.03835068949608287	59.75541820393383	0.9979483100114088	Spencer_US	0.1272520555470614	-0.16560274504314426	-0.1272520555470614	1	Frankel_US	0.6539907020273791	0.24145032419173532
S3_EXCLUDE_LEE_SITES	s__Holdemania_massiliensis	-0.30006530642507234	0.0	0.9979483100114088	Spencer_US	0.0617600756518408	-0.23830523077323154	0.0617600756518408	0	Spencer_US	-0.4210445771060383	0.2832408103678571
S3_EXCLUDE_LEE_SITES	s__Hungatella_hathewayi	-0.20871393086273055	0.0	0.9979483100114088	Spencer_US	0.05935849245719993	-0.2680724233199305	-0.05935849245719993	0	Lee_PRIMM_NL	-0.47825548009679186	0.3135354704705557
S3_EXCLUDE_LEE_SITES	s__Hydrogeniiclostidium_mannosilyticum	-0.14254813766921143	11.289104775152886	0.9979483100114088	Frankel_US	0.10989520979902945	-0.2524433474682409	-0.10989520979902945	0	Lee_PRIMM_UK	-0.49410875974845464	0.3378730036645857
S3_EXCLUDE_LEE_SITES	s__Intestinibacter_bartlettii	0.21879479845937705	4.932371419479284	0.9979483100114088	Spencer_US	0.11539407523083561	0.33418887369021266	0.11539407523083561	0	Lee_PRIMM_UK	0.5706574019734028	0.24200411251242843
S3_EXCLUDE_LEE_SITES	s__Lachnotalea_sp_AF33_28	-0.20428965298405902	0.0	0.9979483100114088	Matson_US	0.05194097508813264	-0.15234867789592638	0.05194097508813264	0	Matson_US	-0.5169156710467935	0.43450614434568485
S3_EXCLUDE_LEE_SITES	s__Lacrimispora_amygdalina	0.05277800581813652	56.68387842951267	0.9979483100114088	Lee_PRIMM_UK	0.13823192980733282	0.19100993562546933	0.13823192980733282	1	Lee_PRIMM_UK	-0.7307612436622705	0.25444863242109067
S3_EXCLUDE_LEE_SITES	s__Lacrimispora_celerecrescens	0.23679122838316824	0.0	0.9979483100114088	Spencer_US	0.08291426608118385	0.3197054944643521	0.08291426608118385	0	Lee_PRIMM_UK	0.6146499582616471	0.3409791171729795
S3_EXCLUDE_LEE_SITES	s__Lacticaseibacillus_paracasei	-0.0111128947375525	0.0	0.9979483100114088	Frankel_US	0.13162052694842613	0.12050763221087364	0.13162052694842613	1	Frankel_US	-0.38960929391045973	0.49869016039414715
S3_EXCLUDE_LEE_SITES	s__Lactococcus_lactis	0.185640543383776	0.0	0.9979483100114088	Matson_US	0.0617914338635297	0.2474319772473057	0.0617914338635297	0	Lee_Leeds	0.5339066577740328	0.429005352704799
S3_EXCLUDE_LEE_SITES	s__Lancefieldella_parvula	-0.386380877687078	0.0	0.9979483100114088	Frankel_US	0.11032577873966842	-0.2760550989474096	0.11032577873966842	0	Frankel_US	-0.7741154546849774	0.4956413916588177
S3_EXCLUDE_LEE_SITES	s__Longicatena_caecimuris	0.09948518043224756	0.0	0.9979483100114088	Spencer_US	0.07472808754063572	0.17421326797288328	0.07472808754063572	0	Frankel_US	0.42196988888278614	0.5484750985243754
S3_EXCLUDE_LEE_SITES	s__Massiliimalia_timonensis	-0.19756681034472034	52.010997541299474	0.9979483100114088	Lee_PRIMM_NL	0.12232487829861473	-0.07524193204610562	0.12232487829861473	0	Matson_US	-0.7980217365188798	0.3474603494298456
S3_EXCLUDE_LEE_SITES	s__Massilimicrobiota_sp_An134	0.0058366412558289085	51.006527883758444	0.9979483100114088	Lee_PRIMM_NL	0.1361084105446977	0.1419450518005266	0.1361084105446977	1	Lee_Leeds	0.8766024545430693	0.41878549711747187
S3_EXCLUDE_LEE_SITES	s__Massilimicrobiota_timonensis	-0.20860686694919278	0.0	0.9979483100114088	Lee_PRIMM_NL	0.12173954223906767	-0.08686732471012511	0.12173954223906767	0	Lee_PRIMM_NL	-0.5007955987775622	0.46864309932288856
S3_EXCLUDE_LEE_SITES	s__Mediterraneibacter_SGB48424	-0.056699672558163904	0.0	0.9979483100114088	Lee_PRIMM_UK	0.12009195032978007	-0.17679162288794398	-0.12009195032978007	1	Matson_US	-0.28121959230245197	0.4515940340116163
S3_EXCLUDE_LEE_SITES	s__Merdimonas_faecis	0.15632388719451815	0.0	0.9979483100114088	Lee_Leeds	0.045435118126131324	0.20175900532064947	0.045435118126131324	0	Lee_PRIMM_UK	0.22209841618298753	0.2794728489969479
S3_EXCLUDE_LEE_SITES	s__Oscillibacter_sp_NSJ_62	-0.10139912296238433	0.0	0.9979483100114088	Lee_PRIMM_UK	0.05694848949869044	-0.04445063346369389	0.05694848949869044	0	Lee_PRIMM_UK	-0.24109796465055014	0.6294733216701416
S3_EXCLUDE_LEE_SITES	s__Parabacteroides_merdae	0.20274764462201997	24.12370052848248	0.9979483100114088	Gopalakrishnan_US	0.08432886448752044	0.2870765091095404	0.08432886448752044	0	Gopalakrishnan_US	-0.6741928754047419	0.28140369112881786
S3_EXCLUDE_LEE_SITES	s__Phascolarctobacterium_SGB4573	-0.10690534014692896	56.60269037705143	0.9979483100114088	Gopalakrishnan_US	0.13725305730096235	0.030347717154033386	0.13725305730096235	1	Gopalakrishnan_US	-0.8856317235851967	0.45159470533439017
S3_EXCLUDE_LEE_SITES	s__Phocaeicola_plebeius	0.14945265177276018	0.0	0.9979483100114088	Lee_PRIMM_NL	0.09375605190812955	0.24320870368088973	0.09375605190812955	0	Frankel_US	0.42387143722128773	0.4392268132080828
S3_EXCLUDE_LEE_SITES	s__Phocaeicola_vulgatus	0.18457020860355927	14.02206344955539	0.9979483100114088	Spencer_US	0.08689863401267697	0.0976715745908823	-0.08689863401267697	0	Lee_Leeds	-0.8819606938324402	0.3753386148349618
S3_EXCLUDE_LEE_SITES	s__Pseudoflavonifractor_gallinarum	-0.12544049021529857	23.980853989178897	0.9979483100114088	Frankel_US	0.13790106257425444	-0.263341552789553	-0.13790106257425444	0	Gopalakrishnan_US	-0.49585575073482246	0.2931734444929653
S3_EXCLUDE_LEE_SITES	s__Pseudoflavonifractor_sp_An184	-0.07549487856583677	45.33323200253297	0.9979483100114088	Spencer_US	0.1899736277256693	0.11447874915983254	0.1899736277256693	1	Lee_Leeds	1.00426630535532	0.6366417016000349
S3_EXCLUDE_LEE_SITES	s__Romboutsia_timonensis	0.168937735935623	58.4719535989608	0.9979483100114088	Lee_PRIMM_NL	0.13893179271391148	0.03000594322171152	-0.13893179271391148	0	Lee_PRIMM_NL	0.8921274692232735	0.3072981732724112
S3_EXCLUDE_LEE_SITES	s__Roseburia_faecis	0.27391167770636615	0.0	0.9979483100114088	Spencer_US	0.051243495283553514	0.22266818242281264	-0.051243495283553514	0	Gopalakrishnan_US	0.4666132866972244	0.23361422307856505
S3_EXCLUDE_LEE_SITES	s__Roseburia_hominis	0.18863918547257175	0.0	0.9979483100114088	Matson_US	0.060295783623338095	0.24893496909590984	0.060295783623338095	0	Lee_PRIMM_UK	0.4606951445268849	0.25896505681348053
S3_EXCLUDE_LEE_SITES	s__Roseburia_sp_AF02_12	-0.070364016406486	69.10875256688566	0.9979483100114088	Lee_Leeds	0.15751107936748077	0.08714706296099478	0.15751107936748077	1	Lee_Leeds	-1.6384057015739972	0.44455753136580917
S3_EXCLUDE_LEE_SITES	s__Roseburia_sp_AM16_25	0.12159638603005267	30.687845488054105	0.9979483100114088	Matson_US	0.1223422425051579	-0.0007458564751052346	-0.1223422425051579	1	Matson_US	0.9121164162448883	0.6146400912165252
S3_EXCLUDE_LEE_SITES	s__Rothia_mucilaginosa	-0.16683465221513305	0.0	0.9979483100114088	Spencer_US	0.046025883472325585	-0.21286053568745864	-0.046025883472325585	0	Frankel_US	-0.4049163764592067	0.3550740179040479
S3_EXCLUDE_LEE_SITES	s__Ruminococcus_SGB4421	0.020456837370945415	0.0	0.9979483100114088	Gopalakrishnan_US	0.08982674495964642	0.11028358233059184	0.08982674495964642	1	Gopalakrishnan_US	-0.5111720744616471	0.4469541795092451
S3_EXCLUDE_LEE_SITES	s__Ruminococcus_sp_BSD2780120874_150323_B10	0.008579439131156375	0.0	0.9979483100114088	Frankel_US	0.07112018949704825	-0.06254075036589188	-0.07112018949704825	1	Frankel_US	0.2796424356944246	0.5569218171414223
S3_EXCLUDE_LEE_SITES	s__Solibaculum_mannosilyticum	0.1404764137645633	0.0	0.9979483100114088	Lee_PRIMM_UK	0.07483315735234497	0.21530957111690827	0.07483315735234497	0	Matson_US	0.3803296345275042	0.4291481820199957
S3_EXCLUDE_LEE_SITES	s__Streptococcus_SGB14888	-0.31477583371516854	0.0	0.9979483100114088	Frankel_US	0.10501196561040865	-0.4197877993255772	-0.10501196561040865	0	Matson_US	-0.5231953149153465	0.27519331301456845
S3_EXCLUDE_LEE_SITES	s__Streptococcus_infantis	-0.17042291151851005	0.0	0.9979483100114088	Frankel_US	0.0812285018216604	-0.08919440969684965	0.0812285018216604	0	Frankel_US	-0.5273551178113431	0.46913218105484944
S3_EXCLUDE_LEE_SITES	s__Streptococcus_oralis	-0.18686618239387268	0.0	0.9979483100114088	Lee_PRIMM_NL	0.08004883021077422	-0.2669150126046469	-0.08004883021077422	0	Lee_PRIMM_UK	-0.36508924213184196	0.3824420038752095
S3_EXCLUDE_LEE_SITES	s__Streptococcus_parasanguinis	-0.19927942813687866	0.0	0.9979483100114088	Frankel_US	0.039475242315725606	-0.15980418582115305	0.039475242315725606	0	Frankel_US	-0.4813317476660542	0.27318124491607265
S3_EXCLUDE_LEE_SITES	s__Streptococcus_salivarius	-0.09475445380475091	0.0	0.9979483100114088	Lee_PRIMM_UK	0.05168133851815905	-0.043073115286591857	0.05168133851815905	0	Lee_Leeds	-0.5504316053598713	0.4239188759265463
S3_EXCLUDE_LEE_SITES	s__Sutterella_wadsworthensis	-0.17284549824123466	0.0	0.9979483100114088	Lee_PRIMM_NL	0.04062870236204186	-0.1322167958791928	0.04062870236204186	0	Lee_PRIMM_NL	-0.36137277582539645	0.277316195589071
S3_EXCLUDE_LEE_SITES	s__Turicibacter_bilis	0.2746075255780355	11.120187130606322	0.9979483100114088	Lee_PRIMM_UK	0.1763543569667576	0.09825316861127792	-0.1763543569667576	0	Lee_PRIMM_UK	0.6741523498544276	0.5400989941829881
S3_EXCLUDE_LEE_SITES	s__Veillonella_atypica	-0.382232005002668	0.0	0.9979483100114088	Matson_US	0.07187109073510112	-0.45410309573776914	-0.07187109073510112	0	Gopalakrishnan_US	-0.6519586337574625	0.31511846250882797
S3_EXCLUDE_LEE_SITES	s__Veillonella_dispar	-0.24934917804973789	46.002859790015464	0.9979483100114088	Matson_US	0.14755493879802423	-0.3969041168477621	-0.14755493879802423	0	Lee_PRIMM_UK	-0.7614714334743955	0.270380728277315
S3_EXCLUDE_LEE_SITES	s__Veillonella_parvula	-0.33992331985561614	34.51765559158805	0.9979483100114088	Matson_US	0.11810941161427008	-0.4580327314698862	-0.11810941161427008	0	Gopalakrishnan_US	-0.7735023700483389	0.22350360851568313
S3_EXCLUDE_LEE_SITES	s__Vescimonas_coprocola	-0.27203436874835996	49.67293425248708	0.9979483100114088	Lee_PRIMM_UK	0.1557500989923482	-0.11628426975601176	0.1557500989923482	0	Lee_Leeds	-0.9526593721123705	0.3211886669913313
S3_EXCLUDE_LEE_SITES	s__Clostridium_SGB4648	0.1624244438973403	0.0	0.9979483100114088	Gopalakrishnan_US	0.0582544962767545	0.10416994762058579	-0.0582544962767545	0	Gopalakrishnan_US	0.7520792814601257	0.379139833665302
S3_EXCLUDE_LEE_SITES	s__GGB3033_SGB4029	0.22998283675713854	0.0	0.9979483100114088	Lee_Leeds	0.038865091293989185	0.2688479280511277	0.038865091293989185	0	Gopalakrishnan_US	0.3923420744793409	0.30396716672326585
S3_EXCLUDE_LEE_SITES	s__GGB77437_SGB9391	0.2224852933524995	0.0	0.9979483100114088	Lee_PRIMM_UK	0.16639379859648226	0.05609149475601725	-0.16639379859648226	0	Lee_PRIMM_UK	0.5414415642249988	0.5707633485050483
S3_EXCLUDE_LEE_SITES	s__GGB2998_SGB3989	0.36705411423062545	0.0	0.9979483100114088	Lee_PRIMM_NL	0.09985858776539502	0.4669127019960205	0.09985858776539502	0	Lee_PRIMM_UK	0.5080423368210543	0.34130844549842987
S3_EXCLUDE_LEE_SITES	s__GGB3109_SGB4643	0.020099192201463396	0.0	0.9979483100114088	Matson_US	0.0799522068017422	-0.0598530146002788	-0.0799522068017422	1	Matson_US	0.436670742385934	0.6790119614204645
S3_EXCLUDE_LEE_SITES	s__Alistipes_sp_AF17_16	0.24699232224021828	0.0	0.9979483100114088	Spencer_US	0.08785234602836159	0.1591399762118567	-0.08785234602836159	0	Lee_Leeds	-0.49346788192605845	0.3476218605388082
