species	available_scenarios	same_pooled_direction_all_scenarios	pooled_effect_range	same_classification_all_scenarios	primary_classification	primary_pooled_effect	primary_fdr_q	primary_I2	S1_effect	S2_effect	S3_effect	S1_classification	S2_classification	S3_classification
s__Acidaminococcus_intestini	4	1	0.0	1	OTHER_OR_INSUFFICIENT	0.10418894885289762	0.9899399288667535	0.0	0.10418894885289762	0.10418894885289762	0.10418894885289762	OTHER_OR_INSUFFICIENT	OTHER_OR_INSUFFICIENT	OTHER_OR_INSUFFICIENT
s__Actinobaculum_sp_oral_taxon_183	4	0	0.052613009370673494	1	OTHER_OR_INSUFFICIENT	-0.018809694984412414	0.9899399288667535	0.0	-0.018809694984412414	-0.018809694984412414	0.03380331438626108	OTHER_OR_INSUFFICIENT	OTHER_OR_INSUFFICIENT	OTHER_OR_INSUFFICIENT
s__Actinomyces_SGB17154	4	1	0.03641843589604057	1	OTHER_OR_INSUFFICIENT	-0.03797004636081408	0.9899399288667535	0.0	-0.03797004636081408	-0.03797004636081408	-0.0015516104647735132	OTHER_OR_INSUFFICIENT	OTHER_OR_INSUFFICIENT	OTHER_OR_INSUFFICIENT
s__Actinomyces_SGB17157	4	1	0.0	1	OTHER_OR_INSUFFICIENT	-0.14046929421651225	0.9899399288667535	1.0626909752246234	-0.14046929421651225	-0.14046929421651225	-0.14046929421651225	OTHER_OR_INSUFFICIENT	OTHER_OR_INSUFFICIENT	OTHER_OR_INSUFFICIENT
s__Actinomyces_SGB17163	4	1	0.015804949913589425	1	OTHER_OR_INSUFFICIENT	0.10118496900392711	0.9899399288667535	0.0	0.10118496900392711	0.10118496900392711	0.08538001909033768	OTHER_OR_INSUFFICIENT	OTHER_OR_INSUFFICIENT	OTHER_OR_INSUFFICIENT
s__Actinomyces_SGB17168	4	0	0.14710974857176098	1	OTHER_OR_INSUFFICIENT	0.08817443854406992	0.9899399288667535	35.26243446563969	0.08817443854406992	0.08817443854406992	-0.058935310027691055	OTHER_OR_INSUFFICIENT	OTHER_OR_INSUFFICIENT	OTHER_OR_INSUFFICIENT
s__Actinomyces_dentalis	4	1	0.0	1	OTHER_OR_INSUFFICIENT	-0.3461138215489671	0.9899399288667535	0.0	-0.3461138215489671	-0.3461138215489671	-0.3461138215489671	OTHER_OR_INSUFFICIENT	OTHER_OR_INSUFFICIENT	OTHER_OR_INSUFFICIENT
s__Actinomyces_graevenitzii	4	1	0.06256955786198073	0	DOMAIN_SPECIFIC	-0.17190534035681262	0.9899399288667535	60.19238605019629	-0.17190534035681262	-0.17190534035681262	-0.23447489821879336	DOMAIN_SPECIFIC	DOMAIN_SPECIFIC	OTHER_OR_INSUFFICIENT
s__Actinomyces_oris	4	1	0.06755829783326056	1	OTHER_OR_INSUFFICIENT	-0.2861929880866042	0.9899399288667535	29.093271948715067	-0.2861929880866042	-0.2861929880866042	-0.21863469025334364	OTHER_OR_INSUFFICIENT	OTHER_OR_INSUFFICIENT	OTHER_OR_INSUFFICIENT
s__Actinomyces_sp_HMSC035G02	4	1	0.029775248430512685	1	OTHER_OR_INSUFFICIENT	-0.2348226350841108	0.9899399288667535	0.0	-0.2348226350841108	-0.2348226350841108	-0.2645978835146235	OTHER_OR_INSUFFICIENT	OTHER_OR_INSUFFICIENT	OTHER_OR_INSUFFICIENT
s__Actinomyces_sp_ICM47	4	1	0.021753677021748075	0	OTHER_OR_INSUFFICIENT	0.13951007739765486	0.9899399288667535	0.0	0.13951007739765486	0.13951007739765486	0.16126375441940294	OTHER_OR_INSUFFICIENT	OTHER_OR_INSUFFICIENT	CONSISTENT_NONSIGNIFICANT
s__Actinomyces_sp_ICM58	4	1	0.02597038204434495	1	OTHER_OR_INSUFFICIENT	0.05661540504439073	0.9899399288667535	0.0	0.05661540504439073	0.05661540504439073	0.08258578708873568	OTHER_OR_INSUFFICIENT	OTHER_OR_INSUFFICIENT	OTHER_OR_INSUFFICIENT
s__Actinomyces_sp_oral_taxon_448	4	0	0.10689014655014734	1	OTHER_OR_INSUFFICIENT	-0.09511534042350911	0.9899399288667535	0.0	-0.09511534042350911	-0.09511534042350911	0.011774806126638223	OTHER_OR_INSUFFICIENT	OTHER_OR_INSUFFICIENT	OTHER_OR_INSUFFICIENT
s__Actinomyces_sp_ph3	4	1	0.036350860711586885	1	OTHER_OR_INSUFFICIENT	-0.31402759433407523	0.9899399288667535	0.0	-0.31402759433407523	-0.31402759433407523	-0.3503784550456621	OTHER_OR_INSUFFICIENT	OTHER_OR_INSUFFICIENT	OTHER_OR_INSUFFICIENT
s__Adlercreutzia_equolifaciens	4	1	0.07499313987013656	1	STRONG_DIRECTION_REVERSAL	-0.07339252907497595	0.9899399288667535	57.75146357004378	-0.06490344036256182	-0.05760695796277985	-0.1326000978329164	STRONG_DIRECTION_REVERSAL	STRONG_DIRECTION_REVERSAL	STRONG_DIRECTION_REVERSAL
s__Agathobaculum_butyriciproducens	4	1	0.025185323055108413	1	OTHER_OR_INSUFFICIENT	0.11922407127783755	0.9899399288667535	0.0	0.11144165716509441	0.10546472930351568	0.09403874822272913	OTHER_OR_INSUFFICIENT	OTHER_OR_INSUFFICIENT	OTHER_OR_INSUFFICIENT
s__Akkermansia_muciniphila	4	1	0.03690506519050778	1	OTHER_OR_INSUFFICIENT	0.12923389192290036	0.9899399288667535	0.0	0.12239731778568894	0.1157961863720765	0.09232882673239258	OTHER_OR_INSUFFICIENT	OTHER_OR_INSUFFICIENT	OTHER_OR_INSUFFICIENT
s__Akkermansia_sp_KLE1798	4	1	0.0	1	OTHER_OR_INSUFFICIENT	-0.12057059483797967	0.9899399288667535	0.0	-0.12057059483797967	-0.12057059483797967	-0.12057059483797967	OTHER_OR_INSUFFICIENT	OTHER_OR_INSUFFICIENT	OTHER_OR_INSUFFICIENT
s__Alistipes_SGB2313	4	1	0.08749508644827857	1	OTHER_OR_INSUFFICIENT	-0.09913836169358771	0.9899399288667535	0.0	-0.09913836169358771	-0.09913836169358771	-0.011643275245309137	OTHER_OR_INSUFFICIENT	OTHER_OR_INSUFFICIENT	OTHER_OR_INSUFFICIENT
s__Alistipes_communis	4	1	0.023202756373865666	1	OTHER_OR_INSUFFICIENT	0.11203752422583184	0.9899399288667535	0.0	0.10826922931097142	0.1035424354284636	0.12674519180232927	OTHER_OR_INSUFFICIENT	OTHER_OR_INSUFFICIENT	OTHER_OR_INSUFFICIENT
s__Alistipes_dispar	4	1	0.0753013982278194	1	OTHER_OR_INSUFFICIENT	7.644610509685207e-05	0.9996056569136472	36.28880830130876	0.009590853611635721	0.014191376416772762	0.07537784433291625	OTHER_OR_INSUFFICIENT	OTHER_OR_INSUFFICIENT	OTHER_OR_INSUFFICIENT
s__Alistipes_finegoldii	4	1	0.02405800344197149	1	OTHER_OR_INSUFFICIENT	-0.04822154020670224	0.9899399288667535	0.0	-0.05309806356719296	-0.0575214045556637	-0.07227954364867373	OTHER_OR_INSUFFICIENT	OTHER_OR_INSUFFICIENT	OTHER_OR_INSUFFICIENT
s__Alistipes_ihumii	4	1	0.014564994515923888	1	OTHER_OR_INSUFFICIENT	-0.0265546592113521	0.9899399288667535	0.0	-0.01972731170316167	-0.013944849326166457	-0.028509843842090345	OTHER_OR_INSUFFICIENT	OTHER_OR_INSUFFICIENT	OTHER_OR_INSUFFICIENT
s__Alistipes_indistinctus	4	1	0.03603672784269628	1	OTHER_OR_INSUFFICIENT	0.007031581221441371	0.9899399288667535	1.706076489367218	0.017251593406805998	0.029507116222635802	0.04306830906413765	OTHER_OR_INSUFFICIENT	OTHER_OR_INSUFFICIENT	OTHER_OR_INSUFFICIENT
s__Alistipes_onderdonkii	4	1	0.08450120370668936	1	OTHER_OR_INSUFFICIENT	-0.047828413645203724	0.9899399288667535	11.002867062786622	-0.004871716493536446	-0.003969965291148002	-0.08847116899783736	OTHER_OR_INSUFFICIENT	OTHER_OR_INSUFFICIENT	OTHER_OR_INSUFFICIENT
s__Alistipes_putredinis	4	0	0.03946767424243683	1	OTHER_OR_INSUFFICIENT	-0.011370298064620598	0.9899399288667535	18.326413935829063	0.002372714597889434	0.021383995135291205	-0.01808367910714562	OTHER_OR_INSUFFICIENT	OTHER_OR_INSUFFICIENT	OTHER_OR_INSUFFICIENT
s__Alistipes_senegalensis	4	1	0.048699699139986494	1	OTHER_OR_INSUFFICIENT	-0.06505962611406797	0.9899399288667535	0.0	-0.05552627569795795	-0.048117825086786976	-0.01635992697408148	OTHER_OR_INSUFFICIENT	OTHER_OR_INSUFFICIENT	OTHER_OR_INSUFFICIENT
s__Alistipes_shahii	4	1	0.03674791294203745	1	OTHER_OR_INSUFFICIENT	0.06801230597964303	0.9899399288667535	0.0	0.07942104520145012	0.08520136724336519	0.04845345430132774	OTHER_OR_INSUFFICIENT	OTHER_OR_INSUFFICIENT	OTHER_OR_INSUFFICIENT
s__Allisonella_histaminiformans	3	1	0.03557709157344775	1	OTHER_OR_INSUFFICIENT	0.02415757849770497	0.9899399288667535	0.0	0.04705245879255665	0.05973467007115272		OTHER_OR_INSUFFICIENT	OTHER_OR_INSUFFICIENT	
s__Alloscardovia_omnicolens	4	1	0.0	1	OTHER_OR_INSUFFICIENT	-0.11088183282457287	0.9899399288667535	0.0	-0.11088183282457287	-0.11088183282457287	-0.11088183282457287	OTHER_OR_INSUFFICIENT	OTHER_OR_INSUFFICIENT	OTHER_OR_INSUFFICIENT
s__Anaerobutyricum_hallii	4	1	0.043473069284602525	1	OTHER_OR_INSUFFICIENT	0.08430070575802105	0.9899399288667535	26.036514334798746	0.09581771250117885	0.10331761878375292	0.0598445494991504	OTHER_OR_INSUFFICIENT	OTHER_OR_INSUFFICIENT	OTHER_OR_INSUFFICIENT
s__Anaerobutyricum_soehngenii	4	1	0.11006791490693209	1	OTHER_OR_INSUFFICIENT	0.13512110834662058	0.9899399288667535	48.75220420604861	0.14606969164016526	0.1542368280288382	0.044168913121906114	OTHER_OR_INSUFFICIENT	OTHER_OR_INSUFFICIENT	OTHER_OR_INSUFFICIENT
s__Anaerococcus_SGB53821	4	1	0.0	1	OTHER_OR_INSUFFICIENT	-0.009553428617943522	0.9907292483558621	13.834568566196149	-0.009553428617943522	-0.009553428617943522	-0.009553428617943522	OTHER_OR_INSUFFICIENT	OTHER_OR_INSUFFICIENT	OTHER_OR_INSUFFICIENT
s__Anaerofilum_sp_BX8	4	1	0.008000429884791362	1	CONSISTENT_NONSIGNIFICANT	0.04507042262205973	0.9899399288667535	0.0	0.049383089203095566	0.05307085250685109	0.05059220046876601	CONSISTENT_NONSIGNIFICANT	CONSISTENT_NONSIGNIFICANT	CONSISTENT_NONSIGNIFICANT
s__Anaerofustis_stercorihominis	4	0	0.03285979801736985	1	OTHER_OR_INSUFFICIENT	0.020846261427508752	0.9899399288667535	0.0	0.020846261427508752	0.020846261427508752	-0.012013536589861101	OTHER_OR_INSUFFICIENT	OTHER_OR_INSUFFICIENT	OTHER_OR_INSUFFICIENT
s__Anaeromassilibacillus_sp_An250	4	1	0.010266630726815142	1	OTHER_OR_INSUFFICIENT	0.06409598673940926	0.9899399288667535	0.0	0.06409598673940926	0.06409598673940926	0.05382935601259412	OTHER_OR_INSUFFICIENT	OTHER_OR_INSUFFICIENT	OTHER_OR_INSUFFICIENT
s__Anaerosacchariphilus_sp_NSJ_68	4	1	0.0	1	OTHER_OR_INSUFFICIENT	-0.37026781977031636	0.9899399288667535	0.0	-0.37026781977031636	-0.37026781977031636	-0.37026781977031636	OTHER_OR_INSUFFICIENT	OTHER_OR_INSUFFICIENT	OTHER_OR_INSUFFICIENT
s__Anaerostipes_caccae	4	1	0.0	1	OTHER_OR_INSUFFICIENT	-0.03852497652866631	0.9899399288667535	0.0	-0.03852497652866631	-0.03852497652866631	-0.03852497652866631	OTHER_OR_INSUFFICIENT	OTHER_OR_INSUFFICIENT	OTHER_OR_INSUFFICIENT
s__Anaerostipes_hadrus	4	1	0.02506463397757569	1	OTHER_OR_INSUFFICIENT	0.05673648315986596	0.9899399288667535	0.0	0.0718156920841623	0.07887057779452677	0.053805943816951085	OTHER_OR_INSUFFICIENT	OTHER_OR_INSUFFICIENT	OTHER_OR_INSUFFICIENT
s__Anaerotignum_faecicola	4	1	0.026305062328898704	1	OTHER_OR_INSUFFICIENT	-0.07190048875904191	0.9899399288667535	18.10482371327315	-0.07365635955854796	-0.07372105738919651	-0.09820555108794062	OTHER_OR_INSUFFICIENT	OTHER_OR_INSUFFICIENT	OTHER_OR_INSUFFICIENT
s__Anaerotignum_lactatifermentans	4	1	0.0	1	OTHER_OR_INSUFFICIENT	-0.08637656412555209	0.9899399288667535	0.0	-0.08637656412555209	-0.08637656412555209	-0.08637656412555209	OTHER_OR_INSUFFICIENT	OTHER_OR_INSUFFICIENT	OTHER_OR_INSUFFICIENT
s__Anaerotruncus_colihominis	4	1	0.014952995708710226	1	CONSISTENT_NONSIGNIFICANT	-0.26125109161845184	0.9899399288667535	0.0	-0.2702744293869019	-0.27620408732716206	-0.26305658263705634	CONSISTENT_NONSIGNIFICANT	CONSISTENT_NONSIGNIFICANT	CONSISTENT_NONSIGNIFICANT
s__Anaerotruncus_massiliensis	4	1	0.039412658617059726	1	OTHER_OR_INSUFFICIENT	0.08498152962536279	0.9899399288667535	14.107999453651601	0.08810997963714845	0.09313386949920241	0.12439418824242252	OTHER_OR_INSUFFICIENT	OTHER_OR_INSUFFICIENT	OTHER_OR_INSUFFICIENT
s__Anaerotruncus_rubiinfantis	4	1	0.015659902506934137	1	CONSISTENT_NONSIGNIFICANT	-0.14122580760172723	0.9899399288667535	0.0	-0.13411930325675978	-0.12783853337027482	-0.1255659050947931	CONSISTENT_NONSIGNIFICANT	CONSISTENT_NONSIGNIFICANT	CONSISTENT_NONSIGNIFICANT
s__Angelakisella_massiliensis	4	1	0.0	1	OTHER_OR_INSUFFICIENT	-0.0720963827336998	0.9899399288667535	40.854326390438	-0.0720963827336998	-0.0720963827336998	-0.0720963827336998	OTHER_OR_INSUFFICIENT	OTHER_OR_INSUFFICIENT	OTHER_OR_INSUFFICIENT
s__Bacteroides_SGB15210	4	1	0.0	1	OTHER_OR_INSUFFICIENT	-0.2556534973426923	0.9899399288667535	0.0	-0.2556534973426923	-0.2556534973426923	-0.2556534973426923	OTHER_OR_INSUFFICIENT	OTHER_OR_INSUFFICIENT	OTHER_OR_INSUFFICIENT
s__Bacteroides_caccae	4	1	0.008937993758717414	0	CONSISTENT_NONSIGNIFICANT	0.09448355818353525	0.9899399288667535	0.0	0.08962460086572237	0.08554556442481784	0.08693981120066732	CONSISTENT_NONSIGNIFICANT	CONSISTENT_NONSIGNIFICANT	OTHER_OR_INSUFFICIENT
s__Bacteroides_cellulosilyticus	4	1	0.017619778093904012	1	OTHER_OR_INSUFFICIENT	-0.06188394750295362	0.9899399288667535	0.0	-0.0669635545828011	-0.06965489443297834	-0.05203511633907433	OTHER_OR_INSUFFICIENT	OTHER_OR_INSUFFICIENT	OTHER_OR_INSUFFICIENT
s__Bacteroides_clarus	4	1	0.025527854892089114	1	OTHER_OR_INSUFFICIENT	-0.25801590809795105	0.9899399288667535	0.0	-0.2525133598601332	-0.24444300759851587	-0.269970862490605	OTHER_OR_INSUFFICIENT	OTHER_OR_INSUFFICIENT	OTHER_OR_INSUFFICIENT
s__Bacteroides_eggerthii	4	1	0.11482563066364347	1	DOMAIN_SPECIFIC	0.06997990234603378	0.9899399288667535	65.70674002308708	0.08360909186407958	0.09460073947254095	0.18480553300967725	DOMAIN_SPECIFIC	DOMAIN_SPECIFIC	DOMAIN_SPECIFIC
s__Bacteroides_faecis	4	1	0.009616411938286815	1	CONSISTENT_NONSIGNIFICANT	0.12887731743809872	0.9899399288667535	0.0	0.12887731743809872	0.12887731743809872	0.1192609054998119	CONSISTENT_NONSIGNIFICANT	CONSISTENT_NONSIGNIFICANT	CONSISTENT_NONSIGNIFICANT
s__Bacteroides_finegoldii	4	1	0.020014726130640398	1	OTHER_OR_INSUFFICIENT	0.12134207018771245	0.9899399288667535	27.25207933881123	0.13366439182063183	0.13978293582547557	0.14135679631835285	OTHER_OR_INSUFFICIENT	OTHER_OR_INSUFFICIENT	OTHER_OR_INSUFFICIENT
s__Bacteroides_fragilis	4	1	0.024729579025787346	1	OTHER_OR_INSUFFICIENT	-0.1356550333736572	0.9899399288667535	0.0	-0.14572054936591414	-0.15173799515301561	-0.12700841612722827	OTHER_OR_INSUFFICIENT	OTHER_OR_INSUFFICIENT	OTHER_OR_INSUFFICIENT
s__Bacteroides_intestinalis	4	0	0.039199747009490166	1	OTHER_OR_INSUFFICIENT	0.02439473100667278	0.9899399288667535	26.76253457059847	0.0047519421845629295	-0.014805016002817388	0.00038375516460462095	OTHER_OR_INSUFFICIENT	OTHER_OR_INSUFFICIENT	OTHER_OR_INSUFFICIENT
s__Bacteroides_nordii	4	1	0.02124964585055003	1	OTHER_OR_INSUFFICIENT	-0.09617488651163524	0.9899399288667535	0.0	-0.08875897760854842	-0.08165648691021356	-0.10290613276076359	OTHER_OR_INSUFFICIENT	OTHER_OR_INSUFFICIENT	OTHER_OR_INSUFFICIENT
s__Bacteroides_ovatus	4	1	0.014633781007418752	1	OTHER_OR_INSUFFICIENT	-0.02255452604988996	0.9899399288667535	0.0	-0.015287583954204447	-0.008718536760152834	-0.007920745042471207	OTHER_OR_INSUFFICIENT	OTHER_OR_INSUFFICIENT	OTHER_OR_INSUFFICIENT
s__Bacteroides_salyersiae	4	1	0.038370367289841584	0	CONSISTENT_NONSIGNIFICANT	0.15373521284501337	0.9899399288667535	0.0	0.16407682691793504	0.1713018623850925	0.19210558013485496	CONSISTENT_NONSIGNIFICANT	CONSISTENT_NONSIGNIFICANT	OTHER_OR_INSUFFICIENT
s__Bacteroides_stercoris	4	1	0.0249419727274418	1	OTHER_OR_INSUFFICIENT	0.04490511724332094	0.9899399288667535	0.0	0.051540741308056186	0.056698025245379396	0.031756052517937595	OTHER_OR_INSUFFICIENT	OTHER_OR_INSUFFICIENT	OTHER_OR_INSUFFICIENT
s__Bacteroides_thetaiotaomicron	4	1	0.03563023522697415	1	OTHER_OR_INSUFFICIENT	-0.0858430729080483	0.9899399288667535	0.0	-0.05566777021438237	-0.05630839133275642	-0.050212837681074145	OTHER_OR_INSUFFICIENT	OTHER_OR_INSUFFICIENT	OTHER_OR_INSUFFICIENT
s__Bacteroides_uniformis	4	0	0.004176211784877838	1	OTHER_OR_INSUFFICIENT	-0.004025810417429646	0.9925937920540963	0.0	-0.0035474117635950196	-0.002555354446678485	0.00015040136744819187	OTHER_OR_INSUFFICIENT	OTHER_OR_INSUFFICIENT	OTHER_OR_INSUFFICIENT
s__Bacteroides_xylanisolvens	4	1	0.002929714501461983	1	OTHER_OR_INSUFFICIENT	0.1543708598691342	0.9899399288667535	18.049366715674775	0.15164312129281696	0.15175866035647445	0.15457283579427894	OTHER_OR_INSUFFICIENT	OTHER_OR_INSUFFICIENT	OTHER_OR_INSUFFICIENT
s__Bariatricus_massiliensis	3	1	0.0	1	OTHER_OR_INSUFFICIENT	0.01945124783292354	0.9899399288667535	0.0	0.01945124783292354	0.01945124783292354		OTHER_OR_INSUFFICIENT	OTHER_OR_INSUFFICIENT	
s__Barnesiella_intestinihominis	4	1	0.014628114371599943	1	OTHER_OR_INSUFFICIENT	0.15078148020687226	0.9899399288667535	30.20427054194975	0.1431992485820497	0.13615336583527232	0.14622038467530896	OTHER_OR_INSUFFICIENT	OTHER_OR_INSUFFICIENT	OTHER_OR_INSUFFICIENT
s__Bifidobacterium_adolescentis	4	1	0.07380809721497625	1	STRONG_DIRECTION_REVERSAL	0.15209500001695256	0.9899399288667535	52.589526027957255	0.1711988594988783	0.18078360757543788	0.2259030972319288	STRONG_DIRECTION_REVERSAL	STRONG_DIRECTION_REVERSAL	STRONG_DIRECTION_REVERSAL
s__Bifidobacterium_animalis	4	1	0.06837085164134583	1	OTHER_OR_INSUFFICIENT	0.11697677812174005	0.9899399288667535	0.0	0.11697677812174005	0.11697677812174005	0.18534762976308589	OTHER_OR_INSUFFICIENT	OTHER_OR_INSUFFICIENT	OTHER_OR_INSUFFICIENT
s__Bifidobacterium_bifidum	4	1	0.011263489818657185	1	CONSISTENT_NONSIGNIFICANT	0.18595707131230352	0.9899399288667535	0.0	0.18595707131230352	0.18595707131230352	0.1972205611309607	CONSISTENT_NONSIGNIFICANT	CONSISTENT_NONSIGNIFICANT	CONSISTENT_NONSIGNIFICANT
s__Bifidobacterium_dentium	4	1	0.00827455399480928	0	OTHER_OR_INSUFFICIENT	-0.1338692557597478	0.9899399288667535	42.10695839285464	-0.1338692557597478	-0.1338692557597478	-0.12559470176493853	OTHER_OR_INSUFFICIENT	OTHER_OR_INSUFFICIENT	DOMAIN_SPECIFIC
s__Bifidobacterium_longum	4	1	0.045765506702779984	1	OTHER_OR_INSUFFICIENT	0.18415769500416945	0.9899399288667535	7.375947002282386	0.19093841248886062	0.19531571928166358	0.22992320170694944	OTHER_OR_INSUFFICIENT	OTHER_OR_INSUFFICIENT	OTHER_OR_INSUFFICIENT
s__Bifidobacterium_pseudocatenulatum	4	1	0.0011358045592728405	1	OTHER_OR_INSUFFICIENT	0.1284225087827229	0.9899399288667535	0.0	0.1284225087827229	0.1284225087827229	0.12955831334199575	OTHER_OR_INSUFFICIENT	OTHER_OR_INSUFFICIENT	OTHER_OR_INSUFFICIENT
s__Bilophila_wadsworthia	4	1	0.04826179204459109	1	CONSISTENT_NONSIGNIFICANT	-0.07540631218226322	0.9899399288667535	0.0	-0.05949967999148094	-0.05434820614974811	-0.027144520137672126	CONSISTENT_NONSIGNIFICANT	CONSISTENT_NONSIGNIFICANT	CONSISTENT_NONSIGNIFICANT
s__Bittarella_massiliensis	4	1	0.08435734625665642	1	CONSISTENT_NONSIGNIFICANT	-0.3129802467958604	0.9899399288667535	0.0	-0.3129802467958604	-0.3129802467958604	-0.3973375930525168	CONSISTENT_NONSIGNIFICANT	CONSISTENT_NONSIGNIFICANT	CONSISTENT_NONSIGNIFICANT
s__Blautia_SGB4815	4	1	0.04775221702367635	1	OTHER_OR_INSUFFICIENT	0.08306859209646324	0.9899399288667535	32.828366058385775	0.07400152516229949	0.06577271082964599	0.035316375072786885	OTHER_OR_INSUFFICIENT	OTHER_OR_INSUFFICIENT	OTHER_OR_INSUFFICIENT
s__Blautia_caecimuris	4	1	0.015547297367301802	1	OTHER_OR_INSUFFICIENT	0.04826108917073447	0.9899399288667535	0.0	0.04826108917073447	0.04826108917073447	0.03271379180343267	OTHER_OR_INSUFFICIENT	OTHER_OR_INSUFFICIENT	OTHER_OR_INSUFFICIENT
s__Blautia_faecis	4	1	0.030351796384403176	0	CONSISTENT_NONSIGNIFICANT	0.1481156740791283	0.9899399288667535	0.0	0.14311290314297387	0.1392166710345315	0.11776387769472511	CONSISTENT_NONSIGNIFICANT	CONSISTENT_NONSIGNIFICANT	OTHER_OR_INSUFFICIENT
s__Blautia_glucerasea	4	1	0.026020559838733623	0	OTHER_OR_INSUFFICIENT	-0.04023798169509786	0.9899399288667535	46.88203249413762	-0.02630500627117728	-0.014217421856364236	-0.03946052392667069	OTHER_OR_INSUFFICIENT	OTHER_OR_INSUFFICIENT	DOMAIN_SPECIFIC
s__Blautia_hansenii	4	1	0.0	1	OTHER_OR_INSUFFICIENT	-0.004310440849490282	0.9930462049980862	49.88325631123842	-0.004310440849490282	-0.004310440849490282	-0.004310440849490282	OTHER_OR_INSUFFICIENT	OTHER_OR_INSUFFICIENT	OTHER_OR_INSUFFICIENT
s__Blautia_hydrogenotrophica	4	1	0.0050936442386328995	1	CONSISTENT_NONSIGNIFICANT	-0.1284789173761293	0.9899399288667535	0.0	-0.1284789173761293	-0.1284789173761293	-0.1335725616147622	CONSISTENT_NONSIGNIFICANT	CONSISTENT_NONSIGNIFICANT	CONSISTENT_NONSIGNIFICANT
s__Blautia_luti	4	1	0.03208778477104403	1	STRONG_DIRECTION_REVERSAL	0.03648930952263643	0.9899399288667535	67.2465541147105	0.03648930952263643	0.03648930952263643	0.0044015247515924	STRONG_DIRECTION_REVERSAL	STRONG_DIRECTION_REVERSAL	STRONG_DIRECTION_REVERSAL
s__Blautia_massiliensis	4	1	0.0590885085230157	0	CONSISTENT_NONSIGNIFICANT	0.18803403784125558	0.9899399288667535	0.0	0.18849636120221042	0.18913042929509066	0.13004192077207496	CONSISTENT_NONSIGNIFICANT	CONSISTENT_NONSIGNIFICANT	OTHER_OR_INSUFFICIENT
s__Blautia_obeum	4	1	0.08038691023812844	1	OTHER_OR_INSUFFICIENT	-0.03795720345904084	0.9899399288667535	0.0	-0.041703211088335045	-0.04155720114433894	-0.11834411369716928	OTHER_OR_INSUFFICIENT	OTHER_OR_INSUFFICIENT	OTHER_OR_INSUFFICIENT
s__Blautia_producta	4	0	0.054178015375700946	1	OTHER_OR_INSUFFICIENT	-0.020212906824626738	0.9899399288667535	13.702920652160053	-0.020212906824626738	-0.020212906824626738	0.03396510855107421	OTHER_OR_INSUFFICIENT	OTHER_OR_INSUFFICIENT	OTHER_OR_INSUFFICIENT
s__Blautia_sp_MSK_20_85	4	1	0.009880945412513012	1	OTHER_OR_INSUFFICIENT	0.07128138560760279	0.9899399288667535	2.7272425982230146	0.07669149881879188	0.07963809286549729	0.0811623310201158	OTHER_OR_INSUFFICIENT	OTHER_OR_INSUFFICIENT	OTHER_OR_INSUFFICIENT
s__Blautia_sp_Marseille_P3087	4	1	0.011143170260624224	1	CONSISTENT_NONSIGNIFICANT	0.27541799996934047	0.9899399288667535	10.36775387716123	0.27541799996934047	0.27541799996934047	0.26427482970871624	CONSISTENT_NONSIGNIFICANT	CONSISTENT_NONSIGNIFICANT	CONSISTENT_NONSIGNIFICANT
s__Blautia_sp_OF03_15BH	4	1	0.047173335726740054	1	CONSISTENT_NONSIGNIFICANT	0.1684490365798767	0.9899399288667535	0.0	0.1684490365798767	0.1684490365798767	0.12127570085313664	CONSISTENT_NONSIGNIFICANT	CONSISTENT_NONSIGNIFICANT	CONSISTENT_NONSIGNIFICANT
s__Blautia_stercoris	4	1	0.06569329950910613	1	OTHER_OR_INSUFFICIENT	0.10368051902186533	0.9899399288667535	0.0	0.10760081974386414	0.11258891751483384	0.0468956180057277	OTHER_OR_INSUFFICIENT	OTHER_OR_INSUFFICIENT	OTHER_OR_INSUFFICIENT
s__Blautia_wexlerae	4	1	0.06637105760797574	1	OTHER_OR_INSUFFICIENT	0.08374064500530529	0.9899399288667535	0.0	0.08557987280016859	0.08851802067853945	0.02214696307056372	OTHER_OR_INSUFFICIENT	OTHER_OR_INSUFFICIENT	OTHER_OR_INSUFFICIENT
s__Butyricicoccus_sp_AM29_23AC	4	1	0.07466131318740221	1	CONSISTENT_NONSIGNIFICANT	0.15588502198749354	0.9899399288667535	19.079320484912678	0.15588502198749354	0.15588502198749354	0.08122370880009133	CONSISTENT_NONSIGNIFICANT	CONSISTENT_NONSIGNIFICANT	CONSISTENT_NONSIGNIFICANT
s__Butyricimonas_SGB15260	4	1	0.02293661116873908	1	OTHER_OR_INSUFFICIENT	0.02619878334602925	0.9899399288667535	4.0985671963699986	0.03349754466404413	0.03955764613235341	0.04913539451476833	OTHER_OR_INSUFFICIENT	OTHER_OR_INSUFFICIENT	OTHER_OR_INSUFFICIENT
s__Butyricimonas_faecihominis	4	1	0.09038589159800706	1	OTHER_OR_INSUFFICIENT	0.2095574282292739	0.9899399288667535	18.683975135211217	0.19715849099673008	0.1848487143472526	0.27523460594525967	OTHER_OR_INSUFFICIENT	OTHER_OR_INSUFFICIENT	OTHER_OR_INSUFFICIENT
s__Butyricimonas_paravirosa	4	1	0.052354963166353075	1	OTHER_OR_INSUFFICIENT	0.06658752562682874	0.9899399288667535	35.2856869196202	0.07016549887443639	0.07438942846953961	0.11894248879318181	OTHER_OR_INSUFFICIENT	OTHER_OR_INSUFFICIENT	OTHER_OR_INSUFFICIENT
s__Butyricimonas_virosa	4	1	0.01128125210523602	1	OTHER_OR_INSUFFICIENT	0.09864076986443837	0.9899399288667535	2.925878796039869	0.10516268897984873	0.10992202196967439	0.0995246345312988	OTHER_OR_INSUFFICIENT	OTHER_OR_INSUFFICIENT	OTHER_OR_INSUFFICIENT
s__Candidatus_Borkfalkia_ceftriaxoniphila	4	1	0.05143476125684106	1	OTHER_OR_INSUFFICIENT	-0.016176119794706942	0.9899399288667535	40.46151732288546	-0.03149786817459785	-0.04481852503687834	-0.067610881051548	OTHER_OR_INSUFFICIENT	OTHER_OR_INSUFFICIENT	OTHER_OR_INSUFFICIENT
s__Candidatus_Catenibacterium_tridentinum	4	1	0.0	1	CONSISTENT_NONSIGNIFICANT	-0.10324654359840549	0.9899399288667535	43.18211762788528	-0.10324654359840549	-0.10324654359840549	-0.10324654359840549	CONSISTENT_NONSIGNIFICANT	CONSISTENT_NONSIGNIFICANT	CONSISTENT_NONSIGNIFICANT
s__Candidatus_Cibionibacter_quicibialis	4	1	0.01512027355296133	1	OTHER_OR_INSUFFICIENT	-0.003462301077116471	0.9925937920540963	26.864336524855208	-0.004220802875951409	-0.007410203943534645	-0.0185825746300778	OTHER_OR_INSUFFICIENT	OTHER_OR_INSUFFICIENT	OTHER_OR_INSUFFICIENT
s__Candidatus_Nanosynsacchari_sp_TM7_ANC_38_39_G1_1	4	1	0.0	1	OTHER_OR_INSUFFICIENT	0.04950349832199635	0.9899399288667535	0.0	0.04950349832199635	0.04950349832199635	0.04950349832199635	OTHER_OR_INSUFFICIENT	OTHER_OR_INSUFFICIENT	OTHER_OR_INSUFFICIENT
s__Catenibacillus_scindens	4	1	0.042157716495505045	0	OTHER_OR_INSUFFICIENT	0.01141755492127887	0.9899399288667535	0.0	0.01141755492127887	0.01141755492127887	0.053575271416783914	OTHER_OR_INSUFFICIENT	OTHER_OR_INSUFFICIENT	CONSISTENT_NONSIGNIFICANT
s__Catenibacterium_SGB4425	4	1	0.060339089808969515	1	OTHER_OR_INSUFFICIENT	0.3071167417077184	0.9899399288667535	15.269041846950316	0.3071167417077184	0.3071167417077184	0.3674558315166879	OTHER_OR_INSUFFICIENT	OTHER_OR_INSUFFICIENT	OTHER_OR_INSUFFICIENT
s__Cellulomonas_flavigena	4	1	0.0434379006326759	1	OTHER_OR_INSUFFICIENT	-0.07605235272446477	0.9899399288667535	0.0	-0.07605235272446477	-0.07605235272446477	-0.03261445209178887	OTHER_OR_INSUFFICIENT	OTHER_OR_INSUFFICIENT	OTHER_OR_INSUFFICIENT
s__Christensenella_hongkongensis	4	1	0.04812465627172166	1	OTHER_OR_INSUFFICIENT	-0.05582513965127328	0.9899399288667535	0.0	-0.05582513965127328	-0.05582513965127328	-0.10394979592299494	OTHER_OR_INSUFFICIENT	OTHER_OR_INSUFFICIENT	OTHER_OR_INSUFFICIENT
s__Christensenella_minuta	4	0	0.08650839770208735	1	OTHER_OR_INSUFFICIENT	-0.036006752277923326	0.9899399288667535	25.106671362340677	-0.036006752277923326	-0.036006752277923326	0.050501645424164014	OTHER_OR_INSUFFICIENT	OTHER_OR_INSUFFICIENT	OTHER_OR_INSUFFICIENT
s__Christensenella_sp_Marseille_P3954	4	1	0.016367610242797342	1	OTHER_OR_INSUFFICIENT	-0.17321520393749315	0.9899399288667535	0.0	-0.17321520393749315	-0.17321520393749315	-0.1568475936946958	OTHER_OR_INSUFFICIENT	OTHER_OR_INSUFFICIENT	OTHER_OR_INSUFFICIENT
s__Cloacibacillus_evryensis	3	1	0.0	1	OTHER_OR_INSUFFICIENT	-0.14708715482984225	0.9899399288667535	81.25725462891981	-0.14708715482984225	-0.14708715482984225		OTHER_OR_INSUFFICIENT	OTHER_OR_INSUFFICIENT	
s__Clostridium_SGB4750	4	1	0.03776858036757179	1	OTHER_OR_INSUFFICIENT	0.06954278686635657	0.9899399288667535	0.0	0.07779286487060187	0.08373364130422568	0.045965060936653895	OTHER_OR_INSUFFICIENT	OTHER_OR_INSUFFICIENT	OTHER_OR_INSUFFICIENT
s__Clostridium_SGB4909	4	1	0.06717673235420232	1	OTHER_OR_INSUFFICIENT	0.05048955311630926	0.9899399288667535	0.0	0.06163081242157304	0.0704387949723709	0.0032620626181685867	OTHER_OR_INSUFFICIENT	OTHER_OR_INSUFFICIENT	OTHER_OR_INSUFFICIENT
s__Clostridium_SGB6179	4	1	0.06689685623015473	1	OTHER_OR_INSUFFICIENT	0.19981214537420997	0.9899399288667535	3.830074746099287	0.18511288604690052	0.16081436240785416	0.2277112186380089	OTHER_OR_INSUFFICIENT	OTHER_OR_INSUFFICIENT	OTHER_OR_INSUFFICIENT
s__Clostridium_butyricum	4	1	0.029795184794516205	1	OTHER_OR_INSUFFICIENT	-0.13620775770980698	0.9899399288667535	16.388121396978768	-0.15217358536753775	-0.1584892971300307	-0.16600294250432318	OTHER_OR_INSUFFICIENT	OTHER_OR_INSUFFICIENT	OTHER_OR_INSUFFICIENT
s__Clostridium_fessum	4	1	0.006843068787758949	1	CONSISTENT_NONSIGNIFICANT	0.1415945262132916	0.9899399288667535	0.0	0.14116940839953626	0.14149173304248605	0.13475145742553266	CONSISTENT_NONSIGNIFICANT	CONSISTENT_NONSIGNIFICANT	CONSISTENT_NONSIGNIFICANT
s__Clostridium_paraputrificum	4	1	0.0	1	OTHER_OR_INSUFFICIENT	0.1465188968616704	0.9899399288667535	54.082273265072565	0.1465188968616704	0.1465188968616704	0.1465188968616704	OTHER_OR_INSUFFICIENT	OTHER_OR_INSUFFICIENT	OTHER_OR_INSUFFICIENT
s__Clostridium_perfringens	4	1	0.0	1	OTHER_OR_INSUFFICIENT	0.19059275734263798	0.9899399288667535	0.0	0.19059275734263798	0.19059275734263798	0.19059275734263798	OTHER_OR_INSUFFICIENT	OTHER_OR_INSUFFICIENT	OTHER_OR_INSUFFICIENT
s__Clostridium_saudiense	4	0	0.09925007452958155	0	OTHER_OR_INSUFFICIENT	0.01085611032901188	0.9899399288667535	0.0	0.04632276617850946	-0.006045811593471185	0.09320426293611037	OTHER_OR_INSUFFICIENT	OTHER_OR_INSUFFICIENT	CONSISTENT_NONSIGNIFICANT
s__Clostridium_scindens	4	1	0.030855076954426505	1	OTHER_OR_INSUFFICIENT	0.06942590605563331	0.9899399288667535	0.0	0.06942590605563331	0.06942590605563331	0.10028098301005982	OTHER_OR_INSUFFICIENT	OTHER_OR_INSUFFICIENT	OTHER_OR_INSUFFICIENT
s__Clostridium_sp_1001270H_150608_G6	4	1	0.032299489492891215	0	CONSISTENT_NONSIGNIFICANT	0.2534023212793983	0.9899399288667535	0.0	0.2479339529336961	0.24199576739766723	0.2211028317865071	OTHER_OR_INSUFFICIENT	OTHER_OR_INSUFFICIENT	OTHER_OR_INSUFFICIENT
s__Clostridium_sp_1001270J_160509_D11	4	1	0.05673702454036482	1	CONSISTENT_NONSIGNIFICANT	0.11261494748192154	0.9899399288667535	0.0	0.11261494748192154	0.11261494748192154	0.16935197202228636	CONSISTENT_NONSIGNIFICANT	CONSISTENT_NONSIGNIFICANT	CONSISTENT_NONSIGNIFICANT
s__Clostridium_sp_1001271st1_H5	4	1	0.0	1	OTHER_OR_INSUFFICIENT	-0.134267123187571	0.9899399288667535	11.265962570046467	-0.134267123187571	-0.134267123187571	-0.134267123187571	OTHER_OR_INSUFFICIENT	OTHER_OR_INSUFFICIENT	OTHER_OR_INSUFFICIENT
s__Clostridium_sp_AF12_28	4	0	0.11192309853928786	0	CONSISTENT_NONSIGNIFICANT	-0.06813197214137139	0.9899399288667535	0.0	-0.05598300107911228	-0.04742282658873166	0.04379112639791648	CONSISTENT_NONSIGNIFICANT	CONSISTENT_NONSIGNIFICANT	OTHER_OR_INSUFFICIENT
s__Clostridium_sp_AF20_17LB	4	1	0.010951082836219934	1	CONSISTENT_NONSIGNIFICANT	0.0624862861754048	0.9899399288667535	0.0	0.06856296253179918	0.07343736901162473	0.06389959471619833	CONSISTENT_NONSIGNIFICANT	CONSISTENT_NONSIGNIFICANT	CONSISTENT_NONSIGNIFICANT
s__Clostridium_sp_AF27_2AA	4	0	0.07157467602166952	1	OTHER_OR_INSUFFICIENT	-0.06977181086737465	0.9899399288667535	48.135085205265774	-0.057141854503729245	-0.04843706061077061	0.0018028651542948738	OTHER_OR_INSUFFICIENT	OTHER_OR_INSUFFICIENT	OTHER_OR_INSUFFICIENT
s__Clostridium_sp_AF34_10BH	4	1	0.006408862317481466	1	OTHER_OR_INSUFFICIENT	0.06546246523569335	0.9899399288667535	0.0	0.06272607201112904	0.0604937017693636	0.059053602918211885	OTHER_OR_INSUFFICIENT	OTHER_OR_INSUFFICIENT	OTHER_OR_INSUFFICIENT
s__Clostridium_sp_AF34_13	4	1	0.0	1	OTHER_OR_INSUFFICIENT	-0.14920954967245864	0.9899399288667535	17.450557494393806	-0.14920954967245864	-0.14920954967245864	-0.14920954967245864	OTHER_OR_INSUFFICIENT	OTHER_OR_INSUFFICIENT	OTHER_OR_INSUFFICIENT
s__Clostridium_sp_AF36_4	4	1	0.0203791700452938	1	OTHER_OR_INSUFFICIENT	-0.1010629749365831	0.9899399288667535	13.923798776684713	-0.11077731891541678	-0.11785230433066626	-0.09747313428537246	OTHER_OR_INSUFFICIENT	OTHER_OR_INSUFFICIENT	OTHER_OR_INSUFFICIENT
s__Clostridium_sp_AM22_11AC	4	1	0.04007097532110637	1	OTHER_OR_INSUFFICIENT	0.07457583998619506	0.9899399288667535	13.853222063567767	0.07189593261411449	0.06826410794011735	0.10833508326122372	OTHER_OR_INSUFFICIENT	OTHER_OR_INSUFFICIENT	OTHER_OR_INSUFFICIENT
s__Clostridium_sp_AM33_3	4	1	0.07366547226669443	1	OTHER_OR_INSUFFICIENT	0.08743018591278207	0.9899399288667535	0.0	0.08486935892939478	0.07832499173138455	0.15199046399807897	OTHER_OR_INSUFFICIENT	OTHER_OR_INSUFFICIENT	OTHER_OR_INSUFFICIENT
s__Clostridium_sp_AM49_4BH	4	1	0.03929668416534677	1	OTHER_OR_INSUFFICIENT	-0.04354537328407806	0.9899399288667535	24.652410689406416	-0.038396892972086594	-0.035145348951663144	-0.004248689118731289	OTHER_OR_INSUFFICIENT	OTHER_OR_INSUFFICIENT	OTHER_OR_INSUFFICIENT
s__Clostridium_sp_AT4	4	1	0.05160304898834356	1	OTHER_OR_INSUFFICIENT	0.12828938873147525	0.9899399288667535	0.0	0.13331359038163237	0.140015584729957	0.08841253574161345	OTHER_OR_INSUFFICIENT	OTHER_OR_INSUFFICIENT	OTHER_OR_INSUFFICIENT
s__Clostridium_sp_Marseille_P3244	4	1	0.026049990872546558	1	OTHER_OR_INSUFFICIENT	-0.020564495366255847	0.9899399288667535	0.0	-0.020564495366255847	-0.020564495366255847	-0.046614486238802405	OTHER_OR_INSUFFICIENT	OTHER_OR_INSUFFICIENT	OTHER_OR_INSUFFICIENT
s__Clostridium_sp_NSJ_42	4	1	0.09556610950196429	1	OTHER_OR_INSUFFICIENT	0.2271358338909016	0.9899399288667535	0.0	0.2271358338909016	0.2271358338909016	0.3227019433928659	OTHER_OR_INSUFFICIENT	OTHER_OR_INSUFFICIENT	OTHER_OR_INSUFFICIENT
s__Clostridium_spiroforme	4	1	0.10466686234885925	1	OTHER_OR_INSUFFICIENT	-0.019822622859294144	0.9899399288667535	30.903346293996627	-0.019822622859294144	-0.019822622859294144	-0.1244894852081534	OTHER_OR_INSUFFICIENT	OTHER_OR_INSUFFICIENT	OTHER_OR_INSUFFICIENT
s__Clostridium_symbiosum	4	1	0.02607499055292567	1	OTHER_OR_INSUFFICIENT	-0.025542649832175704	0.9899399288667535	0.0	-0.034101002936282744	-0.04262763581207441	-0.051617640385101374	OTHER_OR_INSUFFICIENT	OTHER_OR_INSUFFICIENT	OTHER_OR_INSUFFICIENT
s__Collinsella_SGB14861	4	1	0.02027084385888396	1	CONSISTENT_NONSIGNIFICANT	0.10011694470988954	0.9899399288667535	0.0	0.10059191414171652	0.09697046923098254	0.1172413130898665	CONSISTENT_NONSIGNIFICANT	CONSISTENT_NONSIGNIFICANT	CONSISTENT_NONSIGNIFICANT
s__Collinsella_SGB14987	4	1	0.0	1	CONSISTENT_NONSIGNIFICANT	0.17516117769533582	0.9899399288667535	0.0	0.17516117769533582	0.17516117769533582	0.17516117769533582	CONSISTENT_NONSIGNIFICANT	CONSISTENT_NONSIGNIFICANT	CONSISTENT_NONSIGNIFICANT
s__Collinsella_SGB15196	4	1	0.03691997308372607	1	OTHER_OR_INSUFFICIENT	0.05808170389018746	0.9899399288667535	0.0	0.05289154049774809	0.021161730806461387	0.05289154049774809	OTHER_OR_INSUFFICIENT	OTHER_OR_INSUFFICIENT	OTHER_OR_INSUFFICIENT
s__Collinsella_SGB4121	4	1	0.031149437639949224	1	OTHER_OR_INSUFFICIENT	0.06063073960717717	0.9899399288667535	0.0	0.05420948193424842	0.048224594728419154	0.02948130196722795	OTHER_OR_INSUFFICIENT	OTHER_OR_INSUFFICIENT	OTHER_OR_INSUFFICIENT
s__Collinsella_SGB62935	4	1	0.0	1	OTHER_OR_INSUFFICIENT	-0.0630570545229326	0.9899399288667535	0.0	-0.0630570545229326	-0.0630570545229326	-0.0630570545229326	OTHER_OR_INSUFFICIENT	OTHER_OR_INSUFFICIENT	OTHER_OR_INSUFFICIENT
s__Collinsella_aerofaciens	4	0	0.03872785463449108	1	OTHER_OR_INSUFFICIENT	-0.015397708666507968	0.9899399288667535	43.38354184435243	-0.002989286870662091	0.01119462981811405	-0.027533224816377024	OTHER_OR_INSUFFICIENT	OTHER_OR_INSUFFICIENT	OTHER_OR_INSUFFICIENT
s__Collinsella_bouchesdurhonensis	4	1	0.03991228934639411	0	CONSISTENT_NONSIGNIFICANT	0.12412124173793355	0.9899399288667535	0.0	0.12412124173793355	0.12412124173793355	0.08420895239153944	CONSISTENT_NONSIGNIFICANT	CONSISTENT_NONSIGNIFICANT	OTHER_OR_INSUFFICIENT
s__Collinsella_intestinalis	4	1	0.0	1	OTHER_OR_INSUFFICIENT	0.03168840932141914	0.9899399288667535	0.0	0.03168840932141914	0.03168840932141914	0.03168840932141914	OTHER_OR_INSUFFICIENT	OTHER_OR_INSUFFICIENT	OTHER_OR_INSUFFICIENT
s__Coprobacillus_cateniformis	4	1	0.051812414381324196	0	OTHER_OR_INSUFFICIENT	-0.06278247870691672	0.9899399288667535	0.0	-0.06278247870691672	-0.06278247870691672	-0.11459489308824092	OTHER_OR_INSUFFICIENT	OTHER_OR_INSUFFICIENT	CONSISTENT_NONSIGNIFICANT
s__Coprobacter_fastidiosus	4	0	0.02205063115099326	1	OTHER_OR_INSUFFICIENT	-0.010019540315002056	0.9899399288667535	0.0	0.0020717696860075964	0.012031090835991203	0.0012902624267473251	OTHER_OR_INSUFFICIENT	OTHER_OR_INSUFFICIENT	OTHER_OR_INSUFFICIENT
s__Coprobacter_secundus	4	1	0.05491569105151779	1	OTHER_OR_INSUFFICIENT	0.06103644823002302	0.9899399288667535	0.0	0.06013313704107914	0.0565066169571694	0.0061207571785052255	OTHER_OR_INSUFFICIENT	OTHER_OR_INSUFFICIENT	OTHER_OR_INSUFFICIENT
s__Coprococcus_SGB4669	4	1	0.010150840204371708	1	CONSISTENT_NONSIGNIFICANT	-0.10530359642212465	0.9899399288667535	0.0	-0.10178471942316356	-0.09777282138320177	-0.10792366158757348	CONSISTENT_NONSIGNIFICANT	CONSISTENT_NONSIGNIFICANT	CONSISTENT_NONSIGNIFICANT
s__Coprococcus_catus	4	1	0.03171354340454528	1	OTHER_OR_INSUFFICIENT	0.04672775538644304	0.9899399288667535	2.215486330807328	0.05254572460905265	0.05669970805409213	0.02498616464954685	OTHER_OR_INSUFFICIENT	OTHER_OR_INSUFFICIENT	OTHER_OR_INSUFFICIENT
s__Coprococcus_comes	4	0	0.04412242844673068	1	OTHER_OR_INSUFFICIENT	-0.019031860200348305	0.9899399288667535	38.1495970775415	-0.007446263744261536	0.012320938940701525	-0.03180148950602915	OTHER_OR_INSUFFICIENT	OTHER_OR_INSUFFICIENT	OTHER_OR_INSUFFICIENT
s__Coprococcus_eutactus	4	1	0.07287012085876507	1	OTHER_OR_INSUFFICIENT	0.1140265883404071	0.9899399288667535	25.75284128903248	0.11126738809978609	0.10427812284957086	0.17714824370833593	OTHER_OR_INSUFFICIENT	OTHER_OR_INSUFFICIENT	OTHER_OR_INSUFFICIENT
s__Corynebacterium_durum	4	1	0.0013600892689835317	1	OTHER_OR_INSUFFICIENT	0.004045112869505491	0.9925937920540963	0.0	0.004045112869505491	0.004045112869505491	0.005405202138489023	OTHER_OR_INSUFFICIENT	OTHER_OR_INSUFFICIENT	OTHER_OR_INSUFFICIENT
s__Cuneatibacter_caecimuris	4	1	0.0	1	OTHER_OR_INSUFFICIENT	-0.030099355513885612	0.9899399288667535	0.0	-0.030099355513885612	-0.030099355513885612	-0.030099355513885612	OTHER_OR_INSUFFICIENT	OTHER_OR_INSUFFICIENT	OTHER_OR_INSUFFICIENT
s__Desulfovibrio_SGB5077	4	1	0.0	1	CONSISTENT_NONSIGNIFICANT	0.24186541629297173	0.9899399288667535	9.582103427615497	0.24186541629297173	0.24186541629297173	0.24186541629297173	CONSISTENT_NONSIGNIFICANT	CONSISTENT_NONSIGNIFICANT	CONSISTENT_NONSIGNIFICANT
s__Desulfovibrio_desulfuricans	4	1	0.0	1	OTHER_OR_INSUFFICIENT	0.030029645323543443	0.9899399288667535	0.0	0.030029645323543443	0.030029645323543443	0.030029645323543443	OTHER_OR_INSUFFICIENT	OTHER_OR_INSUFFICIENT	OTHER_OR_INSUFFICIENT
s__Desulfovibrio_fairfieldensis	4	1	0.0	1	OTHER_OR_INSUFFICIENT	0.007912727063045024	0.9899399288667535	0.0	0.007912727063045024	0.007912727063045024	0.007912727063045024	OTHER_OR_INSUFFICIENT	OTHER_OR_INSUFFICIENT	OTHER_OR_INSUFFICIENT
s__Desulfovibrio_piger	4	1	0.10001225834088491	0	DOMAIN_SPECIFIC	-0.11124432450456391	0.9899399288667535	52.63382404698046	-0.10217501961486712	-0.09248920630108552	-0.19250146464197043	DOMAIN_SPECIFIC	DOMAIN_SPECIFIC	OTHER_OR_INSUFFICIENT
s__Dialister_invisus	4	1	0.0453059075796107	1	OTHER_OR_INSUFFICIENT	0.03203339641301017	0.9899399288667535	0.0	0.03203339641301017	0.03203339641301017	0.07733930399262087	OTHER_OR_INSUFFICIENT	OTHER_OR_INSUFFICIENT	OTHER_OR_INSUFFICIENT
s__Dielma_fastidiosa	4	1	0.06854973061742121	0	OTHER_OR_INSUFFICIENT	-0.07891111569846294	0.9899399288667535	43.83466316613911	-0.0884127115395431	-0.09780960793297282	-0.14746084631588416	OTHER_OR_INSUFFICIENT	OTHER_OR_INSUFFICIENT	CONSISTENT_NONSIGNIFICANT
s__Dorea_formicigenerans	4	1	0.03980208307620034	1	CONSISTENT_NONSIGNIFICANT	0.21321151773825928	0.9899399288667535	0.0	0.22312141898999496	0.23032403330456816	0.19052195022836782	CONSISTENT_NONSIGNIFICANT	CONSISTENT_NONSIGNIFICANT	CONSISTENT_NONSIGNIFICANT
s__Dorea_longicatena	4	1	0.035510868938258375	1	OTHER_OR_INSUFFICIENT	0.0376138359999335	0.9899399288667535	0.0	0.03944142433492151	0.039418644697805975	0.003930555396663133	OTHER_OR_INSUFFICIENT	OTHER_OR_INSUFFICIENT	OTHER_OR_INSUFFICIENT
s__Dorea_phocaeensis	4	1	0.0	1	OTHER_OR_INSUFFICIENT	-0.08541415351567291	0.9899399288667535	18.444426019645846	-0.08541415351567291	-0.08541415351567291	-0.08541415351567291	OTHER_OR_INSUFFICIENT	OTHER_OR_INSUFFICIENT	OTHER_OR_INSUFFICIENT
s__Dorea_sp_AF24_7LB	4	1	0.03208909666565935	1	OTHER_OR_INSUFFICIENT	0.006967878608793647	0.9925937920540963	46.62308612812623	0.024623284757875327	0.039056975274452996	0.015267449045330896	OTHER_OR_INSUFFICIENT	OTHER_OR_INSUFFICIENT	OTHER_OR_INSUFFICIENT
s__Dorea_sp_AF36_15AT	4	1	0.08723596455295675	1	OTHER_OR_INSUFFICIENT	0.09743373075721486	0.9899399288667535	25.355142902083355	0.10388180761871715	0.10889606240467774	0.021660097851720992	OTHER_OR_INSUFFICIENT	OTHER_OR_INSUFFICIENT	OTHER_OR_INSUFFICIENT
s__Dysosmobacter_sp_BX15	4	1	0.017079809419341313	1	OTHER_OR_INSUFFICIENT	0.0973205550295645	0.9899399288667535	17.611614946630294	0.10702336943254298	0.11440036444890582	0.11281033146164192	OTHER_OR_INSUFFICIENT	OTHER_OR_INSUFFICIENT	OTHER_OR_INSUFFICIENT
s__Dysosmobacter_sp_NSJ_60	4	1	0.040381128354267035	1	OTHER_OR_INSUFFICIENT	-0.0871874397605666	0.9899399288667535	12.263912108395072	-0.0925109776721787	-0.09568313472715671	-0.12756856811483364	OTHER_OR_INSUFFICIENT	OTHER_OR_INSUFFICIENT	OTHER_OR_INSUFFICIENT
s__Dysosmobacter_welbionis	4	0	0.021977847918163096	1	OTHER_OR_INSUFFICIENT	0.017851002528619	0.9899399288667535	16.948166351932052	0.013119167049072974	0.010036884698143851	-0.004126845389544096	OTHER_OR_INSUFFICIENT	OTHER_OR_INSUFFICIENT	OTHER_OR_INSUFFICIENT
s__Eggerthella_lenta	4	1	0.010312296248658426	1	OTHER_OR_INSUFFICIENT	-0.08536220084670498	0.9899399288667535	0.0	-0.08536220084670498	-0.08536220084670498	-0.07504990459804656	OTHER_OR_INSUFFICIENT	OTHER_OR_INSUFFICIENT	OTHER_OR_INSUFFICIENT
s__Eisenbergiella_massiliensis	4	1	0.0	1	DOMAIN_SPECIFIC	0.0816856065298426	0.9899399288667535	63.64708640965699	0.0816856065298426	0.0816856065298426	0.0816856065298426	DOMAIN_SPECIFIC	DOMAIN_SPECIFIC	DOMAIN_SPECIFIC
s__Eisenbergiella_tayi	4	1	0.006344151723128113	0	CONSISTENT_NONSIGNIFICANT	0.007145422062008729	0.9899399288667535	0.0	0.007145422062008729	0.007145422062008729	0.013489573785136842	CONSISTENT_NONSIGNIFICANT	CONSISTENT_NONSIGNIFICANT	OTHER_OR_INSUFFICIENT
s__Ellagibacter_isourolithinifaciens	4	0	0.0952122856507367	1	OTHER_OR_INSUFFICIENT	0.07632666438343538	0.9899399288667535	0.0	0.0825269429054294	0.08780979972869866	-0.007402485922038034	OTHER_OR_INSUFFICIENT	OTHER_OR_INSUFFICIENT	OTHER_OR_INSUFFICIENT
s__Emergencia_timonensis	4	1	0.0	1	OTHER_OR_INSUFFICIENT	-0.02974099939136595	0.9899399288667535	73.99490888102551	-0.02974099939136595	-0.02974099939136595	-0.02974099939136595	OTHER_OR_INSUFFICIENT	OTHER_OR_INSUFFICIENT	OTHER_OR_INSUFFICIENT
s__Enterocloster_SGB14313	4	1	0.09022502295484616	1	OTHER_OR_INSUFFICIENT	0.20262430125784306	0.9899399288667535	0.648157932509773	0.20262430125784306	0.20262430125784306	0.2928493242126892	OTHER_OR_INSUFFICIENT	OTHER_OR_INSUFFICIENT	OTHER_OR_INSUFFICIENT
s__Enterocloster_aldenensis	4	1	0.017464617409680444	0	OTHER_OR_INSUFFICIENT	-0.0511941290351552	0.9899399288667535	0.0	-0.05413500215544181	-0.06865874644483565	-0.05413500215544181	CONSISTENT_NONSIGNIFICANT	CONSISTENT_NONSIGNIFICANT	OTHER_OR_INSUFFICIENT
s__Enterocloster_asparagiformis	4	1	0.0	1	OTHER_OR_INSUFFICIENT	-0.2126584399059231	0.9899399288667535	33.122798258221195	-0.2126584399059231	-0.2126584399059231	-0.2126584399059231	OTHER_OR_INSUFFICIENT	OTHER_OR_INSUFFICIENT	OTHER_OR_INSUFFICIENT
s__Enterocloster_bolteae	4	1	0.016173018690718743	0	OTHER_OR_INSUFFICIENT	-0.17253230368985148	0.9899399288667535	0.0	-0.18178243479756293	-0.18870532238057022	-0.1772657672293165	OTHER_OR_INSUFFICIENT	CONSISTENT_NONSIGNIFICANT	OTHER_OR_INSUFFICIENT
s__Enterocloster_citroniae	4	1	0.046533468450494886	1	OTHER_OR_INSUFFICIENT	-0.026550245927811484	0.9899399288667535	0.0	-0.023455639151111624	-0.01784748703694596	-0.06438095548744084	OTHER_OR_INSUFFICIENT	OTHER_OR_INSUFFICIENT	OTHER_OR_INSUFFICIENT
s__Enterocloster_clostridioformis	4	1	0.035805711083929825	0	OTHER_OR_INSUFFICIENT	-0.08484290237592274	0.9899399288667535	0.0	-0.12064861345985256	-0.10119084651133234	-0.12064861345985256	CONSISTENT_NONSIGNIFICANT	OTHER_OR_INSUFFICIENT	CONSISTENT_NONSIGNIFICANT
s__Enterocloster_lavalensis	4	1	0.030649004544059028	1	OTHER_OR_INSUFFICIENT	-0.013761641284953078	0.9899399288667535	3.635212986724887	-0.007819578158190172	-0.001412049101078942	-0.03206105364513797	OTHER_OR_INSUFFICIENT	OTHER_OR_INSUFFICIENT	OTHER_OR_INSUFFICIENT
s__Enterococcus_SGB6173	4	1	0.007860272390903533	1	OTHER_OR_INSUFFICIENT	0.20271378577408236	0.9899399288667535	0.0	0.20271378577408236	0.20271378577408236	0.2105740581649859	OTHER_OR_INSUFFICIENT	OTHER_OR_INSUFFICIENT	OTHER_OR_INSUFFICIENT
s__Enterococcus_faecalis	4	1	0.047970003835901456	1	OTHER_OR_INSUFFICIENT	0.11100293841384644	0.9899399288667535	40.51733304445948	0.11100293841384644	0.11100293841384644	0.06303293457794498	OTHER_OR_INSUFFICIENT	OTHER_OR_INSUFFICIENT	OTHER_OR_INSUFFICIENT
s__Erysipelatoclostridium_ramosum	4	1	0.012001286085134844	0	CONSISTENT_NONSIGNIFICANT	-0.14483625369405265	0.9899399288667535	0.0	-0.14483625369405265	-0.14483625369405265	-0.1328349676089178	CONSISTENT_NONSIGNIFICANT	CONSISTENT_NONSIGNIFICANT	OTHER_OR_INSUFFICIENT
s__Escherichia_coli	4	1	0.07157929542497252	1	OTHER_OR_INSUFFICIENT	-0.06282694129587169	0.9899399288667535	23.97687356599522	-0.06783199706335413	-0.06963645559362837	-0.1344062367208442	OTHER_OR_INSUFFICIENT	OTHER_OR_INSUFFICIENT	OTHER_OR_INSUFFICIENT
s__Eubacterium_SGB4671	3	1	0.0	1	OTHER_OR_INSUFFICIENT	0.14091559707510826	0.9899399288667535	0.0	0.14091559707510826	0.14091559707510826		OTHER_OR_INSUFFICIENT	OTHER_OR_INSUFFICIENT	
s__Eubacterium_SGB6276	4	1	0.1424455591385091	1	OTHER_OR_INSUFFICIENT	0.06774604132188176	0.9899399288667535	28.86169179059247	0.07887057593574276	0.08483865355534763	0.21019160046039084	OTHER_OR_INSUFFICIENT	OTHER_OR_INSUFFICIENT	OTHER_OR_INSUFFICIENT
s__Eubacterium_callanderi	3	1	0.0	1	OTHER_OR_INSUFFICIENT	0.06292318357661916	0.9899399288667535	0.0	0.06292318357661916	0.06292318357661916		OTHER_OR_INSUFFICIENT	OTHER_OR_INSUFFICIENT	
s__Eubacterium_ramulus	4	1	0.02823048130237516	1	OTHER_OR_INSUFFICIENT	-0.015797237652836055	0.9899399288667535	0.0	-0.010503563883664975	-0.0058847493634545545	-0.034115230665829714	OTHER_OR_INSUFFICIENT	OTHER_OR_INSUFFICIENT	OTHER_OR_INSUFFICIENT
s__Eubacterium_sp_AF16_48	4	1	0.030743063506587648	1	CONSISTENT_NONSIGNIFICANT	-0.2153699010330844	0.9899399288667535	0.0	-0.21226896962774588	-0.20819765765619658	-0.18462683752649675	CONSISTENT_NONSIGNIFICANT	CONSISTENT_NONSIGNIFICANT	CONSISTENT_NONSIGNIFICANT
s__Eubacterium_sp_AF34_35BH	4	1	0.0	1	OTHER_OR_INSUFFICIENT	0.1154217843171174	0.9899399288667535	0.0	0.1154217843171174	0.1154217843171174	0.1154217843171174	OTHER_OR_INSUFFICIENT	OTHER_OR_INSUFFICIENT	OTHER_OR_INSUFFICIENT
s__Eubacterium_ventriosum	4	1	0.011581409274214652	1	OTHER_OR_INSUFFICIENT	0.13416930061859156	0.9899399288667535	0.0	0.12932256524393052	0.12465712867999658	0.13623853795421123	OTHER_OR_INSUFFICIENT	OTHER_OR_INSUFFICIENT	OTHER_OR_INSUFFICIENT
s__Faecalibacillus_faecis	4	1	0.049354577348754425	0	OTHER_OR_INSUFFICIENT	0.14729615744987065	0.9899399288667535	8.001997506261217	0.14729615744987065	0.14729615744987065	0.19665073479862508	OTHER_OR_INSUFFICIENT	OTHER_OR_INSUFFICIENT	CONSISTENT_NONSIGNIFICANT
s__Faecalibacillus_intestinalis	4	1	0.02369762133712272	0	CONSISTENT_NONSIGNIFICANT	0.27028052484742277	0.9899399288667535	0.0	0.2778736595136385	0.28282697150595215	0.25912935016882943	CONSISTENT_NONSIGNIFICANT	CONSISTENT_NONSIGNIFICANT	OTHER_OR_INSUFFICIENT
s__Faecalibacterium_SGB15315	4	1	0.027903200659693567	1	OTHER_OR_INSUFFICIENT	-0.019973240087812535	0.9899399288667535	28.25161264959606	-0.01456597934353332	-0.010332991221989668	-0.038236191881683236	OTHER_OR_INSUFFICIENT	OTHER_OR_INSUFFICIENT	OTHER_OR_INSUFFICIENT
s__Faecalibacterium_SGB15346	4	1	0.04830997559446004	1	CONSISTENT_NONSIGNIFICANT	0.15733480754749504	0.9899399288667535	0.0	0.16422621071532886	0.16945703904476708	0.20564478314195508	CONSISTENT_NONSIGNIFICANT	CONSISTENT_NONSIGNIFICANT	CONSISTENT_NONSIGNIFICANT
s__Faecalibacterium_prausnitzii	4	1	0.031027272548745946	1	OTHER_OR_INSUFFICIENT	0.10746302985294374	0.9899399288667535	0.0	0.1225555235435772	0.1303908329957533	0.1384903024016897	OTHER_OR_INSUFFICIENT	OTHER_OR_INSUFFICIENT	OTHER_OR_INSUFFICIENT
s__Faecalicatena_contorta	4	1	0.05440413000660396	0	CONSISTENT_NONSIGNIFICANT	0.27453586154817655	0.9899399288667535	0.0	0.27453586154817655	0.27453586154817655	0.2201317315415726	CONSISTENT_NONSIGNIFICANT	CONSISTENT_NONSIGNIFICANT	OTHER_OR_INSUFFICIENT
s__Faecalicatena_fissicatena	4	0	0.009975576824243802	1	OTHER_OR_INSUFFICIENT	-0.006399929229667795	0.9899399288667535	0.0	-0.0007205830695195465	0.003575647594576006	0.002088916368306573	OTHER_OR_INSUFFICIENT	OTHER_OR_INSUFFICIENT	OTHER_OR_INSUFFICIENT
s__Faecalimonas_umbilicata	4	0	0.07382409969491885	0	OTHER_OR_INSUFFICIENT	0.025557122911960287	0.9899399288667535	29.397813539796246	0.025557122911960287	0.025557122911960287	-0.04826697678295856	OTHER_OR_INSUFFICIENT	OTHER_OR_INSUFFICIENT	CONSISTENT_NONSIGNIFICANT
s__Flavonifractor_plautii	4	1	0.007995980801957615	1	OTHER_OR_INSUFFICIENT	-0.02461131897936567	0.9899399288667535	5.1411262680249505	-0.0297132716213411	-0.03260729978132328	-0.03237338277951227	OTHER_OR_INSUFFICIENT	OTHER_OR_INSUFFICIENT	OTHER_OR_INSUFFICIENT
s__Flavonifractor_sp_An100	4	1	0.0	1	OTHER_OR_INSUFFICIENT	0.46386034177190294	0.9899399288667535	0.0	0.46386034177190294	0.46386034177190294	0.46386034177190294	OTHER_OR_INSUFFICIENT	OTHER_OR_INSUFFICIENT	OTHER_OR_INSUFFICIENT
s__Fusicatenibacter_saccharivorans	4	1	0.04296253049832641	0	CONSISTENT_NONSIGNIFICANT	0.19402046373259482	0.9899399288667535	0.0	0.20011140547463574	0.20451464363546681	0.1615521131371404	CONSISTENT_NONSIGNIFICANT	CONSISTENT_NONSIGNIFICANT	OTHER_OR_INSUFFICIENT
s__GGB10485_SGB49305	4	1	0.0	1	OTHER_OR_INSUFFICIENT	-0.06179710450689701	0.9899399288667535	0.0	-0.06179710450689701	-0.06179710450689701	-0.06179710450689701	OTHER_OR_INSUFFICIENT	OTHER_OR_INSUFFICIENT	OTHER_OR_INSUFFICIENT
s__GGB10692_SGB17347	4	1	0.0006620243858430908	1	OTHER_OR_INSUFFICIENT	0.13749063000123937	0.9899399288667535	0.0	0.13749063000123937	0.13749063000123937	0.13682860561539628	OTHER_OR_INSUFFICIENT	OTHER_OR_INSUFFICIENT	OTHER_OR_INSUFFICIENT
s__GGB1266_SGB1699	4	1	0.02349456157851941	1	OTHER_OR_INSUFFICIENT	0.08820469705470182	0.9899399288667535	0.0	0.08820469705470182	0.08820469705470182	0.06471013547618241	OTHER_OR_INSUFFICIENT	OTHER_OR_INSUFFICIENT	OTHER_OR_INSUFFICIENT
s__GGB14025_SGB14906	4	1	0.057691861294047686	1	CONSISTENT_NONSIGNIFICANT	0.27436475864128057	0.9899399288667535	0.0	0.27436475864128057	0.27436475864128057	0.21667289734723288	CONSISTENT_NONSIGNIFICANT	CONSISTENT_NONSIGNIFICANT	CONSISTENT_NONSIGNIFICANT
s__GGB1495_SGB2071	3	1	0.03536800082488328	1	OTHER_OR_INSUFFICIENT	-0.3782611440127584	0.9899399288667535	0.0	-0.3625606530845598	-0.3428931431878751		OTHER_OR_INSUFFICIENT	OTHER_OR_INSUFFICIENT	
s__GGB16040_SGB9347	4	1	0.02368483036228672	1	OTHER_OR_INSUFFICIENT	0.08035372444310615	0.9899399288667535	15.263992189631356	0.08541763192282452	0.08847308187838189	0.10403855480539287	OTHER_OR_INSUFFICIENT	OTHER_OR_INSUFFICIENT	OTHER_OR_INSUFFICIENT
s__GGB2653_SGB3574	4	1	0.02354906726816744	1	OTHER_OR_INSUFFICIENT	0.06893525248444586	0.9899399288667535	0.0	0.06087576528140251	0.052941986985094364	0.0764910542532618	OTHER_OR_INSUFFICIENT	OTHER_OR_INSUFFICIENT	OTHER_OR_INSUFFICIENT
s__GGB2848_SGB3813	4	1	0.0206326749419663	1	OTHER_OR_INSUFFICIENT	-0.05182684019042104	0.9899399288667535	0.0	-0.04660548007625778	-0.04167368437867902	-0.03119416524845474	OTHER_OR_INSUFFICIENT	OTHER_OR_INSUFFICIENT	OTHER_OR_INSUFFICIENT
s__GGB2970_SGB3952	4	1	0.01074039433079893	1	OTHER_OR_INSUFFICIENT	0.08017746313537621	0.9899399288667535	0.0	0.08626581356870966	0.09091785746617514	0.08867764532352927	OTHER_OR_INSUFFICIENT	OTHER_OR_INSUFFICIENT	OTHER_OR_INSUFFICIENT
s__GGB2977_SGB3959	4	0	0.021534407854093815	1	OTHER_OR_INSUFFICIENT	0.0032852857440033947	0.9925937920540963	0.0	0.009422144209683061	0.015201348788598022	-0.006333059065495791	OTHER_OR_INSUFFICIENT	OTHER_OR_INSUFFICIENT	OTHER_OR_INSUFFICIENT
s__GGB2980_SGB3962	4	0	0.10335240381312152	0	OTHER_OR_INSUFFICIENT	0.048243753082949516	0.9899399288667535	10.923147927146157	0.048243753082949516	0.048243753082949516	-0.05510865073017201	OTHER_OR_INSUFFICIENT	OTHER_OR_INSUFFICIENT	CONSISTENT_NONSIGNIFICANT
s__GGB2987_SGB3969	4	1	0.03770791527662357	1	OTHER_OR_INSUFFICIENT	-0.05342698385334083	0.9899399288667535	0.0	-0.05342698385334083	-0.05342698385334083	-0.01571906857671726	OTHER_OR_INSUFFICIENT	OTHER_OR_INSUFFICIENT	OTHER_OR_INSUFFICIENT
s__GGB2998_SGB3988	4	1	0.023868521646802355	1	OTHER_OR_INSUFFICIENT	-0.01779899532494577	0.9899399288667535	0.0	-0.012049141023769087	-0.0076124445320533245	-0.03148096617885568	OTHER_OR_INSUFFICIENT	OTHER_OR_INSUFFICIENT	OTHER_OR_INSUFFICIENT
s__GGB3000_SGB3991	4	1	0.006173354366277077	1	OTHER_OR_INSUFFICIENT	-0.04824550840003191	0.9899399288667535	0.0	-0.04824550840003191	-0.04824550840003191	-0.05441886276630899	OTHER_OR_INSUFFICIENT	OTHER_OR_INSUFFICIENT	OTHER_OR_INSUFFICIENT
s__GGB3005_SGB3996	4	1	0.08846780989982861	0	STRONG_DIRECTION_REVERSAL	-0.028971362020191637	0.9899399288667535	28.493086332563998	-0.025456069744972554	-0.021019116833056847	-0.10948692673288546	STRONG_DIRECTION_REVERSAL	STRONG_DIRECTION_REVERSAL	OTHER_OR_INSUFFICIENT
s__GGB3034_SGB4030	4	1	0.0	1	CONSISTENT_NONSIGNIFICANT	0.18579138765648937	0.9899399288667535	0.0	0.18579138765648937	0.18579138765648937	0.18579138765648937	CONSISTENT_NONSIGNIFICANT	CONSISTENT_NONSIGNIFICANT	CONSISTENT_NONSIGNIFICANT
s__GGB3057_SGB4059	4	1	0.0	1	OTHER_OR_INSUFFICIENT	-0.20002567591421055	0.9899399288667535	0.0	-0.20002567591421055	-0.20002567591421055	-0.20002567591421055	OTHER_OR_INSUFFICIENT	OTHER_OR_INSUFFICIENT	OTHER_OR_INSUFFICIENT
s__GGB3061_SGB4063	4	1	0.0	1	OTHER_OR_INSUFFICIENT	0.13070370131858983	0.9899399288667535	0.0	0.13070370131858983	0.13070370131858983	0.13070370131858983	OTHER_OR_INSUFFICIENT	OTHER_OR_INSUFFICIENT	OTHER_OR_INSUFFICIENT
s__GGB3109_SGB4119	4	1	0.0	1	OTHER_OR_INSUFFICIENT	0.09183662406648663	0.9899399288667535	0.0	0.09183662406648663	0.09183662406648663	0.09183662406648663	OTHER_OR_INSUFFICIENT	OTHER_OR_INSUFFICIENT	OTHER_OR_INSUFFICIENT
s__GGB31234_SGB14869	4	1	0.10367012976054575	1	OTHER_OR_INSUFFICIENT	-0.10734521324355707	0.9899399288667535	4.016726997446292	-0.10734521324355707	-0.10734521324355707	-0.00367508348301132	OTHER_OR_INSUFFICIENT	OTHER_OR_INSUFFICIENT	OTHER_OR_INSUFFICIENT
s__GGB3167_SGB4181	3	1	0.0	1	OTHER_OR_INSUFFICIENT	-0.15183445048068414	0.9899399288667535	0.0	-0.15183445048068414	-0.15183445048068414		OTHER_OR_INSUFFICIENT	OTHER_OR_INSUFFICIENT	
s__GGB3175_SGB4191	4	0	0.07302698472082748	1	OTHER_OR_INSUFFICIENT	-0.04211049800732405	0.9899399288667535	0.0	-0.04425928135806037	-0.0486989512710494	0.024328033449778085	OTHER_OR_INSUFFICIENT	OTHER_OR_INSUFFICIENT	OTHER_OR_INSUFFICIENT
s__GGB3256_SGB4303	4	1	0.05091400181731234	1	OTHER_OR_INSUFFICIENT	-0.0629032223273811	0.9899399288667535	0.0	-0.0629032223273811	-0.0629032223273811	-0.011989220510068758	OTHER_OR_INSUFFICIENT	OTHER_OR_INSUFFICIENT	OTHER_OR_INSUFFICIENT
s__GGB3277_SGB4327	4	1	0.05091497299894093	1	OTHER_OR_INSUFFICIENT	-0.15961245070989935	0.9899399288667535	0.0	-0.150710726431054	-0.1427178727664239	-0.19363284576536482	OTHER_OR_INSUFFICIENT	OTHER_OR_INSUFFICIENT	OTHER_OR_INSUFFICIENT
s__GGB32900_SGB53446	4	1	0.0	1	OTHER_OR_INSUFFICIENT	0.20865105750819732	0.9899399288667535	34.83234580992447	0.20865105750819732	0.20865105750819732	0.20865105750819732	OTHER_OR_INSUFFICIENT	OTHER_OR_INSUFFICIENT	OTHER_OR_INSUFFICIENT
s__GGB3304_SGB4367	4	1	0.011306579166256374	1	CONSISTENT_NONSIGNIFICANT	0.07047190958687129	0.9899399288667535	0.0	0.07047190958687129	0.07047190958687129	0.05916533042061491	CONSISTENT_NONSIGNIFICANT	CONSISTENT_NONSIGNIFICANT	CONSISTENT_NONSIGNIFICANT
s__GGB33469_SGB15236	4	1	0.04104428819728424	1	OTHER_OR_INSUFFICIENT	0.09997917018851503	0.9899399288667535	0.0	0.09121863750284756	0.08468005178072137	0.1257243399780056	OTHER_OR_INSUFFICIENT	OTHER_OR_INSUFFICIENT	OTHER_OR_INSUFFICIENT
s__GGB33469_SGB15237	4	0	0.11983406499769397	1	OTHER_OR_INSUFFICIENT	-0.1009787936920146	0.9899399288667535	20.487803988627352	-0.08833487980657356	-0.0790577142184461	0.01885527130567937	OTHER_OR_INSUFFICIENT	OTHER_OR_INSUFFICIENT	OTHER_OR_INSUFFICIENT
s__GGB33512_SGB15201	4	1	0.0	1	OTHER_OR_INSUFFICIENT	-0.09865657629574454	0.9899399288667535	0.0	-0.09865657629574454	-0.09865657629574454	-0.09865657629574454	OTHER_OR_INSUFFICIENT	OTHER_OR_INSUFFICIENT	OTHER_OR_INSUFFICIENT
s__GGB33512_SGB15203	4	1	0.06498313559207172	1	OTHER_OR_INSUFFICIENT	-0.12187243986717473	0.9899399288667535	0.0	-0.12187243986717473	-0.12187243986717473	-0.05688930427510302	OTHER_OR_INSUFFICIENT	OTHER_OR_INSUFFICIENT	OTHER_OR_INSUFFICIENT
s__GGB33928_SGB15225	4	0	0.017112929495669876	1	OTHER_OR_INSUFFICIENT	0.0034780732804183608	0.9925937920540963	0.0	0.009908813735203355	0.015214465044570498	-0.001898464451099378	OTHER_OR_INSUFFICIENT	OTHER_OR_INSUFFICIENT	OTHER_OR_INSUFFICIENT
s__GGB34228_SGB72916	3	1	0.026408878366636575	1	OTHER_OR_INSUFFICIENT	-0.0532369015338148	0.9899399288667535	0.0	-0.03690569172505506	-0.026828023167178226		OTHER_OR_INSUFFICIENT	OTHER_OR_INSUFFICIENT	
s__GGB3444_SGB4594	4	1	0.0	1	CONSISTENT_NONSIGNIFICANT	-0.20843058233878325	0.9899399288667535	2.0415433592180836	-0.20843058233878325	-0.20843058233878325	-0.20843058233878325	CONSISTENT_NONSIGNIFICANT	CONSISTENT_NONSIGNIFICANT	CONSISTENT_NONSIGNIFICANT
s__GGB3463_SGB4621	4	1	0.04359492161207418	1	OTHER_OR_INSUFFICIENT	-0.18726178032145893	0.9899399288667535	40.17355534084039	-0.18726178032145893	-0.18726178032145893	-0.2308567019335331	OTHER_OR_INSUFFICIENT	OTHER_OR_INSUFFICIENT	OTHER_OR_INSUFFICIENT
s__GGB3475_SGB4638	4	1	0.0	1	OTHER_OR_INSUFFICIENT	0.1308568906789167	0.9899399288667535	0.0	0.1308568906789167	0.1308568906789167	0.1308568906789167	OTHER_OR_INSUFFICIENT	OTHER_OR_INSUFFICIENT	OTHER_OR_INSUFFICIENT
s__GGB34797_SGB14322	4	0	0.05572660263076075	1	OTHER_OR_INSUFFICIENT	-0.045975592480070465	0.9899399288667535	0.0	-0.03682453727670921	-0.028912382955530426	0.009751010150690286	OTHER_OR_INSUFFICIENT	OTHER_OR_INSUFFICIENT	OTHER_OR_INSUFFICIENT
s__GGB3486_SGB4658	3	1	0.03395697247527543	1	OTHER_OR_INSUFFICIENT	-0.14367285932722165	0.9899399288667535	0.0	-0.1232094493412807	-0.10971588685194622		OTHER_OR_INSUFFICIENT	OTHER_OR_INSUFFICIENT	
s__GGB34900_SGB14891	4	1	0.00220337967054067	1	OTHER_OR_INSUFFICIENT	0.037581202554917315	0.9899399288667535	0.0	0.037581202554917315	0.037581202554917315	0.035377822884376645	OTHER_OR_INSUFFICIENT	OTHER_OR_INSUFFICIENT	OTHER_OR_INSUFFICIENT
s__GGB3499_SGB4674	4	1	0.0	1	OTHER_OR_INSUFFICIENT	0.10539581745481894	0.9899399288667535	0.0	0.10539581745481894	0.10539581745481894	0.10539581745481894	OTHER_OR_INSUFFICIENT	OTHER_OR_INSUFFICIENT	OTHER_OR_INSUFFICIENT
s__GGB35068_SGB47850	4	1	0.05692356544119212	1	OTHER_OR_INSUFFICIENT	0.17952109017253237	0.9899399288667535	18.293404573632934	0.17952109017253237	0.17952109017253237	0.2364446556137245	OTHER_OR_INSUFFICIENT	OTHER_OR_INSUFFICIENT	OTHER_OR_INSUFFICIENT
s__GGB3510_SGB4687	4	1	0.04615974543873114	1	OTHER_OR_INSUFFICIENT	-0.026961799753511633	0.9899399288667535	0.0	-0.026961799753511633	-0.026961799753511633	-0.07312154519224277	OTHER_OR_INSUFFICIENT	OTHER_OR_INSUFFICIENT	OTHER_OR_INSUFFICIENT
s__GGB3513_SGB4691	4	1	0.0	1	OTHER_OR_INSUFFICIENT	-0.054996449134412935	0.9899399288667535	6.0240438114803165	-0.054996449134412935	-0.054996449134412935	-0.054996449134412935	OTHER_OR_INSUFFICIENT	OTHER_OR_INSUFFICIENT	OTHER_OR_INSUFFICIENT
s__GGB3534_SGB4722	4	1	0.0	1	CONSISTENT_NONSIGNIFICANT	-0.08139498362789306	0.9899399288667535	0.0	-0.08139498362789306	-0.08139498362789306	-0.08139498362789306	CONSISTENT_NONSIGNIFICANT	CONSISTENT_NONSIGNIFICANT	CONSISTENT_NONSIGNIFICANT
s__GGB3537_SGB4727	4	1	0.03905975600555221	0	OTHER_OR_INSUFFICIENT	0.07075550548236977	0.9899399288667535	0.0	0.07075550548236977	0.07075550548236977	0.10981526148792198	OTHER_OR_INSUFFICIENT	OTHER_OR_INSUFFICIENT	CONSISTENT_NONSIGNIFICANT
s__GGB3569_SGB4776	4	1	0.0	1	OTHER_OR_INSUFFICIENT	0.015107053300680736	0.9899399288667535	0.0	0.015107053300680736	0.015107053300680736	0.015107053300680736	OTHER_OR_INSUFFICIENT	OTHER_OR_INSUFFICIENT	OTHER_OR_INSUFFICIENT
s__GGB3570_SGB4777	4	1	0.06134922857286587	1	OTHER_OR_INSUFFICIENT	0.14684802401502303	0.9899399288667535	0.0	0.14684802401502303	0.14684802401502303	0.2081972525878889	OTHER_OR_INSUFFICIENT	OTHER_OR_INSUFFICIENT	OTHER_OR_INSUFFICIENT
s__GGB3602_SGB4574	4	1	0.0	1	OTHER_OR_INSUFFICIENT	0.0814565021492804	0.9899399288667535	0.0	0.0814565021492804	0.0814565021492804	0.0814565021492804	OTHER_OR_INSUFFICIENT	OTHER_OR_INSUFFICIENT	OTHER_OR_INSUFFICIENT
s__GGB3612_SGB4882	4	1	0.02280911052241974	1	OTHER_OR_INSUFFICIENT	-0.16112946629959074	0.9899399288667535	0.0	-0.15561516101816378	-0.15143318314620605	-0.138320355777171	OTHER_OR_INSUFFICIENT	OTHER_OR_INSUFFICIENT	OTHER_OR_INSUFFICIENT
s__GGB3614_SGB4886	4	1	0.05428584621904664	1	OTHER_OR_INSUFFICIENT	0.14759951126334928	0.9899399288667535	0.0	0.14759951126334928	0.14759951126334928	0.09331366504430263	OTHER_OR_INSUFFICIENT	OTHER_OR_INSUFFICIENT	OTHER_OR_INSUFFICIENT
s__GGB3619_SGB4894	4	1	0.02101774004833918	0	OTHER_OR_INSUFFICIENT	-0.018971561606731285	0.9899399288667535	0.0	-0.012932485257503902	-0.008549263329984956	-0.029567003378324137	OTHER_OR_INSUFFICIENT	OTHER_OR_INSUFFICIENT	CONSISTENT_NONSIGNIFICANT
s__GGB36267_SGB14177	4	0	0.029348317099764952	1	OTHER_OR_INSUFFICIENT	-0.019649285941191627	0.9899399288667535	13.746874991639016	-0.011611006950327704	-0.006350637389639215	0.009699031158573327	OTHER_OR_INSUFFICIENT	OTHER_OR_INSUFFICIENT	OTHER_OR_INSUFFICIENT
s__GGB3653_SGB4964	4	1	0.01588227150696534	1	OTHER_OR_INSUFFICIENT	0.04234123729721753	0.9899399288667535	0.0	0.03258573597521737	0.02645896579025219	0.0273371316398888	OTHER_OR_INSUFFICIENT	OTHER_OR_INSUFFICIENT	OTHER_OR_INSUFFICIENT
s__GGB3730_SGB5060	4	1	0.028229469747956912	1	OTHER_OR_INSUFFICIENT	0.0719872421719294	0.9899399288667535	38.201950859632554	0.0783718594709911	0.07980807351221837	0.1002167119198863	OTHER_OR_INSUFFICIENT	OTHER_OR_INSUFFICIENT	OTHER_OR_INSUFFICIENT
s__GGB3746_SGB5089	4	0	0.04165397628344569	1	OTHER_OR_INSUFFICIENT	-0.01068694061479	0.9899399288667535	0.0	-0.010275033156283917	-0.01147181785696895	0.030182158426476743	OTHER_OR_INSUFFICIENT	OTHER_OR_INSUFFICIENT	OTHER_OR_INSUFFICIENT
s__GGB3818_SGB5183	4	1	0.0	1	OTHER_OR_INSUFFICIENT	-0.2045234848771242	0.9899399288667535	0.0	-0.2045234848771242	-0.2045234848771242	-0.2045234848771242	OTHER_OR_INSUFFICIENT	OTHER_OR_INSUFFICIENT	OTHER_OR_INSUFFICIENT
s__GGB3819_SGB5184	4	1	0.04266155531271726	1	OTHER_OR_INSUFFICIENT	0.10520815511608649	0.9899399288667535	14.40814151049804	0.10904093418184913	0.11445697323211651	0.07179541791939925	OTHER_OR_INSUFFICIENT	OTHER_OR_INSUFFICIENT	OTHER_OR_INSUFFICIENT
s__GGB38744_SGB14842	4	1	0.02733548800007618	1	OTHER_OR_INSUFFICIENT	-0.1606026314601043	0.9899399288667535	0.0	-0.1606026314601043	-0.1606026314601043	-0.13326714346002813	OTHER_OR_INSUFFICIENT	OTHER_OR_INSUFFICIENT	OTHER_OR_INSUFFICIENT
s__GGB42378_SGB59548	2	1	0.08796182605527908	1	OTHER_OR_INSUFFICIENT	0.2760379586432623	0.9899399288667535	5.319250945313428		0.18807613258798322			OTHER_OR_INSUFFICIENT	
s__GGB42389_SGB59559	4	1	0.0377034433943052	1	OTHER_OR_INSUFFICIENT	0.07366430575948907	0.9899399288667535	0.0	0.07366430575948907	0.07366430575948907	0.11136774915379427	OTHER_OR_INSUFFICIENT	OTHER_OR_INSUFFICIENT	OTHER_OR_INSUFFICIENT
s__GGB42994_SGB4746	4	1	0.0	1	OTHER_OR_INSUFFICIENT	-0.10423023689959295	0.9899399288667535	34.82313256479832	-0.10423023689959295	-0.10423023689959295	-0.10423023689959295	OTHER_OR_INSUFFICIENT	OTHER_OR_INSUFFICIENT	OTHER_OR_INSUFFICIENT
s__GGB4456_SGB6141	4	1	0.08352870516931005	1	OTHER_OR_INSUFFICIENT	0.15571087843199943	0.9899399288667535	32.5043773197146	0.15571087843199943	0.15571087843199943	0.23923958360130948	OTHER_OR_INSUFFICIENT	OTHER_OR_INSUFFICIENT	OTHER_OR_INSUFFICIENT
s__GGB45432_SGB63101	4	1	0.007249935061375126	1	OTHER_OR_INSUFFICIENT	-0.08167118791521162	0.9899399288667535	19.535074560121675	-0.08167118791521162	-0.08167118791521162	-0.0744212528538365	OTHER_OR_INSUFFICIENT	OTHER_OR_INSUFFICIENT	OTHER_OR_INSUFFICIENT
s__GGB45491_SGB63163	4	1	0.0023474077150471007	1	CONSISTENT_NONSIGNIFICANT	-0.12607202038575618	0.9899399288667535	0.0	-0.12607202038575618	-0.12607202038575618	-0.12841942810080328	CONSISTENT_NONSIGNIFICANT	CONSISTENT_NONSIGNIFICANT	CONSISTENT_NONSIGNIFICANT
s__GGB45495_SGB63167	4	1	0.20787436820945016	0	DOMAIN_SPECIFIC	0.005064198461828188	0.9925937920540963	53.50445785872435	0.005064198461828188	0.005064198461828188	0.21293856667127833	DOMAIN_SPECIFIC	DOMAIN_SPECIFIC	OTHER_OR_INSUFFICIENT
s__GGB45497_SGB63169	4	1	0.028775304500222712	1	OTHER_OR_INSUFFICIENT	-0.12250395821295919	0.9899399288667535	19.96498079461377	-0.12250395821295919	-0.12250395821295919	-0.09372865371273648	OTHER_OR_INSUFFICIENT	OTHER_OR_INSUFFICIENT	OTHER_OR_INSUFFICIENT
s__GGB4566_SGB6305	4	1	0.031837128447681565	1	OTHER_OR_INSUFFICIENT	-0.023762119479246186	0.9899399288667535	0.0	-0.020811946920312834	-0.01623498018884707	-0.04807210863652864	OTHER_OR_INSUFFICIENT	OTHER_OR_INSUFFICIENT	OTHER_OR_INSUFFICIENT
s__GGB51441_SGB71759	4	1	0.03256116334009543	1	OTHER_OR_INSUFFICIENT	0.17186937150941303	0.9899399288667535	0.0	0.17186937150941303	0.17186937150941303	0.1393082081693176	OTHER_OR_INSUFFICIENT	OTHER_OR_INSUFFICIENT	OTHER_OR_INSUFFICIENT
s__GGB51510_SGB71883	4	1	0.0	1	OTHER_OR_INSUFFICIENT	-0.06428126062035001	0.9899399288667535	0.0	-0.06428126062035001	-0.06428126062035001	-0.06428126062035001	OTHER_OR_INSUFFICIENT	OTHER_OR_INSUFFICIENT	OTHER_OR_INSUFFICIENT
s__GGB51647_SGB4348	4	1	0.07588572427108149	0	STRONG_DIRECTION_REVERSAL	0.06106391771582141	0.9899399288667535	59.3681908829059	0.08978493170498622	0.09273090021655404	0.1369496419869029	STRONG_DIRECTION_REVERSAL	STRONG_DIRECTION_REVERSAL	CONSISTENT_NONSIGNIFICANT
s__GGB51959_SGB72479	4	1	0.01707286009295797	0	OTHER_OR_INSUFFICIENT	0.12820672807933328	0.9899399288667535	24.735919076253353	0.12820672807933328	0.12820672807933328	0.14527958817229125	OTHER_OR_INSUFFICIENT	OTHER_OR_INSUFFICIENT	CONSISTENT_NONSIGNIFICANT
s__GGB52106_SGB72838	4	1	0.028548302860388744	1	OTHER_OR_INSUFFICIENT	-0.02770756688070413	0.9899399288667535	2.594314744633343	-0.02097965798122846	-0.015388378817568354	-0.0439366816779571	OTHER_OR_INSUFFICIENT	OTHER_OR_INSUFFICIENT	OTHER_OR_INSUFFICIENT
s__GGB52130_SGB14966	4	1	0.040352538488421394	1	OTHER_OR_INSUFFICIENT	0.11974928576138959	0.9899399288667535	18.37310209577009	0.1308146024175218	0.13869702484324237	0.09834448635482097	OTHER_OR_INSUFFICIENT	OTHER_OR_INSUFFICIENT	OTHER_OR_INSUFFICIENT
s__GGB55957_SGB77276	4	1	0.0	1	OTHER_OR_INSUFFICIENT	0.04765424475661074	0.9899399288667535	59.29473760905669	0.04765424475661074	0.04765424475661074	0.04765424475661074	OTHER_OR_INSUFFICIENT	OTHER_OR_INSUFFICIENT	OTHER_OR_INSUFFICIENT
s__GGB58158_SGB79798	4	1	0.010604446526787277	1	OTHER_OR_INSUFFICIENT	0.058373803435065943	0.9899399288667535	0.0	0.05770008242628816	0.057446623093936715	0.06805106962072399	OTHER_OR_INSUFFICIENT	OTHER_OR_INSUFFICIENT	OTHER_OR_INSUFFICIENT
s__GGB58233_SGB79883	4	1	0.047348248771145296	1	OTHER_OR_INSUFFICIENT	-0.15484039815210882	0.9899399288667535	7.243309131924713	-0.15484039815210882	-0.15484039815210882	-0.10749214938096352	OTHER_OR_INSUFFICIENT	OTHER_OR_INSUFFICIENT	OTHER_OR_INSUFFICIENT
s__GGB74403_SGB53807	4	1	0.0	1	OTHER_OR_INSUFFICIENT	-0.04344986840819997	0.9899399288667535	0.0	-0.04344986840819997	-0.04344986840819997	-0.04344986840819997	OTHER_OR_INSUFFICIENT	OTHER_OR_INSUFFICIENT	OTHER_OR_INSUFFICIENT
s__GGB74463_SGB54347	4	1	0.009691422960501933	1	OTHER_OR_INSUFFICIENT	-0.05419088596208821	0.9899399288667535	0.0	-0.048819552739341625	-0.044499463001586276	-0.04685754418494423	OTHER_OR_INSUFFICIENT	OTHER_OR_INSUFFICIENT	OTHER_OR_INSUFFICIENT
s__GGB79630_SGB13983	4	1	0.04217405739791702	1	OTHER_OR_INSUFFICIENT	0.014339422848374455	0.9899399288667535	0.0	0.024602485332810772	0.03184474229389267	0.05651348024629148	OTHER_OR_INSUFFICIENT	OTHER_OR_INSUFFICIENT	OTHER_OR_INSUFFICIENT
s__GGB79734_SGB15291	4	1	0.06134703809641985	1	OTHER_OR_INSUFFICIENT	0.05065267126888773	0.9899399288667535	0.0	0.05835168786245476	0.06525756760682198	0.11199970936530758	OTHER_OR_INSUFFICIENT	OTHER_OR_INSUFFICIENT	OTHER_OR_INSUFFICIENT
s__GGB80011_SGB15265	4	1	0.018681754344572504	0	CONSISTENT_NONSIGNIFICANT	0.09851294202953334	0.9899399288667535	22.552236727260773	0.09851294202953334	0.09851294202953334	0.07983118768496084	CONSISTENT_NONSIGNIFICANT	CONSISTENT_NONSIGNIFICANT	OTHER_OR_INSUFFICIENT
s__GGB80011_SGB15267	4	1	0.07325053352692301	1	OTHER_OR_INSUFFICIENT	-0.14320846712063698	0.9899399288667535	0.0	-0.14320846712063698	-0.14320846712063698	-0.21645900064756	OTHER_OR_INSUFFICIENT	OTHER_OR_INSUFFICIENT	OTHER_OR_INSUFFICIENT
s__GGB80140_SGB15224	4	1	0.041991076399981175	1	CONSISTENT_NONSIGNIFICANT	0.12423045893120738	0.9899399288667535	0.24221237481003516	0.13075102030829205	0.13393150792530567	0.16622153533118855	CONSISTENT_NONSIGNIFICANT	CONSISTENT_NONSIGNIFICANT	CONSISTENT_NONSIGNIFICANT
s__GGB9062_SGB13981	4	1	0.022406554408775536	1	OTHER_OR_INSUFFICIENT	-0.06629703338334048	0.9899399288667535	11.269977614992213	-0.05480736393781428	-0.04482130348896787	-0.04389047897456494	OTHER_OR_INSUFFICIENT	OTHER_OR_INSUFFICIENT	OTHER_OR_INSUFFICIENT
s__GGB9063_SGB13982	4	1	0.055396416094880746	1	CONSISTENT_NONSIGNIFICANT	-0.1622022705176148	0.9899399288667535	10.861444278781438	-0.18542325649466776	-0.1988192912159606	-0.14342287512107985	CONSISTENT_NONSIGNIFICANT	CONSISTENT_NONSIGNIFICANT	CONSISTENT_NONSIGNIFICANT
s__GGB9110_SGB14043	4	1	0.0	1	OTHER_OR_INSUFFICIENT	-0.0347719635933733	0.9899399288667535	0.0	-0.0347719635933733	-0.0347719635933733	-0.0347719635933733	OTHER_OR_INSUFFICIENT	OTHER_OR_INSUFFICIENT	OTHER_OR_INSUFFICIENT
s__GGB9176_SGB14114	4	1	0.09341625873772968	0	OTHER_OR_INSUFFICIENT	0.19572202705332337	0.9899399288667535	22.98783273029656	0.2015369126559437	0.20400564388277548	0.28913828579105305	OTHER_OR_INSUFFICIENT	OTHER_OR_INSUFFICIENT	CONSISTENT_NONSIGNIFICANT
s__GGB9186_SGB14125	4	1	0.020673875478388972	1	OTHER_OR_INSUFFICIENT	-0.029649605688585597	0.9899399288667535	0.0	-0.036461687822877155	-0.0418868784494679	-0.05032348116697457	OTHER_OR_INSUFFICIENT	OTHER_OR_INSUFFICIENT	OTHER_OR_INSUFFICIENT
s__GGB9210_SGB14149	4	1	0.0	1	OTHER_OR_INSUFFICIENT	0.10601224889828345	0.9899399288667535	0.0	0.10601224889828345	0.10601224889828345	0.10601224889828345	OTHER_OR_INSUFFICIENT	OTHER_OR_INSUFFICIENT	OTHER_OR_INSUFFICIENT
s__GGB9237_SGB14179	4	1	0.08057650199973433	1	OTHER_OR_INSUFFICIENT	-0.17212385553691373	0.9899399288667535	31.171654869728517	-0.17212385553691373	-0.17212385553691373	-0.0915473535371794	OTHER_OR_INSUFFICIENT	OTHER_OR_INSUFFICIENT	OTHER_OR_INSUFFICIENT
s__GGB9240_SGB14182	4	1	0.012079309111761319	1	OTHER_OR_INSUFFICIENT	-0.101057962419292	0.9899399288667535	0.0	-0.09461662193952465	-0.08897865330753069	-0.09203648988443672	OTHER_OR_INSUFFICIENT	OTHER_OR_INSUFFICIENT	OTHER_OR_INSUFFICIENT
s__GGB9293_SGB14250	4	1	0.051348444268528054	1	OTHER_OR_INSUFFICIENT	0.24998797769930794	0.9899399288667535	0.0	0.24998797769930794	0.24998797769930794	0.301336421967836	OTHER_OR_INSUFFICIENT	OTHER_OR_INSUFFICIENT	OTHER_OR_INSUFFICIENT
s__GGB9296_SGB14253	4	1	0.027285236421190007	1	OTHER_OR_INSUFFICIENT	-0.027089578303190896	0.9899399288667535	0.0	-0.03586114111473117	-0.04376599404885598	-0.01648075762766597	OTHER_OR_INSUFFICIENT	OTHER_OR_INSUFFICIENT	OTHER_OR_INSUFFICIENT
s__GGB9342_SGB14306	4	1	0.08217615073866694	0	OTHER_OR_INSUFFICIENT	0.15896988344567994	0.9899399288667535	0.0	0.1466441489399757	0.13521711880890747	0.2173932695475744	OTHER_OR_INSUFFICIENT	OTHER_OR_INSUFFICIENT	CONSISTENT_NONSIGNIFICANT
s__GGB9345_SGB14311	4	1	0.0707794181527806	1	CONSISTENT_NONSIGNIFICANT	0.22084893214582596	0.9899399288667535	0.0	0.20747576305063967	0.20226810520523397	0.2730475233580146	CONSISTENT_NONSIGNIFICANT	CONSISTENT_NONSIGNIFICANT	CONSISTENT_NONSIGNIFICANT
s__GGB9350_SGB14317	4	0	0.22184039049779808	1	OTHER_OR_INSUFFICIENT	0.06693720410720613	0.9899399288667535	17.414355886893123	0.10389540748824297	-0.026197435666027388	0.1956429548317707	OTHER_OR_INSUFFICIENT	OTHER_OR_INSUFFICIENT	OTHER_OR_INSUFFICIENT
s__GGB9453_SGB14844	4	1	0.0040819983482639766	1	OTHER_OR_INSUFFICIENT	0.15079645068701047	0.9899399288667535	30.87646096939321	0.15079645068701047	0.15079645068701047	0.15487844903527445	OTHER_OR_INSUFFICIENT	OTHER_OR_INSUFFICIENT	OTHER_OR_INSUFFICIENT
s__GGB9453_SGB14845	4	1	0.02360976560544598	1	OTHER_OR_INSUFFICIENT	-0.017668991454354962	0.9899399288667535	0.0	-0.017668991454354962	-0.017668991454354962	-0.04127875705980094	OTHER_OR_INSUFFICIENT	OTHER_OR_INSUFFICIENT	OTHER_OR_INSUFFICIENT
s__GGB9469_SGB14862	4	1	0.0	1	OTHER_OR_INSUFFICIENT	0.06822713468500989	0.9899399288667535	0.0	0.06822713468500989	0.06822713468500989	0.06822713468500989	OTHER_OR_INSUFFICIENT	OTHER_OR_INSUFFICIENT	OTHER_OR_INSUFFICIENT
s__GGB9474_SGB14868	4	1	0.0	1	OTHER_OR_INSUFFICIENT	-0.09095299620560318	0.9899399288667535	57.90141338880276	-0.09095299620560318	-0.09095299620560318	-0.09095299620560318	OTHER_OR_INSUFFICIENT	OTHER_OR_INSUFFICIENT	OTHER_OR_INSUFFICIENT
s__GGB9480_SGB14874	4	1	0.0	1	CONSISTENT_NONSIGNIFICANT	-0.1457726216132566	0.9899399288667535	0.0	-0.1457726216132566	-0.1457726216132566	-0.1457726216132566	CONSISTENT_NONSIGNIFICANT	CONSISTENT_NONSIGNIFICANT	CONSISTENT_NONSIGNIFICANT
s__GGB9495_SGB14892	4	1	0.0	1	OTHER_OR_INSUFFICIENT	-0.13986147423513734	0.9899399288667535	0.0	-0.13986147423513734	-0.13986147423513734	-0.13986147423513734	OTHER_OR_INSUFFICIENT	OTHER_OR_INSUFFICIENT	OTHER_OR_INSUFFICIENT
s__GGB9501_SGB14898	4	0	0.03794483216166494	1	OTHER_OR_INSUFFICIENT	-0.017372175721410695	0.9899399288667535	20.65962959508504	-0.017372175721410695	-0.017372175721410695	0.020572656440254248	OTHER_OR_INSUFFICIENT	OTHER_OR_INSUFFICIENT	OTHER_OR_INSUFFICIENT
s__GGB9512_SGB14909	4	1	0.04807920665299489	1	OTHER_OR_INSUFFICIENT	-0.03837308237522983	0.9899399288667535	0.0	-0.03322479530599993	-0.02854411429316727	-0.07662332094616216	OTHER_OR_INSUFFICIENT	OTHER_OR_INSUFFICIENT	OTHER_OR_INSUFFICIENT
s__GGB9522_SGB14921	4	1	0.008322980880610016	1	OTHER_OR_INSUFFICIENT	-0.0015351835642269268	0.9930462049980862	0.0	-0.0015351835642269268	-0.0015351835642269268	-0.009858164444836942	OTHER_OR_INSUFFICIENT	OTHER_OR_INSUFFICIENT	OTHER_OR_INSUFFICIENT
s__GGB9524_SGB14923	4	1	0.0	1	OTHER_OR_INSUFFICIENT	0.1048563578949832	0.9899399288667535	61.12458647215567	0.1048563578949832	0.1048563578949832	0.1048563578949832	OTHER_OR_INSUFFICIENT	OTHER_OR_INSUFFICIENT	OTHER_OR_INSUFFICIENT
s__GGB9524_SGB14924	4	1	0.07159570162090104	1	CONSISTENT_NONSIGNIFICANT	0.07176339677820129	0.9899399288667535	42.614007915691815	0.07176339677820129	0.07176339677820129	0.14335909839910232	CONSISTENT_NONSIGNIFICANT	CONSISTENT_NONSIGNIFICANT	CONSISTENT_NONSIGNIFICANT
s__GGB9559_SGB14969	4	1	0.04695552152311941	1	OTHER_OR_INSUFFICIENT	0.04164803335220983	0.9899399288667535	0.0	0.04164803335220983	0.04164803335220983	0.08860355487532924	OTHER_OR_INSUFFICIENT	OTHER_OR_INSUFFICIENT	OTHER_OR_INSUFFICIENT
s__GGB9581_SGB79823	4	1	0.0	1	OTHER_OR_INSUFFICIENT	-0.1418325467745002	0.9899399288667535	0.0	-0.1418325467745002	-0.1418325467745002	-0.1418325467745002	OTHER_OR_INSUFFICIENT	OTHER_OR_INSUFFICIENT	OTHER_OR_INSUFFICIENT
s__GGB9602_SGB15028	4	0	0.0640023556767555	1	OTHER_OR_INSUFFICIENT	-0.0047698625593680915	0.9925937920540963	0.0	-0.023269467406235318	-0.031009949020641435	0.032992406656114054	OTHER_OR_INSUFFICIENT	OTHER_OR_INSUFFICIENT	OTHER_OR_INSUFFICIENT
s__GGB9602_SGB15031	4	1	0.06360735915624968	1	OTHER_OR_INSUFFICIENT	0.1270045428776269	0.9899399288667535	45.11307264718723	0.13785667378350486	0.14290602912322425	0.1906119020338766	OTHER_OR_INSUFFICIENT	OTHER_OR_INSUFFICIENT	OTHER_OR_INSUFFICIENT
s__GGB9611_SGB15045	4	1	0.0	1	OTHER_OR_INSUFFICIENT	0.08447691945544168	0.9899399288667535	31.5160937851933	0.08447691945544168	0.08447691945544168	0.08447691945544168	OTHER_OR_INSUFFICIENT	OTHER_OR_INSUFFICIENT	OTHER_OR_INSUFFICIENT
s__GGB9614_SGB15049	4	1	0.02854349998362477	1	OTHER_OR_INSUFFICIENT	-0.05701757634334425	0.9899399288667535	20.355914355961495	-0.04545681462876678	-0.03432398751126045	-0.02847407635971948	OTHER_OR_INSUFFICIENT	OTHER_OR_INSUFFICIENT	OTHER_OR_INSUFFICIENT
s__GGB9616_SGB15051	4	1	0.05497242245302342	1	OTHER_OR_INSUFFICIENT	-0.22304758346782783	0.9899399288667535	0.0	-0.21447536411082654	-0.2075083984973714	-0.2624808209503948	OTHER_OR_INSUFFICIENT	OTHER_OR_INSUFFICIENT	OTHER_OR_INSUFFICIENT
s__GGB9619_SGB15066	4	0	0.025786527924898967	1	OTHER_OR_INSUFFICIENT	-0.017543577152363085	0.9899399288667535	0.0	-0.00668600071937574	0.002809410599276637	0.008242950772535881	OTHER_OR_INSUFFICIENT	OTHER_OR_INSUFFICIENT	OTHER_OR_INSUFFICIENT
s__GGB9619_SGB15067	4	1	0.0	1	OTHER_OR_INSUFFICIENT	0.10174388305362368	0.9899399288667535	0.0	0.10174388305362368	0.10174388305362368	0.10174388305362368	OTHER_OR_INSUFFICIENT	OTHER_OR_INSUFFICIENT	OTHER_OR_INSUFFICIENT
s__GGB9620_SGB15068	4	1	0.0	1	OTHER_OR_INSUFFICIENT	-0.08009807026316138	0.9899399288667535	0.0	-0.08009807026316138	-0.08009807026316138	-0.08009807026316138	OTHER_OR_INSUFFICIENT	OTHER_OR_INSUFFICIENT	OTHER_OR_INSUFFICIENT
s__GGB9621_SGB15073	4	1	0.04318008290384552	1	CONSISTENT_NONSIGNIFICANT	-0.11328315527453102	0.9899399288667535	1.2348385337015835	-0.12005609346064658	-0.12508752228521483	-0.15646323817837654	CONSISTENT_NONSIGNIFICANT	CONSISTENT_NONSIGNIFICANT	CONSISTENT_NONSIGNIFICANT
s__GGB9627_SGB15081	4	1	0.011735202229102792	1	OTHER_OR_INSUFFICIENT	0.1628471870386083	0.9899399288667535	0.0	0.16961636638701932	0.17458238926771108	0.16855953980397664	OTHER_OR_INSUFFICIENT	OTHER_OR_INSUFFICIENT	OTHER_OR_INSUFFICIENT
s__GGB9634_SGB15093	4	1	0.03498968615679958	1	OTHER_OR_INSUFFICIENT	-0.14188311097198447	0.9899399288667535	0.0	-0.13678201719654093	-0.13300478666845608	-0.10689342481518489	OTHER_OR_INSUFFICIENT	OTHER_OR_INSUFFICIENT	OTHER_OR_INSUFFICIENT
s__GGB9635_SGB15106	4	1	0.09111800320588798	1	OTHER_OR_INSUFFICIENT	0.12080267477288864	0.9899399288667535	52.185415244069944	0.13234990538631644	0.1422382163045867	0.21192067797877662	OTHER_OR_INSUFFICIENT	OTHER_OR_INSUFFICIENT	OTHER_OR_INSUFFICIENT
s__GGB9636_SGB15107	4	1	0.018030827995093007	1	OTHER_OR_INSUFFICIENT	0.10658784730908813	0.9899399288667535	0.0	0.10658784730908813	0.10658784730908813	0.12461867530418114	OTHER_OR_INSUFFICIENT	OTHER_OR_INSUFFICIENT	OTHER_OR_INSUFFICIENT
s__GGB9641_SGB15117	4	1	0.02527452834724231	1	OTHER_OR_INSUFFICIENT	-0.1443398053697173	0.9899399288667535	0.0	-0.1443398053697173	-0.1443398053697173	-0.1696143337169596	OTHER_OR_INSUFFICIENT	OTHER_OR_INSUFFICIENT	OTHER_OR_INSUFFICIENT
s__GGB9642_SGB15119	4	1	0.05037334936664142	1	OTHER_OR_INSUFFICIENT	-0.21623141462391457	0.9899399288667535	0.0	-0.21623141462391457	-0.21623141462391457	-0.266604763990556	OTHER_OR_INSUFFICIENT	OTHER_OR_INSUFFICIENT	OTHER_OR_INSUFFICIENT
s__GGB9646_SGB15123	4	1	0.05689728355691481	1	OTHER_OR_INSUFFICIENT	-0.09287573372851059	0.9899399288667535	0.0	-0.09287573372851059	-0.09287573372851059	-0.035978450171595774	OTHER_OR_INSUFFICIENT	OTHER_OR_INSUFFICIENT	OTHER_OR_INSUFFICIENT
s__GGB9694_SGB15204	4	1	0.0	1	CONSISTENT_NONSIGNIFICANT	0.20857332761590697	0.9899399288667535	0.0	0.20857332761590697	0.20857332761590697	0.20857332761590697	CONSISTENT_NONSIGNIFICANT	CONSISTENT_NONSIGNIFICANT	CONSISTENT_NONSIGNIFICANT
s__GGB9699_SGB15216	4	1	0.02534392907294542	1	OTHER_OR_INSUFFICIENT	0.00918605823426287	0.9899399288667535	13.1271637408524	0.01791637687111714	0.03186149099213115	0.006517561919185725	OTHER_OR_INSUFFICIENT	OTHER_OR_INSUFFICIENT	OTHER_OR_INSUFFICIENT
s__GGB9707_SGB15229	4	1	0.02084505142437123	1	OTHER_OR_INSUFFICIENT	-0.05230940072710728	0.9899399288667535	0.0	-0.044684081424201376	-0.03829886264041411	-0.059143914064785336	OTHER_OR_INSUFFICIENT	OTHER_OR_INSUFFICIENT	OTHER_OR_INSUFFICIENT
s__GGB9708_SGB15233	4	1	0.037618377502439904	1	OTHER_OR_INSUFFICIENT	0.077306629360189	0.9899399288667535	0.0	0.08748561968316791	0.09437907402470258	0.11492500686262891	OTHER_OR_INSUFFICIENT	OTHER_OR_INSUFFICIENT	OTHER_OR_INSUFFICIENT
s__GGB9708_SGB15234	4	1	0.062020701964835105	1	OTHER_OR_INSUFFICIENT	0.0624267449500868	0.9899399288667535	0.0	0.0694974977026222	0.07640595937206869	0.1244474469149219	OTHER_OR_INSUFFICIENT	OTHER_OR_INSUFFICIENT	OTHER_OR_INSUFFICIENT
s__GGB9712_SGB15244	4	1	0.02575592386208201	0	OTHER_OR_INSUFFICIENT	0.014787178880941686	0.9899399288667535	29.30829583561712	0.02184861674373567	0.027865270794452536	0.040543102743023696	OTHER_OR_INSUFFICIENT	OTHER_OR_INSUFFICIENT	DOMAIN_SPECIFIC
s__GGB9713_SGB15249	4	1	0.06352785792606028	1	OTHER_OR_INSUFFICIENT	0.03770977116787175	0.9899399288667535	8.870748804471857	0.044484094078211835	0.0550064438268571	0.10123762909393202	OTHER_OR_INSUFFICIENT	OTHER_OR_INSUFFICIENT	OTHER_OR_INSUFFICIENT
s__GGB9719_SGB15272	4	0	0.016744986640116134	1	OTHER_OR_INSUFFICIENT	0.008281910887665634	0.9899399288667535	0.0	0.010792550823602656	0.01400203247517784	-0.0027429541649382928	OTHER_OR_INSUFFICIENT	OTHER_OR_INSUFFICIENT	OTHER_OR_INSUFFICIENT
s__GGB9719_SGB15273	4	1	0.0023669807892775646	0	CONSISTENT_NONSIGNIFICANT	0.057833143606208025	0.9899399288667535	0.0	0.057833143606208025	0.057833143606208025	0.05546616281693046	CONSISTENT_NONSIGNIFICANT	CONSISTENT_NONSIGNIFICANT	OTHER_OR_INSUFFICIENT
s__GGB9719_SGB53514	4	0	0.06180413255099044	1	OTHER_OR_INSUFFICIENT	0.033007549961920984	0.9899399288667535	0.0	0.015713119427356526	-0.006041281664064539	-0.028796582589069454	OTHER_OR_INSUFFICIENT	OTHER_OR_INSUFFICIENT	OTHER_OR_INSUFFICIENT
s__GGB9724_SGB15278	4	1	0.005749259766248321	1	OTHER_OR_INSUFFICIENT	-0.15832432682473652	0.9899399288667535	0.0	-0.15832432682473652	-0.15832432682473652	-0.1525750670584882	OTHER_OR_INSUFFICIENT	OTHER_OR_INSUFFICIENT	OTHER_OR_INSUFFICIENT
s__GGB9739_SGB15313	4	1	0.0	1	OTHER_OR_INSUFFICIENT	0.3755990127666743	0.9899399288667535	0.0	0.3755990127666743	0.3755990127666743	0.3755990127666743	OTHER_OR_INSUFFICIENT	OTHER_OR_INSUFFICIENT	OTHER_OR_INSUFFICIENT
s__GGB9747_SGB15356	4	1	0.0271444618682234	1	OTHER_OR_INSUFFICIENT	0.011203786299414414	0.9899399288667535	14.62194869793321	0.018470074776496714	0.022853584134945436	0.038348248167637815	OTHER_OR_INSUFFICIENT	OTHER_OR_INSUFFICIENT	OTHER_OR_INSUFFICIENT
s__GGB9758_SGB15368	4	1	0.043708718971352103	1	OTHER_OR_INSUFFICIENT	0.005722821435742147	0.9908744990282015	0.0	0.011695184180749387	0.016097969047642702	0.04943154040709425	OTHER_OR_INSUFFICIENT	OTHER_OR_INSUFFICIENT	OTHER_OR_INSUFFICIENT
s__GGB9759_SGB15370	4	1	0.013740092345058241	1	CONSISTENT_NONSIGNIFICANT	0.20659025946650275	0.9899399288667535	0.0	0.212026179902008	0.21434695794148062	0.220330351811561	CONSISTENT_NONSIGNIFICANT	CONSISTENT_NONSIGNIFICANT	CONSISTENT_NONSIGNIFICANT
s__GGB9760_SGB15373	4	1	0.012760813544932609	1	OTHER_OR_INSUFFICIENT	0.033209175594570955	0.9899399288667535	18.926355657588996	0.039618111926585944	0.04406265170811553	0.031301838163182924	OTHER_OR_INSUFFICIENT	OTHER_OR_INSUFFICIENT	OTHER_OR_INSUFFICIENT
s__GGB9765_SGB15382	4	0	0.08726806307970555	1	OTHER_OR_INSUFFICIENT	0.0767058789507213	0.9899399288667535	6.348361025631	0.0767058789507213	0.0767058789507213	-0.010562184128984249	OTHER_OR_INSUFFICIENT	OTHER_OR_INSUFFICIENT	OTHER_OR_INSUFFICIENT
s__GGB9767_SGB15385	4	0	0.14346331825139075	0	DOMAIN_SPECIFIC	-0.0356857202126793	0.9899399288667535	52.121571676710346	-0.0356857202126793	-0.0356857202126793	0.10777759803871145	DOMAIN_SPECIFIC	DOMAIN_SPECIFIC	OTHER_OR_INSUFFICIENT
s__GGB9770_SGB15389	4	1	0.0	1	OTHER_OR_INSUFFICIENT	0.04777057646295673	0.9899399288667535	36.64529507161411	0.04777057646295673	0.04777057646295673	0.04777057646295673	OTHER_OR_INSUFFICIENT	OTHER_OR_INSUFFICIENT	OTHER_OR_INSUFFICIENT
s__GGB9770_SGB15390	4	1	0.020675109653148088	1	OTHER_OR_INSUFFICIENT	-0.044217464483027484	0.9899399288667535	0.0	-0.043059394546567445	-0.06373450419971553	-0.05985609312228802	OTHER_OR_INSUFFICIENT	OTHER_OR_INSUFFICIENT	OTHER_OR_INSUFFICIENT
s__GGB9775_SGB15395	4	1	0.013831110604619987	0	OTHER_OR_INSUFFICIENT	0.08998019029449623	0.9899399288667535	0.0	0.09554458096992678	0.09935543490312097	0.10381130089911622	OTHER_OR_INSUFFICIENT	OTHER_OR_INSUFFICIENT	CONSISTENT_NONSIGNIFICANT
s__GGB9781_SGB15402	4	1	0.0023715965699796643	1	CONSISTENT_NONSIGNIFICANT	0.09318130231705442	0.9899399288667535	0.0	0.09318130231705442	0.09318130231705442	0.09555289888703408	CONSISTENT_NONSIGNIFICANT	CONSISTENT_NONSIGNIFICANT	CONSISTENT_NONSIGNIFICANT
s__GGB9781_SGB66170	4	1	0.009589095854948469	1	OTHER_OR_INSUFFICIENT	0.03438080542835814	0.9899399288667535	0.0	0.03438080542835814	0.03438080542835814	0.024791709573409672	OTHER_OR_INSUFFICIENT	OTHER_OR_INSUFFICIENT	OTHER_OR_INSUFFICIENT
s__GGB9782_SGB15403	4	1	0.05479434837469353	1	CONSISTENT_NONSIGNIFICANT	-0.07377320508274501	0.9899399288667535	0.0	-0.04529760225441941	-0.10009195062911294	-0.04529760225441941	CONSISTENT_NONSIGNIFICANT	CONSISTENT_NONSIGNIFICANT	CONSISTENT_NONSIGNIFICANT
s__GGB9787_SGB15410	4	1	0.0110929401179779	1	OTHER_OR_INSUFFICIENT	0.17597044010876112	0.9899399288667535	0.0	0.17597044010876112	0.17597044010876112	0.16487749999078322	OTHER_OR_INSUFFICIENT	OTHER_OR_INSUFFICIENT	OTHER_OR_INSUFFICIENT
s__GGB9788_SGB15411	4	1	0.1625838085258206	1	OTHER_OR_INSUFFICIENT	0.18322672189277434	0.9899399288667535	40.69695393883217	0.18322672189277434	0.18322672189277434	0.34581053041859494	OTHER_OR_INSUFFICIENT	OTHER_OR_INSUFFICIENT	OTHER_OR_INSUFFICIENT
s__GGB9818_SGB15459	4	1	0.04043631807085046	0	OTHER_OR_INSUFFICIENT	0.12846314580736334	0.9899399288667535	21.774034371963474	0.13498636554957455	0.13797663268654098	0.1688994638782138	OTHER_OR_INSUFFICIENT	OTHER_OR_INSUFFICIENT	CONSISTENT_NONSIGNIFICANT
s__Gordonibacter_pamelaeae	4	1	0.002055050004608233	1	CONSISTENT_NONSIGNIFICANT	-0.1283763264646773	0.9899399288667535	26.088652141538386	-0.1283763264646773	-0.1283763264646773	-0.12632127646006908	CONSISTENT_NONSIGNIFICANT	CONSISTENT_NONSIGNIFICANT	CONSISTENT_NONSIGNIFICANT
s__Gordonibacter_urolithinfaciens	4	0	0.04543190306882237	1	OTHER_OR_INSUFFICIENT	-0.03543295513407305	0.9899399288667535	25.947876886304094	-0.03543295513407305	-0.03543295513407305	0.009998947934749315	OTHER_OR_INSUFFICIENT	OTHER_OR_INSUFFICIENT	OTHER_OR_INSUFFICIENT
s__Granulicatella_SGB8255	4	1	0.05196752507043756	0	OTHER_OR_INSUFFICIENT	-0.10591376249896126	0.9899399288667535	0.0	-0.14197647979263786	-0.11956507851225781	-0.15788128756939881	CONSISTENT_NONSIGNIFICANT	OTHER_OR_INSUFFICIENT	CONSISTENT_NONSIGNIFICANT
s__Haemophilus_parainfluenzae	4	1	0.04936011489773862	0	OTHER_OR_INSUFFICIENT	-0.08413808134054306	0.9899399288667535	49.374074046821015	-0.07068539332353437	-0.058486769273774615	-0.10784688417151324	DOMAIN_SPECIFIC	DOMAIN_SPECIFIC	DOMAIN_SPECIFIC
s__Harryflintia_acetispora	4	1	0.0391933093161531	1	CONSISTENT_NONSIGNIFICANT	0.12448382796610882	0.9899399288667535	0.0	0.1280148006138449	0.13191048790886464	0.09271717859271154	CONSISTENT_NONSIGNIFICANT	CONSISTENT_NONSIGNIFICANT	CONSISTENT_NONSIGNIFICANT
s__Holdemanella_porci	4	1	0.03418734432439319	1	OTHER_OR_INSUFFICIENT	0.16344583779003924	0.9899399288667535	41.00929474009652	0.16344583779003924	0.16344583779003924	0.12925849346564605	OTHER_OR_INSUFFICIENT	OTHER_OR_INSUFFICIENT	OTHER_OR_INSUFFICIENT
s__Holdemania_filiformis	4	1	0.08069155860298313	0	DOMAIN_SPECIFIC	-0.05143629565509738	0.9899399288667535	62.26958834187046	-0.11904224809906601	-0.08874290101633245	-0.03835068949608287	OTHER_OR_INSUFFICIENT	OTHER_OR_INSUFFICIENT	DOMAIN_SPECIFIC
s__Holdemania_massiliensis	4	1	0.03172075349270659	0	OTHER_OR_INSUFFICIENT	-0.27694984407385026	0.9899399288667535	0.0	-0.27386206102805727	-0.26834455293236575	-0.30006530642507234	OTHER_OR_INSUFFICIENT	OTHER_OR_INSUFFICIENT	CONSISTENT_NONSIGNIFICANT
s__Holdemania_sp_1001095H_141210_F2	4	1	0.00855880031961996	1	OTHER_OR_INSUFFICIENT	0.09398459538696088	0.9899399288667535	0.0	0.0985949636663504	0.10254339570658084	0.09925331819246228	OTHER_OR_INSUFFICIENT	OTHER_OR_INSUFFICIENT	OTHER_OR_INSUFFICIENT
s__Hungatella_hathewayi	4	1	0.017182125782467333	1	CONSISTENT_NONSIGNIFICANT	-0.21443967785496257	0.9899399288667535	0.0	-0.22475344703707484	-0.22589605664519788	-0.20871393086273055	CONSISTENT_NONSIGNIFICANT	CONSISTENT_NONSIGNIFICANT	CONSISTENT_NONSIGNIFICANT
s__Hydrogeniiclostidium_mannosilyticum	4	1	0.01910931475075378	0	OTHER_OR_INSUFFICIENT	-0.12343882291845765	0.9899399288667535	0.0	-0.12343882291845765	-0.12343882291845765	-0.14254813766921143	OTHER_OR_INSUFFICIENT	OTHER_OR_INSUFFICIENT	CONSISTENT_NONSIGNIFICANT
s__Hydrogenoanaerobacterium_saccharovorans	4	1	0.06611481498607527	1	OTHER_OR_INSUFFICIENT	0.04193445397006707	0.9899399288667535	18.113625844102906	0.03982009006347313	0.03631743006405957	0.10243224505013483	OTHER_OR_INSUFFICIENT	OTHER_OR_INSUFFICIENT	OTHER_OR_INSUFFICIENT
s__Intestinibacter_bartlettii	4	1	0.08119546088045171	1	OTHER_OR_INSUFFICIENT	0.16324252679078471	0.9899399288667535	0.0	0.1843166935898921	0.13759933757892534	0.21879479845937705	OTHER_OR_INSUFFICIENT	OTHER_OR_INSUFFICIENT	OTHER_OR_INSUFFICIENT
s__Isoptericola_variabilis	4	1	0.008506635195748406	1	OTHER_OR_INSUFFICIENT	0.02790611273958753	0.9899399288667535	0.0	0.02790611273958753	0.02790611273958753	0.036412747935335936	OTHER_OR_INSUFFICIENT	OTHER_OR_INSUFFICIENT	OTHER_OR_INSUFFICIENT
s__Klebsiella_pneumoniae	4	1	0.11885982095168694	0	STRONG_DIRECTION_REVERSAL	-0.03781367180087146	0.9899399288667535	60.356427232887874	-0.03781367180087146	-0.03781367180087146	-0.1566734927525584	STRONG_DIRECTION_REVERSAL	STRONG_DIRECTION_REVERSAL	OTHER_OR_INSUFFICIENT
s__Lachnoclostridium_edouardi	4	1	0.0	1	OTHER_OR_INSUFFICIENT	-0.11561329493200115	0.9899399288667535	0.0	-0.11561329493200115	-0.11561329493200115	-0.11561329493200115	OTHER_OR_INSUFFICIENT	OTHER_OR_INSUFFICIENT	OTHER_OR_INSUFFICIENT
s__Lachnoclostridium_sp_An131	4	1	0.0	1	OTHER_OR_INSUFFICIENT	-0.2521646602436274	0.9899399288667535	0.0	-0.2521646602436274	-0.2521646602436274	-0.2521646602436274	OTHER_OR_INSUFFICIENT	OTHER_OR_INSUFFICIENT	OTHER_OR_INSUFFICIENT
s__Lachnospira_eligens	4	1	0.014211300240051333	1	OTHER_OR_INSUFFICIENT	-0.014307646048342205	0.9899399288667535	0.0	-0.021558730787346252	-0.02753146876508497	-0.028518946288393538	OTHER_OR_INSUFFICIENT	OTHER_OR_INSUFFICIENT	OTHER_OR_INSUFFICIENT
s__Lachnospira_pectinoschiza	4	1	0.03741738493164107	1	OTHER_OR_INSUFFICIENT	0.10329653279906217	0.9899399288667535	0.0	0.10329653279906217	0.10329653279906217	0.14071391773070324	OTHER_OR_INSUFFICIENT	OTHER_OR_INSUFFICIENT	OTHER_OR_INSUFFICIENT
s__Lachnospira_sp_NSJ_43	4	1	0.03370392854241143	1	OTHER_OR_INSUFFICIENT	0.0469474628714109	0.9899399288667535	16.90312213455878	0.051104536442212606	0.054341268421308826	0.08065139141382233	OTHER_OR_INSUFFICIENT	OTHER_OR_INSUFFICIENT	OTHER_OR_INSUFFICIENT
s__Lachnotalea_sp_AF33_28	4	1	0.0	1	CONSISTENT_NONSIGNIFICANT	-0.20428965298405902	0.9899399288667535	0.0	-0.20428965298405902	-0.20428965298405902	-0.20428965298405902	CONSISTENT_NONSIGNIFICANT	CONSISTENT_NONSIGNIFICANT	CONSISTENT_NONSIGNIFICANT
s__Lacrimispora_amygdalina	4	1	0.036200933961181174	0	DOMAIN_SPECIFIC	0.016577071856955346	0.9899399288667535	52.04859414220554	0.032760597747476645	0.0485754472687659	0.05277800581813652	DOMAIN_SPECIFIC	OTHER_OR_INSUFFICIENT	DOMAIN_SPECIFIC
s__Lacrimispora_celerecrescens	4	1	0.010222398008560951	1	CONSISTENT_NONSIGNIFICANT	0.23185388912947266	0.9899399288667535	0.0	0.23833613447914	0.2420762871380336	0.23679122838316824	CONSISTENT_NONSIGNIFICANT	CONSISTENT_NONSIGNIFICANT	CONSISTENT_NONSIGNIFICANT
s__Lacrimispora_saccharolytica	4	1	0.0	1	OTHER_OR_INSUFFICIENT	-0.04417034697499429	0.9899399288667535	0.0	-0.04417034697499429	-0.04417034697499429	-0.04417034697499429	OTHER_OR_INSUFFICIENT	OTHER_OR_INSUFFICIENT	OTHER_OR_INSUFFICIENT
s__Lacticaseibacillus_paracasei	4	1	0.03314009695166696	1	OTHER_OR_INSUFFICIENT	-0.04425299168921946	0.9899399288667535	0.0	-0.04425299168921946	-0.04425299168921946	-0.0111128947375525	OTHER_OR_INSUFFICIENT	OTHER_OR_INSUFFICIENT	OTHER_OR_INSUFFICIENT
s__Lacticaseibacillus_rhamnosus	4	0	0.03603580794099929	1	OTHER_OR_INSUFFICIENT	-0.009855183070030688	0.9899399288667535	0.0	-0.009855183070030688	-0.009855183070030688	0.026180624870968602	OTHER_OR_INSUFFICIENT	OTHER_OR_INSUFFICIENT	OTHER_OR_INSUFFICIENT
s__Lactobacillus_gasseri	4	1	0.06418657806646824	1	OTHER_OR_INSUFFICIENT	-0.025586582865029087	0.9899399288667535	16.755607337571103	-0.025586582865029087	-0.025586582865029087	-0.08977316093149733	OTHER_OR_INSUFFICIENT	OTHER_OR_INSUFFICIENT	OTHER_OR_INSUFFICIENT
s__Lactococcus_cremoris	4	0	0.07025239026196764	1	OTHER_OR_INSUFFICIENT	0.058490562981633715	0.9899399288667535	3.4562096957679067	0.058490562981633715	0.058490562981633715	-0.011761827280333929	OTHER_OR_INSUFFICIENT	OTHER_OR_INSUFFICIENT	OTHER_OR_INSUFFICIENT
s__Lactococcus_lactis	4	1	0.03442379707117041	1	CONSISTENT_NONSIGNIFICANT	0.2200643404549464	0.9899399288667535	0.0	0.2200643404549464	0.2200643404549464	0.185640543383776	CONSISTENT_NONSIGNIFICANT	CONSISTENT_NONSIGNIFICANT	CONSISTENT_NONSIGNIFICANT
s__Lactonifactor_sp_BIOML_A6	4	1	5.651930489028456e-05	1	OTHER_OR_INSUFFICIENT	-0.18681970179216184	0.9899399288667535	0.0	-0.18681970179216184	-0.18681970179216184	-0.18676318248727156	OTHER_OR_INSUFFICIENT	OTHER_OR_INSUFFICIENT	OTHER_OR_INSUFFICIENT
s__Lancefieldella_parvula	4	1	0.05234175786943607	1	OTHER_OR_INSUFFICIENT	-0.33403911981764195	0.9899399288667535	0.0	-0.33403911981764195	-0.33403911981764195	-0.386380877687078	OTHER_OR_INSUFFICIENT	OTHER_OR_INSUFFICIENT	OTHER_OR_INSUFFICIENT
s__Ligilactobacillus_ruminis	3	1	0.0	1	OTHER_OR_INSUFFICIENT	0.15404566640743267	0.9899399288667535	0.0	0.15404566640743267	0.15404566640743267		OTHER_OR_INSUFFICIENT	OTHER_OR_INSUFFICIENT	
s__Limosilactobacillus_fermentum	4	1	0.0	1	OTHER_OR_INSUFFICIENT	0.03649361625896142	0.9899399288667535	0.0	0.03649361625896142	0.03649361625896142	0.03649361625896142	OTHER_OR_INSUFFICIENT	OTHER_OR_INSUFFICIENT	OTHER_OR_INSUFFICIENT
s__Longibaculum_muris	4	1	0.0	1	OTHER_OR_INSUFFICIENT	0.09530437971115946	0.9899399288667535	28.184678462927316	0.09530437971115946	0.09530437971115946	0.09530437971115946	OTHER_OR_INSUFFICIENT	OTHER_OR_INSUFFICIENT	OTHER_OR_INSUFFICIENT
s__Longicatena_caecimuris	4	1	0.02731933527825907	1	CONSISTENT_NONSIGNIFICANT	0.12680451571050663	0.9899399288667535	0.0	0.12680451571050663	0.12680451571050663	0.09948518043224756	CONSISTENT_NONSIGNIFICANT	CONSISTENT_NONSIGNIFICANT	CONSISTENT_NONSIGNIFICANT
s__Massiliimalia_massiliensis	4	1	0.026568407859413206	1	OTHER_OR_INSUFFICIENT	-0.02824667898635638	0.9899399288667535	0.0	-0.02824667898635638	-0.02824667898635638	-0.054815086845769585	OTHER_OR_INSUFFICIENT	OTHER_OR_INSUFFICIENT	OTHER_OR_INSUFFICIENT
s__Massiliimalia_timonensis	4	1	1.754632992287397e-05	1	OTHER_OR_INSUFFICIENT	-0.19754926401479747	0.9899399288667535	42.57963006175448	-0.19754926401479747	-0.19754926401479747	-0.19756681034472034	OTHER_OR_INSUFFICIENT	OTHER_OR_INSUFFICIENT	OTHER_OR_INSUFFICIENT
s__Massilimicrobiota_sp_An134	4	1	0.0	1	OTHER_OR_INSUFFICIENT	0.0058366412558289085	0.9925937920540963	51.006527883758444	0.0058366412558289085	0.0058366412558289085	0.0058366412558289085	OTHER_OR_INSUFFICIENT	OTHER_OR_INSUFFICIENT	OTHER_OR_INSUFFICIENT
s__Massilimicrobiota_timonensis	4	1	0.011226555735151633	0	CONSISTENT_NONSIGNIFICANT	-0.21983342268434442	0.9899399288667535	0.0	-0.21983342268434442	-0.21983342268434442	-0.20860686694919278	CONSISTENT_NONSIGNIFICANT	CONSISTENT_NONSIGNIFICANT	OTHER_OR_INSUFFICIENT
s__Massilioclostridium_coli	4	1	0.0	1	OTHER_OR_INSUFFICIENT	-0.014380350526329518	0.9899399288667535	0.0	-0.014380350526329518	-0.014380350526329518	-0.014380350526329518	OTHER_OR_INSUFFICIENT	OTHER_OR_INSUFFICIENT	OTHER_OR_INSUFFICIENT
s__Mediterraneibacter_SGB48424	4	0	0.0741588389370594	1	OTHER_OR_INSUFFICIENT	0.01745916637889549	0.9899399288667535	0.0	0.01745916637889549	0.01745916637889549	-0.056699672558163904	OTHER_OR_INSUFFICIENT	OTHER_OR_INSUFFICIENT	OTHER_OR_INSUFFICIENT
s__Mediterraneibacter_butyricigenes	4	1	0.010351807217116954	1	OTHER_OR_INSUFFICIENT	0.18937005212881172	0.9899399288667535	21.476615514524962	0.18937005212881172	0.18937005212881172	0.17901824491169477	OTHER_OR_INSUFFICIENT	OTHER_OR_INSUFFICIENT	OTHER_OR_INSUFFICIENT
s__Mediterraneibacter_glycyrrhizinilyticus	4	1	0.008089143770082283	1	OTHER_OR_INSUFFICIENT	0.10382179990464901	0.9899399288667535	0.0	0.10848703898043402	0.1119109436747313	0.10985923131462454	OTHER_OR_INSUFFICIENT	OTHER_OR_INSUFFICIENT	OTHER_OR_INSUFFICIENT
s__Mediterraneibacter_massiliensis	4	1	0.08445611652128367	1	OTHER_OR_INSUFFICIENT	-0.057788930273964076	0.9899399288667535	2.464182017021105	-0.057788930273964076	-0.057788930273964076	-0.14224504679524774	OTHER_OR_INSUFFICIENT	OTHER_OR_INSUFFICIENT	OTHER_OR_INSUFFICIENT
s__Merdimonas_faecis	4	1	0.1418545476841697	1	OTHER_OR_INSUFFICIENT	0.014469339510348447	0.9899399288667535	27.71663376629186	0.014469339510348447	0.014469339510348447	0.15632388719451815	OTHER_OR_INSUFFICIENT	OTHER_OR_INSUFFICIENT	OTHER_OR_INSUFFICIENT
s__Methanobrevibacter_smithii	4	0	0.032911952873602116	1	OTHER_OR_INSUFFICIENT	-0.006727017217267947	0.9906947663271691	0.0	-0.018259633968253454	-0.025728839418577478	0.007183113455024641	OTHER_OR_INSUFFICIENT	OTHER_OR_INSUFFICIENT	OTHER_OR_INSUFFICIENT
s__Methylobacterium_SGB15164	4	1	0.04493588120468073	1	OTHER_OR_INSUFFICIENT	0.11221675924598237	0.9899399288667535	2.4879654603713153	0.12368151931668997	0.1313856849556618	0.1571526404506631	OTHER_OR_INSUFFICIENT	OTHER_OR_INSUFFICIENT	OTHER_OR_INSUFFICIENT
s__Mogibacterium_diversum	4	1	0.04209658749710227	1	OTHER_OR_INSUFFICIENT	-0.07003789957725433	0.9899399288667535	1.413500668231116	-0.07003789957725433	-0.07003789957725433	-0.1121344870743566	OTHER_OR_INSUFFICIENT	OTHER_OR_INSUFFICIENT	OTHER_OR_INSUFFICIENT
s__Mogibacterium_kristiansenii	3	0	0.08103166759826484	1	OTHER_OR_INSUFFICIENT	-0.01635887626463697	0.9907292483558621	61.9316849617771	0.009738357154370127	-0.07129331044389471		OTHER_OR_INSUFFICIENT	OTHER_OR_INSUFFICIENT	
s__Mogibacterium_sp_BX12	4	1	0.012050197474994265	1	OTHER_OR_INSUFFICIENT	0.006711106695584296	0.9899399288667535	0.0	0.006711106695584296	0.006711106695584296	0.01876130417057856	OTHER_OR_INSUFFICIENT	OTHER_OR_INSUFFICIENT	OTHER_OR_INSUFFICIENT
s__Mogibacterium_sp_NSJ_24	4	1	0.0	1	OTHER_OR_INSUFFICIENT	-0.05238972641608688	0.9899399288667535	0.0	-0.05238972641608688	-0.05238972641608688	-0.05238972641608688	OTHER_OR_INSUFFICIENT	OTHER_OR_INSUFFICIENT	OTHER_OR_INSUFFICIENT
s__Monoglobus_pectinilyticus	4	1	0.007522148796164745	1	OTHER_OR_INSUFFICIENT	-0.05076235077308424	0.9899399288667535	0.0	-0.05076235077308424	-0.05076235077308424	-0.043240201976919496	OTHER_OR_INSUFFICIENT	OTHER_OR_INSUFFICIENT	OTHER_OR_INSUFFICIENT
s__Neglectibacter_timonensis	4	1	0.009420717236970909	1	OTHER_OR_INSUFFICIENT	0.015091198285161348	0.9899399288667535	26.048705705724146	0.015091198285161348	0.015091198285161348	0.024511915522132256	OTHER_OR_INSUFFICIENT	OTHER_OR_INSUFFICIENT	OTHER_OR_INSUFFICIENT
s__Neobittarella_massiliensis	4	1	0.0	1	OTHER_OR_INSUFFICIENT	-0.10667293620539788	0.9899399288667535	34.47742192358034	-0.10667293620539788	-0.10667293620539788	-0.10667293620539788	OTHER_OR_INSUFFICIENT	OTHER_OR_INSUFFICIENT	OTHER_OR_INSUFFICIENT
s__Odoribacter_splanchnicus	4	1	0.0331391563982036	1	OTHER_OR_INSUFFICIENT	0.06260493301595846	0.9899399288667535	0.0	0.08514828817788941	0.09574408941416206	0.08973236400353328	OTHER_OR_INSUFFICIENT	OTHER_OR_INSUFFICIENT	OTHER_OR_INSUFFICIENT
s__Oscillibacter_SGB15077	4	1	0.0	1	OTHER_OR_INSUFFICIENT	0.11210142406406988	0.9899399288667535	0.0	0.11210142406406988	0.11210142406406988	0.11210142406406988	OTHER_OR_INSUFFICIENT	OTHER_OR_INSUFFICIENT	OTHER_OR_INSUFFICIENT
s__Oscillibacter_sp_ER4	4	0	0.01884260830698489	1	OTHER_OR_INSUFFICIENT	-0.012362163860038983	0.9899399288667535	45.11928717007985	-0.002335969572940339	0.0063993836715208205	0.006480444446945906	OTHER_OR_INSUFFICIENT	OTHER_OR_INSUFFICIENT	OTHER_OR_INSUFFICIENT
s__Oscillibacter_sp_NSJ_62	4	1	0.0	1	OTHER_OR_INSUFFICIENT	-0.10139912296238433	0.9899399288667535	0.0	-0.10139912296238433	-0.10139912296238433	-0.10139912296238433	OTHER_OR_INSUFFICIENT	OTHER_OR_INSUFFICIENT	OTHER_OR_INSUFFICIENT
s__Oscillibacter_sp_PC13	4	1	0.013602488044247539	1	OTHER_OR_INSUFFICIENT	0.047028074482215736	0.9899399288667535	0.0	0.04153260040887489	0.0367040358408987	0.05030652388514624	OTHER_OR_INSUFFICIENT	OTHER_OR_INSUFFICIENT	OTHER_OR_INSUFFICIENT
s__Oscillibacter_valericigenes	4	1	0.0	1	OTHER_OR_INSUFFICIENT	-0.0248839732794858	0.9899399288667535	0.0	-0.0248839732794858	-0.0248839732794858	-0.0248839732794858	OTHER_OR_INSUFFICIENT	OTHER_OR_INSUFFICIENT	OTHER_OR_INSUFFICIENT
s__Parabacteroides_distasonis	4	1	0.04061582236815867	1	OTHER_OR_INSUFFICIENT	0.09426383829222487	0.9899399288667535	0.0	0.08636485136296883	0.07827838339704603	0.0536480159240662	OTHER_OR_INSUFFICIENT	OTHER_OR_INSUFFICIENT	OTHER_OR_INSUFFICIENT
s__Parabacteroides_goldsteinii	4	1	0.01804816968218316	0	CONSISTENT_NONSIGNIFICANT	-0.05883316237753627	0.9899399288667535	0.0	-0.05374023345864627	-0.049080710217891704	-0.04078499269535311	OTHER_OR_INSUFFICIENT	OTHER_OR_INSUFFICIENT	OTHER_OR_INSUFFICIENT
s__Parabacteroides_johnsonii	4	1	0.0	1	OTHER_OR_INSUFFICIENT	-0.07785951967034564	0.9899399288667535	0.0	-0.07785951967034564	-0.07785951967034564	-0.07785951967034564	OTHER_OR_INSUFFICIENT	OTHER_OR_INSUFFICIENT	OTHER_OR_INSUFFICIENT
s__Parabacteroides_merdae	4	1	0.053148810250293416	0	CONSISTENT_NONSIGNIFICANT	0.2558964548723134	0.9899399288667535	14.759241385215137	0.25279504547067183	0.2509794596102472	0.20274764462201997	CONSISTENT_NONSIGNIFICANT	CONSISTENT_NONSIGNIFICANT	OTHER_OR_INSUFFICIENT
s__Paraprevotella_clara	4	1	0.00884004471713648	1	OTHER_OR_INSUFFICIENT	-0.09121254140445768	0.9899399288667535	7.39584196718662	-0.08600626957627239	-0.0823724966873212	-0.09075857903363935	OTHER_OR_INSUFFICIENT	OTHER_OR_INSUFFICIENT	OTHER_OR_INSUFFICIENT
s__Parasutterella_SGB9260	4	1	0.051183622686132524	1	OTHER_OR_INSUFFICIENT	0.10327744089453603	0.9899399288667535	0.0	0.11301891501698064	0.1175920296318601	0.15446106358066855	OTHER_OR_INSUFFICIENT	OTHER_OR_INSUFFICIENT	OTHER_OR_INSUFFICIENT
s__Parasutterella_excrementihominis	4	1	0.017703430684495078	1	OTHER_OR_INSUFFICIENT	-0.06698295204972286	0.9899399288667535	0.0	-0.06069318592234488	-0.055281278338291245	-0.07298470902278632	OTHER_OR_INSUFFICIENT	OTHER_OR_INSUFFICIENT	OTHER_OR_INSUFFICIENT
s__Phascolarctobacterium_SGB4573	4	1	0.0	1	DOMAIN_SPECIFIC	-0.10690534014692896	0.9899399288667535	56.60269037705143	-0.10690534014692896	-0.10690534014692896	-0.10690534014692896	DOMAIN_SPECIFIC	DOMAIN_SPECIFIC	DOMAIN_SPECIFIC
s__Phascolarctobacterium_faecium	4	1	0.04889222452335652	1	OTHER_OR_INSUFFICIENT	0.12105904073388933	0.9899399288667535	0.0	0.12797599593544648	0.1326617637862548	0.16995126525724585	OTHER_OR_INSUFFICIENT	OTHER_OR_INSUFFICIENT	OTHER_OR_INSUFFICIENT
s__Phascolarctobacterium_succinatutens	4	1	0.08198580140064597	1	OTHER_OR_INSUFFICIENT	0.162376837062699	0.9899399288667535	19.538803538742204	0.162376837062699	0.162376837062699	0.08039103566205304	OTHER_OR_INSUFFICIENT	OTHER_OR_INSUFFICIENT	OTHER_OR_INSUFFICIENT
s__Phocaeicola_dorei	4	1	0.07115187791368786	1	OTHER_OR_INSUFFICIENT	0.007435868225730702	0.9899399288667535	0.0	0.01570593788829409	0.02439349237224219	0.07858774613941856	OTHER_OR_INSUFFICIENT	OTHER_OR_INSUFFICIENT	OTHER_OR_INSUFFICIENT
s__Phocaeicola_massiliensis	4	1	0.025329276748641306	1	OTHER_OR_INSUFFICIENT	-0.06984693872927857	0.9899399288667535	0.0	-0.0646592179813889	-0.059895589105918044	-0.04451766198063726	OTHER_OR_INSUFFICIENT	OTHER_OR_INSUFFICIENT	OTHER_OR_INSUFFICIENT
s__Phocaeicola_plebeius	4	1	0.0537279080605004	1	OTHER_OR_INSUFFICIENT	0.09572474371225978	0.9899399288667535	24.41482793611898	0.10400550457228029	0.10821474125805346	0.14945265177276018	OTHER_OR_INSUFFICIENT	OTHER_OR_INSUFFICIENT	OTHER_OR_INSUFFICIENT
s__Phocaeicola_vulgatus	4	1	0.01940235061175502	1	OTHER_OR_INSUFFICIENT	0.16516785799180425	0.9899399288667535	26.257740461083333	0.17311025703643532	0.18281325751072008	0.18457020860355927	OTHER_OR_INSUFFICIENT	OTHER_OR_INSUFFICIENT	OTHER_OR_INSUFFICIENT
s__Phocea_massiliensis	4	1	0.013413936679132661	1	OTHER_OR_INSUFFICIENT	0.05912731630522835	0.9899399288667535	0.0	0.06688180909090748	0.07254125298436101	0.07089183439564835	OTHER_OR_INSUFFICIENT	OTHER_OR_INSUFFICIENT	OTHER_OR_INSUFFICIENT
s__Prevotella_copri_clade_A	4	1	0.039725861919384	1	OTHER_OR_INSUFFICIENT	-0.05461757705918795	0.9899399288667535	0.0	-0.05461757705918795	-0.05461757705918795	-0.09434343897857195	OTHER_OR_INSUFFICIENT	OTHER_OR_INSUFFICIENT	OTHER_OR_INSUFFICIENT
s__Pseudoflavonifractor_capillosus	4	1	0.0	1	OTHER_OR_INSUFFICIENT	0.11180352053690848	0.9899399288667535	0.0	0.11180352053690848	0.11180352053690848	0.11180352053690848	OTHER_OR_INSUFFICIENT	OTHER_OR_INSUFFICIENT	OTHER_OR_INSUFFICIENT
s__Pseudoflavonifractor_gallinarum	4	1	0.0	1	CONSISTENT_NONSIGNIFICANT	-0.12544049021529857	0.9899399288667535	23.980853989178897	-0.12544049021529857	-0.12544049021529857	-0.12544049021529857	CONSISTENT_NONSIGNIFICANT	CONSISTENT_NONSIGNIFICANT	CONSISTENT_NONSIGNIFICANT
s__Pseudoflavonifractor_sp_An184	4	1	0.0	1	OTHER_OR_INSUFFICIENT	-0.07549487856583677	0.9899399288667535	45.33323200253297	-0.07549487856583677	-0.07549487856583677	-0.07549487856583677	OTHER_OR_INSUFFICIENT	OTHER_OR_INSUFFICIENT	OTHER_OR_INSUFFICIENT
s__Pseudoruminococcus_massiliensis	3	1	0.0	1	OTHER_OR_INSUFFICIENT	0.00674431430178636	0.9925937920540963	0.0	0.00674431430178636	0.00674431430178636		OTHER_OR_INSUFFICIENT	OTHER_OR_INSUFFICIENT	
s__Raoultibacter_massiliensis	4	1	0.02057584789895292	1	OTHER_OR_INSUFFICIENT	0.06839111109782701	0.9899399288667535	0.0	0.06839111109782701	0.06839111109782701	0.047815263198874094	OTHER_OR_INSUFFICIENT	OTHER_OR_INSUFFICIENT	OTHER_OR_INSUFFICIENT
s__Raoultibacter_timonensis	3	1	0.0	1	OTHER_OR_INSUFFICIENT	0.10756345348919819	0.9899399288667535	0.0	0.10756345348919819	0.10756345348919819		OTHER_OR_INSUFFICIENT	OTHER_OR_INSUFFICIENT	
s__Rheinheimera_SGB14999	4	1	0.007088069003595286	1	OTHER_OR_INSUFFICIENT	-0.0438316540939053	0.9899399288667535	13.826645245478817	-0.03940815490793921	-0.03674358509031001	-0.0367446766797566	OTHER_OR_INSUFFICIENT	OTHER_OR_INSUFFICIENT	OTHER_OR_INSUFFICIENT
s__Romboutsia_timonensis	4	1	0.07213592378333185	0	OTHER_OR_INSUFFICIENT	0.12387895169934794	0.9899399288667535	48.13972461947289	0.10893016713883442	0.09680181215229115	0.168937735935623	OTHER_OR_INSUFFICIENT	DOMAIN_SPECIFIC	DOMAIN_SPECIFIC
s__Roseburia_faecis	4	1	0.044776438566080046	1	CONSISTENT_NONSIGNIFICANT	0.2291352391402861	0.9899399288667535	0.0	0.23591653944734892	0.24073105151469615	0.27391167770636615	CONSISTENT_NONSIGNIFICANT	CONSISTENT_NONSIGNIFICANT	CONSISTENT_NONSIGNIFICANT
s__Roseburia_hominis	4	1	0.007255244526830296	0	CONSISTENT_NONSIGNIFICANT	0.18514447717776225	0.9899399288667535	0.0	0.18330999705455822	0.18138394094574145	0.18863918547257175	CONSISTENT_NONSIGNIFICANT	CONSISTENT_NONSIGNIFICANT	OTHER_OR_INSUFFICIENT
s__Roseburia_intestinalis	4	1	0.02874551842189391	1	OTHER_OR_INSUFFICIENT	-0.04899203726130414	0.9899399288667535	0.0	-0.04727051023958633	-0.04740035389439996	-0.02024651883941023	OTHER_OR_INSUFFICIENT	OTHER_OR_INSUFFICIENT	OTHER_OR_INSUFFICIENT
s__Roseburia_inulinivorans	4	0	0.04090096095790488	1	OTHER_OR_INSUFFICIENT	0.02726570135168075	0.9899399288667535	0.0	0.025281909574091342	0.023403923035808575	-0.013635259606224134	OTHER_OR_INSUFFICIENT	OTHER_OR_INSUFFICIENT	OTHER_OR_INSUFFICIENT
s__Roseburia_sp_AF02_12	4	1	0.046864013935856104	1	STRONG_DIRECTION_REVERSAL	-0.023500002470629895	0.9899399288667535	63.55374262833453	-0.04248870517402138	-0.055402529958486484	-0.070364016406486	STRONG_DIRECTION_REVERSAL	STRONG_DIRECTION_REVERSAL	STRONG_DIRECTION_REVERSAL
s__Roseburia_sp_AM16_25	4	1	0.021086106835199056	0	OTHER_OR_INSUFFICIENT	0.10051027919485361	0.9899399288667535	18.427580212822413	0.10051027919485361	0.10051027919485361	0.12159638603005267	OTHER_OR_INSUFFICIENT	OTHER_OR_INSUFFICIENT	CONSISTENT_NONSIGNIFICANT
s__Roseburia_sp_BX1005	4	1	0.0	1	OTHER_OR_INSUFFICIENT	0.0024469295458173458	0.9930462049980862	0.0	0.0024469295458173458	0.0024469295458173458	0.0024469295458173458	OTHER_OR_INSUFFICIENT	OTHER_OR_INSUFFICIENT	OTHER_OR_INSUFFICIENT
s__Rothia_mucilaginosa	4	1	0.050178433947609416	1	CONSISTENT_NONSIGNIFICANT	-0.11665621826752363	0.9899399288667535	0.0	-0.11665621826752363	-0.11665621826752363	-0.16683465221513305	CONSISTENT_NONSIGNIFICANT	CONSISTENT_NONSIGNIFICANT	CONSISTENT_NONSIGNIFICANT
s__Ruminococcus_SGB4421	4	1	0.049757884888416135	1	CONSISTENT_NONSIGNIFICANT	0.07021472225936155	0.9899399288667535	0.0	0.020456837370945415	0.037969734129474214	0.020456837370945415	CONSISTENT_NONSIGNIFICANT	CONSISTENT_NONSIGNIFICANT	CONSISTENT_NONSIGNIFICANT
s__Ruminococcus_bicirculans	4	1	0.019440541585610087	1	OTHER_OR_INSUFFICIENT	0.07689631367257656	0.9899399288667535	9.238240672652498	0.0763317615025143	0.07580003809217863	0.05745577208696647	OTHER_OR_INSUFFICIENT	OTHER_OR_INSUFFICIENT	OTHER_OR_INSUFFICIENT
s__Ruminococcus_bromii	4	1	0.07968693685064346	1	OTHER_OR_INSUFFICIENT	0.012612433530842147	0.9899399288667535	8.487201307220534	0.022136982680273556	0.03177119946438221	0.09229937038148561	OTHER_OR_INSUFFICIENT	OTHER_OR_INSUFFICIENT	OTHER_OR_INSUFFICIENT
s__Ruminococcus_callidus	4	1	0.002531777072205907	1	OTHER_OR_INSUFFICIENT	0.09208758188791821	0.9899399288667535	0.0	0.09208758188791821	0.09208758188791821	0.0895558048157123	OTHER_OR_INSUFFICIENT	OTHER_OR_INSUFFICIENT	OTHER_OR_INSUFFICIENT
s__Ruminococcus_gnavus	4	1	0.05835098662885281	1	OTHER_OR_INSUFFICIENT	-0.07095027603498898	0.9899399288667535	21.621507773413988	-0.08334465248491561	-0.09707253247897939	-0.1293012626638418	OTHER_OR_INSUFFICIENT	OTHER_OR_INSUFFICIENT	OTHER_OR_INSUFFICIENT
s__Ruminococcus_lactaris	4	1	0.0285656885893738	1	OTHER_OR_INSUFFICIENT	-0.07508204300454963	0.9899399288667535	35.55901905221352	-0.06098660646324844	-0.05044614968141417	-0.04651635441517583	OTHER_OR_INSUFFICIENT	OTHER_OR_INSUFFICIENT	OTHER_OR_INSUFFICIENT
s__Ruminococcus_sp_AF46_10NS	4	1	0.06756407915877585	1	OTHER_OR_INSUFFICIENT	0.09940164767386331	0.9899399288667535	0.0	0.09940164767386331	0.09940164767386331	0.031837568515087455	OTHER_OR_INSUFFICIENT	OTHER_OR_INSUFFICIENT	OTHER_OR_INSUFFICIENT
s__Ruminococcus_sp_BSD2780120874_150323_B10	4	1	0.0513032612768925	1	OTHER_OR_INSUFFICIENT	0.05988270040804887	0.9899399288667535	0.0	0.04736069270274189	0.03530197567275375	0.008579439131156375	OTHER_OR_INSUFFICIENT	OTHER_OR_INSUFFICIENT	OTHER_OR_INSUFFICIENT
s__Ruminococcus_sp_NSJ_13	4	1	0.060679821623079146	1	OTHER_OR_INSUFFICIENT	0.06713463580161488	0.9899399288667535	31.50213253930693	0.06713463580161488	0.06713463580161488	0.006454814178535735	OTHER_OR_INSUFFICIENT	OTHER_OR_INSUFFICIENT	OTHER_OR_INSUFFICIENT
s__Ruminococcus_torques	4	1	0.010671404634755369	1	OTHER_OR_INSUFFICIENT	0.1195641650009661	0.9899399288667535	0.0	0.11824452353181576	0.11835054285136924	0.12891592816657113	OTHER_OR_INSUFFICIENT	OTHER_OR_INSUFFICIENT	OTHER_OR_INSUFFICIENT
s__Ruthenibacterium_lactatiformans	4	1	0.03839316045514447	1	OTHER_OR_INSUFFICIENT	0.028766027065907963	0.9899399288667535	0.0	0.019285073979415798	0.010868868503712823	0.0492620289588573	OTHER_OR_INSUFFICIENT	OTHER_OR_INSUFFICIENT	OTHER_OR_INSUFFICIENT
s__Sanguibacter_SGB15121	4	1	0.0	1	OTHER_OR_INSUFFICIENT	0.048842004699036184	0.9899399288667535	0.0	0.048842004699036184	0.048842004699036184	0.048842004699036184	OTHER_OR_INSUFFICIENT	OTHER_OR_INSUFFICIENT	OTHER_OR_INSUFFICIENT
s__Scardovia_wiggsiae	4	1	0.07839356445882706	1	OTHER_OR_INSUFFICIENT	-0.31626741251489826	0.9899399288667535	0.0	-0.31626741251489826	-0.31626741251489826	-0.2378738480560712	OTHER_OR_INSUFFICIENT	OTHER_OR_INSUFFICIENT	OTHER_OR_INSUFFICIENT
s__Sellimonas_intestinalis	4	1	0.07034721322008249	1	OTHER_OR_INSUFFICIENT	-0.09008191770189006	0.9899399288667535	24.704133682389955	-0.09008191770189006	-0.09008191770189006	-0.01973470448180757	OTHER_OR_INSUFFICIENT	OTHER_OR_INSUFFICIENT	OTHER_OR_INSUFFICIENT
s__Senegalimassilia_anaerobia	4	1	0.005043249597560168	1	OTHER_OR_INSUFFICIENT	0.016937019535701887	0.9899399288667535	0.0	0.016937019535701887	0.016937019535701887	0.021980269133262054	OTHER_OR_INSUFFICIENT	OTHER_OR_INSUFFICIENT	OTHER_OR_INSUFFICIENT
s__Slackia_isoflavoniconvertens	4	1	0.020663874428488563	1	OTHER_OR_INSUFFICIENT	0.07863845602473167	0.9899399288667535	0.0	0.08326197906393282	0.08605118155728711	0.06538730712879855	OTHER_OR_INSUFFICIENT	OTHER_OR_INSUFFICIENT	OTHER_OR_INSUFFICIENT
s__Solibaculum_mannosilyticum	4	1	0.033628766506492894	0	OTHER_OR_INSUFFICIENT	0.1068476472580704	0.9899399288667535	0.0	0.1068476472580704	0.1068476472580704	0.1404764137645633	OTHER_OR_INSUFFICIENT	OTHER_OR_INSUFFICIENT	CONSISTENT_NONSIGNIFICANT
s__Solobacterium_SGB6829	4	1	0.11265854295341976	1	OTHER_OR_INSUFFICIENT	0.0483002637503628	0.9899399288667535	50.82732557634141	0.0483002637503628	0.0483002637503628	0.16095880670378257	OTHER_OR_INSUFFICIENT	OTHER_OR_INSUFFICIENT	OTHER_OR_INSUFFICIENT
s__Streptococcus_SGB14888	4	1	0.002904814245771936	1	CONSISTENT_NONSIGNIFICANT	-0.3176806479609405	0.9899399288667535	0.0	-0.3176806479609405	-0.3176806479609405	-0.31477583371516854	CONSISTENT_NONSIGNIFICANT	CONSISTENT_NONSIGNIFICANT	CONSISTENT_NONSIGNIFICANT
s__Streptococcus_anginosus	4	1	0.028365411865470862	1	OTHER_OR_INSUFFICIENT	0.061125251855483294	0.9899399288667535	22.661045843511847	0.061125251855483294	0.061125251855483294	0.03275983999001243	OTHER_OR_INSUFFICIENT	OTHER_OR_INSUFFICIENT	OTHER_OR_INSUFFICIENT
s__Streptococcus_australis	4	1	0.04627308283017473	1	OTHER_OR_INSUFFICIENT	-0.06832907790165574	0.9899399288667535	0.0	-0.06832907790165574	-0.06832907790165574	-0.11460216073183047	OTHER_OR_INSUFFICIENT	OTHER_OR_INSUFFICIENT	OTHER_OR_INSUFFICIENT
s__Streptococcus_constellatus	4	1	0.14382854216862215	1	OTHER_OR_INSUFFICIENT	0.1968186725557537	0.9899399288667535	48.05486851433497	0.1968186725557537	0.1968186725557537	0.052990130387131545	OTHER_OR_INSUFFICIENT	OTHER_OR_INSUFFICIENT	OTHER_OR_INSUFFICIENT
s__Streptococcus_cristatus	3	1	0.0	1	OTHER_OR_INSUFFICIENT	-0.3434722842046079	0.9899399288667535	0.0	-0.3434722842046079	-0.3434722842046079		OTHER_OR_INSUFFICIENT	OTHER_OR_INSUFFICIENT	
s__Streptococcus_gordonii	4	0	0.08660183078809698	1	OTHER_OR_INSUFFICIENT	0.011851320259716084	0.9899399288667535	4.706466020322991	-0.0354354532960489	-0.018119469045499915	-0.0747505105283809	OTHER_OR_INSUFFICIENT	OTHER_OR_INSUFFICIENT	OTHER_OR_INSUFFICIENT
s__Streptococcus_infantis	4	1	0.059196129116528065	0	OTHER_OR_INSUFFICIENT	-0.11122678240198199	0.9899399288667535	0.0	-0.11122678240198199	-0.11122678240198199	-0.17042291151851005	OTHER_OR_INSUFFICIENT	OTHER_OR_INSUFFICIENT	CONSISTENT_NONSIGNIFICANT
s__Streptococcus_lutetiensis	3	1	0.0	1	OTHER_OR_INSUFFICIENT	0.12685030696950655	0.9899399288667535	0.0	0.12685030696950655	0.12685030696950655		OTHER_OR_INSUFFICIENT	OTHER_OR_INSUFFICIENT	
s__Streptococcus_mitis	4	1	0.042855020777629566	1	OTHER_OR_INSUFFICIENT	0.10851196138241383	0.9899399288667535	0.0	0.10851196138241383	0.10851196138241383	0.06565694060478426	OTHER_OR_INSUFFICIENT	OTHER_OR_INSUFFICIENT	OTHER_OR_INSUFFICIENT
s__Streptococcus_mutans	4	1	0.034620841549421605	1	OTHER_OR_INSUFFICIENT	-0.14687370562708502	0.9899399288667535	5.235625425012287	-0.14687370562708502	-0.14687370562708502	-0.11225286407766341	OTHER_OR_INSUFFICIENT	OTHER_OR_INSUFFICIENT	OTHER_OR_INSUFFICIENT
s__Streptococcus_oralis	4	1	0.0	1	CONSISTENT_NONSIGNIFICANT	-0.18686618239387268	0.9899399288667535	0.0	-0.18686618239387268	-0.18686618239387268	-0.18686618239387268	CONSISTENT_NONSIGNIFICANT	CONSISTENT_NONSIGNIFICANT	CONSISTENT_NONSIGNIFICANT
s__Streptococcus_parasanguinis	4	1	0.050776767284717444	1	OTHER_OR_INSUFFICIENT	-0.1485026608521612	0.9899399288667535	0.0	-0.15381383193656464	-0.15588814604061318	-0.19927942813687866	OTHER_OR_INSUFFICIENT	OTHER_OR_INSUFFICIENT	OTHER_OR_INSUFFICIENT
s__Streptococcus_salivarius	4	1	0.02733517170318457	0	OTHER_OR_INSUFFICIENT	-0.06741928210156634	0.9899399288667535	0.0	-0.06978850535136005	-0.06983320413963616	-0.09475445380475091	OTHER_OR_INSUFFICIENT	OTHER_OR_INSUFFICIENT	CONSISTENT_NONSIGNIFICANT
s__Streptococcus_sanguinis	4	1	0.03160603323229885	1	OTHER_OR_INSUFFICIENT	-0.08897379085225807	0.9899399288667535	33.915255006248984	-0.08897379085225807	-0.08897379085225807	-0.12057982408455692	OTHER_OR_INSUFFICIENT	OTHER_OR_INSUFFICIENT	OTHER_OR_INSUFFICIENT
s__Streptococcus_thermophilus	4	1	0.04634956429418717	1	OTHER_OR_INSUFFICIENT	0.12917363897764644	0.9899399288667535	0.0	0.1195149992478318	0.11309755725137945	0.15944712154556662	OTHER_OR_INSUFFICIENT	OTHER_OR_INSUFFICIENT	OTHER_OR_INSUFFICIENT
s__Streptococcus_vestibularis	4	1	0.021461558997426633	1	OTHER_OR_INSUFFICIENT	-0.17948320533624873	0.9899399288667535	0.0	-0.17948320533624873	-0.17948320533624873	-0.20094476433367536	OTHER_OR_INSUFFICIENT	OTHER_OR_INSUFFICIENT	OTHER_OR_INSUFFICIENT
s__Sutterella_wadsworthensis	4	1	0.019220556636067615	0	CONSISTENT_NONSIGNIFICANT	-0.1827921394130401	0.9899399288667535	0.0	-0.18773235018003076	-0.19206605487730227	-0.17284549824123466	CONSISTENT_NONSIGNIFICANT	CONSISTENT_NONSIGNIFICANT	OTHER_OR_INSUFFICIENT
s__Turicibacter_bilis	4	1	0.10194573047371172	1	OTHER_OR_INSUFFICIENT	0.1726617951043238	0.9899399288667535	28.32629104437214	0.1726617951043238	0.1726617951043238	0.2746075255780355	OTHER_OR_INSUFFICIENT	OTHER_OR_INSUFFICIENT	OTHER_OR_INSUFFICIENT
s__Turicibacter_sanguinis	4	1	0.06304681141361235	1	OTHER_OR_INSUFFICIENT	0.07618240067099608	0.9899399288667535	34.96132193016678	0.07618240067099608	0.07618240067099608	0.13922921208460842	OTHER_OR_INSUFFICIENT	OTHER_OR_INSUFFICIENT	OTHER_OR_INSUFFICIENT
s__Tyzzerella_nexilis	4	1	0.0	1	OTHER_OR_INSUFFICIENT	0.2905689417281538	0.9899399288667535	54.79472986001528	0.2905689417281538	0.2905689417281538	0.2905689417281538	OTHER_OR_INSUFFICIENT	OTHER_OR_INSUFFICIENT	OTHER_OR_INSUFFICIENT
s__Veillonella_atypica	4	1	0.0	1	CONSISTENT_NONSIGNIFICANT	-0.382232005002668	0.9899399288667535	0.0	-0.382232005002668	-0.382232005002668	-0.382232005002668	CONSISTENT_NONSIGNIFICANT	CONSISTENT_NONSIGNIFICANT	CONSISTENT_NONSIGNIFICANT
s__Veillonella_dispar	4	1	0.02623832703727952	1	CONSISTENT_NONSIGNIFICANT	-0.22311085101245837	0.9899399288667535	40.09574207315955	-0.22311085101245837	-0.22311085101245837	-0.24934917804973789	CONSISTENT_NONSIGNIFICANT	CONSISTENT_NONSIGNIFICANT	CONSISTENT_NONSIGNIFICANT
s__Veillonella_parvula	4	1	0.024759288070428098	1	CONSISTENT_NONSIGNIFICANT	-0.31516403178518804	0.9899399288667535	16.27819353390536	-0.3193859751716222	-0.3213826237659579	-0.33992331985561614	CONSISTENT_NONSIGNIFICANT	CONSISTENT_NONSIGNIFICANT	CONSISTENT_NONSIGNIFICANT
s__Veillonella_rogosae	4	1	0.02241301326716333	1	OTHER_OR_INSUFFICIENT	-0.33729294650023395	0.9899399288667535	0.0	-0.33023746232128154	-0.32145734742344345	-0.3438703606906068	OTHER_OR_INSUFFICIENT	OTHER_OR_INSUFFICIENT	OTHER_OR_INSUFFICIENT
s__Vescimonas_SGB15087	4	1	0.003656990904743942	1	OTHER_OR_INSUFFICIENT	-0.030637927052941757	0.9899399288667535	3.816462357924332	-0.030637927052941757	-0.030637927052941757	-0.026980936148197816	OTHER_OR_INSUFFICIENT	OTHER_OR_INSUFFICIENT	OTHER_OR_INSUFFICIENT
s__Vescimonas_coprocola	4	1	0.10556812388456863	1	OTHER_OR_INSUFFICIENT	-0.18515567320366333	0.9899399288667535	51.75331148577321	-0.1756741115130274	-0.16646624486379133	-0.27203436874835996	OTHER_OR_INSUFFICIENT	OTHER_OR_INSUFFICIENT	OTHER_OR_INSUFFICIENT
s__Vescimonas_fastidiosa	4	1	0.011827725998442368	1	OTHER_OR_INSUFFICIENT	-0.12372786951903376	0.9899399288667535	0.0	-0.12372786951903376	-0.12372786951903376	-0.1119001435205914	OTHER_OR_INSUFFICIENT	OTHER_OR_INSUFFICIENT	OTHER_OR_INSUFFICIENT
s__Victivallis_lenta	4	0	0.05859200874466129	1	OTHER_OR_INSUFFICIENT	-0.011148190209437085	0.9899399288667535	0.0	0.0024167204999749697	0.012491390023558327	0.04744381853522421	OTHER_OR_INSUFFICIENT	OTHER_OR_INSUFFICIENT	OTHER_OR_INSUFFICIENT
s__Waltera_intestinalis	4	1	0.008188151301253485	1	OTHER_OR_INSUFFICIENT	0.12131867998707269	0.9899399288667535	19.936896077374826	0.1176598153802947	0.11357487456717646	0.1131305286858192	OTHER_OR_INSUFFICIENT	OTHER_OR_INSUFFICIENT	OTHER_OR_INSUFFICIENT
s__Clostridium_SGB4648	4	1	0.013551845437500737	1	CONSISTENT_NONSIGNIFICANT	0.16045770571404114	0.9899399288667535	0.0	0.15467951529388999	0.14887259845983955	0.1624244438973403	CONSISTENT_NONSIGNIFICANT	CONSISTENT_NONSIGNIFICANT	CONSISTENT_NONSIGNIFICANT
s__Faecalitalea_cylindroides	4	1	0.019873026654615628	1	OTHER_OR_INSUFFICIENT	-0.02259032955872012	0.9899399288667535	0.0	-0.02259032955872012	-0.02259032955872012	-0.0027173029041044944	OTHER_OR_INSUFFICIENT	OTHER_OR_INSUFFICIENT	OTHER_OR_INSUFFICIENT
s__GGB3033_SGB4029	4	1	0.026246550298992644	1	CONSISTENT_NONSIGNIFICANT	0.2037362864581459	0.9899399288667535	0.0	0.2037362864581459	0.2037362864581459	0.22998283675713854	CONSISTENT_NONSIGNIFICANT	CONSISTENT_NONSIGNIFICANT	CONSISTENT_NONSIGNIFICANT
s__GGB4599_SGB6362	4	0	0.19199695966351685	1	OTHER_OR_INSUFFICIENT	-0.059693011629135935	0.9899399288667535	30.72794416528445	-0.025751985832670216	-0.0026319021814178796	0.13230394803438092	OTHER_OR_INSUFFICIENT	OTHER_OR_INSUFFICIENT	OTHER_OR_INSUFFICIENT
s__GGB77437_SGB9391	4	1	0.12362900398788763	1	OTHER_OR_INSUFFICIENT	0.12346955986641583	0.9899399288667535	0.0	0.110733107570944	0.09885628936461187	0.2224852933524995	OTHER_OR_INSUFFICIENT	OTHER_OR_INSUFFICIENT	OTHER_OR_INSUFFICIENT
s__GGB9760_SGB15374	4	1	0.01910185852901311	1	OTHER_OR_INSUFFICIENT	0.08633879475825308	0.9899399288667535	0.0	0.09269996665687169	0.09573427575142458	0.10544065328726619	OTHER_OR_INSUFFICIENT	OTHER_OR_INSUFFICIENT	OTHER_OR_INSUFFICIENT
s__Streptococcus_SGB14137	3	1	0.0	1	OTHER_OR_INSUFFICIENT	-0.1356975333119055	0.9899399288667535	22.094679741302766	-0.1356975333119055	-0.1356975333119055		OTHER_OR_INSUFFICIENT	OTHER_OR_INSUFFICIENT	
s__Enterococcus_faecium	4	1	0.12722508848057648	1	OTHER_OR_INSUFFICIENT	0.1036561274136307	0.9899399288667535	68.1208054654848	0.1036561274136307	0.1036561274136307	0.23088121589420718	OTHER_OR_INSUFFICIENT	OTHER_OR_INSUFFICIENT	OTHER_OR_INSUFFICIENT
s__GGB2998_SGB3989	4	1	0.05457829424562499	1	OTHER_OR_INSUFFICIENT	0.31247581998500046	0.9899399288667535	0.0	0.31247581998500046	0.31247581998500046	0.36705411423062545	OTHER_OR_INSUFFICIENT	OTHER_OR_INSUFFICIENT	OTHER_OR_INSUFFICIENT
s__GGB3109_SGB4643	4	1	0.0024636613093966114	1	OTHER_OR_INSUFFICIENT	0.022562853510860008	0.9899399288667535	0.0	0.022562853510860008	0.022562853510860008	0.020099192201463396	OTHER_OR_INSUFFICIENT	OTHER_OR_INSUFFICIENT	OTHER_OR_INSUFFICIENT
s__GGB3278_SGB4328	4	1	0.0	1	OTHER_OR_INSUFFICIENT	0.107881769297161	0.9899399288667535	67.49149493032418	0.107881769297161	0.107881769297161	0.107881769297161	OTHER_OR_INSUFFICIENT	OTHER_OR_INSUFFICIENT	OTHER_OR_INSUFFICIENT
s__GGB3593_SGB4817	4	1	0.17898126522907937	1	OTHER_OR_INSUFFICIENT	0.29494236823136083	0.9899399288667535	56.69434573564941	0.29494236823136083	0.29494236823136083	0.11596110300228146	OTHER_OR_INSUFFICIENT	OTHER_OR_INSUFFICIENT	OTHER_OR_INSUFFICIENT
s__GGB4745_SGB6571	4	1	0.0	1	OTHER_OR_INSUFFICIENT	0.03916723175862659	0.9899399288667535	0.0	0.03916723175862659	0.03916723175862659	0.03916723175862659	OTHER_OR_INSUFFICIENT	OTHER_OR_INSUFFICIENT	OTHER_OR_INSUFFICIENT
s__GGB47687_SGB2286	4	1	0.02851453235521105	1	OTHER_OR_INSUFFICIENT	0.09232454346925226	0.9899399288667535	0.0	0.08139947246131794	0.07330650886903635	0.1018210412242474	OTHER_OR_INSUFFICIENT	OTHER_OR_INSUFFICIENT	OTHER_OR_INSUFFICIENT
s__GGB6601_SGB9333	3	1	0.0	1	OTHER_OR_INSUFFICIENT	0.23861820891473978	0.9899399288667535	0.0	0.23861820891473978	0.23861820891473978		OTHER_OR_INSUFFICIENT	OTHER_OR_INSUFFICIENT	
s__GGB6612_SGB9346	4	1	0.028613096396339882	1	OTHER_OR_INSUFFICIENT	-0.1056260749068802	0.9899399288667535	38.897321257574724	-0.0904357732211542	-0.07701297851054031	-0.08341720227151243	OTHER_OR_INSUFFICIENT	OTHER_OR_INSUFFICIENT	OTHER_OR_INSUFFICIENT
s__GGB9634_SGB15097	3	1	0.0	1	OTHER_OR_INSUFFICIENT	0.12420900583402768	0.9899399288667535	78.7195624793429	0.12420900583402768	0.12420900583402768		OTHER_OR_INSUFFICIENT	OTHER_OR_INSUFFICIENT	
s__Streptococcus_SGB15012	4	1	0.0	1	OTHER_OR_INSUFFICIENT	-0.0014672899567665107	0.994559065961309	0.0	-0.0014672899567665107	-0.0014672899567665107	-0.0014672899567665107	OTHER_OR_INSUFFICIENT	OTHER_OR_INSUFFICIENT	OTHER_OR_INSUFFICIENT
s__Alistipes_sp_AF17_16	4	1	0.08041791803226658	1	OTHER_OR_INSUFFICIENT	0.1665744042079517	0.9899399288667535	9.240191100874014	0.1788701977315291	0.1870477512293378	0.24699232224021828	OTHER_OR_INSUFFICIENT	OTHER_OR_INSUFFICIENT	OTHER_OR_INSUFFICIENT
s__Blautia_faecicola	3	1	0.017216394887908826	1	OTHER_OR_INSUFFICIENT	0.14273379844740053	0.9899399288667535	0.0	0.15060672328202562	0.15995019333530935		OTHER_OR_INSUFFICIENT	OTHER_OR_INSUFFICIENT	
s__Staphylococcus_SGB6340	4	1	0.04913582776627315	1	OTHER_OR_INSUFFICIENT	-0.09800543188194186	0.9899399288667535	2.0548094517045845	-0.09800543188194186	-0.09800543188194186	-0.147141259648215	OTHER_OR_INSUFFICIENT	OTHER_OR_INSUFFICIENT	OTHER_OR_INSUFFICIENT
s__Actinomyces_SGB17132	3	1	0.0	1	OTHER_OR_INSUFFICIENT	-0.10855714148086976	0.9899399288667535	0.0	-0.10855714148086976	-0.10855714148086976		OTHER_OR_INSUFFICIENT	OTHER_OR_INSUFFICIENT	
s__Actinomyces_bouchesdurhonensis	3	1	0.0	1	OTHER_OR_INSUFFICIENT	0.21711666869063823	0.9899399288667535	0.0	0.21711666869063823	0.21711666869063823		OTHER_OR_INSUFFICIENT	OTHER_OR_INSUFFICIENT	
s__Actinomyces_gerencseriae	3	1	0.0	1	OTHER_OR_INSUFFICIENT	-0.13094269041717002	0.9899399288667535	33.88636335024003	-0.13094269041717002	-0.13094269041717002		OTHER_OR_INSUFFICIENT	OTHER_OR_INSUFFICIENT	
s__Actinomyces_massiliensis	3	1	0.0	1	OTHER_OR_INSUFFICIENT	0.20119083076039476	0.9899399288667535	23.753589974509772	0.20119083076039476	0.20119083076039476		OTHER_OR_INSUFFICIENT	OTHER_OR_INSUFFICIENT	
s__Actinomyces_naeslundii	3	1	0.0	1	OTHER_OR_INSUFFICIENT	0.0330131946141166	0.9899399288667535	0.0	0.0330131946141166	0.0330131946141166		OTHER_OR_INSUFFICIENT	OTHER_OR_INSUFFICIENT	
s__Actinomyces_sp_oral_taxon_170	3	1	0.0	1	OTHER_OR_INSUFFICIENT	0.2212710218210188	0.9899399288667535	0.0	0.2212710218210188	0.2212710218210188		OTHER_OR_INSUFFICIENT	OTHER_OR_INSUFFICIENT	
s__Anaerococcus_SGB15407	3	1	0.0	1	OTHER_OR_INSUFFICIENT	-0.08004833502594509	0.9899399288667535	54.95312295332913	-0.08004833502594509	-0.08004833502594509		OTHER_OR_INSUFFICIENT	OTHER_OR_INSUFFICIENT	
s__Anaerococcus_SGB4342	3	1	0.0	1	OTHER_OR_INSUFFICIENT	0.23902787771993173	0.9899399288667535	0.0	0.23902787771993173	0.23902787771993173		OTHER_OR_INSUFFICIENT	OTHER_OR_INSUFFICIENT	
s__Bifidobacterium_catenulatum	4	1	0.13431215581050038	1	OTHER_OR_INSUFFICIENT	0.3571698207511646	0.9899399288667535	23.18264760618209	0.3571698207511646	0.3571698207511646	0.491481976561665	OTHER_OR_INSUFFICIENT	OTHER_OR_INSUFFICIENT	OTHER_OR_INSUFFICIENT
s__Collinsella_SGB47280	3	1	0.0	1	OTHER_OR_INSUFFICIENT	0.07464841708171575	0.9899399288667535	31.983396849937634	0.07464841708171575	0.07464841708171575		OTHER_OR_INSUFFICIENT	OTHER_OR_INSUFFICIENT	
s__Eubacterium_SGB4961	3	1	0.0	1	OTHER_OR_INSUFFICIENT	-0.04798855532667946	0.9899399288667535	0.0	-0.04798855532667946	-0.04798855532667946		OTHER_OR_INSUFFICIENT	OTHER_OR_INSUFFICIENT	
s__GGB13493_SGB15238	3	1	0.017172493305175174	1	OTHER_OR_INSUFFICIENT	0.17686374698782306	0.9899399288667535	10.618857415249872	0.18894894450888827	0.19403624029299824		OTHER_OR_INSUFFICIENT	OTHER_OR_INSUFFICIENT	
s__GGB1420_SGB1957	3	1	0.04296335850319605	1	OTHER_OR_INSUFFICIENT	-0.3697867598869257	0.9899399288667535	0.0	-0.3491158812468115	-0.3268234013837297		OTHER_OR_INSUFFICIENT	OTHER_OR_INSUFFICIENT	
s__GGB1627_SGB2230	3	1	0.0	1	OTHER_OR_INSUFFICIENT	0.08810214453052012	0.9899399288667535	40.190684645212045	0.08810214453052012	0.08810214453052012		OTHER_OR_INSUFFICIENT	OTHER_OR_INSUFFICIENT	
s__GGB1662_SGB2276	3	1	0.0	1	OTHER_OR_INSUFFICIENT	0.04760938651577554	0.9899399288667535	77.68421613497358	0.04760938651577554	0.04760938651577554		OTHER_OR_INSUFFICIENT	OTHER_OR_INSUFFICIENT	
s__GGB2958_SGB3940	4	1	0.14275563228109306	1	OTHER_OR_INSUFFICIENT	0.33236945285431235	0.9899399288667535	53.01437822309417	0.33236945285431235	0.33236945285431235	0.4751250851354054	OTHER_OR_INSUFFICIENT	OTHER_OR_INSUFFICIENT	OTHER_OR_INSUFFICIENT
s__GGB3124_SGB4136	3	1	0.0	1	OTHER_OR_INSUFFICIENT	0.11713871832027008	0.9899399288667535	0.0	0.11713871832027008	0.11713871832027008		OTHER_OR_INSUFFICIENT	OTHER_OR_INSUFFICIENT	
s__GGB3321_SGB4394	4	1	0.44482650772566745	0	DOMAIN_SPECIFIC	-0.49244098472446507	0.9899399288667535	65.88042123295492	-0.4374741487587208	-0.3637267629720562	-0.04761447699879762	DOMAIN_SPECIFIC	DOMAIN_SPECIFIC	OTHER_OR_INSUFFICIENT
s__GGB3345_SGB9340	3	1	0.028630219071453245	1	OTHER_OR_INSUFFICIENT	-0.07303855479624631	0.9899399288667535	0.0	-0.054353801223725795	-0.044408335724793066		OTHER_OR_INSUFFICIENT	OTHER_OR_INSUFFICIENT	
s__GGB3588_SGB4808	4	1	0.008053138725648668	1	OTHER_OR_INSUFFICIENT	0.2841036592854662	0.9899399288667535	0.0	0.2841036592854662	0.2841036592854662	0.27605052055981755	OTHER_OR_INSUFFICIENT	OTHER_OR_INSUFFICIENT	OTHER_OR_INSUFFICIENT
s__GGB3677_SGB4990	4	1	0.0	1	OTHER_OR_INSUFFICIENT	-0.06255312842654498	0.9899399288667535	0.0	-0.06255312842654498	-0.06255312842654498	-0.06255312842654498	OTHER_OR_INSUFFICIENT	OTHER_OR_INSUFFICIENT	OTHER_OR_INSUFFICIENT
s__GGB41458_SGB58520	4	1	0.0	1	OTHER_OR_INSUFFICIENT	0.15682267438427136	0.9899399288667535	0.0	0.15682267438427136	0.15682267438427136	0.15682267438427136	OTHER_OR_INSUFFICIENT	OTHER_OR_INSUFFICIENT	OTHER_OR_INSUFFICIENT
s__GGB4684_SGB6478	4	1	0.02957572005330529	1	OTHER_OR_INSUFFICIENT	0.03676192812813972	0.9899399288667535	0.0	0.03676192812813972	0.03676192812813972	0.06633764818144501	OTHER_OR_INSUFFICIENT	OTHER_OR_INSUFFICIENT	OTHER_OR_INSUFFICIENT
s__GGB4713_SGB6526	3	1	0.0	1	OTHER_OR_INSUFFICIENT	0.076391568811658	0.9899399288667535	0.0	0.076391568811658	0.076391568811658		OTHER_OR_INSUFFICIENT	OTHER_OR_INSUFFICIENT	
s__GGB51960_SGB72480	3	1	0.0	1	OTHER_OR_INSUFFICIENT	0.0742849381388245	0.9899399288667535	0.0	0.0742849381388245	0.0742849381388245		OTHER_OR_INSUFFICIENT	OTHER_OR_INSUFFICIENT	
s__GGB9189_SGB14128	4	1	0.08932591211041313	1	OTHER_OR_INSUFFICIENT	0.07326846561280748	0.9899399288667535	0.0	0.07326846561280748	0.07326846561280748	0.1625943777232206	OTHER_OR_INSUFFICIENT	OTHER_OR_INSUFFICIENT	OTHER_OR_INSUFFICIENT
s__GGB9261_SGB14209	3	1	0.0	1	OTHER_OR_INSUFFICIENT	0.10419410639890794	0.9899399288667535	23.41011612755671	0.10419410639890794	0.10419410639890794		OTHER_OR_INSUFFICIENT	OTHER_OR_INSUFFICIENT	
s__GGB9290_SGB14247	3	1	0.0	1	OTHER_OR_INSUFFICIENT	0.30047848382296893	0.9899399288667535	0.0	0.30047848382296893	0.30047848382296893		OTHER_OR_INSUFFICIENT	OTHER_OR_INSUFFICIENT	
s__GGB9302_SGB14263	3	1	0.0	1	OTHER_OR_INSUFFICIENT	0.32175858444296984	0.9899399288667535	0.0	0.32175858444296984	0.32175858444296984		OTHER_OR_INSUFFICIENT	OTHER_OR_INSUFFICIENT	
s__GGB9361_SGB14336	3	1	0.0	1	OTHER_OR_INSUFFICIENT	0.06729336146433215	0.9899399288667535	0.0	0.06729336146433215	0.06729336146433215		OTHER_OR_INSUFFICIENT	OTHER_OR_INSUFFICIENT	
s__GGB9561_SGB14972	3	1	0.0	1	OTHER_OR_INSUFFICIENT	0.08171375727687404	0.9899399288667535	0.0	0.08171375727687404	0.08171375727687404		OTHER_OR_INSUFFICIENT	OTHER_OR_INSUFFICIENT	
s__GGB9608_SGB15041	4	1	0.0851592168617401	1	OTHER_OR_INSUFFICIENT	0.14633392466643647	0.9899399288667535	0.0	0.14633392466643647	0.14633392466643647	0.23149314152817657	OTHER_OR_INSUFFICIENT	OTHER_OR_INSUFFICIENT	OTHER_OR_INSUFFICIENT
s__GGB9618_SGB15065	4	0	0.1684857704364537	1	OTHER_OR_INSUFFICIENT	-0.12844142481809584	0.9899399288667535	11.23550325700137	-0.11128007625712341	-0.09885770126878915	0.040044345618357874	OTHER_OR_INSUFFICIENT	OTHER_OR_INSUFFICIENT	OTHER_OR_INSUFFICIENT
s__GGB9635_SGB15103	3	1	0.016838100803865774	1	OTHER_OR_INSUFFICIENT	0.07819320810257256	0.9899399288667535	0.0	0.08941056525508727	0.09503130890643834		OTHER_OR_INSUFFICIENT	OTHER_OR_INSUFFICIENT	
s__GGB9640_SGB15115	4	1	0.005053342891066029	1	OTHER_OR_INSUFFICIENT	0.09654722828835095	0.9899399288667535	0.0	0.09654722828835095	0.09654722828835095	0.10160057117941698	OTHER_OR_INSUFFICIENT	OTHER_OR_INSUFFICIENT	OTHER_OR_INSUFFICIENT
s__GGB9677_SGB15180	4	1	0.21973100117431701	1	OTHER_OR_INSUFFICIENT	0.2051216634430176	0.9899399288667535	0.0	0.17496207844987882	0.14731048602692012	0.36704148720123714	OTHER_OR_INSUFFICIENT	OTHER_OR_INSUFFICIENT	OTHER_OR_INSUFFICIENT
s__GGB9691_SGB15198	3	1	0.028347580769136738	1	OTHER_OR_INSUFFICIENT	0.21064675574791994	0.9899399288667535	8.48557279415767	0.2286966204055778	0.23899433651705668		OTHER_OR_INSUFFICIENT	OTHER_OR_INSUFFICIENT	
s__GGB9737_SGB15309	4	1	0.06217157073409055	1	OTHER_OR_INSUFFICIENT	0.13077448333228026	0.9899399288667535	0.0	0.13077448333228026	0.13077448333228026	0.06860291259818971	OTHER_OR_INSUFFICIENT	OTHER_OR_INSUFFICIENT	OTHER_OR_INSUFFICIENT
s__GGB9762_SGB15377	3	1	0.0	1	OTHER_OR_INSUFFICIENT	0.027373287059286062	0.9899399288667535	0.0	0.027373287059286062	0.027373287059286062		OTHER_OR_INSUFFICIENT	OTHER_OR_INSUFFICIENT	
s__GGB9766_SGB15383	3	1	0.016679178403867678	1	OTHER_OR_INSUFFICIENT	0.13565201590557113	0.9899399288667535	0.0	0.14713952419804036	0.1523311943094388		OTHER_OR_INSUFFICIENT	OTHER_OR_INSUFFICIENT	
s__GGB9786_SGB15409	4	1	0.19864588654343826	1	OTHER_OR_INSUFFICIENT	0.02796086996092866	0.9899399288667535	53.56689988562431	0.02796086996092866	0.02796086996092866	0.22660675650436693	OTHER_OR_INSUFFICIENT	OTHER_OR_INSUFFICIENT	OTHER_OR_INSUFFICIENT
s__GGB9790_SGB15413	4	1	0.0007691788366249175	1	OTHER_OR_INSUFFICIENT	0.1989801031740858	0.9899399288667535	0.0	0.1989801031740858	0.1989801031740858	0.1997492820107107	OTHER_OR_INSUFFICIENT	OTHER_OR_INSUFFICIENT	OTHER_OR_INSUFFICIENT
s__Olsenella_uli	3	1	0.0	1	OTHER_OR_INSUFFICIENT	0.11167204678896639	0.9899399288667535	46.91707284268201	0.11167204678896639	0.11167204678896639		OTHER_OR_INSUFFICIENT	OTHER_OR_INSUFFICIENT	
s__Parascardovia_denticolens	3	1	0.0	1	OTHER_OR_INSUFFICIENT	-0.21149670801894557	0.9899399288667535	0.0	-0.21149670801894557	-0.21149670801894557		OTHER_OR_INSUFFICIENT	OTHER_OR_INSUFFICIENT	
s__Paratractidigestivibacter_faecalis	4	1	0.0	1	OTHER_OR_INSUFFICIENT	-0.11136091364263172	0.9899399288667535	0.0	-0.11136091364263172	-0.11136091364263172	-0.11136091364263172	OTHER_OR_INSUFFICIENT	OTHER_OR_INSUFFICIENT	OTHER_OR_INSUFFICIENT
s__Propionibacterium_acidifaciens	3	1	0.0	1	OTHER_OR_INSUFFICIENT	-0.13220445473626644	0.9899399288667535	0.0	-0.13220445473626644	-0.13220445473626644		OTHER_OR_INSUFFICIENT	OTHER_OR_INSUFFICIENT	
s__Ruminococcus_sp_AF41_9	4	1	0.0	1	OTHER_OR_INSUFFICIENT	-0.02712835792728257	0.9899399288667535	0.0	-0.02712835792728257	-0.02712835792728257	-0.02712835792728257	OTHER_OR_INSUFFICIENT	OTHER_OR_INSUFFICIENT	OTHER_OR_INSUFFICIENT
s__Dakarella_SGB14198	3	1	0.028891401238546832	1	OTHER_OR_INSUFFICIENT	-0.30894398978411386	0.9899399288667535	0.0	-0.2941084130608551	-0.280052588545567		OTHER_OR_INSUFFICIENT	OTHER_OR_INSUFFICIENT	
s__GGB3815_SGB5180	3	1	0.021743481719244256	1	OTHER_OR_INSUFFICIENT	-0.18396418090413458	0.9899399288667535	0.0	-0.17215485713931736	-0.16222069918489032		OTHER_OR_INSUFFICIENT	OTHER_OR_INSUFFICIENT	
s__Holdemanella_biformis	3	1	0.0	1	OTHER_OR_INSUFFICIENT	0.1748695484154622	0.9899399288667535	0.0	0.1748695484154622	0.1748695484154622		OTHER_OR_INSUFFICIENT	OTHER_OR_INSUFFICIENT	
