scenario	species	classification	domain_k	domain_pooled_effect	domain_ci_low	domain_ci_high	domain_p_value	domain_fdr_q	domain_I2	domain_prediction_low	domain_prediction_high	domain_sign_consistency	positive_domains	negative_domains	significant_positive_domains	significant_negative_domains	family_k	family_pooled_effect	family_p_value	family_fdr_q	family_I2	family_sign_consistency	family_same_direction	family_support_p_lt_0_10	prevalence_meta_effect	prevalence_meta_p	prevalence_meta_fdr_q	prevalence_same_direction	dominant_domain_share	influential_domain	loo_sign_flip
PRIMARY	s__Acidaminococcus_intestini	OTHER_OR_INSUFFICIENT	5	0.10418894885289762	-0.29915898108946937	0.5075368787952645	0.5129103749607732	0.9899399288667535	0.0	-0.35814078654664816	0.5665186842524433	0.6	3	2	0	0	4	0.08390263742582175	0.6205299324119891	0.9868213417628564	0.0	0.5	1	0	0.32445884664922	0.3916858636964291	0.9996325270282626	1			0
PRIMARY	s__Actinobaculum_sp_oral_taxon_183	OTHER_OR_INSUFFICIENT	4	-0.018809694984412414	-0.5137745658756856	0.4761551759068608	0.9113843865419567	0.9899399288667535	0.0	-0.6879999188307551	0.6503805288619302	0.5	2	2	0	0							0	0	-0.00139545952529897	0.9972426956691874	0.9998995945261049	1			0
PRIMARY	s__Actinomyces_SGB17154	OTHER_OR_INSUFFICIENT	6	-0.03797004636081408	-0.38665942684808574	0.3107193341264576	0.7907499448429349	0.9899399288667535	0.0	-0.41458397535295505	0.3386438826313269	0.6666666666666666	2	4	0	0	3	-0.012658690809918322	0.9476171473068555	0.9868213417628564	31.10869506860286	0.6666666666666666	1	0	-0.18479560601015402	0.5679811649594657	0.9996325270282626	1			0
PRIMARY	s__Actinomyces_SGB17157	OTHER_OR_INSUFFICIENT	4	-0.14046929421651225	-0.6521718006242033	0.3712332121911789	0.4466221421670733	0.9899399288667535	1.0626909752246234	-0.9709094083975928	0.6899708199645683	0.75	1	3	0	0	3	-0.07303331508599341	0.6338435068282922	0.9868213417628564	0.0	1.0	1	0	-0.36013983088930285	0.41690856426733597	0.9996325270282626	1	0.3969186215958598	Lee_PRIMM_NL	0
PRIMARY	s__Actinomyces_SGB17163	OTHER_OR_INSUFFICIENT	4	0.10118496900392711	-0.39391580965918976	0.596285747667044	0.5617997690905276	0.9899399288667535	0.0	-0.5681890015159952	0.7705589395238495	0.75	3	1	0	0							0	0	0.26502335562121315	0.554630626964469	0.9996325270282626	1	0.3024833352297574	Lee_PRIMM_UK	0
PRIMARY	s__Actinomyces_SGB17168	OTHER_OR_INSUFFICIENT	4	0.08817443854406992	-0.5553736236245057	0.7317225007126456	0.6922815063636553	0.9899399288667535	35.26243446563969	-1.0091449237575147	1.1854938008456546	0.5	2	2	1	0							0	0	0.37675520791903333	0.39747026879739983	0.9996325270282626	1			0
PRIMARY	s__Actinomyces_dentalis	OTHER_OR_INSUFFICIENT	3	-0.3461138215489671	-1.0771623346150683	0.3849346915171341	0.17854910051783845	0.9899399288667535	0.0	-2.504980147247961	1.8127525041500272	1.0	0	3	0	0							0	0	-0.7755445760718583	0.21850656978926167	0.9996325270282626	1			0
PRIMARY	s__Actinomyces_graevenitzii	DOMAIN_SPECIFIC	5	-0.17190534035681262	-0.8305281166827592	0.48671743596913397	0.5087724238685387	0.9899399288667535	60.19238605019629	-1.6718913926989625	1.328080711985337	0.6	2	3	0	1	3	-0.13458846719503975	0.7601425915772192	0.9868213417628564	75.71355281721206	0.6666666666666666	1	0	-0.214169909422509	0.6937731804986665	0.9996325270282626	1	0.3730596860232139	Matson_US	0
PRIMARY	s__Actinomyces_oris	OTHER_OR_INSUFFICIENT	6	-0.2861929880866042	-0.7131760117581413	0.14079003558493286	0.14550238047676814	0.9899399288667535	29.093271948715067	-1.0244133520900522	0.4520273759168437	0.6666666666666666	2	4	0	1	3	-0.1615730836457718	0.3504943889283547	0.9868213417628564	3.1999944482626947	1.0	1	0	-0.28850571130463337	0.43561831053577116	0.9996325270282626	1	0.3332409410867971	Lee_PRIMM_NL	0
PRIMARY	s__Actinomyces_sp_HMSC035G02	OTHER_OR_INSUFFICIENT	4	-0.2348226350841108	-0.7311218347532068	0.26147656458498514	0.22920439420470248	0.9899399288667535	0.0	-0.9058168652726383	0.4361715951044166	1.0	0	4	0	0							0	0	-0.4920799902098872	0.30555906270726807	0.9996325270282626	1	0.46678617592806115	Lee_PRIMM_NL	0
PRIMARY	s__Actinomyces_sp_ICM47	OTHER_OR_INSUFFICIENT	6	0.13951007739765486	-0.20858878346685172	0.48760893826216145	0.35013545898450293	0.9899399288667535	0.0	-0.2364660406235647	0.5154861954188744	0.6666666666666666	4	2	0	0	3	0.1761956855452275	0.3120695567712022	0.9868213417628564	0.0	0.6666666666666666	1	0	0.36932835708999995	0.2629234765535034	0.9996325270282626	1			0
PRIMARY	s__Actinomyces_sp_ICM58	OTHER_OR_INSUFFICIENT	5	0.05661540504439073	-0.3359186930444922	0.4491495031332736	0.7092925552728978	0.9899399288667535	0.0	-0.39331918563250534	0.5065499957212868	0.6	3	2	0	0	3	0.04306701127435655	0.7740298181237387	0.9868213417628564	0.0	0.6666666666666666	1	0	0.31164462163990203	0.38225130408953056	0.9996325270282626	1			0
PRIMARY	s__Actinomyces_sp_oral_taxon_448	OTHER_OR_INSUFFICIENT	5	-0.09511534042350911	-0.5072357628472042	0.317005082000186	0.5565274158990968	0.9899399288667535	0.0	-0.5675003750158044	0.3772696941687862	0.6	2	3	0	1							0	0	-0.1799168585826788	0.6197171750015799	0.9996325270282626	1			0
PRIMARY	s__Actinomyces_sp_ph3	OTHER_OR_INSUFFICIENT	4	-0.31402759433407523	-0.8112734335882776	0.18321824492012712	0.13800713377967191	0.9899399288667535	0.0	-0.9863016768758196	0.35824648820766913	1.0	0	4	0	0							0	0	-0.705124273692645	0.133983366836905	0.9996325270282626	1	0.32344565760188076	Lee_Manchester	0
PRIMARY	s__Adlercreutzia_equolifaciens	STRONG_DIRECTION_REVERSAL	9	-0.07339252907497595	-0.4954048572979296	0.3486197991479777	0.698889498654602	0.9899399288667535	57.75146357004378	-1.1393829342361983	0.9925978760862464	0.6666666666666666	3	6	1	1	5	-0.20667917905582617	0.3906556407286905	0.9868213417628564	68.40404983770418	0.8	1	0	-0.2621043130897989	0.5138906755716792	0.9996325270282626	1	0.19627522597758934	Matson_US	1
PRIMARY	s__Agathobaculum_butyriciproducens	OTHER_OR_INSUFFICIENT	9	0.11922407127783755	-0.13495684913399916	0.3734049916896742	0.31093777311161797	0.9899399288667535	0.0	-0.14141829294726613	0.3798664355029412	0.5555555555555556	5	4	0	0	5	0.15400923812625764	0.23344744330345943	0.9868213417628564	0.0	0.6	1	0	0.4740331047678143	0.13386200541784296	0.9996325270282626	1			0
PRIMARY	s__Akkermansia_muciniphila	OTHER_OR_INSUFFICIENT	9	0.12923389192290036	-0.1254310146060576	0.3838987984518583	0.27559055172015123	0.9899399288667535	0.0	-0.13190476167048465	0.39037254551628536	0.6666666666666666	6	3	0	0	5	0.12940058920138758	0.30372527286586487	0.9868213417628564	0.0	0.6	1	0	0.2603449044399254	0.3127820174377329	0.9996325270282626	1			0
PRIMARY	s__Akkermansia_sp_KLE1798	OTHER_OR_INSUFFICIENT	3	-0.12057059483797967	-0.8802923370464957	0.6391511473705362	0.5651875205971442	0.9899399288667535	0.0	-2.5300169941243573	2.288875804448398	0.6666666666666666	2	1	0	0	3	-0.12057059483797967	0.5651875205971442	0.9868213417628564	0.0	0.6666666666666666	1	0	0.1500746539223549	0.8784591525039749	0.9996325270282626	0			0
PRIMARY	s__Alistipes_SGB2313	OTHER_OR_INSUFFICIENT	4	-0.09913836169358771	-0.6578927528583155	0.4596160294711401	0.6117746771909989	0.9899399288667535	0.0	-0.8545717225935251	0.6562949992063497	0.75	1	3	0	0							0	0	-0.4033292873338202	0.3743345445653938	0.9996325270282626	1	0.4613459512196224	Lee_PRIMM_UK	0
PRIMARY	s__Alistipes_communis	OTHER_OR_INSUFFICIENT	9	0.11203752422583184	-0.1422601461361117	0.3663351945877754	0.33938136451546885	0.9899399288667535	0.0	-0.148724557819504	0.3727996062711677	0.6666666666666666	6	3	0	0	5	0.11231392212633713	0.36385339650929677	0.9868213417628564	0.0	1.0	1	0	0.3123284924951015	0.24240294891526623	0.9996325270282626	1			0
PRIMARY	s__Alistipes_dispar	OTHER_OR_INSUFFICIENT	8	7.644610509685207e-05	-0.35288261132442583	0.3530355035346195	0.9996056569136471	0.9996056569136472	36.28880830130876	-0.40456069434739517	0.4047135865575888	0.625	3	5	0	1	4	-0.02507742467813075	0.8574601918662248	0.9868213417628564	10.621340900572097	0.5	0	0	-0.07902732256536506	0.8252798586824807	0.9996325270282626	0			0
PRIMARY	s__Alistipes_finegoldii	OTHER_OR_INSUFFICIENT	9	-0.04822154020670224	-0.30274007584590096	0.2062969954324965	0.6737369411520224	0.9899399288667535	0.0	-0.30921010205011834	0.21276702163671388	0.6666666666666666	3	6	0	0	5	-0.058995973564891495	0.6193393858448274	0.9868213417628564	0.0	0.8	1	0	0.09102745538485972	0.7130560605784916	0.9996325270282626	0			0
PRIMARY	s__Alistipes_ihumii	OTHER_OR_INSUFFICIENT	8	-0.0265546592113521	-0.2970298635823206	0.2439205451596164	0.8230597891751059	0.9899399288667535	0.0	-0.30644224964435884	0.2533329312216547	0.625	3	5	0	0	4	-0.03044371865308017	0.8065087294556821	0.9868213417628564	0.0	0.75	1	0	-0.036508304653597994	0.8842437285385865	0.9996325270282626	1			0
PRIMARY	s__Alistipes_indistinctus	OTHER_OR_INSUFFICIENT	9	0.007031581221441371	-0.24999058617221814	0.2640537486151009	0.9512447242124666	0.9899399288667535	1.706076489367218	-0.256524256347012	0.27058741878989473	0.5555555555555556	4	5	0	0	5	-0.0012621999051126507	0.9913757986282632	0.9913757986282632	0.0	0.6	0	0	0.20062938503176167	0.4903679211717816	0.9996325270282626	1			0
PRIMARY	s__Alistipes_onderdonkii	OTHER_OR_INSUFFICIENT	9	-0.047828413645203724	-0.3378334585395014	0.24217663124909394	0.713612397537379	0.9899399288667535	11.002867062786622	-0.5351030102790351	0.4394461829886276	0.5555555555555556	5	4	0	0	5	-0.07870656212200536	0.65494490754724	0.9868213417628564	43.162266393747004	0.6	1	0	0.21857467389546942	0.5625807458049522	0.9996325270282626	0			0
PRIMARY	s__Alistipes_putredinis	OTHER_OR_INSUFFICIENT	9	-0.011370298064620598	-0.31333781225038204	0.29059721612114087	0.9329403393138158	0.9899399288667535	18.326413935829063	-0.560706330181891	0.5379657340526497	0.5555555555555556	5	4	0	0	5	-0.038701773800245115	0.8261950927862626	0.9868213417628564	42.86153694819377	0.6	1	0	-0.24683297301925478	0.5241898011565531	0.9996325270282626	1			0
PRIMARY	s__Alistipes_senegalensis	OTHER_OR_INSUFFICIENT	7	-0.06505962611406797	-0.3818776064276363	0.2517583541995004	0.6332345489737126	0.9899399288667535	0.0	-0.4885243133870264	0.3584050611588905	0.7142857142857143	2	5	0	0	3	-0.07920821401645523	0.5882054153354536	0.9868213417628564	0.0	0.6666666666666666	1	0	-0.15480209633321138	0.6328755620205342	0.9996325270282626	1			0
PRIMARY	s__Alistipes_shahii	OTHER_OR_INSUFFICIENT	9	0.06801230597964303	-0.1856576102233921	0.32168222218267817	0.5535874851113325	0.9899399288667535	0.0	-0.1921060639844822	0.32813067594376827	0.6666666666666666	6	3	0	0	5	0.0598350666866634	0.6140599528747283	0.9868213417628564	0.0	0.8	1	0	0.17065025567546557	0.529275951892961	0.9996325270282626	1			0
PRIMARY	s__Allisonella_histaminiformans	OTHER_OR_INSUFFICIENT	3	0.02415757849770497	-1.03728803361808	1.0856031906134902	0.9309222312836172	0.9899399288667535	0.0	-3.1104075643872076	3.1587227213826177	0.6666666666666666	1	2	0	0							0	0	-0.08340696950302941	0.8844100880485488	0.9996325270282626	0			0
PRIMARY	s__Alloscardovia_omnicolens	OTHER_OR_INSUFFICIENT	4	-0.11088183282457287	-0.6583294942782404	0.43656582862909465	0.5650940128805546	0.9899399288667535	0.0	-1.018687962765373	0.7969242971162274	0.75	1	3	0	0							0	0	-0.23104001180911596	0.6372405567644612	0.9996325270282626	1	0.4000220652213102	Lee_PRIMM_UK	1
PRIMARY	s__Anaerobutyricum_hallii	OTHER_OR_INSUFFICIENT	9	0.08430070575802105	-0.2211395846958143	0.3897409962118564	0.542259712261537	0.9899399288667535	26.036514334798746	-0.3395072854485234	0.5081086969645655	0.5555555555555556	5	4	0	1	5	0.09401889327755975	0.44023721173050734	0.9868213417628564	0.0	0.6	1	0	0.2301395643622415	0.43172753815166504	0.9996325270282626	1			0
PRIMARY	s__Anaerobutyricum_soehngenii	OTHER_OR_INSUFFICIENT	9	0.13512110834662058	-0.24100120023845542	0.5112434169316966	0.4314480608619445	0.9899399288667535	48.75220420604861	-0.7464173130915908	1.016659529784832	0.5555555555555556	5	4	2	0	5	0.08348502861619422	0.5045264872619015	0.9868213417628564	0.0	0.8	1	0	0.2605994766800708	0.5634446841645165	0.9996325270282626	1			0
PRIMARY	s__Anaerococcus_SGB53821	OTHER_OR_INSUFFICIENT	4	-0.009553428617943522	-0.5900881757957789	0.5709813185598919	0.9615251393206177	0.9907292483558621	13.834568566196149	-1.1334285412893517	1.1143216840534647	0.75	1	3	0	0	4	-0.009553428617943522	0.9615251393206177	0.9902921360018845	13.834568566196149	0.75	1	0	-0.1047201012957049	0.8491747085815321	0.9996325270282626	1	0.36540616705652934	Spencer_US	1
PRIMARY	s__Anaerofilum_sp_BX8	CONSISTENT_NONSIGNIFICANT	9	0.04507042262205973	-0.20856606380414727	0.29870690904826674	0.6927277218488289	0.9899399288667535	0.0	-0.21501366774211217	0.30515451298623164	0.7777777777777778	7	2	0	0	5	0.04356516862552644	0.7111948139766953	0.9868213417628564	0.0	0.8	1	0	0.08491296036973985	0.7393701480569473	0.9996325270282626	1	0.5526929229991272	Lee_Leeds	0
PRIMARY	s__Anaerofustis_stercorihominis	OTHER_OR_INSUFFICIENT	6	0.020846261427508752	-0.3273381456523896	0.36903066850740707	0.8837043248956571	0.9899399288667535	0.0	-0.35522225371157523	0.3969147765665927	0.5	3	3	0	0	3	0.07179197319682866	0.6394375282240788	0.9868213417628564	0.0	0.6666666666666666	1	0	-0.0245818320114405	0.9385976510918939	0.9996325270282626	0			0
PRIMARY	s__Anaeromassilibacillus_sp_An250	OTHER_OR_INSUFFICIENT	8	0.06409598673940926	-0.20159612701663437	0.3297881004954529	0.5862115219288023	0.9899399288667535	0.0	-0.2108420642721554	0.3390340377509739	0.5	4	4	1	0	5	0.0657803370273293	0.6321223325421019	0.9868213417628564	25.12049008129772	0.8	1	0	0.006076516165114147	0.9807298940570748	0.9996325270282626	1			0
PRIMARY	s__Anaerosacchariphilus_sp_NSJ_68	OTHER_OR_INSUFFICIENT	4	-0.37026781977031636	-0.8808952706876851	0.14035963114705247	0.10425352630935215	0.9899399288667535	0.0	-1.0606337795157927	0.32009813997515996	1.0	0	4	0	0							0	0	-0.6267262718355835	0.2103365105459829	0.9996325270282626	1	0.47128615513891875	Lee_PRIMM_UK	0
PRIMARY	s__Anaerostipes_caccae	OTHER_OR_INSUFFICIENT	4	-0.03852497652866631	-0.5629548629614535	0.4859049099041209	0.8301973329269194	0.9899399288667535	0.0	-0.7475517654854607	0.6705018124281281	0.5	2	2	0	0	4	-0.07244569071606836	0.6026321051038609	0.9868213417628564	0.0	0.5	1	0	0.031866958378655115	0.9340226740927108	0.9996325270282626	0			0
PRIMARY	s__Anaerostipes_hadrus	OTHER_OR_INSUFFICIENT	9	0.05673648315986596	-0.2096558921627943	0.3231288584825262	0.6365201723496327	0.9899399288667535	0.0	-0.29196915020172554	0.40544211652145745	0.5555555555555556	5	4	0	0	5	0.030869291853933837	0.8480781051739927	0.9868213417628564	33.316757852499975	0.6	1	0	0.09665328416545355	0.8043906812172457	0.9996325270282626	1			0
PRIMARY	s__Anaerotignum_faecicola	OTHER_OR_INSUFFICIENT	9	-0.07190048875904191	-0.3691752734042398	0.22537429588615593	0.5922803355018778	0.9899399288667535	18.10482371327315	-0.5961094753457837	0.45230849782769994	0.6666666666666666	3	6	0	0	5	-0.046838468787238706	0.8054803696922699	0.9868213417628564	49.28600562134988	0.6	1	0	-0.17247096733507922	0.5668412586014847	0.9996325270282626	1			0
PRIMARY	s__Anaerotignum_lactatifermentans	OTHER_OR_INSUFFICIENT	3	-0.08637656412555209	-0.7932375206101276	0.6204843923590235	0.6515259915297292	0.9899399288667535	0.0	-2.173814386337256	2.001061258086152	0.6666666666666666	1	2	0	0	3	-0.08637656412555209	0.6515259915297292	0.9868213417628564	0.0	0.6666666666666666	1	0	-0.2221487706036511	0.6681359660067019	0.9996325270282626	1			0
PRIMARY	s__Anaerotruncus_colihominis	CONSISTENT_NONSIGNIFICANT	8	-0.26125109161845184	-0.5463253920474227	0.02382320881051897	0.0669111492179111	0.9899399288667535	0.0	-0.5562458184395689	0.033743635202665156	0.875	1	7	0	1	5	-0.2433370226894442	0.09168267647469854	0.9868213417628564	0.0	1.0	1	1	-0.56907355490918	0.05198887064849684	0.9996325270282626	1	0.37476583906594163	Gopalakrishnan_US	0
PRIMARY	s__Anaerotruncus_massiliensis	OTHER_OR_INSUFFICIENT	7	0.08498152962536279	-0.2502272460640528	0.4201903053147784	0.557846884211732	0.9899399288667535	14.107999453651601	-0.3978515888127099	0.5678146480634355	0.5714285714285714	3	4	0	0	5	0.038956922098832156	0.800118953722656	0.9868213417628564	22.699790337291773	0.6	1	0	0.430332669565837	0.18717782619363446	0.9996325270282626	1			0
PRIMARY	s__Anaerotruncus_rubiinfantis	CONSISTENT_NONSIGNIFICANT	9	-0.14122580760172723	-0.39519812965367485	0.11274651445022035	0.23564610626041008	0.9899399288667535	0.0	-0.4016542707498104	0.11920265554635598	0.8888888888888888	1	8	0	0	5	-0.13794713667356004	0.27739315934375547	0.9868213417628564	0.0	0.8	1	0	-0.15138749433491286	0.5445385408378894	0.9996325270282626	1	0.22459692729653336	Gopalakrishnan_US	0
PRIMARY	s__Angelakisella_massiliensis	OTHER_OR_INSUFFICIENT	5	-0.0720963827336998	-0.6543175113525759	0.5101247458851763	0.7483036922263486	0.9899399288667535	40.854326390438	-1.1076720473832338	0.9634792819158342	0.6	2	3	1	0	4	-0.005783979336972767	0.9829881450751322	0.9902921360018845	50.95689098420087	0.5	1	0	-0.4503384253228681	0.3945011657750181	0.9996325270282626	1			0
PRIMARY	s__Bacteroides_SGB15210	OTHER_OR_INSUFFICIENT	3	-0.2556534973426923	-0.9851820111362397	0.4738750164508551	0.2706183690623904	0.9899399288667535	0.0	-2.410031098650859	1.8987241039654743	1.0	0	3	0	0							0	0	-0.4949964617213778	0.4226895743465791	0.9996325270282626	1			0
PRIMARY	s__Bacteroides_caccae	CONSISTENT_NONSIGNIFICANT	9	0.09448355818353525	-0.1600045131925375	0.34897162955960803	0.4168208802547448	0.9899399288667535	0.0	-0.16647376498534389	0.3554408813524144	0.7777777777777778	7	2	1	0	5	0.0819393739562193	0.5106661889669468	0.9868213417628564	0.3576999004322043	0.8	1	0	0.07785275321331	0.7597615121660913	0.9996325270282626	1	0.2958545628139392	Frankel_US	0
PRIMARY	s__Bacteroides_cellulosilyticus	OTHER_OR_INSUFFICIENT	9	-0.06188394750295362	-0.3159892886036929	0.19222139359778567	0.5897729255874409	0.9899399288667535	0.0	-0.3224488111860014	0.19868091618009415	0.5555555555555556	4	5	0	0	5	-0.10715827833655976	0.3837735857487791	0.9868213417628564	0.0	0.8	1	0	-0.14014082428738284	0.5693120484425248	0.9996325270282626	1			0
PRIMARY	s__Bacteroides_clarus	OTHER_OR_INSUFFICIENT	6	-0.25801590809795105	-0.6283079108580929	0.11227609466219074	0.13326635787555122	0.9899399288667535	0.0	-0.6579624903501667	0.14193067415426464	0.8333333333333334	1	5	0	0							0	0	-0.263645444835305	0.4837360592779329	0.9996325270282626	1	0.2635163514428141	Lee_PRIMM_UK	0
PRIMARY	s__Bacteroides_eggerthii	DOMAIN_SPECIFIC	7	0.06997990234603378	-0.4515101511159254	0.591469955807993	0.7537988814139405	0.9899399288667535	65.70674002308708	-1.2040925876586215	1.3440523923506889	0.5714285714285714	3	4	1	0	4	0.09570336108290266	0.6358912188092919	0.9868213417628564	47.37947943006791	0.5	1	0	0.12625458017000746	0.7963188570954457	0.9996325270282626	1	0.26700354658791253	Lee_PRIMM_UK	1
PRIMARY	s__Bacteroides_faecis	CONSISTENT_NONSIGNIFICANT	7	0.12887731743809872	-0.17112521977017514	0.42887985464637257	0.3336656462573749	0.9899399288667535	0.0	-0.18628772361138263	0.44404235848758006	0.8571428571428571	6	1	0	0	5	0.03198191518403159	0.7850109482889385	0.9868213417628564	0.0	0.8	1	0	0.10960636747833435	0.7113171133567655	0.9996325270282626	1	0.226238788441072	Lee_Leeds	0
PRIMARY	s__Bacteroides_finegoldii	OTHER_OR_INSUFFICIENT	8	0.12134207018771245	-0.22437778182589466	0.4670619222013196	0.4339580600197785	0.9899399288667535	27.25207933881123	-0.343666885106955	0.5863510254823798	0.5	4	4	0	0	5	0.03860410907370621	0.7428587118084816	0.9868213417628564	0.0	0.6	1	0	0.2554872963747481	0.50373848162288	0.9996325270282626	1			0
PRIMARY	s__Bacteroides_fragilis	OTHER_OR_INSUFFICIENT	9	-0.1356550333736572	-0.3896272470819829	0.11831718033466848	0.2530309690074086	0.9899399288667535	0.0	-0.396083385429634	0.12477331868231961	0.5555555555555556	4	5	0	0	5	-0.1628229446976944	0.2122273703433424	0.9868213417628564	0.0	0.6	1	0	-0.18371585341700022	0.44982274725997157	0.9996325270282626	1			0
PRIMARY	s__Bacteroides_intestinalis	OTHER_OR_INSUFFICIENT	7	0.02439473100667278	-0.36451382834063234	0.4133032903539779	0.8830476073703496	0.9899399288667535	26.76253457059847	-0.6980238681644192	0.7468133301777647	0.5714285714285714	3	4	0	0	4	0.05047757992795986	0.7962847670376947	0.9868213417628564	45.700334417885905	0.5	1	0	0.10069187871071954	0.7523878673114143	0.9996325270282626	1			0
PRIMARY	s__Bacteroides_nordii	OTHER_OR_INSUFFICIENT	6	-0.09617488651163524	-0.4366217685389565	0.244271995515686	0.5002852785179518	0.9899399288667535	0.0	-0.4638862221925693	0.2715364491692988	0.5	3	3	0	0	4	-0.06663764827400484	0.5997882566131841	0.9868213417628564	0.0	0.75	1	0	-0.1633721719520394	0.5958737963571828	0.9996325270282626	1			0
PRIMARY	s__Bacteroides_ovatus	OTHER_OR_INSUFFICIENT	9	-0.02255452604988996	-0.27673654804952624	0.23162749594974635	0.8429787015592096	0.9899399288667535	0.0	-0.2831980198804423	0.2380889677806624	0.5555555555555556	4	5	0	0	5	-0.026037596859270613	0.8240344591748658	0.9868213417628564	0.0	0.6	1	0	0.16883370051968838	0.6256830912099296	0.9996325270282626	0			0
PRIMARY	s__Bacteroides_salyersiae	CONSISTENT_NONSIGNIFICANT	6	0.15373521284501337	-0.18172114309866275	0.4891915687886895	0.2917814471694103	0.9899399288667535	0.0	-0.2085859339578162	0.5160563596478429	0.8333333333333334	5	1	0	0	4	0.06980999401623529	0.5834346723843724	0.9868213417628564	0.0	0.75	1	0	0.2834154492326916	0.4070741019809918	0.9996325270282626	1	0.3466369537518917	Spencer_US	0
PRIMARY	s__Bacteroides_stercoris	OTHER_OR_INSUFFICIENT	9	0.04490511724332094	-0.21500977467730478	0.3048200091639467	0.7007533187117633	0.9899399288667535	0.0	-0.25941775015430857	0.3492279846409504	0.5555555555555556	4	5	0	0	5	0.044002247016572	0.7834940131217801	0.9868213417628564	33.03999266848402	0.6	1	0	0.28365664542630237	0.2826073244846888	0.9996325270282626	1			0
PRIMARY	s__Bacteroides_thetaiotaomicron	OTHER_OR_INSUFFICIENT	9	-0.0858430729080483	-0.3455197713917314	0.17383362557563478	0.4677521803027827	0.9899399288667535	0.0	-0.38543132269945957	0.213745176883363	0.6666666666666666	3	6	0	0	5	-0.100282576452876	0.5481225309437954	0.9868213417628564	35.92359392251236	0.6	1	0	-0.07913097888621799	0.7812923829322249	0.9996325270282626	1			0
PRIMARY	s__Bacteroides_uniformis	OTHER_OR_INSUFFICIENT	9	-0.004025810417429646	-0.257505257131851	0.24945363629699172	0.9716818740481447	0.9925937920540963	0.0	-0.2639488690207732	0.25589724818591386	0.5555555555555556	4	5	0	0	5	-0.031025670475328945	0.79108834651853	0.9868213417628564	0.0	0.8	1	0	0.05354540288533978	0.9395556295847187	0.9996325270282626	0			0
PRIMARY	s__Bacteroides_xylanisolvens	OTHER_OR_INSUFFICIENT	9	0.1543708598691342	-0.12786272628111836	0.43660444601938675	0.2427377629353093	0.9899399288667535	18.049366715674775	-0.1353663987494321	0.4441081184877005	0.5555555555555556	5	4	1	0	5	0.14364500912192274	0.2611877578172199	0.9868213417628564	0.0	0.6	1	0	0.19768027481912195	0.43275363448103643	0.9996325270282626	1			0
PRIMARY	s__Bariatricus_massiliensis	OTHER_OR_INSUFFICIENT	3	0.01945124783292354	-0.8540563117119894	0.8929588073778364	0.9324060710351707	0.9899399288667535	0.0	-2.5601122435812775	2.599014739247125	0.6666666666666666	1	2	0	0							0	0	0.46595973794942136	0.488917673821922	0.9996325270282626	1			0
PRIMARY	s__Barnesiella_intestinihominis	OTHER_OR_INSUFFICIENT	9	0.15078148020687226	-0.169992406875019	0.4715553672887635	0.30997075909350313	0.9899399288667535	30.20427054194975	-0.48734306489563645	0.7889060253093809	0.6666666666666666	6	3	0	0	5	0.1897696206281771	0.31911584493562417	0.9868213417628564	42.81156559869154	0.8	1	0	0.5496633959617302	0.18427157146317646	0.9996325270282626	1			0
PRIMARY	s__Bifidobacterium_adolescentis	STRONG_DIRECTION_REVERSAL	9	0.15209500001695256	-0.28682185595407583	0.591011855987981	0.44731426071069746	0.9899399288667535	52.589526027957255	-0.7154561559837542	1.0196461560176593	0.7777777777777778	7	2	1	1	5	0.1998256465439716	0.14325988997710726	0.9868213417628564	0.0	1.0	1	0	0.339409911668318	0.3372619791652111	0.9996325270282626	1	0.25264604108253946	Lee_Leeds	0
PRIMARY	s__Bifidobacterium_animalis	OTHER_OR_INSUFFICIENT	5	0.11697677812174005	-0.2942032672065204	0.5281568234500005	0.4737913265798281	0.9899399288667535	0.0	-0.35433036748248825	0.5882839237259684	0.8	4	1	0	0							0	0	0.4595473562222068	0.2598925979986007	0.9996325270282626	1	0.3909301189295734	Frankel_US	0
PRIMARY	s__Bifidobacterium_bifidum	CONSISTENT_NONSIGNIFICANT	8	0.18595707131230352	-0.07977041443992874	0.4516845570645358	0.14194485676750726	0.9899399288667535	0.0	-0.0890175826241956	0.46093172524880266	0.875	7	1	0	0	5	0.18012484996755518	0.17673288178081306	0.9868213417628564	0.0	1.0	1	0	0.27996310046992745	0.3334028740891359	0.9996325270282626	1	0.40167794729179546	Gopalakrishnan_US	0
PRIMARY	s__Bifidobacterium_dentium	OTHER_OR_INSUFFICIENT	6	-0.1338692557597478	-0.6114116526518069	0.3436731411323112	0.5034218557728601	0.9899399288667535	42.10695839285464	-1.1080560920765845	0.8403175805570889	0.5	3	3	0	1	3	-0.3042256914117171	0.42319764992713493	0.9868213417628564	74.18239502600237	0.6666666666666666	1	0	-0.26251330922069793	0.5544189281490185	0.9996325270282626	1			0
PRIMARY	s__Bifidobacterium_longum	OTHER_OR_INSUFFICIENT	9	0.18415769500416945	-0.08226759176463	0.4505829817729689	0.14961325392913416	0.9899399288667535	7.375947002282386	-0.1138463542597678	0.4821617442681067	0.5555555555555556	5	4	1	0	5	0.18241896007471642	0.17277188448447775	0.9868213417628564	0.0	0.8	1	0	0.23171368235818607	0.45855221332461277	0.9996325270282626	1	0.2154466089618039	Lee_PRIMM_NL	0
PRIMARY	s__Bifidobacterium_pseudocatenulatum	OTHER_OR_INSUFFICIENT	7	0.1284225087827229	-0.15464842335062104	0.4114934409160669	0.3094514409822699	0.9899399288667535	0.0	-0.1689551828856121	0.42580020045105793	0.7142857142857143	5	2	0	0	5	0.1407889508456761	0.32251951016012304	0.9868213417628564	21.20369233285214	0.6	1	0	0.27141422811352073	0.4191464529812206	0.9996325270282626	1			0
PRIMARY	s__Bilophila_wadsworthia	CONSISTENT_NONSIGNIFICANT	9	-0.07540631218226322	-0.32982760209906026	0.1790149777345338	0.5136192539550666	0.9899399288667535	0.0	-0.336295156259919	0.18548253189539254	0.7777777777777778	2	7	0	1	5	-0.08250895760893057	0.4937592810100024	0.9868213417628564	0.0	0.8	1	0	-0.11213057032544818	0.6664380038384158	0.9996325270282626	1	0.45336108220535254	Spencer_US	0
PRIMARY	s__Bittarella_massiliensis	CONSISTENT_NONSIGNIFICANT	6	-0.3129802467958604	-0.664126004370311	0.03816551077859026	0.07054446667782065	0.9899399288667535	0.0	-0.6922472701560061	0.06628677656428522	0.8333333333333334	1	5	0	1	3	-0.271095697199627	0.17575620351147492	0.9868213417628564	0.0	1.0	1	0	-0.643786359698517	0.06654588634036211	0.9996325270282626	1	0.2864474593875773	Lee_PRIMM_NL	0
PRIMARY	s__Blautia_SGB4815	OTHER_OR_INSUFFICIENT	8	0.08306859209646324	-0.2623344854379555	0.42847166963088196	0.5873416885517738	0.9899399288667535	32.828366058385775	-0.5880442479402104	0.7541814321331368	0.625	5	3	1	0	4	0.07561422618894623	0.6116716844272494	0.9868213417628564	0.0	0.5	1	0	0.23206325097795066	0.4714236242637626	0.9996325270282626	1			0
PRIMARY	s__Blautia_caecimuris	OTHER_OR_INSUFFICIENT	8	0.04826108917073447	-0.21757199307199865	0.31409417141346757	0.6806159344963327	0.9899399288667535	0.0	-0.2268228360720223	0.3233450144134912	0.625	5	3	1	0	5	0.08313793559311498	0.4902156319858825	0.9868213417628564	0.0	0.8	1	0	0.04472854391056931	0.8761772055292513	0.9996325270282626	1			0
PRIMARY	s__Blautia_faecis	CONSISTENT_NONSIGNIFICANT	9	0.1481156740791283	-0.10623970507103214	0.4024710532292887	0.21617935843265781	0.9899399288667535	0.0	-0.112705583790294	0.4089369319485506	0.7777777777777778	7	2	0	0	5	0.1450690841530312	0.2572352223949487	0.9868213417628564	0.0	0.6	1	0	0.2788601368359631	0.6200704907894081	0.9996325270282626	1	0.299172983693191	Matson_US	0
PRIMARY	s__Blautia_glucerasea	OTHER_OR_INSUFFICIENT	8	-0.04023798169509786	-0.4562438600708864	0.3757678966806907	0.8256269527127224	0.9899399288667535	46.88203249413762	-0.8671728846278727	0.786696921237677	0.5	4	4	0	1	4	-0.012885085144676995	0.9269050733297927	0.9868213417628564	8.392671372382397	0.5	1	0	-0.052814155922939775	0.8877967767231306	0.9996325270282626	1			0
PRIMARY	s__Blautia_hansenii	OTHER_OR_INSUFFICIENT	4	-0.004310440849490282	-0.7210237017334994	0.7124028200345188	0.9859313808266007	0.9930462049980862	49.88325631123842	-1.6736508669880499	1.6650299852890693	0.5	2	2	0	0	4	-0.004310440849490282	0.9859313808266007	0.9902921360018845	49.88325631123842	0.5	1	0	-0.1697651553332982	0.7635213867134389	0.9996325270282626	1			0
PRIMARY	s__Blautia_hydrogenotrophica	CONSISTENT_NONSIGNIFICANT	6	-0.1284789173761293	-0.4775890487855565	0.2206312140332979	0.3875772280481026	0.9899399288667535	0.0	-0.5055472929050793	0.24858945815282066	0.8333333333333334	1	5	0	0	3	-0.08598726458727264	0.5799470262510437	0.9868213417628564	0.0	0.6666666666666666	1	0	-0.03253120705112103	0.9195828288887898	0.9996325270282626	1	0.46715155821560966	Frankel_US	0
PRIMARY	s__Blautia_luti	STRONG_DIRECTION_REVERSAL	7	0.03648930952263643	-0.4866455430056026	0.5596241620508754	0.8700892279866053	0.9899399288667535	67.2465541147105	-1.2393663095581882	1.312344928603461	0.5714285714285714	4	3	1	1	4	0.09235427139317871	0.7490162255550514	0.9868213417628564	72.23445463886678	0.75	1	0	0.19177605240074608	0.7439384338519106	0.9996325270282626	1	0.24727320724933588	Spencer_US	1
PRIMARY	s__Blautia_massiliensis	CONSISTENT_NONSIGNIFICANT	9	0.18803403784125558	-0.06659353677962301	0.4426616124621342	0.12699265851671962	0.9899399288667535	0.0	-0.07306633482864403	0.4491344105111552	0.7777777777777778	7	2	1	0	5	0.2000307176324459	0.1428794482265946	0.9868213417628564	0.0	0.8	1	0	0.5525279345211503	0.12693121182612277	0.9996325270282626	1	0.38730736827552265	Lee_Manchester	0
PRIMARY	s__Blautia_obeum	OTHER_OR_INSUFFICIENT	9	-0.03795720345904084	-0.2927531531139381	0.2168387461958564	0.7400552662202455	0.9899399288667535	0.0	-0.29923023149198436	0.22331582457390264	0.5555555555555556	4	5	0	0	5	-0.01151419268679519	0.921512649171068	0.9868213417628564	0.0	0.6	1	0	-0.12446991175814122	0.7515323845052135	0.9996325270282626	1			0
PRIMARY	s__Blautia_producta	OTHER_OR_INSUFFICIENT	8	-0.020212906824626738	-0.30677584165366445	0.266350028004411	0.8722507652931755	0.9899399288667535	13.702920652160053	-0.316748071834063	0.27632225818480954	0.5	4	4	0	0	5	-0.007619476708119694	0.9479318307574236	0.9868213417628564	0.0	0.6	1	0	-0.05048203628771894	0.8654740164957219	0.9996325270282626	1			0
PRIMARY	s__Blautia_sp_MSK_20_85	OTHER_OR_INSUFFICIENT	8	0.07128138560760279	-0.21814007091049487	0.3607028421257004	0.5785771674093729	0.9899399288667535	2.7272425982230146	-0.32747306567448004	0.4700358368896856	0.625	5	3	0	0	4	0.077951632984576	0.5772631204502262	0.9868213417628564	3.7023277738218794	0.75	1	0	0.21034632736160053	0.4642253498799984	0.9996325270282626	1			0
PRIMARY	s__Blautia_sp_Marseille_P3087	CONSISTENT_NONSIGNIFICANT	6	0.27541799996934047	-0.12403980254762265	0.6748758024863035	0.13653125594808077	0.9899399288667535	10.36775387716123	-0.37034755142069264	0.9211835513593736	0.8333333333333334	5	1	1	0	3	0.34424406381515943	0.2759639848891672	0.9868213417628564	54.77783708414723	1.0	1	0	0.2945017143684634	0.3428929384732238	0.9996325270282626	1	0.31462194076907984	Lee_PRIMM_NL	0
PRIMARY	s__Blautia_sp_OF03_15BH	CONSISTENT_NONSIGNIFICANT	6	0.1684490365798767	-0.18141959826108928	0.5183176714208426	0.2707953701646655	0.9899399288667535	0.0	-0.20943858653429553	0.5463366596940489	0.8333333333333334	5	1	0	0	3	0.10197538289449577	0.678462781295334	0.9868213417628564	44.768059934617874	0.6666666666666666	1	0	0.29142223862675926	0.45336906255630194	0.9996325270282626	1	0.2934401974693374	Frankel_US	0
PRIMARY	s__Blautia_stercoris	OTHER_OR_INSUFFICIENT	8	0.10368051902186533	-0.1813109929928562	0.3886720310365868	0.4181345434328463	0.9899399288667535	0.0	-0.19122853845922477	0.3985895765029554	0.625	5	3	0	0	5	0.07869289293576623	0.5131498487970991	0.9868213417628564	0.0	0.6	1	0	0.23981765088727283	0.497092126521819	0.9996325270282626	1			0
PRIMARY	s__Blautia_wexlerae	OTHER_OR_INSUFFICIENT	9	0.08374064500530529	-0.17060430845282595	0.33808559846343655	0.4694925991439516	0.9899399288667535	0.0	-0.17706992210774444	0.34455121211835504	0.5555555555555556	4	5	0	0	5	0.10166952787265829	0.406934985946194	0.9868213417628564	0.0	0.6	1	0				0			0
PRIMARY	s__Butyricicoccus_sp_AM29_23AC	CONSISTENT_NONSIGNIFICANT	6	0.15588502198749354	-0.23375144477842746	0.5455214887534146	0.3509019460147358	0.9899399288667535	19.079320484912678	-0.2649552124075969	0.576725256382584	0.8333333333333334	5	1	0	0	3	0.13362274816666203	0.41602677596223986	0.9868213417628564	0.0	1.0	1	0	0.5148850649388442	0.16374025248817753	0.9996325270282626	1	0.35384091726605865	Lee_Manchester	0
PRIMARY	s__Butyricimonas_SGB15260	OTHER_OR_INSUFFICIENT	9	0.02619878334602925	-0.2580102599096662	0.3104078266017247	0.8369782841597315	0.9899399288667535	4.0985671963699986	-0.42947076054189703	0.48186832723395556	0.5555555555555556	4	5	0	0	5	0.009417117117725814	0.9357145404319976	0.9868213417628564	0.0	0.6	1	0	0.1808015981146086	0.5104734795434231	0.9996325270282626	1			0
PRIMARY	s__Butyricimonas_faecihominis	OTHER_OR_INSUFFICIENT	7	0.2095574282292739	-0.1648039702284038	0.5839188266869516	0.21982299646072717	0.9899399288667535	18.683975135211217	-0.449050989658213	0.8681658461167608	0.5714285714285714	3	4	1	0	4	0.15496699514873033	0.2671534748906579	0.9868213417628564	0.0	0.75	1	0	0.3664725184418442	0.3266101547050261	0.9996325270282626	1			0
PRIMARY	s__Butyricimonas_paravirosa	OTHER_OR_INSUFFICIENT	8	0.06658752562682874	-0.31076922605179585	0.4439442773054533	0.6889903947049055	0.9899399288667535	35.2856869196202	-0.5085487473597754	0.6417237986134328	0.625	5	3	0	0	5	0.06824943145903137	0.6054918788377714	0.9868213417628564	0.0	0.6	1	0	0.18461764633786057	0.6683868301885981	0.9996325270282626	1			0
PRIMARY	s__Butyricimonas_virosa	OTHER_OR_INSUFFICIENT	9	0.09864076986443837	-0.16014479230900414	0.3574263320378809	0.4050414981075819	0.9899399288667535	2.925878796039869	-0.16672328912040946	0.3640048288492862	0.5555555555555556	5	4	0	0	5	0.06851634772378691	0.5660169351831623	0.9868213417628564	0.0	0.6	1	0	0.17763170250170085	0.6103871883660067	0.9996325270282626	1			0
PRIMARY	s__Candidatus_Borkfalkia_ceftriaxoniphila	OTHER_OR_INSUFFICIENT	6	-0.016176119794706942	-0.5400451993776323	0.5076929597882185	0.9398133577420846	0.9899399288667535	40.46151732288546	-0.8934660555054571	0.8611138159160433	0.5	3	3	0	1	5	0.009080547200701984	0.9380247853456918	0.9868213417628564	0.0	0.6	0	0	-0.11289071993204407	0.8335144619216474	0.9996325270282626	1			0
PRIMARY	s__Candidatus_Catenibacterium_tridentinum	CONSISTENT_NONSIGNIFICANT	5	-0.10324654359840549	-0.6145291233360787	0.40803603613926775	0.6049431674462696	0.9899399288667535	43.18211762788528	-1.1547339190150832	0.9482408318182721	0.8	1	4	0	0	3	-0.08578026636259865	0.5663652848843275	0.9868213417628564	5.881807130554318	0.6666666666666666	1	0	-0.3751975273923008	0.46625946210709535	0.9996325270282626	1	0.3268712438389973	Lee_PRIMM_UK	0
PRIMARY	s__Candidatus_Cibionibacter_quicibialis	OTHER_OR_INSUFFICIENT	9	-0.003462301077116471	-0.3022110811460501	0.29528647899181715	0.9793336545254764	0.9925937920540963	26.864336524855208	-0.3105948592778434	0.30367025712361045	0.5555555555555556	5	4	0	0	5	0.008723534772461308	0.9404682835201216	0.9868213417628564	0.0	0.6	0	0	0.08390120051075345	0.8742804265365205	0.9996325270282626	0			0
PRIMARY	s__Candidatus_Nanosynsacchari_sp_TM7_ANC_38_39_G1_1	OTHER_OR_INSUFFICIENT	3	0.04950349832199635	-0.7258493424408086	0.8248563390848014	0.8093156300698354	0.9899399288667535	0.0	-2.2401983591563415	2.339205355800334	0.6666666666666666	1	2	0	0	3	-0.004524946188873641	0.9756042620234766	0.9902921360018845	0.0	0.6666666666666666	0	0	0.22392124837341393	0.6856551890168807	0.9996325270282626	1			0
PRIMARY	s__Catenibacillus_scindens	OTHER_OR_INSUFFICIENT	6	0.01141755492127887	-0.3366305153197823	0.35946562516234004	0.9360689073107387	0.9899399288667535	0.0	-0.3645037049408589	0.38733881478341664	0.6666666666666666	4	2	0	0	3	0.023051555426098262	0.876727281871193	0.9868213417628564	0.0	0.6666666666666666	1	0	0.0674431641098889	0.8184914123232028	0.9996325270282626	1			0
PRIMARY	s__Catenibacterium_SGB4425	OTHER_OR_INSUFFICIENT	4	0.3071167417077184	-0.2588252797554187	0.8730587631708555	0.18262082609759658	0.9899399288667535	15.269041846950316	-0.7288904163413962	1.3431238997568329	0.75	3	1	1	0							0	0	0.7196779508829927	0.3554547566185942	0.9996325270282626	1	0.5064886569966797	Lee_PRIMM_NL	0
PRIMARY	s__Cellulomonas_flavigena	OTHER_OR_INSUFFICIENT	4	-0.07605235272446477	-0.5715127446940722	0.4194080392451427	0.6586763451851416	0.9899399288667535	0.0	-0.7459125187832509	0.5938078133343214	0.75	1	3	0	0							0	0	-0.12561486950282078	0.7823376147648667	0.9996325270282626	1	0.4099093807670731	Lee_PRIMM_UK	0
PRIMARY	s__Christensenella_hongkongensis	OTHER_OR_INSUFFICIENT	5	-0.05582513965127328	-0.4481728729089962	0.33652259360644965	0.7129696827670164	0.9899399288667535	0.0	-0.5055461132642443	0.3938958339616977	0.6	2	3	0	0	3	-0.032461249586099326	0.8275701840691922	0.9868213417628564	0.0	1.0	1	0	-0.008068401572503544	0.9816390778979955	0.9996325270282626	1			0
PRIMARY	s__Christensenella_minuta	OTHER_OR_INSUFFICIENT	6	-0.036006752277923326	-0.4536793664356093	0.38166586187976265	0.833387798006151	0.9899399288667535	25.106671362340677	-0.7680424404064639	0.6960289358506171	0.6666666666666666	2	4	0	0	3	0.00709481351377562	0.961834051184054	0.9902921360018845	0.0	0.6666666666666666	0	0	-0.2156828254578623	0.576600664931691	0.9996325270282626	1			0
PRIMARY	s__Christensenella_sp_Marseille_P3954	OTHER_OR_INSUFFICIENT	5	-0.17321520393749315	-0.5849264735454275	0.2384960656704412	0.30763760051758277	0.9899399288667535	0.0	-0.6451312550761231	0.29870084720113677	0.6	2	3	0	0							0	0	0.012258814441486942	0.9748150617290904	0.9996325270282626	0			0
PRIMARY	s__Cloacibacillus_evryensis	OTHER_OR_INSUFFICIENT	3	-0.14708715482984225	-2.453437513100217	2.1592632034405326	0.8095215960960359	0.9899399288667535	81.25725462891981	-12.744121186958484	12.4499468772988	0.6666666666666666	2	1	0	1							0	0	0.1238500716046748	0.8854618047328205	0.9996325270282626	0			0
PRIMARY	s__Clostridium_SGB4750	OTHER_OR_INSUFFICIENT	9	0.06954278686635657	-0.18407098392388938	0.3231565576566025	0.5448192718635508	0.9899399288667535	0.0	-0.19051801041643068	0.3296035841491438	0.6666666666666666	6	3	0	0	5	0.042473512148056	0.7180837786659725	0.9868213417628564	0.0	0.6	1	0	0.08033233897627942	0.757393676807484	0.9996325270282626	1			0
PRIMARY	s__Clostridium_SGB4909	OTHER_OR_INSUFFICIENT	6	0.05048955311630926	-0.3180431300181329	0.4190222362507514	0.7390655499832902	0.9899399288667535	0.0	-0.3475568156101035	0.448535921842722	0.5	3	3	0	0							0	0	0.01102238452033715	0.9747840902190671	0.9996325270282626	1			0
PRIMARY	s__Clostridium_SGB6179	OTHER_OR_INSUFFICIENT	7	0.19981214537420997	-0.1612348421795922	0.5608591329280121	0.22445512206360155	0.9899399288667535	3.830074746099287	-0.3555873280385339	0.7552116187869539	0.5714285714285714	4	3	0	0	3	0.15835190472803098	0.48681654960017856	0.9868213417628564	35.26897314048778	0.6666666666666666	1	0	0.3764805497463035	0.39446832462575887	0.9996325270282626	1			0
PRIMARY	s__Clostridium_butyricum	OTHER_OR_INSUFFICIENT	9	-0.13620775770980698	-0.4163565209436245	0.14394100552401057	0.29473768103855624	0.9899399288667535	16.388121396978768	-0.43824380280148617	0.16582828738187222	0.5555555555555556	4	5	0	1	5	-0.09326162751039505	0.5255213936110008	0.9868213417628564	18.906524356714698	0.6	1	0	-0.23456296322498008	0.41401922972795563	0.9996325270282626	1			0
PRIMARY	s__Clostridium_fessum	CONSISTENT_NONSIGNIFICANT	9	0.1415945262132916	-0.11269547757397208	0.3958845300005553	0.23506584599274158	0.9899399288667535	0.0	-0.11915969435977192	0.4023487467863551	0.8888888888888888	8	1	0	0	5	0.12178559358439915	0.32979405466487727	0.9868213417628564	0.0	1.0	1	0	0.41307617856467144	0.13655638628112607	0.9996325270282626	1	0.29863853209062446	Frankel_US	0
PRIMARY	s__Clostridium_paraputrificum	OTHER_OR_INSUFFICIENT	4	0.1465188968616704	-0.6772559195349394	0.9702937132582802	0.6109428621946246	0.9899399288667535	54.082273265072565	-1.824569828138735	2.117607621862076	0.5	2	2	0	0	3	0.0642648957821161	0.787660334506397	0.9868213417628564	43.47161227324292	0.6666666666666666	1	0	0.4115507176903714	0.5336794835957985	0.9996325270282626	1	0.4043604804283545	Lee_PRIMM_UK	1
PRIMARY	s__Clostridium_perfringens	OTHER_OR_INSUFFICIENT	3	0.19059275734263798	-0.5855781399884274	0.9667636546737035	0.4014953334398058	0.9899399288667535	0.0	-2.1015249107920027	2.4827104254772787	1.0	3	0	0	0	3	0.0164944492959571	0.9387855805709691	0.9868213417628564	31.546005953584206	0.6666666666666666	1	0	-0.14558647277822703	0.7688332549278112	0.9996325270282626	0			0
PRIMARY	s__Clostridium_saudiense	OTHER_OR_INSUFFICIENT	7	0.01085611032901188	-0.31219004920064564	0.33390226985866944	0.9371387329628259	0.9899399288667535	0.0	-0.32851720646646315	0.35022942712448696	0.5714285714285714	4	3	0	0	3	0.012309443558447633	0.9337807824484639	0.9868213417628564	0.0	0.6666666666666666	1	0	0.018853315295162036	0.9488048710284706	0.9996325270282626	1			0
PRIMARY	s__Clostridium_scindens	OTHER_OR_INSUFFICIENT	7	0.06942590605563331	-0.21302009473745515	0.35187190684872177	0.569547298359148	0.9899399288667535	0.0	-0.2272952694280383	0.3661470815393049	0.5714285714285714	4	3	0	0	5	0.08917503254696132	0.4621127950655281	0.9868213417628564	0.0	0.6	1	0	0.14537308096893323	0.6346828723113795	0.9996325270282626	1			0
PRIMARY	s__Clostridium_sp_1001270H_150608_G6	CONSISTENT_NONSIGNIFICANT	8	0.2534023212793983	-0.015981053895937347	0.5227856964547339	0.06148186901211216	0.9899399288667535	0.0	-0.025355444901156043	0.5321600874599527	0.75	6	2	0	0	5	0.21113556203262396	0.18263701113370992	0.9868213417628564	13.949712269744365	0.6	1	0	0.5643366839364119	0.11136008782562015	0.9996325270282626	1	0.2853063534328525	Spencer_US	0
PRIMARY	s__Clostridium_sp_1001270J_160509_D11	CONSISTENT_NONSIGNIFICANT	6	0.11261494748192154	-0.23574101749483	0.46097091245867305	0.44382916752132184	0.9899399288667535	0.0	-0.2636388646599222	0.48886875962376525	0.8333333333333334	5	1	0	0	3	0.09577574663698356	0.5415283358614738	0.9868213417628564	0.0	1.0	1	0	0.16465737639324335	0.6068915823762333	0.9996325270282626	1	0.24971636586544627	Lee_Manchester	0
PRIMARY	s__Clostridium_sp_1001271st1_H5	OTHER_OR_INSUFFICIENT	3	-0.134267123187571	-0.9486840471971503	0.6801498008220084	0.5516536372992021	0.9899399288667535	11.265962570046467	-3.2223233539885476	2.9537891076134053	0.6666666666666666	1	2	0	0	3	-0.134267123187571	0.5516536372992021	0.9868213417628564	11.265962570046467	0.6666666666666666	1	0	-0.058312179802658536	0.9181489351151784	0.9996325270282626	1			0
PRIMARY	s__Clostridium_sp_AF12_28	CONSISTENT_NONSIGNIFICANT	6	-0.06813197214137139	-0.47031521592055736	0.33405127163781456	0.6813783798550307	0.9899399288667535	0.0	-0.6588149860913627	0.52255104180862	0.8333333333333334	1	5	0	0	4	-0.0778374318395488	0.6703882142129839	0.9868213417628564	40.73442131029534	0.75	1	0	-0.43460784863692303	0.3520841891399508	0.9996325270282626	1	0.3117233261195616	Spencer_US	0
PRIMARY	s__Clostridium_sp_AF20_17LB	CONSISTENT_NONSIGNIFICANT	9	0.0624862861754048	-0.19116808171657762	0.31614065406738723	0.5855736104883935	0.9899399288667535	0.0	-0.1976161402131108	0.3225887125639204	0.8888888888888888	8	1	0	0	5	0.05595135000722131	0.6365897205621822	0.9868213417628564	0.0	0.8	1	0	0.1923288017111505	0.5140246224845676	0.9996325270282626	1	0.24615697065914838	Lee_PRIMM_UK	0
PRIMARY	s__Clostridium_sp_AF27_2AA	OTHER_OR_INSUFFICIENT	6	-0.06977181086737465	-0.6259420822453337	0.4863984605105844	0.7601365485824115	0.9899399288667535	48.135085205265774	-1.2068377221335156	1.0672941003987664	0.6666666666666666	2	4	0	0	4	0.10772000217057155	0.6680600370609877	0.9868213417628564	50.443008693512716	0.5	0	0	-0.13315871358494738	0.8160440834760196	0.9996325270282626	1			0
PRIMARY	s__Clostridium_sp_AF34_10BH	OTHER_OR_INSUFFICIENT	9	0.06546246523569335	-0.18882871844053198	0.3197536489119187	0.5691550289465287	0.9899399288667535	0.0	-0.19529296520879882	0.32621789568018555	0.6666666666666666	6	3	0	0	5	0.04886853175614935	0.6808680326352592	0.9868213417628564	0.0	0.6	1	0	0.07888121876513395	0.7729816090564114	0.9996325270282626	1			0
PRIMARY	s__Clostridium_sp_AF34_13	OTHER_OR_INSUFFICIENT	5	-0.14920954967245864	-0.591085461768298	0.29266636242338073	0.4015649179797717	0.9899399288667535	17.450557494393806	-0.8900658040392657	0.5916467046943485	0.6	2	3	0	0	4	-0.13581953583534098	0.44368055506222615	0.9868213417628564	34.71087006430048	0.5	1	0	-0.27858492455960215	0.6138303530740914	0.9996325270282626	1			0
PRIMARY	s__Clostridium_sp_AF36_4	OTHER_OR_INSUFFICIENT	9	-0.1010629749365831	-0.40353299296209455	0.20140704308892832	0.46315082126662754	0.9899399288667535	13.923798776684713	-0.652958333023244	0.4508323831500778	0.5555555555555556	5	4	0	1	5	-0.07997119313539149	0.5356678030178	0.9868213417628564	0.0	0.6	1	0	-0.06381939802766161	0.8158065166959318	0.9996325270282626	1			0
PRIMARY	s__Clostridium_sp_AM22_11AC	OTHER_OR_INSUFFICIENT	9	0.07457583998619506	-0.2055596545299564	0.3547113345023465	0.5563380066415853	0.9899399288667535	13.853222063567767	-0.3318290735516707	0.4809807535240608	0.5555555555555556	5	4	1	0	5	0.14820793033820417	0.4811941875004713	0.9868213417628564	52.34730511347414	0.6	1	0	0.13226139738544518	0.6500051844645143	0.9996325270282626	1			0
PRIMARY	s__Clostridium_sp_AM33_3	OTHER_OR_INSUFFICIENT	7	0.08743018591278207	-0.2392545179675309	0.414114889793095	0.5368370463183617	0.9899399288667535	0.0	-0.2557655718712097	0.4306259436967738	0.5714285714285714	4	3	0	0	5	0.048608806661585784	0.7472804168153202	0.9868213417628564	16.644164667489488	0.6	1	0	0.18063232920918612	0.5695122246554469	0.9996325270282626	1			0
PRIMARY	s__Clostridium_sp_AM49_4BH	OTHER_OR_INSUFFICIENT	9	-0.04354537328407806	-0.3378509483918166	0.25076020182366054	0.7417445311892464	0.9899399288667535	24.652410689406416	-0.34533238686941536	0.2582416403012593	0.5555555555555556	5	4	0	1	5	-0.05873962557769223	0.6207942353843491	0.9868213417628564	0.0	0.6	1	0	-0.029237379126283092	0.907395369011797	0.9996325270282626	1			0
PRIMARY	s__Clostridium_sp_AT4	OTHER_OR_INSUFFICIENT	6	0.12828938873147525	-0.23536132862507594	0.4919401060880264	0.4060648378949835	0.9899399288667535	0.0	-0.26448404543853443	0.5210628229014849	0.6666666666666666	4	2	0	0	4	0.04485282085983863	0.7879313227508842	0.9868213417628564	0.0	0.5	1	0	0.2583096234578951	0.4413480029375878	0.9996325270282626	1			0
PRIMARY	s__Clostridium_sp_Marseille_P3244	OTHER_OR_INSUFFICIENT	7	-0.020564495366255847	-0.3058288753007964	0.26469988456828475	0.8657861625389122	0.9899399288667535	0.0	-0.3202464942644786	0.27911750353196685	0.5714285714285714	3	4	0	0	4	0.003955666600452607	0.9744633399046387	0.9902921360018845	0.0	0.75	0	0	0.04049136452802057	0.8806559955959499	0.9996325270282626	0			0
PRIMARY	s__Clostridium_sp_NSJ_42	OTHER_OR_INSUFFICIENT	5	0.2271358338909016	-0.1861700813093993	0.6404417490912026	0.20175207415294397	0.9899399288667535	0.0	-0.24660804885416784	0.700879716635971	0.8	4	1	0	0							0	0	0.2923890455537157	0.5339325075282559	0.9996325270282626	1	0.40385517996332254	Lee_Manchester	0
PRIMARY	s__Clostridium_spiroforme	OTHER_OR_INSUFFICIENT	8	-0.019822622859294144	-0.3532056364717338	0.3135603907531455	0.8921476883572363	0.9899399288667535	30.903346293996627	-0.6306348074129683	0.59098956169438	0.5	4	4	0	0	5	-0.040876033567442197	0.7388019992503931	0.9868213417628564	7.707620879046178	0.6	1	0	-0.029975361843916824	0.9290829059202819	0.9996325270282626	1			0
PRIMARY	s__Clostridium_symbiosum	OTHER_OR_INSUFFICIENT	8	-0.025542649832175704	-0.296572047776968	0.24548674811261662	0.8300157290148615	0.9899399288667535	0.0	-0.30600371949988764	0.25491841983553626	0.5	4	4	0	0	5	-0.05986811059754317	0.6138931663628591	0.9868213417628564	0.0	0.6	1	0	-0.03840072642867359	0.8908861921844523	0.9996325270282626	1			0
PRIMARY	s__Collinsella_SGB14861	CONSISTENT_NONSIGNIFICANT	9	0.10011694470988954	-0.1543161799289211	0.35455006934870015	0.3907136917110594	0.9899399288667535	0.0	-0.16078403506726446	0.3610179244870435	0.7777777777777778	7	2	0	0	5	0.10618183323563583	0.3874810608305765	0.9868213417628564	0.0	1.0	1	0	0.3636236699680988	0.2555099956842651	0.9996325270282626	1	0.44064599144791217	Lee_Barcelona	0
PRIMARY	s__Collinsella_SGB14987	CONSISTENT_NONSIGNIFICANT	5	0.17516117769533582	-0.22834889393902005	0.5786712493296917	0.2945355937132833	0.9899399288667535	0.0	-0.28735440949756497	0.6376767648882367	0.8	4	1	0	0	4	0.13735246999523326	0.43374090812487487	0.9868213417628564	0.0	0.75	1	0	0.5657378198389404	0.22170795311932243	0.9996325270282626	1	0.48920028671743315	Frankel_US	0
PRIMARY	s__Collinsella_SGB15196	OTHER_OR_INSUFFICIENT	5	0.05808170389018746	-0.36840889398387905	0.484572301764254	0.724558174456385	0.9899399288667535	0.0	-0.4307748652720178	0.5469382730523927	0.8	4	1	0	0							0	0	0.18536115580510054	0.6867046231850292	0.9996325270282626	1	0.3189081849937689	Frankel_US	1
PRIMARY	s__Collinsella_SGB4121	OTHER_OR_INSUFFICIENT	9	0.06063073960717717	-0.19358088198548234	0.3148423611998367	0.5973399445917424	0.9899399288667535	0.0	-0.20004310633518907	0.32130458554954344	0.5555555555555556	5	4	0	0	5	0.06464082622983774	0.5871556254501666	0.9868213417628564	0.0	0.6	1	0	0.09375357469345649	0.6954648141056752	0.9996325270282626	1			0
PRIMARY	s__Collinsella_SGB62935	OTHER_OR_INSUFFICIENT	3	-0.0630570545229326	-0.8343467540475882	0.7082326450017229	0.7586196442962435	0.9899399288667535	0.0	-2.340760010948271	2.214645901902406	0.6666666666666666	1	2	0	0							0	0	-0.24760074369811125	0.5990121953458338	0.9996325270282626	1			0
PRIMARY	s__Collinsella_aerofaciens	OTHER_OR_INSUFFICIENT	9	-0.015397708666507968	-0.3893442190051148	0.35854880167209885	0.9266877863062113	0.9899399288667535	43.38354184435243	-0.6492812292415551	0.6184858119085392	0.5555555555555556	5	4	0	0	5	0.009310029030647314	0.9387106800024606	0.9868213417628564	6.736227397312508	0.6	0	0	0.17435049212341694	0.6480014520227242	0.9996325270282626	0			0
PRIMARY	s__Collinsella_bouchesdurhonensis	CONSISTENT_NONSIGNIFICANT	5	0.12412124173793355	-0.2682006406355152	0.5164431241113823	0.4293250536668573	0.9899399288667535	0.0	-0.3255701008084169	0.573812584284284	0.8	4	1	0	0	3	0.1224004181083203	0.4494511033987504	0.9868213417628564	0.0	1.0	1	0	0.2799569826425116	0.49512671946143116	0.9996325270282626	1	0.4252783111155587	Lee_PRIMM_NL	0
PRIMARY	s__Collinsella_intestinalis	OTHER_OR_INSUFFICIENT	3	0.03168840932141914	-0.7451991087513382	0.8085759273941765	0.8768470089162188	0.9899399288667535	0.0	-2.262545518325684	2.3259223369685227	0.6666666666666666	2	1	0	0	3	0.003995587909841231	0.9784824887588823	0.9902921360018845	0.0	0.6666666666666666	1	0	-0.01813154497863317	0.9675371784596448	0.9996325270282626	0			0
PRIMARY	s__Coprobacillus_cateniformis	OTHER_OR_INSUFFICIENT	7	-0.06278247870691672	-0.3777001417075371	0.25213518429370363	0.6429893613854446	0.9899399288667535	0.0	-0.39361647462886645	0.268051517215033	0.7142857142857143	2	5	0	0	4	-0.032355516965684325	0.8123878036745593	0.9868213417628564	0.0	0.75	1	0	0.021835128622135165	0.9429249432829202	0.9996325270282626	0			0
PRIMARY	s__Coprobacter_fastidiosus	OTHER_OR_INSUFFICIENT	7	-0.010019540315002056	-0.31748192707886463	0.2974428464488605	0.9390374300291087	0.9899399288667535	0.0	-0.33302146096054197	0.3129823803305378	0.5714285714285714	3	4	0	0	5	-0.06065619815354462	0.6098035877093193	0.9868213417628564	0.0	0.6	1	0	-0.04647831191321724	0.874463507140678	0.9996325270282626	1			0
PRIMARY	s__Coprobacter_secundus	OTHER_OR_INSUFFICIENT	5	0.06103644823002302	-0.4050726111600823	0.5271455076201284	0.7345782983570849	0.9899399288667535	0.0	-0.4732320133362062	0.5953049097962522	0.6	2	3	0	0							0	0	-0.21388759223671572	0.6697313718748925	0.9996325270282626	0			0
PRIMARY	s__Coprococcus_SGB4669	CONSISTENT_NONSIGNIFICANT	8	-0.10530359642212465	-0.3754830292310398	0.1648758363867905	0.3873863523967115	0.9899399288667535	0.0	-0.38488512259553304	0.1742779297512837	0.75	2	6	0	0	4	-0.10029878064682977	0.4434973700069324	0.9868213417628564	0.0	0.75	1	0	-0.10885189767944263	0.6839207966673138	0.9996325270282626	1	0.2087222250850619	Spencer_US	0
PRIMARY	s__Coprococcus_catus	OTHER_OR_INSUFFICIENT	9	0.04672775538644304	-0.21097065952666144	0.3044261702995475	0.6868420842035948	0.9899399288667535	2.215486330807328	-0.2175215203379346	0.31097703111082065	0.5555555555555556	5	4	0	0	5	0.06405080544646018	0.5910467995456513	0.9868213417628564	0.0	0.6	1	0	0.09538286733543168	0.7193169516363759	0.9996325270282626	1			0
PRIMARY	s__Coprococcus_comes	OTHER_OR_INSUFFICIENT	9	-0.019031860200348305	-0.3692543543700888	0.3311906339693922	0.9033673535921024	0.9899399288667535	38.1495970775415	-0.6760365020237004	0.6379727816230037	0.5555555555555556	4	5	0	0	5	-0.021804058736989727	0.8896985178317802	0.9868213417628564	32.90199963325045	0.6	1	0	0.249293477625632	0.4479300835665017	0.9996325270282626	0			0
PRIMARY	s__Coprococcus_eutactus	OTHER_OR_INSUFFICIENT	7	0.1140265883404071	-0.2453617784508775	0.47341495513169174	0.46703089261233627	0.9899399288667535	25.75284128903248	-0.5017910691249323	0.7298442458057466	0.5714285714285714	4	3	0	0	3	0.09612269876193628	0.5522464044215144	0.9868213417628564	18.416099175614136	0.6666666666666666	1	0	0.2816669754641723	0.4136189038590625	0.9996325270282626	1			0
PRIMARY	s__Corynebacterium_durum	OTHER_OR_INSUFFICIENT	4	0.004045112869505491	-0.4909759523586126	0.49906617809762355	0.9808859693054943	0.9925937920540963	0.0	-0.6652210854501255	0.6733113111891365	0.75	1	3	0	0							0	0	0.09056642284145774	0.8186798550787107	0.9996325270282626	1	0.5313576314431556	Lee_PRIMM_NL	1
PRIMARY	s__Cuneatibacter_caecimuris	OTHER_OR_INSUFFICIENT	3	-0.030099355513885612	-0.8049690403215631	0.7447703292937918	0.8826351799440239	0.9899399288667535	0.0	-2.3183744005513316	2.25817568952356	0.6666666666666666	1	2	0	0							0	0	-0.12071166543261724	0.7834008794112467	0.9996325270282626	1			0
PRIMARY	s__Desulfovibrio_SGB5077	CONSISTENT_NONSIGNIFICANT	5	0.24186541629297173	-0.22779472616788235	0.7115255587538258	0.2259929184026417	0.9899399288667535	9.582103427615497	-0.5272246690584824	1.0109555016444258	0.8	4	1	1	0	5	0.13348990891692195	0.29151427113128253	0.9868213417628564	0.0	0.8	1	0	0.5714532903160797	0.2132125645852395	0.9996325270282626	1	0.4107344050531497	Spencer_US	0
PRIMARY	s__Desulfovibrio_desulfuricans	OTHER_OR_INSUFFICIENT	3	0.030029645323543443	-0.8462830126286502	0.9063423032757372	0.8963033356068051	0.9899399288667535	0.0	-2.5578176089076927	2.6178768995547794	0.6666666666666666	1	2	0	0	3	0.030029645323543443	0.8963033356068051	0.9868213417628564	0.0	0.6666666666666666	1	0	-0.11241509308359986	0.8365073824321206	0.9996325270282626	0			0
PRIMARY	s__Desulfovibrio_fairfieldensis	OTHER_OR_INSUFFICIENT	5	0.007912727063045024	-0.36343843485691957	0.3792638889830096	0.9556620855978123	0.9899399288667535	0.0	-0.41774133428636934	0.4335667884124594	0.6	2	3	0	0	4	0.029800956660165502	0.8574335889605926	0.9868213417628564	0.0	0.5	1	0	0.13502310790128205	0.7555527258827601	0.9996325270282626	1			0
PRIMARY	s__Desulfovibrio_piger	DOMAIN_SPECIFIC	6	-0.11124432450456391	-0.7089668368672257	0.48647818785809793	0.6525380468449066	0.9899399288667535	52.63382404698046	-1.3595493698791898	1.1370607208700618	0.6666666666666666	2	4	0	1							0	0	0.11325664621940232	0.7925013842647496	0.9996325270282626	0	0.5777916893376535	Lee_Leeds	1
PRIMARY	s__Dialister_invisus	OTHER_OR_INSUFFICIENT	8	0.03203339641301017	-0.23351587072942903	0.2975826635554494	0.7837107864162585	0.9899399288667535	0.0	-0.24275683700512352	0.30682362983114386	0.625	3	5	0	0	5	0.05283148648413939	0.6687895217588922	0.9868213417628564	0.0	0.6	1	0	0.20390251367514972	0.43288264434502177	0.9996325270282626	1			0
PRIMARY	s__Dielma_fastidiosa	OTHER_OR_INSUFFICIENT	7	-0.07891111569846294	-0.5286193404496019	0.37079710905267604	0.6826482887698682	0.9899399288667535	43.83466316613911	-0.7791247737754287	0.6213025423785027	0.7142857142857143	2	5	1	0	5	-0.08426329445693055	0.48585182017974526	0.9868213417628564	0.0	0.8	1	0	-0.13868782808064004	0.723094875027399	0.9996325270282626	1			0
PRIMARY	s__Dorea_formicigenerans	CONSISTENT_NONSIGNIFICANT	9	0.21321151773825928	-0.041408444111921044	0.4678314795884396	0.08958475460758013	0.9899399288667535	0.0	-0.04788104863650974	0.47430408411302827	0.8888888888888888	8	1	0	0	5	0.23138222009371068	0.10317471650712244	0.9868213417628564	0.0	1.0	1	0	0.4815701793247217	0.13041943522204938	0.9996325270282626	1	0.28604544287176054	Spencer_US	0
PRIMARY	s__Dorea_longicatena	OTHER_OR_INSUFFICIENT	9	0.0376138359999335	-0.2167603269452255	0.29198799894509253	0.7418975910035468	0.9899399288667535	0.0	-0.22322668311285165	0.29845435511271867	0.5555555555555556	5	4	0	0	5	0.06279124275641532	0.5975015350017923	0.9868213417628564	0.0	0.6	1	0	0.22799731671633566	0.43846217062205706	0.9996325270282626	1			0
PRIMARY	s__Dorea_phocaeensis	OTHER_OR_INSUFFICIENT	3	-0.08541415351567291	-1.0953224261912589	0.924494119159913	0.7508003817263061	0.9899399288667535	18.444426019645846	-3.9822348983303284	3.811406591298983	0.6666666666666666	1	2	0	0	3	-0.08541415351567291	0.7508003817263061	0.9868213417628564	18.444426019645846	0.6666666666666666	1	0	-0.007146062265802947	0.9898322081358286	0.9996325270282626	1			0
PRIMARY	s__Dorea_sp_AF24_7LB	OTHER_OR_INSUFFICIENT	7	0.006967878608793647	-0.48124257101716345	0.4951783282347508	0.973273966989682	0.9925937920540963	46.62308612812623	-0.916707329036408	0.9306430862539953	0.5714285714285714	3	4	0	0	3	0.050177086442540444	0.7390806764679039	0.9868213417628564	0.0	0.6666666666666666	1	0	-0.11574494212124374	0.7802638689563812	0.9996325270282626	0			0
PRIMARY	s__Dorea_sp_AF36_15AT	OTHER_OR_INSUFFICIENT	9	0.09743373075721486	-0.2064702067607438	0.4013376682751735	0.48083996708606513	0.9899399288667535	25.355142902083355	-0.32208650228755104	0.5169539638019808	0.6666666666666666	6	3	1	0	5	0.08361527711038762	0.5779281352206708	0.9868213417628564	11.87941534354919	0.6	1	0	0.20570119854893482	0.46969792078075373	0.9996325270282626	1			0
PRIMARY	s__Dysosmobacter_sp_BX15	OTHER_OR_INSUFFICIENT	9	0.0973205550295645	-0.18697864119377128	0.38161975125290026	0.45264535957770924	0.9899399288667535	17.611614946630294	-0.24461903230232823	0.4392601423614572	0.5555555555555556	5	4	0	0	5	0.0715161780161273	0.5502243899363712	0.9868213417628564	0.0	0.6	1	0	0.3944898960859409	0.20638174090108266	0.9996325270282626	1			0
PRIMARY	s__Dysosmobacter_sp_NSJ_60	OTHER_OR_INSUFFICIENT	9	-0.0871874397605666	-0.36356136127226707	0.1891864817511339	0.487677158012571	0.9899399288667535	12.263912108395072	-0.46286782273789656	0.2884929432167634	0.6666666666666666	3	6	0	1	5	-0.11310626365754113	0.52277769479879	0.9868213417628564	39.187136276352355	0.6	1	0	-0.20828399600293768	0.47471075699257315	0.9996325270282626	1			0
PRIMARY	s__Dysosmobacter_welbionis	OTHER_OR_INSUFFICIENT	9	0.017851002528619	-0.29541912410212373	0.3311211291593617	0.8987013914850487	0.9899399288667535	16.948166351932052	-0.5894731112020019	0.6251751162592399	0.5555555555555556	5	4	1	0	5	0.06256472631336514	0.7310346498088065	0.9868213417628564	48.655212581740116	0.6	1	0	-0.0029191652806186933	0.9969099386032989	0.9998995945261049	0			0
PRIMARY	s__Eggerthella_lenta	OTHER_OR_INSUFFICIENT	8	-0.08536220084670498	-0.3504244759287311	0.17970007423532114	0.4712199220050854	0.9899399288667535	0.0	-0.3596484951565298	0.18892409346311984	0.5	4	4	0	0	5	-0.04657619187785586	0.6926655714578247	0.9868213417628564	0.0	0.6	1	0	-0.060765660740603	0.838258595863639	0.9996325270282626	1			0
PRIMARY	s__Eisenbergiella_massiliensis	DOMAIN_SPECIFIC	7	0.0816856065298426	-0.4377175707431764	0.6010887838028616	0.713640700145642	0.9899399288667535	63.64708640965699	-1.185827562606328	1.349198775666013	0.5714285714285714	3	4	1	0	5	0.11148372747056304	0.7204562877265378	0.9868213417628564	73.81205895409708	0.6	1	0	0.09245325048254213	0.840000640866276	0.9996325270282626	1	0.409050208246048	Frankel_US	1
PRIMARY	s__Eisenbergiella_tayi	CONSISTENT_NONSIGNIFICANT	8	0.007145422062008729	-0.2576819663278822	0.2719728104518997	0.9509124174556012	0.9899399288667535	0.0	-0.2668978116310936	0.2811886557551111	0.75	2	6	0	0	5	0.021286284139570195	0.855431293058775	0.9868213417628564	0.0	0.6	1	0	0.010746774045724463	0.9690735116594548	0.9996325270282626	1	0.2884810525999148	Lee_PRIMM_UK	1
PRIMARY	s__Ellagibacter_isourolithinifaciens	OTHER_OR_INSUFFICIENT	6	0.07632666438343538	-0.29352474979682774	0.4461780785636985	0.6184761938301861	0.9899399288667535	0.0	-0.323144045051149	0.4757973738180198	0.6666666666666666	4	2	0	0							0	0	0.07964113482238393	0.7994705051925872	0.9996325270282626	1			0
PRIMARY	s__Emergencia_timonensis	OTHER_OR_INSUFFICIENT	3	-0.02974099939136595	-1.6024538685213199	1.542971869738588	0.9425606124870312	0.9899399288667535	73.99490888102551	-8.31542062933423	8.255938630551498	0.6666666666666666	2	1	0	1	3	-0.02974099939136595	0.9425606124870312	0.9868213417628564	73.99490888102551	0.6666666666666666	1	0	0.012319070614939679	0.9890252079497154	0.9996325270282626	0			0
PRIMARY	s__Enterocloster_SGB14313	OTHER_OR_INSUFFICIENT	5	0.20262430125784306	-0.23120797956871816	0.6364565820844043	0.26446112674739647	0.9899399288667535	0.648157932509773	-0.388885277716556	0.7941338802322421	0.8	4	1	1	0							0	0	0.5811736500452862	0.20159741036704268	0.9996325270282626	1	0.42684792614218015	Lee_PRIMM_NL	0
PRIMARY	s__Enterocloster_aldenensis	OTHER_OR_INSUFFICIENT	7	-0.0511941290351552	-0.3590129012893298	0.2566246432190194	0.698162560986709	0.9899399288667535	0.0	-0.37457044733239	0.2721821892620796	0.7142857142857143	2	5	0	0	5	-0.03217762177494901	0.78363778685482	0.9868213417628564	0.0	0.8	1	0	-0.10561113271570062	0.7171448067798525	0.9996325270282626	1			0
PRIMARY	s__Enterocloster_asparagiformis	OTHER_OR_INSUFFICIENT	4	-0.2126584399059231	-0.8189026142099705	0.3935857343981242	0.3456361250632253	0.9899399288667535	33.122798258221195	-1.0861715294805057	0.6608546496686594	0.75	1	3	0	1	4	-0.2126584399059231	0.3456361250632253	0.9868213417628564	33.122798258221195	0.75	1	0	-0.529671727297618	0.39170840805986734	0.9996325270282626	1	0.6739748902108833	Frankel_US	0
PRIMARY	s__Enterocloster_bolteae	OTHER_OR_INSUFFICIENT	9	-0.17253230368985148	-0.430386647435679	0.08532204005597602	0.16141391289655263	0.9899399288667535	0.0	-0.455998628424652	0.11093402104494907	0.6666666666666666	3	6	0	1	5	-0.167156609482762	0.2024401937903452	0.9868213417628564	0.0	1.0	1	0	-0.449421828052489	0.19587236510399642	0.9996325270282626	1	0.25375523635275343	Lee_PRIMM_UK	0
PRIMARY	s__Enterocloster_citroniae	OTHER_OR_INSUFFICIENT	7	-0.026550245927811484	-0.33547852180890325	0.2823780299532803	0.8403969149294921	0.9899399288667535	0.0	-0.3510921436232179	0.29799165176759496	0.5714285714285714	4	3	0	0	5	-0.0021208336162854323	0.9854977007674196	0.9902921360018845	0.0	0.6	1	0	-0.06148993024228784	0.8664926369395056	0.9996325270282626	1			0
PRIMARY	s__Enterocloster_clostridioformis	OTHER_OR_INSUFFICIENT	6	-0.08484290237592274	-0.4207647407757848	0.2510789360239393	0.544819286577058	0.9899399288667535	0.0	-0.4476668094882848	0.27798100473643933	0.6666666666666666	2	4	0	0	5	-0.06828849945283635	0.567176977777518	0.9868213417628564	0.0	0.8	1	0	-0.23634048309700004	0.4431465660752688	0.9996325270282626	1			0
PRIMARY	s__Enterocloster_lavalensis	OTHER_OR_INSUFFICIENT	7	-0.013761641284953078	-0.3526344907058342	0.3251112081359281	0.9240820208255605	0.9899399288667535	3.635212986724887	-0.5086076398003289	0.48108435723042275	0.5714285714285714	3	4	0	0	5	-0.023410114187840753	0.8414593125954648	0.9868213417628564	0.0	0.8	1	0	-0.05911439465309105	0.8444487123949145	0.9996325270282626	1			0
PRIMARY	s__Enterococcus_SGB6173	OTHER_OR_INSUFFICIENT	4	0.20271378577408236	-0.36757615876809857	0.7730037303162633	0.34021689672799943	0.9899399288667535	0.0	-0.6156141610241863	1.021041732572351	0.75	3	1	0	0							0	0	0.5057804802788278	0.21757141844778186	0.9996325270282626	1	0.6349038470914267	Lee_PRIMM_UK	0
PRIMARY	s__Enterococcus_faecalis	OTHER_OR_INSUFFICIENT	5	0.11100293841384644	-0.4109792326181434	0.6329851094458363	0.5866469751347617	0.9899399288667535	40.51733304445948	-0.933890386929557	1.1558962637572499	0.6	3	2	1	0	3	0.16832034276402869	0.558142086146839	0.9868213417628564	58.17245090218481	0.6666666666666666	1	0	0.29966330024198146	0.4291818316815472	0.9996325270282626	1			0
PRIMARY	s__Erysipelatoclostridium_ramosum	CONSISTENT_NONSIGNIFICANT	8	-0.14483625369405265	-0.4108352356790438	0.12116272829093847	0.23883865052864098	0.9899399288667535	0.0	-0.42009185186689924	0.1304193444787939	0.75	2	6	0	0	5	-0.10409529667925413	0.39618803730494545	0.9868213417628564	0.0	0.8	1	0	-0.1629864642039759	0.5435285207933561	0.9996325270282626	1	0.3689804600380151	Lee_Leeds	0
PRIMARY	s__Escherichia_coli	OTHER_OR_INSUFFICIENT	9	-0.06282694129587169	-0.36516052217937717	0.2395066395876338	0.6446191475033053	0.9899399288667535	23.97687356599522	-0.5176745677417405	0.3920206851499971	0.5555555555555556	5	4	0	0	5	-0.07715079345982839	0.5961585433939292	0.9868213417628564	32.745409901109554	0.6	1	0	-0.1967013813726877	0.5036596838357712	0.9996325270282626	1			0
PRIMARY	s__Eubacterium_SGB4671	OTHER_OR_INSUFFICIENT	3	0.14091559707510826	-0.7359334938263866	1.0177646879766031	0.5607528597480599	0.9899399288667535	0.0	-2.4485158024066975	2.730346996556914	0.6666666666666666	2	1	0	0							0	0	0.5705105021515583	0.3118762439067116	0.9996325270282626	1			0
PRIMARY	s__Eubacterium_SGB6276	OTHER_OR_INSUFFICIENT	6	0.06774604132188176	-0.37829151052385207	0.5137835931676156	0.7122978052113883	0.9899399288667535	28.86169179059247	-0.7053084214527794	0.8408005040965429	0.5	3	3	0	0	3	0.13622448792977332	0.6369045156418227	0.9868213417628564	55.31336258240115	0.6666666666666666	1	0	-0.03784123946897755	0.9321948275265411	0.9996325270282626	0			0
PRIMARY	s__Eubacterium_callanderi	OTHER_OR_INSUFFICIENT	3	0.06292318357661916	-0.8112219559955082	0.9370683231487466	0.786068035309929	0.9899399288667535	0.0	-2.518523151472137	2.6443695186253757	0.6666666666666666	1	2	0	0	3	0.04998789376632696	0.7398356846798702	0.9868213417628564	0.0	0.6666666666666666	1	0	0.13803227803100485	0.746992565459655	0.9996325270282626	1			0
PRIMARY	s__Eubacterium_ramulus	OTHER_OR_INSUFFICIENT	9	-0.015797237652836055	-0.2694948116294461	0.23790033632377403	0.8893750896835442	0.9899399288667535	0.0	-0.2759439684523438	0.24434949314667173	0.6666666666666666	3	6	0	0	5	-0.008490130590748724	0.9419830684867834	0.9868213417628564	0.0	0.6	1	0	-0.007892940775682268	0.9733482203989149	0.9996325270282626	1			0
PRIMARY	s__Eubacterium_sp_AF16_48	CONSISTENT_NONSIGNIFICANT	8	-0.2153699010330844	-0.4866365611446366	0.055896759078467806	0.10256087708060546	0.9899399288667535	0.0	-0.4960764894078601	0.06533668734169129	0.75	2	6	0	0	4	-0.2259396085894465	0.14236887112986776	0.9868213417628564	0.0	0.75	1	0	-0.4299847877400254	0.15635855600473453	0.9996325270282626	1	0.38919889175669364	Spencer_US	0
PRIMARY	s__Eubacterium_sp_AF34_35BH	OTHER_OR_INSUFFICIENT	6	0.1154217843171174	-0.1989573209321468	0.4298008895663816	0.3886218773243304	0.9899399288667535	0.0	-0.22413415484340504	0.4549777234776399	0.6666666666666666	4	2	0	0	4	0.14370335542507537	0.3069311164195971	0.9868213417628564	4.6915208613265555	0.75	1	0	0.6062637983473381	0.17601745762788612	0.9996325270282626	1			0
PRIMARY	s__Eubacterium_ventriosum	OTHER_OR_INSUFFICIENT	9	0.13416930061859156	-0.12009462498623885	0.38843322622342197	0.2583474251776066	0.9899399288667535	0.0	-0.12655817883544207	0.3948967800726252	0.6666666666666666	6	3	0	0	5	0.10984064856081568	0.37393598541394496	0.9868213417628564	0.0	0.6	1	0	0.37378746139830504	0.1925714109343153	0.9996325270282626	1			0
PRIMARY	s__Faecalibacillus_faecis	OTHER_OR_INSUFFICIENT	6	0.14729615744987065	-0.21761181538351929	0.5122041302832606	0.3469971236591013	0.9899399288667535	8.001997506261217	-0.24683521867590122	0.5414275335756426	0.6666666666666666	4	2	0	0	3	0.19318778792026903	0.35251798672234275	0.9868213417628564	5.9430702493235215	1.0	1	0	0.17195758359378382	0.6207461927550938	0.9996325270282626	1			0
PRIMARY	s__Faecalibacillus_intestinalis	CONSISTENT_NONSIGNIFICANT	9	0.27028052484742277	0.015142925424746934	0.5254181242700986	0.0403833181037546	0.9899399288667535	0.0	0.008657162217193093	0.5319038874776525	0.7777777777777778	7	2	0	0	5	0.28799697280049474	0.059409830834449485	0.9868213417628564	0.0	0.8	1	1	0.7240954471008623	0.01985971935979146	0.9996325270282626	1	0.2561421630736143	Matson_US	0
PRIMARY	s__Faecalibacterium_SGB15315	OTHER_OR_INSUFFICIENT	9	-0.019973240087812535	-0.32273420519333906	0.282787725017714	0.8828527346423065	0.9899399288667535	28.25161264959606	-0.34316577464212233	0.30321929446649726	0.5555555555555556	5	4	0	0	5	0.04740409018521818	0.7662923229608035	0.9868213417628564	35.22617242000598	0.8	0	0	0.021773494079518545	0.9351948015745302	0.9996325270282626	0			0
PRIMARY	s__Faecalibacterium_SGB15346	CONSISTENT_NONSIGNIFICANT	9	0.15733480754749504	-0.09730132220987567	0.4119709373048658	0.19202605932752645	0.9899399288667535	0.0	-0.10377433782214093	0.418443952917131	0.7777777777777778	7	2	0	0	5	0.16665103818910193	0.20391964168857063	0.9868213417628564	0.0	1.0	1	0	0.3684312452496218	0.18140523911232112	0.9996325270282626	1	0.34430076419339334	Spencer_US	0
PRIMARY	s__Faecalibacterium_prausnitzii	OTHER_OR_INSUFFICIENT	9	0.10746302985294374	-0.14668488514489286	0.3616109448507804	0.3580870619058211	0.9899399288667535	0.0	-0.1531454899277706	0.3680715496336581	0.5555555555555556	4	5	0	0	5	0.1431235730183153	0.2622132283131176	0.9868213417628564	0.0	0.8	1	0	0.427650427021973	0.4133892144893739	0.9996325270282626	1			0
PRIMARY	s__Faecalicatena_contorta	CONSISTENT_NONSIGNIFICANT	5	0.27453586154817655	-0.11964046108094245	0.6687121841772956	0.1252757485488864	0.9899399288667535	0.0	-0.17728109716494317	0.7263528202612963	1.0	5	0	0	0	3	0.29901310637894596	0.15139811036187462	0.9868213417628564	0.0	1.0	1	0	0.6111648781552192	0.14328860998695356	0.9996325270282626	1	0.41821005360303737	Lee_PRIMM_NL	0
PRIMARY	s__Faecalicatena_fissicatena	OTHER_OR_INSUFFICIENT	9	-0.006399929229667795	-0.2605410938326845	0.24774123537334888	0.9551162839264873	0.9899399288667535	0.0	-0.2670015270495665	0.25420166859023086	0.5555555555555556	4	5	0	0	5	-0.0019519744403499462	0.9866541427235517	0.9902921360018845	0.0	0.6	1	0	0.04322749755013633	0.8615079964801773	0.9996325270282626	0			0
PRIMARY	s__Faecalimonas_umbilicata	OTHER_OR_INSUFFICIENT	6	0.025557122911960287	-0.3783736072208447	0.4294878530447652	0.8771681028691839	0.9899399288667535	29.397813539796246	-0.6387388203709601	0.6898530661948807	0.6666666666666666	2	4	0	0	5	0.029973818308237067	0.8321969163505938	0.9868213417628564	21.73941424108456	0.6	1	0	0.12612132078292704	0.7853455336552427	0.9996325270282626	1			0
PRIMARY	s__Flavonifractor_plautii	OTHER_OR_INSUFFICIENT	9	-0.02461131897936567	-0.28631541227407475	0.2370927743153434	0.8337437169843096	0.9899399288667535	5.1411262680249505	-0.2929681000409884	0.24374546208225703	0.5555555555555556	4	5	0	0	5	-0.03730095823926395	0.7509048090515013	0.9868213417628564	0.0	0.6	1	0	0.032184939763172334	0.9287262996061765	0.9996325270282626	0			0
PRIMARY	s__Flavonifractor_sp_An100	OTHER_OR_INSUFFICIENT	3	0.46386034177190294	-0.25110960926793213	1.178830292811738	0.1079461480206772	0.9899399288667535	0.0	-1.6475242282421128	2.5752449117859184	1.0	3	0	1	0	3	0.46386034177190294	0.1079461480206772	0.9868213417628564	0.0	1.0	1	0	1.3516868513892513	0.18107561750020715	0.9996325270282626	1			0
PRIMARY	s__Fusicatenibacter_saccharivorans	CONSISTENT_NONSIGNIFICANT	9	0.19402046373259482	-0.06047848517557389	0.44851941264076356	0.11679997870131636	0.9899399288667535	0.0	-0.06694801346762777	0.4549889409328174	0.7777777777777778	7	2	0	0	5	0.20000811636327218	0.14284840325147452	0.9868213417628564	0.0	0.8	1	0	0.7065270248584843	0.21946023141703988	0.9996325270282626	1	0.3085761456158391	Lee_PRIMM_UK	0
PRIMARY	s__GGB10485_SGB49305	OTHER_OR_INSUFFICIENT	4	-0.06179710450689701	-0.567978476239573	0.44438426722577895	0.7235574043375524	0.9899399288667535	0.0	-0.7461519856154225	0.6225577766016285	0.5	2	2	0	0							0	0	-0.06813576190169449	0.8718555284963341	0.9996325270282626	1			0
PRIMARY	s__GGB10692_SGB17347	OTHER_OR_INSUFFICIENT	4	0.13749063000123937	-0.3573315329895568	0.6323127929920356	0.44167345144490044	0.9899399288667535	0.0	-0.5315066534131634	0.8064879134156422	1.0	4	0	0	0							0	0	0.6720753862542993	0.21004898881081877	0.9996325270282626	1	0.37579611058914747	Lee_PRIMM_NL	0
PRIMARY	s__GGB1266_SGB1699	OTHER_OR_INSUFFICIENT	6	0.08820469705470182	-0.23138926001682938	0.40779865412623306	0.5097460977270035	0.9899399288667535	0.0	-0.25698372169370953	0.43339311580311324	0.6666666666666666	4	2	0	0	3	0.08653839872063514	0.5620704338468585	0.9868213417628564	0.0	0.6666666666666666	1	0	0.2625419931508705	0.4705565038545997	0.9996325270282626	1			0
PRIMARY	s__GGB14025_SGB14906	CONSISTENT_NONSIGNIFICANT	6	0.27436475864128057	-0.07536772549264803	0.6240972427752092	0.09979984710299922	0.9899399288667535	0.0	-0.10337581023158804	0.6521053275141492	1.0	6	0	0	0	3	0.2523438808111879	0.19524407181509518	0.9868213417628564	0.0	1.0	1	0	0.440473508814655	0.21749590832651344	0.9996325270282626	1	0.42386190748602126	Lee_Manchester	0
PRIMARY	s__GGB1495_SGB2071	OTHER_OR_INSUFFICIENT	3	-0.3782611440127584	-1.2522551854838102	0.49573289745829346	0.20362433655866977	0.9899399288667535	0.0	-3.0304892357963835	2.273966947770867	1.0	0	3	0	1							0	0	-0.6904436311722255	0.2803863383044168	0.9996325270282626	1			0
PRIMARY	s__GGB16040_SGB9347	OTHER_OR_INSUFFICIENT	6	0.08035372444310615	-0.265073036717446	0.42578048560365833	0.5759104341423941	0.9899399288667535	15.263992189631356	-0.2927363005515927	0.4534437494378051	0.6666666666666666	2	4	1	0	4	0.1423373224731162	0.48495687173355845	0.9868213417628564	44.25087793610839	0.75	1	0	0.11408708238339664	0.7817566385757057	0.9996325270282626	1			0
PRIMARY	s__GGB2653_SGB3574	OTHER_OR_INSUFFICIENT	9	0.06893525248444586	-0.18560083629646945	0.3234713412653612	0.549672881674846	0.9899399288667535	0.0	-0.19207130873454342	0.32994181370343517	0.5555555555555556	5	4	1	0	5	0.06179384495682171	0.6029050136721801	0.9868213417628564	0.0	0.8	1	0	0.20038156943058455	0.45134031622156723	0.9996325270282626	1			0
PRIMARY	s__GGB2848_SGB3813	OTHER_OR_INSUFFICIENT	8	-0.05182684019042104	-0.33599155158161054	0.23233787120076843	0.6792439000584131	0.9899399288667535	0.0	-0.34588032478597996	0.24222664440513786	0.5	4	4	0	0	5	-0.05450373997206575	0.6456286971218156	0.9868213417628564	0.0	0.6	1	0	-0.22034270666103958	0.43286031017419585	0.9996325270282626	1			0
PRIMARY	s__GGB2970_SGB3952	OTHER_OR_INSUFFICIENT	8	0.08017746313537621	-0.19037531574076044	0.35073024201151287	0.5060777342168671	0.9899399288667535	0.0	-0.1997904013398703	0.36014532761062273	0.5	4	4	0	0	5	0.06469505556068904	0.587088950730463	0.9868213417628564	0.0	0.6	1	0	0.25907969827542415	0.42590485776202147	0.9996325270282626	1			0
PRIMARY	s__GGB2977_SGB3959	OTHER_OR_INSUFFICIENT	6	0.0032852857440033947	-0.3653201621678916	0.37189073365589836	0.9826075366433016	0.9925937920540963	0.0	-0.39483967507595347	0.40141024656396024	0.6666666666666666	4	2	0	0							0	0	0.03277819505814756	0.9177872969803043	0.9996325270282626	1			0
PRIMARY	s__GGB2980_SGB3962	OTHER_OR_INSUFFICIENT	6	0.048243753082949516	-0.3223315141259071	0.4188190202918062	0.7514680923105632	0.9899399288667535	10.923147927146157	-0.3520087787165428	0.44849628488244186	0.6666666666666666	2	4	1	0	3	0.07737496683952487	0.6151582130759126	0.9868213417628564	0.0	0.6666666666666666	1	0	0.014826511815940276	0.9571970986693424	0.9996325270282626	1			0
PRIMARY	s__GGB2987_SGB3969	OTHER_OR_INSUFFICIENT	5	-0.05342698385334083	-0.48579970031045516	0.3789457326037735	0.7488128392942762	0.9899399288667535	0.0	-0.5490258173304218	0.44217184962374007	0.6	2	3	0	0	3	-0.035112202337181556	0.8141057762565421	0.9868213417628564	0.0	0.6666666666666666	1	0	0.020405105207942798	0.9515861646124201	0.9996325270282626	0			0
PRIMARY	s__GGB2998_SGB3988	OTHER_OR_INSUFFICIENT	9	-0.01779899532494577	-0.2721471103725199	0.23654911972262832	0.875801656836721	0.9899399288667535	0.0	-0.27861280440599173	0.24301481375610018	0.5555555555555556	4	5	0	0	5	-0.06359658594658481	0.5929536293764543	0.9868213417628564	0.0	0.6	1	0	0.031833455817865626	0.9119792863883428	0.9996325270282626	0			0
PRIMARY	s__GGB3000_SGB3991	OTHER_OR_INSUFFICIENT	6	-0.04824550840003191	-0.36793818389796223	0.27144716709789846	0.7140323585996207	0.9899399288667535	0.0	-0.39354055138557237	0.2970495345855086	0.5	3	3	0	0	3	-0.05166756013800979	0.7108754100550339	0.9868213417628564	0.0	0.6666666666666666	1	0	-0.20187895579899304	0.5651426315554144	0.9996325270282626	1			0
PRIMARY	s__GGB3005_SGB3996	STRONG_DIRECTION_REVERSAL	9	-0.028971362020191637	-0.3428841030758732	0.28494137903548994	0.8367874609703192	0.9899399288667535	28.493086332563998	-0.49204669228307957	0.4341039682426963	0.5555555555555556	5	4	1	1	5	-0.06167345643956522	0.7014617729326675	0.9868213417628564	33.41023412079671	0.6	1	0	-0.07264732982780686	0.78249543583264	0.9996325270282626	1			0
PRIMARY	s__GGB3034_SGB4030	CONSISTENT_NONSIGNIFICANT	5	0.18579138765648937	-0.21529872224526111	0.5868814975582398	0.26780753191099327	0.9899399288667535	0.0	-0.2739503653428863	0.6455331406558651	0.8	4	1	0	0	3	0.1092051439735749	0.49795744651136625	0.9868213417628564	2.3223147409214153	0.6666666666666666	1	0	0.36843541431392024	0.33798329111617587	0.9996325270282626	1	0.3591004111321901	Lee_PRIMM_NL	0
PRIMARY	s__GGB3057_SGB4059	OTHER_OR_INSUFFICIENT	3	-0.20002567591421055	-0.9089121331879451	0.5088607813595241	0.3486237956746011	0.9899399288667535	0.0	-2.293445023792357	1.8933936719639362	0.6666666666666666	1	2	0	0	3	-0.20002567591421055	0.3486237956746011	0.9868213417628564	0.0	0.6666666666666666	1	0	-0.4017330697957996	0.47047529564491275	0.9996325270282626	1			0
PRIMARY	s__GGB3061_SGB4063	OTHER_OR_INSUFFICIENT	7	0.13070370131858983	-0.15561030812004	0.41701771075721966	0.30670630473173305	0.9899399288667535	0.0	-0.17008097667959204	0.4314883793167717	0.7142857142857143	5	2	0	0	5	0.20896478315176803	0.13051666879007198	0.9868213417628564	0.0	0.8	1	0	0.37450212448689224	0.2375727957755856	0.9996325270282626	1			0
PRIMARY	s__GGB3109_SGB4119	OTHER_OR_INSUFFICIENT	4	0.09183662406648663	-0.42946509034947067	0.6131383384824439	0.614185629463344	0.9899399288667535	0.0	-0.61296089075889	0.7966341388918633	0.75	3	1	0	0	3	0.142749689313141	0.5562263217293667	0.9868213417628564	0.0	1.0	1	0	0.23227108510977654	0.5728819640061992	0.9996325270282626	1	0.8337421783779448	Gopalakrishnan_US	0
PRIMARY	s__GGB31234_SGB14869	OTHER_OR_INSUFFICIENT	4	-0.10734521324355707	-0.6437157595214551	0.429025333034341	0.5694576036804246	0.9899399288667535	4.016726997446292	-0.8325157192511424	0.6178252927640283	0.5	2	2	0	0	3	-0.05608620590790461	0.7107519963411411	0.9868213417628564	0.0	0.6666666666666666	1	0	-0.01732605293743514	0.9679548159864906	0.9996325270282626	1			0
PRIMARY	s__GGB3167_SGB4181	OTHER_OR_INSUFFICIENT	3	-0.15183445048068414	-0.8865743600599734	0.5829054590986051	0.46773767480870776	0.9899399288667535	0.0	-2.3216018740803106	2.017932973118942	0.6666666666666666	1	2	0	0	3	-0.02023066124590633	0.9039614703575919	0.9868213417628564	24.870275555467416	0.6666666666666666	1	0	-0.2159809036191749	0.6096895826200609	0.9996325270282626	1			0
PRIMARY	s__GGB3175_SGB4191	OTHER_OR_INSUFFICIENT	7	-0.04211049800732405	-0.3655652117774054	0.28134421576275737	0.7608553687248392	0.9899399288667535	0.0	-0.3819130178697395	0.29769202185509147	0.5714285714285714	3	4	0	0	3	-0.038249127921356395	0.7982111848933772	0.9868213417628564	0.0	0.6666666666666666	1	0	-0.02691428685339363	0.9293120677829128	0.9996325270282626	1			0
PRIMARY	s__GGB3256_SGB4303	OTHER_OR_INSUFFICIENT	7	-0.0629032223273811	-0.3486042314446119	0.22279778678984968	0.6094571353047543	0.9899399288667535	0.0	-0.3630439182012562	0.237237473546494	0.5714285714285714	4	3	0	0	4	-0.07416657207390444	0.5614386482439376	0.9868213417628564	0.0	0.75	1	0	-0.12489662567068693	0.6566775679576675	0.9996325270282626	1			0
PRIMARY	s__GGB3277_SGB4327	OTHER_OR_INSUFFICIENT	6	-0.15961245070989935	-0.5288053756089848	0.20958047418918604	0.31698618476198814	0.9899399288667535	0.0	-0.5583719362307914	0.23914703481099273	0.8333333333333334	1	5	0	0							0	0	-0.23145504841850037	0.4842434550495016	0.9996325270282626	1	0.34247349992830867	Lee_PRIMM_UK	0
PRIMARY	s__GGB32900_SGB53446	OTHER_OR_INSUFFICIENT	6	0.20865105750819732	-0.2050972367581871	0.6223993517745817	0.2514661197322756	0.9899399288667535	34.83234580992447	-0.23823198348057514	0.6555340984969698	0.6666666666666666	4	2	1	0	5	0.2194806763285197	0.29970939504560573	0.9868213417628564	55.73781905310108	0.8	1	0	0.3242730650297782	0.4059780244926994	0.9996325270282626	1			0
PRIMARY	s__GGB3304_SGB4367	CONSISTENT_NONSIGNIFICANT	6	0.07047190958687129	-0.24966188609110734	0.3906057052648499	0.5959334665085125	0.9899399288667535	0.0	-0.27529958037099567	0.4162433995447382	0.8333333333333334	5	1	0	0	3	0.06142131270740621	0.7212138116873885	0.9868213417628564	26.696027103340125	0.6666666666666666	1	0	0.13354078000407102	0.6649547077848719	0.9996325270282626	1	0.33515607536174497	Lee_PRIMM_UK	1
PRIMARY	s__GGB33469_SGB15236	OTHER_OR_INSUFFICIENT	9	0.09997917018851503	-0.15449976065333648	0.35445810103036657	0.3914167831242306	0.9899399288667535	0.0	-0.16096878007327958	0.36092712045030967	0.5555555555555556	4	5	0	0	5	0.08004830445754363	0.510282920126283	0.9868213417628564	1.7877435928202314	0.6	1	0	0.1857740898124331	0.4803224952408616	0.9996325270282626	1			0
PRIMARY	s__GGB33469_SGB15237	OTHER_OR_INSUFFICIENT	6	-0.1009787936920146	-0.5297902020477342	0.32783261466370506	0.5713787524693564	0.9899399288667535	20.487803988627352	-0.797472641150554	0.5955150537665249	0.6666666666666666	2	4	0	0							0	0	-0.2254121652939429	0.5437940249307044	0.9996325270282626	1			0
PRIMARY	s__GGB33512_SGB15201	OTHER_OR_INSUFFICIENT	5	-0.09865657629574454	-0.47566437121481325	0.2783512186233242	0.5077393418046884	0.9899399288667535	0.0	-0.5307944432671665	0.3334812906756774	0.6	2	3	0	0	4	-0.01128288038108075	0.9273796933485956	0.9868213417628564	0.0	0.75	1	0	-0.1922484369912198	0.5590901898774426	0.9996325270282626	1			0
PRIMARY	s__GGB33512_SGB15203	OTHER_OR_INSUFFICIENT	5	-0.12187243986717473	-0.5339879457573059	0.2902430660229564	0.45772667338869416	0.9899399288667535	0.0	-0.5942518389995992	0.3505069592652497	0.6	2	3	0	0							0	0	-0.1991748700501104	0.5744520788994367	0.9996325270282626	1			0
PRIMARY	s__GGB33928_SGB15225	OTHER_OR_INSUFFICIENT	9	0.0034780732804183608	-0.2510200411245589	0.25797618768539565	0.9756310709737402	0.9925937920540963	0.0	-0.2574895482104998	0.26444569477133656	0.5555555555555556	4	5	0	0	5	-0.009486579946065402	0.9446491947114499	0.9868213417628564	26.168134572360323	0.6	0	0	-0.04580371548619271	0.8598014969815438	0.9996325270282626	0			0
PRIMARY	s__GGB34228_SGB72916	OTHER_OR_INSUFFICIENT	4	-0.0532369015338148	-0.7215621472788152	0.6150883442111856	0.8162584135761393	0.9899399288667535	0.0	-0.9568095524275911	0.8503357493599616	0.5	2	2	0	0							0	0	-0.05663258666807297	0.8966317620386912	0.9996325270282626	1			0
PRIMARY	s__GGB3444_SGB4594	CONSISTENT_NONSIGNIFICANT	5	-0.20843058233878325	-0.6144710561040827	0.19760989142651614	0.22722404700400287	0.9899399288667535	2.0415433592180836	-0.673846593917423	0.2569854292398564	0.8	1	4	0	1	3	-0.1933635765317939	0.2794956950436417	0.9868213417628564	0.0	0.6666666666666666	1	0	-0.34976411463839013	0.370648970751563	0.9996325270282626	1	0.5818171063029551	Matson_US	0
PRIMARY	s__GGB3463_SGB4621	OTHER_OR_INSUFFICIENT	5	-0.18726178032145893	-0.7183734273547083	0.3438498667117905	0.38304163856840345	0.9899399288667535	40.17355534084039	-1.2030052543950138	0.828481693752096	0.6	2	3	0	1	3	-0.2645678426086579	0.5059602710636983	0.9868213417628564	71.1451193904036	0.6666666666666666	1	0	-0.3700432383254215	0.4863031775467998	0.9996325270282626	1			0
PRIMARY	s__GGB3475_SGB4638	OTHER_OR_INSUFFICIENT	4	0.1308568906789167	-0.32135633158210725	0.5830701129399407	0.42501751830778184	0.9899399288667535	0.0	-0.48053330156029683	0.7422470829181302	0.75	3	1	0	0	3	0.152588618721807	0.5232139555385544	0.9868213417628564	20.69052596168602	0.6666666666666666	1	0	0.42754263077794835	0.36642791454035845	0.9996325270282626	1	0.37912756542350073	Spencer_US	0
PRIMARY	s__GGB34797_SGB14322	OTHER_OR_INSUFFICIENT	7	-0.045975592480070465	-0.36893081694159713	0.27697963198145614	0.7394815770403288	0.9899399288667535	0.0	-0.38525337820675865	0.29330219324661766	0.7142857142857143	2	5	0	0	3	-0.018463289255383937	0.9009682705941275	0.9868213417628564	0.0	0.6666666666666666	1	0	-0.08667307429076422	0.7641705237660676	0.9996325270282626	1			0
PRIMARY	s__GGB3486_SGB4658	OTHER_OR_INSUFFICIENT	3	-0.14367285932722165	-1.206280075260628	0.9189343566061847	0.6195693262641274	0.9899399288667535	0.0	-3.2816683455341247	2.994322626879681	0.6666666666666666	1	2	0	0							0	0	-0.35837794195380623	0.5160348795466502	0.9996325270282626	1			0
PRIMARY	s__GGB34900_SGB14891	OTHER_OR_INSUFFICIENT	7	0.037581202554917315	-0.27731897074611567	0.3524813758559503	0.7801036779395893	0.9899399288667535	0.0	-0.2932344197402319	0.36839682485006653	0.7142857142857143	5	2	0	0	4	0.08480474669212615	0.5455155773825835	0.9868213417628564	0.0	1.0	1	0	0.2805754098576939	0.34269311766772553	0.9996325270282626	1			0
PRIMARY	s__GGB3499_SGB4674	OTHER_OR_INSUFFICIENT	3	0.10539581745481894	-0.6013997499666389	0.8121913848762768	0.5868493802042676	0.9899399288667535	0.0	-1.9818489036952578	2.1926405386048957	1.0	3	0	0	0	3	0.10539581745481894	0.5868493802042676	0.9868213417628564	0.0	1.0	1	0	0.5283787930468251	0.4056642922340117	0.9996325270282626	1			0
PRIMARY	s__GGB35068_SGB47850	OTHER_OR_INSUFFICIENT	5	0.17952109017253237	-0.28313709385963115	0.6421792742046959	0.3419750329767454	0.9899399288667535	18.293404573632934	-0.43070542340120976	0.7897476037462745	0.6	3	2	0	0							0	0	0.4609283253515259	0.36997304196884995	0.9996325270282626	1			0
PRIMARY	s__GGB3510_SGB4687	OTHER_OR_INSUFFICIENT	7	-0.026961799753511633	-0.3128792686226403	0.258955669115617	0.8251818775278835	0.9899399288667535	0.0	-0.3273298955146449	0.2734062960076216	0.5714285714285714	4	3	0	0	4	-0.06879298431613359	0.6944035898075607	0.9868213417628564	33.487711109181525	0.75	1	0	0.18196598868679983	0.5547294249840176	0.9996325270282626	0			0
PRIMARY	s__GGB3513_SGB4691	OTHER_OR_INSUFFICIENT	3	-0.054996449134412935	-0.8905299412478831	0.7805370429790572	0.8036396629246859	0.9899399288667535	6.0240438114803165	-2.9669483855122776	2.856955487243452	0.6666666666666666	1	2	0	0							0	0	-0.06894051795478162	0.9057428345769322	0.9996325270282626	1			0
PRIMARY	s__GGB3534_SGB4722	CONSISTENT_NONSIGNIFICANT	7	-0.08139498362789306	-0.3667529137937632	0.20396294653797709	0.5113349147948012	0.9899399288667535	0.0	-0.38117526091182624	0.21838529365604015	0.8571428571428571	1	6	0	0	5	-0.07579888820274466	0.5270952539225991	0.9868213417628564	0.0	1.0	1	0	-0.27804204433389823	0.4090694700307957	0.9996325270282626	1	0.31085299225686436	Lee_PRIMM_NL	0
PRIMARY	s__GGB3537_SGB4727	OTHER_OR_INSUFFICIENT	7	0.07075550548236977	-0.2260738911573606	0.3675849021221001	0.5809556077361655	0.9899399288667535	0.0	-0.30197188063710956	0.44348289160184906	0.7142857142857143	5	2	0	0	4	0.0628611641384823	0.7140359520050303	0.9868213417628564	36.44170969228387	0.5	1	0	0.2045314562182114	0.5012305982701332	0.9996325270282626	1			0
PRIMARY	s__GGB3569_SGB4776	OTHER_OR_INSUFFICIENT	3	0.015107053300680736	-0.7100110858724664	0.7402251924738279	0.9367411065393078	0.9899399288667535	0.0	-2.126246228751724	2.1564603353530853	0.6666666666666666	2	1	0	0							0	0	0.08634223871396855	0.8669325248201076	0.9996325270282626	1			0
PRIMARY	s__GGB3570_SGB4777	OTHER_OR_INSUFFICIENT	5	0.14684802401502303	-0.2649678189832295	0.5586638670132755	0.3781969765118883	0.9899399288667535	0.0	-0.3251878923236029	0.6188839403536489	0.8	4	1	0	0							0	0	0.09157697945290205	0.7856082146298544	0.9996325270282626	1	0.5409315817984476	Lee_PRIMM_UK	0
PRIMARY	s__GGB3602_SGB4574	OTHER_OR_INSUFFICIENT	4	0.0814565021492804	-0.4037795765483491	0.5666925808469099	0.6302319584623797	0.9899399288667535	0.0	-0.5745804395445391	0.7374934438430998	0.75	3	1	0	0	4	0.0814565021492804	0.6302319584623797	0.9868213417628564	0.0	0.75	1	0	0.07055768418003493	0.8599112904751091	0.9996325270282626	1	0.4232441194013742	Matson_US	0
PRIMARY	s__GGB3612_SGB4882	OTHER_OR_INSUFFICIENT	7	-0.16112946629959074	-0.45352694945164423	0.13126801685246275	0.22620014796791352	0.9899399288667535	0.0	-0.46830508434243723	0.14604615174325575	0.7142857142857143	2	5	0	0	4	-0.17064333579256016	0.23141841664743035	0.9868213417628564	0.0	0.75	1	0	-0.4392341735985928	0.20745189465266503	0.9996325270282626	1			0
PRIMARY	s__GGB3614_SGB4886	OTHER_OR_INSUFFICIENT	7	0.14759951126334928	-0.1438989200266694	0.439097942553368	0.2616174773236171	0.9899399288667535	0.0	-0.15863161572676035	0.45383063825345893	0.7142857142857143	5	2	0	0	4	0.1397003191263716	0.31503494111763103	0.9868213417628564	0.0	0.75	1	0	0.251389027915963	0.48050213314721235	0.9996325270282626	1			0
PRIMARY	s__GGB3619_SGB4894	OTHER_OR_INSUFFICIENT	7	-0.018971561606731285	-0.3166882238108779	0.2787451005974153	0.881205280247549	0.9899399288667535	0.0	-0.33173519661709816	0.29379207340363556	0.7142857142857143	2	5	0	0	3	-0.0350203801904427	0.7994406150645537	0.9868213417628564	0.0	0.6666666666666666	1	0	0.01260387983857701	0.9675062556539868	0.9996325270282626	0			0
PRIMARY	s__GGB36267_SGB14177	OTHER_OR_INSUFFICIENT	5	-0.019649285941191627	-0.470727215379503	0.43142864349711973	0.9095673737949231	0.9899399288667535	13.746874991639016	-0.536688606613634	0.49739003473125076	0.6	2	3	0	0	3	0.09495523530146603	0.6224002453441758	0.9868213417628564	0.0	0.6666666666666666	0	0	-0.16583161415101247	0.6833192886472405	0.9996325270282626	1			0
PRIMARY	s__GGB3653_SGB4964	OTHER_OR_INSUFFICIENT	9	0.04234123729721753	-0.21210298218786253	0.2967854567822976	0.7111724311607156	0.9899399288667535	0.0	-0.21857111923175362	0.30325359382618866	0.5555555555555556	4	5	0	0	5	0.04003241773925844	0.7334076687076124	0.9868213417628564	0.0	0.6	1	0	0.07485610809153141	0.7826491693838933	0.9996325270282626	1			0
PRIMARY	s__GGB3730_SGB5060	OTHER_OR_INSUFFICIENT	7	0.0719872421719294	-0.3094162154873432	0.45339069983120206	0.6604688340184388	0.9899399288667535	38.201950859632554	-0.32869282341854333	0.4726673077624022	0.5714285714285714	4	3	0	1	3	0.09521176436437165	0.5897217626185014	0.9868213417628564	14.844576752570553	0.6666666666666666	1	0	0.11608718013810126	0.7552295760158924	0.9996325270282626	1			0
PRIMARY	s__GGB3746_SGB5089	OTHER_OR_INSUFFICIENT	9	-0.01068694061479	-0.2647160801027559	0.2433421988731759	0.9251024800616664	0.9899399288667535	0.0	-0.2711736655535093	0.24979978432392932	0.6666666666666666	3	6	0	0	5	-0.04661506750381694	0.6928334807466218	0.9868213417628564	0.0	0.6	1	0	0.019215075050420055	0.9357850026217924	0.9996325270282626	0			0
PRIMARY	s__GGB3818_SGB5183	OTHER_OR_INSUFFICIENT	3	-0.2045234848771242	-0.9130624144317516	0.5040154446775031	0.340128380653005	0.9899399288667535	0.0	-2.296916545352111	1.8878695755978625	1.0	0	3	0	0	3	-0.2045234848771242	0.340128380653005	0.9868213417628564	0.0	1.0	1	0	-0.612589509119027	0.25236940169404193	0.9996325270282626	1			0
PRIMARY	s__GGB3819_SGB5184	OTHER_OR_INSUFFICIENT	7	0.10520815511608649	-0.2292608046114623	0.4396771148436353	0.47069423624390583	0.9899399288667535	14.40814151049804	-0.24616528449270275	0.45658159472487575	0.7142857142857143	5	2	0	0	5	0.07684229744529172	0.629754281507748	0.9868213417628564	32.343084580434116	0.6	1	0	0.2883262617095539	0.3413105162702977	0.9996325270282626	1			0
PRIMARY	s__GGB38744_SGB14842	OTHER_OR_INSUFFICIENT	7	-0.1606026314601043	-0.4464921866181968	0.1252869236979882	0.2183879061926576	0.9899399288667535	0.0	-0.4609414027164407	0.13973613979623203	0.5714285714285714	3	4	0	0	4	-0.11334067749681506	0.39346429810979905	0.9868213417628564	0.0	0.75	1	0	-0.17121732295392714	0.5227144797128016	0.9996325270282626	1			0
PRIMARY	s__GGB42378_SGB59548	OTHER_OR_INSUFFICIENT	3	0.2760379586432623	-0.8610902047465135	1.4131661220330383	0.40591022972213203	0.9899399288667535	5.319250945313428	-3.871138207529004	4.423214124815528	1.0	3	0	0	0	3	0.10595553272354681	0.6016824466197661	0.9868213417628564	30.474258635342	1.0	1	0	0.9131016969108363	0.18258572973970988	0.9996325270282626	1			0
PRIMARY	s__GGB42389_SGB59559	OTHER_OR_INSUFFICIENT	5	0.07366430575948907	-0.3369509097613759	0.48427952128035406	0.6445592298644857	0.9899399288667535	0.0	-0.39699541464232274	0.5443240261613009	0.6	3	2	0	0							0	0	-0.003982332217172471	0.9923004102317953	0.9998995945261049	0			0
PRIMARY	s__GGB42994_SGB4746	OTHER_OR_INSUFFICIENT	4	-0.10423023689959295	-0.7348295677558546	0.5263690939566686	0.6352824115007435	0.9899399288667535	34.82313256479832	-1.4178997481803557	1.20943927438117	0.5	2	2	0	1	4	-0.10423023689959295	0.6352824115007435	0.9868213417628564	34.82313256479832	0.5	1	0	-0.11081633063632661	0.7767989678107837	0.9996325270282626	1			0
PRIMARY	s__GGB4456_SGB6141	OTHER_OR_INSUFFICIENT	5	0.15571087843199943	-0.36676732821725727	0.6781890850812562	0.45449150747955486	0.9899399288667535	32.5043773197146	-0.827964984810283	1.1393867416742818	0.6	2	3	0	0							0	0	0.2894468846857471	0.49608189416620807	0.9996325270282626	1			0
PRIMARY	s__GGB45432_SGB63101	OTHER_OR_INSUFFICIENT	7	-0.08167118791521162	-0.4014231077598211	0.23808073192939788	0.5549851072560822	0.9899399288667535	19.535074560121675	-0.4175837701562405	0.25424139432581727	0.5714285714285714	3	4	0	1	4	-0.0407626279775678	0.7444476106930932	0.9868213417628564	0.0	0.5	1	0	-0.1986726601665087	0.5470184338766748	0.9996325270282626	1			0
PRIMARY	s__GGB45491_SGB63163	CONSISTENT_NONSIGNIFICANT	6	-0.12607202038575618	-0.4744251627797169	0.22228112200820452	0.3949080746808772	0.9899399288667535	0.0	-0.5023227838916448	0.25017874312013233	0.8333333333333334	1	5	0	0	3	-0.09922767840392935	0.5289357073367588	0.9868213417628564	0.0	0.6666666666666666	1	0	-0.19309000398685897	0.5335739192932035	0.9996325270282626	1	0.28722138355624033	Frankel_US	0
PRIMARY	s__GGB45495_SGB63167	DOMAIN_SPECIFIC	5	0.005064198461828188	-0.6392706929538498	0.649399089877506	0.9836353643279763	0.9925937920540963	53.50445785872435	-1.3924341832023448	1.4025625801260013	0.6	3	2	0	1							0	0	0.024394255001000398	0.9560891494451091	0.9996325270282626	1	0.4783868056446869	Lee_Manchester	1
PRIMARY	s__GGB45497_SGB63169	OTHER_OR_INSUFFICIENT	6	-0.12250395821295919	-0.535469718292184	0.29046180186626563	0.4801401708137112	0.9899399288667535	19.96498079461377	-0.8341624601161789	0.5891545436902604	0.5	3	3	0	0	3	-0.1050846944307575	0.5354848514831296	0.9868213417628564	13.828985086622964	0.6666666666666666	1	0	-0.32709306969896845	0.3712882713527192	0.9996325270282626	1			0
PRIMARY	s__GGB4566_SGB6305	OTHER_OR_INSUFFICIENT	7	-0.023762119479246186	-0.3122206179331134	0.26469637897462106	0.8469150406219816	0.9899399288667535	0.0	-0.32679967159612167	0.27927543263762933	0.5714285714285714	3	4	0	0	5	-0.01872894486059401	0.8726340152141941	0.9868213417628564	0.0	0.6	1	0	0.00788605757869443	0.9813351844658733	0.9996325270282626	0			0
PRIMARY	s__GGB51441_SGB71759	OTHER_OR_INSUFFICIENT	6	0.17186937150941303	-0.1768743030285204	0.5206130460473465	0.26101399029885725	0.9899399288667535	0.0	-0.20480319963510094	0.548541942653927	0.6666666666666666	4	2	0	0	3	0.1833743295323143	0.29791645995761395	0.9868213417628564	0.0	0.6666666666666666	1	0	0.32135774743138373	0.28851533245676697	0.9996325270282626	1			0
PRIMARY	s__GGB51510_SGB71883	OTHER_OR_INSUFFICIENT	4	-0.06428126062035001	-0.5489437966863986	0.42038127544569853	0.701381724648496	0.9899399288667535	0.0	-0.7195427753066427	0.5909802540659427	0.75	1	3	0	0	4	-0.06428126062035001	0.701381724648496	0.9868213417628564	0.0	0.75	1	0	-0.1504007330983626	0.7126677637167379	0.9996325270282626	1	0.39633919683435365	Spencer_US	1
PRIMARY	s__GGB51647_SGB4348	STRONG_DIRECTION_REVERSAL	7	0.06106391771582141	-0.5079405790388875	0.6300684144705303	0.8016461429746936	0.9899399288667535	59.3681908829059	-0.8359443558451795	0.9580721912768223	0.7142857142857143	5	2	1	1	3	0.12992356099663904	0.6208114287704166	0.9868213417628564	55.43695095047112	0.6666666666666666	1	0	0.1909789075535179	0.5866395277629687	0.9996325270282626	1	0.5841063000417263	Lee_PRIMM_NL	1
PRIMARY	s__GGB51959_SGB72479	OTHER_OR_INSUFFICIENT	6	0.12820672807933328	-0.27574900396852087	0.5321624601271875	0.45168817202794626	0.9899399288667535	24.735919076253353	-0.30809952005602337	0.56451297621469	0.6666666666666666	4	2	0	0	3	0.15373466700911215	0.3624068343323113	0.9868213417628564	0.0	1.0	1	0	0.40590666360253597	0.30780935822555106	0.9996325270282626	1			0
PRIMARY	s__GGB52106_SGB72838	OTHER_OR_INSUFFICIENT	7	-0.02770756688070413	-0.3750514677219818	0.3196363339605735	0.8516864105320289	0.9899399288667535	2.594314744633343	-0.5853618776029876	0.5299467438415795	0.5714285714285714	4	3	0	0	5	-0.0378913398352594	0.802129758903159	0.9868213417628564	22.329359804492423	0.6	1	0	-0.06307907150902953	0.8531681162854993	0.9996325270282626	1			0
PRIMARY	s__GGB52130_SGB14966	OTHER_OR_INSUFFICIENT	9	0.11974928576138959	-0.18076679169420046	0.42026536321697966	0.3850189330152133	0.9899399288667535	18.37310209577009	-0.42099260599792904	0.6604911775207082	0.5555555555555556	5	4	1	0	5	0.18190813768620123	0.3532179243254653	0.9868213417628564	47.466939689095746	0.6	1	0	0.23824665176360343	0.3454262062122802	0.9996325270282626	1			0
PRIMARY	s__GGB55957_SGB77276	OTHER_OR_INSUFFICIENT	3	0.04765424475661074	-1.3362126863521882	1.4315211758654098	0.8958023166279058	0.9899399288667535	59.29473760905669	-6.733394927780204	6.8287034172934264	0.6666666666666666	2	1	0	0	3	0.04765424475661074	0.8958023166279058	0.9868213417628564	59.29473760905669	0.6666666666666666	1	0	0.23537114286174748	0.8535686934568216	0.9996325270282626	1			0
PRIMARY	s__GGB58158_SGB79798	OTHER_OR_INSUFFICIENT	9	0.058373803435065943	-0.195396554446165	0.31214416131629685	0.6102098380105545	0.9899399288667535	0.0	-0.20184756148601696	0.3185951683561488	0.5555555555555556	5	4	0	0	5	0.03533329470141063	0.7690885626007251	0.9868213417628564	0.0	0.6	1	0	0.08448059520948077	0.748976782481152	0.9996325270282626	1			0
PRIMARY	s__GGB58233_SGB79883	OTHER_OR_INSUFFICIENT	7	-0.15484039815210882	-0.4708946492165352	0.16121385291231755	0.2758058470423536	0.9899399288667535	7.243309131924713	-0.5468186830472079	0.23713788674299024	0.5714285714285714	3	4	0	0	5	-0.0639704894988254	0.5912568044049819	0.9868213417628564	0.0	0.6	1	0	-0.23168638430377042	0.4607453322651817	0.9996325270282626	1			0
PRIMARY	s__GGB74403_SGB53807	OTHER_OR_INSUFFICIENT	3	-0.04344986840819997	-0.751459036857635	0.6645593000412351	0.8164603755585313	0.9899399288667535	0.0	-2.134278486303145	2.0473787494867453	0.6666666666666666	1	2	0	0	3	-0.04344986840819997	0.8164603755585313	0.9868213417628564	0.0	0.6666666666666666	1	0	-0.10648569873598705	0.8624895262539668	0.9996325270282626	1			0
PRIMARY	s__GGB74463_SGB54347	OTHER_OR_INSUFFICIENT	8	-0.05419088596208821	-0.32184256900096203	0.2134607970767856	0.6467018870267993	0.9899399288667535	0.0	-0.3311566981096842	0.22277492618550776	0.625	3	5	0	0	5	-0.0667502907320696	0.5760415128232862	0.9868213417628564	0.0	0.6	1	0	-0.1377679840141283	0.65566571095988	0.9996325270282626	1			0
PRIMARY	s__GGB79630_SGB13983	OTHER_OR_INSUFFICIENT	5	0.014339422848374455	-0.4039333062826422	0.4326121519793911	0.9287468727310804	0.9899399288667535	0.0	-0.4650975738327642	0.4937764195295131	0.6	2	3	0	0	4	0.027482269376360547	0.8250874440981006	0.9868213417628564	0.0	0.5	1	0	-0.07229349420971709	0.8749798307393573	0.9996325270282626	0			0
PRIMARY	s__GGB79734_SGB15291	OTHER_OR_INSUFFICIENT	9	0.05065267126888773	-0.20391105667242088	0.30521639921019633	0.6585546311269938	0.9899399288667535	0.0	-0.21038223172365422	0.3116875742614297	0.5555555555555556	5	4	0	0	5	0.05694576426939989	0.6312134362068147	0.9868213417628564	0.0	0.6	1	0	0.21382303898845484	0.4367531903183561	0.9996325270282626	1			0
PRIMARY	s__GGB80011_SGB15265	CONSISTENT_NONSIGNIFICANT	8	0.09851294202953334	-0.21237898126609014	0.40940486532515685	0.4781051754011794	0.9899399288667535	22.552236727260773	-0.37421605372034816	0.5712419377794148	0.75	6	2	0	0	5	0.05701088653454336	0.6311122749131748	0.9868213417628564	0.0	0.8	1	0	0.331824553009448	0.24707084776709728	0.9996325270282626	1	0.2457000727239941	Matson_US	0
PRIMARY	s__GGB80011_SGB15267	OTHER_OR_INSUFFICIENT	4	-0.14320846712063698	-0.6388264315354808	0.3524094972942068	0.42561592918038904	0.9899399288667535	0.0	-0.8132816703952503	0.5268647361539764	0.75	1	3	0	0							0	0	-0.17866590450997266	0.6500404765633571	0.9996325270282626	1	0.2949901693082409	Lee_Manchester	0
PRIMARY	s__GGB80140_SGB15224	CONSISTENT_NONSIGNIFICANT	8	0.12423045893120738	-0.15280541983552576	0.4012663376979405	0.3241898974434387	0.9899399288667535	0.24221237481003516	-0.16244611380405638	0.41090703166647113	0.75	6	2	0	0	4	0.10174612985470127	0.44520926844208564	0.9868213417628564	0.0	1.0	1	0	0.28664121516773333	0.314701439916163	0.9996325270282626	1	0.44735169230893235	Lee_PRIMM_UK	0
PRIMARY	s__GGB9062_SGB13981	OTHER_OR_INSUFFICIENT	5	-0.06629703338334048	-0.5111686814809671	0.37857461471428616	0.7002723628716974	0.9899399288667535	11.269977614992213	-0.5762225245468183	0.4436284577801374	0.6	2	3	0	1	3	0.056685183914651986	0.7629550698207217	0.9868213417628564	0.0	0.6666666666666666	0	0	-0.14849443017686506	0.6967658232928741	0.9996325270282626	1			0
PRIMARY	s__GGB9063_SGB13982	CONSISTENT_NONSIGNIFICANT	6	-0.1622022705176148	-0.5805357589972913	0.25613121796206173	0.3646684595013062	0.9899399288667535	10.861444278781438	-0.82020013746822	0.4957955964329903	0.8333333333333334	1	5	0	0	5	-0.1307110501777566	0.3547086812683798	0.9868213417628564	22.50963501026864	0.8	1	0	-0.49385679717383835	0.2365250201859014	0.9996325270282626	1	0.25446228715440516	Matson_US	0
PRIMARY	s__GGB9110_SGB14043	OTHER_OR_INSUFFICIENT	3	-0.0347719635933733	-0.9424902530868109	0.8729463259000643	0.8842370067890581	0.9899399288667535	0.0	-2.7153634869051295	2.645819559718383	0.6666666666666666	1	2	0	0							0	0	-0.3082050578123739	0.5775355351169601	0.9996325270282626	1			0
PRIMARY	s__GGB9176_SGB14114	OTHER_OR_INSUFFICIENT	9	0.19572202705332337	-0.09582403560166813	0.48726808970831487	0.16019377793158063	0.9899399288667535	22.98783273029656	-0.10323532550870607	0.4946793796153528	0.6666666666666666	6	3	1	0	5	0.16416563644420962	0.2780928032088021	0.9868213417628564	14.159801558157389	0.8	1	0	0.31764938267880527	0.36614410926367263	0.9996325270282626	1	0.2507985468205705	Lee_PRIMM_NL	0
PRIMARY	s__GGB9186_SGB14125	OTHER_OR_INSUFFICIENT	8	-0.029649605688585597	-0.30057615893158485	0.24127694755441365	0.803250021604207	0.9899399288667535	0.0	-0.31000425168008366	0.25070504030291246	0.5	4	4	0	0	4	-0.033921742881209103	0.8122803776363534	0.9868213417628564	23.9395422481455	0.5	1	0	0.08176209036683033	0.7986656336749861	0.9996325270282626	0			0
PRIMARY	s__GGB9210_SGB14149	OTHER_OR_INSUFFICIENT	3	0.10601224889828345	-0.6278364048429459	0.8398609026395127	0.5976356283599036	0.9899399288667535	0.0	-2.0611231986360647	2.273147696432632	1.0	3	0	0	0	3	0.10601224889828345	0.5976356283599036	0.9868213417628564	0.0	1.0	1	0	0.20879961337656477	0.6847775768214894	0.9996325270282626	1			0
PRIMARY	s__GGB9237_SGB14179	OTHER_OR_INSUFFICIENT	7	-0.17212385553691373	-0.5286586865376584	0.18441097546383095	0.2821834293275954	0.9899399288667535	31.171654869728517	-0.8253945252659367	0.4811468141921093	0.7142857142857143	2	5	0	1	4	-0.21298817937937511	0.15886200943771633	0.9868213417628564	0.0	1.0	1	0	-0.4398970417435418	0.21270749432207894	0.9996325270282626	1			0
PRIMARY	s__GGB9240_SGB14182	OTHER_OR_INSUFFICIENT	6	-0.101057962419292	-0.44182975031638416	0.23971382547780018	0.4802639514180464	0.9899399288667535	0.0	-0.46912022383960905	0.26700429900102507	0.6666666666666666	2	4	0	0	4	-0.08897393833297755	0.4917855334353905	0.9868213417628564	0.0	0.75	1	0	-0.10671871076727782	0.76204536406785	0.9996325270282626	1			0
PRIMARY	s__GGB9293_SGB14250	OTHER_OR_INSUFFICIENT	5	0.24998797769930794	-0.16305958515750277	0.6630355405561187	0.16817939460875792	0.9899399288667535	0.0	-0.2234597736315407	0.7234357290301566	0.6	3	2	0	0							0	0	0.6195423379186893	0.1337201127944005	0.9996325270282626	1	0.3186196280946835	Lee_PRIMM_UK	0
PRIMARY	s__GGB9296_SGB14253	OTHER_OR_INSUFFICIENT	6	-0.027089578303190896	-0.38825412248589675	0.3340749658795149	0.8546951521574326	0.9899399288667535	0.0	-0.4171777357827709	0.36299857917638906	0.6666666666666666	2	4	0	0	4	-0.001881151343383598	0.9878529928097617	0.9902921360018845	0.0	0.75	1	0	0.10252303046505791	0.7825277062464869	0.9996325270282626	0			0
PRIMARY	s__GGB9342_SGB14306	OTHER_OR_INSUFFICIENT	8	0.15896988344567994	-0.11763881469074908	0.43557858158210894	0.21631418398177726	0.9899399288667535	0.0	-0.1272646428809918	0.44520440977235165	0.625	5	3	1	0	4	0.11676799994532304	0.3882006205637949	0.9868213417628564	0.0	1.0	1	0	0.3180438955371037	0.269755661323103	0.9996325270282626	1			0
PRIMARY	s__GGB9345_SGB14311	CONSISTENT_NONSIGNIFICANT	9	0.22084893214582596	-0.03418955936296508	0.475887423654617	0.08090765944864564	0.9899399288667535	0.0	-0.040672803197434104	0.482370667489086	0.7777777777777778	7	2	1	0	5	0.21676908696221084	0.1201478530014496	0.9868213417628564	0.0	1.0	1	0	0.4665715326961423	0.11862409558002592	0.9996325270282626	1	0.2836964237810416	Lee_PRIMM_UK	0
PRIMARY	s__GGB9350_SGB14317	OTHER_OR_INSUFFICIENT	5	0.06693720410720613	-0.3805917884491965	0.5144661966636087	0.6992496868160138	0.9899399288667535	17.414355886893123	-0.607516511074301	0.7413909192887134	0.6	2	3	0	0	3	0.055662465771552094	0.690562237693126	0.9868213417628564	0.0	0.6666666666666666	1	0	-0.02044303942533632	0.9695462030207009	0.9996325270282626	0			0
PRIMARY	s__GGB9453_SGB14844	OTHER_OR_INSUFFICIENT	8	0.15079645068701047	-0.18139609628101844	0.4829889976550394	0.3186931500308978	0.9899399288667535	30.87646096939321	-0.47460797485509293	0.7762008762291139	0.625	5	3	1	0	5	0.15731301649672605	0.3158886851264127	0.9868213417628564	35.60885083742027	0.6	1	0	0.24744162197446767	0.48306050721707794	0.9996325270282626	1			0
PRIMARY	s__GGB9453_SGB14845	OTHER_OR_INSUFFICIENT	5	-0.017668991454354962	-0.428117836848815	0.39277985394010506	0.9106255249661276	0.9899399288667535	0.0	-0.488138013332642	0.4528000304239321	0.6	3	2	0	0							0	0	0.13722514692373036	0.6943498205308399	0.9996325270282626	0			0
PRIMARY	s__GGB9469_SGB14862	OTHER_OR_INSUFFICIENT	3	0.06822713468500989	-0.8098636872194899	0.9463179565895096	0.7699452846564205	0.9899399288667535	0.0	-2.5248712324492124	2.6613255018192326	0.6666666666666666	2	1	0	0	3	0.06822713468500989	0.7699452846564205	0.9868213417628564	0.0	0.6666666666666666	1	0	0.05981494369018965	0.9057320742818391	0.9996325270282626	1			0
PRIMARY	s__GGB9474_SGB14868	OTHER_OR_INSUFFICIENT	4	-0.09095299620560318	-0.9187326456221789	0.7368266532109726	0.7496905562969887	0.9899399288667535	57.90141338880276	-2.124107903452427	1.9422019110412208	0.75	1	3	1	0	3	0.032735908068471584	0.9317427242591375	0.9868213417628564	62.95175344902664	0.6666666666666666	0	0	-0.2844202986416794	0.5883315218901315	0.9996325270282626	1	0.39707029529726445	Frankel_US	1
PRIMARY	s__GGB9480_SGB14874	CONSISTENT_NONSIGNIFICANT	5	-0.1457726216132566	-0.5174119489581117	0.22586670573159856	0.3373541809535804	0.9899399288667535	0.0	-0.5717569869821315	0.2802117437556183	0.8	1	4	0	0	5	-0.07760290986608809	0.5181449686813265	0.9868213417628564	0.0	0.8	1	0	-0.3577156485192986	0.3238898622991984	0.9996325270282626	1	0.2880147950244934	Frankel_US	0
PRIMARY	s__GGB9495_SGB14892	OTHER_OR_INSUFFICIENT	4	-0.13986147423513734	-0.5723937038241727	0.2926707553538979	0.37915972300700224	0.9899399288667535	0.0	-0.7246430551292125	0.4449201066589377	1.0	0	4	0	0	3	-0.062338909357162534	0.6578254071805448	0.9868213417628564	0.0	0.6666666666666666	1	0	-0.30378540909022633	0.462487618606267	0.9996325270282626	1	0.4715395065707533	Lee_PRIMM_UK	0
PRIMARY	s__GGB9501_SGB14898	OTHER_OR_INSUFFICIENT	6	-0.017372175721410695	-0.3853516465569224	0.350607295114101	0.9081351559920323	0.9899399288667535	20.65962959508504	-0.4148210285108283	0.3800766770680069	0.6666666666666666	2	4	1	0	5	0.008973596166274975	0.9476370507656587	0.9868213417628564	26.629545339426052	0.6	0	0	-0.10269474049224082	0.7771107631762358	0.9996325270282626	1			0
PRIMARY	s__GGB9512_SGB14909	OTHER_OR_INSUFFICIENT	9	-0.03837308237522983	-0.29294223626537447	0.2161960715149148	0.7371082008669976	0.9899399288667535	0.0	-0.29941354935713904	0.22266738460667937	0.5555555555555556	4	5	0	0	5	-0.029174307538367274	0.8031661622458333	0.9868213417628564	0.0	0.6	1	0	-0.037117872921597496	0.8781531619195847	0.9996325270282626	1			0
PRIMARY	s__GGB9522_SGB14921	OTHER_OR_INSUFFICIENT	8	-0.0015351835642269268	-0.2667494604602048	0.26367909333175094	0.9894612006479125	0.9930462049980862	0.0	-0.27597876926232184	0.27290840213386797	0.625	3	5	0	0	5	-0.015638963073058742	0.8936482137032142	0.9868213417628564	0.0	0.6	1	0	0.018981916012374114	0.944873533950807	0.9996325270282626	0			0
PRIMARY	s__GGB9524_SGB14923	OTHER_OR_INSUFFICIENT	3	0.1048563578949832	-1.1657781616207206	1.375490877410687	0.7564874404622355	0.9899399288667535	61.12458647215567	-6.120400655736766	6.330113371526732	0.6666666666666666	1	2	1	0	3	0.1048563578949832	0.7564874404622355	0.9868213417628564	61.12458647215567	0.6666666666666666	1	0	0.03836650430860324	0.9586285592728441	0.9996325270282626	1			0
PRIMARY	s__GGB9524_SGB14924	CONSISTENT_NONSIGNIFICANT	8	0.07176339677820129	-0.2963936092811218	0.4399204028375244	0.6588296436356157	0.9899399288667535	42.614007915691815	-0.7250213672815524	0.868548160837955	0.75	6	2	0	1	5	0.0741806114332068	0.7132830608550385	0.9868213417628564	49.35792112640664	0.8	1	0	0.3219406891848894	0.42481189816310505	0.9996325270282626	1	0.25642071869565297	Frankel_US	0
PRIMARY	s__GGB9559_SGB14969	OTHER_OR_INSUFFICIENT	5	0.04164803335220983	-0.3693688258723145	0.4526648925767342	0.7924071707035468	0.9899399288667535	0.0	-0.42947206336410493	0.5127681300685246	0.6	2	3	0	0							0	0	0.12385739932235698	0.6998474213065962	0.9996325270282626	1			0
PRIMARY	s__GGB9581_SGB79823	OTHER_OR_INSUFFICIENT	3	-0.1418325467745002	-1.017369870480354	0.7337047769313535	0.5579181094231053	0.9899399288667535	0.0	-2.727390154061439	2.4437250605124383	0.6666666666666666	1	2	0	0	3	-0.1418325467745002	0.5579181094231053	0.9868213417628564	0.0	0.6666666666666666	1	0	-0.22099874484568677	0.6718374401179373	0.9996325270282626	1			0
PRIMARY	s__GGB9602_SGB15028	OTHER_OR_INSUFFICIENT	7	-0.0047698625593680915	-0.3217059145257242	0.3121661894069881	0.9718185268359086	0.9925937920540963	0.0	-0.4305528044602558	0.42101307934151966	0.7142857142857143	2	5	0	0	3	-0.04353611024457004	0.7935905035056182	0.9868213417628564	8.773292573455223	0.6666666666666666	1	0	-0.0803016935558273	0.8139807926484006	0.9996325270282626	1			0
PRIMARY	s__GGB9602_SGB15031	OTHER_OR_INSUFFICIENT	9	0.1270045428776269	-0.25616328940011557	0.5101723751553694	0.4666050316165958	0.9899399288667535	45.11307264718723	-0.6559330382123434	0.9099421239675973	0.6666666666666666	6	3	2	0	5	0.1347536997831964	0.4003686182433219	0.9868213417628564	35.92049238095539	0.8	1	0	0.367391597999886	0.3115940332686397	0.9996325270282626	1			0
PRIMARY	s__GGB9611_SGB15045	OTHER_OR_INSUFFICIENT	4	0.08447691945544168	-0.5543370185056762	0.7232908574165595	0.7021964261575934	0.9899399288667535	31.5160937851933	-1.0589466719571397	1.2279005108680232	0.5	2	2	0	0							0	0	-0.2662933155401831	0.6493121802191949	0.9996325270282626	0			0
PRIMARY	s__GGB9614_SGB15049	OTHER_OR_INSUFFICIENT	8	-0.05701757634334425	-0.39218575995914573	0.2781506072724572	0.6994919002419614	0.9899399288667535	20.355914355961495	-0.6872174683036802	0.5731823156169917	0.625	3	5	0	0	5	0.04098098327187944	0.8110912340669834	0.9868213417628564	41.58634041950652	0.6	0	0	-0.1322714071208232	0.6831728682450151	0.9996325270282626	1			0
PRIMARY	s__GGB9616_SGB15051	OTHER_OR_INSUFFICIENT	6	-0.22304758346782783	-0.593551127256557	0.14745596032090136	0.18241287778921175	0.9899399288667535	0.0	-0.6232226479550336	0.17712748101937786	0.8333333333333334	1	5	0	0							0	0	-0.6293935076775147	0.12702142574985445	0.9996325270282626	1	0.41406931331031377	Lee_Manchester	0
PRIMARY	s__GGB9619_SGB15066	OTHER_OR_INSUFFICIENT	5	-0.017543577152363085	-0.3996760361768815	0.3645888818721553	0.9047229493425343	0.9899399288667535	0.0	-0.4555554908145818	0.4204683365098556	0.6	2	3	0	0	4	-0.11241037041526691	0.39686563685268594	0.9868213417628564	0.0	0.75	1	0	-0.16835571625874463	0.6504799634849635	0.9996325270282626	1			0
PRIMARY	s__GGB9619_SGB15067	OTHER_OR_INSUFFICIENT	5	0.10174388305362368	-0.3012993019927899	0.5047870681000373	0.5220039874804935	0.9899399288667535	0.0	-0.36023654444434655	0.5637243105515939	0.6	3	2	0	0	5	0.04417189359905758	0.7074921132318979	0.9868213417628564	0.0	0.6	1	0	0.16613053962249114	0.6149555599708098	0.9996325270282626	1			0
PRIMARY	s__GGB9620_SGB15068	OTHER_OR_INSUFFICIENT	3	-0.08009807026316138	-0.7874730099744387	0.6272768694481159	0.6742831525746557	0.9899399288667535	0.0	-2.1690537412412074	2.0088576007148844	0.6666666666666666	1	2	0	0	3	-0.08009807026316138	0.6742831525746557	0.9868213417628564	0.0	0.6666666666666666	1	0	-0.291998818527187	0.5627395161793272	0.9996325270282626	1			0
PRIMARY	s__GGB9621_SGB15073	CONSISTENT_NONSIGNIFICANT	8	-0.11328315527453102	-0.3906845849596499	0.16411827441058785	0.3663885214718991	0.9899399288667535	1.2348385337015835	-0.435377182562644	0.20881087201358195	0.75	2	6	0	0	4	-0.10102537782225834	0.46821134736545766	0.9868213417628564	0.0	0.75	1	0	-0.23399325001216512	0.46358683596702777	0.9996325270282626	1	0.28210890719732123	Spencer_US	0
PRIMARY	s__GGB9627_SGB15081	OTHER_OR_INSUFFICIENT	7	0.1628471870386083	-0.13022319743144606	0.45591757150866263	0.22281467866049523	0.9899399288667535	0.0	-0.1450353415356615	0.4707297156128781	0.7142857142857143	5	2	1	0	4	0.14701551533615284	0.35885551435121493	0.9868213417628564	24.424950669283536	0.75	1	0	0.39522574236681896	0.24412326123991432	0.9996325270282626	1			0
PRIMARY	s__GGB9634_SGB15093	OTHER_OR_INSUFFICIENT	7	-0.14188311097198447	-0.4469784244044439	0.16321220246047496	0.29854165564760377	0.9899399288667535	0.0	-0.4961559103288886	0.21238968838491967	0.5714285714285714	3	4	0	0	3	-0.22175604061633916	0.33563099719569645	0.9868213417628564	43.04831692090067	0.6666666666666666	1	0	-0.16117242647758767	0.6136579157265258	0.9996325270282626	1			0
PRIMARY	s__GGB9635_SGB15106	OTHER_OR_INSUFFICIENT	9	0.12080267477288864	-0.2731447290657672	0.5147500786115444	0.4995630617029946	0.9899399288667535	52.185415244069944	-0.7935619488459417	1.0351672983917188	0.5555555555555556	5	4	1	0	5	0.09043666075911407	0.6814897346446608	0.9868213417628564	57.95181840879636	0.6	1	0	0.21774154847389415	0.5345037400935222	0.9996325270282626	1	0.22973575807812224	Frankel_US	0
PRIMARY	s__GGB9636_SGB15107	OTHER_OR_INSUFFICIENT	5	0.10658784730908813	-0.2515614497242037	0.46473714434238	0.45507590739228126	0.9899399288667535	0.0	-0.30393383269840957	0.5171095273165858	0.6	2	3	0	0	3	0.0799848309280019	0.5768898385477736	0.9868213417628564	0.0	0.6666666666666666	1	0	0.2893764102814849	0.4843940298247521	0.9996325270282626	1			0
PRIMARY	s__GGB9641_SGB15117	OTHER_OR_INSUFFICIENT	6	-0.1443398053697173	-0.5033574860599357	0.21467787532050103	0.3487533613205868	0.9899399288667535	0.0	-0.5835982376139439	0.29491862687450926	0.5	3	3	0	0	3	-0.1175761178834245	0.4654578247520396	0.9868213417628564	0.0	0.6666666666666666	1	0	-0.3164595201340278	0.3558401875894136	0.9996325270282626	1			0
PRIMARY	s__GGB9642_SGB15119	OTHER_OR_INSUFFICIENT	5	-0.21623141462391457	-0.6292153245482073	0.19675249530037817	0.21969978113766267	0.9899399288667535	0.0	-0.6896062050903143	0.25714337584248514	0.8	1	4	0	0							0	0	-0.3557879602146786	0.32131749715154206	0.9996325270282626	1	0.5743210269107403	Lee_PRIMM_UK	0
PRIMARY	s__GGB9646_SGB15123	OTHER_OR_INSUFFICIENT	7	-0.09287573372851059	-0.37888539324050313	0.19313392578348193	0.4571246104642881	0.9899399288667535	0.0	-0.39334067957360325	0.20758921211658204	0.7142857142857143	2	5	0	0	4	-0.05989723827824531	0.6353247531537182	0.9868213417628564	0.0	0.75	1	0	-0.1274596752589086	0.6419025974482634	0.9996325270282626	1			0
PRIMARY	s__GGB9694_SGB15204	CONSISTENT_NONSIGNIFICANT	5	0.20857332761590697	-0.16943762753823827	0.5865842827700523	0.2002978017151406	0.9899399288667535	0.0	-0.22471439230367896	0.6418610475354929	1.0	5	0	0	0	4	0.1589297543665517	0.2579502489399355	0.9868213417628564	0.0	1.0	1	0	0.4065445260461153	0.3087782428510383	0.9996325270282626	1	0.3806974195720218	Lee_PRIMM_UK	0
PRIMARY	s__GGB9699_SGB15216	OTHER_OR_INSUFFICIENT	9	0.00918605823426287	-0.2645168946637188	0.28288901113224457	0.9402104298805172	0.9899399288667535	13.1271637408524	-0.27147460119915046	0.2898467176676762	0.5555555555555556	5	4	0	1	5	-0.00630967146742714	0.9568501821124683	0.9902921360018845	0.0	0.6	0	0	0.375213046440988	0.17610017130811056	0.9996325270282626	1			0
PRIMARY	s__GGB9707_SGB15229	OTHER_OR_INSUFFICIENT	9	-0.05230940072710728	-0.30612738656783334	0.2015085851136188	0.6473171678092003	0.9899399288667535	0.0	-0.31257960433954235	0.2079608028853278	0.5555555555555556	4	5	0	0	5	-0.060601188045246814	0.6100015502234459	0.9868213417628564	0.0	0.6	1	0	-0.07554386235648697	0.7645974344747654	0.9996325270282626	1			0
PRIMARY	s__GGB9708_SGB15233	OTHER_OR_INSUFFICIENT	6	0.077306629360189	-0.29178502568685927	0.4463982844072373	0.6133882125457963	0.9899399288667535	0.0	-0.3213434761999882	0.4759567349203662	0.6666666666666666	4	2	0	0							0	0	0.07620321790750119	0.7985328392391285	0.9996325270282626	1			0
PRIMARY	s__GGB9708_SGB15234	OTHER_OR_INSUFFICIENT	9	0.0624267449500868	-0.192170086305568	0.3170235762057416	0.5872853225287428	0.9899399288667535	0.0	-0.19864210294207393	0.32349559284224755	0.5555555555555556	5	4	0	0	5	0.043975659654877326	0.7141293110722399	0.9868213417628564	0.0	0.6	1	0	0.0529120090292228	0.8265484663669604	0.9996325270282626	1			0
PRIMARY	s__GGB9712_SGB15244	OTHER_OR_INSUFFICIENT	7	0.014787178880941686	-0.3794250424074251	0.4089994001693084	0.9298563183314159	0.9899399288667535	29.30829583561712	-0.7603095485113087	0.7898839062731922	0.5714285714285714	4	3	0	1	3	-0.044458008739552524	0.860299486588995	0.9868213417628564	64.25179275035033	0.6666666666666666	0	0	0.02912696086446662	0.9352707229614895	0.9996325270282626	1			0
PRIMARY	s__GGB9713_SGB15249	OTHER_OR_INSUFFICIENT	9	0.03770977116787175	-0.22944439013250226	0.3048639324682457	0.7531522873900548	0.9899399288667535	8.870748804471857	-0.23623562226070202	0.3116551645964455	0.5555555555555556	5	4	0	1	5	0.02952002733210447	0.8010628821885292	0.9868213417628564	0.0	0.8	1	0	0.23718372800118998	0.3408070856332442	0.9996325270282626	1			0
PRIMARY	s__GGB9719_SGB15272	OTHER_OR_INSUFFICIENT	9	0.008281910887665634	-0.2451451692204719	0.26170899099580314	0.9417791511832856	0.9899399288667535	0.0	-0.251587449924974	0.2681512717003052	0.5555555555555556	5	4	0	0	5	0.016773876013559546	0.8857168615685407	0.9868213417628564	0.0	0.6	1	0	-0.022553458708331548	0.9269801616806084	0.9996325270282626	0			0
PRIMARY	s__GGB9719_SGB15273	CONSISTENT_NONSIGNIFICANT	8	0.057833143606208025	-0.20719993368243836	0.3228662208948544	0.6217569164296214	0.9899399288667535	0.0	-0.21642293684167999	0.332089224054096	0.75	6	2	0	0	5	0.03655463567697578	0.7555106259581363	0.9868213417628564	0.0	0.8	1	0	0.1950676218378451	0.44784767026495476	0.9996325270282626	1	0.25226037891286374	Lee_PRIMM_NL	0
PRIMARY	s__GGB9719_SGB53514	OTHER_OR_INSUFFICIENT	4	0.033007549961920984	-0.4837370529089876	0.5497521528328296	0.8519219733158654	0.9899399288667535	0.0	-0.6656287709203903	0.7316438708442323	0.75	3	1	0	0							0	0	0.2551029996204949	0.5733962449623784	0.9996325270282626	1	0.7546593840763783	Frankel_US	1
PRIMARY	s__GGB9724_SGB15278	OTHER_OR_INSUFFICIENT	6	-0.15832432682473652	-0.49731198126792275	0.18066332761844972	0.28368101665183976	0.9899399288667535	0.0	-0.5244595737624476	0.20781092011297453	0.6666666666666666	2	4	0	0	4	-0.20763938804723794	0.24699915551582544	0.9868213417628564	35.161680179817836	0.75	1	0	-0.5632946601269705	0.12829840228059378	0.9996325270282626	1			0
PRIMARY	s__GGB9739_SGB15313	OTHER_OR_INSUFFICIENT	3	0.3755990127666743	-0.5108319734308847	1.2620299989642332	0.20985651743674336	0.9899399288667535	0.0	-2.242128773019748	2.9933267985530962	1.0	3	0	0	0	3	0.3755990127666743	0.20985651743674336	0.9868213417628564	0.0	1.0	1	0	1.174920102153937	0.15738451595522845	0.9996325270282626	1			0
PRIMARY	s__GGB9747_SGB15356	OTHER_OR_INSUFFICIENT	7	0.011203786299414414	-0.3194122396173752	0.34181981221620406	0.9366123330119541	0.9899399288667535	14.62194869793321	-0.45535971124159147	0.47776728384042033	0.5714285714285714	3	4	0	0	3	-0.012565294140806224	0.9267756335728179	0.9868213417628564	0.0	0.6666666666666666	0	0	0.0843526558657783	0.813600288305403	0.9996325270282626	1			0
PRIMARY	s__GGB9758_SGB15368	OTHER_OR_INSUFFICIENT	7	0.005722821435742147	-0.29227818102672937	0.3037238238982137	0.9640457671050553	0.9908744990282015	0.0	-0.30733952473526	0.3187851676067443	0.7142857142857143	2	5	0	0	3	0.003938602225029041	0.9769969086070205	0.9902921360018845	0.0	0.6666666666666666	1	0	0.06892720912131327	0.8056632261155553	0.9996325270282626	1			0
PRIMARY	s__GGB9759_SGB15370	CONSISTENT_NONSIGNIFICANT	8	0.20659025946650275	-0.06450896233567768	0.47768948126868316	0.11455635035230782	0.9899399288667535	0.0	-0.07394306386938779	0.4871235828023933	0.75	6	2	0	0	4	0.21651948018719086	0.1541362808599302	0.9868213417628564	0.0	1.0	1	0	0.5293886532953785	0.10161066843550265	0.9996325270282626	1	0.2348311526352704	Frankel_US	0
PRIMARY	s__GGB9760_SGB15373	OTHER_OR_INSUFFICIENT	8	0.033209175594570955	-0.2687694170734821	0.3351877682626241	0.8023139929087105	0.9899399288667535	18.926355657588996	-0.27927810340641457	0.3456964545955564	0.625	5	3	0	1	4	0.03591544268665508	0.7730852032586869	0.9868213417628564	0.0	0.75	1	0	0.18297498727573652	0.5501415576179012	0.9996325270282626	1			0
PRIMARY	s__GGB9765_SGB15382	OTHER_OR_INSUFFICIENT	6	0.0767058789507213	-0.28469763936000364	0.4381093972614462	0.6087947430933284	0.9899399288667535	6.348361025631	-0.31364039082960776	0.46705214873105033	0.6666666666666666	4	2	0	0	3	0.10926059332116007	0.49258856528326017	0.9868213417628564	0.0	0.6666666666666666	1	0	0.09982177248234167	0.7327158317926175	0.9996325270282626	1			0
PRIMARY	s__GGB9767_SGB15385	DOMAIN_SPECIFIC	5	-0.0356857202126793	-0.6665863357804708	0.5952148953551121	0.8828179511930522	0.9899399288667535	52.121571676710346	-1.3948857622349877	1.3235143218096292	0.6	2	3	1	0							0	0	-0.09935662317062706	0.8098462651921284	0.9996325270282626	1	0.31407403942671763	Lee_PRIMM_UK	1
PRIMARY	s__GGB9770_SGB15389	OTHER_OR_INSUFFICIENT	6	0.04777057646295673	-0.35789067089456733	0.4534318238204808	0.7742989161613654	0.9899399288667535	36.64529507161411	-0.6959684302571173	0.7915095831830307	0.6666666666666666	2	4	0	0	5	0.09354910767894425	0.4572931959153471	0.9868213417628564	6.703312191950982	0.6	1	0	0.14620757799005749	0.753403091376963	0.9996325270282626	1			0
PRIMARY	s__GGB9770_SGB15390	OTHER_OR_INSUFFICIENT	8	-0.044217464483027484	-0.3150124566435803	0.22657752767752531	0.710879665067764	0.9899399288667535	0.0	-0.3244359711276297	0.2360010421615747	0.625	5	3	0	0	4	-0.08722777604942479	0.6249944088323066	0.9868213417628564	38.625086825456734	0.5	1	0	0.021474564563266973	0.935690972819377	0.9996325270282626	0			0
PRIMARY	s__GGB9775_SGB15395	OTHER_OR_INSUFFICIENT	7	0.08998019029449623	-0.2018054997474782	0.38176588033647063	0.4790644368035201	0.9899399288667535	0.0	-0.21655271379656943	0.39651309438556187	0.7142857142857143	5	2	0	0	4	0.07773994892444527	0.5439992629674615	0.9868213417628564	0.0	0.75	1	0	0.17152958114369138	0.5700341322347433	0.9996325270282626	1			0
PRIMARY	s__GGB9781_SGB15402	CONSISTENT_NONSIGNIFICANT	6	0.09318130231705442	-0.2544438728020147	0.4408064774361235	0.5214569797745529	0.9899399288667535	0.0	-0.28228319515768224	0.46864579979179105	1.0	6	0	0	0	3	0.13590026770972782	0.40934126118097613	0.9868213417628564	0.0	1.0	1	0	0.089691677403054	0.749291377055513	0.9996325270282626	1	0.4857680096827545	Lee_PRIMM_UK	0
PRIMARY	s__GGB9781_SGB66170	OTHER_OR_INSUFFICIENT	7	0.03438080542835814	-0.2506298819762015	0.3193914928329178	0.7778111009912311	0.9899399288667535	0.0	-0.26503467900060157	0.33379628985731785	0.7142857142857143	5	2	0	0	4	0.07294341417786591	0.567381430222403	0.9868213417628564	0.0	0.75	1	0	0.08782492953564817	0.7479658130807483	0.9996325270282626	1			0
PRIMARY	s__GGB9782_SGB15403	CONSISTENT_NONSIGNIFICANT	6	-0.07377320508274501	-0.4315348618034194	0.2839884516379294	0.6187469236547187	0.9899399288667535	0.0	-0.584146282982387	0.43659987281689705	0.8333333333333334	1	5	0	0	3	-0.06551611794186402	0.728579050906595	0.9868213417628564	30.69536143353306	0.6666666666666666	1	0	-0.25868706399373603	0.5001950884745698	0.9996325270282626	1	0.39860908350426194	Lee_PRIMM_NL	1
PRIMARY	s__GGB9787_SGB15410	OTHER_OR_INSUFFICIENT	6	0.17597044010876112	-0.17374458554620698	0.5256854657637292	0.2523777552309085	0.9899399288667535	0.0	-0.20175127214720145	0.5536921523647237	0.6666666666666666	4	2	0	0	3	0.15857012873438442	0.41634744184611916	0.9868213417628564	28.743644330802276	0.6666666666666666	1	0	0.18843017247031946	0.5314737715886059	0.9996325270282626	1			0
PRIMARY	s__GGB9788_SGB15411	OTHER_OR_INSUFFICIENT	5	0.18322672189277434	-0.37450372124210685	0.7409571650276555	0.4133038534896821	0.9899399288667535	40.69695393883217	-0.9217233235384767	1.2881767673240254	0.6	3	2	1	0							0	0	0.506022843248863	0.34027231708857314	0.9996325270282626	1			0
PRIMARY	s__GGB9818_SGB15459	OTHER_OR_INSUFFICIENT	7	0.12846314580736334	-0.20357451210315558	0.46050080371788227	0.3803444226157931	0.9899399288667535	21.774034371963474	-0.22035611095949387	0.47728240257422055	0.7142857142857143	5	2	0	0	4	0.06588715008151572	0.6242785503630739	0.9868213417628564	11.213705582547728	0.75	1	0	0.2686360068464739	0.4983829497257381	0.9996325270282626	1			0
PRIMARY	s__Gordonibacter_pamelaeae	CONSISTENT_NONSIGNIFICANT	7	-0.1283763264646773	-0.5188173852884804	0.26206473235912586	0.4517775114335379	0.9899399288667535	26.088652141538386	-0.86347468595359	0.6067220330242353	0.8571428571428571	1	6	0	1	4	-0.17045886968321172	0.4569580537929935	0.9868213417628564	45.923866254773884	0.75	1	0	-0.24528123002664515	0.4640156960750254	0.9996325270282626	1	0.37904693096009917	Lee_PRIMM_NL	1
PRIMARY	s__Gordonibacter_urolithinfaciens	OTHER_OR_INSUFFICIENT	6	-0.03543295513407305	-0.44301795200796196	0.3721520417398158	0.8320125268218488	0.9899399288667535	25.947876886304094	-0.48292772155513214	0.412061811286986	0.5	3	3	0	0	3	0.03952283680771041	0.8370906391515485	0.9868213417628564	13.300712520394944	0.6666666666666666	0	0	-0.07861300024408013	0.7819882120383949	0.9996325270282626	1			0
PRIMARY	s__Granulicatella_SGB8255	OTHER_OR_INSUFFICIENT	7	-0.10591376249896126	-0.4288664000894947	0.21703887509157224	0.4528826358806665	0.9899399288667535	0.0	-0.44518883062680803	0.23336130562888555	0.7142857142857143	2	5	0	0	3	-0.10452132778395197	0.5091449858512701	0.9868213417628564	0.0	1.0	1	0	-0.1765091849770191	0.5625178655420501	0.9996325270282626	1			0
PRIMARY	s__Haemophilus_parainfluenzae	OTHER_OR_INSUFFICIENT	7	-0.08413808134054306	-0.5516049981613588	0.3833288354802727	0.6750613274210048	0.9899399288667535	49.374074046821015	-1.1129996719168431	0.9447235092357571	0.7142857142857143	5	2	0	1	5	-0.1155214842322037	0.35242573951497036	0.9868213417628564	0.0	0.6	1	0	-0.16988570433848474	0.559896710187958	0.9996325270282626	1			0
PRIMARY	s__Harryflintia_acetispora	CONSISTENT_NONSIGNIFICANT	8	0.12448382796610882	-0.1592605094170463	0.408228165349264	0.33404910303481383	0.9899399288667535	0.0	-0.16913465385993184	0.41810230979214946	0.875	7	1	0	0	5	0.10612218872802456	0.3878330117040026	0.9868213417628564	0.0	1.0	1	0	0.13589699415734696	0.5955991515836673	0.9996325270282626	1	0.2556547352254783	Lee_PRIMM_UK	0
PRIMARY	s__Holdemanella_porci	OTHER_OR_INSUFFICIENT	7	0.16344583779003924	-0.2361393968052235	0.563031072385302	0.35552435847868835	0.9899399288667535	41.00929474009652	-0.6605919992145339	0.9874836747946125	0.7142857142857143	5	2	0	0	4	0.06453349652758802	0.8149259589878091	0.9868213417628564	67.68811946919831	0.5	1	0	0.33858781784234665	0.31210011483565575	0.9996325270282626	1			0
PRIMARY	s__Holdemania_filiformis	DOMAIN_SPECIFIC	9	-0.05143629565509738	-0.4899823757465104	0.3871097844363156	0.793647663224565	0.9899399288667535	62.26958834187046	-1.157732927541783	1.0548603362315883	0.6666666666666666	3	6	1	0	5	0.04302562377824607	0.860588530442667	0.9868213417628564	71.00462821977771	0.6	0	0	-0.02225852438227157	0.9525680296064328	0.9996325270282626	1	0.22193290066023333	Spencer_US	1
PRIMARY	s__Holdemania_massiliensis	OTHER_OR_INSUFFICIENT	6	-0.27694984407385026	-0.6135645728351273	0.059664884687426756	0.08806780913463216	0.9899399288667535	0.0	-0.6405221311504852	0.08662244300278465	0.6666666666666666	2	4	0	0	5	-0.25155336144434265	0.08420699969909985	0.9868213417628564	0.0	0.8	1	1	-0.6276328534423682	0.12377378071705446	0.9996325270282626	1	0.2571522512377769	Spencer_US	0
PRIMARY	s__Holdemania_sp_1001095H_141210_F2	OTHER_OR_INSUFFICIENT	8	0.09398459538696088	-0.1899197254510129	0.3778889162249347	0.4594069770997108	0.9899399288667535	0.0	-0.19979943721170593	0.3877686279856277	0.625	5	3	0	0	5	0.13105303375964975	0.2985295278034678	0.9868213417628564	0.0	0.6	1	0	0.280299879752164	0.35358834729711885	0.9996325270282626	1			0
PRIMARY	s__Hungatella_hathewayi	CONSISTENT_NONSIGNIFICANT	9	-0.21443967785496257	-0.46878720467832313	0.03990784896839797	0.08777707992006407	0.9899399288667535	0.0	-0.47525288372211927	0.04637352801219416	0.8888888888888888	1	8	0	0	5	-0.21210104054574014	0.1258377212880852	0.9868213417628564	0.0	1.0	1	0	-0.4468090382012115	0.11144016781694417	0.9996325270282626	1	0.23907483185221245	Spencer_US	0
PRIMARY	s__Hydrogeniiclostidium_mannosilyticum	OTHER_OR_INSUFFICIENT	6	-0.12343882291845765	-0.4555140290650339	0.20863638322811862	0.38318978699742573	0.9899399288667535	0.0	-0.48210804294446286	0.23523039710754756	0.6666666666666666	2	4	0	0	4	-0.13188793917319994	0.39320694954832025	0.9868213417628564	18.197368256014787	0.75	1	0	-0.21293405692604414	0.48742002498708503	0.9996325270282626	1			0
PRIMARY	s__Hydrogenoanaerobacterium_saccharovorans	OTHER_OR_INSUFFICIENT	9	0.04193445397006707	-0.24526523777391668	0.3291341457140508	0.745003196489031	0.9899399288667535	18.113625844102906	-0.34280000949357226	0.4266689174337064	0.5555555555555556	4	5	0	0	5	0.042066711017334286	0.7406591585939508	0.9868213417628564	14.07899569963874	0.6	1	0	0.09352161365723678	0.7327607634734203	0.9996325270282626	1			0
PRIMARY	s__Intestinibacter_bartlettii	OTHER_OR_INSUFFICIENT	9	0.16324252679078471	-0.1161261378932108	0.44261119147478023	0.21474818461337172	0.9899399288667535	0.0	-0.26332798957940273	0.5898130431609722	0.5555555555555556	5	4	1	0	5	0.14810879530142912	0.32976049044197575	0.9868213417628564	8.668224359128686	0.6	1	0	0.5269856196616066	0.11640748266105805	0.9996325270282626	1			0
PRIMARY	s__Isoptericola_variabilis	OTHER_OR_INSUFFICIENT	6	0.02790611273958753	-0.3201939854949221	0.3760062109740972	0.8448600607516686	0.9899399288667535	0.0	-0.3480713417738616	0.4038835672530367	0.5	3	3	0	0	3	0.058409684242903215	0.6997291132491513	0.9868213417628564	0.0	0.6666666666666666	1	0	0.17598295835212516	0.6188706177554232	0.9996325270282626	1			0
PRIMARY	s__Klebsiella_pneumoniae	STRONG_DIRECTION_REVERSAL	7	-0.03781367180087146	-0.5679670296105377	0.49233968600879474	0.8671905323191573	0.9899399288667535	60.356427232887874	-1.2419980213187671	1.1663706777170242	0.5714285714285714	3	4	1	1	5	-0.10708082632760065	0.5738218941497638	0.9868213417628564	44.35752038251328	0.6	1	0	-0.1777863334981492	0.697993477529674	0.9996325270282626	1	0.3748269520339641	Lee_Manchester	1
PRIMARY	s__Lachnoclostridium_edouardi	OTHER_OR_INSUFFICIENT	4	-0.11561329493200115	-0.6012299145770048	0.37000332471300257	0.5037334831624369	0.9899399288667535	0.0	-0.7721647262214615	0.5409381363574592	0.5	2	2	0	0	4	-0.11561329493200115	0.5037334831624369	0.9868213417628564	0.0	0.5	1	0	-0.10473860414751464	0.8239610585983674	0.9996325270282626	1			0
PRIMARY	s__Lachnoclostridium_sp_An131	OTHER_OR_INSUFFICIENT	3	-0.2521646602436274	-1.031455368826199	0.5271260483389442	0.2984454540426767	0.9899399288667535	0.0	-2.5534954715674756	2.049166151080221	1.0	0	3	0	0							0	0	-0.5378085229172823	0.26301372406290663	0.9996325270282626	1			0
PRIMARY	s__Lachnospira_eligens	OTHER_OR_INSUFFICIENT	9	-0.014307646048342205	-0.26858283135742483	0.2399675392607404	0.8999633913233641	0.9899399288667535	0.0	-0.27504667143880795	0.24643137934212353	0.5555555555555556	4	5	0	0	5	-0.017944134065309085	0.877904242954773	0.9868213417628564	0.0	0.6	1	0	0.020651725941187637	0.9355721753936421	0.9996325270282626	0			0
PRIMARY	s__Lachnospira_pectinoschiza	OTHER_OR_INSUFFICIENT	8	0.10329653279906217	-0.16201221270664998	0.3686052783047743	0.387858346877739	0.9899399288667535	0.0	-0.1712448089627536	0.3778378745608779	0.625	5	3	0	0	5	0.05392264284598749	0.6484536535437362	0.9868213417628564	0.0	0.8	1	0	0.22213924480640754	0.3821985623429624	0.9996325270282626	1			0
PRIMARY	s__Lachnospira_sp_NSJ_43	OTHER_OR_INSUFFICIENT	9	0.0469474628714109	-0.2384911289397859	0.3323860546826077	0.7143494358935446	0.9899399288667535	16.90312213455878	-0.34943239741316123	0.443327323155983	0.6666666666666666	3	6	1	0	5	0.027162163701779582	0.8509525268641024	0.9868213417628564	34.088003098469386	0.6	1	0	0.1496723470886812	0.6038883422652885	0.9996325270282626	1			0
PRIMARY	s__Lachnotalea_sp_AF33_28	CONSISTENT_NONSIGNIFICANT	6	-0.20428965298405902	-0.5359022977799011	0.127322991811783	0.17413402444904139	0.9899399288667535	0.0	-0.5624592677348288	0.1538799617667108	0.8333333333333334	1	5	0	0	5	-0.10846614361133455	0.3790482005195818	0.9868213417628564	0.0	0.8	1	0	-0.28365672847655776	0.3236847724660719	0.9996325270282626	1	0.43450614434568485	Matson_US	0
PRIMARY	s__Lacrimispora_amygdalina	DOMAIN_SPECIFIC	8	0.016577071856955346	-0.39924575373053534	0.432399897444446	0.927538321605811	0.9899399288667535	52.04859414220554	-0.9443675475681887	0.9775216912820994	0.5	4	4	0	1	5	0.06158845951985735	0.7199906761935522	0.9868213417628564	43.9427754769344	0.6	1	0	7.071130152470799e-05	0.9998872431588107	0.9998995945261049	1	0.21797087521710368	Lee_PRIMM_UK	1
PRIMARY	s__Lacrimispora_celerecrescens	CONSISTENT_NONSIGNIFICANT	9	0.23185388912947266	-0.02351909542146316	0.4872268736804085	0.069624150120578	0.9899399288667535	0.0	-0.03001084230975662	0.49371862056870197	0.7777777777777778	7	2	1	0	5	0.24544706484964984	0.08969649537158501	0.9868213417628564	0.0	1.0	1	1	0.5343845008540946	0.09522709724209748	0.9996325270282626	1	0.21140678527895787	Spencer_US	0
PRIMARY	s__Lacrimispora_saccharolytica	OTHER_OR_INSUFFICIENT	7	-0.04417034697499429	-0.3294993827069364	0.24115868875694785	0.717882632904167	0.9899399288667535	0.0	-0.34392026945830484	0.2555795755083163	0.5714285714285714	3	4	0	0	5	-0.018991372331992714	0.8708050392477916	0.9868213417628564	0.0	0.6	1	0	-0.12591050280096988	0.6875721724706685	0.9996325270282626	1			0
PRIMARY	s__Lacticaseibacillus_paracasei	OTHER_OR_INSUFFICIENT	5	-0.04425299168921946	-0.4762555425836736	0.38774955920523463	0.790212167279674	0.9899399288667535	0.0	-0.5394275300697847	0.45092154669134576	0.6	3	2	0	0	3	-0.023556475585235718	0.8741418094823261	0.9868213417628564	0.0	0.6666666666666666	1	0	-0.08916407769621972	0.7917854791585371	0.9996325270282626	1			0
PRIMARY	s__Lacticaseibacillus_rhamnosus	OTHER_OR_INSUFFICIENT	4	-0.009855183070030688	-0.5332952910738108	0.5135849249337495	0.9559889204760165	0.9899399288667535	0.0	-0.7175437961364175	0.6978334299963562	0.5	2	2	0	0	3	0.03496192214646207	0.8148790459064228	0.9868213417628564	0.0	0.6666666666666666	0	0	0.2440376331120975	0.5445462855082547	0.9996325270282626	0			0
PRIMARY	s__Lactobacillus_gasseri	OTHER_OR_INSUFFICIENT	5	-0.025586582865029087	-0.47885599636017767	0.4276828306301195	0.8830521134248774	0.9899399288667535	16.755607337571103	-0.5623649688529038	0.5111918031228455	0.6	3	2	0	0							0	0	-0.06796383018126233	0.8608653146971202	0.9996325270282626	1			0
PRIMARY	s__Lactococcus_cremoris	OTHER_OR_INSUFFICIENT	4	0.058490562981633715	-0.4545961826772411	0.5715773086405085	0.7408152482662727	0.9899399288667535	3.4562096957679067	-0.7131023463789581	0.8300834723422255	0.5	2	2	0	0							0	0	0.11334377053421008	0.859647470607025	0.9996325270282626	1			0
PRIMARY	s__Lactococcus_lactis	CONSISTENT_NONSIGNIFICANT	6	0.2200643404549464	-0.1291314416321145	0.5692601225420073	0.16616015865176373	0.9899399288667535	0.0	-0.15709654499066464	0.5972252259005575	0.8333333333333334	5	1	0	0	3	0.22139747891934522	0.23465433348201975	0.9868213417628564	0.0	0.6666666666666666	1	0	0.29984854263566896	0.32462151994666966	0.9996325270282626	1	0.307014085912597	Matson_US	0
PRIMARY	s__Lactonifactor_sp_BIOML_A6	OTHER_OR_INSUFFICIENT	4	-0.18681970179216184	-0.7102176295510911	0.3365782259667674	0.33852108173756573	0.9899399288667535	0.0	-0.8944512873620272	0.5208118837777036	1.0	0	4	0	0	3	-0.2415200148679061	0.20788701456335248	0.9868213417628564	0.0	1.0	1	0	-0.5043112821466629	0.23911133858515915	0.9996325270282626	1	0.3349563313478183	Lee_PRIMM_UK	0
PRIMARY	s__Lancefieldella_parvula	OTHER_OR_INSUFFICIENT	5	-0.33403911981764195	-0.7478653684412832	0.07978712880599925	0.08851028021560094	0.9899399288667535	0.0	-0.8083794245810298	0.14030118494574595	1.0	0	5	0	1							0	0	-0.6211739140736717	0.14891059946196272	0.9996325270282626	1	0.49286452550615434	Frankel_US	0
PRIMARY	s__Ligilactobacillus_ruminis	OTHER_OR_INSUFFICIENT	3	0.15404566640743267	-0.6544251459326923	0.9625164787475576	0.4984734222129567	0.9899399288667535	0.0	-2.233457187940267	2.5415485207551325	0.6666666666666666	2	1	0	0							0	0	0.5549837134330738	0.3381185033467769	0.9996325270282626	1			0
PRIMARY	s__Limosilactobacillus_fermentum	OTHER_OR_INSUFFICIENT	4	0.03649361625896142	-0.46951364305442755	0.5425008755723504	0.8332228336400538	0.9899399288667535	0.0	-0.6476258656838916	0.7206130982018144	0.5	2	2	0	0							0	0	0.15946406595112197	0.6825687965942465	0.9996325270282626	1			0
PRIMARY	s__Longibaculum_muris	OTHER_OR_INSUFFICIENT	4	0.09530437971115946	-0.5047475616650607	0.6953563210873797	0.6480350169062132	0.9899399288667535	28.184678462927316	-1.0070465657517975	1.1976553251741164	0.5	2	2	1	0	4	0.09530437971115946	0.6480350169062132	0.9868213417628564	28.184678462927316	0.5	1	0	0.258390772646122	0.6067331110115383	0.9996325270282626	1			0
PRIMARY	s__Longicatena_caecimuris	CONSISTENT_NONSIGNIFICANT	6	0.12680451571050663	-0.1998055118339934	0.45341454325500663	0.36409089607649076	0.9899399288667535	0.0	-0.2259618507762892	0.4795708821973025	0.8333333333333334	5	1	0	0	4	0.12585678290373478	0.46975934230181554	0.9868213417628564	0.0	0.75	1	0	0.41722599472134425	0.2411278051828569	0.9996325270282626	1	0.36845740198947124	Spencer_US	0
PRIMARY	s__Massiliimalia_massiliensis	OTHER_OR_INSUFFICIENT	7	-0.02824667898635638	-0.314098159632965	0.2576048016602523	0.8169918552214276	0.9899399288667535	0.0	-0.32854545142194364	0.2720520934492309	0.5714285714285714	3	4	0	0	4	-0.01541490354043791	0.9010076606309392	0.9868213417628564	0.0	0.75	1	0	-0.03154372051709411	0.9134823261006093	0.9996325270282626	1			0
PRIMARY	s__Massiliimalia_timonensis	OTHER_OR_INSUFFICIENT	7	-0.19754926401479747	-0.6283567172308959	0.23325818920130095	0.3047285659334079	0.9899399288667535	42.57963006175448	-1.0999062247792313	0.7048076967496364	0.7142857142857143	2	5	0	2	4	-0.11934186051554306	0.6737930309516353	0.9868213417628564	57.31522836512411	0.5	1	0	-0.3014618819630299	0.4904340837287844	0.9996325270282626	1			0
PRIMARY	s__Massilimicrobiota_sp_An134	OTHER_OR_INSUFFICIENT	5	0.0058366412558289085	-0.6035863704723059	0.6152596529839638	0.9800597527828732	0.9925937920540963	51.006527883758444	-1.237503885103148	1.2491771676148056	0.6	2	3	0	0	3	0.013070955833310168	0.9297636559017589	0.9868213417628564	0.0	0.6666666666666666	1	0	0.015662161833615133	0.9750753837503597	0.9996325270282626	1	0.41878549711747187	Lee_PRIMM_NL	1
PRIMARY	s__Massilimicrobiota_timonensis	CONSISTENT_NONSIGNIFICANT	5	-0.21983342268434442	-0.613715119258594	0.17404827388990518	0.1961691568546833	0.9899399288667535	0.0	-0.6713126719695901	0.23164582660090133	0.8	1	4	0	0	3	-0.2068375618474065	0.25671608816837155	0.9868213417628564	0.0	0.6666666666666666	1	0	-0.3873464823881308	0.27650586021684903	0.9996325270282626	1	0.36616074935891235	Lee_PRIMM_NL	0
PRIMARY	s__Massilioclostridium_coli	OTHER_OR_INSUFFICIENT	7	-0.014380350526329518	-0.2999580031923062	0.27119730213964716	0.9059606432656165	0.9899399288667535	0.0	-0.31439145536890567	0.2856307543162466	0.5714285714285714	3	4	0	0	5	0.01167842879161001	0.9203145262306611	0.9868213417628564	0.0	0.6	0	0	-0.06602605663975009	0.8158829519442568	0.9996325270282626	1			0
PRIMARY	s__Mediterraneibacter_SGB48424	OTHER_OR_INSUFFICIENT	5	0.01745916637889549	-0.4146768233609824	0.4495951561187734	0.9160893281252864	0.9899399288667535	0.0	-0.4778683236827827	0.5127866564405736	0.6	2	3	0	0	3	0.027271280817448857	0.8551567090311291	0.9868213417628564	0.0	0.6666666666666666	1	0	0.035798031624822126	0.9122784695743004	0.9996325270282626	1			0
PRIMARY	s__Mediterraneibacter_butyricigenes	OTHER_OR_INSUFFICIENT	8	0.18937005212881172	-0.12509546477300518	0.5038355690306286	0.19746815354161143	0.9899399288667535	21.476615514524962	-0.3696151930340291	0.7483552972916526	0.625	5	3	1	0	5	0.20138284894410585	0.14074797832139826	0.9868213417628564	0.0	0.8	1	0	0.6220443115409319	0.0989880033460525	0.9996325270282626	1	0.4443173629494931	Lee_PRIMM_UK	0
PRIMARY	s__Mediterraneibacter_glycyrrhizinilyticus	OTHER_OR_INSUFFICIENT	9	0.10382179990464901	-0.15068724296220964	0.3583308427715077	0.3743971874753245	0.9899399288667535	0.0	-0.15715702784853464	0.36480062765783267	0.5555555555555556	5	4	0	0	5	0.10645903432329352	0.3871960738435641	0.9868213417628564	0.0	0.6	1	0	0.24036073666697477	0.37078930249234815	0.9996325270282626	1			0
PRIMARY	s__Mediterraneibacter_massiliensis	OTHER_OR_INSUFFICIENT	6	-0.057788930273964076	-0.4116467062716318	0.2960688457237036	0.6920566445457357	0.9899399288667535	2.464182017021105	-0.4399851621516289	0.32440730160370074	0.5	3	3	0	0	3	-0.045127689351344216	0.7637264693080646	0.9868213417628564	0.0	0.6666666666666666	1	0	-0.037310823027537854	0.9098460653865413	0.9996325270282626	1			0
PRIMARY	s__Merdimonas_faecis	OTHER_OR_INSUFFICIENT	5	0.014469339510348447	-0.48681428908228086	0.5157529681029778	0.9399746045837393	0.9899399288667535	27.71663376629186	-0.7339371719744562	0.7628758509951531	0.6	3	2	0	1							0	0	0.36057658515628865	0.38172893683654974	0.9996325270282626	1			0
PRIMARY	s__Methanobrevibacter_smithii	OTHER_OR_INSUFFICIENT	8	-0.006727017217267947	-0.3017401701549532	0.28828613572041734	0.958506127710041	0.9906947663271691	0.0	-0.4406220287249624	0.42716799429042657	0.625	5	3	0	0	4	-0.015999452303585165	0.910941003695408	0.9868213417628564	9.207253499783105	0.75	1	0	-0.02246011746942729	0.9389400856321279	0.9996325270282626	1			0
PRIMARY	s__Methylobacterium_SGB15164	OTHER_OR_INSUFFICIENT	9	0.11221675924598237	-0.17743212656513255	0.4018656450570973	0.3977214435808483	0.9899399288667535	2.4879654603713153	-0.3741659913216795	0.5985995098136442	0.5555555555555556	5	4	1	0	5	0.11459430803137781	0.5191099926931857	0.9868213417628564	42.24172960137165	0.6	1	0	0.32465549881898453	0.25276175082031976	0.9996325270282626	1			0
PRIMARY	s__Mogibacterium_diversum	OTHER_OR_INSUFFICIENT	6	-0.07003789957725433	-0.4223886654793761	0.28231286632486746	0.6311316479648211	0.9899399288667535	1.413500668231116	-0.46705504929359787	0.32697925013908924	0.5	3	3	0	1	3	-0.11518113578314519	0.6973341341543029	0.9868213417628564	58.38354514765438	0.6666666666666666	1	0	0.06070051883014023	0.8707344954746216	0.9996325270282626	0			0
PRIMARY	s__Mogibacterium_kristiansenii	OTHER_OR_INSUFFICIENT	4	-0.01635887626463697	-1.0259678547544033	0.9932501022251294	0.9621161292697722	0.9907292483558621	61.9316849617771	-2.5560219600599905	2.523304207530716	0.75	1	3	0	1							0	0	0.0735070584073812	0.9042328559809848	0.9996325270282626	0	0.5072782435078791	Lee_Manchester	1
PRIMARY	s__Mogibacterium_sp_BX12	OTHER_OR_INSUFFICIENT	7	0.006711106695584296	-0.2782486212698998	0.29167083466106836	0.95591667869389	0.9899399288667535	0.0	-0.29265084274423103	0.3060730561353996	0.5714285714285714	4	3	0	0	4	0.034161687283524936	0.7836767596795882	0.9868213417628564	0.0	0.75	1	0	0.10383617824366798	0.7049200070641058	0.9996325270282626	1			0
PRIMARY	s__Mogibacterium_sp_NSJ_24	OTHER_OR_INSUFFICIENT	4	-0.05238972641608688	-0.5332232266305335	0.4284437737983597	0.7516784069904223	0.9899399288667535	0.0	-0.7024744024108304	0.5976949495786567	0.5	2	2	0	0							0	0	-0.03537680012682835	0.932282352225337	0.9996325270282626	1			0
PRIMARY	s__Monoglobus_pectinilyticus	OTHER_OR_INSUFFICIENT	8	-0.05076235077308424	-0.31629326415816567	0.2147685626119972	0.6649063036528768	0.9899399288667535	0.0	-0.32553359173256424	0.22400889018639578	0.625	3	5	0	0	5	-0.03905917306728221	0.7634372017099903	0.9868213417628564	17.786814694813717	0.6	1	0	-0.05536961061685472	0.8451847520464457	0.9996325270282626	1			0
PRIMARY	s__Neglectibacter_timonensis	OTHER_OR_INSUFFICIENT	6	0.015091198285161348	-0.3909063365527742	0.4210887331230969	0.9275891542723225	0.9899399288667535	26.048705705724146	-0.7280523846773309	0.7582347812476536	0.6666666666666666	2	4	1	0	5	-0.021785259890408075	0.8634503814364403	0.9868213417628564	0.0	0.6	0	0	-0.17398902789483606	0.6305153048023141	0.9996325270282626	0			0
PRIMARY	s__Neobittarella_massiliensis	OTHER_OR_INSUFFICIENT	4	-0.10667293620539788	-0.8006488291677385	0.5873029567569428	0.6582460711178625	0.9899399288667535	34.47742192358034	-1.5805584692646868	1.3672125968538908	0.5	2	2	0	0	3	-0.01823963530894563	0.9022248702213993	0.9868213417628564	0.0	0.6666666666666666	1	0	-0.031609148037477226	0.9400924147145234	0.9996325270282626	1			0
PRIMARY	s__Odoribacter_splanchnicus	OTHER_OR_INSUFFICIENT	9	0.06260493301595846	-0.19139877719508472	0.31660864322700166	0.5853821138167836	0.9899399288667535	0.0	-0.1978557162242505	0.32306558225616744	0.5555555555555556	4	5	0	0	5	0.03637443233422168	0.7570580011038	0.9868213417628564	0.0	0.6	1	0	0.2905931811789279	0.29351390503256986	0.9996325270282626	1			0
PRIMARY	s__Oscillibacter_SGB15077	OTHER_OR_INSUFFICIENT	3	0.11210142406406988	-0.7212825744492974	0.9454854225774372	0.6212420879730011	0.9899399288667535	0.0	-2.3489727970645107	2.573175645192651	0.6666666666666666	1	2	0	0							0	0	-0.20482968157812628	0.6789538215757042	0.9996325270282626	0			0
PRIMARY	s__Oscillibacter_sp_ER4	OTHER_OR_INSUFFICIENT	9	-0.012362163860038983	-0.3957781091777065	0.3710537814576286	0.9425569344971951	0.9899399288667535	45.11928717007985	-0.7434180207302417	0.7186936930101637	0.5555555555555556	4	5	0	1	5	0.027463782779466123	0.8792446643140015	0.9868213417628564	42.18770641045579	0.6	0	0	0.045349034521599337	0.8877524396538493	0.9996325270282626	0			0
PRIMARY	s__Oscillibacter_sp_NSJ_62	OTHER_OR_INSUFFICIENT	4	-0.10139912296238433	-0.5811772385218006	0.3783789925970319	0.5493749873560959	0.9899399288667535	0.0	-0.7500569237589905	0.5472586778342219	1.0	0	4	0	0	3	-0.10797144846805698	0.4970335042808338	0.9868213417628564	0.0	1.0	1	0	-0.2705324036519994	0.5049115932566901	0.9996325270282626	1	0.6294733216701416	Lee_PRIMM_UK	0
PRIMARY	s__Oscillibacter_sp_PC13	OTHER_OR_INSUFFICIENT	7	0.047028074482215736	-0.2603319384521202	0.3543880874165517	0.7209867277484595	0.9899399288667535	0.0	-0.2758662982279704	0.36992244719240186	0.5714285714285714	4	3	0	0	4	0.034452877377597085	0.7820386180538585	0.9868213417628564	0.0	0.75	1	0	0.2903615252702889	0.4428799839096443	0.9996325270282626	1			0
PRIMARY	s__Oscillibacter_valericigenes	OTHER_OR_INSUFFICIENT	7	-0.0248839732794858	-0.31089435675544397	0.2611264101964724	0.8384612853287111	0.9899399288667535	0.0	-0.32534967969461037	0.2755817331356387	0.5714285714285714	4	3	0	0	5	-0.034819385184415276	0.7668793393728373	0.9868213417628564	0.0	0.6	1	0	-0.06435075298535488	0.8454351056528066	0.9996325270282626	1			0
PRIMARY	s__Parabacteroides_distasonis	OTHER_OR_INSUFFICIENT	9	0.09426383829222487	-0.17688342132095794	0.3654110979054077	0.4458960749261663	0.9899399288667535	0.0	-0.2839928694286765	0.4725205460131262	0.5555555555555556	5	4	1	0	5	0.0934381579489542	0.5713327895453546	0.9868213417628564	32.01512567642698	0.6	1	0	0.20536107919274973	0.718473627980804	0.9996325270282626	1			0
PRIMARY	s__Parabacteroides_goldsteinii	CONSISTENT_NONSIGNIFICANT	8	-0.05883316237753627	-0.3265296487038656	0.20886332394879303	0.6193059508242872	0.9899399288667535	0.0	-0.3358453369250931	0.21817901217002056	0.75	2	6	0	0	5	-0.10402169759519136	0.3969408847238256	0.9868213417628564	0.0	0.8	1	0	-0.0967450937932848	0.7315441175849845	0.9996325270282626	1	0.2471581658005753	Lee_PRIMM_UK	0
PRIMARY	s__Parabacteroides_johnsonii	OTHER_OR_INSUFFICIENT	5	-0.07785951967034564	-0.4501557146927946	0.29443667535210327	0.5926202316262132	0.9899399288667535	0.0	-0.5045968068602816	0.3488777675195904	0.6	2	3	0	0	4	-0.17309056892894017	0.33943736602742236	0.9868213417628564	0.0	0.75	1	0	-0.09434988835015315	0.8364410139703092	0.9996325270282626	1			0
PRIMARY	s__Parabacteroides_merdae	CONSISTENT_NONSIGNIFICANT	9	0.2558964548723134	-0.022063029537789824	0.5338559392824166	0.06651748299289452	0.9899399288667535	14.759241385215137	-0.04063803794218118	0.5524309476868079	0.7777777777777778	7	2	0	0	5	0.2341958324945652	0.1679637633766439	0.9868213417628564	37.193103701044286	0.8	1	0	0.5912824441310747	0.17104070294984422	0.9996325270282626	1	0.1992218742738403	Gopalakrishnan_US	0
PRIMARY	s__Paraprevotella_clara	OTHER_OR_INSUFFICIENT	9	-0.09121254140445768	-0.3562917468820698	0.1738666640731545	0.45038652299154575	0.9899399288667535	7.39584196718662	-0.3630302321986144	0.18060514938969907	0.5555555555555556	4	5	0	0	5	-0.09111017551581904	0.4675219481022972	0.9868213417628564	6.358221768737264	0.6	1	0	-0.031197622367585557	0.9008854674833817	0.9996325270282626	1			0
PRIMARY	s__Parasutterella_SGB9260	OTHER_OR_INSUFFICIENT	4	0.10327744089453603	-0.401528469909725	0.6080833516987971	0.5614118318854299	0.9899399288667535	0.0	-0.5792178233228626	0.7857727051119348	0.5	2	2	0	0	3	0.15446106358066855	0.4472705136399089	0.9868213417628564	0.0	0.6666666666666666	1	0	0.3254272720018461	0.475155257560325	0.9996325270282626	1			0
PRIMARY	s__Parasutterella_excrementihominis	OTHER_OR_INSUFFICIENT	8	-0.06698295204972286	-0.35097426942448273	0.21700836532503698	0.5944096052060227	0.9899399288667535	0.0	-0.3608570086227569	0.22689110452331113	0.5	4	4	0	0	5	-0.05554097387314795	0.638890294137146	0.9868213417628564	0.0	0.6	1	0	-0.02372917117617126	0.9265883163623891	0.9996325270282626	1			0
PRIMARY	s__Phascolarctobacterium_SGB4573	DOMAIN_SPECIFIC	5	-0.10690534014692896	-0.7058880042307559	0.49207732393689796	0.6462116055381667	0.9899399288667535	56.60269037705143	-1.410472979938841	1.1966622996449832	0.6	3	2	0	1	5	0.017335056607538476	0.912791588172715	0.9868213417628564	37.9230188007149	0.6	0	0	-0.19398456381433396	0.7013344790202946	0.9996325270282626	1	0.45159470533439017	Gopalakrishnan_US	1
PRIMARY	s__Phascolarctobacterium_faecium	OTHER_OR_INSUFFICIENT	8	0.12105904073388933	-0.16355470419598928	0.40567278566376797	0.34801487428620426	0.9899399288667535	0.0	-0.1734591035290276	0.4155771849968063	0.5	4	4	0	0	5	0.14187667947956037	0.3660507785104455	0.9868213417628564	21.61402497622546	0.8	1	0	0.2773585948132285	0.33511722614869244	0.9996325270282626	1			0
PRIMARY	s__Phascolarctobacterium_succinatutens	OTHER_OR_INSUFFICIENT	6	0.162376837062699	-0.2150074515199678	0.5397611256453658	0.31906411602465834	0.9899399288667535	19.538803538742204	-0.4717767441657271	0.7965304182911251	0.6666666666666666	4	2	0	0	3	0.06684874658348552	0.7683307376011732	0.9868213417628564	56.09920848624521	0.6666666666666666	1	0	0.4797912508171719	0.23051331591189353	0.9996325270282626	1			0
PRIMARY	s__Phocaeicola_dorei	OTHER_OR_INSUFFICIENT	9	0.007435868225730702	-0.24704002472243383	0.26191176117389525	0.9479310698827823	0.9899399288667535	0.0	-0.25350896696461367	0.2683807034160751	0.5555555555555556	5	4	0	0	5	-0.014883338842132235	0.8985401054000839	0.9868213417628564	0.0	0.6	0	0	0.1633938441228634	0.5548767650814448	0.9996325270282626	1			0
PRIMARY	s__Phocaeicola_massiliensis	OTHER_OR_INSUFFICIENT	9	-0.06984693872927857	-0.32451793026796005	0.18482405280940295	0.5447391243610363	0.9899399288667535	0.0	-0.33099183199339327	0.19129795453483617	0.6666666666666666	3	6	0	0	5	-0.07025190780345067	0.599257892867079	0.9868213417628564	20.42842414460249	0.6	1	0	-0.21690463034210877	0.43442533720519855	0.9996325270282626	1			0
PRIMARY	s__Phocaeicola_plebeius	OTHER_OR_INSUFFICIENT	5	0.09572474371225978	-0.32908100299806564	0.5205304904225851	0.5654771598987929	0.9899399288667535	24.41482793611898	-0.3912005976287981	0.5826500850533177	0.6	3	2	0	0	3	0.05427565142972388	0.774083193660822	0.9868213417628564	36.33556639902002	0.6666666666666666	1	0	0.08536452818619536	0.8685017733623195	0.9996325270282626	1			0
PRIMARY	s__Phocaeicola_vulgatus	OTHER_OR_INSUFFICIENT	9	0.16516785799180425	-0.13262972873375725	0.4629654447173658	0.23675297952822838	0.9899399288667535	26.257740461083333	-0.14019993643238446	0.47053565241599293	0.6666666666666666	6	3	0	0	5	0.18254499198639526	0.26723526917264684	0.9868213417628564	13.735000572764228	0.8	1	0	0.8642176808356314	0.2155859391695994	0.9996325270282626	1			0
PRIMARY	s__Phocea_massiliensis	OTHER_OR_INSUFFICIENT	9	0.05912731630522835	-0.19478538327006886	0.31304001588052555	0.6058847087470786	0.9899399288667535	0.0	-0.20124000872913791	0.3194946413395946	0.5555555555555556	5	4	0	0	5	0.0514849759919598	0.6635974217772438	0.9868213417628564	0.0	0.6	1	0	0.18375699976306092	0.4731563284872499	0.9996325270282626	1			0
PRIMARY	s__Prevotella_copri_clade_A	OTHER_OR_INSUFFICIENT	8	-0.05461757705918795	-0.32032851389366174	0.21109335977528582	0.6417742677532875	0.9899399288667535	0.0	-0.32957510622726105	0.22033995210888513	0.625	5	3	0	0	5	-0.04967204987985972	0.6743891874193646	0.9868213417628564	0.0	0.6	1	0	0.0364893804196955	0.8864905407675215	0.9996325270282626	0			0
PRIMARY	s__Pseudoflavonifractor_capillosus	OTHER_OR_INSUFFICIENT	6	0.11180352053690848	-0.21848644970219802	0.442093490776015	0.42401845247498243	0.9899399288667535	0.0	-0.24493749418400215	0.46854453525781914	0.5	3	3	0	0	5	0.045164186523522665	0.701504165519602	0.9868213417628564	0.0	0.6	1	0	0.09154154609348693	0.7608550600695532	0.9996325270282626	1			0
PRIMARY	s__Pseudoflavonifractor_gallinarum	CONSISTENT_NONSIGNIFICANT	5	-0.12544049021529857	-0.609127544685852	0.35824656425525475	0.5113241988848101	0.9899399288667535	23.980853989178897	-0.9547382242910373	0.7038572438604401	0.8	1	4	0	0	4	-0.13330656589762072	0.5849700588193456	0.9868213417628564	42.95738920738391	0.75	1	0	-0.5650576972344414	0.32109430019695917	0.9996325270282626	1	0.2931734444929653	Frankel_US	0
PRIMARY	s__Pseudoflavonifractor_sp_An184	OTHER_OR_INSUFFICIENT	4	-0.07549487856583677	-0.7186706409210306	0.567680883789357	0.7335749856742171	0.9899399288667535	45.33323200253297	-0.9450655439547593	0.7940757868230857	0.75	1	3	1	0	3	-0.05772868454656279	0.7195712260115976	0.9868213417628564	7.14797554068292	0.6666666666666666	1	0	-0.353469088108657	0.4299863033504345	0.9996325270282626	1	0.6366417016000349	Spencer_US	1
PRIMARY	s__Pseudoruminococcus_massiliensis	OTHER_OR_INSUFFICIENT	3	0.00674431430178636	-0.8023768497059486	0.8158654783095213	0.9746483674726791	0.9925937920540963	0.0	-2.382679099642621	2.3961677282461933	0.6666666666666666	1	2	0	0							0	0	-0.15570549063375852	0.7006418291767583	0.9996325270282626	0			0
PRIMARY	s__Raoultibacter_massiliensis	OTHER_OR_INSUFFICIENT	4	0.06839111109782701	-0.4260923534187889	0.562874575614443	0.6896048980537901	0.9899399288667535	0.0	-0.6001482535433703	0.7369304757390244	0.75	3	1	0	0							0	0	0.47566097970022364	0.3280525671048477	0.9996325270282626	1	0.35482941319076505	Lee_PRIMM_NL	0
PRIMARY	s__Raoultibacter_timonensis	OTHER_OR_INSUFFICIENT	3	0.10756345348919819	-0.702787689761976	0.9179145967403723	0.6255392969649255	0.9899399288667535	0.0	-2.2854922238685385	2.5006191308469345	0.6666666666666666	2	1	0	0							0	0	0.31064628458258786	0.5964296445356841	0.9996325270282626	1			0
PRIMARY	s__Rheinheimera_SGB14999	OTHER_OR_INSUFFICIENT	9	-0.0438316540939053	-0.3186519319849722	0.2309886237971616	0.7225707151358713	0.9899399288667535	13.826645245478817	-0.32563804160708953	0.2379747334192789	0.5555555555555556	4	5	0	1	5	-0.06692956042487379	0.5751692596862154	0.9868213417628564	0.0	0.6	1	0	-0.006128671903688957	0.9806231154781427	0.9996325270282626	1			0
PRIMARY	s__Romboutsia_timonensis	OTHER_OR_INSUFFICIENT	9	0.12387895169934794	-0.25167743048181435	0.4994353338805102	0.4686923374900202	0.9899399288667535	48.13972461947289	-0.7564436230318431	1.004201526430539	0.5555555555555556	4	5	1	0	5	0.010576343888824625	0.958114952898881	0.9902921360018845	62.14248148639926	0.8	1	0	0.17290275892799864	0.6403413673973946	0.9996325270282626	1			0
PRIMARY	s__Roseburia_faecis	CONSISTENT_NONSIGNIFICANT	9	0.2291352391402861	-0.026266708597058208	0.4845371868776304	0.07235893026076957	0.9899399288667535	0.0	-0.03275919186316606	0.4910296701437383	0.7777777777777778	7	2	0	0	5	0.21714192612350056	0.11949857791051786	0.9868213417628564	0.0	1.0	1	0	0.6835914923606307	0.028929239696792286	0.9996325270282626	1	0.347132816518297	Spencer_US	0
PRIMARY	s__Roseburia_hominis	CONSISTENT_NONSIGNIFICANT	9	0.18514447717776225	-0.06919739728995147	0.439486351645476	0.13174244315300676	0.9899399288667535	0.0	-0.07566293265179039	0.4459518870073149	0.7777777777777778	7	2	0	0	5	0.18954867290372518	0.1596901912068114	0.9868213417628564	0.0	0.8	1	0	0.5534274836840015	0.07253442627498652	0.9996325270282626	1	0.21742819862951598	Matson_US	0
PRIMARY	s__Roseburia_intestinalis	OTHER_OR_INSUFFICIENT	9	-0.04899203726130414	-0.3032530328008738	0.20526895827826552	0.6685780046703821	0.9899399288667535	0.0	-0.30971651219328555	0.2117324376706773	0.5555555555555556	4	5	0	0	5	-0.050962755974870516	0.6667537193366868	0.9868213417628564	0.0	0.6	1	0	-0.07378470857127717	0.7851742425159954	0.9996325270282626	1			0
PRIMARY	s__Roseburia_inulinivorans	OTHER_OR_INSUFFICIENT	9	0.02726570135168075	-0.22719469572552362	0.28172609842888513	0.8110608732944881	0.9899399288667535	0.0	-0.23366324400369878	0.2881946467070603	0.5555555555555556	5	4	0	0	5	0.005334108808951799	0.9687468372023446	0.9902921360018845	4.774803217551377	0.6	1	0	0.47361537985428936	0.12664888438164135	0.9996325270282626	1			0
PRIMARY	s__Roseburia_sp_AF02_12	STRONG_DIRECTION_REVERSAL	9	-0.023500002470629895	-0.5294701696158799	0.4824701646746201	0.9173442150832478	0.9899399288667535	63.55374262833453	-1.280978186886996	1.233978181945736	0.5555555555555556	4	5	1	1	5	0.14588585140869537	0.5127496947131422	0.9868213417628564	65.67978471099016	0.6	0	0	-0.005677012165635482	0.9887341008184424	0.9996325270282626	1	0.3492542275783286	Lee_Leeds	1
PRIMARY	s__Roseburia_sp_AM16_25	OTHER_OR_INSUFFICIENT	7	0.10051027919485361	-0.22349501327860166	0.4245155716683089	0.4765675747839627	0.9899399288667535	18.427580212822413	-0.3743000875543904	0.5753206459440976	0.7142857142857143	5	2	1	0	4	0.16957397207649536	0.4883127104998856	0.9868213417628564	60.34074188859086	0.75	1	0	0.26716109741715593	0.4530761765688414	0.9996325270282626	1			0
PRIMARY	s__Roseburia_sp_BX1005	OTHER_OR_INSUFFICIENT	4	0.0024469295458173458	-0.520949744731485	0.5258436038231198	0.9890634656932956	0.9930462049980862	0.0	-0.7051829613317266	0.7100768204233614	0.5	2	2	0	0	4	-0.033223691167657395	0.8072746273157927	0.9868213417628564	0.0	0.5	0	0	-0.12732193864983704	0.7495548161698261	0.9996325270282626	0			0
PRIMARY	s__Rothia_mucilaginosa	CONSISTENT_NONSIGNIFICANT	7	-0.11665621826752363	-0.40244621347271103	0.16913377693766374	0.356452865290519	0.9899399288667535	0.0	-0.4168903976908331	0.18357796115578578	0.8571428571428571	1	6	0	0	4	-0.0921104182896849	0.4780432546626954	0.9868213417628564	0.0	1.0	1	0	-0.26247630535150906	0.4111603641895596	0.9996325270282626	1	0.27749842340533665	Lee_Manchester	0
PRIMARY	s__Ruminococcus_SGB4421	CONSISTENT_NONSIGNIFICANT	6	0.07021472225936155	-0.3177559209340306	0.4581853654527537	0.6613305090167995	0.9899399288667535	0.0	-0.3488262821700142	0.4892557266887373	0.8333333333333334	5	1	0	0	4	0.12828909964269988	0.38073401522461153	0.9868213417628564	0.0	0.75	1	0	0.2055308326237975	0.5702853864377536	0.9996325270282626	1	0.41831280938283455	Gopalakrishnan_US	0
PRIMARY	s__Ruminococcus_bicirculans	OTHER_OR_INSUFFICIENT	9	0.07689631367257656	-0.19078328531820182	0.3445759126633549	0.5263056994206816	0.9899399288667535	9.238240672652498	-0.19758787423764146	0.35138050158279455	0.6666666666666666	6	3	0	0	5	0.06768727967093476	0.5894987760445909	0.9868213417628564	9.545160441255272	0.6	1	0	0.1346598275746179	0.6355728780070098	0.9996325270282626	1			0
PRIMARY	s__Ruminococcus_bromii	OTHER_OR_INSUFFICIENT	9	0.012612433530842147	-0.25623444210967666	0.2814593091713609	0.9165156061419554	0.9899399288667535	8.487201307220534	-0.3228621466431195	0.34808701370480377	0.5555555555555556	4	5	0	0	5	0.046993020863434716	0.7474563011896351	0.9868213417628564	2.146955487822919	0.6	1	0	0.18228992955082426	0.6224892954870486	0.9996325270282626	1			0
PRIMARY	s__Ruminococcus_callidus	OTHER_OR_INSUFFICIENT	5	0.09208758188791821	-0.3189013821575674	0.5030765459334039	0.5675809518833479	0.9899399288667535	0.0	-0.3790005405041638	0.5631757042800003	0.6	3	2	0	0							0	0	0.2583263612917839	0.47653465583242827	0.9996325270282626	1			0
PRIMARY	s__Ruminococcus_gnavus	OTHER_OR_INSUFFICIENT	9	-0.07095027603498898	-0.35933707552945554	0.21743652345947756	0.586050663561966	0.9899399288667535	21.621507773413988	-0.3666680548534589	0.2247675027834809	0.5555555555555556	4	5	0	0	5	-0.06100898119766711	0.6080819370865714	0.9868213417628564	0.0	0.8	1	0	-0.11273993026807819	0.6722229307694644	0.9996325270282626	1			0
PRIMARY	s__Ruminococcus_lactaris	OTHER_OR_INSUFFICIENT	9	-0.07508204300454963	-0.41223091955059965	0.2620668335415004	0.6214521407102863	0.9899399288667535	35.55901905221352	-0.5997988456086967	0.44963475959959737	0.5555555555555556	4	5	0	1	5	-0.04426871266446792	0.7074460518603474	0.9868213417628564	0.0	0.6	1	0	0.0065810096546441085	0.9839982380568504	0.9996325270282626	0			0
PRIMARY	s__Ruminococcus_sp_AF46_10NS	OTHER_OR_INSUFFICIENT	4	0.09940164767386331	-0.3958260748682553	0.594629370215982	0.5683936578283431	0.9899399288667535	0.0	-0.5701439504070572	0.7689472457547838	1.0	4	0	0	0							0	0	0.3053353753916936	0.5482231930674306	0.9996325270282626	1	0.8497373986396138	Lee_Manchester	0
PRIMARY	s__Ruminococcus_sp_BSD2780120874_150323_B10	OTHER_OR_INSUFFICIENT	6	0.05988270040804887	-0.29293769469025505	0.4127030955063528	0.6808192068627689	0.9899399288667535	0.0	-0.32119307259506064	0.4409584734111584	0.5	3	3	0	0	3	0.04948439042627885	0.7423719463933287	0.9868213417628564	0.0	0.6666666666666666	1	0	0.08997957162680253	0.7572933957250039	0.9996325270282626	1			0
PRIMARY	s__Ruminococcus_sp_NSJ_13	OTHER_OR_INSUFFICIENT	5	0.06713463580161488	-0.4322023264593288	0.5664715980625585	0.7278760162488239	0.9899399288667535	31.50213253930693	-0.5052206643259298	0.6394899359291597	0.6	3	2	0	1							0	0	0.02023216213744938	0.9742720610417687	0.9996325270282626	1			0
PRIMARY	s__Ruminococcus_torques	OTHER_OR_INSUFFICIENT	9	0.1195641650009661	-0.13425087038055794	0.3733792003824902	0.3089970828326566	0.9899399288667535	0.0	-0.14070301317724154	0.3798313431791738	0.6666666666666666	6	3	0	0	5	0.11549041001597005	0.3517958989897442	0.9868213417628564	0.0	0.6	1	0	0.7476355176779645	0.22788297917908992	0.9996325270282626	1			0
PRIMARY	s__Ruthenibacterium_lactatiformans	OTHER_OR_INSUFFICIENT	9	0.028766027065907963	-0.225139091177313	0.28267114530912896	0.8004940404696592	0.9899399288667535	0.0	-0.23159352392271365	0.2891255780545296	0.5555555555555556	5	4	0	0	5	0.04320613424636627	0.7138118064132539	0.9868213417628564	0.0	0.6	1	0				0			0
PRIMARY	s__Sanguibacter_SGB15121	OTHER_OR_INSUFFICIENT	6	0.048842004699036184	-0.26097814235854644	0.35866215175661875	0.7020560791565085	0.9899399288667535	0.0	-0.2857898753887057	0.38347388478677813	0.6666666666666666	4	2	0	0	5	0.07412296152214692	0.5367137102299748	0.9868213417628564	0.0	0.6	1	0	0.21475325620261923	0.545553242235349	0.9996325270282626	1			0
PRIMARY	s__Scardovia_wiggsiae	OTHER_OR_INSUFFICIENT	4	-0.31626741251489826	-0.8156363714524277	0.18310154642263116	0.13724470399851715	0.9899399288667535	0.0	-0.9914119431399944	0.3588771181101979	1.0	0	4	0	0							0	0	-0.6902860546688719	0.17513539672126957	0.9996325270282626	1	0.4923649918499772	Lee_PRIMM_NL	0
PRIMARY	s__Sellimonas_intestinalis	OTHER_OR_INSUFFICIENT	8	-0.09008191770189006	-0.39734199436150225	0.21717815895772213	0.5104890724246255	0.9899399288667535	24.704133682389955	-0.40803447340077637	0.22787063799699625	0.625	3	5	0	1	5	-0.0824657988062254	0.494224313084118	0.9868213417628564	0.0	0.8	1	0	-0.2026681298968893	0.46784532671281437	0.9996325270282626	1			0
PRIMARY	s__Senegalimassilia_anaerobia	OTHER_OR_INSUFFICIENT	6	0.016937019535701887	-0.3322485198438271	0.3661225589152308	0.9056311568263868	0.9899399288667535	0.0	-0.3602128029410298	0.39408684201243355	0.6666666666666666	2	4	0	0	3	0.06892188604154444	0.6518907220651224	0.9868213417628564	0.0	0.6666666666666666	1	0	0.004452281198049136	0.9883394513845273	0.9996325270282626	1			0
PRIMARY	s__Slackia_isoflavoniconvertens	OTHER_OR_INSUFFICIENT	8	0.07863845602473167	-0.19279573600438543	0.3500726480538488	0.5153387385264224	0.9899399288667535	0.0	-0.2022414942955314	0.35951840634499477	0.625	5	3	0	0	4	0.08025722539342695	0.5995857634041434	0.9868213417628564	30.647939008062686	0.75	1	0	0.16768260862235201	0.5754184985017227	0.9996325270282626	1			0
PRIMARY	s__Solibaculum_mannosilyticum	OTHER_OR_INSUFFICIENT	6	0.1068476472580704	-0.24130131469903926	0.45499660921518004	0.4659043730966808	0.9899399288667535	0.0	-0.2691825841608736	0.48287787867701437	0.6666666666666666	4	2	0	0	3	0.08079795640703592	0.6010191177286445	0.9868213417628564	0.0	0.6666666666666666	1	0	0.03561975634766522	0.9112635330324209	0.9996325270282626	1			0
PRIMARY	s__Solobacterium_SGB6829	OTHER_OR_INSUFFICIENT	4	0.0483002637503628	-0.8307674132001189	0.9273679407008445	0.8723255993167345	0.9899399288667535	50.82732557634141	-1.9095347013078412	2.0061352288085668	0.5	2	2	0	0							0	0	-0.029080367581711966	0.9454665338686523	0.9996325270282626	0	0.49821655573693857	Frankel_US	1
PRIMARY	s__Streptococcus_SGB14888	CONSISTENT_NONSIGNIFICANT	6	-0.3176806479609405	-0.650886840479425	0.015525544557544124	0.057878927072543065	0.9899399288667535	0.0	-0.6775714286140155	0.04221013269213464	0.8333333333333334	1	5	0	0	4	-0.3571320402337102	0.062422843008649406	0.9868213417628564	12.74994637679446	0.75	1	1	-0.7633133220743239	0.046977923935737964	0.9996325270282626	1	0.2331409868363376	Frankel_US	0
PRIMARY	s__Streptococcus_anginosus	OTHER_OR_INSUFFICIENT	6	0.061125251855483294	-0.36115305124592456	0.48340355495689113	0.7250718369520283	0.9899399288667535	22.661045843511847	-0.6922838072652793	0.814534310976246	0.6666666666666666	4	2	1	0	3	-0.04449541577213941	0.8622235603239194	0.9868213417628564	53.49376651750215	0.6666666666666666	0	0	0.19570122257291334	0.5392583827007256	0.9996325270282626	1			0
PRIMARY	s__Streptococcus_australis	OTHER_OR_INSUFFICIENT	6	-0.06832907790165574	-0.4174124941609443	0.28075433835763275	0.6362270346468756	0.9899399288667535	0.0	-0.4453685987479773	0.3087104429446659	0.5	3	3	0	0	3	-0.08195376510746512	0.6154521726521641	0.9868213417628564	10.702663362630654	0.6666666666666666	1	0	-0.092403077088294	0.7758647829327967	0.9996325270282626	1			0
PRIMARY	s__Streptococcus_constellatus	OTHER_OR_INSUFFICIENT	4	0.1968186725557537	-0.6417080489807415	1.035345394092249	0.5092895368075735	0.9899399288667535	48.05486851433497	-1.7088993898366351	2.1025367349481425	0.5	2	2	0	0							0	0	0.23648250298524748	0.8092239625455413	0.9996325270282626	1			0
PRIMARY	s__Streptococcus_cristatus	OTHER_OR_INSUFFICIENT	3	-0.3434722842046079	-1.1604561736154877	0.47351160520627184	0.21218920758138893	0.9899399288667535	0.0	-2.7561151873698644	2.0691706189606482	1.0	0	3	0	1							0	0	-0.7124146413841563	0.22077258592814838	0.9996325270282626	1			0
PRIMARY	s__Streptococcus_gordonii	OTHER_OR_INSUFFICIENT	7	0.011851320259716084	-0.32162964365921876	0.3453322841786509	0.9335336692023711	0.9899399288667535	4.706466020322991	-0.3747259225238562	0.3984285630432884	0.5714285714285714	4	3	0	0	3	0.012194589489696357	0.9344583003234093	0.9868213417628564	0.0	0.6666666666666666	1	0	0.1027562728861833	0.7205022568629906	0.9996325270282626	1			0
PRIMARY	s__Streptococcus_infantis	OTHER_OR_INSUFFICIENT	6	-0.11122678240198199	-0.460202024432311	0.23774845962834706	0.44988554125528984	0.9899399288667535	0.0	-0.4881494659666237	0.26569590116265973	0.6666666666666666	2	4	0	0	3	-0.09900921530780761	0.5304589639486578	0.9868213417628564	0.0	1.0	1	0	-0.2617211166684441	0.45920745844838373	0.9996325270282626	1			0
PRIMARY	s__Streptococcus_lutetiensis	OTHER_OR_INSUFFICIENT	3	0.12685030696950655	-0.6858578809079379	0.9395584948469509	0.5710362204462166	0.9899399288667535	0.0	-2.2731659813110765	2.5268665952500893	0.6666666666666666	1	2	0	0							0	0	0.12883626152453503	0.8398733227971755	0.9996325270282626	1			0
PRIMARY	s__Streptococcus_mitis	OTHER_OR_INSUFFICIENT	6	0.10851196138241383	-0.24008433020518605	0.4571082529700137	0.4599202295334768	0.9899399288667535	0.0	-0.26800142375737884	0.48502534652220647	0.5	3	3	0	0	3	0.11270645646838383	0.4811893948330939	0.9868213417628564	0.0	0.6666666666666666	1	0	0.2675274609164208	0.41273371256125374	0.9996325270282626	1			0
PRIMARY	s__Streptococcus_mutans	OTHER_OR_INSUFFICIENT	6	-0.14687370562708502	-0.5068173370883378	0.21306992583416773	0.34224807444467503	0.9899399288667535	5.235625425012287	-0.5530246392335232	0.25927722797935315	0.6666666666666666	2	4	0	0	3	-0.09821080526486642	0.7499248374149835	0.9868213417628564	56.960394006982426	0.6666666666666666	1	0	-0.22979498588212863	0.4517407167440169	0.9996325270282626	1			0
PRIMARY	s__Streptococcus_oralis	CONSISTENT_NONSIGNIFICANT	5	-0.18686618239387268	-0.5867616779505701	0.21302931316282472	0.26426134342373675	0.9899399288667535	0.0	-0.6452386318916339	0.2715062671038886	0.8	1	4	0	0	3	-0.12353158424359782	0.4460015513386657	0.9868213417628564	0.0	1.0	1	0	-0.43141595544895905	0.30675952840934784	0.9996325270282626	1	0.3824420038752095	Lee_PRIMM_NL	0
PRIMARY	s__Streptococcus_parasanguinis	OTHER_OR_INSUFFICIENT	9	-0.1485026608521612	-0.4031286886072245	0.10612336690290206	0.21553649548595372	0.9899399288667535	0.0	-0.40960144740912086	0.11259612570479846	0.5555555555555556	4	5	0	0	5	-0.12287711013400096	0.3257371454211618	0.9868213417628564	0.0	0.8	1	0	-0.31484718128226097	0.2737855759013247	0.9996325270282626	1			0
PRIMARY	s__Streptococcus_salivarius	OTHER_OR_INSUFFICIENT	9	-0.06741928210156634	-0.3213724319473193	0.18653386774418662	0.5574031033187058	0.9899399288667535	0.0	-0.3278280856988309	0.1929895214956982	0.6666666666666666	3	6	0	0	5	-0.04038419913236091	0.7311558284373646	0.9868213417628564	0.0	0.8	1	0	-0.10141400410379453	0.760928481908573	0.9996325270282626	1			0
PRIMARY	s__Streptococcus_sanguinis	OTHER_OR_INSUFFICIENT	6	-0.08897379085225807	-0.5377056959121332	0.35975811420761705	0.6319611173536301	0.9899399288667535	33.915255006248984	-0.951497562648009	0.7735499809434928	0.6666666666666666	4	2	0	1	3	-0.06896253826394827	0.7858356270168553	0.9868213417628564	45.505881019535124	0.6666666666666666	1	0	0.00528123220918378	0.9883434844754011	0.9996325270282626	0			0
PRIMARY	s__Streptococcus_thermophilus	OTHER_OR_INSUFFICIENT	9	0.12917363897764644	-0.12514836520842665	0.38349564316371954	0.27519898102049006	0.9899399288667535	0.0	-0.1316133954565541	0.389960673411847	0.5555555555555556	5	4	0	0	5	0.151047484282949	0.2414755591748071	0.9868213417628564	0.0	0.8	1	0	0.3834437654847907	0.16457604759574287	0.9996325270282626	1			0
PRIMARY	s__Streptococcus_vestibularis	OTHER_OR_INSUFFICIENT	6	-0.17948320533624873	-0.5352601495218816	0.1762937388493841	0.25131255274349784	0.9899399288667535	0.0	-0.5979814854006121	0.23901507472811467	0.6666666666666666	2	4	0	1	3	-0.16692427261660328	0.33187666659345044	0.9868213417628564	0.0	0.6666666666666666	1	0	-0.1949937536499112	0.5121339727111338	0.9996325270282626	1			0
PRIMARY	s__Sutterella_wadsworthensis	CONSISTENT_NONSIGNIFICANT	9	-0.1827921394130401	-0.4368915859792529	0.07130730715317277	0.13572504408303815	0.9899399288667535	0.0	-0.44335095869667673	0.07776667987059657	0.7777777777777778	2	7	0	0	5	-0.18528121176028145	0.1669506080926681	0.9868213417628564	0.0	0.6	1	0	-0.3711715613534925	0.1538540102020066	0.9996325270282626	1	0.27239429831606443	Lee_PRIMM_NL	0
PRIMARY	s__Turicibacter_bilis	OTHER_OR_INSUFFICIENT	5	0.1726617951043238	-0.336188864540813	0.6815124547494605	0.3994857030909224	0.9899399288667535	28.32629104437214	-0.756515004402813	1.1018385946114606	0.6	3	2	1	0							0	0	0.46863914630016573	0.23180510439182517	0.9996325270282626	1			0
PRIMARY	s__Turicibacter_sanguinis	OTHER_OR_INSUFFICIENT	6	0.07618240067099608	-0.37674083605244596	0.529105637394438	0.6834809958021842	0.9899399288667535	34.96132193016678	-0.803369999821564	0.9557348011635562	0.5	3	3	1	0	3	0.12708792294234517	0.47394220058703096	0.9868213417628564	17.996359673876015	0.6666666666666666	1	0	0.325658392909935	0.3575908046751567	0.9996325270282626	1			0
PRIMARY	s__Tyzzerella_nexilis	OTHER_OR_INSUFFICIENT	3	0.2905689417281538	-1.0422418522814174	1.623379735737725	0.44725072465975957	0.9899399288667535	54.79472986001528	-6.1047377415841835	6.685875625040491	0.6666666666666666	2	1	1	0	3	0.2905689417281538	0.44725072465975957	0.9868213417628564	54.79472986001528	0.6666666666666666	1	0	-0.1104407329777235	0.8385490333807593	0.9996325270282626	0			0
PRIMARY	s__Veillonella_atypica	CONSISTENT_NONSIGNIFICANT	6	-0.382232005002668	-0.7164524186776798	-0.0480115913276562	0.03226217566687105	0.9899399288667535	0.0	-0.74321822999727	-0.021245780008065984	0.8333333333333334	1	5	0	2	5	-0.2753506163898614	0.06688238453207633	0.9868213417628564	0.0	0.8	1	1	-0.9122867587117454	0.02839740156965986	0.9996325270282626	1	0.31511846250882797	Matson_US	0
PRIMARY	s__Veillonella_dispar	CONSISTENT_NONSIGNIFICANT	8	-0.22311085101245837	-0.5843314896574228	0.13810978763250598	0.18752426149035273	0.9899399288667535	40.09574207315955	-0.9927657787200512	0.5465440766951344	0.75	2	6	0	2	5	-0.16325475637731823	0.4186480339438909	0.9868213417628564	48.64646794089544	0.8	1	0	-0.2965112270936345	0.39332139935636845	0.9996325270282626	1	0.2668750908097383	Matson_US	0
PRIMARY	s__Veillonella_parvula	CONSISTENT_NONSIGNIFICANT	9	-0.31516403178518804	-0.6056814443063636	-0.02464661926401246	0.036847839881953254	0.9899399288667535	16.27819353390536	-0.7974926207487637	0.16716455717838763	0.8888888888888888	1	8	0	1	5	-0.28233933485684615	0.21709550645617404	0.9868213417628564	51.017297684056764	0.8	1	0	-0.5490250203968934	0.0719856796672124	0.9996325270282626	1	0.20991588278691947	Matson_US	0
PRIMARY	s__Veillonella_rogosae	OTHER_OR_INSUFFICIENT	4	-0.33729294650023395	-0.8881999639804461	0.21361407097997825	0.14649508564808422	0.9899399288667535	0.0	-1.0821166942795135	0.40753080127904556	1.0	0	4	0	0							0	0	-0.7360206417203035	0.1593595609718741	0.9996325270282626	1	0.3750654492971113	Lee_PRIMM_UK	0
PRIMARY	s__Vescimonas_SGB15087	OTHER_OR_INSUFFICIENT	6	-0.030637927052941757	-0.3569136361788499	0.29563778207296637	0.8188451614136618	0.9899399288667535	3.816462357924332	-0.46564717316167636	0.4043713190557928	0.6666666666666666	2	4	0	0	4	-0.05521813064595968	0.7340498628843093	0.9868213417628564	32.71366038742617	0.75	1	0	-0.1179917362267217	0.7871188129748092	0.9996325270282626	1			0
PRIMARY	s__Vescimonas_coprocola	OTHER_OR_INSUFFICIENT	9	-0.18515567320366333	-0.5767605577988757	0.20644921139154904	0.30732567514309583	0.9899399288667535	51.75331148577321	-1.1227362556207985	0.7524249092134719	0.6666666666666666	3	6	0	1	5	-0.13132058306685254	0.41924486521112375	0.9868213417628564	26.17528606779499	0.6	1	0	-0.23175803290581978	0.5302860382737954	0.9996325270282626	1	0.24219986310159095	Lee_PRIMM_UK	0
PRIMARY	s__Vescimonas_fastidiosa	OTHER_OR_INSUFFICIENT	4	-0.12372786951903376	-0.6187129499103449	0.37125721087227737	0.4844537627210308	0.9899399288667535	0.0	-0.7929454165091749	0.5454896774711073	0.75	1	3	0	0							0	0	-0.29709203875341683	0.5283156995781093	0.9996325270282626	1	0.5438438189696344	Lee_PRIMM_NL	0
PRIMARY	s__Victivallis_lenta	OTHER_OR_INSUFFICIENT	4	-0.011148190209437085	-0.5455411178068849	0.5232447373880106	0.9512438713905327	0.9899399288667535	0.0	-0.7336449646909061	0.7113485842720318	0.5	2	2	0	0							0	0	-0.08297469323416362	0.8693103970623831	0.9996325270282626	1			0
PRIMARY	s__Waltera_intestinalis	OTHER_OR_INSUFFICIENT	9	0.12131867998707269	-0.1641477909770941	0.40678515095123946	0.3557820918793618	0.9899399288667535	19.936896077374826	-0.1714045336588098	0.4140418936329552	0.6666666666666666	6	3	0	1	5	0.11725894754165453	0.34547327513110304	0.9868213417628564	0.0	0.8	1	0	0.490571003196669	0.07389701289878686	0.9996325270282626	1			0
PRIMARY	s__Clostridium_SGB4648	CONSISTENT_NONSIGNIFICANT	8	0.16045770571404114	-0.11650471343141863	0.4374201248595009	0.21302653216719028	0.9899399288667535	0.0	-0.12614285091022068	0.4470582623383029	0.875	7	1	0	0	4	0.13223376527845634	0.33894126231389365	0.9868213417628564	0.0	1.0	1	0	0.38358192286542553	0.2500232937376715	0.9996325270282626	1	0.3393279705473009	Gopalakrishnan_US	0
PRIMARY	s__Faecalitalea_cylindroides	OTHER_OR_INSUFFICIENT	7	-0.02259032955872012	-0.31404433130028253	0.26886367218284224	0.8558306737017699	0.9899399288667535	0.0	-0.3287747815075841	0.2835941223901438	0.7142857142857143	2	5	0	0	4	-0.05065655014874434	0.6922789662062977	0.9868213417628564	0.0	0.75	1	0	0.035129475756547714	0.9160211712914104	0.9996325270282626	0			0
PRIMARY	s__GGB3033_SGB4029	CONSISTENT_NONSIGNIFICANT	6	0.2037362864581459	-0.15512206688312968	0.5625946397994215	0.20427056479182118	0.9899399288667535	0.0	-0.1838609905385425	0.5913335634548342	0.8333333333333334	5	1	0	0	3	0.19234793188035054	0.2905116586497553	0.9868213417628564	0.0	1.0	1	0	0.4106834162805698	0.2890633533701668	0.9996325270282626	1	0.30067084286269646	Lee_Leeds	0
PRIMARY	s__GGB4599_SGB6362	OTHER_OR_INSUFFICIENT	5	-0.059693011629135935	-0.681156607914836	0.561770584656564	0.8028962805239854	0.9899399288667535	30.72794416528445	-1.0987825216277338	0.979396498369462	0.6	2	3	0	0							0	0	0.07479030727978823	0.9075293509334305	0.9996325270282626	0			0
PRIMARY	s__GGB77437_SGB9391	OTHER_OR_INSUFFICIENT	6	0.12346955986641583	-0.29170951265148215	0.5386486323843138	0.47909668008073836	0.9899399288667535	0.0	-0.4671786645969078	0.7141177843297395	0.6666666666666666	4	2	0	0							0	0	0.40588368638648803	0.3328738703068478	0.9996325270282626	1			0
PRIMARY	s__GGB9760_SGB15374	OTHER_OR_INSUFFICIENT	7	0.08633879475825308	-0.2185130032089636	0.39119059272546974	0.5142229291794467	0.9899399288667535	0.0	-0.23392059471914323	0.40659818423564936	0.5714285714285714	4	3	0	0	3	0.08747367387892213	0.5531568939884396	0.9868213417628564	0.0	0.6666666666666666	1	0	0.29971528343228665	0.3442463804140324	0.9996325270282626	1			0
PRIMARY	s__Streptococcus_SGB14137	OTHER_OR_INSUFFICIENT	3	-0.1356975333119055	-1.2131867295057897	0.9417916628819787	0.6422049978841684	0.9899399288667535	22.094679741302766	-4.109895822996689	3.838500756372878	0.6666666666666666	1	2	0	0							0	0	0.1555651928489024	0.7934945901449979	0.9996325270282626	0			0
PRIMARY	s__Enterococcus_faecium	OTHER_OR_INSUFFICIENT	4	0.1036561274136307	-0.8385720901052506	1.045884344932512	0.749397187932318	0.9899399288667535	68.1208054654848	-2.334581188879314	2.5418934437065754	0.5	2	2	1	0							0	0	0.09825269624953337	0.8932342681635441	0.9996325270282626	1	0.5026710107545033	Matson_US	1
PRIMARY	s__GGB2998_SGB3989	OTHER_OR_INSUFFICIENT	5	0.31247581998500046	-0.10230369360708985	0.7272553335770908	0.10463588538842632	0.9899399288667535	0.0	-0.1629571462498614	0.7879087862198624	0.8	4	1	0	0							0	0	0.6998908356745199	0.11597340552288163	0.9996325270282626	1	0.33569690574460104	Lee_PRIMM_UK	0
PRIMARY	s__GGB3109_SGB4643	OTHER_OR_INSUFFICIENT	5	0.022562853510860008	-0.3361926660840761	0.38131837310579614	0.8698631531104638	0.9899399288667535	0.0	-0.3886536973386526	0.43377940436037266	0.6	2	3	0	0	3	-0.004094303670154469	0.9763527532279395	0.9902921360018845	1.4638968906414842	0.6666666666666666	0	0	0.0931397321635029	0.8002715592779015	0.9996325270282626	1			0
PRIMARY	s__GGB3278_SGB4328	OTHER_OR_INSUFFICIENT	3	0.107881769297161	-1.1868009762839695	1.4025645148782915	0.7542576675781387	0.9899399288667535	67.49149493032418	-6.523032730345454	6.738796268939776	0.6666666666666666	1	2	1	0							0	0	-0.08610933054347807	0.8918194223987672	0.9996325270282626	0			0
PRIMARY	s__GGB3593_SGB4817	OTHER_OR_INSUFFICIENT	4	0.29494236823136083	-0.5162232075690179	1.1061079440317396	0.3309803814655985	0.9899399288667535	56.69434573564941	-1.65791372655862	2.2477984630213417	0.75	3	1	1	0							0	0	0.7360444198475643	0.31511308439312513	0.9996325270282626	1	0.5368825330157906	Lee_PRIMM_NL	0
PRIMARY	s__GGB4745_SGB6571	OTHER_OR_INSUFFICIENT	3	0.03916723175862659	-0.7178601825251077	0.7961946460423609	0.8445045501638249	0.9899399288667535	0.0	-2.19641763372007	2.274752097237323	1.0	3	0	0	0							0	0	0.2290241139588539	0.6472712508228479	0.9996325270282626	1			0
PRIMARY	s__GGB47687_SGB2286	OTHER_OR_INSUFFICIENT	7	0.09232454346925226	-0.20638222875140946	0.391031315689914	0.4781061252980009	0.9899399288667535	0.0	-0.22147924293295132	0.40612832987145586	0.5714285714285714	4	3	0	0	3	0.10085061040230305	0.4934145957226743	0.9868213417628564	0.0	0.6666666666666666	1	0	0.19226170585495034	0.5487776023743592	0.9996325270282626	1			0
PRIMARY	s__GGB6601_SGB9333	OTHER_OR_INSUFFICIENT	3	0.23861820891473978	-0.5815546763444777	1.0587910941739571	0.3371993474228705	0.9899399288667535	0.0	-2.1834421482405215	2.6606785660700014	1.0	3	0	0	0							0	0	0.17853214276323767	0.7561271821237444	0.9996325270282626	1			0
PRIMARY	s__GGB6612_SGB9346	OTHER_OR_INSUFFICIENT	4	-0.1056260749068802	-0.8260167033993597	0.6147645535855992	0.6725674374621478	0.9899399288667535	38.897321257574724	-1.699273174397058	1.4880210245832974	0.75	1	3	0	0							0	0	-0.5389405790350924	0.24997395763693275	0.9996325270282626	1	0.29749957426185664	Lee_PRIMM_UK	1
PRIMARY	s__GGB9634_SGB15097	OTHER_OR_INSUFFICIENT	3	0.12420900583402768	-1.8203153871234252	2.0687333987914807	0.8092296454657165	0.9899399288667535	78.7195624793429	-10.367418257834792	10.615836269502847	0.6666666666666666	1	2	1	0							0	0	0.013265852506542112	0.9871009747307272	0.9996325270282626	1			0
PRIMARY	s__Streptococcus_SGB15012	OTHER_OR_INSUFFICIENT	4	-0.0014672899567665107	-0.47582786560030066	0.4728932856867676	0.9927638329902597	0.994559065961309	0.0	-0.6428006015364576	0.6398660216229246	0.5	2	2	0	0	3	-0.048760272117400597	0.7266482897577922	0.9868213417628564	0.0	0.6666666666666666	1	0	-0.11404862999987846	0.7926425135197355	0.9996325270282626	1			0
PRIMARY	s__Alistipes_sp_AF17_16	OTHER_OR_INSUFFICIENT	6	0.1665744042079517	-0.18802204139782833	0.5211708498137317	0.28121951638910747	0.9899399288667535	9.240191100874014	-0.21641965305537528	0.5495684614712787	0.6666666666666666	4	2	0	0							0	0	0.3501120030284261	0.43568474699831045	0.9996325270282626	1			0
PRIMARY	s__Blautia_faecicola	OTHER_OR_INSUFFICIENT	3	0.14273379844740053	-0.5846602418829088	0.8701278387777098	0.4873960050440265	0.9899399288667535	0.0	-2.0053404683171165	2.2908080652119174	1.0	3	0	0	0							0	0	0.21040461522384737	0.6735428292282587	0.9996325270282626	1			0
PRIMARY	s__Staphylococcus_SGB6340	OTHER_OR_INSUFFICIENT	4	-0.09800543188194186	-0.5609794347650003	0.3649685710011167	0.5487731903723075	0.9899399288667535	2.0548094517045845	-0.7988485519468465	0.6028376881829627	0.5	2	2	0	0							0	0	-0.1059551969572294	0.8123046994666318	0.9996325270282626	1			0
PRIMARY	s__Actinomyces_SGB17132	OTHER_OR_INSUFFICIENT	3	-0.10855714148086976	-0.8694035477799076	0.652289264818168	0.6018060272114573	0.9899399288667535	0.0	-2.3554199090210157	2.138305626059276	0.6666666666666666	1	2	0	0							0	0	-0.011593772614174684	0.9821581617027685	0.9996325270282626	1			0
PRIMARY	s__Actinomyces_bouchesdurhonensis	OTHER_OR_INSUFFICIENT	3	0.21711666869063823	-0.5426046829000011	0.9768380202812774	0.3438574442521507	0.9899399288667535	0.0	-2.0264236890692273	2.460657026450504	1.0	3	0	0	0							0	0	0.4808765293552489	0.3276691475676225	0.9996325270282626	1			0
PRIMARY	s__Actinomyces_gerencseriae	OTHER_OR_INSUFFICIENT	3	-0.13094269041717002	-1.1138031395640473	0.8519177587297072	0.6243534624659655	0.9899399288667535	33.88636335024003	-4.3621920633926985	4.100306682558359	0.6666666666666666	1	2	0	0							0	0	-0.20203368100575098	0.771728050235871	0.9996325270282626	1			0
PRIMARY	s__Actinomyces_massiliensis	OTHER_OR_INSUFFICIENT	3	0.20119083076039476	-0.7205284642295798	1.1229101257503693	0.44678328925947874	0.9899399288667535	23.753589974509772	-3.5362490548443786	3.938630716365168	0.6666666666666666	2	1	1	0							0	0	0.4398467524187655	0.5292207459821634	0.9996325270282626	1			0
PRIMARY	s__Actinomyces_naeslundii	OTHER_OR_INSUFFICIENT	3	0.0330131946141166	-0.7262647071511608	0.7922910963793939	0.8688582217162084	0.9899399288667535	0.0	-2.2092176072492182	2.275243996477452	0.6666666666666666	1	2	0	0							0	0	-5.348412300645305e-05	0.9998995945261049	0.9998995945261049	0			0
PRIMARY	s__Actinomyces_sp_oral_taxon_170	OTHER_OR_INSUFFICIENT	3	0.2212710218210188	-0.5391063747751099	0.9816484184171475	0.33711620203573534	0.9899399288667535	0.0	-2.024206708685471	2.466748752327509	1.0	3	0	0	0							0	0	0.6319188874008975	0.3153986757089299	0.9996325270282626	1			0
PRIMARY	s__Anaerococcus_SGB15407	OTHER_OR_INSUFFICIENT	3	-0.08004833502594509	-1.3611535011409222	1.201056831089032	0.8132417561310357	0.9899399288667535	54.95312295332913	-6.020328070993044	5.860231400941153	0.6666666666666666	2	1	0	0							0	0	0.19738277071548913	0.8220420603967752	0.9996325270282626	0			0
PRIMARY	s__Anaerococcus_SGB4342	OTHER_OR_INSUFFICIENT	3	0.23902787771993173	-0.6530054554659227	1.131061210905786	0.36812613852333637	0.9899399288667535	0.0	-2.39524425182885	2.873300007268713	1.0	3	0	0	0							0	0	0.05965871996099377	0.906473860431506	0.9996325270282626	1			0
PRIMARY	s__Bifidobacterium_catenulatum	OTHER_OR_INSUFFICIENT	4	0.3571698207511646	-0.2675918444891234	0.9819314859914525	0.16642493933677557	0.9899399288667535	23.18264760618209	-0.8202693574258413	1.5346089989281706	0.5	2	2	1	0							0	0	0.4938100678522494	0.42695427995555607	0.9996325270282626	1	0.5600957652331536	Lee_PRIMM_UK	0
PRIMARY	s__Collinsella_SGB47280	OTHER_OR_INSUFFICIENT	3	0.07464841708171575	-1.0647776013032266	1.214074435466658	0.804523022656541	0.9899399288667535	31.983396849937634	-3.9049919468814465	4.054288781044878	0.6666666666666666	2	1	0	0							0	0	-0.12763609188966835	0.8686574274689763	0.9996325270282626	0			0
PRIMARY	s__Eubacterium_SGB4961	OTHER_OR_INSUFFICIENT	3	-0.04798855532667946	-0.806256997793201	0.7102798871398421	0.8109263218518953	0.9899399288667535	0.0	-2.2872383133370655	2.1912612026837066	0.6666666666666666	1	2	0	0							0	0	-0.12692249117510981	0.7735204796415937	0.9996325270282626	1			0
PRIMARY	s__GGB13493_SGB15238	OTHER_OR_INSUFFICIENT	4	0.17686374698782306	-0.3945947336860931	0.7483222276617392	0.39727129917188275	0.9899399288667535	10.618857415249872	-0.59574548428027	0.949472978255916	0.5	2	2	0	0							0	0	0.31073835658672455	0.5277859588568501	0.9996325270282626	1			0
PRIMARY	s__GGB1420_SGB1957	OTHER_OR_INSUFFICIENT	3	-0.3697867598869257	-1.335389322936642	0.5958158031627907	0.24116753439709074	0.9899399288667535	0.0	-3.22131688234752	2.4817433625736682	1.0	0	3	0	0							0	0	-0.5081488164779486	0.2964957641693119	0.9996325270282626	1			0
PRIMARY	s__GGB1627_SGB2230	OTHER_OR_INSUFFICIENT	3	0.08810214453052012	-0.9309961072125021	1.1072003962735424	0.7456298100329088	0.9899399288667535	40.190684645212045	-4.424721423801126	4.600925712862166	0.6666666666666666	1	2	0	0							0	0	0.38343853555551	0.6128267726868272	0.9996325270282626	1			0
PRIMARY	s__GGB1662_SGB2276	OTHER_OR_INSUFFICIENT	3	0.04760938651577554	-1.731060814881586	1.8262795879131373	0.9188323237984112	0.9899399288667535	77.68421613497358	-9.480980570900346	9.576199343931897	0.6666666666666666	1	2	1	0							0	0	0.1603903318328231	0.9169820070225744	0.9996325270282626	1			0
PRIMARY	s__GGB2958_SGB3940	OTHER_OR_INSUFFICIENT	4	0.33236945285431235	-0.47795758627455615	1.1426964919831808	0.2828677092989323	0.9899399288667535	53.01437822309417	-1.5868331766452297	2.2515720823538543	0.75	3	1	1	0							0	0	0.38894259404893805	0.5318731005565409	0.9996325270282626	1	0.5367035182395058	Lee_PRIMM_UK	0
PRIMARY	s__GGB3124_SGB4136	OTHER_OR_INSUFFICIENT	3	0.11713871832027008	-0.6427124891681744	0.8769899258087146	0.5753642428981265	0.9899399288667535	0.0	-2.1267851181159267	2.361062554756467	0.6666666666666666	1	2	0	0							0	0	0.14298863910575646	0.8187816027871602	0.9996325270282626	1			0
PRIMARY	s__GGB3321_SGB4394	DOMAIN_SPECIFIC	5	-0.49244098472446507	-1.540370299041388	0.5554883295924578	0.2619943364309986	0.9899399288667535	65.88042123295492	-2.7453862175789068	1.7605042481299764	0.8	1	4	0	1							0	0	-0.5519107602885933	0.4645736561955	0.9996325270282626	1	0.6153813290239192	Lee_Barcelona	0
PRIMARY	s__GGB3345_SGB9340	OTHER_OR_INSUFFICIENT	3	-0.07303855479624631	-1.0349594691633712	0.8888823595708786	0.7749161353907297	0.9899399288667535	0.0	-2.913696365544071	2.7676192559515784	0.6666666666666666	2	1	0	0							0	0	-0.02582158639348183	0.9659768032074295	0.9996325270282626	1			0
PRIMARY	s__GGB3588_SGB4808	OTHER_OR_INSUFFICIENT	4	0.2841036592854662	-0.24386051572859602	0.8120678342995284	0.18532181862819988	0.9899399288667535	0.0	-0.42970147137686376	0.9979087899477962	1.0	4	0	0	0							0	0	0.8551257337959041	0.12517682720127474	0.9996325270282626	1	0.3016735838074085	Lee_Leeds	0
PRIMARY	s__GGB3677_SGB4990	OTHER_OR_INSUFFICIENT	3	-0.06255312842654498	-0.842855770459648	0.7177495136065579	0.7630483971895032	0.9899399288667535	0.0	-2.3668722905006288	2.241766033647539	0.6666666666666666	1	2	0	0							0	0	-0.2807967591949674	0.5597237916449921	0.9996325270282626	1			0
PRIMARY	s__GGB41458_SGB58520	OTHER_OR_INSUFFICIENT	3	0.15682267438427136	-0.6246931212459439	0.9383384700144866	0.47892393011194867	0.9899399288667535	0.0	-2.1510790631247456	2.4647244118932887	0.6666666666666666	2	1	0	0							0	0	0.4324305098081783	0.5124554522287574	0.9996325270282626	1			0
PRIMARY	s__GGB4684_SGB6478	OTHER_OR_INSUFFICIENT	4	0.03676192812813972	-0.4909083658541883	0.5644322221104677	0.8387701203227992	0.9899399288667535	0.0	-0.6766458767878675	0.7501697330441469	0.5	2	2	0	0							0	0	0.268970433011813	0.6253839537777724	0.9996325270282626	1			0
PRIMARY	s__GGB4713_SGB6526	OTHER_OR_INSUFFICIENT	3	0.076391568811658	-0.6833564747140126	0.8361396123373286	0.7074693501069249	0.9899399288667535	0.0	-2.167227613146312	2.3200107507696277	0.6666666666666666	1	2	0	0							0	0	0.061579869980318204	0.9271546919715645	0.9996325270282626	1			0
PRIMARY	s__GGB51960_SGB72480	OTHER_OR_INSUFFICIENT	3	0.0742849381388245	-0.6851377517994711	0.8337076280771202	0.7147598167559497	0.9899399288667535	0.0	-2.1683734390463574	2.316943315324006	0.6666666666666666	1	2	0	0							0	0	0.13125578016426928	0.7900907913547297	0.9996325270282626	1			0
PRIMARY	s__GGB9189_SGB14128	OTHER_OR_INSUFFICIENT	4	0.07326846561280748	-0.45453365613767377	0.6010705873632887	0.688552885880014	0.9899399288667535	0.0	-0.6403175697994827	0.7868545010250978	0.5	2	2	0	0							0	0	0.18663857198817949	0.6510080371606354	0.9996325270282626	1			0
PRIMARY	s__GGB9261_SGB14209	OTHER_OR_INSUFFICIENT	3	0.10419410639890794	-0.7982889979207101	1.006677210718526	0.6685929830226707	0.9899399288667535	23.41011612755671	-3.4781537987736617	3.6865420115714778	0.6666666666666666	1	2	0	0							0	0	0.16590991033003608	0.8040560454514059	0.9996325270282626	1			0
PRIMARY	s__GGB9290_SGB14247	OTHER_OR_INSUFFICIENT	3	0.30047848382296893	-0.46134109421651415	1.062298061862452	0.23177777711615394	0.9899399288667535	0.0	-1.949258166429042	2.5502151340749797	1.0	3	0	0	0							0	0	1.0772421125372325	0.21143896396641224	0.9996325270282626	1			0
PRIMARY	s__GGB9302_SGB14263	OTHER_OR_INSUFFICIENT	3	0.32175858444296984	-0.5745967774272238	1.2181139463131634	0.2624719204285526	0.9899399288667535	0.0	-2.3252769692831503	2.9687941381690903	0.6666666666666666	2	1	0	0							0	0	0.7809451373556384	0.18126622963413552	0.9996325270282626	1			0
PRIMARY	s__GGB9361_SGB14336	OTHER_OR_INSUFFICIENT	3	0.06729336146433215	-0.6904083901352139	0.8249951130638783	0.7391486621346561	0.9899399288667535	0.0	-2.1702828963303546	2.304869619259019	1.0	3	0	0	0							0	0	0.2185071852111279	0.6506318523729072	0.9996325270282626	1			0
PRIMARY	s__GGB9561_SGB14972	OTHER_OR_INSUFFICIENT	3	0.08171375727687404	-0.6771053700817494	0.8405328846354975	0.6886578178831997	0.9899399288667535	0.0	-2.159162233543179	2.3225897480969273	0.6666666666666666	2	1	0	0							0	0	0.2688379144143002	0.6072315798337276	0.9996325270282626	1			0
PRIMARY	s__GGB9608_SGB15041	OTHER_OR_INSUFFICIENT	4	0.14633392466643647	-0.38171177617818763	0.6743796255110606	0.44275671001022826	0.9899399288667535	0.0	-0.5675814285440397	0.8602492778769126	0.5	2	2	0	0							0	0	0.2751581219912728	0.4817618749461937	0.9996325270282626	1			0
PRIMARY	s__GGB9618_SGB15065	OTHER_OR_INSUFFICIENT	5	-0.12844142481809584	-0.6363071446022065	0.3794242949660148	0.5212792997045913	0.9899399288667535	11.23550325700137	-0.9380760471128423	0.6811931974766506	0.8	1	4	0	0							0	0	-0.41081545231466654	0.39789106563376864	0.9996325270282626	1	0.35084583460768914	Lee_PRIMM_NL	0
PRIMARY	s__GGB9635_SGB15103	OTHER_OR_INSUFFICIENT	4	0.07819320810257256	-0.4601607223191375	0.6165471385242827	0.6753739226689315	0.9899399288667535	0.0	-0.6496588239062404	0.8060452401113856	0.5	2	2	0	0							0	0	0.3819115690676051	0.4732168138666866	0.9996325270282626	1			0
PRIMARY	s__GGB9640_SGB15115	OTHER_OR_INSUFFICIENT	4	0.09654722828835095	-0.4299785087621074	0.6230729653388093	0.6004951420749356	0.9899399288667535	0.0	-0.615313140882579	0.8084075974592809	0.5	2	2	0	0							0	0	0.23008066752985495	0.5826690938865187	0.9996325270282626	1			0
PRIMARY	s__GGB9677_SGB15180	OTHER_OR_INSUFFICIENT	5	0.2051216634430176	-0.24628792404996788	0.6565312509360031	0.2756417375335265	0.9899399288667535	0.0	-0.34201416818673946	0.7522574950727747	0.6	3	2	0	0							0	0	0.3806387425319772	0.32623788979407736	0.9996325270282626	1			0
PRIMARY	s__GGB9691_SGB15198	OTHER_OR_INSUFFICIENT	3	0.21064675574791994	-0.6306942927903423	1.051987804286182	0.394042159604494	0.9899399288667535	8.48557279415767	-2.2739255054233056	2.6952190169191454	0.6666666666666666	2	1	0	0							0	0	0.34544648352942764	0.5843904153100791	0.9996325270282626	1			0
PRIMARY	s__GGB9737_SGB15309	OTHER_OR_INSUFFICIENT	4	0.13077448333228026	-0.39628469455176807	0.6578336612163286	0.48739964329320906	0.9899399288667535	0.0	-0.5818070953939171	0.8433560620584776	0.75	3	1	0	0							0	0	0.4206102126383754	0.44159130595420565	0.9996325270282626	1	0.45729141510035304	Lee_PRIMM_UK	0
PRIMARY	s__GGB9762_SGB15377	OTHER_OR_INSUFFICIENT	3	0.027373287059286062	-0.7317090517540978	0.78645562587267	0.8909410871365337	0.9899399288667535	0.0	-2.214279996008892	2.269026570127464	0.6666666666666666	2	1	0	0							0	0	-0.19076001573768753	0.7173529669036172	0.9996325270282626	0			0
PRIMARY	s__GGB9766_SGB15383	OTHER_OR_INSUFFICIENT	4	0.13565201590557113	-0.4026735059167624	0.6739775377279047	0.48123062231926095	0.9899399288667535	0.0	-0.5921616078060228	0.8634656396171649	0.75	3	1	0	0							0	0	0.17977883754768287	0.6129016635832135	0.9996325270282626	1	0.5248646942813034	Lee_PRIMM_UK	0
PRIMARY	s__GGB9786_SGB15409	OTHER_OR_INSUFFICIENT	4	0.02796086996092866	-0.8090405480366375	0.8649622879584947	0.9220445307469756	0.9899399288667535	53.56689988562431	-1.944551351363272	2.000473091285129	0.5	2	2	0	0							0	0	0.06669883314694527	0.9233901325729736	0.9996325270282626	1	0.4651506366753668	Lee_Manchester	1
PRIMARY	s__GGB9790_SGB15413	OTHER_OR_INSUFFICIENT	4	0.1989801031740858	-0.3276096166082354	0.7255698229564069	0.31541193742182616	0.9899399288667535	0.0	-0.5129667703516502	0.9109269766998217	1.0	4	0	0	0							0	0	0.4132283612554347	0.2729231005492883	0.9996325270282626	1	0.33048618918840267	Lee_PRIMM_UK	0
PRIMARY	s__Olsenella_uli	OTHER_OR_INSUFFICIENT	3	0.11167204678896639	-0.9657471091876569	1.1890912027655898	0.6992571806323429	0.9899399288667535	46.91707284268201	-4.812245541851534	5.035589635429466	0.6666666666666666	2	1	0	0							0	0	0.20033548864657233	0.8121636928445383	0.9996325270282626	1			0
PRIMARY	s__Parascardovia_denticolens	OTHER_OR_INSUFFICIENT	3	-0.21149670801894557	-0.972736387497303	0.5497429714594118	0.35444424502819055	0.9899399288667535	0.0	-2.459520854393556	2.0365274383556646	1.0	0	3	0	0							0	0	-0.6946339458674143	0.29864700128704114	0.9996325270282626	1			0
PRIMARY	s__Paratractidigestivibacter_faecalis	OTHER_OR_INSUFFICIENT	3	-0.11136091364263172	-0.9335712946596464	0.710849467374383	0.6190087628211454	0.9899399288667535	0.0	-2.8210112683320068	2.5982894410467434	0.6666666666666666	1	2	0	0							0	0	-0.27380469917538514	0.6314271747849766	0.9996325270282626	1			0
PRIMARY	s__Propionibacterium_acidifaciens	OTHER_OR_INSUFFICIENT	3	-0.13220445473626644	-0.8919570446988782	0.6275481352263453	0.5321109252431894	0.9899399288667535	0.0	-2.375837062878328	2.111428153405795	0.6666666666666666	1	2	0	0							0	0	-0.13666956273524142	0.7774062147069198	0.9996325270282626	1			0
PRIMARY	s__Ruminococcus_sp_AF41_9	OTHER_OR_INSUFFICIENT	3	-0.02712835792728257	-0.8066510570023097	0.7523943411477446	0.8947080391364319	0.9899399288667535	0.0	-2.329144263021474	2.2748875471669083	0.6666666666666666	1	2	0	0							0	0	-0.16420809650902965	0.6823281792382602	0.9996325270282626	1			0
PRIMARY	s__Dakarella_SGB14198	OTHER_OR_INSUFFICIENT	3	-0.30894398978411386	-1.2626100474889022	0.6447220679206745	0.2980364670940756	0.9899399288667535	0.0	-3.1252243046375603	2.5073363250693324	1.0	0	3	0	0							0	0	-0.3453439821703306	0.4800213050176957	0.9996325270282626	1			0
PRIMARY	s__GGB3815_SGB5180	OTHER_OR_INSUFFICIENT	4	-0.18396418090413458	-0.800180607165992	0.4322522453577229	0.4121624467074462	0.9899399288667535	0.0	-1.017085948159921	0.6491575863516519	0.75	1	3	0	0							0	0	-0.21325871464587998	0.6594510278137776	0.9996325270282626	1	0.5310607400526823	Lee_PRIMM_NL	0
PRIMARY	s__Holdemanella_biformis	OTHER_OR_INSUFFICIENT	3	0.1748695484154622	-0.7076811603689894	1.0574202571999138	0.48372240482989554	0.9899399288667535	0.0	-2.431399352787703	2.781138449618627	1.0	3	0	0	0							0	0	-0.013558152914167851	0.9823012986743965	0.9996325270282626	0			0
S1_EXCLUDE_BCN12	s__Acidaminococcus_intestini	OTHER_OR_INSUFFICIENT	5	0.10418894885289762	-0.29915898108946937	0.5075368787952645	0.5129103749607732	0.9930527113580683	0.0	-0.35814078654664816	0.5665186842524433	0.6	3	2	0	0	4	0.08390263742582175	0.6205299324119891	0.9897946958941124	0.0	0.5	1	0	0.32445884664922	0.3916858636964291	0.9998995945261049	1			0
S1_EXCLUDE_BCN12	s__Actinobaculum_sp_oral_taxon_183	OTHER_OR_INSUFFICIENT	4	-0.018809694984412414	-0.5137745658756856	0.4761551759068608	0.9113843865419567	0.9930527113580683	0.0	-0.6879999188307551	0.6503805288619302	0.5	2	2	0	0							0	0	-0.00139545952529897	0.9972426956691874	0.9998995945261049	1			0
S1_EXCLUDE_BCN12	s__Actinomyces_SGB17154	OTHER_OR_INSUFFICIENT	6	-0.03797004636081408	-0.38665942684808574	0.3107193341264576	0.7907499448429349	0.9930527113580683	0.0	-0.41458397535295505	0.3386438826313269	0.6666666666666666	2	4	0	0	3	-0.01061085937437511	0.9551645601565819	0.9897946958941124	30.433912897210526	0.6666666666666666	1	0	-0.18479560601015402	0.5679811649594657	0.9998995945261049	1			0
S1_EXCLUDE_BCN12	s__Actinomyces_SGB17157	OTHER_OR_INSUFFICIENT	4	-0.14046929421651225	-0.6521718006242033	0.3712332121911789	0.4466221421670733	0.9930527113580683	1.0626909752246234	-0.9709094083975928	0.6899708199645683	0.75	1	3	0	0	3	-0.07002146671925862	0.64751404441967	0.9897946958941124	0.0	1.0	1	0	-0.36013983088930285	0.41690856426733597	0.9998995945261049	1	0.3969186215958598	Lee_PRIMM_NL	0
S1_EXCLUDE_BCN12	s__Actinomyces_SGB17163	OTHER_OR_INSUFFICIENT	4	0.10118496900392711	-0.39391580965918976	0.596285747667044	0.5617997690905276	0.9930527113580683	0.0	-0.5681890015159952	0.7705589395238495	0.75	3	1	0	0							0	0	0.26502335562121315	0.554630626964469	0.9998995945261049	1	0.3024833352297574	Lee_PRIMM_UK	0
S1_EXCLUDE_BCN12	s__Actinomyces_SGB17168	OTHER_OR_INSUFFICIENT	4	0.08817443854406992	-0.5553736236245057	0.7317225007126456	0.6922815063636553	0.9930527113580683	35.26243446563969	-1.0091449237575147	1.1854938008456546	0.5	2	2	1	0							0	0	0.37675520791903333	0.39747026879739983	0.9998995945261049	1			0
S1_EXCLUDE_BCN12	s__Actinomyces_dentalis	OTHER_OR_INSUFFICIENT	3	-0.3461138215489671	-1.0771623346150683	0.3849346915171341	0.17854910051783845	0.9930527113580683	0.0	-2.504980147247961	1.8127525041500272	1.0	0	3	0	0							0	0	-0.7755445760718583	0.21850656978926167	0.9998995945261049	1			0
S1_EXCLUDE_BCN12	s__Actinomyces_graevenitzii	DOMAIN_SPECIFIC	5	-0.17190534035681262	-0.8305281166827592	0.48671743596913397	0.5087724238685387	0.9930527113580683	60.19238605019629	-1.6718913926989625	1.328080711985337	0.6	2	3	0	1	3	-0.1325871848538892	0.763500857479952	0.9897946958941124	75.70595345211557	0.6666666666666666	1	0	-0.214169909422509	0.6937731804986665	0.9998995945261049	1	0.3730596860232139	Matson_US	0
S1_EXCLUDE_BCN12	s__Actinomyces_oris	OTHER_OR_INSUFFICIENT	6	-0.2861929880866042	-0.7131760117581413	0.14079003558493286	0.14550238047676814	0.9930527113580683	29.093271948715067	-1.0244133520900522	0.4520273759168437	0.6666666666666666	2	4	0	1	3	-0.16498623761725592	0.34117859055686256	0.9897946958941124	2.105981504596156	1.0	1	0	-0.28850571130463337	0.43561831053577116	0.9998995945261049	1	0.3332409410867971	Lee_PRIMM_NL	0
S1_EXCLUDE_BCN12	s__Actinomyces_sp_HMSC035G02	OTHER_OR_INSUFFICIENT	4	-0.2348226350841108	-0.7311218347532068	0.26147656458498514	0.22920439420470248	0.9930527113580683	0.0	-0.9058168652726383	0.4361715951044166	1.0	0	4	0	0							0	0	-0.4920799902098872	0.30555906270726807	0.9998995945261049	1	0.46678617592806115	Lee_PRIMM_NL	0
S1_EXCLUDE_BCN12	s__Actinomyces_sp_ICM47	OTHER_OR_INSUFFICIENT	6	0.13951007739765486	-0.20858878346685172	0.48760893826216145	0.35013545898450293	0.9930527113580683	0.0	-0.2364660406235647	0.5154861954188744	0.6666666666666666	4	2	0	0	3	0.18247055112423868	0.300107564762793	0.9897946958941124	0.0	0.6666666666666666	1	0	0.36932835708999995	0.2629234765535034	0.9998995945261049	1			0
S1_EXCLUDE_BCN12	s__Actinomyces_sp_ICM58	OTHER_OR_INSUFFICIENT	5	0.05661540504439073	-0.3359186930444922	0.4491495031332736	0.7092925552728978	0.9930527113580683	0.0	-0.39331918563250534	0.5065499957212868	0.6	3	2	0	0	3	0.04743422495571913	0.7528384840853217	0.9897946958941124	0.0	0.6666666666666666	1	0	0.31164462163990203	0.38225130408953056	0.9998995945261049	1			0
S1_EXCLUDE_BCN12	s__Actinomyces_sp_oral_taxon_448	OTHER_OR_INSUFFICIENT	5	-0.09511534042350911	-0.5072357628472042	0.317005082000186	0.5565274158990968	0.9930527113580683	0.0	-0.5675003750158044	0.3772696941687862	0.6	2	3	0	1							0	0	-0.1799168585826788	0.6197171750015799	0.9998995945261049	1			0
S1_EXCLUDE_BCN12	s__Actinomyces_sp_ph3	OTHER_OR_INSUFFICIENT	4	-0.31402759433407523	-0.8112734335882776	0.18321824492012712	0.13800713377967191	0.9930527113580683	0.0	-0.9863016768758196	0.35824648820766913	1.0	0	4	0	0							0	0	-0.705124273692645	0.133983366836905	0.9998995945261049	1	0.32344565760188076	Lee_Manchester	0
S1_EXCLUDE_BCN12	s__Adlercreutzia_equolifaciens	STRONG_DIRECTION_REVERSAL	9	-0.06490344036256182	-0.485607819127052	0.3558009384019283	0.7312227309295694	0.9930527113580683	57.16654133004948	-1.123010604102519	0.9932037233773953	0.6666666666666666	3	6	1	1	5	-0.20337293170954696	0.4065562180771406	0.9897946958941124	69.98096406614356	0.8	1	0	-0.23828968666279776	0.5503453942016936	0.9998995945261049	1	0.2014034918430293	Matson_US	1
S1_EXCLUDE_BCN12	s__Agathobaculum_butyriciproducens	OTHER_OR_INSUFFICIENT	9	0.11144165716509441	-0.1433354180315456	0.3662187323617344	0.34266578502537914	0.9930527113580683	0.0	-0.14981201660309068	0.3726953309332795	0.5555555555555556	5	4	0	0	5	0.15235676198805306	0.23804958320048214	0.9897946958941124	0.0	0.6	1	0	0.4740331047678143	0.13386200541784296	0.9998995945261049	1			0
S1_EXCLUDE_BCN12	s__Akkermansia_muciniphila	OTHER_OR_INSUFFICIENT	9	0.12239731778568894	-0.1325991905569522	0.37739382612833006	0.30051796851018003	0.9930527113580683	0.0	-0.13908136721709322	0.3838760027884711	0.6666666666666666	6	3	0	0	5	0.12296965681467166	0.32563604648706046	0.9897946958941124	0.0	0.6	1	0	0.24812356906009256	0.33513597029349895	0.9998995945261049	1			0
S1_EXCLUDE_BCN12	s__Akkermansia_sp_KLE1798	OTHER_OR_INSUFFICIENT	3	-0.12057059483797967	-0.8802923370464957	0.6391511473705362	0.5651875205971442	0.9930527113580683	0.0	-2.5300169941243573	2.288875804448398	0.6666666666666666	2	1	0	0	3	-0.12057059483797967	0.5651875205971442	0.9897946958941124	0.0	0.6666666666666666	1	0	0.1500746539223549	0.8784591525039749	0.9998995945261049	0			0
S1_EXCLUDE_BCN12	s__Alistipes_SGB2313	OTHER_OR_INSUFFICIENT	4	-0.09913836169358771	-0.6578927528583155	0.4596160294711401	0.6117746771909989	0.9930527113580683	0.0	-0.8545717225935251	0.6562949992063497	0.75	1	3	0	0							0	0	-0.4033292873338202	0.3743345445653938	0.9998995945261049	1	0.4613459512196224	Lee_PRIMM_UK	0
S1_EXCLUDE_BCN12	s__Alistipes_communis	OTHER_OR_INSUFFICIENT	9	0.10826922931097142	-0.1465647931041582	0.3631032517261011	0.35591299670609605	0.9930527113580683	0.0	-0.15304283931126922	0.3695812979332121	0.6666666666666666	6	3	0	0	5	0.10607738739700216	0.38884295161042975	0.9897946958941124	0.0	1.0	1	0	0.3123284924951015	0.24240294891526623	0.9998995945261049	1			0
S1_EXCLUDE_BCN12	s__Alistipes_dispar	OTHER_OR_INSUFFICIENT	8	0.009590853611635721	-0.3212364017993836	0.340418109022655	0.9472635761100426	0.9930527113580683	29.54583086788659	-0.3327490055294144	0.3519307127526858	0.625	3	5	0	0	4	-0.021974279957912443	0.8728440934920182	0.9897946958941124	9.215073866514313	0.5	0	0	-0.06888772618476968	0.8421902823867209	0.9998995945261049	0			0
S1_EXCLUDE_BCN12	s__Alistipes_finegoldii	OTHER_OR_INSUFFICIENT	9	-0.05309806356719296	-0.30810574844697514	0.2019096213125892	0.6439680960620408	0.9930527113580683	0.0	-0.3145882092336715	0.20839208209928559	0.6666666666666666	3	6	0	0	5	-0.06636991699158273	0.5783554893008644	0.9897946958941124	0.0	0.8	1	0	0.09102745538485972	0.7130560605784916	0.9998995945261049	0			0
S1_EXCLUDE_BCN12	s__Alistipes_ihumii	OTHER_OR_INSUFFICIENT	8	-0.01972731170316167	-0.2906163957705843	0.25116177236426096	0.868151490567959	0.9930527113580683	0.0	-0.30004318468201396	0.26058856127569063	0.625	3	5	0	0	4	-0.02439223025111448	0.8442828359760558	0.9897946958941124	0.0	0.75	1	0	-0.01860613625478688	0.9409449413559944	0.9998995945261049	1			0
S1_EXCLUDE_BCN12	s__Alistipes_indistinctus	OTHER_OR_INSUFFICIENT	9	0.017251593406805998	-0.2378188022144695	0.27232198902808147	0.8799238103686842	0.9930527113580683	0.0	-0.24430285714159727	0.27880604395520925	0.5555555555555556	4	5	0	0	5	0.004004202360998092	0.9726755759435325	0.9908416366398342	0.0	0.6	1	0	0.20062938503176167	0.4903679211717816	0.9998995945261049	1			0
S1_EXCLUDE_BCN12	s__Alistipes_onderdonkii	OTHER_OR_INSUFFICIENT	9	-0.004871716493536446	-0.3137670465327442	0.30402361354567126	0.9718793003078334	0.9930527113580683	27.199402107367117	-0.5766705165641995	0.5669270835771266	0.6666666666666666	6	3	0	0	5	-0.07251206442201276	0.6839490503777079	0.9897946958941124	44.85563336005287	0.6	1	0	0.21857467389546942	0.5625807458049522	0.9998995945261049	0			0
S1_EXCLUDE_BCN12	s__Alistipes_putredinis	OTHER_OR_INSUFFICIENT	9	0.002372714597889434	-0.296617644808211	0.30136307400398993	0.9858477921560659	0.9930527113580683	11.290519378455667	-0.5302722870769033	0.5350177162726822	0.5555555555555556	5	4	0	0	5	-0.029165210431498483	0.8697244497830946	0.9897946958941124	44.37594759922339	0.6	0	0	-0.24683297301925478	0.5241898011565531	0.9998995945261049	0			0
S1_EXCLUDE_BCN12	s__Alistipes_senegalensis	OTHER_OR_INSUFFICIENT	7	-0.05552627569795795	-0.3681112147370089	0.25705866334109306	0.6790071444771387	0.9930527113580683	0.0	-0.4531815536841032	0.3421290022881873	0.7142857142857143	2	5	0	0	3	-0.07614876892190624	0.5943252963119302	0.9897946958941124	0.0	0.6666666666666666	1	0	-0.1311141199397941	0.680461132760492	0.9998995945261049	1			0
S1_EXCLUDE_BCN12	s__Alistipes_shahii	OTHER_OR_INSUFFICIENT	9	0.07942104520145012	-0.17495425221813832	0.3337963426210385	0.49203322567865093	0.9930527113580683	0.0	-0.18142063736729724	0.34026272777019745	0.6666666666666666	6	3	0	0	5	0.0683441574838075	0.5670493912552795	0.9897946958941124	0.0	0.8	1	0	0.17065025567546557	0.529275951892961	0.9998995945261049	1			0
S1_EXCLUDE_BCN12	s__Allisonella_histaminiformans	OTHER_OR_INSUFFICIENT	3	0.04705245879255665	-1.0218585773021935	1.115963494887307	0.8672599931928549	0.9930527113580683	0.0	-3.109558898873649	3.2036638164587625	0.6666666666666666	1	2	0	0							0	0	-0.0449263266660396	0.9376153849150999	0.9998995945261049	0			0
S1_EXCLUDE_BCN12	s__Alloscardovia_omnicolens	OTHER_OR_INSUFFICIENT	4	-0.11088183282457287	-0.6583294942782404	0.43656582862909465	0.5650940128805546	0.9930527113580683	0.0	-1.018687962765373	0.7969242971162274	0.75	1	3	0	0							0	0	-0.23104001180911596	0.6372405567644612	0.9998995945261049	1	0.4000220652213102	Lee_PRIMM_UK	1
S1_EXCLUDE_BCN12	s__Anaerobutyricum_hallii	OTHER_OR_INSUFFICIENT	9	0.09581771250117885	-0.21088313226628383	0.4025185572686415	0.49177205410740044	0.9930527113580683	26.339352856536834	-0.3272863658543955	0.5189217908567533	0.6666666666666666	6	3	0	1	5	0.10563458812804298	0.39122395293084006	0.9897946958941124	0.0	0.6	1	0	0.2301395643622415	0.43172753815166504	0.9998995945261049	1			0
S1_EXCLUDE_BCN12	s__Anaerobutyricum_soehngenii	OTHER_OR_INSUFFICIENT	9	0.14606969164016526	-0.23153397134577736	0.5236733546261079	0.39840782772481725	0.9930527113580683	48.58201555675051	-0.7386729390639126	1.0308123223442431	0.6666666666666666	6	3	2	0	5	0.08975782580520028	0.4874575430131303	0.9897946958941124	0.0	0.8	1	0	0.29494183967219434	0.5086657279263186	0.9998995945261049	1			0
S1_EXCLUDE_BCN12	s__Anaerococcus_SGB53821	OTHER_OR_INSUFFICIENT	4	-0.009553428617943522	-0.5900881757957789	0.5709813185598919	0.9615251393206177	0.9930527113580683	13.834568566196149	-1.1334285412893517	1.1143216840534647	0.75	1	3	0	0	4	-0.009553428617943522	0.9615251393206177	0.9897946958941124	13.834568566196149	0.75	1	0	-0.1047201012957049	0.8491747085815321	0.9998995945261049	1	0.36540616705652934	Spencer_US	1
S1_EXCLUDE_BCN12	s__Anaerofilum_sp_BX8	CONSISTENT_NONSIGNIFICANT	9	0.049383089203095566	-0.20468775424333566	0.3034539326495268	0.6658902987634228	0.9930527113580683	0.0	-0.21114639989855713	0.3099125783047483	0.7777777777777778	7	2	0	0	5	0.04697225211550437	0.6904991811409875	0.9897946958941124	0.0	0.8	1	0	0.09845271670190595	0.7003845786694901	0.9998995945261049	1	0.4974544421529728	Lee_Leeds	0
S1_EXCLUDE_BCN12	s__Anaerofustis_stercorihominis	OTHER_OR_INSUFFICIENT	6	0.020846261427508752	-0.3273381456523896	0.36903066850740707	0.8837043248956571	0.9930527113580683	0.0	-0.35522225371157523	0.3969147765665927	0.5	3	3	0	0	3	0.05515936907855233	0.7156285041316086	0.9897946958941124	0.0	0.6666666666666666	1	0	-0.0245818320114405	0.9385976510918939	0.9998995945261049	0			0
S1_EXCLUDE_BCN12	s__Anaeromassilibacillus_sp_An250	OTHER_OR_INSUFFICIENT	8	0.06409598673940926	-0.20159612701663437	0.3297881004954529	0.5862115219288023	0.9930527113580683	0.0	-0.2108420642721554	0.3390340377509739	0.5	4	4	1	0	5	0.061601135686972744	0.6548138787339335	0.9897946958941124	25.674061282866194	0.8	1	0	0.006076516165114147	0.9807298940570748	0.9998995945261049	1			0
S1_EXCLUDE_BCN12	s__Anaerosacchariphilus_sp_NSJ_68	OTHER_OR_INSUFFICIENT	4	-0.37026781977031636	-0.8808952706876851	0.14035963114705247	0.10425352630935215	0.9930527113580683	0.0	-1.0606337795157927	0.32009813997515996	1.0	0	4	0	0							0	0	-0.6267262718355835	0.2103365105459829	0.9998995945261049	1	0.47128615513891875	Lee_PRIMM_UK	0
S1_EXCLUDE_BCN12	s__Anaerostipes_caccae	OTHER_OR_INSUFFICIENT	4	-0.03852497652866631	-0.5629548629614535	0.4859049099041209	0.8301973329269194	0.9930527113580683	0.0	-0.7475517654854607	0.6705018124281281	0.5	2	2	0	0	4	-0.07013220125485951	0.6141794557472193	0.9897946958941124	0.0	0.5	1	0	0.031866958378655115	0.9340226740927108	0.9998995945261049	0			0
S1_EXCLUDE_BCN12	s__Anaerostipes_hadrus	OTHER_OR_INSUFFICIENT	9	0.0718156920841623	-0.20299523581272624	0.3466266199810508	0.5634476110330313	0.9930527113580683	6.150541364654963	-0.3250436101823063	0.468674994350631	0.5555555555555556	5	4	0	0	5	0.038704984001777604	0.8181463374069886	0.9897946958941124	39.251567164762385	0.6	1	0	0.09665328416545355	0.8043906812172457	0.9998995945261049	1			0
S1_EXCLUDE_BCN12	s__Anaerotignum_faecicola	OTHER_OR_INSUFFICIENT	9	-0.07365635955854796	-0.3719964539574463	0.2246837348403504	0.5847633536649341	0.9930527113580683	17.8289969222605	-0.6008189333947346	0.4535062142776386	0.6666666666666666	3	6	0	0	5	-0.05308117921555266	0.7832595088571453	0.9897946958941124	50.79233407214969	0.6	1	0	-0.17247096733507922	0.5668412586014847	0.9998995945261049	1			0
S1_EXCLUDE_BCN12	s__Anaerotignum_lactatifermentans	OTHER_OR_INSUFFICIENT	3	-0.08637656412555209	-0.7932375206101276	0.6204843923590235	0.6515259915297292	0.9930527113580683	0.0	-2.173814386337256	2.001061258086152	0.6666666666666666	1	2	0	0	3	-0.08637656412555209	0.6515259915297292	0.9897946958941124	0.0	0.6666666666666666	1	0	-0.2221487706036511	0.6681359660067019	0.9998995945261049	1			0
S1_EXCLUDE_BCN12	s__Anaerotruncus_colihominis	CONSISTENT_NONSIGNIFICANT	8	-0.2702744293869019	-0.5559463122494726	0.015397453475668843	0.06032896774585864	0.9930527113580683	0.0	-0.5658875342533496	0.02533867547954577	1.0	0	8	0	1	5	-0.25787108270762565	0.07957274687537878	0.9897946958941124	0.0	1.0	1	1	-0.584510152277607	0.04760363780222189	0.9998995945261049	1	0.3470566639773482	Gopalakrishnan_US	0
S1_EXCLUDE_BCN12	s__Anaerotruncus_massiliensis	OTHER_OR_INSUFFICIENT	7	0.08810997963714845	-0.2659993256913403	0.4422192849656372	0.5649515597014869	0.9930527113580683	21.229663173859777	-0.4257003184477833	0.6019202777220802	0.5714285714285714	3	4	0	0	5	0.04012593050845356	0.7934506468892354	0.9897946958941124	21.84004561819092	0.6	1	0	0.4427167851703265	0.17723535441432564	0.9998995945261049	1			0
S1_EXCLUDE_BCN12	s__Anaerotruncus_rubiinfantis	CONSISTENT_NONSIGNIFICANT	9	-0.13411930325675978	-0.38854103628947145	0.12030242977595193	0.258782807172195	0.9930527113580683	0.0	-0.3950086017868796	0.12676999527336005	0.7777777777777778	2	7	0	0	5	-0.13470818853526095	0.28761640552325884	0.9897946958941124	0.0	0.8	1	0	-0.15739336004685334	0.5393576962495381	0.9998995945261049	1	0.20354983798963372	Gopalakrishnan_US	0
S1_EXCLUDE_BCN12	s__Angelakisella_massiliensis	OTHER_OR_INSUFFICIENT	5	-0.0720963827336998	-0.6543175113525759	0.5101247458851763	0.7483036922263486	0.9930527113580683	40.854326390438	-1.1076720473832338	0.9634792819158342	0.6	2	3	1	0	4	-0.005783979336972767	0.9829881450751322	0.9954850990353296	50.95689098420087	0.5	1	0	-0.4503384253228681	0.3945011657750181	0.9998995945261049	1			0
S1_EXCLUDE_BCN12	s__Bacteroides_SGB15210	OTHER_OR_INSUFFICIENT	3	-0.2556534973426923	-0.9851820111362397	0.4738750164508551	0.2706183690623904	0.9930527113580683	0.0	-2.410031098650859	1.8987241039654743	1.0	0	3	0	0							0	0	-0.4949964617213778	0.4226895743465791	0.9998995945261049	1			0
S1_EXCLUDE_BCN12	s__Bacteroides_caccae	CONSISTENT_NONSIGNIFICANT	9	0.08962460086572237	-0.1652318524562827	0.34448105418772745	0.4408533386675225	0.9930527113580683	0.0	-0.17171046882590751	0.3509596705573523	0.7777777777777778	7	2	1	0	5	0.08253796658711227	0.5246004380632023	0.9897946958941124	4.2211491321379295	0.8	1	0	0.07785275321331	0.7597615121660913	0.9998995945261049	1	0.31299127546095695	Frankel_US	0
S1_EXCLUDE_BCN12	s__Bacteroides_cellulosilyticus	OTHER_OR_INSUFFICIENT	9	-0.0669635545828011	-0.3213922544892216	0.18746514532361938	0.5607287621595687	0.9930527113580683	0.0	-0.32785999712874614	0.19393288796314392	0.5555555555555556	4	5	0	0	5	-0.1163855568037649	0.3488673926368012	0.9897946958941124	0.0	0.8	1	0	-0.14014082428738284	0.5693120484425248	0.9998995945261049	1			0
S1_EXCLUDE_BCN12	s__Bacteroides_clarus	OTHER_OR_INSUFFICIENT	6	-0.2525133598601332	-0.6240126507296772	0.1189859310094108	0.14101919954613248	0.9930527113580683	0.0	-0.653763915137766	0.14873719541749963	0.8333333333333334	1	5	0	0							0	0	-0.2403375123014442	0.5235839466683884	0.9998995945261049	1	0.24323168416869634	Lee_PRIMM_UK	0
S1_EXCLUDE_BCN12	s__Bacteroides_eggerthii	DOMAIN_SPECIFIC	7	0.08360909186407958	-0.43270497948772535	0.5999231632158846	0.7056356390340176	0.9930527113580683	64.75766555899006	-1.169104612744565	1.336322796472724	0.5714285714285714	3	4	1	0	4	0.09805297231029404	0.6264707466097137	0.9897946958941124	46.880922815829265	0.5	1	0	0.15754447473226846	0.7405654464222982	0.9998995945261049	1	0.27801226986780614	Lee_PRIMM_UK	1
S1_EXCLUDE_BCN12	s__Bacteroides_faecis	CONSISTENT_NONSIGNIFICANT	7	0.12887731743809872	-0.17112521977017514	0.42887985464637257	0.3336656462573749	0.9930527113580683	0.0	-0.18628772361138263	0.44404235848758006	0.8571428571428571	6	1	0	0	5	0.034475851923047994	0.7691304732208465	0.9897946958941124	0.0	0.8	1	0	0.10960636747833435	0.7113171133567655	0.9998995945261049	1	0.226238788441072	Lee_Leeds	0
S1_EXCLUDE_BCN12	s__Bacteroides_finegoldii	OTHER_OR_INSUFFICIENT	8	0.13366439182063183	-0.1935339001166025	0.46086268375786615	0.3662348101776425	0.9930527113580683	21.368120015926316	-0.2539078679393477	0.5212366515806114	0.5	4	4	0	0	5	0.04094767002126529	0.7283719750150998	0.9897946958941124	0.0	0.6	1	0	0.275884624286475	0.4519488577358953	0.9998995945261049	1			0
S1_EXCLUDE_BCN12	s__Bacteroides_fragilis	OTHER_OR_INSUFFICIENT	9	-0.14572054936591414	-0.4002648196318951	0.10882372090006684	0.22331032508434695	0.9930527113580683	0.0	-0.4067355001382861	0.11529440140645777	0.5555555555555556	4	5	0	0	5	-0.17453397311232954	0.18760968998511574	0.9897946958941124	0.0	0.6	1	0	-0.1916001226686424	0.43333024195658204	0.9998995945261049	1			0
S1_EXCLUDE_BCN12	s__Bacteroides_intestinalis	OTHER_OR_INSUFFICIENT	7	0.0047519421845629295	-0.3856677638977529	0.3951716482668788	0.9772066323648277	0.9930527113580683	24.106342851839578	-0.7211587050248669	0.7306625893939926	0.5714285714285714	3	4	0	0	4	0.03888185235944654	0.8423112520189426	0.9897946958941124	46.28174171154004	0.5	1	0	0.0727231881746583	0.820571809201222	0.9998995945261049	1			0
S1_EXCLUDE_BCN12	s__Bacteroides_nordii	OTHER_OR_INSUFFICIENT	6	-0.08875897760854842	-0.4300682815598291	0.25255032634273233	0.5334371208526224	0.9930527113580683	0.0	-0.4574018017572866	0.27988384654018983	0.5	3	3	0	0	4	-0.06456755417534353	0.6110183590910144	0.9897946958941124	0.0	0.75	1	0	-0.14183326054473253	0.6451143800318989	0.9998995945261049	1			0
S1_EXCLUDE_BCN12	s__Bacteroides_ovatus	OTHER_OR_INSUFFICIENT	9	-0.015287583954204447	-0.269791459121903	0.2392162912134941	0.8932547492061262	0.9930527113580683	0.0	-0.2762611127305777	0.2456859448221688	0.5555555555555556	4	5	0	0	5	-0.01823052736213968	0.8761924859778363	0.9897946958941124	0.0	0.6	1	0	0.2755550132937821	0.45659968642176735	0.9998995945261049	0			0
S1_EXCLUDE_BCN12	s__Bacteroides_salyersiae	CONSISTENT_NONSIGNIFICANT	6	0.16407682691793504	-0.17255744985256452	0.5007111036884346	0.26564024536683506	0.9930527113580683	0.0	-0.19951657381312873	0.5276702276489988	0.8333333333333334	5	1	0	0	4	0.0723112224342819	0.5712171997702357	0.9897946958941124	0.0	0.75	1	0	0.3128998893388962	0.3672827598176403	0.9998995945261049	1	0.45705446082943413	Spencer_US	0
S1_EXCLUDE_BCN12	s__Bacteroides_stercoris	OTHER_OR_INSUFFICIENT	9	0.051540741308056186	-0.21032278756401257	0.31340427018012496	0.6619789456058696	0.9930527113580683	0.0	-0.26322306525943073	0.3663045478755431	0.5555555555555556	4	5	0	0	5	0.0472999065220115	0.7674525815583102	0.9897946958941124	32.77622422824521	0.6	1	0	0.3008467443652615	0.2592610240309356	0.9998995945261049	1			0
S1_EXCLUDE_BCN12	s__Bacteroides_thetaiotaomicron	OTHER_OR_INSUFFICIENT	9	-0.05566777021438237	-0.3498975111322557	0.23856197070349097	0.6741596165845759	0.9930527113580683	21.913996635090097	-0.4261438800792388	0.3148083396504741	0.5555555555555556	4	5	0	0	5	-0.0939874847078915	0.5690867611709957	0.9897946958941124	35.43048073545447	0.6	1	0	-0.07913097888621799	0.7812923829322249	0.9998995945261049	1			0
S1_EXCLUDE_BCN12	s__Bacteroides_uniformis	OTHER_OR_INSUFFICIENT	9	-0.0035474117635950196	-0.2574494446388673	0.2503546211116773	0.9750871131017588	0.9930527113580683	0.0	-0.2639037990203554	0.25680897549316534	0.5555555555555556	4	5	0	0	5	-0.03553012635285796	0.7622164076128163	0.9897946958941124	0.0	0.8	1	0	0.05354540288533978	0.9395556295847187	0.9998995945261049	0			0
S1_EXCLUDE_BCN12	s__Bacteroides_xylanisolvens	OTHER_OR_INSUFFICIENT	9	0.15164312129281696	-0.12790683205656075	0.4311930746421947	0.24631338761532026	0.9930527113580683	16.24070989124059	-0.13501317321629117	0.4382994158019251	0.5555555555555556	5	4	1	0	5	0.13803603244291507	0.2778018948795628	0.9897946958941124	0.0	0.6	1	0	0.19768027481912195	0.43275363448103643	0.9998995945261049	1			0
S1_EXCLUDE_BCN12	s__Bariatricus_massiliensis	OTHER_OR_INSUFFICIENT	3	0.01945124783292354	-0.8540563117119894	0.8929588073778364	0.9324060710351707	0.9930527113580683	0.0	-2.5601122435812775	2.599014739247125	0.6666666666666666	1	2	0	0							0	0	0.46595973794942136	0.488917673821922	0.9998995945261049	1			0
S1_EXCLUDE_BCN12	s__Barnesiella_intestinihominis	OTHER_OR_INSUFFICIENT	9	0.1431992485820497	-0.17688314207692624	0.4632816392410256	0.332406405903254	0.9930527113580683	28.93980139266598	-0.48942558254370183	0.7758240797078012	0.6666666666666666	6	3	0	0	5	0.18620311629968211	0.3291974339061767	0.9897946958941124	43.218824215205906	0.8	1	0	0.5496633959617302	0.18427157146317646	0.9998995945261049	1			0
S1_EXCLUDE_BCN12	s__Bifidobacterium_adolescentis	STRONG_DIRECTION_REVERSAL	9	0.1711988594988783	-0.2426168936313457	0.5850146126291023	0.3680106873765156	0.9930527113580683	49.556984002315886	-0.5928708209248992	0.9352685399226557	0.7777777777777778	7	2	1	1	5	0.21046712436591064	0.1284677956411983	0.9897946958941124	0.0	1.0	1	0	0.3507624342652904	0.30903675828026794	0.9998995945261049	1	0.2546468729734935	Lee_Leeds	0
S1_EXCLUDE_BCN12	s__Bifidobacterium_animalis	OTHER_OR_INSUFFICIENT	5	0.11697677812174005	-0.2942032672065204	0.5281568234500005	0.4737913265798281	0.9930527113580683	0.0	-0.35433036748248825	0.5882839237259684	0.8	4	1	0	0							0	0	0.4595473562222068	0.2598925979986007	0.9998995945261049	1	0.3909301189295734	Frankel_US	0
S1_EXCLUDE_BCN12	s__Bifidobacterium_bifidum	CONSISTENT_NONSIGNIFICANT	8	0.18595707131230352	-0.07977041443992874	0.4516845570645358	0.14194485676750726	0.9930527113580683	0.0	-0.0890175826241956	0.46093172524880266	0.875	7	1	0	0	5	0.18438839502298077	0.16924722337623901	0.9897946958941124	0.0	1.0	1	0	0.27996310046992745	0.3334028740891359	0.9998995945261049	1	0.40167794729179546	Gopalakrishnan_US	0
S1_EXCLUDE_BCN12	s__Bifidobacterium_dentium	OTHER_OR_INSUFFICIENT	6	-0.1338692557597478	-0.6114116526518069	0.3436731411323112	0.5034218557728601	0.9930527113580683	42.10695839285464	-1.1080560920765845	0.8403175805570889	0.5	3	3	0	1	3	-0.30157562554584233	0.43019737827591875	0.9897946958941124	74.69605238388571	0.6666666666666666	1	0	-0.26251330922069793	0.5544189281490185	0.9998995945261049	1			0
S1_EXCLUDE_BCN12	s__Bifidobacterium_longum	OTHER_OR_INSUFFICIENT	9	0.19093841248886062	-0.06967501194143927	0.4515518369191605	0.12959617687983924	0.9930527113580683	3.4576084092432686	-0.08402646387409801	0.46590328885181925	0.5555555555555556	5	4	1	0	5	0.19715095778707215	0.14816943532912147	0.9897946958941124	0.0	0.8	1	0	0.258943341041794	0.4121258619326447	0.9998995945261049	1	0.2266550808432011	Lee_PRIMM_NL	0
S1_EXCLUDE_BCN12	s__Bifidobacterium_pseudocatenulatum	OTHER_OR_INSUFFICIENT	7	0.1284225087827229	-0.15464842335062104	0.4114934409160669	0.3094514409822699	0.9930527113580683	0.0	-0.1689551828856121	0.42580020045105793	0.7142857142857143	5	2	0	0	5	0.14170450266487986	0.3263881286492028	0.9897946958941124	21.90812575496858	0.6	1	0	0.27141422811352073	0.4191464529812206	0.9998995945261049	1			0
S1_EXCLUDE_BCN12	s__Bilophila_wadsworthia	CONSISTENT_NONSIGNIFICANT	9	-0.05949967999148094	-0.3147885824985278	0.19578922251556596	0.6055756145300287	0.9930527113580683	0.0	-0.3212781920978943	0.20227883211493247	0.7777777777777778	2	7	0	1	5	-0.07699142382669859	0.5218102280094082	0.9897946958941124	0.0	0.8	1	0	-0.11213057032544818	0.6664380038384158	0.9998995945261049	1	0.35851473137557927	Spencer_US	1
S1_EXCLUDE_BCN12	s__Bittarella_massiliensis	CONSISTENT_NONSIGNIFICANT	6	-0.3129802467958604	-0.664126004370311	0.03816551077859026	0.07054446667782065	0.9930527113580683	0.0	-0.6922472701560061	0.06628677656428522	0.8333333333333334	1	5	0	1	3	-0.2638514705192462	0.18337936273150263	0.9897946958941124	0.0	1.0	1	0	-0.643786359698517	0.06654588634036211	0.9998995945261049	1	0.2864474593875773	Lee_PRIMM_NL	0
S1_EXCLUDE_BCN12	s__Blautia_SGB4815	OTHER_OR_INSUFFICIENT	8	0.07400152516229949	-0.27603003833258166	0.4240330886571807	0.6324644503792162	0.9930527113580683	33.862945577209935	-0.6110922661118319	0.7590953164364309	0.5	4	4	1	0	4	0.07614586187300477	0.6116587543786963	0.9897946958941124	0.0	0.5	1	0	0.21090678604947305	0.5198233869940135	0.9998995945261049	1			0
S1_EXCLUDE_BCN12	s__Blautia_caecimuris	OTHER_OR_INSUFFICIENT	8	0.04826108917073447	-0.21757199307199865	0.31409417141346757	0.6806159344963327	0.9930527113580683	0.0	-0.2268228360720223	0.3233450144134912	0.625	5	3	1	0	5	0.08578904916897594	0.4778444863892753	0.9897946958941124	0.0	0.8	1	0	0.04472854391056931	0.8761772055292513	0.9998995945261049	1			0
S1_EXCLUDE_BCN12	s__Blautia_faecis	CONSISTENT_NONSIGNIFICANT	9	0.14311290314297387	-0.11154914573610103	0.39777495202204877	0.23114240361705554	0.9930527113580683	0.0	-0.11802282026280225	0.40424862654875	0.7777777777777778	7	2	0	0	5	0.146419607472733	0.2539873702903411	0.9897946958941124	0.0	0.6	1	0	0.2788601368359631	0.6200704907894081	0.9998995945261049	1	0.26543133377204614	Matson_US	0
S1_EXCLUDE_BCN12	s__Blautia_glucerasea	OTHER_OR_INSUFFICIENT	8	-0.02630500627117728	-0.4254976052656641	0.37288759272330957	0.8805746599963786	0.9930527113580683	43.755218626914434	-0.8012054710496386	0.748595458507284	0.5	4	4	0	1	4	-0.008018568381081271	0.9568847841703838	0.9897946958941124	16.231681722656667	0.5	1	0	-0.036514623116940384	0.9179328869987344	0.9998995945261049	1			0
S1_EXCLUDE_BCN12	s__Blautia_hansenii	OTHER_OR_INSUFFICIENT	4	-0.004310440849490282	-0.7210237017334994	0.7124028200345188	0.9859313808266007	0.9930527113580683	49.88325631123842	-1.6736508669880499	1.6650299852890693	0.5	2	2	0	0	4	-0.004310440849490282	0.9859313808266007	0.9954850990353296	49.88325631123842	0.5	1	0	-0.1697651553332982	0.7635213867134389	0.9998995945261049	1			0
S1_EXCLUDE_BCN12	s__Blautia_hydrogenotrophica	CONSISTENT_NONSIGNIFICANT	6	-0.1284789173761293	-0.4775890487855565	0.2206312140332979	0.3875772280481026	0.9930527113580683	0.0	-0.5055472929050793	0.24858945815282066	0.8333333333333334	1	5	0	0	3	-0.08185159376233184	0.5973093435140631	0.9897946958941124	0.0	0.6666666666666666	1	0	-0.03253120705112103	0.9195828288887898	0.9998995945261049	1	0.46715155821560966	Frankel_US	0
S1_EXCLUDE_BCN12	s__Blautia_luti	STRONG_DIRECTION_REVERSAL	7	0.03648930952263643	-0.4866455430056026	0.5596241620508754	0.8700892279866053	0.9930527113580683	67.2465541147105	-1.2393663095581882	1.312344928603461	0.5714285714285714	4	3	1	1	4	0.09658205811807585	0.7378889308590297	0.9897946958941124	72.31165758246001	0.75	1	0	0.19177605240074608	0.7439384338519106	0.9998995945261049	1	0.24727320724933588	Spencer_US	1
S1_EXCLUDE_BCN12	s__Blautia_massiliensis	CONSISTENT_NONSIGNIFICANT	9	0.18849636120221042	-0.06656019149968095	0.4435529139041018	0.12673990126082726	0.9930527113580683	0.0	-0.07304389452950794	0.45003661693392877	0.7777777777777778	7	2	1	0	5	0.2020713483867777	0.14018396923852125	0.9897946958941124	0.0	0.8	1	0	0.5525279345211503	0.12693121182612277	0.9998995945261049	1	0.3831924680309277	Lee_Manchester	0
S1_EXCLUDE_BCN12	s__Blautia_obeum	OTHER_OR_INSUFFICIENT	9	-0.041703211088335045	-0.29684000260095894	0.21343358042428887	0.7160300284715859	0.9930527113580683	0.0	-0.3033257454570575	0.2199193232803874	0.5555555555555556	4	5	0	0	5	-0.007657325434307219	0.9479429000256975	0.9897946958941124	0.0	0.6	1	0	-0.12446991175814122	0.7515323845052135	0.9998995945261049	1			0
S1_EXCLUDE_BCN12	s__Blautia_producta	OTHER_OR_INSUFFICIENT	8	-0.020212906824626738	-0.30677584165366445	0.266350028004411	0.8722507652931755	0.9930527113580683	13.702920652160053	-0.316748071834063	0.27632225818480954	0.5	4	4	0	0	5	-0.005257157345425384	0.9640942830167591	0.9897946958941124	0.0	0.6	1	0	-0.05048203628771894	0.8654740164957219	0.9998995945261049	1			0
S1_EXCLUDE_BCN12	s__Blautia_sp_MSK_20_85	OTHER_OR_INSUFFICIENT	8	0.07669149881879188	-0.21180572294308242	0.3651887205806662	0.5495699268868153	0.9930527113580683	0.0	-0.31421915284586127	0.46760215048344506	0.625	5	3	0	0	4	0.08396108791321204	0.5601041105570459	0.9897946958941124	6.425688555788499	0.75	1	0	0.22083210414271645	0.44339597452350177	0.9998995945261049	1			0
S1_EXCLUDE_BCN12	s__Blautia_sp_Marseille_P3087	CONSISTENT_NONSIGNIFICANT	6	0.27541799996934047	-0.12403980254762265	0.6748758024863035	0.13653125594808077	0.9930527113580683	10.36775387716123	-0.37034755142069264	0.9211835513593736	0.8333333333333334	5	1	1	0	3	0.34697495665545314	0.26743521800776116	0.9897946958941124	52.91596986461358	1.0	1	0	0.2945017143684634	0.3428929384732238	0.9998995945261049	1	0.31462194076907984	Lee_PRIMM_NL	0
S1_EXCLUDE_BCN12	s__Blautia_sp_OF03_15BH	CONSISTENT_NONSIGNIFICANT	6	0.1684490365798767	-0.18141959826108928	0.5183176714208426	0.2707953701646655	0.9930527113580683	0.0	-0.20943858653429553	0.5463366596940489	0.8333333333333334	5	1	0	0	3	0.10498385160456229	0.6737292724393089	0.9897946958941124	45.902990572010985	0.6666666666666666	1	0	0.29142223862675926	0.45336906255630194	0.9998995945261049	1	0.2934401974693374	Frankel_US	0
S1_EXCLUDE_BCN12	s__Blautia_stercoris	OTHER_OR_INSUFFICIENT	8	0.10760081974386414	-0.17846932104898122	0.3936709605367095	0.4033081122103526	0.9930527113580683	0.20443236156232034	-0.18842440229965823	0.40362604178738654	0.625	5	3	0	0	5	0.08054009911336137	0.5043451217113711	0.9897946958941124	0.0	0.6	1	0	0.25551248124734116	0.4804730613791292	0.9998995945261049	1			0
S1_EXCLUDE_BCN12	s__Blautia_wexlerae	OTHER_OR_INSUFFICIENT	9	0.08557987280016859	-0.16924269720829227	0.34040244280862947	0.4609375007111086	0.9930527113580683	0.0	-0.1757204522804242	0.3468801978807614	0.5555555555555556	4	5	0	0	5	0.10368785345841432	0.41807329300955987	0.9897946958941124	0.0	0.6	1	0				0			0
S1_EXCLUDE_BCN12	s__Butyricicoccus_sp_AM29_23AC	CONSISTENT_NONSIGNIFICANT	6	0.15588502198749354	-0.23375144477842746	0.5455214887534146	0.3509019460147358	0.9930527113580683	19.079320484912678	-0.2649552124075969	0.576725256382584	0.8333333333333334	5	1	0	0	3	0.13939118146827065	0.4004071688326024	0.9897946958941124	0.0	1.0	1	0	0.5148850649388442	0.16374025248817753	0.9998995945261049	1	0.35384091726605865	Lee_Manchester	0
S1_EXCLUDE_BCN12	s__Butyricimonas_SGB15260	OTHER_OR_INSUFFICIENT	9	0.03349754466404413	-0.2528868353209808	0.31988192464906906	0.7941975040520138	0.9930527113580683	4.757603470889908	-0.43162159522345456	0.49861668455154284	0.5555555555555556	5	4	0	0	5	0.012855099461392457	0.9124591753713007	0.9897946958941124	0.0	0.6	1	0	0.20118308478931368	0.46922018040087865	0.9998995945261049	1			0
S1_EXCLUDE_BCN12	s__Butyricimonas_faecihominis	OTHER_OR_INSUFFICIENT	7	0.19715849099673008	-0.18495959468683307	0.5792765766802932	0.2536134288105773	0.9930527113580683	22.559804526470426	-0.49136407376384483	0.885681055757305	0.5714285714285714	3	4	1	0	4	0.14023608892836578	0.3066413894127348	0.9897946958941124	0.0	0.75	1	0	0.3664725184418442	0.3266101547050261	0.9998995945261049	1			0
S1_EXCLUDE_BCN12	s__Butyricimonas_paravirosa	OTHER_OR_INSUFFICIENT	8	0.07016549887443639	-0.3390605647376068	0.4793915624864796	0.6972623744541614	0.9930527113580683	41.64608308433357	-0.5851299803798325	0.7254609781287052	0.625	5	3	0	0	5	0.06938544929070455	0.5964238824021414	0.9897946958941124	0.0	0.6	1	0	0.20127555230398453	0.6597830856201105	0.9998995945261049	1			0
S1_EXCLUDE_BCN12	s__Butyricimonas_virosa	OTHER_OR_INSUFFICIENT	9	0.10516268897984873	-0.1501155500545516	0.3604409280142491	0.3699415138942092	0.9930527113580683	0.0	-0.15660488851188356	0.366930266471581	0.5555555555555556	5	4	0	0	5	0.07214309137581548	0.5470210310903327	0.9897946958941124	0.0	0.6	1	0	0.20267186148298966	0.542685404179209	0.9998995945261049	1			0
S1_EXCLUDE_BCN12	s__Candidatus_Borkfalkia_ceftriaxoniphila	OTHER_OR_INSUFFICIENT	6	-0.03149786817459785	-0.5332320761048894	0.4702363397556937	0.8781153675610839	0.9930527113580683	36.67398480673134	-0.8478299061050484	0.7848341697558526	0.5	3	3	0	1	5	-0.010873440899718307	0.9259248560794561	0.9897946958941124	0.0	0.6	1	0	-0.11289071993204407	0.8335144619216474	0.9998995945261049	1			0
S1_EXCLUDE_BCN12	s__Candidatus_Catenibacterium_tridentinum	CONSISTENT_NONSIGNIFICANT	5	-0.10324654359840549	-0.6145291233360787	0.40803603613926775	0.6049431674462696	0.9930527113580683	43.18211762788528	-1.1547339190150832	0.9482408318182721	0.8	1	4	0	0	3	-0.08581311097412056	0.57167197925215	0.9897946958941124	7.526649691773978	0.6666666666666666	1	0	-0.3751975273923008	0.46625946210709535	0.9998995945261049	1	0.3268712438389973	Lee_PRIMM_UK	0
S1_EXCLUDE_BCN12	s__Candidatus_Cibionibacter_quicibialis	OTHER_OR_INSUFFICIENT	9	-0.004220802875951409	-0.3150098574267221	0.3065682516748193	0.9757834290822798	0.9930527113580683	31.412278675240785	-0.3390491598528338	0.330607554100931	0.5555555555555556	5	4	0	0	5	0.01015716408115061	0.9307930623423333	0.9897946958941124	0.0	0.6	0	0	0.08390120051075345	0.8742804265365205	0.9998995945261049	0			0
S1_EXCLUDE_BCN12	s__Candidatus_Nanosynsacchari_sp_TM7_ANC_38_39_G1_1	OTHER_OR_INSUFFICIENT	3	0.04950349832199635	-0.7258493424408086	0.8248563390848014	0.8093156300698354	0.9930527113580683	0.0	-2.2401983591563415	2.339205355800334	0.6666666666666666	1	2	0	0	3	-0.0022115525680856543	0.988092882953384	0.9954850990353296	0.0	0.6666666666666666	0	0	0.22392124837341393	0.6856551890168807	0.9998995945261049	1			0
S1_EXCLUDE_BCN12	s__Catenibacillus_scindens	OTHER_OR_INSUFFICIENT	6	0.01141755492127887	-0.3366305153197823	0.35946562516234004	0.9360689073107387	0.9930527113580683	0.0	-0.3645037049408589	0.38733881478341664	0.6666666666666666	4	2	0	0	3	0.028125435846758664	0.8503860100514612	0.9897946958941124	0.0	0.6666666666666666	1	0	0.0674431641098889	0.8184914123232028	0.9998995945261049	1			0
S1_EXCLUDE_BCN12	s__Catenibacterium_SGB4425	OTHER_OR_INSUFFICIENT	4	0.3071167417077184	-0.2588252797554187	0.8730587631708555	0.18262082609759658	0.9930527113580683	15.269041846950316	-0.7288904163413962	1.3431238997568329	0.75	3	1	1	0							0	0	0.7196779508829927	0.3554547566185942	0.9998995945261049	1	0.5064886569966797	Lee_PRIMM_NL	0
S1_EXCLUDE_BCN12	s__Cellulomonas_flavigena	OTHER_OR_INSUFFICIENT	4	-0.07605235272446477	-0.5715127446940722	0.4194080392451427	0.6586763451851416	0.9930527113580683	0.0	-0.7459125187832509	0.5938078133343214	0.75	1	3	0	0							0	0	-0.12561486950282078	0.7823376147648667	0.9998995945261049	1	0.4099093807670731	Lee_PRIMM_UK	0
S1_EXCLUDE_BCN12	s__Christensenella_hongkongensis	OTHER_OR_INSUFFICIENT	5	-0.05582513965127328	-0.4481728729089962	0.33652259360644965	0.7129696827670164	0.9930527113580683	0.0	-0.5055461132642443	0.3938958339616977	0.6	2	3	0	0	3	-0.02866616017759345	0.8474638434733043	0.9897946958941124	0.0	0.6666666666666666	1	0	-0.008068401572503544	0.9816390778979955	0.9998995945261049	1			0
S1_EXCLUDE_BCN12	s__Christensenella_minuta	OTHER_OR_INSUFFICIENT	6	-0.036006752277923326	-0.4536793664356093	0.38166586187976265	0.833387798006151	0.9930527113580683	25.106671362340677	-0.7680424404064639	0.6960289358506171	0.6666666666666666	2	4	0	0	3	0.011801414015268862	0.9366979732182168	0.9897946958941124	0.0	0.6666666666666666	0	0	-0.2156828254578623	0.576600664931691	0.9998995945261049	1			0
S1_EXCLUDE_BCN12	s__Christensenella_sp_Marseille_P3954	OTHER_OR_INSUFFICIENT	5	-0.17321520393749315	-0.5849264735454275	0.2384960656704412	0.30763760051758277	0.9930527113580683	0.0	-0.6451312550761231	0.29870084720113677	0.6	2	3	0	0							0	0	0.012258814441486942	0.9748150617290904	0.9998995945261049	0			0
S1_EXCLUDE_BCN12	s__Cloacibacillus_evryensis	OTHER_OR_INSUFFICIENT	3	-0.14708715482984225	-2.453437513100217	2.1592632034405326	0.8095215960960359	0.9930527113580683	81.25725462891981	-12.744121186958484	12.4499468772988	0.6666666666666666	2	1	0	1							0	0	0.1238500716046748	0.8854618047328205	0.9998995945261049	0			0
S1_EXCLUDE_BCN12	s__Clostridium_SGB4750	OTHER_OR_INSUFFICIENT	9	0.07779286487060187	-0.1763064205816069	0.33189215032281066	0.5002357174906198	0.9930527113580683	0.0	-0.18276578926255832	0.3383515190037621	0.6666666666666666	6	3	0	0	5	0.04572375931545965	0.6982549089375202	0.9897946958941124	0.0	0.6	1	0	0.08382664977982986	0.7539319125361712	0.9998995945261049	1			0
S1_EXCLUDE_BCN12	s__Clostridium_SGB4909	OTHER_OR_INSUFFICIENT	6	0.06163081242157304	-0.3079325172895445	0.4311941421326906	0.6859918344376034	0.9930527113580683	0.0	-0.3375287415695731	0.46079036641271914	0.6666666666666666	4	2	0	0							0	0	0.045825505727800635	0.8959559845819142	0.9998995945261049	1			0
S1_EXCLUDE_BCN12	s__Clostridium_SGB6179	OTHER_OR_INSUFFICIENT	6	0.18511288604690052	-0.22277254303674804	0.5929983151305491	0.2959739837102521	0.9930527113580683	19.16108779515128	-0.5026921684547296	0.8729179405485306	0.5	3	3	0	0	3	0.15435755259789058	0.4838660242439236	0.9897946958941124	31.743116082447724	0.6666666666666666	1	0	0.3999715869476184	0.4192872165742721	0.9998995945261049	1			0
S1_EXCLUDE_BCN12	s__Clostridium_butyricum	OTHER_OR_INSUFFICIENT	8	-0.15217358536753775	-0.4567020331743772	0.1523548624393017	0.27594304445820034	0.9930527113580683	22.20916975982028	-0.4975861966975005	0.19323902596242495	0.625	3	5	0	1	5	-0.09345433505880142	0.5402863864081043	0.9897946958941124	23.51376343783923	0.6	1	0	-0.2465589417663543	0.42214599966686	0.9998995945261049	1			0
S1_EXCLUDE_BCN12	s__Clostridium_fessum	CONSISTENT_NONSIGNIFICANT	9	0.14116940839953626	-0.11354007983932549	0.39587889663839804	0.23705761538486042	0.9930527113580683	0.0	-0.12001496027129796	0.40235377707037046	0.8888888888888888	8	1	0	0	5	0.11588425376899494	0.3514698095682385	0.9897946958941124	0.0	1.0	1	0	0.41307617856467144	0.13655638628112607	0.9998995945261049	1	0.2973965631217911	Frankel_US	0
S1_EXCLUDE_BCN12	s__Clostridium_paraputrificum	OTHER_OR_INSUFFICIENT	4	0.1465188968616704	-0.6772559195349394	0.9702937132582802	0.6109428621946246	0.9930527113580683	54.082273265072565	-1.824569828138735	2.117607621862076	0.5	2	2	0	0	3	0.06523784649065031	0.7836843441042842	0.9897946958941124	43.01642872976704	0.6666666666666666	1	0	0.4115507176903714	0.5336794835957985	0.9998995945261049	1	0.4043604804283545	Lee_PRIMM_UK	1
S1_EXCLUDE_BCN12	s__Clostridium_perfringens	OTHER_OR_INSUFFICIENT	3	0.19059275734263798	-0.5855781399884274	0.9667636546737035	0.4014953334398058	0.9930527113580683	0.0	-2.1015249107920027	2.4827104254772787	1.0	3	0	0	0	3	0.01719204082918077	0.935814270695652	0.9897946958941124	30.538425359119532	0.6666666666666666	1	0	-0.14558647277822703	0.7688332549278112	0.9998995945261049	0			0
S1_EXCLUDE_BCN12	s__Clostridium_saudiense	OTHER_OR_INSUFFICIENT	6	0.04632276617850946	-0.30166709124350594	0.3943126236005248	0.7461269805921537	0.9930527113580683	0.0	-0.3295356189342009	0.4221811512912198	0.6666666666666666	4	2	0	0	3	0.007061144346043524	0.962018340501492	0.9897946958941124	0.0	0.6666666666666666	1	0	0.09201809213206337	0.7614584580812696	0.9998995945261049	1			0
S1_EXCLUDE_BCN12	s__Clostridium_scindens	OTHER_OR_INSUFFICIENT	7	0.06942590605563331	-0.21302009473745515	0.35187190684872177	0.569547298359148	0.9930527113580683	0.0	-0.2272952694280383	0.3661470815393049	0.5714285714285714	4	3	0	0	5	0.08332357553989528	0.49046180150616836	0.9897946958941124	0.0	0.6	1	0	0.14537308096893323	0.6346828723113795	0.9998995945261049	1			0
S1_EXCLUDE_BCN12	s__Clostridium_sp_1001270H_150608_G6	OTHER_OR_INSUFFICIENT	8	0.2479339529336961	-0.023534115142230944	0.5194020210096232	0.06764486234032184	0.9930527113580683	0.03257932067298927	-0.04327695024592995	0.5391448561133222	0.625	5	3	0	0	5	0.20862498879952002	0.17767182646697038	0.9897946958941124	9.909094038836237	0.6	1	0	0.5427260573025621	0.12458649433992927	0.9998995945261049	1	0.26802202017505133	Spencer_US	0
S1_EXCLUDE_BCN12	s__Clostridium_sp_1001270J_160509_D11	CONSISTENT_NONSIGNIFICANT	6	0.11261494748192154	-0.23574101749483	0.46097091245867305	0.44382916752132184	0.9930527113580683	0.0	-0.2636388646599222	0.48886875962376525	0.8333333333333334	5	1	0	0	3	0.09265057957905044	0.554028713000524	0.9897946958941124	0.0	1.0	1	0	0.16465737639324335	0.6068915823762333	0.9998995945261049	1	0.24971636586544627	Lee_Manchester	0
S1_EXCLUDE_BCN12	s__Clostridium_sp_1001271st1_H5	OTHER_OR_INSUFFICIENT	3	-0.134267123187571	-0.9486840471971503	0.6801498008220084	0.5516536372992021	0.9930527113580683	11.265962570046467	-3.2223233539885476	2.9537891076134053	0.6666666666666666	1	2	0	0	3	-0.134267123187571	0.5516536372992021	0.9897946958941124	11.265962570046467	0.6666666666666666	1	0	-0.058312179802658536	0.9181489351151784	0.9998995945261049	1			0
S1_EXCLUDE_BCN12	s__Clostridium_sp_AF12_28	CONSISTENT_NONSIGNIFICANT	6	-0.05598300107911228	-0.45315034270633114	0.34118434054810665	0.7319106259945749	0.9930527113580683	0.0	-0.6198917339257208	0.5079257317674963	0.8333333333333334	1	5	0	0	4	-0.07676338515421864	0.673396349314534	0.9897946958941124	40.04615358466297	0.75	1	0	-0.4106964455215604	0.37749321302921196	0.9998995945261049	1	0.2747027823973977	Spencer_US	1
S1_EXCLUDE_BCN12	s__Clostridium_sp_AF20_17LB	CONSISTENT_NONSIGNIFICANT	9	0.06856296253179918	-0.1855429385817769	0.3226688636453752	0.5511230757188014	0.9930527113580683	0.0	-0.1920024754292612	0.3291284004928595	0.8888888888888888	8	1	0	0	5	0.058583993775294364	0.621683997823892	0.9897946958941124	0.0	0.8	1	0	0.21801963596866553	0.4624728235782233	0.9998995945261049	1	0.2165661507193108	Lee_PRIMM_UK	0
S1_EXCLUDE_BCN12	s__Clostridium_sp_AF27_2AA	OTHER_OR_INSUFFICIENT	6	-0.057141854503729245	-0.5970983942666341	0.4828146852591757	0.7964698555836728	0.9930527113580683	45.78833467133489	-1.1517238025181362	1.0374400935106778	0.6666666666666666	2	4	0	0	4	0.10772000217057155	0.6680600370609877	0.9897946958941124	50.443008693512716	0.5	0	0	-0.11178467420184572	0.8403925970975599	0.9998995945261049	1			0
S1_EXCLUDE_BCN12	s__Clostridium_sp_AF34_10BH	OTHER_OR_INSUFFICIENT	9	0.06272607201112904	-0.19197241880261792	0.31742456282487597	0.5856757550772735	0.9930527113580683	0.0	-0.1984470196570726	0.3238991636793307	0.6666666666666666	6	3	0	0	5	0.047549298635218805	0.6975267977521916	0.9897946958941124	1.889697172406583	0.6	1	0	0.07888121876513395	0.7729816090564114	0.9998995945261049	1			0
S1_EXCLUDE_BCN12	s__Clostridium_sp_AF34_13	OTHER_OR_INSUFFICIENT	5	-0.14920954967245864	-0.591085461768298	0.29266636242338073	0.4015649179797717	0.9930527113580683	17.450557494393806	-0.8900658040392657	0.5916467046943485	0.6	2	3	0	0	4	-0.13472833496181102	0.4453541338618234	0.9897946958941124	34.218578400981606	0.5	1	0	-0.27858492455960215	0.6138303530740914	0.9998995945261049	1			0
S1_EXCLUDE_BCN12	s__Clostridium_sp_AF36_4	OTHER_OR_INSUFFICIENT	9	-0.11077731891541678	-0.4181249984347425	0.1965703606039089	0.4299939648734421	0.9930527113580683	19.14465973780391	-0.6834864667135805	0.461931828882747	0.5555555555555556	5	4	0	1	5	-0.08115432993467848	0.544962527323479	0.9897946958941124	0.0	0.6	1	0	-0.07474057240349491	0.7894830372744379	0.9998995945261049	1			0
S1_EXCLUDE_BCN12	s__Clostridium_sp_AM22_11AC	OTHER_OR_INSUFFICIENT	9	0.07189593261411449	-0.21179552218864156	0.3555873874168705	0.5750498613670271	0.9930527113580683	15.293940890361945	-0.34608827750461096	0.4898801427328399	0.5555555555555556	5	4	1	0	5	0.14565172273042182	0.49480754095490154	0.9897946958941124	53.865858250673156	0.6	1	0	0.13226139738544518	0.6500051844645143	0.9998995945261049	1			0
S1_EXCLUDE_BCN12	s__Clostridium_sp_AM33_3	OTHER_OR_INSUFFICIENT	7	0.08486935892939478	-0.26968592135641356	0.43942463921520314	0.5794164052543166	0.9930527113580683	14.45298420532354	-0.287605589101369	0.4573443069601586	0.5714285714285714	4	3	0	0	5	0.04365162260837881	0.7800938640652247	0.9897946958941124	24.291659396748862	0.6	1	0	0.17850120722177876	0.5875360667340032	0.9998995945261049	1			0
S1_EXCLUDE_BCN12	s__Clostridium_sp_AM49_4BH	OTHER_OR_INSUFFICIENT	9	-0.038396892972086594	-0.32615060950209135	0.24935682355791816	0.7661650074482139	0.9930527113580683	20.992528876659165	-0.3334654955658572	0.256671709621684	0.5555555555555556	5	4	0	1	5	-0.05468476553637182	0.644698651068596	0.9897946958941124	0.0	0.6	1	0	-0.021170001543403857	0.931719696230571	0.9998995945261049	1			0
S1_EXCLUDE_BCN12	s__Clostridium_sp_AT4	OTHER_OR_INSUFFICIENT	6	0.13331359038163237	-0.24144764804715607	0.5080748288104209	0.40243474764193893	0.9930527113580683	5.118082875095766	-0.2714601433489254	0.5380873241121902	0.6666666666666666	4	2	0	0	4	0.04485282085983863	0.7879313227508842	0.9897946958941124	0.0	0.5	1	0	0.27061051637387434	0.4423695299705097	0.9998995945261049	1			0
S1_EXCLUDE_BCN12	s__Clostridium_sp_Marseille_P3244	OTHER_OR_INSUFFICIENT	7	-0.020564495366255847	-0.3058288753007964	0.26469988456828475	0.8657861625389122	0.9930527113580683	0.0	-0.3202464942644786	0.27911750353196685	0.5714285714285714	3	4	0	0	4	0.007925369936812365	0.9489376932426878	0.9897946958941124	0.0	0.75	0	0	0.04049136452802057	0.8806559955959499	0.9998995945261049	0			0
S1_EXCLUDE_BCN12	s__Clostridium_sp_NSJ_42	OTHER_OR_INSUFFICIENT	5	0.2271358338909016	-0.1861700813093993	0.6404417490912026	0.20175207415294397	0.9930527113580683	0.0	-0.24660804885416784	0.700879716635971	0.8	4	1	0	0							0	0	0.2923890455537157	0.5339325075282559	0.9998995945261049	1	0.40385517996332254	Lee_Manchester	0
S1_EXCLUDE_BCN12	s__Clostridium_spiroforme	OTHER_OR_INSUFFICIENT	8	-0.019822622859294144	-0.3532056364717338	0.3135603907531455	0.8921476883572363	0.9930527113580683	30.903346293996627	-0.6306348074129683	0.59098956169438	0.5	4	4	0	0	5	-0.04888544187292708	0.6888692068880282	0.9897946958941124	6.115548034500077	0.6	1	0	-0.029975361843916824	0.9290829059202819	0.9998995945261049	1			0
S1_EXCLUDE_BCN12	s__Clostridium_symbiosum	OTHER_OR_INSUFFICIENT	8	-0.034101002936282744	-0.3054414299464952	0.2372394240739297	0.7749566146337031	0.9930527113580683	0.0	-0.3148839253608729	0.2466819194883074	0.5	4	4	0	0	5	-0.07714957754710153	0.5207825415589213	0.9897946958941124	0.0	0.6	1	0	-0.05532648177235358	0.8436353626133001	0.9998995945261049	1			0
S1_EXCLUDE_BCN12	s__Collinsella_SGB14861	CONSISTENT_NONSIGNIFICANT	9	0.10059191414171652	-0.15438682755596128	0.35557065583939435	0.38954346485264385	0.9930527113580683	0.0	-0.16086855272634404	0.3620523810097771	0.7777777777777778	7	2	0	0	5	0.1068191658472285	0.38539051120766016	0.9897946958941124	0.0	1.0	1	0	0.3636236699680988	0.2555099956842651	0.9998995945261049	1	0.477302604569965	Lee_Barcelona	0
S1_EXCLUDE_BCN12	s__Collinsella_SGB14987	CONSISTENT_NONSIGNIFICANT	5	0.17516117769533582	-0.22834889393902005	0.5786712493296917	0.2945355937132833	0.9930527113580683	0.0	-0.28735440949756497	0.6376767648882367	0.8	4	1	0	0	4	0.13735246999523326	0.43374090812487487	0.9897946958941124	0.0	0.75	1	0	0.5657378198389404	0.22170795311932243	0.9998995945261049	1	0.48920028671743315	Frankel_US	0
S1_EXCLUDE_BCN12	s__Collinsella_SGB15196	OTHER_OR_INSUFFICIENT	4	0.05289154049774809	-0.45419794061871094	0.5599810216142072	0.7617714264688085	0.9930527113580683	0.0	-0.6326911003149975	0.7384741813104938	0.75	3	1	0	0							0	0	0.2110302169555662	0.6924241856308557	0.9998995945261049	1	0.3578930595528722	Frankel_US	1
S1_EXCLUDE_BCN12	s__Collinsella_SGB4121	OTHER_OR_INSUFFICIENT	9	0.05420948193424842	-0.20023845173261506	0.3086574156011119	0.6364163203933727	0.9930527113580683	0.0	-0.20670668333877817	0.315125647207275	0.5555555555555556	5	4	0	0	5	0.05670911161439595	0.6325817090856295	0.9897946958941124	0.0	0.6	1	0	0.0862848109990852	0.718533461682956	0.9998995945261049	1			0
S1_EXCLUDE_BCN12	s__Collinsella_SGB62935	OTHER_OR_INSUFFICIENT	3	-0.0630570545229326	-0.8343467540475882	0.7082326450017229	0.7586196442962435	0.9930527113580683	0.0	-2.340760010948271	2.214645901902406	0.6666666666666666	1	2	0	0							0	0	-0.24760074369811125	0.5990121953458338	0.9998995945261049	1			0
S1_EXCLUDE_BCN12	s__Collinsella_aerofaciens	OTHER_OR_INSUFFICIENT	9	-0.002989286870662091	-0.35046964046127144	0.3444910667199473	0.9846584780857157	0.9930527113580683	38.47585372506669	-0.5302536010109147	0.5242750272695904	0.5555555555555556	5	4	0	0	5	0.024999869100121277	0.8397279890979157	0.9897946958941124	9.858361202626313	0.6	0	0	0.17435049212341694	0.6480014520227242	0.9998995945261049	0			0
S1_EXCLUDE_BCN12	s__Collinsella_bouchesdurhonensis	CONSISTENT_NONSIGNIFICANT	5	0.12412124173793355	-0.2682006406355152	0.5164431241113823	0.4293250536668573	0.9930527113580683	0.0	-0.3255701008084169	0.573812584284284	0.8	4	1	0	0	3	0.126418318846969	0.43767091539976605	0.9897946958941124	0.0	1.0	1	0	0.2799569826425116	0.49512671946143116	0.9998995945261049	1	0.4252783111155587	Lee_PRIMM_NL	0
S1_EXCLUDE_BCN12	s__Collinsella_intestinalis	OTHER_OR_INSUFFICIENT	3	0.03168840932141914	-0.7451991087513382	0.8085759273941765	0.8768470089162188	0.9930527113580683	0.0	-2.262545518325684	2.3259223369685227	0.6666666666666666	2	1	0	0	3	0.006457119632240819	0.9652948271838622	0.9897946958941124	0.0	0.6666666666666666	1	0	-0.01813154497863317	0.9675371784596448	0.9998995945261049	0			0
S1_EXCLUDE_BCN12	s__Coprobacillus_cateniformis	OTHER_OR_INSUFFICIENT	7	-0.06278247870691672	-0.3777001417075371	0.25213518429370363	0.6429893613854446	0.9930527113580683	0.0	-0.39361647462886645	0.268051517215033	0.7142857142857143	2	5	0	0	4	-0.047503601987825744	0.7294119597623838	0.9897946958941124	0.0	0.75	1	0	0.021835128622135165	0.9429249432829202	0.9998995945261049	0			0
S1_EXCLUDE_BCN12	s__Coprobacter_fastidiosus	OTHER_OR_INSUFFICIENT	7	0.0020717696860075964	-0.30599258899198933	0.3101361283640045	0.9874043343718464	0.9930527113580683	0.0	-0.3215625473544262	0.32570608672644136	0.5714285714285714	4	3	0	0	5	-0.0572406534132737	0.6297575563320842	0.9897946958941124	0.0	0.6	0	0	-0.04647831191321724	0.874463507140678	0.9998995945261049	0			0
S1_EXCLUDE_BCN12	s__Coprobacter_secundus	OTHER_OR_INSUFFICIENT	5	0.06013313704107914	-0.40781616621364775	0.528082440295806	0.7392797596485403	0.9930527113580683	0.0	-0.4762446684022329	0.5965109424843912	0.6	2	3	0	0							0	0	-0.21388759223671572	0.6697313718748925	0.9998995945261049	0			0
S1_EXCLUDE_BCN12	s__Coprococcus_SGB4669	CONSISTENT_NONSIGNIFICANT	8	-0.10178471942316356	-0.372470116517448	0.16890067767112085	0.4034368554784719	0.9930527113580683	0.0	-0.38188981723752546	0.17832037839119833	0.75	2	6	0	0	4	-0.09600191105817499	0.46177297306485854	0.9897946958941124	0.0	0.75	1	0	-0.09713083940839967	0.7163607256384164	0.9998995945261049	1	0.18787172762432805	Spencer_US	0
S1_EXCLUDE_BCN12	s__Coprococcus_catus	OTHER_OR_INSUFFICIENT	9	0.05254572460905265	-0.2026199955299709	0.3077114447480762	0.6475726717601613	0.9930527113580683	0.0	-0.20910647367283858	0.3141979228909439	0.5555555555555556	5	4	0	0	5	0.07472175402537687	0.5341201216709137	0.9897946958941124	0.0	0.6	1	0	0.11049969888590615	0.6770362865635561	0.9998995945261049	1			0
S1_EXCLUDE_BCN12	s__Coprococcus_comes	OTHER_OR_INSUFFICIENT	9	-0.007446263744261536	-0.3386770131074498	0.3237844856189267	0.9599269732395884	0.9930527113580683	32.894698977107325	-0.6084302253002899	0.5935376978117669	0.5555555555555556	4	5	0	0	5	-0.017260933925982484	0.9160580246251206	0.9897946958941124	36.80197925869431	0.6	1	0	0.249293477625632	0.4479300835665017	0.9998995945261049	0			0
S1_EXCLUDE_BCN12	s__Coprococcus_eutactus	OTHER_OR_INSUFFICIENT	7	0.11126738809978609	-0.26026383948252046	0.48279861568209265	0.49130014702410074	0.9930527113580683	28.983744175572223	-0.5249277562636936	0.7474625324632658	0.5714285714285714	4	3	0	0	3	0.09241917523032839	0.5608957682787452	0.9897946958941124	17.506584313899022	0.6666666666666666	1	0	0.26395550233625054	0.4656266448859526	0.9998995945261049	1			0
S1_EXCLUDE_BCN12	s__Corynebacterium_durum	OTHER_OR_INSUFFICIENT	4	0.004045112869505491	-0.4909759523586126	0.49906617809762355	0.9808859693054943	0.9930527113580683	0.0	-0.6652210854501255	0.6733113111891365	0.75	1	3	0	0							0	0	0.09056642284145774	0.8186798550787107	0.9998995945261049	1	0.5313576314431556	Lee_PRIMM_NL	1
S1_EXCLUDE_BCN12	s__Cuneatibacter_caecimuris	OTHER_OR_INSUFFICIENT	3	-0.030099355513885612	-0.8049690403215631	0.7447703292937918	0.8826351799440239	0.9930527113580683	0.0	-2.3183744005513316	2.25817568952356	0.6666666666666666	1	2	0	0							0	0	-0.12071166543261724	0.7834008794112467	0.9998995945261049	1			0
S1_EXCLUDE_BCN12	s__Desulfovibrio_SGB5077	CONSISTENT_NONSIGNIFICANT	5	0.24186541629297173	-0.22779472616788235	0.7115255587538258	0.2259929184026417	0.9930527113580683	9.582103427615497	-0.5272246690584824	1.0109555016444258	0.8	4	1	1	0	5	0.1353932118833992	0.2861116688985069	0.9897946958941124	0.0	0.8	1	0	0.5714532903160797	0.2132125645852395	0.9998995945261049	1	0.4107344050531497	Spencer_US	0
S1_EXCLUDE_BCN12	s__Desulfovibrio_desulfuricans	OTHER_OR_INSUFFICIENT	3	0.030029645323543443	-0.8462830126286502	0.9063423032757372	0.8963033356068051	0.9930527113580683	0.0	-2.5578176089076927	2.6178768995547794	0.6666666666666666	1	2	0	0	3	0.030029645323543443	0.8963033356068051	0.9897946958941124	0.0	0.6666666666666666	1	0	-0.11241509308359986	0.8365073824321206	0.9998995945261049	0			0
S1_EXCLUDE_BCN12	s__Desulfovibrio_fairfieldensis	OTHER_OR_INSUFFICIENT	5	0.007912727063045024	-0.36343843485691957	0.3792638889830096	0.9556620855978123	0.9930527113580683	0.0	-0.41774133428636934	0.4335667884124594	0.6	2	3	0	0	4	0.029800956660165502	0.8574335889605926	0.9897946958941124	0.0	0.5	1	0	0.13502310790128205	0.7555527258827601	0.9998995945261049	1			0
S1_EXCLUDE_BCN12	s__Desulfovibrio_piger	DOMAIN_SPECIFIC	6	-0.10217501961486712	-0.7057423509495323	0.5013923117197981	0.6815880053944755	0.9930527113580683	52.80621315393667	-1.3626886969193717	1.1583386576896373	0.5	3	3	0	1							0	0	0.1383173762513243	0.7483487595081845	0.9998995945261049	0	0.5592614941031606	Lee_Leeds	1
S1_EXCLUDE_BCN12	s__Dialister_invisus	OTHER_OR_INSUFFICIENT	8	0.03203339641301017	-0.23351587072942903	0.2975826635554494	0.7837107864162585	0.9930527113580683	0.0	-0.24275683700512352	0.30682362983114386	0.625	3	5	0	0	5	0.05054460729699859	0.6912202996890215	0.9897946958941124	0.0	0.6	1	0	0.20390251367514972	0.43288264434502177	0.9998995945261049	1			0
S1_EXCLUDE_BCN12	s__Dielma_fastidiosa	OTHER_OR_INSUFFICIENT	7	-0.0884127115395431	-0.4973242868423849	0.32049886376329867	0.6157570154402685	0.9930527113580683	35.430932452892264	-0.7049563929365524	0.5281309698574662	0.7142857142857143	2	5	1	0	5	-0.10262826819652707	0.41925651098594346	0.9897946958941124	0.030032778767566274	0.8	1	0	-0.161383245586993	0.6631220065003994	0.9998995945261049	1			0
S1_EXCLUDE_BCN12	s__Dorea_formicigenerans	CONSISTENT_NONSIGNIFICANT	9	0.22312141898999496	-0.031881081432025477	0.4781239194120154	0.07833731096410655	0.9930527113580683	0.0	-0.03836341040504879	0.48460624838503874	1.0	9	0	0	0	5	0.24671586024918188	0.08865575438501709	0.9897946958941124	0.0	1.0	1	1	0.4815701793247217	0.13041943522204938	0.9998995945261049	1	0.31491900740680107	Spencer_US	0
S1_EXCLUDE_BCN12	s__Dorea_longicatena	OTHER_OR_INSUFFICIENT	9	0.03944142433492151	-0.21534095673267592	0.2942238054025189	0.7303403559264363	0.9930527113580683	0.0	-0.22181769014699257	0.30070053881683556	0.5555555555555556	5	4	0	0	5	0.06367864048830213	0.5929290636630119	0.9897946958941124	0.0	0.6	1	0	0.22799731671633566	0.43846217062205706	0.9998995945261049	1			0
S1_EXCLUDE_BCN12	s__Dorea_phocaeensis	OTHER_OR_INSUFFICIENT	3	-0.08541415351567291	-1.0953224261912589	0.924494119159913	0.7508003817263061	0.9930527113580683	18.444426019645846	-3.9822348983303284	3.811406591298983	0.6666666666666666	1	2	0	0	3	-0.08541415351567291	0.7508003817263061	0.9897946958941124	18.444426019645846	0.6666666666666666	1	0	-0.007146062265802947	0.9898322081358286	0.9998995945261049	1			0
S1_EXCLUDE_BCN12	s__Dorea_sp_AF24_7LB	OTHER_OR_INSUFFICIENT	7	0.024623284757875327	-0.43056006025740495	0.47980662977315564	0.8990218687205094	0.9930527113580683	41.07922985576985	-0.8067036061722409	0.8559501756879916	0.5714285714285714	3	4	0	0	3	0.06149661235377591	0.686046233347002	0.9897946958941124	0.0	0.6666666666666666	1	0	-0.09337498490846416	0.8147718891664469	0.9998995945261049	0			0
S1_EXCLUDE_BCN12	s__Dorea_sp_AF36_15AT	OTHER_OR_INSUFFICIENT	9	0.10388180761871715	-0.20083239956709878	0.4085960148045331	0.4544316503867142	0.9930527113580683	25.23142591789766	-0.323529268464424	0.5312928837018583	0.6666666666666666	6	3	1	0	5	0.08746643091675019	0.5763719408215713	0.9897946958941124	20.56548012706496	0.6	1	0	0.22652680499869723	0.4287959157197332	0.9998995945261049	1			0
S1_EXCLUDE_BCN12	s__Dysosmobacter_sp_BX15	OTHER_OR_INSUFFICIENT	9	0.10702336943254298	-0.16541469180880697	0.37946143067389293	0.39146549475346887	0.9930527113580683	11.496173348796727	-0.18738605016063953	0.4014327890257255	0.5555555555555556	5	4	0	0	5	0.07756863522530195	0.5191699192425728	0.9897946958941124	0.0	0.6	1	0	0.4704353979022807	0.13415178866682662	0.9998995945261049	1			0
S1_EXCLUDE_BCN12	s__Dysosmobacter_sp_NSJ_60	OTHER_OR_INSUFFICIENT	9	-0.0925109776721787	-0.3617078494475151	0.17668589410315771	0.4509447281950826	0.9930527113580683	7.768594630144111	-0.4538111142892066	0.2687891589448492	0.6666666666666666	3	6	0	1	5	-0.12160396942869191	0.49734834224870433	0.9897946958941124	40.04319701803515	0.6	1	0	-0.20828399600293768	0.47471075699257315	0.9998995945261049	1			0
S1_EXCLUDE_BCN12	s__Dysosmobacter_welbionis	OTHER_OR_INSUFFICIENT	9	0.013119167049072974	-0.30037474427986455	0.32661307837801046	0.9254954558111468	0.9930527113580683	15.560750497314647	-0.5928941583611193	0.6191324924592653	0.5555555555555556	5	4	1	0	5	0.059315479919168655	0.7469256917423835	0.9897946958941124	50.0768068425129	0.6	1	0	-0.0029191652806186933	0.9969099386032989	0.9998995945261049	0			0
S1_EXCLUDE_BCN12	s__Eggerthella_lenta	OTHER_OR_INSUFFICIENT	8	-0.08536220084670498	-0.3504244759287311	0.17970007423532114	0.4712199220050854	0.9930527113580683	0.0	-0.3596484951565298	0.18892409346311984	0.5	4	4	0	0	5	-0.038505275327835015	0.7432825646006745	0.9897946958941124	0.0	0.6	1	0	-0.060765660740603	0.838258595863639	0.9998995945261049	1			0
S1_EXCLUDE_BCN12	s__Eisenbergiella_massiliensis	DOMAIN_SPECIFIC	7	0.0816856065298426	-0.4377175707431764	0.6010887838028616	0.713640700145642	0.9930527113580683	63.64708640965699	-1.185827562606328	1.349198775666013	0.5714285714285714	3	4	1	0	5	0.10483650604773978	0.7371980128477678	0.9897946958941124	74.09333958598748	0.6	1	0	0.09245325048254213	0.840000640866276	0.9998995945261049	1	0.409050208246048	Frankel_US	1
S1_EXCLUDE_BCN12	s__Eisenbergiella_tayi	CONSISTENT_NONSIGNIFICANT	8	0.007145422062008729	-0.2576819663278822	0.2719728104518997	0.9509124174556012	0.9930527113580683	0.0	-0.2668978116310936	0.2811886557551111	0.75	2	6	0	0	5	0.024414368179592142	0.8347753131672675	0.9897946958941124	0.0	0.6	1	0	0.010746774045724463	0.9690735116594548	0.9998995945261049	1	0.2884810525999148	Lee_PRIMM_UK	1
S1_EXCLUDE_BCN12	s__Ellagibacter_isourolithinifaciens	OTHER_OR_INSUFFICIENT	6	0.0825269429054294	-0.28841436458957703	0.4534682504004358	0.5921384440762402	0.9930527113580683	0.0	-0.31812094326914414	0.4831748290800029	0.6666666666666666	4	2	0	0							0	0	0.09628704157418187	0.7594200609112656	0.9998995945261049	1			0
S1_EXCLUDE_BCN12	s__Emergencia_timonensis	OTHER_OR_INSUFFICIENT	3	-0.02974099939136595	-1.6024538685213199	1.542971869738588	0.9425606124870312	0.9930527113580683	73.99490888102551	-8.31542062933423	8.255938630551498	0.6666666666666666	2	1	0	1	3	-0.02974099939136595	0.9425606124870312	0.9897946958941124	73.99490888102551	0.6666666666666666	1	0	0.012319070614939679	0.9890252079497154	0.9998995945261049	0			0
S1_EXCLUDE_BCN12	s__Enterocloster_SGB14313	OTHER_OR_INSUFFICIENT	5	0.20262430125784306	-0.23120797956871816	0.6364565820844043	0.26446112674739647	0.9930527113580683	0.648157932509773	-0.388885277716556	0.7941338802322421	0.8	4	1	1	0							0	0	0.5811736500452862	0.20159741036704268	0.9998995945261049	1	0.42684792614218015	Lee_PRIMM_NL	0
S1_EXCLUDE_BCN12	s__Enterocloster_aldenensis	CONSISTENT_NONSIGNIFICANT	6	-0.05413500215544181	-0.3854721780499334	0.27720217373904976	0.6919295712824134	0.9930527113580683	0.0	-0.41200708731229685	0.3037370830014132	0.8333333333333334	1	5	0	0	5	-0.04496369689718619	0.7028937133972611	0.9897946958941124	0.0	0.8	1	0	-0.11134982983967756	0.7125794897685533	0.9998995945261049	1	0.4729323619830356	Lee_Leeds	0
S1_EXCLUDE_BCN12	s__Enterocloster_asparagiformis	OTHER_OR_INSUFFICIENT	4	-0.2126584399059231	-0.8189026142099705	0.3935857343981242	0.3456361250632253	0.9930527113580683	33.122798258221195	-1.0861715294805057	0.6608546496686594	0.75	1	3	0	1	4	-0.2126584399059231	0.3456361250632253	0.9897946958941124	33.122798258221195	0.75	1	0	-0.529671727297618	0.39170840805986734	0.9998995945261049	1	0.6739748902108833	Frankel_US	0
S1_EXCLUDE_BCN12	s__Enterocloster_bolteae	OTHER_OR_INSUFFICIENT	9	-0.18178243479756293	-0.43725796643920944	0.07369309684408357	0.1394621281229273	0.9930527113580683	0.0	-0.4437523201738529	0.08018745057872703	0.6666666666666666	3	6	0	1	5	-0.18205574831170057	0.1729923782709396	0.9897946958941124	0.0	1.0	1	0	-0.4821798749724755	0.1707901710327105	0.9998995945261049	1	0.27559300135518927	Lee_PRIMM_UK	0
S1_EXCLUDE_BCN12	s__Enterocloster_citroniae	OTHER_OR_INSUFFICIENT	7	-0.023455639151111624	-0.34712254029200607	0.30021126198978276	0.8650887179359348	0.9930527113580683	8.347206453158394	-0.36348107073716507	0.3165697924349419	0.5714285714285714	4	3	0	0	5	-0.0004800491967756259	0.9967208467356411	0.9991940994570695	0.0	0.6	1	0	-0.046757833223587585	0.9033691715731325	0.9998995945261049	1			0
S1_EXCLUDE_BCN12	s__Enterocloster_clostridioformis	CONSISTENT_NONSIGNIFICANT	5	-0.12064861345985256	-0.49259525569478696	0.25129802877508184	0.41872294292954576	0.9930527113580683	0.0	-0.5469852325601104	0.3056880056404053	0.8	1	4	0	0	5	-0.08094090099623014	0.5018846270637841	0.9897946958941124	0.0	0.8	1	0	-0.3221342454801153	0.32398866646302266	0.9998995945261049	1	0.33445560794457607	Matson_US	0
S1_EXCLUDE_BCN12	s__Enterocloster_lavalensis	OTHER_OR_INSUFFICIENT	7	-0.007819578158190172	-0.35063353653972645	0.3349943802233461	0.9573021667223133	0.9930527113580683	7.871886144504438	-0.518339022924017	0.5026998666076368	0.5714285714285714	3	4	0	0	5	-0.0216716872083126	0.8531939097317346	0.9897946958941124	0.0	0.8	1	0	-0.04273411536175378	0.8912814326617952	0.9998995945261049	1			0
S1_EXCLUDE_BCN12	s__Enterococcus_SGB6173	OTHER_OR_INSUFFICIENT	4	0.20271378577408236	-0.36757615876809857	0.7730037303162633	0.34021689672799943	0.9930527113580683	0.0	-0.6156141610241863	1.021041732572351	0.75	3	1	0	0							0	0	0.5057804802788278	0.21757141844778186	0.9998995945261049	1	0.6349038470914267	Lee_PRIMM_UK	0
S1_EXCLUDE_BCN12	s__Enterococcus_faecalis	OTHER_OR_INSUFFICIENT	5	0.11100293841384644	-0.4109792326181434	0.6329851094458363	0.5866469751347617	0.9930527113580683	40.51733304445948	-0.933890386929557	1.1558962637572499	0.6	3	2	1	0	3	0.16996743964281133	0.5518029600963673	0.9897946958941124	57.47228522410588	0.6666666666666666	1	0	0.29966330024198146	0.4291818316815472	0.9998995945261049	1			0
S1_EXCLUDE_BCN12	s__Erysipelatoclostridium_ramosum	CONSISTENT_NONSIGNIFICANT	8	-0.14483625369405265	-0.4108352356790438	0.12116272829093847	0.23883865052864098	0.9930527113580683	0.0	-0.42009185186689924	0.1304193444787939	0.75	2	6	0	0	5	-0.11383776859873655	0.35831035952931656	0.9897946958941124	0.0	0.8	1	0	-0.1629864642039759	0.5435285207933561	0.9998995945261049	1	0.3689804600380151	Lee_Leeds	0
S1_EXCLUDE_BCN12	s__Escherichia_coli	OTHER_OR_INSUFFICIENT	9	-0.06783199706335413	-0.3642115014475166	0.2285475073208083	0.6119779750021495	0.9930527113580683	21.360897024231956	-0.5019910820771614	0.3663270879504531	0.5555555555555556	5	4	0	0	5	-0.07919226588876604	0.5874145778992866	0.9897946958941124	32.80396800899141	0.6	1	0	-0.1967013813726877	0.5036596838357712	0.9998995945261049	1			0
S1_EXCLUDE_BCN12	s__Eubacterium_SGB4671	OTHER_OR_INSUFFICIENT	3	0.14091559707510826	-0.7359334938263866	1.0177646879766031	0.5607528597480599	0.9930527113580683	0.0	-2.4485158024066975	2.730346996556914	0.6666666666666666	2	1	0	0							0	0	0.5705105021515583	0.3118762439067116	0.9998995945261049	1			0
S1_EXCLUDE_BCN12	s__Eubacterium_SGB6276	OTHER_OR_INSUFFICIENT	6	0.07887057593574276	-0.35307155533049533	0.5108127072019808	0.6585566844247861	0.9930527113580683	24.122761670061344	-0.6535804381551366	0.8113215900266221	0.5	3	3	0	0	3	0.1375416892626417	0.6318476130395445	0.9897946958941124	54.60620449294991	0.6666666666666666	1	0	-0.01458434423028735	0.9733725707449336	0.9998995945261049	0			0
S1_EXCLUDE_BCN12	s__Eubacterium_callanderi	OTHER_OR_INSUFFICIENT	3	0.06292318357661916	-0.8112219559955082	0.9370683231487466	0.786068035309929	0.9930527113580683	0.0	-2.518523151472137	2.6443695186253757	0.6666666666666666	1	2	0	0	3	0.05228578929321116	0.7291369235878162	0.9897946958941124	0.0	0.6666666666666666	1	0	0.13803227803100485	0.746992565459655	0.9998995945261049	1			0
S1_EXCLUDE_BCN12	s__Eubacterium_ramulus	OTHER_OR_INSUFFICIENT	9	-0.010503563883664975	-0.2646315161765547	0.2436243884092248	0.9264117597408239	0.9930527113580683	0.0	-0.2710916135745836	0.2500844858072537	0.5555555555555556	4	5	0	0	5	-0.0022859122823586688	0.9843787370901486	0.9954850990353296	0.0	0.6	1	0	0.006308879920518127	0.9787419282054605	0.9998995945261049	0			0
S1_EXCLUDE_BCN12	s__Eubacterium_sp_AF16_48	CONSISTENT_NONSIGNIFICANT	8	-0.21226896962774588	-0.4840343460236162	0.059496406768124455	0.10724638358143856	0.9930527113580683	0.0	-0.49349162941321145	0.06895369015771968	0.75	2	6	0	0	4	-0.22231259678816703	0.14715672730645446	0.9897946958941124	0.0	0.75	1	0	-0.4177347610166804	0.1673222011210564	0.9998995945261049	1	0.3663408387372731	Spencer_US	0
S1_EXCLUDE_BCN12	s__Eubacterium_sp_AF34_35BH	OTHER_OR_INSUFFICIENT	6	0.1154217843171174	-0.1989573209321468	0.4298008895663816	0.3886218773243304	0.9930527113580683	0.0	-0.22413415484340504	0.4549777234776399	0.6666666666666666	4	2	0	0	4	0.14616259242658758	0.3018937101253013	0.9897946958941124	5.277563690537999	0.75	1	0	0.6062637983473381	0.17601745762788612	0.9998995945261049	1			0
S1_EXCLUDE_BCN12	s__Eubacterium_ventriosum	OTHER_OR_INSUFFICIENT	9	0.12932256524393052	-0.12534799924034454	0.38399312972820554	0.27529557235617785	0.9930527113580683	0.0	-0.13182189018782123	0.3904670206756823	0.6666666666666666	6	3	0	0	5	0.1030557985836918	0.4016893166236524	0.9897946958941124	0.0	0.6	1	0	0.37378746139830504	0.1925714109343153	0.9998995945261049	1			0
S1_EXCLUDE_BCN12	s__Faecalibacillus_faecis	OTHER_OR_INSUFFICIENT	6	0.14729615744987065	-0.21761181538351929	0.5122041302832606	0.3469971236591013	0.9930527113580683	8.001997506261217	-0.24683521867590122	0.5414275335756426	0.6666666666666666	4	2	0	0	3	0.19422601874147435	0.34348079667097986	0.9897946958941124	2.7436851253617243	1.0	1	0	0.17195758359378382	0.6207461927550938	0.9998995945261049	1			0
S1_EXCLUDE_BCN12	s__Faecalibacillus_intestinalis	CONSISTENT_NONSIGNIFICANT	9	0.2778736595136385	0.0221978692831728	0.5335494497441042	0.03658618978426392	0.9930527113580683	0.0	0.015698424814699408	0.5400488942125776	0.7777777777777778	7	2	0	0	5	0.29477793075042485	0.05593245429461697	0.9897946958941124	0.0	0.8	1	1	0.7472460160405181	0.017692543080863505	0.9998995945261049	1	0.23642264316864525	Matson_US	0
S1_EXCLUDE_BCN12	s__Faecalibacterium_SGB15315	OTHER_OR_INSUFFICIENT	9	-0.01456597934353332	-0.3107931209248701	0.28166116223780346	0.912515214555568	0.9930527113580683	25.43018302665222	-0.31832340689043864	0.289191448203372	0.5555555555555556	5	4	0	0	5	0.04745828413903164	0.7627100787523978	0.9897946958941124	33.555628231743086	0.8	0	0	0.03494977418211532	0.893275454544628	0.9998995945261049	0			0
S1_EXCLUDE_BCN12	s__Faecalibacterium_SGB15346	CONSISTENT_NONSIGNIFICANT	9	0.16422621071532886	-0.09065435267969288	0.4191067741103506	0.17563256730237578	0.9930527113580683	0.0	-0.09713358200735886	0.42558600343801656	0.7777777777777778	7	2	0	0	5	0.175126345380214	0.18660759120472226	0.9897946958941124	0.0	1.0	1	0	0.38012235618232515	0.16206626077901456	0.9998995945261049	1	0.30235026333062054	Spencer_US	0
S1_EXCLUDE_BCN12	s__Faecalibacterium_prausnitzii	OTHER_OR_INSUFFICIENT	9	0.1225555235435772	-0.13208894827496753	0.3771999953621219	0.29931308824828295	0.9930527113580683	0.0	-0.13856217594655268	0.38367322303370704	0.5555555555555556	5	4	0	0	5	0.14890827135941498	0.24686710177428106	0.9897946958941124	0.0	0.8	1	0	0.427650427021973	0.4133892144893739	0.9998995945261049	1			0
S1_EXCLUDE_BCN12	s__Faecalicatena_contorta	CONSISTENT_NONSIGNIFICANT	5	0.27453586154817655	-0.11964046108094245	0.6687121841772956	0.1252757485488864	0.9930527113580683	0.0	-0.17728109716494317	0.7263528202612963	1.0	5	0	0	0	3	0.29029654191929166	0.15885952029096756	0.9897946958941124	0.0	1.0	1	0	0.6111648781552192	0.14328860998695356	0.9998995945261049	1	0.41821005360303737	Lee_PRIMM_NL	0
S1_EXCLUDE_BCN12	s__Faecalicatena_fissicatena	OTHER_OR_INSUFFICIENT	9	-0.0007205830695195465	-0.2551928043482369	0.25375163820919777	0.9949498607764956	0.9949498607764957	0.0	-0.26166165330516017	0.26022048716612106	0.5555555555555556	4	5	0	0	5	0.0038553068433243983	0.9736735884802331	0.9908416366398342	0.0	0.6	0	0	0.05660269935554236	0.8196144782608111	0.9998995945261049	0			0
S1_EXCLUDE_BCN12	s__Faecalimonas_umbilicata	OTHER_OR_INSUFFICIENT	6	0.025557122911960287	-0.3783736072208447	0.4294878530447652	0.8771681028691839	0.9930527113580683	29.397813539796246	-0.6387388203709601	0.6898530661948807	0.6666666666666666	2	4	0	0	5	0.024820148174157217	0.854562195501665	0.9897946958941124	18.516497435529768	0.6	1	0	0.12612132078292704	0.7853455336552427	0.9998995945261049	1			0
S1_EXCLUDE_BCN12	s__Flavonifractor_plautii	OTHER_OR_INSUFFICIENT	9	-0.0297132716213411	-0.28492239969094146	0.22549585644825929	0.7951221782414682	0.9930527113580683	0.0	-0.29140998132079343	0.23198343807811125	0.5555555555555556	4	5	0	0	5	-0.0443951312864116	0.7066625357603231	0.9897946958941124	0.0	0.6	1	0	0.032184939763172334	0.9287262996061765	0.9998995945261049	0			0
S1_EXCLUDE_BCN12	s__Flavonifractor_sp_An100	OTHER_OR_INSUFFICIENT	3	0.46386034177190294	-0.25110960926793213	1.178830292811738	0.1079461480206772	0.9930527113580683	0.0	-1.6475242282421128	2.5752449117859184	1.0	3	0	1	0	3	0.46386034177190294	0.1079461480206772	0.9897946958941124	0.0	1.0	1	0	1.3516868513892513	0.18107561750020715	0.9998995945261049	1			0
S1_EXCLUDE_BCN12	s__Fusicatenibacter_saccharivorans	CONSISTENT_NONSIGNIFICANT	9	0.20011140547463574	-0.05485625188951743	0.4550790628387889	0.10791246157750181	0.9930527113580683	0.0	-0.06133769514069731	0.4615605060899688	0.7777777777777778	7	2	0	0	5	0.20317057784594275	0.13852350508904346	0.9897946958941124	0.0	0.8	1	0	0.7065270248584843	0.21946023141703988	0.9998995945261049	1	0.28422289868573086	Lee_PRIMM_UK	0
S1_EXCLUDE_BCN12	s__GGB10485_SGB49305	OTHER_OR_INSUFFICIENT	4	-0.06179710450689701	-0.567978476239573	0.44438426722577895	0.7235574043375524	0.9930527113580683	0.0	-0.7461519856154225	0.6225577766016285	0.5	2	2	0	0							0	0	-0.06813576190169449	0.8718555284963341	0.9998995945261049	1			0
S1_EXCLUDE_BCN12	s__GGB10692_SGB17347	OTHER_OR_INSUFFICIENT	4	0.13749063000123937	-0.3573315329895568	0.6323127929920356	0.44167345144490044	0.9930527113580683	0.0	-0.5315066534131634	0.8064879134156422	1.0	4	0	0	0							0	0	0.6720753862542993	0.21004898881081877	0.9998995945261049	1	0.37579611058914747	Lee_PRIMM_NL	0
S1_EXCLUDE_BCN12	s__GGB1266_SGB1699	OTHER_OR_INSUFFICIENT	6	0.08820469705470182	-0.23138926001682938	0.40779865412623306	0.5097460977270035	0.9930527113580683	0.0	-0.25698372169370953	0.43339311580311324	0.6666666666666666	4	2	0	0	3	0.08750250174314009	0.563121514388747	0.9897946958941124	0.0	0.6666666666666666	1	0	0.2625419931508705	0.4705565038545997	0.9998995945261049	1			0
S1_EXCLUDE_BCN12	s__GGB14025_SGB14906	CONSISTENT_NONSIGNIFICANT	6	0.27436475864128057	-0.07536772549264803	0.6240972427752092	0.09979984710299922	0.9930527113580683	0.0	-0.10337581023158804	0.6521053275141492	1.0	6	0	0	0	3	0.23901614872974344	0.21137517737780953	0.9897946958941124	0.0	1.0	1	0	0.440473508814655	0.21749590832651344	0.9998995945261049	1	0.42386190748602126	Lee_Manchester	0
S1_EXCLUDE_BCN12	s__GGB1495_SGB2071	OTHER_OR_INSUFFICIENT	3	-0.3625606530845598	-1.2647037722217207	0.5395824660526012	0.22591669965814828	0.9930527113580683	0.0	-3.2536767582562653	2.5285554520871454	1.0	0	3	0	1							0	0	-0.6474827467782812	0.3046217266715586	0.9998995945261049	1			0
S1_EXCLUDE_BCN12	s__GGB16040_SGB9347	OTHER_OR_INSUFFICIENT	6	0.08541763192282452	-0.25535984636134657	0.42619511020699563	0.5477518618687474	0.9930527113580683	12.596662264973485	-0.28265077566805213	0.4534860395137012	0.6666666666666666	2	4	1	0	4	0.1430616337446643	0.48130093205464186	0.9897946958941124	43.94569966336459	0.75	1	0	0.13448449281781683	0.7385043129379539	0.9998995945261049	1			0
S1_EXCLUDE_BCN12	s__GGB2653_SGB3574	OTHER_OR_INSUFFICIENT	9	0.06087576528140251	-0.19397083554914377	0.3157223661119488	0.5967859262646008	0.9930527113580683	0.0	-0.20044920146390374	0.32220073202670874	0.5555555555555556	5	4	1	0	5	0.05589081837962718	0.6371985526203151	0.9897946958941124	0.0	0.8	1	0	0.18201571267851466	0.4926311698926629	0.9998995945261049	1			0
S1_EXCLUDE_BCN12	s__GGB2848_SGB3813	OTHER_OR_INSUFFICIENT	8	-0.04660548007625778	-0.33134723269772604	0.23813627254521044	0.7102292726257087	0.9930527113580683	0.0	-0.34125608668956187	0.24804512653704633	0.625	5	3	0	0	5	-0.05232690269375283	0.658851910415169	0.9897946958941124	0.0	0.6	1	0	-0.2025687250254338	0.4705757145199203	0.9998995945261049	1			0
S1_EXCLUDE_BCN12	s__GGB2970_SGB3952	OTHER_OR_INSUFFICIENT	8	0.08626581356870966	-0.18475842582247948	0.3572900529598988	0.47620400279272895	0.9930527113580683	0.0	-0.19418991805897418	0.3667215451963935	0.625	5	3	0	0	5	0.06719970044773642	0.5736945263672096	0.9897946958941124	0.0	0.6	1	0	0.2867187407023737	0.38246499439044934	0.9998995945261049	1			0
S1_EXCLUDE_BCN12	s__GGB2977_SGB3959	OTHER_OR_INSUFFICIENT	6	0.009422144209683061	-0.36026163443838605	0.3791059228577522	0.9503016432269421	0.9930527113580683	0.0	-0.3898675047907615	0.4087117932101276	0.6666666666666666	4	2	0	0							0	0	0.04978745830564119	0.8756915261820284	0.9998995945261049	1			0
S1_EXCLUDE_BCN12	s__GGB2980_SGB3962	OTHER_OR_INSUFFICIENT	6	0.048243753082949516	-0.3223315141259071	0.4188190202918062	0.7514680923105632	0.9930527113580683	10.923147927146157	-0.3520087787165428	0.44849628488244186	0.6666666666666666	2	4	1	0	3	0.08446316835491513	0.5863279922795739	0.9897946958941124	0.0	0.6666666666666666	1	0	0.014826511815940276	0.9571970986693424	0.9998995945261049	1			0
S1_EXCLUDE_BCN12	s__GGB2987_SGB3969	OTHER_OR_INSUFFICIENT	5	-0.05342698385334083	-0.48579970031045516	0.3789457326037735	0.7488128392942762	0.9930527113580683	0.0	-0.5490258173304218	0.44217184962374007	0.6	2	3	0	0	3	-0.05489701803948309	0.7168392643291794	0.9897946958941124	0.0	0.6666666666666666	1	0	0.020405105207942798	0.9515861646124201	0.9998995945261049	0			0
S1_EXCLUDE_BCN12	s__GGB2998_SGB3988	OTHER_OR_INSUFFICIENT	9	-0.012049141023769087	-0.2667237819282004	0.24262549988066223	0.9158090214819938	0.9930527113580683	0.0	-0.273197776524647	0.24909949447710883	0.5555555555555556	4	5	0	0	5	-0.06097400111925029	0.6081015473547111	0.9897946958941124	0.0	0.6	1	0	0.049902605168719215	0.8626905450904367	0.9998995945261049	0			0
S1_EXCLUDE_BCN12	s__GGB3000_SGB3991	OTHER_OR_INSUFFICIENT	6	-0.04824550840003191	-0.36793818389796223	0.27144716709789846	0.7140323585996207	0.9930527113580683	0.0	-0.39354055138557237	0.2970495345855086	0.5	3	3	0	0	3	-0.04901416382617437	0.7249032337684502	0.9897946958941124	0.0	0.6666666666666666	1	0	-0.20187895579899304	0.5651426315554144	0.9998995945261049	1			0
S1_EXCLUDE_BCN12	s__GGB3005_SGB3996	STRONG_DIRECTION_REVERSAL	9	-0.025456069744972554	-0.3453109772704786	0.2943988377805335	0.8589512926565626	0.9930527113580683	29.959463657964342	-0.5136414349118876	0.4627292954219426	0.5555555555555556	5	4	1	1	5	-0.06110100979975345	0.7067769633275162	0.9897946958941124	34.24922738831704	0.6	1	0	-0.061023631177611566	0.8166893641884702	0.9998995945261049	1			0
S1_EXCLUDE_BCN12	s__GGB3034_SGB4030	CONSISTENT_NONSIGNIFICANT	5	0.18579138765648937	-0.21529872224526111	0.5868814975582398	0.26780753191099327	0.9930527113580683	0.0	-0.2739503653428863	0.6455331406558651	0.8	4	1	0	0	3	0.11288157829692304	0.4867193660264618	0.9897946958941124	2.64289158379344	0.6666666666666666	1	0	0.36843541431392024	0.33798329111617587	0.9998995945261049	1	0.3591004111321901	Lee_PRIMM_NL	0
S1_EXCLUDE_BCN12	s__GGB3057_SGB4059	OTHER_OR_INSUFFICIENT	3	-0.20002567591421055	-0.9089121331879451	0.5088607813595241	0.3486237956746011	0.9930527113580683	0.0	-2.293445023792357	1.8933936719639362	0.6666666666666666	1	2	0	0	3	-0.20002567591421055	0.3486237956746011	0.9897946958941124	0.0	0.6666666666666666	1	0	-0.4017330697957996	0.47047529564491275	0.9998995945261049	1			0
S1_EXCLUDE_BCN12	s__GGB3061_SGB4063	OTHER_OR_INSUFFICIENT	7	0.13070370131858983	-0.15561030812004	0.41701771075721966	0.30670630473173305	0.9930527113580683	0.0	-0.17008097667959204	0.4314883793167717	0.7142857142857143	5	2	0	0	5	0.20025860091648592	0.14327498359164434	0.9897946958941124	0.0	0.8	1	0	0.37450212448689224	0.2375727957755856	0.9998995945261049	1			0
S1_EXCLUDE_BCN12	s__GGB3109_SGB4119	OTHER_OR_INSUFFICIENT	4	0.09183662406648663	-0.42946509034947067	0.6131383384824439	0.614185629463344	0.9930527113580683	0.0	-0.61296089075889	0.7966341388918633	0.75	3	1	0	0	3	0.142749689313141	0.5562263217293667	0.9897946958941124	0.0	1.0	1	0	0.23227108510977654	0.5728819640061992	0.9998995945261049	1	0.8337421783779448	Gopalakrishnan_US	0
S1_EXCLUDE_BCN12	s__GGB31234_SGB14869	OTHER_OR_INSUFFICIENT	4	-0.10734521324355707	-0.6437157595214551	0.429025333034341	0.5694576036804246	0.9930527113580683	4.016726997446292	-0.8325157192511424	0.6178252927640283	0.5	2	2	0	0	3	-0.054013938551919306	0.7209932376619024	0.9897946958941124	0.0	0.6666666666666666	1	0	-0.01732605293743514	0.9679548159864906	0.9998995945261049	1			0
S1_EXCLUDE_BCN12	s__GGB3167_SGB4181	OTHER_OR_INSUFFICIENT	3	-0.15183445048068414	-0.8865743600599734	0.5829054590986051	0.46773767480870776	0.9930527113580683	0.0	-2.3216018740803106	2.017932973118942	0.6666666666666666	1	2	0	0	3	-0.019941640165301082	0.9062864059237142	0.9897946958941124	25.970899924452056	0.6666666666666666	1	0	-0.2159809036191749	0.6096895826200609	0.9998995945261049	1			0
S1_EXCLUDE_BCN12	s__GGB3175_SGB4191	OTHER_OR_INSUFFICIENT	7	-0.04425928135806037	-0.3686016355996682	0.2800830728835475	0.749814708553563	0.9930527113580683	0.0	-0.384994304241397	0.29647574152527634	0.5714285714285714	3	4	0	0	3	-0.04451574937585708	0.7672009021785009	0.9897946958941124	0.0	0.6666666666666666	1	0	-0.04771463687211571	0.8760910048599455	0.9998995945261049	1			0
S1_EXCLUDE_BCN12	s__GGB3256_SGB4303	OTHER_OR_INSUFFICIENT	7	-0.0629032223273811	-0.3486042314446119	0.22279778678984968	0.6094571353047543	0.9930527113580683	0.0	-0.3630439182012562	0.237237473546494	0.5714285714285714	4	3	0	0	4	-0.07014229036845897	0.5820364099513929	0.9897946958941124	0.0	0.75	1	0	-0.12489662567068693	0.6566775679576675	0.9998995945261049	1			0
S1_EXCLUDE_BCN12	s__GGB3277_SGB4327	OTHER_OR_INSUFFICIENT	6	-0.150710726431054	-0.5207411472509095	0.2193196943888015	0.3430587480682282	0.9930527113580683	0.0	-0.5503747782137585	0.24895332535165055	0.8333333333333334	1	5	0	0							0	0	-0.20995208599803067	0.5248619257267426	0.9998995945261049	1	0.32643427327402225	Lee_PRIMM_UK	0
S1_EXCLUDE_BCN12	s__GGB32900_SGB53446	OTHER_OR_INSUFFICIENT	6	0.20865105750819732	-0.2050972367581871	0.6223993517745817	0.2514661197322756	0.9930527113580683	34.83234580992447	-0.23823198348057514	0.6555340984969698	0.6666666666666666	4	2	1	0	5	0.21979356969455657	0.2977355675565184	0.9897946958941124	55.35037504446058	0.8	1	0	0.3242730650297782	0.4059780244926994	0.9998995945261049	1			0
S1_EXCLUDE_BCN12	s__GGB3304_SGB4367	CONSISTENT_NONSIGNIFICANT	6	0.07047190958687129	-0.24966188609110734	0.3906057052648499	0.5959334665085125	0.9930527113580683	0.0	-0.27529958037099567	0.4162433995447382	0.8333333333333334	5	1	0	0	3	0.06220587385491141	0.6999630548955351	0.9897946958941124	21.298342943711056	0.6666666666666666	1	0	0.13354078000407102	0.6649547077848719	0.9998995945261049	1	0.33515607536174497	Lee_PRIMM_UK	1
S1_EXCLUDE_BCN12	s__GGB33469_SGB15236	OTHER_OR_INSUFFICIENT	9	0.09121863750284756	-0.16378228845557571	0.3462195634612708	0.4333337107380427	0.9930527113580683	0.0	-0.17026457742716813	0.3527018524328632	0.5555555555555556	4	5	0	0	5	0.07015390426139027	0.5644880287389344	0.9897946958941124	3.2503034512513262	0.6	1	0	0.1698494225683475	0.5325179441995891	0.9998995945261049	1			0
S1_EXCLUDE_BCN12	s__GGB33469_SGB15237	OTHER_OR_INSUFFICIENT	6	-0.08833487980657356	-0.5088262896894222	0.33215653007627505	0.6123598265186244	0.9930527113580683	13.587472429450692	-0.7440727149444264	0.5674029553312794	0.6666666666666666	2	4	0	0							0	0	-0.2101105935672031	0.5562830132351364	0.9998995945261049	1			0
S1_EXCLUDE_BCN12	s__GGB33512_SGB15201	OTHER_OR_INSUFFICIENT	5	-0.09865657629574454	-0.47566437121481325	0.2783512186233242	0.5077393418046884	0.9930527113580683	0.0	-0.5307944432671665	0.3334812906756774	0.6	2	3	0	0	4	-0.026994105900944303	0.8281746515854215	0.9897946958941124	0.0	0.75	1	0	-0.1922484369912198	0.5590901898774426	0.9998995945261049	1			0
S1_EXCLUDE_BCN12	s__GGB33512_SGB15203	OTHER_OR_INSUFFICIENT	5	-0.12187243986717473	-0.5339879457573059	0.2902430660229564	0.45772667338869416	0.9930527113580683	0.0	-0.5942518389995992	0.3505069592652497	0.6	2	3	0	0							0	0	-0.1991748700501104	0.5744520788994367	0.9998995945261049	1			0
S1_EXCLUDE_BCN12	s__GGB33928_SGB15225	OTHER_OR_INSUFFICIENT	9	0.009908813735203355	-0.24496728245817562	0.26478490992858233	0.9307688050843865	0.9930527113580683	0.0	-0.251446398155769	0.27126402562617574	0.5555555555555556	4	5	0	0	5	-0.006454562512548786	0.9619747088401999	0.9897946958941124	25.139266579606346	0.6	0	0	-0.026533042886654548	0.9186410319355918	0.9998995945261049	0			0
S1_EXCLUDE_BCN12	s__GGB34228_SGB72916	OTHER_OR_INSUFFICIENT	4	-0.03690569172505506	-0.7085160339832248	0.6347046505331146	0.8723114497486698	0.9930527113580683	0.0	-0.9449197780203235	0.8711083945702133	0.5	2	2	0	0							0	0	-0.032855356756116914	0.9399547193937708	0.9998995945261049	1			0
S1_EXCLUDE_BCN12	s__GGB3444_SGB4594	CONSISTENT_NONSIGNIFICANT	5	-0.20843058233878325	-0.6144710561040827	0.19760989142651614	0.22722404700400287	0.9930527113580683	2.0415433592180836	-0.673846593917423	0.2569854292398564	0.8	1	4	0	1	3	-0.1904749642948908	0.2852515074038078	0.9897946958941124	0.0	0.6666666666666666	1	0	-0.34976411463839013	0.370648970751563	0.9998995945261049	1	0.5818171063029551	Matson_US	0
S1_EXCLUDE_BCN12	s__GGB3463_SGB4621	OTHER_OR_INSUFFICIENT	5	-0.18726178032145893	-0.7183734273547083	0.3438498667117905	0.38304163856840345	0.9930527113580683	40.17355534084039	-1.2030052543950138	0.828481693752096	0.6	2	3	0	1	3	-0.26335983831188303	0.5083556180102219	0.9897946958941124	71.26908088645129	0.6666666666666666	1	0	-0.3700432383254215	0.4863031775467998	0.9998995945261049	1			0
S1_EXCLUDE_BCN12	s__GGB3475_SGB4638	OTHER_OR_INSUFFICIENT	4	0.1308568906789167	-0.32135633158210725	0.5830701129399407	0.42501751830778184	0.9930527113580683	0.0	-0.48053330156029683	0.7422470829181302	0.75	3	1	0	0	3	0.152588618721807	0.5232139555385544	0.9897946958941124	20.69052596168602	0.6666666666666666	1	0	0.42754263077794835	0.36642791454035845	0.9998995945261049	1	0.37912756542350073	Spencer_US	0
S1_EXCLUDE_BCN12	s__GGB34797_SGB14322	OTHER_OR_INSUFFICIENT	7	-0.03682453727670921	-0.3604000114135174	0.286750936860099	0.7899989870622477	0.9930527113580683	0.0	-0.3767539209317139	0.3031048463782955	0.7142857142857143	2	5	0	0	3	-0.011449941916795365	0.9384990884357948	0.9897946958941124	0.0	0.6666666666666666	1	0	-0.0632903346937561	0.8268119138764088	0.9998995945261049	1			0
S1_EXCLUDE_BCN12	s__GGB3486_SGB4658	OTHER_OR_INSUFFICIENT	3	-0.1232094493412807	-1.1930817978545902	0.9466628991720287	0.6693341475356596	0.9930527113580683	0.0	-3.2826596678920885	3.036240769209527	0.6666666666666666	1	2	0	0							0	0	-0.3263617810378293	0.5522404321388048	0.9998995945261049	1			0
S1_EXCLUDE_BCN12	s__GGB34900_SGB14891	OTHER_OR_INSUFFICIENT	7	0.037581202554917315	-0.27731897074611567	0.3524813758559503	0.7801036779395893	0.9930527113580683	0.0	-0.2932344197402319	0.36839682485006653	0.7142857142857143	5	2	0	0	4	0.07823791714135478	0.5756769795599805	0.9897946958941124	0.0	0.75	1	0	0.2805754098576939	0.34269311766772553	0.9998995945261049	1			0
S1_EXCLUDE_BCN12	s__GGB3499_SGB4674	OTHER_OR_INSUFFICIENT	3	0.10539581745481894	-0.6013997499666389	0.8121913848762768	0.5868493802042676	0.9930527113580683	0.0	-1.9818489036952578	2.1926405386048957	1.0	3	0	0	0	3	0.10539581745481894	0.5868493802042676	0.9897946958941124	0.0	1.0	1	0	0.5283787930468251	0.4056642922340117	0.9998995945261049	1			0
S1_EXCLUDE_BCN12	s__GGB35068_SGB47850	OTHER_OR_INSUFFICIENT	5	0.17952109017253237	-0.28313709385963115	0.6421792742046959	0.3419750329767454	0.9930527113580683	18.293404573632934	-0.43070542340120976	0.7897476037462745	0.6	3	2	0	0							0	0	0.4609283253515259	0.36997304196884995	0.9998995945261049	1			0
S1_EXCLUDE_BCN12	s__GGB3510_SGB4687	OTHER_OR_INSUFFICIENT	7	-0.026961799753511633	-0.3128792686226403	0.258955669115617	0.8251818775278835	0.9930527113580683	0.0	-0.3273298955146449	0.2734062960076216	0.5714285714285714	4	3	0	0	4	-0.0675581408224134	0.7026432977659398	0.9897946958941124	35.439053121334865	0.75	1	0	0.18196598868679983	0.5547294249840176	0.9998995945261049	0			0
S1_EXCLUDE_BCN12	s__GGB3513_SGB4691	OTHER_OR_INSUFFICIENT	3	-0.054996449134412935	-0.8905299412478831	0.7805370429790572	0.8036396629246859	0.9930527113580683	6.0240438114803165	-2.9669483855122776	2.856955487243452	0.6666666666666666	1	2	0	0							0	0	-0.06894051795478162	0.9057428345769322	0.9998995945261049	1			0
S1_EXCLUDE_BCN12	s__GGB3534_SGB4722	CONSISTENT_NONSIGNIFICANT	7	-0.08139498362789306	-0.3667529137937632	0.20396294653797709	0.5113349147948012	0.9930527113580683	0.0	-0.38117526091182624	0.21838529365604015	0.8571428571428571	1	6	0	0	5	-0.08913516008700814	0.46205952143567014	0.9897946958941124	0.0	1.0	1	0	-0.27804204433389823	0.4090694700307957	0.9998995945261049	1	0.31085299225686436	Lee_PRIMM_NL	0
S1_EXCLUDE_BCN12	s__GGB3537_SGB4727	OTHER_OR_INSUFFICIENT	7	0.07075550548236977	-0.2260738911573606	0.3675849021221001	0.5809556077361655	0.9930527113580683	0.0	-0.30197188063710956	0.44348289160184906	0.7142857142857143	5	2	0	0	4	0.05236876114145678	0.7640421825596271	0.9897946958941124	39.20998768398927	0.5	1	0	0.2045314562182114	0.5012305982701332	0.9998995945261049	1			0
S1_EXCLUDE_BCN12	s__GGB3569_SGB4776	OTHER_OR_INSUFFICIENT	3	0.015107053300680736	-0.7100110858724664	0.7402251924738279	0.9367411065393078	0.9930527113580683	0.0	-2.126246228751724	2.1564603353530853	0.6666666666666666	2	1	0	0							0	0	0.08634223871396855	0.8669325248201076	0.9998995945261049	1			0
S1_EXCLUDE_BCN12	s__GGB3570_SGB4777	OTHER_OR_INSUFFICIENT	5	0.14684802401502303	-0.2649678189832295	0.5586638670132755	0.3781969765118883	0.9930527113580683	0.0	-0.3251878923236029	0.6188839403536489	0.8	4	1	0	0							0	0	0.09157697945290205	0.7856082146298544	0.9998995945261049	1	0.5409315817984476	Lee_PRIMM_UK	0
S1_EXCLUDE_BCN12	s__GGB3602_SGB4574	OTHER_OR_INSUFFICIENT	4	0.0814565021492804	-0.4037795765483491	0.5666925808469099	0.6302319584623797	0.9930527113580683	0.0	-0.5745804395445391	0.7374934438430998	0.75	3	1	0	0	4	0.0814565021492804	0.6302319584623797	0.9897946958941124	0.0	0.75	1	0	0.07055768418003493	0.8599112904751091	0.9998995945261049	1	0.4232441194013742	Matson_US	0
S1_EXCLUDE_BCN12	s__GGB3612_SGB4882	OTHER_OR_INSUFFICIENT	7	-0.15561516101816378	-0.448441173947009	0.13721085191068147	0.24119249177157726	0.9930527113580683	0.0	-0.46324096733487774	0.1520106452985502	0.7142857142857143	2	5	0	0	4	-0.16819060440699996	0.23708098944055123	0.9897946958941124	0.0	0.75	1	0	-0.4261231025370746	0.2198298586060969	0.9998995945261049	1			0
S1_EXCLUDE_BCN12	s__GGB3614_SGB4886	OTHER_OR_INSUFFICIENT	7	0.14759951126334928	-0.1438989200266694	0.439097942553368	0.2616174773236171	0.9930527113580683	0.0	-0.15863161572676035	0.45383063825345893	0.7142857142857143	5	2	0	0	4	0.14227559501610001	0.308224383804732	0.9897946958941124	0.0	0.75	1	0	0.251389027915963	0.48050213314721235	0.9998995945261049	1			0
S1_EXCLUDE_BCN12	s__GGB3619_SGB4894	OTHER_OR_INSUFFICIENT	7	-0.012932485257503902	-0.3111591054857372	0.2852941349707294	0.9189542724024682	0.9930527113580683	0.0	-0.3262318522756976	0.3003668817606898	0.7142857142857143	2	5	0	0	3	-0.031592566074431824	0.8186261275675433	0.9897946958941124	0.0	0.6666666666666666	1	0	0.03200483775299719	0.9177880678257441	0.9998995945261049	0			0
S1_EXCLUDE_BCN12	s__GGB36267_SGB14177	OTHER_OR_INSUFFICIENT	5	-0.011611006950327704	-0.4526457267767688	0.4294237128761134	0.9452398715358291	0.9930527113580683	9.283738649336831	-0.5171384936407302	0.4939164797400748	0.6	2	3	0	0	3	0.09495523530146603	0.6224002453441758	0.9897946958941124	0.0	0.6666666666666666	0	0	-0.14808612725279302	0.706942063300376	0.9998995945261049	1			0
S1_EXCLUDE_BCN12	s__GGB3653_SGB4964	OTHER_OR_INSUFFICIENT	9	0.03258573597521737	-0.22248811623203613	0.28765958818247084	0.7758048790984616	0.9930527113580683	0.0	-0.22897225907153967	0.2941437310219744	0.5555555555555556	4	5	0	0	5	0.03327121661040717	0.7768042978021185	0.9897946958941124	0.0	0.6	1	0	0.07485610809153141	0.7826491693838933	0.9998995945261049	1			0
S1_EXCLUDE_BCN12	s__GGB3730_SGB5060	OTHER_OR_INSUFFICIENT	7	0.0783718594709911	-0.2820920795880728	0.43883579853005505	0.6138351222170141	0.9930527113580683	30.67691953336472	-0.30031037808080996	0.4570540970227922	0.5714285714285714	4	3	0	1	3	0.09702417378098793	0.5772535198139866	0.9897946958941124	11.288187912877387	0.6666666666666666	1	0	0.12340521003089398	0.7332262754200577	0.9998995945261049	1			0
S1_EXCLUDE_BCN12	s__GGB3746_SGB5089	OTHER_OR_INSUFFICIENT	9	-0.010275033156283917	-0.2647305888383431	0.24418052252577527	0.9280999716676491	0.9930527113580683	0.0	-0.27119901414726183	0.250648947834694	0.6666666666666666	3	6	0	0	5	-0.05043018148803644	0.6700463238750712	0.9897946958941124	0.0	0.6	1	0	0.008319716703295834	0.9722222782995988	0.9998995945261049	0			0
S1_EXCLUDE_BCN12	s__GGB3818_SGB5183	OTHER_OR_INSUFFICIENT	3	-0.2045234848771242	-0.9130624144317516	0.5040154446775031	0.340128380653005	0.9930527113580683	0.0	-2.296916545352111	1.8878695755978625	1.0	0	3	0	0	3	-0.2045234848771242	0.340128380653005	0.9897946958941124	0.0	1.0	1	0	-0.612589509119027	0.25236940169404193	0.9998995945261049	1			0
S1_EXCLUDE_BCN12	s__GGB3819_SGB5184	OTHER_OR_INSUFFICIENT	7	0.10904093418184913	-0.24228706958169144	0.4603689379453897	0.4763555550111474	0.9930527113580683	21.944641105927246	-0.26004362670265513	0.4781254950663534	0.7142857142857143	5	2	0	0	5	0.0764629541756134	0.633742174568069	0.9897946958941124	32.83572209247715	0.6	1	0	0.2996456662037301	0.32474607696236296	0.9998995945261049	1			0
S1_EXCLUDE_BCN12	s__GGB38744_SGB14842	OTHER_OR_INSUFFICIENT	7	-0.1606026314601043	-0.4464921866181968	0.1252869236979882	0.2183879061926576	0.9930527113580683	0.0	-0.4609414027164407	0.13973613979623203	0.5714285714285714	3	4	0	0	4	-0.11926028260953132	0.3729288454538569	0.9897946958941124	0.0	0.75	1	0	-0.17121732295392714	0.5227144797128016	0.9998995945261049	1			0
S1_EXCLUDE_BCN12	s__GGB42389_SGB59559	OTHER_OR_INSUFFICIENT	5	0.07366430575948907	-0.3369509097613759	0.48427952128035406	0.6445592298644857	0.9930527113580683	0.0	-0.39699541464232274	0.5443240261613009	0.6	3	2	0	0							0	0	-0.003982332217172471	0.9923004102317953	0.9998995945261049	0			0
S1_EXCLUDE_BCN12	s__GGB42994_SGB4746	OTHER_OR_INSUFFICIENT	4	-0.10423023689959295	-0.7348295677558546	0.5263690939566686	0.6352824115007435	0.9930527113580683	34.82313256479832	-1.4178997481803557	1.20943927438117	0.5	2	2	0	1	4	-0.10423023689959295	0.6352824115007435	0.9897946958941124	34.82313256479832	0.5	1	0	-0.11081633063632661	0.7767989678107837	0.9998995945261049	1			0
S1_EXCLUDE_BCN12	s__GGB4456_SGB6141	OTHER_OR_INSUFFICIENT	5	0.15571087843199943	-0.36676732821725727	0.6781890850812562	0.45449150747955486	0.9930527113580683	32.5043773197146	-0.827964984810283	1.1393867416742818	0.6	2	3	0	0							0	0	0.2894468846857471	0.49608189416620807	0.9998995945261049	1			0
S1_EXCLUDE_BCN12	s__GGB45432_SGB63101	OTHER_OR_INSUFFICIENT	7	-0.08167118791521162	-0.4014231077598211	0.23808073192939788	0.5549851072560822	0.9930527113580683	19.535074560121675	-0.4175837701562405	0.25424139432581727	0.5714285714285714	3	4	0	1	4	-0.04019739971815063	0.7480881257946991	0.9897946958941124	0.0	0.5	1	0	-0.1986726601665087	0.5470184338766748	0.9998995945261049	1			0
S1_EXCLUDE_BCN12	s__GGB45491_SGB63163	CONSISTENT_NONSIGNIFICANT	6	-0.12607202038575618	-0.4744251627797169	0.22228112200820452	0.3949080746808772	0.9930527113580683	0.0	-0.5023227838916448	0.25017874312013233	0.8333333333333334	1	5	0	0	3	-0.09470992197780212	0.5464234851829004	0.9897946958941124	0.0	0.6666666666666666	1	0	-0.19309000398685897	0.5335739192932035	0.9998995945261049	1	0.28722138355624033	Frankel_US	0
S1_EXCLUDE_BCN12	s__GGB45495_SGB63167	DOMAIN_SPECIFIC	5	0.005064198461828188	-0.6392706929538498	0.649399089877506	0.9836353643279763	0.9930527113580683	53.50445785872435	-1.3924341832023448	1.4025625801260013	0.6	3	2	0	1							0	0	0.024394255001000398	0.9560891494451091	0.9998995945261049	1	0.4783868056446869	Lee_Manchester	1
S1_EXCLUDE_BCN12	s__GGB45497_SGB63169	OTHER_OR_INSUFFICIENT	6	-0.12250395821295919	-0.535469718292184	0.29046180186626563	0.4801401708137112	0.9930527113580683	19.96498079461377	-0.8341624601161789	0.5891545436902604	0.5	3	3	0	0	3	-0.10152464018853143	0.5480273660723641	0.9897946958941124	13.595877208607812	0.6666666666666666	1	0	-0.32709306969896845	0.3712882713527192	0.9998995945261049	1			0
S1_EXCLUDE_BCN12	s__GGB4566_SGB6305	OTHER_OR_INSUFFICIENT	7	-0.020811946920312834	-0.3099498294881311	0.2683259356475054	0.8659883848927394	0.9930527113580683	0.0	-0.3245632201841344	0.2829393263435087	0.5714285714285714	3	4	0	0	5	-0.01669688688837457	0.886436525871136	0.9897946958941124	0.0	0.6	1	0	0.021447075922864	0.9493927069305986	0.9998995945261049	0			0
S1_EXCLUDE_BCN12	s__GGB51441_SGB71759	OTHER_OR_INSUFFICIENT	6	0.17186937150941303	-0.1768743030285204	0.5206130460473465	0.26101399029885725	0.9930527113580683	0.0	-0.20480319963510094	0.548541942653927	0.6666666666666666	4	2	0	0	3	0.19138471008636687	0.28349798221491074	0.9897946958941124	0.0	0.6666666666666666	1	0	0.32135774743138373	0.28851533245676697	0.9998995945261049	1			0
S1_EXCLUDE_BCN12	s__GGB51510_SGB71883	OTHER_OR_INSUFFICIENT	4	-0.06428126062035001	-0.5489437966863986	0.42038127544569853	0.701381724648496	0.9930527113580683	0.0	-0.7195427753066427	0.5909802540659427	0.75	1	3	0	0	4	-0.06428126062035001	0.701381724648496	0.9897946958941124	0.0	0.75	1	0	-0.1504007330983626	0.7126677637167379	0.9998995945261049	1	0.39633919683435365	Spencer_US	1
S1_EXCLUDE_BCN12	s__GGB51647_SGB4348	STRONG_DIRECTION_REVERSAL	7	0.08978493170498622	-0.39096608844190917	0.5705359518518816	0.66376022978557	0.9930527113580683	54.880774125197206	-0.5262901703905996	0.705860033800572	0.7142857142857143	5	2	1	1	3	0.13150408780580264	0.6137225180135538	0.9897946958941124	54.691340301211575	0.6666666666666666	1	0	0.1959980696251677	0.566640711673786	0.9998995945261049	1	0.5689242544946863	Lee_PRIMM_NL	1
S1_EXCLUDE_BCN12	s__GGB51959_SGB72479	OTHER_OR_INSUFFICIENT	6	0.12820672807933328	-0.27574900396852087	0.5321624601271875	0.45168817202794626	0.9930527113580683	24.735919076253353	-0.30809952005602337	0.56451297621469	0.6666666666666666	4	2	0	0	3	0.16067415451203754	0.3464185611238809	0.9897946958941124	0.0	1.0	1	0	0.40590666360253597	0.30780935822555106	0.9998995945261049	1			0
S1_EXCLUDE_BCN12	s__GGB52106_SGB72838	OTHER_OR_INSUFFICIENT	7	-0.02097965798122846	-0.3689129411236511	0.32695362516119414	0.8875360904112326	0.9930527113580683	1.279487318655043	-0.5782475253726842	0.5362882094102273	0.5714285714285714	4	3	0	0	5	-0.036658886553747896	0.8071610222263157	0.9897946958941124	21.2045574335005	0.6	1	0	-0.042345674618367815	0.9010072917431909	0.9998995945261049	1			0
S1_EXCLUDE_BCN12	s__GGB52130_SGB14966	OTHER_OR_INSUFFICIENT	9	0.1308146024175218	-0.172233559746234	0.4338627645812776	0.3486849604008915	0.9930527113580683	19.059680276857435	-0.4198608193659144	0.6814900242009581	0.5555555555555556	5	4	1	0	5	0.18359630383414224	0.34575339169483477	0.9897946958941124	46.49026047561976	0.6	1	0	0.252169456708723	0.34639951871089686	0.9998995945261049	1			0
S1_EXCLUDE_BCN12	s__GGB55957_SGB77276	OTHER_OR_INSUFFICIENT	3	0.04765424475661074	-1.3362126863521882	1.4315211758654098	0.8958023166279058	0.9930527113580683	59.29473760905669	-6.733394927780204	6.8287034172934264	0.6666666666666666	2	1	0	0	3	0.04765424475661074	0.8958023166279058	0.9897946958941124	59.29473760905669	0.6666666666666666	1	0	0.23537114286174748	0.8535686934568216	0.9998995945261049	1			0
S1_EXCLUDE_BCN12	s__GGB58158_SGB79798	OTHER_OR_INSUFFICIENT	9	0.05770008242628816	-0.19648686641613683	0.31188703126871314	0.6148406991408768	0.9930527113580683	0.0	-0.20294846354538476	0.3183486283979611	0.5555555555555556	5	4	0	0	5	0.03225005247426246	0.7946936692338714	0.9897946958941124	0.0	0.6	1	0	0.08448059520948077	0.748976782481152	0.9998995945261049	1			0
S1_EXCLUDE_BCN12	s__GGB58233_SGB79883	OTHER_OR_INSUFFICIENT	7	-0.15484039815210882	-0.4708946492165352	0.16121385291231755	0.2758058470423536	0.9930527113580683	7.243309131924713	-0.5468186830472079	0.23713788674299024	0.5714285714285714	3	4	0	0	5	-0.061565901446098414	0.6051364260461656	0.9897946958941124	0.0	0.6	1	0	-0.23168638430377042	0.4607453322651817	0.9998995945261049	1			0
S1_EXCLUDE_BCN12	s__GGB74403_SGB53807	OTHER_OR_INSUFFICIENT	3	-0.04344986840819997	-0.751459036857635	0.6645593000412351	0.8164603755585313	0.9930527113580683	0.0	-2.134278486303145	2.0473787494867453	0.6666666666666666	1	2	0	0	3	-0.04344986840819997	0.8164603755585313	0.9897946958941124	0.0	0.6666666666666666	1	0	-0.10648569873598705	0.8624895262539668	0.9998995945261049	1			0
S1_EXCLUDE_BCN12	s__GGB74463_SGB54347	OTHER_OR_INSUFFICIENT	8	-0.048819552739341625	-0.31687575566955606	0.2192366501908728	0.6796682110568214	0.9930527113580683	0.0	-0.3262039619136038	0.22856485643492053	0.625	3	5	0	0	5	-0.06428404708534906	0.5900327622648148	0.9897946958941124	0.0	0.6	1	0	-0.11796068298652534	0.7024784179092692	0.9998995945261049	1			0
S1_EXCLUDE_BCN12	s__GGB79630_SGB13983	OTHER_OR_INSUFFICIENT	5	0.024602485332810772	-0.39470362469064024	0.4439085953562618	0.8784913914579223	0.9930527113580683	0.0	-0.45601900420075303	0.5052239748663746	0.6	2	3	0	0	4	0.02918133274869076	0.8147879103577282	0.9897946958941124	0.0	0.5	1	0	-0.02966591927704158	0.9486163812397456	0.9998995945261049	0			0
S1_EXCLUDE_BCN12	s__GGB79734_SGB15291	OTHER_OR_INSUFFICIENT	9	0.05835168786245476	-0.19651347439341477	0.3132168501183243	0.6118518567232509	0.9930527113580683	0.0	-0.2029923121587161	0.3196956878836256	0.5555555555555556	5	4	0	0	5	0.06517384916605054	0.5849290820689864	0.9897946958941124	0.0	0.6	1	0	0.283004706475867	0.32291059962128427	0.9998995945261049	1			0
S1_EXCLUDE_BCN12	s__GGB80011_SGB15265	CONSISTENT_NONSIGNIFICANT	8	0.09851294202953334	-0.21237898126609014	0.40940486532515685	0.4781051754011794	0.9930527113580683	22.552236727260773	-0.37421605372034816	0.5712419377794148	0.75	6	2	0	0	5	0.061056731148141294	0.6083115099516394	0.9897946958941124	0.0	0.8	1	0	0.331824553009448	0.24707084776709728	0.9998995945261049	1	0.2457000727239941	Matson_US	0
S1_EXCLUDE_BCN12	s__GGB80011_SGB15267	OTHER_OR_INSUFFICIENT	4	-0.14320846712063698	-0.6388264315354808	0.3524094972942068	0.42561592918038904	0.9930527113580683	0.0	-0.8132816703952503	0.5268647361539764	0.75	1	3	0	0							0	0	-0.17866590450997266	0.6500404765633571	0.9998995945261049	1	0.2949901693082409	Lee_Manchester	0
S1_EXCLUDE_BCN12	s__GGB80140_SGB15224	CONSISTENT_NONSIGNIFICANT	8	0.13075102030829205	-0.14625445336375636	0.4077564939803405	0.30120516108518813	0.9930527113580683	0.0	-0.15589408929370324	0.41739612991028735	0.75	6	2	0	0	4	0.10703203589012782	0.42497135069472236	0.9897946958941124	0.0	1.0	1	0	0.29679174772092276	0.2993321192673464	0.9998995945261049	1	0.41940601099764907	Lee_PRIMM_UK	0
S1_EXCLUDE_BCN12	s__GGB9062_SGB13981	OTHER_OR_INSUFFICIENT	5	-0.05480736393781428	-0.4893870779805538	0.37977235010492527	0.7438838353877568	0.9930527113580683	6.529130937581138	-0.5529359255527767	0.4433211976771481	0.6	2	3	0	1	3	0.056685183914651986	0.7629550698207217	0.9897946958941124	0.0	0.6666666666666666	0	0	-0.11088876712571132	0.7710545180870797	0.9998995945261049	1			0
S1_EXCLUDE_BCN12	s__GGB9063_SGB13982	CONSISTENT_NONSIGNIFICANT	6	-0.18542325649466776	-0.6235900935514426	0.252743580562107	0.3263096916364176	0.9930527113580683	21.653201968686172	-0.919955556246381	0.5491090432570456	0.8333333333333334	1	5	0	0	5	-0.15250166365366874	0.29237524158517564	0.9897946958941124	23.35947337557791	0.8	1	0	-0.5177874581724925	0.2560581843789406	0.9998995945261049	1	0.310943733433832	Matson_US	0
S1_EXCLUDE_BCN12	s__GGB9110_SGB14043	OTHER_OR_INSUFFICIENT	3	-0.0347719635933733	-0.9424902530868109	0.8729463259000643	0.8842370067890581	0.9930527113580683	0.0	-2.7153634869051295	2.645819559718383	0.6666666666666666	1	2	0	0							0	0	-0.3082050578123739	0.5775355351169601	0.9998995945261049	1			0
S1_EXCLUDE_BCN12	s__GGB9176_SGB14114	OTHER_OR_INSUFFICIENT	9	0.2015369126559437	-0.07919027585212607	0.48226410116401347	0.1364161198751565	0.9930527113580683	16.747681972735727	-0.08632654305578424	0.48940036836767165	0.6666666666666666	6	3	1	0	5	0.1644543917703736	0.2734259071940561	0.9897946958941124	12.69615723447143	0.8	1	0	0.3307214517407789	0.33241669160483034	0.9998995945261049	1	0.22723811614547207	Lee_PRIMM_NL	0
S1_EXCLUDE_BCN12	s__GGB9186_SGB14125	OTHER_OR_INSUFFICIENT	8	-0.036461687822877155	-0.30780815054271154	0.23488477489695722	0.7599491492077671	0.9930527113580683	0.0	-0.31725085597402713	0.2443274803282728	0.5	4	4	0	0	4	-0.043465325187636475	0.7585323098344945	0.9897946958941124	21.630564678718535	0.5	1	0	0.052848784252516705	0.8693173557553171	0.9998995945261049	0			0
S1_EXCLUDE_BCN12	s__GGB9210_SGB14149	OTHER_OR_INSUFFICIENT	3	0.10601224889828345	-0.6278364048429459	0.8398609026395127	0.5976356283599036	0.9930527113580683	0.0	-2.0611231986360647	2.273147696432632	1.0	3	0	0	0	3	0.10601224889828345	0.5976356283599036	0.9897946958941124	0.0	1.0	1	0	0.20879961337656477	0.6847775768214894	0.9998995945261049	1			0
S1_EXCLUDE_BCN12	s__GGB9237_SGB14179	OTHER_OR_INSUFFICIENT	7	-0.17212385553691373	-0.5286586865376584	0.18441097546383095	0.2821834293275954	0.9930527113580683	31.171654869728517	-0.8253945252659367	0.4811468141921093	0.7142857142857143	2	5	0	1	4	-0.21027093043515035	0.16300302609335013	0.9897946958941124	0.0	1.0	1	0	-0.4398970417435418	0.21270749432207894	0.9998995945261049	1			0
S1_EXCLUDE_BCN12	s__GGB9240_SGB14182	OTHER_OR_INSUFFICIENT	6	-0.09461662193952465	-0.43614013613738734	0.24690689225833806	0.5082066655623493	0.9930527113580683	0.0	-0.4634908112120329	0.2742575673329836	0.6666666666666666	2	4	0	0	4	-0.08686824918310916	0.5017015082831006	0.9897946958941124	0.0	0.75	1	0	-0.0822542269046237	0.8155665301825084	0.9998995945261049	1			0
S1_EXCLUDE_BCN12	s__GGB9293_SGB14250	OTHER_OR_INSUFFICIENT	5	0.24998797769930794	-0.16305958515750277	0.6630355405561187	0.16817939460875792	0.9930527113580683	0.0	-0.2234597736315407	0.7234357290301566	0.6	3	2	0	0							0	0	0.6195423379186893	0.1337201127944005	0.9998995945261049	1	0.3186196280946835	Lee_PRIMM_UK	0
S1_EXCLUDE_BCN12	s__GGB9296_SGB14253	OTHER_OR_INSUFFICIENT	6	-0.03586114111473117	-0.398255598411924	0.3265333161824617	0.8093363510548421	0.9930527113580683	0.0	-0.4272777085459172	0.35555542631645487	0.6666666666666666	2	4	0	0	4	-0.013772674744260074	0.9114562333923207	0.9897946958941124	0.0	0.75	1	0	0.0771226705059071	0.8360768967632786	0.9998995945261049	0			0
S1_EXCLUDE_BCN12	s__GGB9342_SGB14306	OTHER_OR_INSUFFICIENT	8	0.1466441489399757	-0.14173108636529438	0.4350193842452458	0.2682786524843974	0.9930527113580683	7.356435735666397	-0.15588510899352662	0.44917340687347806	0.625	5	3	1	0	4	0.1055754551674139	0.4302597848252337	0.9897946958941124	0.0	1.0	1	0	0.30552505136216546	0.2998928461546444	0.9998995945261049	1			0
S1_EXCLUDE_BCN12	s__GGB9345_SGB14311	CONSISTENT_NONSIGNIFICANT	9	0.20747576305063967	-0.05151844390914648	0.4664699700104258	0.10189797328186644	0.9930527113580683	2.31556163808183	-0.05810224475640016	0.4730537708576795	0.7777777777777778	7	2	1	0	5	0.20901975863244393	0.13053578165732202	0.9897946958941124	0.0	1.0	1	0	0.4638482677871565	0.12238676605754932	0.9998995945261049	1	0.325975208949781	Lee_PRIMM_UK	0
S1_EXCLUDE_BCN12	s__GGB9350_SGB14317	OTHER_OR_INSUFFICIENT	4	0.10389540748824297	-0.4534370761228348	0.6612278910993208	0.5947620859488879	0.9930527113580683	25.874073950188638	-0.8446841238339735	1.0524749388104595	0.5	2	2	0	0							0	0	0.1809202267856332	0.7463719826526084	0.9998995945261049	1			0
S1_EXCLUDE_BCN12	s__GGB9453_SGB14844	OTHER_OR_INSUFFICIENT	8	0.15079645068701047	-0.18139609628101844	0.4829889976550394	0.3186931500308978	0.9930527113580683	30.87646096939321	-0.47460797485509293	0.7762008762291139	0.625	5	3	1	0	5	0.1525614249165284	0.3281351928047341	0.9897946958941124	35.249239287252195	0.6	1	0	0.24744162197446767	0.48306050721707794	0.9998995945261049	1			0
S1_EXCLUDE_BCN12	s__GGB9453_SGB14845	OTHER_OR_INSUFFICIENT	5	-0.017668991454354962	-0.428117836848815	0.39277985394010506	0.9106255249661276	0.9930527113580683	0.0	-0.488138013332642	0.4528000304239321	0.6	3	2	0	0							0	0	0.13722514692373036	0.6943498205308399	0.9998995945261049	0			0
S1_EXCLUDE_BCN12	s__GGB9469_SGB14862	OTHER_OR_INSUFFICIENT	3	0.06822713468500989	-0.8098636872194899	0.9463179565895096	0.7699452846564205	0.9930527113580683	0.0	-2.5248712324492124	2.6613255018192326	0.6666666666666666	2	1	0	0	3	0.06822713468500989	0.7699452846564205	0.9897946958941124	0.0	0.6666666666666666	1	0	0.05981494369018965	0.9057320742818391	0.9998995945261049	1			0
S1_EXCLUDE_BCN12	s__GGB9474_SGB14868	OTHER_OR_INSUFFICIENT	4	-0.09095299620560318	-0.9187326456221789	0.7368266532109726	0.7496905562969887	0.9930527113580683	57.90141338880276	-2.124107903452427	1.9422019110412208	0.75	1	3	1	0	3	0.032735908068471584	0.9317427242591375	0.9897946958941124	62.95175344902664	0.6666666666666666	0	0	-0.2844202986416794	0.5883315218901315	0.9998995945261049	1	0.39707029529726445	Frankel_US	1
S1_EXCLUDE_BCN12	s__GGB9480_SGB14874	CONSISTENT_NONSIGNIFICANT	5	-0.1457726216132566	-0.5174119489581117	0.22586670573159856	0.3373541809535804	0.9930527113580683	0.0	-0.5717569869821315	0.2802117437556183	0.8	1	4	0	0	5	-0.0761921788000418	0.5257959389404748	0.9897946958941124	0.0	0.8	1	0	-0.3577156485192986	0.3238898622991984	0.9998995945261049	1	0.2880147950244934	Frankel_US	0
S1_EXCLUDE_BCN12	s__GGB9495_SGB14892	OTHER_OR_INSUFFICIENT	4	-0.13986147423513734	-0.5723937038241727	0.2926707553538979	0.37915972300700224	0.9930527113580683	0.0	-0.7246430551292125	0.4449201066589377	1.0	0	4	0	0	3	-0.07915257090483095	0.5807711751485147	0.9897946958941124	0.0	1.0	1	0	-0.30378540909022633	0.462487618606267	0.9998995945261049	1	0.4715395065707533	Lee_PRIMM_UK	0
S1_EXCLUDE_BCN12	s__GGB9501_SGB14898	OTHER_OR_INSUFFICIENT	6	-0.017372175721410695	-0.3853516465569224	0.350607295114101	0.9081351559920323	0.9930527113580683	20.65962959508504	-0.4148210285108283	0.3800766770680069	0.6666666666666666	2	4	1	0	5	0.010774003340367823	0.9371423932568647	0.9897946958941124	26.42776566831081	0.6	0	0	-0.10269474049224082	0.7771107631762358	0.9998995945261049	1			0
S1_EXCLUDE_BCN12	s__GGB9512_SGB14909	OTHER_OR_INSUFFICIENT	9	-0.03322479530599993	-0.3085132254378783	0.24206363482587845	0.7878297328065215	0.9930527113580683	13.786327790066904	-0.31551123574912443	0.2490616451371246	0.5555555555555556	4	5	1	0	5	-0.025849260128689273	0.8252432798353788	0.9897946958941124	0.0	0.6	1	0	-0.0438753095799729	0.8571429656427294	0.9998995945261049	1			0
S1_EXCLUDE_BCN12	s__GGB9522_SGB14921	OTHER_OR_INSUFFICIENT	8	-0.0015351835642269268	-0.2667494604602048	0.26367909333175094	0.9894612006479125	0.9930527113580683	0.0	-0.27597876926232184	0.27290840213386797	0.625	3	5	0	0	5	-0.009696468434232728	0.9339591544431938	0.9897946958941124	0.0	0.6	1	0	0.018981916012374114	0.944873533950807	0.9998995945261049	0			0
S1_EXCLUDE_BCN12	s__GGB9524_SGB14923	OTHER_OR_INSUFFICIENT	3	0.1048563578949832	-1.1657781616207206	1.375490877410687	0.7564874404622355	0.9930527113580683	61.12458647215567	-6.120400655736766	6.330113371526732	0.6666666666666666	1	2	1	0	3	0.1048563578949832	0.7564874404622355	0.9897946958941124	61.12458647215567	0.6666666666666666	1	0	0.03836650430860324	0.9586285592728441	0.9998995945261049	1			0
S1_EXCLUDE_BCN12	s__GGB9524_SGB14924	CONSISTENT_NONSIGNIFICANT	8	0.07176339677820129	-0.2963936092811218	0.4399204028375244	0.6588296436356157	0.9930527113580683	42.614007915691815	-0.7250213672815524	0.868548160837955	0.75	6	2	0	1	5	0.07615729044501934	0.7067315519242823	0.9897946958941124	49.51934963946714	0.8	1	0	0.3219406891848894	0.42481189816310505	0.9998995945261049	1	0.25642071869565297	Frankel_US	0
S1_EXCLUDE_BCN12	s__GGB9559_SGB14969	OTHER_OR_INSUFFICIENT	5	0.04164803335220983	-0.3693688258723145	0.4526648925767342	0.7924071707035468	0.9930527113580683	0.0	-0.42947206336410493	0.5127681300685246	0.6	2	3	0	0							0	0	0.12385739932235698	0.6998474213065962	0.9998995945261049	1			0
S1_EXCLUDE_BCN12	s__GGB9581_SGB79823	OTHER_OR_INSUFFICIENT	3	-0.1418325467745002	-1.017369870480354	0.7337047769313535	0.5579181094231053	0.9930527113580683	0.0	-2.727390154061439	2.4437250605124383	0.6666666666666666	1	2	0	0	3	-0.1418325467745002	0.5579181094231053	0.9897946958941124	0.0	0.6666666666666666	1	0	-0.22099874484568677	0.6718374401179373	0.9998995945261049	1			0
S1_EXCLUDE_BCN12	s__GGB9602_SGB15028	OTHER_OR_INSUFFICIENT	7	-0.023269467406235318	-0.34904053279282515	0.30250159798035453	0.867001034964073	0.9930527113580683	6.97029571526324	-0.4899429469899748	0.4434040121775042	0.7142857142857143	2	5	0	0	3	-0.05292316009651732	0.7351318361322372	0.9897946958941124	0.0	0.6666666666666666	1	0	-0.09708452964542923	0.7831794628339831	0.9998995945261049	1			0
S1_EXCLUDE_BCN12	s__GGB9602_SGB15031	OTHER_OR_INSUFFICIENT	9	0.13785667378350486	-0.2326061742170641	0.5083195217840738	0.4157987912589287	0.9930527113580683	42.36688070735362	-0.5993835794693755	0.8750969270363852	0.6666666666666666	6	3	2	0	5	0.13507155277634306	0.38080931731531253	0.9897946958941124	35.477615475733934	0.8	1	0	0.3869332070977993	0.27513603655311575	0.9998995945261049	1			0
S1_EXCLUDE_BCN12	s__GGB9611_SGB15045	OTHER_OR_INSUFFICIENT	4	0.08447691945544168	-0.5543370185056762	0.7232908574165595	0.7021964261575934	0.9930527113580683	31.5160937851933	-1.0589466719571397	1.2279005108680232	0.5	2	2	0	0							0	0	-0.2662933155401831	0.6493121802191949	0.9998995945261049	0			0
S1_EXCLUDE_BCN12	s__GGB9614_SGB15049	OTHER_OR_INSUFFICIENT	8	-0.04545681462876678	-0.3774450360764818	0.28653140681894823	0.7555698937755851	0.9930527113580683	15.211867806920266	-0.6590829808045561	0.5681693515470224	0.625	3	5	0	0	5	0.042502637641084515	0.8031809563647819	0.9897946958941124	40.595257175790636	0.6	0	0	-0.05577072048040485	0.86625310817316	0.9998995945261049	1			0
S1_EXCLUDE_BCN12	s__GGB9616_SGB15051	OTHER_OR_INSUFFICIENT	6	-0.21447536411082654	-0.5856552160466443	0.15670448782499122	0.1975891435016759	0.9930527113580683	0.0	-0.615380898464837	0.18643017024318395	0.8333333333333334	1	5	0	0							0	0	-0.6125573684064515	0.13588151430804457	0.9998995945261049	1	0.38335430318009217	Lee_Manchester	0
S1_EXCLUDE_BCN12	s__GGB9619_SGB15066	OTHER_OR_INSUFFICIENT	5	-0.00668600071937574	-0.38959238951697506	0.37622038807822356	0.9636577686813697	0.9930527113580683	0.0	-0.44558501642836174	0.43221301498961023	0.6	2	3	0	0	4	-0.11051289176515577	0.4043745461901095	0.9897946958941124	0.0	0.75	1	0	-0.07061817417567165	0.8553652358199219	0.9998995945261049	1			0
S1_EXCLUDE_BCN12	s__GGB9619_SGB15067	OTHER_OR_INSUFFICIENT	5	0.10174388305362368	-0.3012993019927899	0.5047870681000373	0.5220039874804935	0.9930527113580683	0.0	-0.36023654444434655	0.5637243105515939	0.6	3	2	0	0	5	0.033155599816683	0.7775332502964221	0.9897946958941124	0.0	0.6	1	0	0.16613053962249114	0.6149555599708098	0.9998995945261049	1			0
S1_EXCLUDE_BCN12	s__GGB9620_SGB15068	OTHER_OR_INSUFFICIENT	3	-0.08009807026316138	-0.7874730099744387	0.6272768694481159	0.6742831525746557	0.9930527113580683	0.0	-2.1690537412412074	2.0088576007148844	0.6666666666666666	1	2	0	0	3	-0.08009807026316138	0.6742831525746557	0.9897946958941124	0.0	0.6666666666666666	1	0	-0.291998818527187	0.5627395161793272	0.9998995945261049	1			0
S1_EXCLUDE_BCN12	s__GGB9621_SGB15073	CONSISTENT_NONSIGNIFICANT	8	-0.12005609346064658	-0.3950993028883154	0.15498711596702228	0.3363356631879452	0.9930527113580683	0.0	-0.4238164503410333	0.1837042634197402	0.75	2	6	0	0	4	-0.10857371780854595	0.4599192860440857	0.9897946958941124	0.0	0.75	1	0	-0.2543525000118608	0.4188313657276328	0.9998995945261049	1	0.2889074007839654	Spencer_US	0
S1_EXCLUDE_BCN12	s__GGB9627_SGB15081	OTHER_OR_INSUFFICIENT	7	0.16961636638701932	-0.12406102838566258	0.4632937611597012	0.2073040148932815	0.9930527113580683	0.0	-0.13890385163191138	0.47813658440595	0.7142857142857143	5	2	1	0	4	0.14781697901598784	0.34942522665383646	0.9897946958941124	23.28744399675688	0.75	1	0	0.42385791654534516	0.21697916574120094	0.9998995945261049	1			0
S1_EXCLUDE_BCN12	s__GGB9634_SGB15093	OTHER_OR_INSUFFICIENT	7	-0.13678201719654093	-0.44133665133558286	0.167772616942501	0.3139146649600868	0.9930527113580683	0.0	-0.4849486160848888	0.21138458169180696	0.5714285714285714	3	4	0	0	3	-0.2207488760572552	0.3430570307695033	0.9897946958941124	44.54288625093537	0.6666666666666666	1	0	-0.14823613315425052	0.6321006161111976	0.9998995945261049	1			0
S1_EXCLUDE_BCN12	s__GGB9635_SGB15106	OTHER_OR_INSUFFICIENT	9	0.13234990538631644	-0.24455342127787263	0.5092532320505055	0.4414988361901011	0.9930527113580683	49.30436482829728	-0.7399643643588504	1.0046641751314833	0.5555555555555556	5	4	1	0	5	0.09402130313378942	0.6715374445724365	0.9897946958941124	58.59128783470416	0.6	1	0	0.2332440926056237	0.48798919629288484	0.9998995945261049	1			0
S1_EXCLUDE_BCN12	s__GGB9636_SGB15107	OTHER_OR_INSUFFICIENT	5	0.10658784730908813	-0.2515614497242037	0.46473714434238	0.45507590739228126	0.9930527113580683	0.0	-0.30393383269840957	0.5171095273165858	0.6	2	3	0	0	3	0.08310301166287923	0.5639940625110114	0.9897946958941124	0.0	0.6666666666666666	1	0	0.2893764102814849	0.4843940298247521	0.9998995945261049	1			0
S1_EXCLUDE_BCN12	s__GGB9641_SGB15117	OTHER_OR_INSUFFICIENT	6	-0.1443398053697173	-0.5033574860599357	0.21467787532050103	0.3487533613205868	0.9930527113580683	0.0	-0.5835982376139439	0.29491862687450926	0.5	3	3	0	0	3	-0.11353250873324253	0.47937131061411203	0.9897946958941124	0.0	0.6666666666666666	1	0	-0.3164595201340278	0.3558401875894136	0.9998995945261049	1			0
S1_EXCLUDE_BCN12	s__GGB9642_SGB15119	OTHER_OR_INSUFFICIENT	5	-0.21623141462391457	-0.6292153245482073	0.19675249530037817	0.21969978113766267	0.9930527113580683	0.0	-0.6896062050903143	0.25714337584248514	0.8	1	4	0	0							0	0	-0.3557879602146786	0.32131749715154206	0.9998995945261049	1	0.5743210269107403	Lee_PRIMM_UK	0
S1_EXCLUDE_BCN12	s__GGB9646_SGB15123	OTHER_OR_INSUFFICIENT	7	-0.09287573372851059	-0.37888539324050313	0.19313392578348193	0.4571246104642881	0.9930527113580683	0.0	-0.39334067957360325	0.20758921211658204	0.7142857142857143	2	5	0	0	4	-0.07120299233397359	0.5766263738752605	0.9897946958941124	0.0	0.75	1	0	-0.1274596752589086	0.6419025974482634	0.9998995945261049	1			0
S1_EXCLUDE_BCN12	s__GGB9694_SGB15204	CONSISTENT_NONSIGNIFICANT	5	0.20857332761590697	-0.16943762753823827	0.5865842827700523	0.2002978017151406	0.9930527113580683	0.0	-0.22471439230367896	0.6418610475354929	1.0	5	0	0	0	4	0.16144861154792842	0.25249228717423294	0.9897946958941124	0.0	1.0	1	0	0.4065445260461153	0.3087782428510383	0.9998995945261049	1	0.3806974195720218	Lee_PRIMM_UK	0
S1_EXCLUDE_BCN12	s__GGB9699_SGB15216	OTHER_OR_INSUFFICIENT	9	0.01791637687111714	-0.24129889465657256	0.27713164839880683	0.8773154117623985	0.9930527113580683	2.987592833123554	-0.2478883150323375	0.28372106877457176	0.5555555555555556	5	4	0	1	5	-2.298353476603665e-05	0.9998428784691252	0.9998428784691252	0.0	0.6	0	0	0.375213046440988	0.17610017130811056	0.9998995945261049	1			0
S1_EXCLUDE_BCN12	s__GGB9707_SGB15229	OTHER_OR_INSUFFICIENT	9	-0.044684081424201376	-0.2989198842049429	0.20955172135654015	0.6958796239225105	0.9930527113580683	0.0	-0.3053827232310798	0.21601456038267702	0.5555555555555556	5	4	0	0	5	-0.05509044196366948	0.64218791590569	0.9897946958941124	0.0	0.6	1	0	-0.07866119651681623	0.7610914123073441	0.9998995945261049	1			0
S1_EXCLUDE_BCN12	s__GGB9708_SGB15233	OTHER_OR_INSUFFICIENT	6	0.08748561968316791	-0.28237528273847357	0.4573465221048094	0.5697209039826654	0.9930527113580683	0.0	-0.3119953379525888	0.4869665773189247	0.6666666666666666	4	2	0	0							0	0	0.09526182898250272	0.7503983113111247	0.9998995945261049	1			0
S1_EXCLUDE_BCN12	s__GGB9708_SGB15234	OTHER_OR_INSUFFICIENT	9	0.0694974977026222	-0.18531438551964435	0.32430938092488876	0.5469225204580059	0.9930527113580683	0.0	-0.19179186896079686	0.33078686436604127	0.5555555555555556	5	4	0	0	5	0.046923340818040664	0.691491855596935	0.9897946958941124	0.0	0.6	1	0	0.10300844099009616	0.6771378319036304	0.9998995945261049	1			0
S1_EXCLUDE_BCN12	s__GGB9712_SGB15244	OTHER_OR_INSUFFICIENT	7	0.02184861674373567	-0.3749457355963891	0.41864296908386045	0.8972284247480069	0.9930527113580683	29.668646427238766	-0.7601165777660686	0.80381381125354	0.5714285714285714	4	3	0	1	3	-0.04035454849309985	0.8742729106180672	0.9897946958941124	65.02606176539842	0.6666666666666666	0	0	0.04791557317704823	0.8942475598826932	0.9998995945261049	1			0
S1_EXCLUDE_BCN12	s__GGB9713_SGB15249	OTHER_OR_INSUFFICIENT	9	0.044484094078211835	-0.2106970112885225	0.2996651994449462	0.6982165778593751	0.9930527113580683	0.0	-0.21718388064518176	0.30615206880160545	0.5555555555555556	5	4	0	0	5	0.03646320274499983	0.7564202154585995	0.9897946958941124	0.0	0.8	1	0	0.23718372800118998	0.3408070856332442	0.9998995945261049	1			0
S1_EXCLUDE_BCN12	s__GGB9719_SGB15272	OTHER_OR_INSUFFICIENT	9	0.010792550823602656	-0.2430953473434302	0.2646804489906355	0.9243230495426104	0.9930527113580683	0.0	-0.2495493424300645	0.2711344440772698	0.5555555555555556	5	4	0	0	5	0.021903319149540655	0.8514430195302884	0.9897946958941124	0.0	0.6	1	0	-0.01224466526046236	0.9603489880588115	0.9998995945261049	0			0
S1_EXCLUDE_BCN12	s__GGB9719_SGB15273	CONSISTENT_NONSIGNIFICANT	8	0.057833143606208025	-0.20719993368243836	0.3228662208948544	0.6217569164296214	0.9930527113580683	0.0	-0.21642293684167999	0.332089224054096	0.75	6	2	0	0	5	0.04006662892903009	0.7334921091064585	0.9897946958941124	0.0	0.8	1	0	0.1950676218378451	0.44784767026495476	0.9998995945261049	1	0.25226037891286374	Lee_PRIMM_NL	0
S1_EXCLUDE_BCN12	s__GGB9719_SGB53514	OTHER_OR_INSUFFICIENT	4	0.015713119427356526	-0.5019966878938056	0.5334229267485187	0.9291421848827673	0.9930527113580683	0.0	-0.6842281534784013	0.7156543923331143	0.75	3	1	0	0							0	0	0.21644762823423688	0.631796382221144	0.9998995945261049	1	0.6971762043172604	Frankel_US	1
S1_EXCLUDE_BCN12	s__GGB9724_SGB15278	OTHER_OR_INSUFFICIENT	6	-0.15832432682473652	-0.49731198126792275	0.18066332761844972	0.28368101665183976	0.9930527113580683	0.0	-0.5244595737624476	0.20781092011297453	0.6666666666666666	2	4	0	0	4	-0.20527907120997446	0.2502011797215448	0.9897946958941124	34.64336031639942	0.75	1	0	-0.5632946601269705	0.12829840228059378	0.9998995945261049	1			0
S1_EXCLUDE_BCN12	s__GGB9739_SGB15313	OTHER_OR_INSUFFICIENT	3	0.3755990127666743	-0.5108319734308847	1.2620299989642332	0.20985651743674336	0.9930527113580683	0.0	-2.242128773019748	2.9933267985530962	1.0	3	0	0	0	3	0.3755990127666743	0.20985651743674336	0.9897946958941124	0.0	1.0	1	0	1.174920102153937	0.15738451595522845	0.9998995945261049	1			0
S1_EXCLUDE_BCN12	s__GGB9747_SGB15356	OTHER_OR_INSUFFICIENT	7	0.018470074776496714	-0.30134110454880575	0.33828125410179916	0.8922451436306108	0.9930527113580683	7.549086575532818	-0.41684006147222147	0.4537802110252149	0.5714285714285714	3	4	0	0	3	-0.007618276111245244	0.9555904057667373	0.9897946958941124	0.0	0.6666666666666666	0	0	0.0983995145249449	0.7737604455630854	0.9998995945261049	1			0
S1_EXCLUDE_BCN12	s__GGB9758_SGB15368	OTHER_OR_INSUFFICIENT	7	0.011695184180749387	-0.28684268352129483	0.3102330518827936	0.926755237736621	0.9930527113580683	0.0	-0.3019311611397049	0.3253215295012037	0.7142857142857143	2	5	0	0	3	0.010283690579007985	0.9401101502124625	0.9897946958941124	0.0	0.6666666666666666	1	0	0.08490026232923259	0.7625038944810112	0.9998995945261049	1			0
S1_EXCLUDE_BCN12	s__GGB9759_SGB15370	CONSISTENT_NONSIGNIFICANT	8	0.212026179902008	-0.05948488799145096	0.483537247795467	0.1073069105921958	0.9930527113580683	0.0	-0.06893332160797205	0.49298568141198806	0.75	6	2	0	0	4	0.22130858259518818	0.14828111168260993	0.9897946958941124	0.0	1.0	1	0	0.5409573640423593	0.09579109753990081	0.9998995945261049	1	0.20413751853114967	Frankel_US	0
S1_EXCLUDE_BCN12	s__GGB9760_SGB15373	OTHER_OR_INSUFFICIENT	8	0.039618111926585944	-0.2518318460444058	0.33106806989757764	0.7572664159158147	0.9930527113580683	12.746298550819848	-0.2619741418606267	0.34121036571379854	0.625	5	3	0	1	4	0.043345580202146544	0.7290663773590131	0.9897946958941124	0.0	0.75	1	0	0.19949128804942015	0.5011404961395182	0.9998995945261049	1			0
S1_EXCLUDE_BCN12	s__GGB9765_SGB15382	OTHER_OR_INSUFFICIENT	6	0.0767058789507213	-0.28469763936000364	0.4381093972614462	0.6087947430933284	0.9930527113580683	6.348361025631	-0.31364039082960776	0.46705214873105033	0.6666666666666666	4	2	0	0	3	0.1171730531815653	0.4667113239669424	0.9897946958941124	0.0	0.6666666666666666	1	0	0.09982177248234167	0.7327158317926175	0.9998995945261049	1			0
S1_EXCLUDE_BCN12	s__GGB9767_SGB15385	DOMAIN_SPECIFIC	5	-0.0356857202126793	-0.6665863357804708	0.5952148953551121	0.8828179511930522	0.9930527113580683	52.121571676710346	-1.3948857622349877	1.3235143218096292	0.6	2	3	1	0							0	0	-0.09935662317062706	0.8098462651921284	0.9998995945261049	1	0.31407403942671763	Lee_PRIMM_UK	1
S1_EXCLUDE_BCN12	s__GGB9770_SGB15389	OTHER_OR_INSUFFICIENT	6	0.04777057646295673	-0.35789067089456733	0.4534318238204808	0.7742989161613654	0.9930527113580683	36.64529507161411	-0.6959684302571173	0.7915095831830307	0.6666666666666666	2	4	0	0	5	0.08050401416305221	0.5088408577941419	0.9897946958941124	1.9387995121601245	0.6	1	0	0.14620757799005749	0.753403091376963	0.9998995945261049	1			0
S1_EXCLUDE_BCN12	s__GGB9770_SGB15390	OTHER_OR_INSUFFICIENT	7	-0.043059394546567445	-0.32895392620944364	0.24283513711630877	0.7251270759094806	0.9930527113580683	0.0	-0.3434033938257539	0.25728460473261905	0.7142857142857143	5	2	0	0	4	-0.08778484912447464	0.6216765111917034	0.9897946958941124	38.063438546346426	0.5	1	0	0.022461903151489215	0.9346209683612793	0.9998995945261049	0			0
S1_EXCLUDE_BCN12	s__GGB9775_SGB15395	OTHER_OR_INSUFFICIENT	7	0.09554458096992678	-0.19677249487944837	0.38786165681930196	0.4543288231285608	0.9930527113580683	0.0	-0.21154656590532767	0.40263572784518126	0.7142857142857143	5	2	0	0	4	0.08086536189823607	0.5295181435926116	0.9897946958941124	0.0	0.75	1	0	0.18999306422909648	0.5312021678459389	0.9998995945261049	1			0
S1_EXCLUDE_BCN12	s__GGB9781_SGB15402	CONSISTENT_NONSIGNIFICANT	6	0.09318130231705442	-0.2544438728020147	0.4408064774361235	0.5214569797745529	0.9930527113580683	0.0	-0.28228319515768224	0.46864579979179105	1.0	6	0	0	0	3	0.13825296258526393	0.40337186229702715	0.9897946958941124	0.0	1.0	1	0	0.089691677403054	0.749291377055513	0.9998995945261049	1	0.4857680096827545	Lee_PRIMM_UK	0
S1_EXCLUDE_BCN12	s__GGB9781_SGB66170	OTHER_OR_INSUFFICIENT	7	0.03438080542835814	-0.2506298819762015	0.3193914928329178	0.7778111009912311	0.9930527113580683	0.0	-0.26503467900060157	0.33379628985731785	0.7142857142857143	5	2	0	0	4	0.06927589924329294	0.5863278423384662	0.9897946958941124	0.0	0.75	1	0	0.08782492953564817	0.7479658130807483	0.9998995945261049	1			0
S1_EXCLUDE_BCN12	s__GGB9782_SGB15403	CONSISTENT_NONSIGNIFICANT	5	-0.04529760225441941	-0.449994653817254	0.35939944930841516	0.7714986628457757	0.9930527113580683	0.0	-0.6750447825644134	0.5844495780555746	0.8	1	4	0	0	3	-0.07120337101310939	0.6981207033690479	0.9897946958941124	25.05857479639663	0.6666666666666666	1	0	-0.16020883463244634	0.6864840186581287	0.9998995945261049	1	0.4341213400886754	Spencer_US	1
S1_EXCLUDE_BCN12	s__GGB9787_SGB15410	OTHER_OR_INSUFFICIENT	6	0.17597044010876112	-0.17374458554620698	0.5256854657637292	0.2523777552309085	0.9930527113580683	0.0	-0.20175127214720145	0.5536921523647237	0.6666666666666666	4	2	0	0	3	0.16634879660261478	0.39710916525807005	0.9897946958941124	28.188777427603533	0.6666666666666666	1	0	0.18843017247031946	0.5314737715886059	0.9998995945261049	1			0
S1_EXCLUDE_BCN12	s__GGB9788_SGB15411	OTHER_OR_INSUFFICIENT	5	0.18322672189277434	-0.37450372124210685	0.7409571650276555	0.4133038534896821	0.9930527113580683	40.69695393883217	-0.9217233235384767	1.2881767673240254	0.6	3	2	1	0							0	0	0.506022843248863	0.34027231708857314	0.9998995945261049	1			0
S1_EXCLUDE_BCN12	s__GGB9818_SGB15459	OTHER_OR_INSUFFICIENT	7	0.13498636554957455	-0.18216391711220176	0.45213664821135086	0.3377961325415416	0.9930527113580683	14.024026480422275	-0.19819308948945924	0.46816582058860834	0.7142857142857143	5	2	0	0	4	0.06849452886122252	0.6115748616855532	0.9897946958941124	11.161907681365225	0.75	1	0	0.284663049178476	0.45571732054190833	0.9998995945261049	1			0
S1_EXCLUDE_BCN12	s__Gordonibacter_pamelaeae	CONSISTENT_NONSIGNIFICANT	7	-0.1283763264646773	-0.5188173852884804	0.26206473235912586	0.4517775114335379	0.9930527113580683	26.088652141538386	-0.86347468595359	0.6067220330242353	0.8571428571428571	1	6	0	1	4	-0.168037579050476	0.4683647330796912	0.9897946958941124	47.41116510096718	0.75	1	0	-0.24528123002664515	0.4640156960750254	0.9998995945261049	1	0.37904693096009917	Lee_PRIMM_NL	1
S1_EXCLUDE_BCN12	s__Gordonibacter_urolithinfaciens	OTHER_OR_INSUFFICIENT	6	-0.03543295513407305	-0.44301795200796196	0.3721520417398158	0.8320125268218488	0.9930527113580683	25.947876886304094	-0.48292772155513214	0.412061811286986	0.5	3	3	0	0	3	0.03765878434487408	0.8487892409518482	0.9897946958941124	17.85641797634667	0.6666666666666666	0	0	-0.07861300024408013	0.7819882120383949	0.9998995945261049	1			0
S1_EXCLUDE_BCN12	s__Granulicatella_SGB8255	CONSISTENT_NONSIGNIFICANT	6	-0.14197647979263786	-0.4900143254672835	0.20606136588200777	0.3423688624282616	0.9930527113580683	0.0	-0.517886696258316	0.23393373667304027	0.8333333333333334	1	5	0	0	3	-0.1080671892027455	0.4972736300558819	0.9897946958941124	0.0	1.0	1	0	-0.2595873367381387	0.41868119734492315	0.9998995945261049	1	0.4091682448675437	Lee_PRIMM_NL	0
S1_EXCLUDE_BCN12	s__Haemophilus_parainfluenzae	DOMAIN_SPECIFIC	7	-0.07068539332353437	-0.5476378157898086	0.4062670291427399	0.7293072475189152	0.9930527113580683	50.97959089596712	-1.1300824435140286	0.9887116568669599	0.7142857142857143	5	2	0	1	5	-0.113292256342073	0.36122844250721226	0.9897946958941124	0.0	0.6	1	0	-0.14987838565106903	0.612422039967103	0.9998995945261049	1	0.3428404593298591	Lee_PRIMM_UK	1
S1_EXCLUDE_BCN12	s__Harryflintia_acetispora	CONSISTENT_NONSIGNIFICANT	8	0.1280148006138449	-0.1563695445045405	0.4123991457322303	0.322467884931616	0.9930527113580683	0.0	-0.16626596094816692	0.42229556217585673	0.875	7	1	0	0	5	0.10924094340591725	0.37588479268831465	0.9897946958941124	0.0	1.0	1	0	0.14719557524452323	0.5663997686984196	0.9998995945261049	1	0.31115633116544633	Lee_PRIMM_UK	0
S1_EXCLUDE_BCN12	s__Holdemanella_porci	OTHER_OR_INSUFFICIENT	7	0.16344583779003924	-0.2361393968052235	0.563031072385302	0.35552435847868835	0.9930527113580683	41.00929474009652	-0.6605919992145339	0.9874836747946125	0.7142857142857143	5	2	0	0	4	0.06764447294513325	0.8073213868284538	0.9897946958941124	68.19930662833458	0.5	1	0	0.33858781784234665	0.31210011483565575	0.9998995945261049	1			0
S1_EXCLUDE_BCN12	s__Holdemania_filiformis	OTHER_OR_INSUFFICIENT	8	-0.11904224809906601	-0.5609598957047748	0.3228753995066428	0.5444022406236264	0.9930527113580683	61.83931204797636	-1.2090649130819828	0.9709804168838507	0.75	2	6	1	0	5	0.037572516834279625	0.8791078048527705	0.9897946958941124	71.81265420200675	0.6	0	0	-0.11577965650212027	0.7658331905764912	0.9998995945261049	1	0.22952925378960556	Spencer_US	0
S1_EXCLUDE_BCN12	s__Holdemania_massiliensis	OTHER_OR_INSUFFICIENT	6	-0.27386206102805727	-0.6113194336622169	0.06359531160610232	0.09134605156317942	0.9930527113580683	0.0	-0.6383444746123608	0.09062035255624618	0.6666666666666666	2	4	0	0	5	-0.25011665408916395	0.08565710680050978	0.9897946958941124	0.0	0.8	1	1	-0.6091520451112657	0.13337561463365866	0.9998995945261049	1	0.24062103909115018	Spencer_US	0
S1_EXCLUDE_BCN12	s__Holdemania_sp_1001095H_141210_F2	OTHER_OR_INSUFFICIENT	8	0.0985949636663504	-0.18590238198438563	0.38309230931708643	0.43951842065764646	0.9930527113580683	0.0	-0.19580273075519194	0.39299265808789274	0.625	5	3	0	0	5	0.13381172249462864	0.290338258008488	0.9897946958941124	0.0	0.6	1	0	0.295861846024609	0.3296474181071073	0.9998995945261049	1			0
S1_EXCLUDE_BCN12	s__Hungatella_hathewayi	CONSISTENT_NONSIGNIFICANT	8	-0.22475344703707484	-0.49045792617579476	0.04095103210164508	0.08559628620268488	0.9930527113580683	0.0	-0.499704293745636	0.05019739967148634	1.0	0	8	0	0	5	-0.21959365998816266	0.11674483161775362	0.9897946958941124	0.0	1.0	1	0	-0.4654965464852317	0.11246165248630759	0.9998995945261049	1	0.24621115798589535	Spencer_US	0
S1_EXCLUDE_BCN12	s__Hydrogeniiclostidium_mannosilyticum	OTHER_OR_INSUFFICIENT	6	-0.12343882291845765	-0.4555140290650339	0.20863638322811862	0.38318978699742573	0.9930527113580683	0.0	-0.48210804294446286	0.23523039710754756	0.6666666666666666	2	4	0	0	4	-0.13181906211724942	0.389203438412413	0.9897946958941124	16.984208670981257	0.75	1	0	-0.21293405692604414	0.48742002498708503	0.9998995945261049	1			0
S1_EXCLUDE_BCN12	s__Hydrogenoanaerobacterium_saccharovorans	OTHER_OR_INSUFFICIENT	9	0.03982009006347313	-0.2523405525795867	0.331980732706533	0.761335315209326	0.9930527113580683	20.075354611973527	-0.35882092875977867	0.43846110888672496	0.5555555555555556	4	5	0	0	5	0.03716755362307434	0.7692102832250561	0.9897946958941124	13.60306882238564	0.6	1	0	0.08326933142383981	0.7720733232497197	0.9998995945261049	1			0
S1_EXCLUDE_BCN12	s__Intestinibacter_bartlettii	OTHER_OR_INSUFFICIENT	8	0.1843166935898921	-0.11147888920510884	0.48011227638489307	0.1841197396600541	0.9930527113580683	1.2496601739284063	-0.27929997744053364	0.6479333646203178	0.625	5	3	1	0	5	0.14524640275460976	0.33194909675903134	0.9897946958941124	5.909307232669865	0.6	1	0	0.6290098919351051	0.0652031181150526	0.9998995945261049	1	0.22646870678015493	Spencer_US	0
S1_EXCLUDE_BCN12	s__Isoptericola_variabilis	OTHER_OR_INSUFFICIENT	6	0.02790611273958753	-0.3201939854949221	0.3760062109740972	0.8448600607516686	0.9930527113580683	0.0	-0.3480713417738616	0.4038835672530367	0.5	3	3	0	0	3	0.0626575840492569	0.6805249968274694	0.9897946958941124	0.0	0.6666666666666666	1	0	0.17598295835212516	0.6188706177554232	0.9998995945261049	1			0
S1_EXCLUDE_BCN12	s__Klebsiella_pneumoniae	STRONG_DIRECTION_REVERSAL	7	-0.03781367180087146	-0.5679670296105377	0.49233968600879474	0.8671905323191573	0.9930527113580683	60.356427232887874	-1.2419980213187671	1.1663706777170242	0.5714285714285714	3	4	1	1	5	-0.10633960415077674	0.5777062121441697	0.9897946958941124	44.627787938045856	0.6	1	0	-0.1777863334981492	0.697993477529674	0.9998995945261049	1	0.3748269520339641	Lee_Manchester	1
S1_EXCLUDE_BCN12	s__Lachnoclostridium_edouardi	OTHER_OR_INSUFFICIENT	4	-0.11561329493200115	-0.6012299145770048	0.37000332471300257	0.5037334831624369	0.9930527113580683	0.0	-0.7721647262214615	0.5409381363574592	0.5	2	2	0	0	4	-0.11561329493200115	0.5037334831624369	0.9897946958941124	0.0	0.5	1	0	-0.10473860414751464	0.8239610585983674	0.9998995945261049	1			0
S1_EXCLUDE_BCN12	s__Lachnoclostridium_sp_An131	OTHER_OR_INSUFFICIENT	3	-0.2521646602436274	-1.031455368826199	0.5271260483389442	0.2984454540426767	0.9930527113580683	0.0	-2.5534954715674756	2.049166151080221	1.0	0	3	0	0							0	0	-0.5378085229172823	0.26301372406290663	0.9998995945261049	1			0
S1_EXCLUDE_BCN12	s__Lachnospira_eligens	OTHER_OR_INSUFFICIENT	9	-0.021558730787346252	-0.2762220973843386	0.2331046358096461	0.8500902628733993	0.9930527113580683	0.0	-0.28269580535697875	0.23957834378228623	0.5555555555555556	4	5	0	0	5	-0.026919737615159898	0.8182820532451335	0.9897946958941124	0.0	0.6	1	0	0.020651725941187637	0.9355721753936421	0.9998995945261049	0			0
S1_EXCLUDE_BCN12	s__Lachnospira_pectinoschiza	OTHER_OR_INSUFFICIENT	8	0.10329653279906217	-0.16201221270664998	0.3686052783047743	0.387858346877739	0.9930527113580683	0.0	-0.1712448089627536	0.3778378745608779	0.625	5	3	0	0	5	0.057585864569756506	0.6273950949050123	0.9897946958941124	0.0	0.8	1	0	0.22213924480640754	0.3821985623429624	0.9998995945261049	1			0
S1_EXCLUDE_BCN12	s__Lachnospira_sp_NSJ_43	OTHER_OR_INSUFFICIENT	9	0.051104536442212606	-0.23416204840705193	0.33637112129147717	0.6903747894889777	0.9930527113580683	16.470457577221687	-0.3471865708595008	0.44939564374392604	0.5555555555555556	4	5	1	0	5	0.030007956718549073	0.8354038401888909	0.9897946958941124	33.75249795887638	0.6	1	0	0.16389340709845754	0.5710012275021351	0.9998995945261049	1			0
S1_EXCLUDE_BCN12	s__Lachnotalea_sp_AF33_28	CONSISTENT_NONSIGNIFICANT	6	-0.20428965298405902	-0.5359022977799011	0.127322991811783	0.17413402444904139	0.9930527113580683	0.0	-0.5624592677348288	0.1538799617667108	0.8333333333333334	1	5	0	0	5	-0.10610492431014654	0.3889718122137504	0.9897946958941124	0.0	0.8	1	0	-0.28365672847655776	0.3236847724660719	0.9998995945261049	1	0.43450614434568485	Matson_US	0
S1_EXCLUDE_BCN12	s__Lacrimispora_amygdalina	DOMAIN_SPECIFIC	8	0.032760597747476645	-0.37831724685411283	0.4438384423490661	0.8558728996099497	0.9930527113580683	50.21087933321662	-0.9072013287463361	0.9727225242412894	0.5	4	4	0	1	5	0.06289869219676572	0.7126885501033651	0.9897946958941124	43.08991718075922	0.6	1	0	7.071130152470799e-05	0.9998872431588107	0.9998995945261049	1	0.2344137830781628	Lee_PRIMM_UK	1
S1_EXCLUDE_BCN12	s__Lacrimispora_celerecrescens	CONSISTENT_NONSIGNIFICANT	9	0.23833613447914	-0.01735199196915374	0.4940242609274338	0.06382401147152644	0.9930527113580683	0.0	-0.023851750031082336	0.5005240189893624	0.7777777777777778	7	2	1	0	5	0.25430274159887484	0.08239006922136026	0.9897946958941124	0.0	1.0	1	1	0.5511540361774018	0.08319451638889076	0.9998995945261049	1	0.21243381989666396	Spencer_US	0
S1_EXCLUDE_BCN12	s__Lacrimispora_saccharolytica	OTHER_OR_INSUFFICIENT	7	-0.04417034697499429	-0.3294993827069364	0.24115868875694785	0.717882632904167	0.9930527113580683	0.0	-0.34392026945830484	0.2555795755083163	0.5714285714285714	3	4	0	0	5	-0.017128824237914547	0.8834662775265161	0.9897946958941124	0.0	0.6	1	0	-0.12591050280096988	0.6875721724706685	0.9998995945261049	1			0
S1_EXCLUDE_BCN12	s__Lacticaseibacillus_paracasei	OTHER_OR_INSUFFICIENT	5	-0.04425299168921946	-0.4762555425836736	0.38774955920523463	0.790212167279674	0.9930527113580683	0.0	-0.5394275300697847	0.45092154669134576	0.6	3	2	0	0	3	-0.01940263347966518	0.8962355299356477	0.9897946958941124	0.0	0.6666666666666666	1	0	-0.08916407769621972	0.7917854791585371	0.9998995945261049	1			0
S1_EXCLUDE_BCN12	s__Lacticaseibacillus_rhamnosus	OTHER_OR_INSUFFICIENT	4	-0.009855183070030688	-0.5332952910738108	0.5135849249337495	0.9559889204760165	0.9930527113580683	0.0	-0.7175437961364175	0.6978334299963562	0.5	2	2	0	0	3	0.038457426639289354	0.7974150033477789	0.9897946958941124	0.0	0.6666666666666666	0	0	0.2440376331120975	0.5445462855082547	0.9998995945261049	0			0
S1_EXCLUDE_BCN12	s__Lactobacillus_gasseri	OTHER_OR_INSUFFICIENT	5	-0.025586582865029087	-0.47885599636017767	0.4276828306301195	0.8830521134248774	0.9930527113580683	16.755607337571103	-0.5623649688529038	0.5111918031228455	0.6	3	2	0	0							0	0	-0.06796383018126233	0.8608653146971202	0.9998995945261049	1			0
S1_EXCLUDE_BCN12	s__Lactococcus_cremoris	OTHER_OR_INSUFFICIENT	4	0.058490562981633715	-0.4545961826772411	0.5715773086405085	0.7408152482662727	0.9930527113580683	3.4562096957679067	-0.7131023463789581	0.8300834723422255	0.5	2	2	0	0							0	0	0.11334377053421008	0.859647470607025	0.9998995945261049	1			0
S1_EXCLUDE_BCN12	s__Lactococcus_lactis	CONSISTENT_NONSIGNIFICANT	6	0.2200643404549464	-0.1291314416321145	0.5692601225420073	0.16616015865176373	0.9930527113580683	0.0	-0.15709654499066464	0.5972252259005575	0.8333333333333334	5	1	0	0	3	0.22616349737861777	0.2285099998287411	0.9897946958941124	0.0	0.6666666666666666	1	0	0.29984854263566896	0.32462151994666966	0.9998995945261049	1	0.307014085912597	Matson_US	0
S1_EXCLUDE_BCN12	s__Lactonifactor_sp_BIOML_A6	OTHER_OR_INSUFFICIENT	4	-0.18681970179216184	-0.7102176295510911	0.3365782259667674	0.33852108173756573	0.9930527113580683	0.0	-0.8944512873620272	0.5208118837777036	1.0	0	4	0	0	3	-0.2388716062804362	0.21160153538959767	0.9897946958941124	0.0	1.0	1	0	-0.5043112821466629	0.23911133858515915	0.9998995945261049	1	0.3349563313478183	Lee_PRIMM_UK	0
S1_EXCLUDE_BCN12	s__Lancefieldella_parvula	OTHER_OR_INSUFFICIENT	5	-0.33403911981764195	-0.7478653684412832	0.07978712880599925	0.08851028021560094	0.9930527113580683	0.0	-0.8083794245810298	0.14030118494574595	1.0	0	5	0	1							0	0	-0.6211739140736717	0.14891059946196272	0.9998995945261049	1	0.49286452550615434	Frankel_US	0
S1_EXCLUDE_BCN12	s__Ligilactobacillus_ruminis	OTHER_OR_INSUFFICIENT	3	0.15404566640743267	-0.6544251459326923	0.9625164787475576	0.4984734222129567	0.9930527113580683	0.0	-2.233457187940267	2.5415485207551325	0.6666666666666666	2	1	0	0							0	0	0.5549837134330738	0.3381185033467769	0.9998995945261049	1			0
S1_EXCLUDE_BCN12	s__Limosilactobacillus_fermentum	OTHER_OR_INSUFFICIENT	4	0.03649361625896142	-0.46951364305442755	0.5425008755723504	0.8332228336400538	0.9930527113580683	0.0	-0.6476258656838916	0.7206130982018144	0.5	2	2	0	0							0	0	0.15946406595112197	0.6825687965942465	0.9998995945261049	1			0
S1_EXCLUDE_BCN12	s__Longibaculum_muris	OTHER_OR_INSUFFICIENT	4	0.09530437971115946	-0.5047475616650607	0.6953563210873797	0.6480350169062132	0.9930527113580683	28.184678462927316	-1.0070465657517975	1.1976553251741164	0.5	2	2	1	0	4	0.09530437971115946	0.6480350169062132	0.9897946958941124	28.184678462927316	0.5	1	0	0.258390772646122	0.6067331110115383	0.9998995945261049	1			0
S1_EXCLUDE_BCN12	s__Longicatena_caecimuris	CONSISTENT_NONSIGNIFICANT	6	0.12680451571050663	-0.1998055118339934	0.45341454325500663	0.36409089607649076	0.9930527113580683	0.0	-0.2259618507762892	0.4795708821973025	0.8333333333333334	5	1	0	0	4	0.12585678290373478	0.46975934230181554	0.9897946958941124	0.0	0.75	1	0	0.41722599472134425	0.2411278051828569	0.9998995945261049	1	0.36845740198947124	Spencer_US	0
S1_EXCLUDE_BCN12	s__Massiliimalia_massiliensis	OTHER_OR_INSUFFICIENT	7	-0.02824667898635638	-0.314098159632965	0.2576048016602523	0.8169918552214276	0.9930527113580683	0.0	-0.32854545142194364	0.2720520934492309	0.5714285714285714	3	4	0	0	4	-0.01104265004916433	0.9290287649142767	0.9897946958941124	0.0	0.75	1	0	-0.03154372051709411	0.9134823261006093	0.9998995945261049	1			0
S1_EXCLUDE_BCN12	s__Massiliimalia_timonensis	OTHER_OR_INSUFFICIENT	7	-0.19754926401479747	-0.6283567172308959	0.23325818920130095	0.3047285659334079	0.9930527113580683	42.57963006175448	-1.0999062247792313	0.7048076967496364	0.7142857142857143	2	5	0	2	4	-0.12549758817363715	0.6599708187721255	0.9897946958941124	57.73021991538777	0.5	1	0	-0.3014618819630299	0.4904340837287844	0.9998995945261049	1			0
S1_EXCLUDE_BCN12	s__Massilimicrobiota_sp_An134	OTHER_OR_INSUFFICIENT	5	0.0058366412558289085	-0.6035863704723059	0.6152596529839638	0.9800597527828732	0.9930527113580683	51.006527883758444	-1.237503885103148	1.2491771676148056	0.6	2	3	0	0	3	0.01559602264636585	0.9164172151272673	0.9897946958941124	0.0	0.6666666666666666	1	0	0.015662161833615133	0.9750753837503597	0.9998995945261049	1	0.41878549711747187	Lee_PRIMM_NL	1
S1_EXCLUDE_BCN12	s__Massilimicrobiota_timonensis	CONSISTENT_NONSIGNIFICANT	5	-0.21983342268434442	-0.613715119258594	0.17404827388990518	0.1961691568546833	0.9930527113580683	0.0	-0.6713126719695901	0.23164582660090133	0.8	1	4	0	0	3	-0.20395081933176118	0.2619162229685349	0.9897946958941124	0.0	0.6666666666666666	1	0	-0.3873464823881308	0.27650586021684903	0.9998995945261049	1	0.36616074935891235	Lee_PRIMM_NL	0
S1_EXCLUDE_BCN12	s__Massilioclostridium_coli	OTHER_OR_INSUFFICIENT	7	-0.014380350526329518	-0.2999580031923062	0.27119730213964716	0.9059606432656165	0.9930527113580683	0.0	-0.31439145536890567	0.2856307543162466	0.5714285714285714	3	4	0	0	5	0.014956748667228572	0.8982131015926798	0.9897946958941124	0.0	0.6	0	0	-0.06602605663975009	0.8158829519442568	0.9998995945261049	1			0
S1_EXCLUDE_BCN12	s__Mediterraneibacter_SGB48424	OTHER_OR_INSUFFICIENT	5	0.01745916637889549	-0.4146768233609824	0.4495951561187734	0.9160893281252864	0.9930527113580683	0.0	-0.4778683236827827	0.5127866564405736	0.6	2	3	0	0	3	0.0275156347899285	0.8566550304259413	0.9897946958941124	0.0	0.6666666666666666	1	0	0.035798031624822126	0.9122784695743004	0.9998995945261049	1			0
S1_EXCLUDE_BCN12	s__Mediterraneibacter_butyricigenes	OTHER_OR_INSUFFICIENT	8	0.18937005212881172	-0.12509546477300518	0.5038355690306286	0.19746815354161143	0.9930527113580683	21.476615514524962	-0.3696151930340291	0.7483552972916526	0.625	5	3	1	0	5	0.20994474415324205	0.1290223052369537	0.9897946958941124	0.0	0.8	1	0	0.6220443115409319	0.0989880033460525	0.9998995945261049	1	0.4443173629494931	Lee_PRIMM_UK	0
S1_EXCLUDE_BCN12	s__Mediterraneibacter_glycyrrhizinilyticus	OTHER_OR_INSUFFICIENT	9	0.10848703898043402	-0.14644102742479756	0.36341510538566557	0.35516635719494266	0.9930527113580683	0.0	-0.15292146423725025	0.36989554219811827	0.6666666666666666	6	3	0	0	5	0.10994023625171027	0.37388308258322445	0.9897946958941124	0.0	0.6	1	0	0.25507427941356586	0.3443373554969903	0.9998995945261049	1			0
S1_EXCLUDE_BCN12	s__Mediterraneibacter_massiliensis	OTHER_OR_INSUFFICIENT	6	-0.057788930273964076	-0.4116467062716318	0.2960688457237036	0.6920566445457357	0.9930527113580683	2.464182017021105	-0.4399851621516289	0.32440730160370074	0.5	3	3	0	0	3	-0.040089400373107174	0.7891781331170815	0.9897946958941124	0.0	0.6666666666666666	1	0	-0.037310823027537854	0.9098460653865413	0.9998995945261049	1			0
S1_EXCLUDE_BCN12	s__Merdimonas_faecis	OTHER_OR_INSUFFICIENT	5	0.014469339510348447	-0.48681428908228086	0.5157529681029778	0.9399746045837393	0.9930527113580683	27.71663376629186	-0.7339371719744562	0.7628758509951531	0.6	3	2	0	1							0	0	0.36057658515628865	0.38172893683654974	0.9998995945261049	1			0
S1_EXCLUDE_BCN12	s__Methanobrevibacter_smithii	OTHER_OR_INSUFFICIENT	8	-0.018259633968253454	-0.3157424598858038	0.27922319194929685	0.8886897647328549	0.9930527113580683	0.0	-0.4622024218785349	0.42568315394202794	0.625	5	3	0	0	4	-0.02016426747916118	0.8862049184123479	0.9897946958941124	7.24585186872565	0.75	1	0	-0.0326531009089705	0.9131198509962088	0.9998995945261049	1			0
S1_EXCLUDE_BCN12	s__Methylobacterium_SGB15164	OTHER_OR_INSUFFICIENT	9	0.12368151931668997	-0.16594904744694816	0.4133120860803281	0.35359428269878734	0.9930527113580683	2.172480058492798	-0.35975816589028325	0.6071212045236631	0.6666666666666666	6	3	1	0	5	0.11827985503763817	0.5035241837139632	0.9897946958941124	41.30612084954958	0.6	1	0	0.32465549881898453	0.25276175082031976	0.9998995945261049	1			0
S1_EXCLUDE_BCN12	s__Mogibacterium_diversum	OTHER_OR_INSUFFICIENT	6	-0.07003789957725433	-0.4223886654793761	0.28231286632486746	0.6311316479648211	0.9930527113580683	1.413500668231116	-0.46705504929359787	0.32697925013908924	0.5	3	3	0	1	3	-0.11265676378893114	0.7052119832342565	0.9897946958941124	58.95479364013505	0.6666666666666666	1	0	0.06070051883014023	0.8707344954746216	0.9998995945261049	0			0
S1_EXCLUDE_BCN12	s__Mogibacterium_kristiansenii	OTHER_OR_INSUFFICIENT	3	0.009738357154370127	-1.8150413360567312	1.8345180503654714	0.9837654850428219	0.9930527113580683	74.60807040899175	-9.628977442711045	9.648454157019787	0.6666666666666666	1	2	0	1							0	0	0.0995192695586326	0.8966018539443629	0.9998995945261049	1			0
S1_EXCLUDE_BCN12	s__Mogibacterium_sp_BX12	OTHER_OR_INSUFFICIENT	7	0.006711106695584296	-0.2782486212698998	0.29167083466106836	0.95591667869389	0.9930527113580683	0.0	-0.29265084274423103	0.3060730561353996	0.5714285714285714	4	3	0	0	4	0.027241521119896125	0.8264671585266657	0.9897946958941124	0.0	0.75	1	0	0.10383617824366798	0.7049200070641058	0.9998995945261049	1			0
S1_EXCLUDE_BCN12	s__Mogibacterium_sp_NSJ_24	OTHER_OR_INSUFFICIENT	4	-0.05238972641608688	-0.5332232266305335	0.4284437737983597	0.7516784069904223	0.9930527113580683	0.0	-0.7024744024108304	0.5976949495786567	0.5	2	2	0	0							0	0	-0.03537680012682835	0.932282352225337	0.9998995945261049	1			0
S1_EXCLUDE_BCN12	s__Monoglobus_pectinilyticus	OTHER_OR_INSUFFICIENT	8	-0.05076235077308424	-0.31629326415816567	0.2147685626119972	0.6649063036528768	0.9930527113580683	0.0	-0.32553359173256424	0.22400889018639578	0.625	3	5	0	0	5	-0.036962749612305994	0.7757198536032842	0.9897946958941124	17.665322203825156	0.6	1	0	-0.05536961061685472	0.8451847520464457	0.9998995945261049	1			0
S1_EXCLUDE_BCN12	s__Neglectibacter_timonensis	OTHER_OR_INSUFFICIENT	6	0.015091198285161348	-0.3909063365527742	0.4210887331230969	0.9275891542723225	0.9930527113580683	26.048705705724146	-0.7280523846773309	0.7582347812476536	0.6666666666666666	2	4	1	0	5	-0.02795103476089251	0.8153136792437709	0.9897946958941124	0.0	0.6	0	0	-0.17398902789483606	0.6305153048023141	0.9998995945261049	0			0
S1_EXCLUDE_BCN12	s__Neobittarella_massiliensis	OTHER_OR_INSUFFICIENT	4	-0.10667293620539788	-0.8006488291677385	0.5873029567569428	0.6582460711178625	0.9930527113580683	34.47742192358034	-1.5805584692646868	1.3672125968538908	0.5	2	2	0	0	3	-0.01471717374115286	0.921098189277912	0.9897946958941124	0.0	0.6666666666666666	1	0	-0.031609148037477226	0.9400924147145234	0.9998995945261049	1			0
S1_EXCLUDE_BCN12	s__Odoribacter_splanchnicus	OTHER_OR_INSUFFICIENT	9	0.08514828817788941	-0.16914914557776886	0.3394457219335477	0.4622315777637343	0.9930527113580683	0.0	-0.1756135513056907	0.34591012766146956	0.5555555555555556	5	4	0	0	5	0.043879692986551574	0.7101329425859403	0.9897946958941124	0.0	0.6	1	0	0.2905931811789279	0.29351390503256986	0.9998995945261049	1			0
S1_EXCLUDE_BCN12	s__Oscillibacter_SGB15077	OTHER_OR_INSUFFICIENT	3	0.11210142406406988	-0.7212825744492974	0.9454854225774372	0.6212420879730011	0.9930527113580683	0.0	-2.3489727970645107	2.573175645192651	0.6666666666666666	1	2	0	0							0	0	-0.20482968157812628	0.6789538215757042	0.9998995945261049	0			0
S1_EXCLUDE_BCN12	s__Oscillibacter_sp_ER4	OTHER_OR_INSUFFICIENT	9	-0.002335969572940339	-0.3692405452370499	0.3645686060911692	0.9886457186418357	0.9930527113580683	41.80484225332752	-0.6806576729068804	0.6759857337609997	0.5555555555555556	4	5	0	1	5	0.03041855995633706	0.8649813257152976	0.9897946958941124	41.39321794577521	0.6	0	0	0.0560929853347789	0.8559609756745231	0.9998995945261049	0			0
S1_EXCLUDE_BCN12	s__Oscillibacter_sp_NSJ_62	OTHER_OR_INSUFFICIENT	4	-0.10139912296238433	-0.5811772385218006	0.3783789925970319	0.5493749873560959	0.9930527113580683	0.0	-0.7500569237589905	0.5472586778342219	1.0	0	4	0	0	3	-0.10541652189970896	0.5065788706175792	0.9897946958941124	0.0	1.0	1	0	-0.2705324036519994	0.5049115932566901	0.9998995945261049	1	0.6294733216701416	Lee_PRIMM_UK	0
S1_EXCLUDE_BCN12	s__Oscillibacter_sp_PC13	OTHER_OR_INSUFFICIENT	7	0.04153260040887489	-0.26647308563333527	0.3495382864510851	0.752652857214767	0.9930527113580683	0.0	-0.28204007860745084	0.36510527942520066	0.5714285714285714	4	3	0	0	4	0.020228278440601977	0.8705252471548738	0.9897946958941124	0.0	0.75	1	0	0.2642876504296261	0.4840211256611031	0.9998995945261049	1			0
S1_EXCLUDE_BCN12	s__Oscillibacter_valericigenes	OTHER_OR_INSUFFICIENT	7	-0.0248839732794858	-0.31089435675544397	0.2611264101964724	0.8384612853287111	0.9930527113580683	0.0	-0.32534967969461037	0.2755817331356387	0.5714285714285714	4	3	0	0	5	-0.03273169226847122	0.7805744057430176	0.9897946958941124	0.0	0.6	1	0	-0.06435075298535488	0.8454351056528066	0.9998995945261049	1			0
S1_EXCLUDE_BCN12	s__Parabacteroides_distasonis	OTHER_OR_INSUFFICIENT	9	0.08636485136296883	-0.18440410358315146	0.35713380630908914	0.48302299131589216	0.9930527113580683	0.0	-0.2876040478199496	0.46033375054588727	0.5555555555555556	5	4	1	0	5	0.08931981915176028	0.5937888340517028	0.9897946958941124	34.69293304154542	0.6	1	0	0.20536107919274973	0.718473627980804	0.9998995945261049	1			0
S1_EXCLUDE_BCN12	s__Parabacteroides_goldsteinii	OTHER_OR_INSUFFICIENT	8	-0.05374023345864627	-0.3219077696666171	0.2144273027493246	0.6500192662401716	0.9930527113580683	0.0	-0.33123985023856634	0.22375938332127382	0.625	3	5	0	0	5	-0.10202659553493519	0.40569345057649026	0.9897946958941124	0.0	0.8	1	0	-0.07737779109500591	0.7840881812192367	0.9998995945261049	1			0
S1_EXCLUDE_BCN12	s__Parabacteroides_johnsonii	OTHER_OR_INSUFFICIENT	5	-0.07785951967034564	-0.4501557146927946	0.29443667535210327	0.5926202316262132	0.9930527113580683	0.0	-0.5045968068602816	0.3488777675195904	0.6	2	3	0	0	4	-0.17309056892894017	0.33943736602742236	0.9897946958941124	0.0	0.75	1	0	-0.09434988835015315	0.8364410139703092	0.9998995945261049	1			0
S1_EXCLUDE_BCN12	s__Parabacteroides_merdae	CONSISTENT_NONSIGNIFICANT	9	0.25279504547067183	-0.022380216071868853	0.5279703070132125	0.06698608068692866	0.9930527113580683	12.987448917311061	-0.035494088702545945	0.5410841796438897	0.7777777777777778	7	2	0	0	5	0.22828310007613253	0.17645859920191007	0.9897946958941124	37.04148659501476	0.8	1	0	0.5912824441310747	0.17104070294984422	0.9998995945261049	1	0.18637294793992606	Gopalakrishnan_US	0
S1_EXCLUDE_BCN12	s__Paraprevotella_clara	OTHER_OR_INSUFFICIENT	9	-0.08600626957627239	-0.34362632639399787	0.1716137872414531	0.4635080022954491	0.9930527113580683	1.7290152899505782	-0.35017519540585634	0.17816265625331157	0.5555555555555556	4	5	0	0	5	-0.08730213555808453	0.4851890375695819	0.9897946958941124	6.205174668748733	0.6	1	0	-0.02316815641904494	0.9251277199076526	0.9998995945261049	1			0
S1_EXCLUDE_BCN12	s__Parasutterella_SGB9260	OTHER_OR_INSUFFICIENT	4	0.11301891501698064	-0.39323512503533803	0.6192729550692992	0.5286656284250963	0.9930527113580683	0.0	-0.5714342133535109	0.7974720433874722	0.5	2	2	0	0	3	0.15446106358066855	0.4472705136399089	0.9897946958941124	0.0	0.6666666666666666	1	0	0.3499996210820577	0.4453454404870184	0.9998995945261049	1			0
S1_EXCLUDE_BCN12	s__Parasutterella_excrementihominis	OTHER_OR_INSUFFICIENT	8	-0.06069318592234488	-0.34519130500957595	0.22380493316488617	0.629429569433931	0.9930527113580683	0.0	-0.35509168069113506	0.23370530884644528	0.5	4	4	0	0	5	-0.0530315366569487	0.6540285741751473	0.9897946958941124	0.0	0.6	1	0	-0.009403696614300343	0.970897771879565	0.9998995945261049	1			0
S1_EXCLUDE_BCN12	s__Phascolarctobacterium_SGB4573	DOMAIN_SPECIFIC	5	-0.10690534014692896	-0.7058880042307559	0.49207732393689796	0.6462116055381667	0.9930527113580683	56.60269037705143	-1.410472979938841	1.1966622996449832	0.6	3	2	0	1	5	0.019360896896868818	0.9019655094529626	0.9897946958941124	37.728129694113626	0.6	0	0	-0.19398456381433396	0.7013344790202946	0.9998995945261049	1	0.45159470533439017	Gopalakrishnan_US	1
S1_EXCLUDE_BCN12	s__Phascolarctobacterium_faecium	OTHER_OR_INSUFFICIENT	8	0.12797599593544648	-0.1571290580094509	0.4130810498803439	0.3237428300662023	0.9930527113580683	0.0	-0.1670505546867009	0.42300254655759384	0.5	4	4	0	0	5	0.14201614526155087	0.36190836390745745	0.9897946958941124	20.266304984445544	0.8	1	0	0.2946438158848401	0.30850578317442645	0.9998995945261049	1			0
S1_EXCLUDE_BCN12	s__Phascolarctobacterium_succinatutens	OTHER_OR_INSUFFICIENT	6	0.162376837062699	-0.2150074515199678	0.5397611256453658	0.31906411602465834	0.9930527113580683	19.538803538742204	-0.4717767441657271	0.7965304182911251	0.6666666666666666	4	2	0	0	3	0.06875409471365265	0.764390873689866	0.9897946958941124	57.10710134949964	0.6666666666666666	1	0	0.4797912508171719	0.23051331591189353	0.9998995945261049	1			0
S1_EXCLUDE_BCN12	s__Phocaeicola_dorei	OTHER_OR_INSUFFICIENT	9	0.01570593788829409	-0.23903567251682298	0.27044754829341117	0.8904569433109657	0.9930527113580683	0.0	-0.24551136952184358	0.27692324529843176	0.5555555555555556	5	4	0	0	5	-0.008342408661303246	0.94303766746048	0.9897946958941124	0.0	0.6	0	0	0.1633938441228634	0.5548767650814448	0.9998995945261049	1			0
S1_EXCLUDE_BCN12	s__Phocaeicola_massiliensis	OTHER_OR_INSUFFICIENT	9	-0.0646592179813889	-0.3197598745977604	0.19044143863498258	0.5749974305550127	0.9930527113580683	0.0	-0.32624469876593354	0.19692626280315573	0.5555555555555556	4	5	0	0	5	-0.06686679911828602	0.6155745865712237	0.9897946958941124	19.895278458855365	0.6	1	0	-0.19954050274184462	0.4717823083283951	0.9998995945261049	1			0
S1_EXCLUDE_BCN12	s__Phocaeicola_plebeius	OTHER_OR_INSUFFICIENT	5	0.10400550457228029	-0.28781737253400463	0.49582838167856524	0.5020248040237234	0.9930527113580683	10.88754953457794	-0.34511386284826817	0.5531248719928288	0.6	3	2	0	0	3	0.05504713735092571	0.7689331490513639	0.9897946958941124	35.11982254347786	0.6666666666666666	1	0	0.12359125481492249	0.7974025112387719	0.9998995945261049	1			0
S1_EXCLUDE_BCN12	s__Phocaeicola_vulgatus	OTHER_OR_INSUFFICIENT	9	0.17311025703643532	-0.10773142910491076	0.4539519431777814	0.1929840213337877	0.9930527113580683	16.956892656320516	-0.11487060691165454	0.4610911209845252	0.6666666666666666	6	3	0	0	5	0.18609423787449195	0.24952478541108594	0.9897946958941124	7.24278748544571	0.8	1	0	0.8642176808356314	0.2155859391695994	0.9998995945261049	1	0.24823338448366278	Spencer_US	0
S1_EXCLUDE_BCN12	s__Phocea_massiliensis	OTHER_OR_INSUFFICIENT	9	0.06688180909090748	-0.18755518472819638	0.3213188029100113	0.5612092964154168	0.9930527113580683	0.0	-0.19402313818652245	0.3277867563683374	0.5555555555555556	5	4	0	0	5	0.05452898934193695	0.6458980338398628	0.9897946958941124	0.0	0.6	1	0	0.1913589207729987	0.4674982506552803	0.9998995945261049	1			0
S1_EXCLUDE_BCN12	s__Prevotella_copri_clade_A	OTHER_OR_INSUFFICIENT	8	-0.05461757705918795	-0.32032851389366174	0.21109335977528582	0.6417742677532875	0.9930527113580683	0.0	-0.32957510622726105	0.22033995210888513	0.625	5	3	0	0	5	-0.045340678647608205	0.7010935969046401	0.9897946958941124	0.0	0.6	1	0	0.0364893804196955	0.8864905407675215	0.9998995945261049	0			0
S1_EXCLUDE_BCN12	s__Pseudoflavonifractor_capillosus	OTHER_OR_INSUFFICIENT	6	0.11180352053690848	-0.21848644970219802	0.442093490776015	0.42401845247498243	0.9930527113580683	0.0	-0.24493749418400215	0.46854453525781914	0.5	3	3	0	0	5	0.041530477719643154	0.7243759852753083	0.9897946958941124	0.0	0.6	1	0	0.09154154609348693	0.7608550600695532	0.9998995945261049	1			0
S1_EXCLUDE_BCN12	s__Pseudoflavonifractor_gallinarum	CONSISTENT_NONSIGNIFICANT	5	-0.12544049021529857	-0.609127544685852	0.35824656425525475	0.5113241988848101	0.9930527113580683	23.980853989178897	-0.9547382242910373	0.7038572438604401	0.8	1	4	0	0	4	-0.13330656589762072	0.5849700588193456	0.9897946958941124	42.95738920738391	0.75	1	0	-0.5650576972344414	0.32109430019695917	0.9998995945261049	1	0.2931734444929653	Frankel_US	0
S1_EXCLUDE_BCN12	s__Pseudoflavonifractor_sp_An184	OTHER_OR_INSUFFICIENT	4	-0.07549487856583677	-0.7186706409210306	0.567680883789357	0.7335749856742171	0.9930527113580683	45.33323200253297	-0.9450655439547593	0.7940757868230857	0.75	1	3	1	0	3	-0.06388466690533168	0.6564811582723409	0.9897946958941124	0.0	0.6666666666666666	1	0	-0.353469088108657	0.4299863033504345	0.9998995945261049	1	0.6366417016000349	Spencer_US	1
S1_EXCLUDE_BCN12	s__Pseudoruminococcus_massiliensis	OTHER_OR_INSUFFICIENT	3	0.00674431430178636	-0.8023768497059486	0.8158654783095213	0.9746483674726791	0.9930527113580683	0.0	-2.382679099642621	2.3961677282461933	0.6666666666666666	1	2	0	0							0	0	-0.15570549063375852	0.7006418291767583	0.9998995945261049	0			0
S1_EXCLUDE_BCN12	s__Raoultibacter_massiliensis	OTHER_OR_INSUFFICIENT	4	0.06839111109782701	-0.4260923534187889	0.562874575614443	0.6896048980537901	0.9930527113580683	0.0	-0.6001482535433703	0.7369304757390244	0.75	3	1	0	0							0	0	0.47566097970022364	0.3280525671048477	0.9998995945261049	1	0.35482941319076505	Lee_PRIMM_NL	0
S1_EXCLUDE_BCN12	s__Raoultibacter_timonensis	OTHER_OR_INSUFFICIENT	3	0.10756345348919819	-0.702787689761976	0.9179145967403723	0.6255392969649255	0.9930527113580683	0.0	-2.2854922238685385	2.5006191308469345	0.6666666666666666	2	1	0	0							0	0	0.31064628458258786	0.5964296445356841	0.9998995945261049	1			0
S1_EXCLUDE_BCN12	s__Rheinheimera_SGB14999	OTHER_OR_INSUFFICIENT	9	-0.03940815490793921	-0.3099548168991889	0.23113850708331052	0.7455896529685874	0.9930527113580683	10.839874882271406	-0.31683228851416834	0.23801597869828994	0.5555555555555556	4	5	0	1	5	-0.0635832189594208	0.5940317129041569	0.9897946958941124	0.0	0.6	1	0	0.0021834680597402007	0.9930987550472613	0.9998995945261049	0			0
S1_EXCLUDE_BCN12	s__Romboutsia_timonensis	OTHER_OR_INSUFFICIENT	9	0.10893016713883442	-0.2710842840829705	0.4889446183606393	0.5271792549874125	0.9930527113580683	49.11666924704515	-0.7869571641360108	1.0048174984136797	0.6666666666666666	3	6	1	0	5	0.009421581956727437	0.9623419676995453	0.9897946958941124	61.14417688709506	0.8	1	0	0.15151796219247726	0.6866755043807715	0.9998995945261049	1			0
S1_EXCLUDE_BCN12	s__Roseburia_faecis	CONSISTENT_NONSIGNIFICANT	9	0.23591653944734892	-0.01967792563692322	0.49151100453162105	0.06595013308599197	0.9930527113580683	0.0	-0.02617530284891101	0.49800838174360884	0.7777777777777778	7	2	0	0	5	0.22597937694936962	0.10934037243368279	0.9897946958941124	0.0	1.0	1	0	0.6963234283530999	0.02694952285814091	0.9998995945261049	1	0.3155258199341213	Spencer_US	0
S1_EXCLUDE_BCN12	s__Roseburia_hominis	CONSISTENT_NONSIGNIFICANT	9	0.18330999705455822	-0.07144032495105021	0.4380603190601666	0.13563320343352972	0.9930527113580683	0.0	-0.07791624338915029	0.44453623749826676	0.7777777777777778	7	2	0	0	5	0.1866138586543768	0.1650940223537805	0.9897946958941124	0.0	0.8	1	0	0.5534274836840015	0.07253442627498652	0.9998995945261049	1	0.22304393075731188	Matson_US	0
S1_EXCLUDE_BCN12	s__Roseburia_intestinalis	OTHER_OR_INSUFFICIENT	9	-0.04727051023958633	-0.30193489928862616	0.20739387880945348	0.6799137421660842	0.9930527113580683	0.0	-0.3084086332847838	0.21386761280561112	0.5555555555555556	4	5	0	0	5	-0.05129717881082007	0.6650915977305988	0.9897946958941124	0.0	0.6	1	0	-0.07378470857127717	0.7851742425159954	0.9998995945261049	1			0
S1_EXCLUDE_BCN12	s__Roseburia_inulinivorans	OTHER_OR_INSUFFICIENT	9	0.025281909574091342	-0.22960182189022163	0.2801656410384043	0.8248155629632061	0.9930527113580683	0.0	-0.2360811316798512	0.2866449508280339	0.5555555555555556	4	5	0	0	5	0.004992054853478709	0.9703380254693225	0.9908416366398342	2.4517347131380993	0.6	1	0	0.47361537985428936	0.12664888438164135	0.9998995945261049	1			0
S1_EXCLUDE_BCN12	s__Roseburia_sp_AF02_12	STRONG_DIRECTION_REVERSAL	9	-0.04248870517402138	-0.5648792865958929	0.4799018762478502	0.8558920261817351	0.9930527113580683	64.73808302092667	-1.3544271851321805	1.2694497747841376	0.5555555555555556	4	5	1	1	5	0.14378486812546798	0.5231474206544747	0.9897946958941124	66.63625366498327	0.6	0	0	-0.039197280343250596	0.9255580001662076	0.9998995945261049	1	0.32978714027580025	Lee_Leeds	1
S1_EXCLUDE_BCN12	s__Roseburia_sp_AM16_25	OTHER_OR_INSUFFICIENT	7	0.10051027919485361	-0.22349501327860166	0.4245155716683089	0.4765675747839627	0.9930527113580683	18.427580212822413	-0.3743000875543904	0.5753206459440976	0.7142857142857143	5	2	1	0	4	0.17045674249995876	0.48450650097021136	0.9897946958941124	59.908257538568634	0.75	1	0	0.26716109741715593	0.4530761765688414	0.9998995945261049	1			0
S1_EXCLUDE_BCN12	s__Roseburia_sp_BX1005	OTHER_OR_INSUFFICIENT	4	0.0024469295458173458	-0.520949744731485	0.5258436038231198	0.9890634656932956	0.9930527113580683	0.0	-0.7051829613317266	0.7100768204233614	0.5	2	2	0	0	4	-0.030911761337725167	0.8205612544225085	0.9897946958941124	0.0	0.5	0	0	-0.12732193864983704	0.7495548161698261	0.9998995945261049	0			0
S1_EXCLUDE_BCN12	s__Rothia_mucilaginosa	CONSISTENT_NONSIGNIFICANT	7	-0.11665621826752363	-0.40244621347271103	0.16913377693766374	0.356452865290519	0.9930527113580683	0.0	-0.4168903976908331	0.18357796115578578	0.8571428571428571	1	6	0	0	4	-0.08953666893450048	0.4898191988171137	0.9897946958941124	0.0	1.0	1	0	-0.26247630535150906	0.4111603641895596	0.9998995945261049	1	0.27749842340533665	Lee_Manchester	0
S1_EXCLUDE_BCN12	s__Ruminococcus_SGB4421	CONSISTENT_NONSIGNIFICANT	5	0.020456837370945415	-0.4122211423945133	0.4531348171364041	0.9018999535941106	0.9930527113580683	0.0	-0.47549189825289034	0.5164055729947812	0.8	4	1	0	0	4	0.11272429099303163	0.43451905151213693	0.9897946958941124	0.0	0.75	1	0	0.10981566226775503	0.7686183347687845	0.9998995945261049	1	0.4469541795092451	Gopalakrishnan_US	1
S1_EXCLUDE_BCN12	s__Ruminococcus_bicirculans	OTHER_OR_INSUFFICIENT	9	0.0763317615025143	-0.19177241462769667	0.3444359376327253	0.5299044411615164	0.9930527113580683	9.224342904790959	-0.19858779664617227	0.3512513196512009	0.6666666666666666	6	3	0	0	5	0.06539908350758306	0.6034334828314556	0.9897946958941124	10.254057930055966	0.6	1	0	0.1346598275746179	0.6355728780070098	0.9998995945261049	1			0
S1_EXCLUDE_BCN12	s__Ruminococcus_bromii	OTHER_OR_INSUFFICIENT	9	0.022136982680273556	-0.23806918765798132	0.2823431530185284	0.8493589154473474	0.9930527113580683	0.0	-0.2788906319823545	0.32316459734290154	0.5555555555555556	4	5	0	0	5	0.050433806766977916	0.7240582032779708	0.9897946958941124	0.0	0.6	1	0	0.18228992955082426	0.6224892954870486	0.9998995945261049	1			0
S1_EXCLUDE_BCN12	s__Ruminococcus_callidus	OTHER_OR_INSUFFICIENT	5	0.09208758188791821	-0.3189013821575674	0.5030765459334039	0.5675809518833479	0.9930527113580683	0.0	-0.3790005405041638	0.5631757042800003	0.6	3	2	0	0							0	0	0.2583263612917839	0.47653465583242827	0.9998995945261049	1			0
S1_EXCLUDE_BCN12	s__Ruminococcus_gnavus	OTHER_OR_INSUFFICIENT	8	-0.08334465248491561	-0.4001232264680239	0.23343392149819264	0.5535695300420707	0.9930527113580683	29.115772445724158	-0.4111469439235733	0.24445763895374206	0.625	3	5	0	0	5	-0.06854527106540187	0.5666830037596781	0.9897946958941124	0.0	0.8	1	0	-0.11786558018295029	0.673883254492031	0.9998995945261049	1			0
S1_EXCLUDE_BCN12	s__Ruminococcus_lactaris	OTHER_OR_INSUFFICIENT	9	-0.06098660646324844	-0.3795465518873835	0.25757333896088663	0.6705600816512148	0.9930527113580683	30.451458929082648	-0.5127843993709282	0.39081118644443136	0.5555555555555556	4	5	0	0	5	-0.04029647263653084	0.7324911675702989	0.9897946958941124	0.0	0.6	1	0	0.035275644235435506	0.9095935379150466	0.9998995945261049	0			0
S1_EXCLUDE_BCN12	s__Ruminococcus_sp_AF46_10NS	OTHER_OR_INSUFFICIENT	4	0.09940164767386331	-0.3958260748682553	0.594629370215982	0.5683936578283431	0.9930527113580683	0.0	-0.5701439504070572	0.7689472457547838	1.0	4	0	0	0							0	0	0.3053353753916936	0.5482231930674306	0.9998995945261049	1	0.8497373986396138	Lee_Manchester	0
S1_EXCLUDE_BCN12	s__Ruminococcus_sp_BSD2780120874_150323_B10	OTHER_OR_INSUFFICIENT	6	0.04736069270274189	-0.3061402276456536	0.4008616130511374	0.744560291677352	0.9930527113580683	0.0	-0.33445010500158107	0.42917149040706487	0.5	3	3	0	0	3	0.03755380155073402	0.8019651704688938	0.9897946958941124	0.0	0.6666666666666666	1	0	0.0665663878969266	0.8193293140099178	0.9998995945261049	1			0
S1_EXCLUDE_BCN12	s__Ruminococcus_sp_NSJ_13	OTHER_OR_INSUFFICIENT	5	0.06713463580161488	-0.4322023264593288	0.5664715980625585	0.7278760162488239	0.9930527113580683	31.50213253930693	-0.5052206643259298	0.6394899359291597	0.6	3	2	0	1							0	0	0.02023216213744938	0.9742720610417687	0.9998995945261049	1			0
S1_EXCLUDE_BCN12	s__Ruminococcus_torques	OTHER_OR_INSUFFICIENT	9	0.11824452353181576	-0.13597515284592498	0.3724641999095565	0.31474321903268	0.9930527113580683	0.0	-0.142437581958964	0.3789266290225955	0.6666666666666666	6	3	0	0	5	0.11712754021814108	0.34625210312263877	0.9897946958941124	0.0	0.6	1	0	0.7476355176779645	0.22788297917908992	0.9998995945261049	1			0
S1_EXCLUDE_BCN12	s__Ruthenibacterium_lactatiformans	OTHER_OR_INSUFFICIENT	9	0.019285073979415798	-0.23496653006388785	0.27353667802271947	0.865495123173849	0.9930527113580683	0.0	-0.241429770767622	0.27999991872645363	0.5555555555555556	5	4	0	0	5	0.03690659966432043	0.7537526293197272	0.9897946958941124	0.0	0.6	1	0				0			0
S1_EXCLUDE_BCN12	s__Sanguibacter_SGB15121	OTHER_OR_INSUFFICIENT	6	0.048842004699036184	-0.26097814235854644	0.35866215175661875	0.7020560791565085	0.9930527113580683	0.0	-0.2857898753887057	0.38347388478677813	0.6666666666666666	4	2	0	0	5	0.06452223783248182	0.588745041879566	0.9897946958941124	0.0	0.6	1	0	0.21475325620261923	0.545553242235349	0.9998995945261049	1			0
S1_EXCLUDE_BCN12	s__Scardovia_wiggsiae	OTHER_OR_INSUFFICIENT	4	-0.31626741251489826	-0.8156363714524277	0.18310154642263116	0.13724470399851715	0.9930527113580683	0.0	-0.9914119431399944	0.3588771181101979	1.0	0	4	0	0							0	0	-0.6902860546688719	0.17513539672126957	0.9998995945261049	1	0.4923649918499772	Lee_PRIMM_NL	0
S1_EXCLUDE_BCN12	s__Sellimonas_intestinalis	OTHER_OR_INSUFFICIENT	8	-0.09008191770189006	-0.39734199436150225	0.21717815895772213	0.5104890724246255	0.9930527113580683	24.704133682389955	-0.40803447340077637	0.22787063799699625	0.625	3	5	0	1	5	-0.07982644788779326	0.5077437354313038	0.9897946958941124	0.0	0.8	1	0	-0.2026681298968893	0.46784532671281437	0.9998995945261049	1			0
S1_EXCLUDE_BCN12	s__Senegalimassilia_anaerobia	OTHER_OR_INSUFFICIENT	6	0.016937019535701887	-0.3322485198438271	0.3661225589152308	0.9056311568263868	0.9930527113580683	0.0	-0.3602128029410298	0.39408684201243355	0.6666666666666666	2	4	0	0	3	0.0755334050760906	0.6235969614015154	0.9897946958941124	0.0	0.6666666666666666	1	0	0.004452281198049136	0.9883394513845273	0.9998995945261049	1			0
S1_EXCLUDE_BCN12	s__Slackia_isoflavoniconvertens	OTHER_OR_INSUFFICIENT	8	0.08326197906393282	-0.18861912359218605	0.3551430817200517	0.4924587519088945	0.9930527113580683	0.0	-0.19808043419486995	0.36460439232273556	0.625	5	3	0	0	4	0.08498586260186493	0.5794128465874536	0.9897946958941124	30.47420925329325	0.75	1	0	0.17882376926023869	0.5445419185600443	0.9998995945261049	1			0
S1_EXCLUDE_BCN12	s__Solibaculum_mannosilyticum	OTHER_OR_INSUFFICIENT	6	0.1068476472580704	-0.24130131469903926	0.45499660921518004	0.4659043730966808	0.9930527113580683	0.0	-0.2691825841608736	0.48287787867701437	0.6666666666666666	4	2	0	0	3	0.08491695145812159	0.5846693810329555	0.9897946958941124	0.0	0.6666666666666666	1	0	0.03561975634766522	0.9112635330324209	0.9998995945261049	1			0
S1_EXCLUDE_BCN12	s__Solobacterium_SGB6829	OTHER_OR_INSUFFICIENT	4	0.0483002637503628	-0.8307674132001189	0.9273679407008445	0.8723255993167345	0.9930527113580683	50.82732557634141	-1.9095347013078412	2.0061352288085668	0.5	2	2	0	0							0	0	-0.029080367581711966	0.9454665338686523	0.9998995945261049	0	0.49821655573693857	Frankel_US	1
S1_EXCLUDE_BCN12	s__Streptococcus_SGB14888	CONSISTENT_NONSIGNIFICANT	6	-0.3176806479609405	-0.650886840479425	0.015525544557544124	0.057878927072543065	0.9930527113580683	0.0	-0.6775714286140155	0.04221013269213464	0.8333333333333334	1	5	0	0	4	-0.35473217105903815	0.06279503149555818	0.9897946958941124	11.82160849383202	0.75	1	1	-0.7633133220743239	0.046977923935737964	0.9998995945261049	1	0.2331409868363376	Frankel_US	0
S1_EXCLUDE_BCN12	s__Streptococcus_anginosus	OTHER_OR_INSUFFICIENT	6	0.061125251855483294	-0.36115305124592456	0.48340355495689113	0.7250718369520283	0.9930527113580683	22.661045843511847	-0.6922838072652793	0.814534310976246	0.6666666666666666	4	2	1	0	3	-0.042033241971034856	0.8718152616861512	0.9897946958941124	55.174744617779346	0.6666666666666666	0	0	0.19570122257291334	0.5392583827007256	0.9998995945261049	1			0
S1_EXCLUDE_BCN12	s__Streptococcus_australis	OTHER_OR_INSUFFICIENT	6	-0.06832907790165574	-0.4174124941609443	0.28075433835763275	0.6362270346468756	0.9930527113580683	0.0	-0.4453685987479773	0.3087104429446659	0.5	3	3	0	0	3	-0.07796514805516981	0.6305028743841059	0.9897946958941124	9.827552209705322	0.6666666666666666	1	0	-0.092403077088294	0.7758647829327967	0.9998995945261049	1			0
S1_EXCLUDE_BCN12	s__Streptococcus_constellatus	OTHER_OR_INSUFFICIENT	4	0.1968186725557537	-0.6417080489807415	1.035345394092249	0.5092895368075735	0.9930527113580683	48.05486851433497	-1.7088993898366351	2.1025367349481425	0.5	2	2	0	0							0	0	0.23648250298524748	0.8092239625455413	0.9998995945261049	1			0
S1_EXCLUDE_BCN12	s__Streptococcus_cristatus	OTHER_OR_INSUFFICIENT	3	-0.3434722842046079	-1.1604561736154877	0.47351160520627184	0.21218920758138893	0.9930527113580683	0.0	-2.7561151873698644	2.0691706189606482	1.0	0	3	0	1							0	0	-0.7124146413841563	0.22077258592814838	0.9998995945261049	1			0
S1_EXCLUDE_BCN12	s__Streptococcus_gordonii	OTHER_OR_INSUFFICIENT	6	-0.0354354532960489	-0.38436383894948645	0.3134929323573886	0.8044609925857849	0.9930527113580683	0.0	-0.4123075280221596	0.34143662143006176	0.5	3	3	0	0	3	0.00787058990111404	0.9577124736359506	0.9897946958941124	0.0	0.6666666666666666	0	0	0.03963920115398656	0.8928104928819208	0.9998995945261049	0			0
S1_EXCLUDE_BCN12	s__Streptococcus_infantis	OTHER_OR_INSUFFICIENT	6	-0.11122678240198199	-0.460202024432311	0.23774845962834706	0.44988554125528984	0.9930527113580683	0.0	-0.4881494659666237	0.26569590116265973	0.6666666666666666	2	4	0	0	3	-0.09857407019789675	0.5407379312615915	0.9897946958941124	0.0	1.0	1	0	-0.2617211166684441	0.45920745844838373	0.9998995945261049	1			0
S1_EXCLUDE_BCN12	s__Streptococcus_lutetiensis	OTHER_OR_INSUFFICIENT	3	0.12685030696950655	-0.6858578809079379	0.9395584948469509	0.5710362204462166	0.9930527113580683	0.0	-2.2731659813110765	2.5268665952500893	0.6666666666666666	1	2	0	0							0	0	0.12883626152453503	0.8398733227971755	0.9998995945261049	1			0
S1_EXCLUDE_BCN12	s__Streptococcus_mitis	OTHER_OR_INSUFFICIENT	6	0.10851196138241383	-0.24008433020518605	0.4571082529700137	0.4599202295334768	0.9930527113580683	0.0	-0.26800142375737884	0.48502534652220647	0.5	3	3	0	0	3	0.11654746455120199	0.4690854150615312	0.9897946958941124	0.0	0.6666666666666666	1	0	0.2675274609164208	0.41273371256125374	0.9998995945261049	1			0
S1_EXCLUDE_BCN12	s__Streptococcus_mutans	OTHER_OR_INSUFFICIENT	6	-0.14687370562708502	-0.5068173370883378	0.21306992583416773	0.34224807444467503	0.9930527113580683	5.235625425012287	-0.5530246392335232	0.25927722797935315	0.6666666666666666	2	4	0	0	3	-0.09439868363273247	0.7587507641771866	0.9897946958941124	56.827011645963275	0.6666666666666666	1	0	-0.22979498588212863	0.4517407167440169	0.9998995945261049	1			0
S1_EXCLUDE_BCN12	s__Streptococcus_oralis	CONSISTENT_NONSIGNIFICANT	5	-0.18686618239387268	-0.5867616779505701	0.21302931316282472	0.26426134342373675	0.9930527113580683	0.0	-0.6452386318916339	0.2715062671038886	0.8	1	4	0	0	3	-0.12046323432753321	0.4562436843327532	0.9897946958941124	0.0	1.0	1	0	-0.43141595544895905	0.30675952840934784	0.9998995945261049	1	0.3824420038752095	Lee_PRIMM_NL	0
S1_EXCLUDE_BCN12	s__Streptococcus_parasanguinis	OTHER_OR_INSUFFICIENT	9	-0.15381383193656464	-0.4087447657878832	0.1011171019147539	0.20159178745716047	0.9930527113580683	0.0	-0.41522527556619304	0.10759761169306373	0.5555555555555556	4	5	0	0	5	-0.1232838745137807	0.3248035565531525	0.9897946958941124	0.0	0.8	1	0	-0.33222270327264014	0.2507202773234919	0.9998995945261049	1			0
S1_EXCLUDE_BCN12	s__Streptococcus_salivarius	OTHER_OR_INSUFFICIENT	9	-0.06978850535136005	-0.3241388742291441	0.184561863526424	0.5445730558260802	0.9930527113580683	0.0	-0.3306046256232861	0.19102761492056597	0.6666666666666666	3	6	0	0	5	-0.037774553767437775	0.7479296937064008	0.9897946958941124	0.0	0.8	1	0	-0.11992651752359035	0.7199900479076109	0.9998995945261049	1			0
S1_EXCLUDE_BCN12	s__Streptococcus_sanguinis	OTHER_OR_INSUFFICIENT	6	-0.08897379085225807	-0.5377056959121332	0.35975811420761705	0.6319611173536301	0.9930527113580683	33.915255006248984	-0.951497562648009	0.7735499809434928	0.6666666666666666	4	2	0	1	3	-0.06435033137048699	0.8004055435515476	0.9897946958941124	45.73323100811759	0.6666666666666666	1	0	0.00528123220918378	0.9883434844754011	0.9998995945261049	0			0
S1_EXCLUDE_BCN12	s__Streptococcus_thermophilus	OTHER_OR_INSUFFICIENT	9	0.1195149992478318	-0.1354086896102711	0.3744386881059347	0.31115537538507093	0.9930527113580683	0.0	-0.14188901518912836	0.380919013684792	0.5555555555555556	5	4	0	0	5	0.14694845266665862	0.2527662663713407	0.9897946958941124	0.0	0.8	1	0	0.3730593310775383	0.1771907934747197	0.9998995945261049	1			0
S1_EXCLUDE_BCN12	s__Streptococcus_vestibularis	OTHER_OR_INSUFFICIENT	6	-0.17948320533624873	-0.5352601495218816	0.1762937388493841	0.25131255274349784	0.9930527113580683	0.0	-0.5979814854006121	0.23901507472811467	0.6666666666666666	2	4	0	1	3	-0.16195028258491734	0.3436738518033818	0.9897946958941124	0.0	0.6666666666666666	1	0	-0.1949937536499112	0.5121339727111338	0.9998995945261049	1			0
S1_EXCLUDE_BCN12	s__Sutterella_wadsworthensis	CONSISTENT_NONSIGNIFICANT	9	-0.18773235018003076	-0.4423927238262943	0.06692802346623278	0.1275612539661882	0.9930527113580683	0.0	-0.4488663557892315	0.07340165542916999	0.7777777777777778	2	7	0	0	5	-0.1944864093509844	0.15179976331591555	0.9897946958941124	0.0	0.6	1	0	-0.3811124363259621	0.14608402515401792	0.9998995945261049	1	0.3430189016927222	Lee_PRIMM_NL	0
S1_EXCLUDE_BCN12	s__Turicibacter_bilis	OTHER_OR_INSUFFICIENT	5	0.1726617951043238	-0.336188864540813	0.6815124547494605	0.3994857030909224	0.9930527113580683	28.32629104437214	-0.756515004402813	1.1018385946114606	0.6	3	2	1	0							0	0	0.46863914630016573	0.23180510439182517	0.9998995945261049	1			0
S1_EXCLUDE_BCN12	s__Turicibacter_sanguinis	OTHER_OR_INSUFFICIENT	6	0.07618240067099608	-0.37674083605244596	0.529105637394438	0.6834809958021842	0.9930527113580683	34.96132193016678	-0.803369999821564	0.9557348011635562	0.5	3	3	1	0	3	0.13287651376916843	0.4604679348061958	0.9897946958941124	19.21781950430673	0.6666666666666666	1	0	0.325658392909935	0.3575908046751567	0.9998995945261049	1			0
S1_EXCLUDE_BCN12	s__Tyzzerella_nexilis	OTHER_OR_INSUFFICIENT	3	0.2905689417281538	-1.0422418522814174	1.623379735737725	0.44725072465975957	0.9930527113580683	54.79472986001528	-6.1047377415841835	6.685875625040491	0.6666666666666666	2	1	1	0	3	0.2905689417281538	0.44725072465975957	0.9897946958941124	54.79472986001528	0.6666666666666666	1	0	-0.1104407329777235	0.8385490333807593	0.9998995945261049	0			0
S1_EXCLUDE_BCN12	s__Veillonella_atypica	CONSISTENT_NONSIGNIFICANT	6	-0.382232005002668	-0.7164524186776798	-0.0480115913276562	0.03226217566687105	0.9930527113580683	0.0	-0.74321822999727	-0.021245780008065984	0.8333333333333334	1	5	0	2	5	-0.2737415290046052	0.06812926453019516	0.9897946958941124	0.0	0.8	1	1	-0.9122867587117454	0.02839740156965986	0.9998995945261049	1	0.31511846250882797	Matson_US	0
S1_EXCLUDE_BCN12	s__Veillonella_dispar	CONSISTENT_NONSIGNIFICANT	8	-0.22311085101245837	-0.5843314896574228	0.13810978763250598	0.18752426149035273	0.9930527113580683	40.09574207315955	-0.9927657787200512	0.5465440766951344	0.75	2	6	0	2	5	-0.16193647358017133	0.4210716325910149	0.9897946958941124	48.39051113314782	0.8	1	0	-0.2965112270936345	0.39332139935636845	0.9998995945261049	1	0.2668750908097383	Matson_US	0
S1_EXCLUDE_BCN12	s__Veillonella_parvula	CONSISTENT_NONSIGNIFICANT	9	-0.3193859751716222	-0.6098017847164963	-0.0289701656267482	0.034925569995525985	0.9930527113580683	15.021630349399405	-0.7984976643866766	0.1597257140434321	0.8888888888888888	1	8	0	1	5	-0.28432307542393503	0.2162425604241731	0.9897946958941124	51.43586913937837	0.8	1	0	-0.5703413945968369	0.06341013033934743	0.9998995945261049	1	0.20582194936823617	Matson_US	0
S1_EXCLUDE_BCN12	s__Veillonella_rogosae	OTHER_OR_INSUFFICIENT	4	-0.33023746232128154	-0.883246964209059	0.222772039566496	0.15356449273047348	0.9930527113580683	0.0	-1.0779037594081091	0.417428834765546	1.0	0	4	0	0							0	0	-0.7125805094628396	0.1703898004552402	0.9998995945261049	1	0.4048370971040928	Lee_PRIMM_UK	0
S1_EXCLUDE_BCN12	s__Vescimonas_SGB15087	OTHER_OR_INSUFFICIENT	6	-0.030637927052941757	-0.3569136361788499	0.29563778207296637	0.8188451614136618	0.9930527113580683	3.816462357924332	-0.46564717316167636	0.4043713190557928	0.6666666666666666	2	4	0	0	4	-0.05304329614365777	0.7458130944696112	0.9897946958941124	32.9643457305799	0.75	1	0	-0.1179917362267217	0.7871188129748092	0.9998995945261049	1			0
S1_EXCLUDE_BCN12	s__Vescimonas_coprocola	OTHER_OR_INSUFFICIENT	9	-0.1756741115130274	-0.5675500791880755	0.21620185616202073	0.3314846919835864	0.9930527113580683	51.65817564810153	-1.1152125615978723	0.7638643385718175	0.6666666666666666	3	6	0	1	5	-0.1292330607269104	0.41917076514650903	0.9897946958941124	23.298989710793602	0.6	1	0	-0.20732142666600442	0.5721217331252455	0.9998995945261049	1	0.2522740766944437	Lee_PRIMM_UK	0
S1_EXCLUDE_BCN12	s__Vescimonas_fastidiosa	OTHER_OR_INSUFFICIENT	4	-0.12372786951903376	-0.6187129499103449	0.37125721087227737	0.4844537627210308	0.9930527113580683	0.0	-0.7929454165091749	0.5454896774711073	0.75	1	3	0	0							0	0	-0.29709203875341683	0.5283156995781093	0.9998995945261049	1	0.5438438189696344	Lee_PRIMM_NL	0
S1_EXCLUDE_BCN12	s__Victivallis_lenta	OTHER_OR_INSUFFICIENT	4	0.0024167204999749697	-0.5334491293039426	0.5382825703038926	0.9894497915281167	0.9930527113580683	0.0	-0.722071438086112	0.7269048790860619	0.5	2	2	0	0							0	0	-0.033761697821368744	0.9467101387976544	0.9998995945261049	0			0
S1_EXCLUDE_BCN12	s__Waltera_intestinalis	OTHER_OR_INSUFFICIENT	9	0.1176598153802947	-0.17070913187763337	0.40602876263822274	0.37429862535656244	0.9930527113580683	21.263363065621117	-0.17803965745318667	0.41335928821377604	0.6666666666666666	6	3	0	1	5	0.11141778872671257	0.36780740675935747	0.9897946958941124	0.0	0.8	1	0	0.48157579657777266	0.07844763395521409	0.9998995945261049	1			0
S1_EXCLUDE_BCN12	s__Clostridium_SGB4648	CONSISTENT_NONSIGNIFICANT	8	0.15467951529388999	-0.12281699227500828	0.4321760228627882	0.2289738756086341	0.9930527113580683	0.0	-0.13247371580968356	0.4418327463974635	0.75	6	2	0	0	4	0.12113461834926677	0.37548354959114383	0.9897946958941124	0.0	1.0	1	0	0.3611131362860354	0.27798616487929423	0.9998995945261049	1	0.3232552785729728	Gopalakrishnan_US	0
S1_EXCLUDE_BCN12	s__Faecalitalea_cylindroides	OTHER_OR_INSUFFICIENT	7	-0.02259032955872012	-0.31404433130028253	0.26886367218284224	0.8558306737017699	0.9930527113580683	0.0	-0.3287747815075841	0.2835941223901438	0.7142857142857143	2	5	0	0	4	-0.04766734072583228	0.7094469202822244	0.9897946958941124	0.0	0.75	1	0	0.035129475756547714	0.9160211712914104	0.9998995945261049	0			0
S1_EXCLUDE_BCN12	s__GGB3033_SGB4029	CONSISTENT_NONSIGNIFICANT	6	0.2037362864581459	-0.15512206688312968	0.5625946397994215	0.20427056479182118	0.9930527113580683	0.0	-0.1838609905385425	0.5913335634548342	0.8333333333333334	5	1	0	0	3	0.1962461716189198	0.2840835823885472	0.9897946958941124	0.0	1.0	1	0	0.4106834162805698	0.2890633533701668	0.9998995945261049	1	0.30067084286269646	Lee_Leeds	0
S1_EXCLUDE_BCN12	s__GGB4599_SGB6362	OTHER_OR_INSUFFICIENT	5	-0.025751985832670216	-0.5984576695015189	0.5469536978361784	0.906669657588922	0.9930527113580683	21.351789545831444	-0.8879856812166912	0.8364817095513507	0.6	2	3	0	0							0	0	0.12643282303420364	0.8357318680103695	0.9998995945261049	0			0
S1_EXCLUDE_BCN12	s__GGB77437_SGB9391	OTHER_OR_INSUFFICIENT	6	0.110733107570944	-0.3083343839195215	0.5298005990614095	0.5271481757447786	0.9930527113580683	0.0	-0.4939131247620665	0.7153793399039545	0.6666666666666666	4	2	0	0							0	0	0.3774334849955912	0.36656303590220013	0.9998995945261049	1			0
S1_EXCLUDE_BCN12	s__GGB9760_SGB15374	OTHER_OR_INSUFFICIENT	7	0.09269996665687169	-0.21265510534206905	0.39805503865581243	0.48563691026319844	0.9930527113580683	0.0	-0.22808813301647002	0.4134880663302134	0.5714285714285714	4	3	0	0	3	0.09447925048210248	0.5257666634850982	0.9897946958941124	0.0	0.6666666666666666	1	0	0.31192949968942385	0.3267202368228224	0.9998995945261049	1			0
S1_EXCLUDE_BCN12	s__Streptococcus_SGB14137	OTHER_OR_INSUFFICIENT	3	-0.1356975333119055	-1.2131867295057897	0.9417916628819787	0.6422049978841684	0.9930527113580683	22.094679741302766	-4.109895822996689	3.838500756372878	0.6666666666666666	1	2	0	0							0	0	0.1555651928489024	0.7934945901449979	0.9998995945261049	0			0
S1_EXCLUDE_BCN12	s__Enterococcus_faecium	OTHER_OR_INSUFFICIENT	4	0.1036561274136307	-0.8385720901052506	1.045884344932512	0.749397187932318	0.9930527113580683	68.1208054654848	-2.334581188879314	2.5418934437065754	0.5	2	2	1	0							0	0	0.09825269624953337	0.8932342681635441	0.9998995945261049	1	0.5026710107545033	Matson_US	1
S1_EXCLUDE_BCN12	s__GGB2998_SGB3989	OTHER_OR_INSUFFICIENT	5	0.31247581998500046	-0.10230369360708985	0.7272553335770908	0.10463588538842632	0.9930527113580683	0.0	-0.1629571462498614	0.7879087862198624	0.8	4	1	0	0							0	0	0.6998908356745199	0.11597340552288163	0.9998995945261049	1	0.33569690574460104	Lee_PRIMM_UK	0
S1_EXCLUDE_BCN12	s__GGB3109_SGB4643	OTHER_OR_INSUFFICIENT	5	0.022562853510860008	-0.3361926660840761	0.38131837310579614	0.8698631531104638	0.9930527113580683	0.0	-0.3886536973386526	0.43377940436037266	0.6	2	3	0	0	3	-0.0011942898478176894	0.9930585642175799	0.9979991540893092	0.0	0.6666666666666666	0	0	0.0931397321635029	0.8002715592779015	0.9998995945261049	1			0
S1_EXCLUDE_BCN12	s__GGB3278_SGB4328	OTHER_OR_INSUFFICIENT	3	0.107881769297161	-1.1868009762839695	1.4025645148782915	0.7542576675781387	0.9930527113580683	67.49149493032418	-6.523032730345454	6.738796268939776	0.6666666666666666	1	2	1	0							0	0	-0.08610933054347807	0.8918194223987672	0.9998995945261049	0			0
S1_EXCLUDE_BCN12	s__GGB3593_SGB4817	OTHER_OR_INSUFFICIENT	4	0.29494236823136083	-0.5162232075690179	1.1061079440317396	0.3309803814655985	0.9930527113580683	56.69434573564941	-1.65791372655862	2.2477984630213417	0.75	3	1	1	0							0	0	0.7360444198475643	0.31511308439312513	0.9998995945261049	1	0.5368825330157906	Lee_PRIMM_NL	0
S1_EXCLUDE_BCN12	s__GGB4745_SGB6571	OTHER_OR_INSUFFICIENT	3	0.03916723175862659	-0.7178601825251077	0.7961946460423609	0.8445045501638249	0.9930527113580683	0.0	-2.19641763372007	2.274752097237323	1.0	3	0	0	0							0	0	0.2290241139588539	0.6472712508228479	0.9998995945261049	1			0
S1_EXCLUDE_BCN12	s__GGB47687_SGB2286	OTHER_OR_INSUFFICIENT	7	0.08139947246131794	-0.21804738618483727	0.3808463311074732	0.5306755668423317	0.9930527113580683	0.0	-0.2331818053543841	0.39598075027702	0.5714285714285714	4	3	0	0	3	0.08999994744503283	0.536084831256889	0.9897946958941124	0.0	0.6666666666666666	1	0	0.17375123977116522	0.5899236559256779	0.9998995945261049	1			0
S1_EXCLUDE_BCN12	s__GGB6601_SGB9333	OTHER_OR_INSUFFICIENT	3	0.23861820891473978	-0.5815546763444777	1.0587910941739571	0.3371993474228705	0.9930527113580683	0.0	-2.1834421482405215	2.6606785660700014	1.0	3	0	0	0							0	0	0.17853214276323767	0.7561271821237444	0.9998995945261049	1			0
S1_EXCLUDE_BCN12	s__GGB6612_SGB9346	OTHER_OR_INSUFFICIENT	4	-0.0904357732211542	-0.8117733947831416	0.6309018483408333	0.7166040445733578	0.9930527113580683	37.51098393271428	-1.6788091579097122	1.4979376114674037	0.75	1	3	0	0							0	0	-0.5069502605049492	0.27594524096732215	0.9998995945261049	1	0.32455100103818973	Lee_PRIMM_UK	1
S1_EXCLUDE_BCN12	s__GGB9634_SGB15097	OTHER_OR_INSUFFICIENT	3	0.12420900583402768	-1.8203153871234252	2.0687333987914807	0.8092296454657165	0.9930527113580683	78.7195624793429	-10.367418257834792	10.615836269502847	0.6666666666666666	1	2	1	0							0	0	0.013265852506542112	0.9871009747307272	0.9998995945261049	1			0
S1_EXCLUDE_BCN12	s__Streptococcus_SGB15012	OTHER_OR_INSUFFICIENT	4	-0.0014672899567665107	-0.47582786560030066	0.4728932856867676	0.9927638329902597	0.9945623181949522	0.0	-0.6428006015364576	0.6398660216229246	0.5	2	2	0	0	3	-0.04633368997207571	0.7396276178703424	0.9897946958941124	0.0	0.6666666666666666	1	0	-0.11404862999987846	0.7926425135197355	0.9998995945261049	1			0
S1_EXCLUDE_BCN12	s__Alistipes_sp_AF17_16	OTHER_OR_INSUFFICIENT	6	0.1788701977315291	-0.17985749489681604	0.5375978903598743	0.2561457301444605	0.9930527113580683	10.820707863149842	-0.20858595470038824	0.5663263501634465	0.6666666666666666	4	2	0	0							0	0	0.3407060796543055	0.5313131600062794	0.9998995945261049	1			0
S1_EXCLUDE_BCN12	s__Blautia_faecicola	OTHER_OR_INSUFFICIENT	3	0.15060672328202562	-0.5805640916506589	0.8817775382147102	0.4689769061546641	0.9930527113580683	0.0	-2.0086207728999304	2.3098342194639816	1.0	3	0	0	0							0	0	0.2388984842269785	0.6354776714462256	0.9998995945261049	1			0
S1_EXCLUDE_BCN12	s__Staphylococcus_SGB6340	OTHER_OR_INSUFFICIENT	4	-0.09800543188194186	-0.5609794347650003	0.3649685710011167	0.5487731903723075	0.9930527113580683	2.0548094517045845	-0.7988485519468465	0.6028376881829627	0.5	2	2	0	0							0	0	-0.1059551969572294	0.8123046994666318	0.9998995945261049	1			0
S1_EXCLUDE_BCN12	s__Actinomyces_SGB17132	OTHER_OR_INSUFFICIENT	3	-0.10855714148086976	-0.8694035477799076	0.652289264818168	0.6018060272114573	0.9930527113580683	0.0	-2.3554199090210157	2.138305626059276	0.6666666666666666	1	2	0	0							0	0	-0.011593772614174684	0.9821581617027685	0.9998995945261049	1			0
S1_EXCLUDE_BCN12	s__Actinomyces_bouchesdurhonensis	OTHER_OR_INSUFFICIENT	3	0.21711666869063823	-0.5426046829000011	0.9768380202812774	0.3438574442521507	0.9930527113580683	0.0	-2.0264236890692273	2.460657026450504	1.0	3	0	0	0							0	0	0.4808765293552489	0.3276691475676225	0.9998995945261049	1			0
S1_EXCLUDE_BCN12	s__Actinomyces_gerencseriae	OTHER_OR_INSUFFICIENT	3	-0.13094269041717002	-1.1138031395640473	0.8519177587297072	0.6243534624659655	0.9930527113580683	33.88636335024003	-4.3621920633926985	4.100306682558359	0.6666666666666666	1	2	0	0							0	0	-0.20203368100575098	0.771728050235871	0.9998995945261049	1			0
S1_EXCLUDE_BCN12	s__Actinomyces_massiliensis	OTHER_OR_INSUFFICIENT	3	0.20119083076039476	-0.7205284642295798	1.1229101257503693	0.44678328925947874	0.9930527113580683	23.753589974509772	-3.5362490548443786	3.938630716365168	0.6666666666666666	2	1	1	0							0	0	0.4398467524187655	0.5292207459821634	0.9998995945261049	1			0
S1_EXCLUDE_BCN12	s__Actinomyces_naeslundii	OTHER_OR_INSUFFICIENT	3	0.0330131946141166	-0.7262647071511608	0.7922910963793939	0.8688582217162084	0.9930527113580683	0.0	-2.2092176072492182	2.275243996477452	0.6666666666666666	1	2	0	0							0	0	-5.348412300645305e-05	0.9998995945261049	0.9998995945261049	0			0
S1_EXCLUDE_BCN12	s__Actinomyces_sp_oral_taxon_170	OTHER_OR_INSUFFICIENT	3	0.2212710218210188	-0.5391063747751099	0.9816484184171475	0.33711620203573534	0.9930527113580683	0.0	-2.024206708685471	2.466748752327509	1.0	3	0	0	0							0	0	0.6319188874008975	0.3153986757089299	0.9998995945261049	1			0
S1_EXCLUDE_BCN12	s__Anaerococcus_SGB15407	OTHER_OR_INSUFFICIENT	3	-0.08004833502594509	-1.3611535011409222	1.201056831089032	0.8132417561310357	0.9930527113580683	54.95312295332913	-6.020328070993044	5.860231400941153	0.6666666666666666	2	1	0	0							0	0	0.19738277071548913	0.8220420603967752	0.9998995945261049	0			0
S1_EXCLUDE_BCN12	s__Anaerococcus_SGB4342	OTHER_OR_INSUFFICIENT	3	0.23902787771993173	-0.6530054554659227	1.131061210905786	0.36812613852333637	0.9930527113580683	0.0	-2.39524425182885	2.873300007268713	1.0	3	0	0	0							0	0	0.05965871996099377	0.906473860431506	0.9998995945261049	1			0
S1_EXCLUDE_BCN12	s__Bifidobacterium_catenulatum	OTHER_OR_INSUFFICIENT	4	0.3571698207511646	-0.2675918444891234	0.9819314859914525	0.16642493933677557	0.9930527113580683	23.18264760618209	-0.8202693574258413	1.5346089989281706	0.5	2	2	1	0							0	0	0.4938100678522494	0.42695427995555607	0.9998995945261049	1	0.5600957652331536	Lee_PRIMM_UK	0
S1_EXCLUDE_BCN12	s__Collinsella_SGB47280	OTHER_OR_INSUFFICIENT	3	0.07464841708171575	-1.0647776013032266	1.214074435466658	0.804523022656541	0.9930527113580683	31.983396849937634	-3.9049919468814465	4.054288781044878	0.6666666666666666	2	1	0	0							0	0	-0.12763609188966835	0.8686574274689763	0.9998995945261049	0			0
S1_EXCLUDE_BCN12	s__Eubacterium_SGB4961	OTHER_OR_INSUFFICIENT	3	-0.04798855532667946	-0.806256997793201	0.7102798871398421	0.8109263218518953	0.9930527113580683	0.0	-2.2872383133370655	2.1912612026837066	0.6666666666666666	1	2	0	0							0	0	-0.12692249117510981	0.7735204796415937	0.9998995945261049	1			0
S1_EXCLUDE_BCN12	s__GGB13493_SGB15238	OTHER_OR_INSUFFICIENT	4	0.18894894450888827	-0.3530516685267054	0.730949557544482	0.34817498602166963	0.9930527113580683	0.0	-0.5438333856598163	0.9217312746775927	0.5	2	2	0	0							0	0	0.3421984928347506	0.46353671862499424	0.9998995945261049	1			0
S1_EXCLUDE_BCN12	s__GGB1420_SGB1957	OTHER_OR_INSUFFICIENT	3	-0.3491158812468115	-1.3195241567903206	0.6212923942966978	0.26172492632634603	0.9930527113580683	0.0	-3.214837799181538	2.5166060366879153	1.0	0	3	0	0							0	0	-0.4697750682557912	0.330959561793437	0.9998995945261049	1			0
S1_EXCLUDE_BCN12	s__GGB1627_SGB2230	OTHER_OR_INSUFFICIENT	3	0.08810214453052012	-0.9309961072125021	1.1072003962735424	0.7456298100329088	0.9930527113580683	40.190684645212045	-4.424721423801126	4.600925712862166	0.6666666666666666	1	2	0	0							0	0	0.38343853555551	0.6128267726868272	0.9998995945261049	1			0
S1_EXCLUDE_BCN12	s__GGB1662_SGB2276	OTHER_OR_INSUFFICIENT	3	0.04760938651577554	-1.731060814881586	1.8262795879131373	0.9188323237984112	0.9930527113580683	77.68421613497358	-9.480980570900346	9.576199343931897	0.6666666666666666	1	2	1	0							0	0	0.1603903318328231	0.9169820070225744	0.9998995945261049	1			0
S1_EXCLUDE_BCN12	s__GGB2958_SGB3940	OTHER_OR_INSUFFICIENT	4	0.33236945285431235	-0.47795758627455615	1.1426964919831808	0.2828677092989323	0.9930527113580683	53.01437822309417	-1.5868331766452297	2.2515720823538543	0.75	3	1	1	0							0	0	0.38894259404893805	0.5318731005565409	0.9998995945261049	1	0.5367035182395058	Lee_PRIMM_UK	0
S1_EXCLUDE_BCN12	s__GGB3124_SGB4136	OTHER_OR_INSUFFICIENT	3	0.11713871832027008	-0.6427124891681744	0.8769899258087146	0.5753642428981265	0.9930527113580683	0.0	-2.1267851181159267	2.361062554756467	0.6666666666666666	1	2	0	0							0	0	0.14298863910575646	0.8187816027871602	0.9998995945261049	1			0
S1_EXCLUDE_BCN12	s__GGB3321_SGB4394	DOMAIN_SPECIFIC	5	-0.4374741487587208	-1.3886994308833205	0.5137511333658789	0.2707244237766521	0.9930527113580683	61.775651177642985	-2.39260330972637	1.5176550122089287	0.8	1	4	0	1							0	0	-0.5233782378876762	0.4746092638666339	0.9998995945261049	1	0.6005677849124915	Lee_Barcelona	0
S1_EXCLUDE_BCN12	s__GGB3345_SGB9340	OTHER_OR_INSUFFICIENT	3	-0.054353801223725795	-1.021231078214623	0.9125234757671715	0.831414993723691	0.9930527113580683	0.0	-2.9096482937955694	2.8009406913481176	0.6666666666666666	2	1	0	0							0	0	0.015955855121036863	0.9786436649505038	0.9998995945261049	0			0
S1_EXCLUDE_BCN12	s__GGB3588_SGB4808	OTHER_OR_INSUFFICIENT	4	0.2841036592854662	-0.24386051572859602	0.8120678342995284	0.18532181862819988	0.9930527113580683	0.0	-0.42970147137686376	0.9979087899477962	1.0	4	0	0	0							0	0	0.8551257337959041	0.12517682720127474	0.9998995945261049	1	0.3016735838074085	Lee_Leeds	0
S1_EXCLUDE_BCN12	s__GGB3677_SGB4990	OTHER_OR_INSUFFICIENT	3	-0.06255312842654498	-0.842855770459648	0.7177495136065579	0.7630483971895032	0.9930527113580683	0.0	-2.3668722905006288	2.241766033647539	0.6666666666666666	1	2	0	0							0	0	-0.2807967591949674	0.5597237916449921	0.9998995945261049	1			0
S1_EXCLUDE_BCN12	s__GGB41458_SGB58520	OTHER_OR_INSUFFICIENT	3	0.15682267438427136	-0.6246931212459439	0.9383384700144866	0.47892393011194867	0.9930527113580683	0.0	-2.1510790631247456	2.4647244118932887	0.6666666666666666	2	1	0	0							0	0	0.4324305098081783	0.5124554522287574	0.9998995945261049	1			0
S1_EXCLUDE_BCN12	s__GGB4684_SGB6478	OTHER_OR_INSUFFICIENT	4	0.03676192812813972	-0.4909083658541883	0.5644322221104677	0.8387701203227992	0.9930527113580683	0.0	-0.6766458767878675	0.7501697330441469	0.5	2	2	0	0							0	0	0.268970433011813	0.6253839537777724	0.9998995945261049	1			0
S1_EXCLUDE_BCN12	s__GGB4713_SGB6526	OTHER_OR_INSUFFICIENT	3	0.076391568811658	-0.6833564747140126	0.8361396123373286	0.7074693501069249	0.9930527113580683	0.0	-2.167227613146312	2.3200107507696277	0.6666666666666666	1	2	0	0							0	0	0.061579869980318204	0.9271546919715645	0.9998995945261049	1			0
S1_EXCLUDE_BCN12	s__GGB51960_SGB72480	OTHER_OR_INSUFFICIENT	3	0.0742849381388245	-0.6851377517994711	0.8337076280771202	0.7147598167559497	0.9930527113580683	0.0	-2.1683734390463574	2.316943315324006	0.6666666666666666	1	2	0	0							0	0	0.13125578016426928	0.7900907913547297	0.9998995945261049	1			0
S1_EXCLUDE_BCN12	s__GGB9189_SGB14128	OTHER_OR_INSUFFICIENT	4	0.07326846561280748	-0.45453365613767377	0.6010705873632887	0.688552885880014	0.9930527113580683	0.0	-0.6403175697994827	0.7868545010250978	0.5	2	2	0	0							0	0	0.18663857198817949	0.6510080371606354	0.9998995945261049	1			0
S1_EXCLUDE_BCN12	s__GGB9261_SGB14209	OTHER_OR_INSUFFICIENT	3	0.10419410639890794	-0.7982889979207101	1.006677210718526	0.6685929830226707	0.9930527113580683	23.41011612755671	-3.4781537987736617	3.6865420115714778	0.6666666666666666	1	2	0	0							0	0	0.16590991033003608	0.8040560454514059	0.9998995945261049	1			0
S1_EXCLUDE_BCN12	s__GGB9290_SGB14247	OTHER_OR_INSUFFICIENT	3	0.30047848382296893	-0.46134109421651415	1.062298061862452	0.23177777711615394	0.9930527113580683	0.0	-1.949258166429042	2.5502151340749797	1.0	3	0	0	0							0	0	1.0772421125372325	0.21143896396641224	0.9998995945261049	1			0
S1_EXCLUDE_BCN12	s__GGB9302_SGB14263	OTHER_OR_INSUFFICIENT	3	0.32175858444296984	-0.5745967774272238	1.2181139463131634	0.2624719204285526	0.9930527113580683	0.0	-2.3252769692831503	2.9687941381690903	0.6666666666666666	2	1	0	0							0	0	0.7809451373556384	0.18126622963413552	0.9998995945261049	1			0
S1_EXCLUDE_BCN12	s__GGB9361_SGB14336	OTHER_OR_INSUFFICIENT	3	0.06729336146433215	-0.6904083901352139	0.8249951130638783	0.7391486621346561	0.9930527113580683	0.0	-2.1702828963303546	2.304869619259019	1.0	3	0	0	0							0	0	0.2185071852111279	0.6506318523729072	0.9998995945261049	1			0
S1_EXCLUDE_BCN12	s__GGB9561_SGB14972	OTHER_OR_INSUFFICIENT	3	0.08171375727687404	-0.6771053700817494	0.8405328846354975	0.6886578178831997	0.9930527113580683	0.0	-2.159162233543179	2.3225897480969273	0.6666666666666666	2	1	0	0							0	0	0.2688379144143002	0.6072315798337276	0.9998995945261049	1			0
S1_EXCLUDE_BCN12	s__GGB9608_SGB15041	OTHER_OR_INSUFFICIENT	4	0.14633392466643647	-0.38171177617818763	0.6743796255110606	0.44275671001022826	0.9930527113580683	0.0	-0.5675814285440397	0.8602492778769126	0.5	2	2	0	0							0	0	0.2751581219912728	0.4817618749461937	0.9998995945261049	1			0
S1_EXCLUDE_BCN12	s__GGB9618_SGB15065	OTHER_OR_INSUFFICIENT	5	-0.11128007625712341	-0.6062652818112125	0.38370512929696565	0.5663395230020145	0.9930527113580683	3.8869658132120075	-0.8604886522195753	0.6379284997053284	0.8	1	4	0	0							0	0	-0.3724872622362204	0.4314716154363152	0.9998995945261049	1	0.3189828924000646	Lee_PRIMM_NL	0
S1_EXCLUDE_BCN12	s__GGB9635_SGB15103	OTHER_OR_INSUFFICIENT	4	0.08941056525508727	-0.4506781546656521	0.6294992851758267	0.6347720115727765	0.9930527113580683	0.0	-0.6407868942379343	0.8196080247481089	0.5	2	2	0	0							0	0	0.4134416369942758	0.4416472235375928	0.9998995945261049	1			0
S1_EXCLUDE_BCN12	s__GGB9640_SGB15115	OTHER_OR_INSUFFICIENT	4	0.09654722828835095	-0.4299785087621074	0.6230729653388093	0.6004951420749356	0.9930527113580683	0.0	-0.615313140882579	0.8084075974592809	0.5	2	2	0	0							0	0	0.23008066752985495	0.5826690938865187	0.9998995945261049	1			0
S1_EXCLUDE_BCN12	s__GGB9677_SGB15180	OTHER_OR_INSUFFICIENT	5	0.17496207844987882	-0.32085387547025107	0.6707780323700088	0.3826857725648104	0.9930527113580683	14.547085232988588	-0.5534972386419634	0.903421395541721	0.6	3	2	0	0							0	0	0.356893201539554	0.37620418390979177	0.9998995945261049	1			0
S1_EXCLUDE_BCN12	s__GGB9691_SGB15198	OTHER_OR_INSUFFICIENT	3	0.2286966204055778	-0.5791017542171324	1.036494995028288	0.3473743080793038	0.9930527113580683	0.0	-2.1568204513738434	2.614213692184999	0.6666666666666666	2	1	0	0							0	0	0.41092746273629327	0.4772639278946152	0.9998995945261049	1			0
S1_EXCLUDE_BCN12	s__GGB9737_SGB15309	OTHER_OR_INSUFFICIENT	4	0.13077448333228026	-0.39628469455176807	0.6578336612163286	0.48739964329320906	0.9930527113580683	0.0	-0.5818070953939171	0.8433560620584776	0.75	3	1	0	0							0	0	0.4206102126383754	0.44159130595420565	0.9998995945261049	1	0.45729141510035304	Lee_PRIMM_UK	0
S1_EXCLUDE_BCN12	s__GGB9762_SGB15377	OTHER_OR_INSUFFICIENT	3	0.027373287059286062	-0.7317090517540978	0.78645562587267	0.8909410871365337	0.9930527113580683	0.0	-2.214279996008892	2.269026570127464	0.6666666666666666	2	1	0	0							0	0	-0.19076001573768753	0.7173529669036172	0.9998995945261049	0			0
S1_EXCLUDE_BCN12	s__GGB9766_SGB15383	OTHER_OR_INSUFFICIENT	4	0.14713952419804036	-0.3929319263370006	0.6872109747330812	0.44970767136579565	0.9930527113580683	0.0	-0.5830345871635393	0.8773136355596199	0.75	3	1	0	0							0	0	0.19502869697683295	0.5845214776092719	0.9998995945261049	1	0.4803342929026831	Lee_PRIMM_UK	0
S1_EXCLUDE_BCN12	s__GGB9786_SGB15409	OTHER_OR_INSUFFICIENT	4	0.02796086996092866	-0.8090405480366375	0.8649622879584947	0.9220445307469756	0.9930527113580683	53.56689988562431	-1.944551351363272	2.000473091285129	0.5	2	2	0	0							0	0	0.06669883314694527	0.9233901325729736	0.9998995945261049	1	0.4651506366753668	Lee_Manchester	1
S1_EXCLUDE_BCN12	s__GGB9790_SGB15413	OTHER_OR_INSUFFICIENT	4	0.1989801031740858	-0.3276096166082354	0.7255698229564069	0.31541193742182616	0.9930527113580683	0.0	-0.5129667703516502	0.9109269766998217	1.0	4	0	0	0							0	0	0.4132283612554347	0.2729231005492883	0.9998995945261049	1	0.33048618918840267	Lee_PRIMM_UK	0
S1_EXCLUDE_BCN12	s__Olsenella_uli	OTHER_OR_INSUFFICIENT	3	0.11167204678896639	-0.9657471091876569	1.1890912027655898	0.6992571806323429	0.9930527113580683	46.91707284268201	-4.812245541851534	5.035589635429466	0.6666666666666666	2	1	0	0							0	0	0.20033548864657233	0.8121636928445383	0.9998995945261049	1			0
S1_EXCLUDE_BCN12	s__Parascardovia_denticolens	OTHER_OR_INSUFFICIENT	3	-0.21149670801894557	-0.972736387497303	0.5497429714594118	0.35444424502819055	0.9930527113580683	0.0	-2.459520854393556	2.0365274383556646	1.0	0	3	0	0							0	0	-0.6946339458674143	0.29864700128704114	0.9998995945261049	1			0
S1_EXCLUDE_BCN12	s__Paratractidigestivibacter_faecalis	OTHER_OR_INSUFFICIENT	3	-0.11136091364263172	-0.9335712946596464	0.710849467374383	0.6190087628211454	0.9930527113580683	0.0	-2.8210112683320068	2.5982894410467434	0.6666666666666666	1	2	0	0							0	0	-0.27380469917538514	0.6314271747849766	0.9998995945261049	1			0
S1_EXCLUDE_BCN12	s__Propionibacterium_acidifaciens	OTHER_OR_INSUFFICIENT	3	-0.13220445473626644	-0.8919570446988782	0.6275481352263453	0.5321109252431894	0.9930527113580683	0.0	-2.375837062878328	2.111428153405795	0.6666666666666666	1	2	0	0							0	0	-0.13666956273524142	0.7774062147069198	0.9998995945261049	1			0
S1_EXCLUDE_BCN12	s__Ruminococcus_sp_AF41_9	OTHER_OR_INSUFFICIENT	3	-0.02712835792728257	-0.8066510570023097	0.7523943411477446	0.8947080391364319	0.9930527113580683	0.0	-2.329144263021474	2.2748875471669083	0.6666666666666666	1	2	0	0							0	0	-0.16420809650902965	0.6823281792382602	0.9998995945261049	1			0
S1_EXCLUDE_BCN12	s__Dakarella_SGB14198	OTHER_OR_INSUFFICIENT	3	-0.2941084130608551	-1.2531470648143719	0.6649302386926615	0.31780278785234073	0.9930527113580683	0.0	-3.126254586725053	2.538037760603342	1.0	0	3	0	0							0	0	-0.3188506611506268	0.5128333165878778	0.9998995945261049	1			0
S1_EXCLUDE_BCN12	s__GGB3815_SGB5180	OTHER_OR_INSUFFICIENT	4	-0.17215485713931736	-0.7911296486288151	0.4468199343501804	0.44127563425369903	0.9930527113580683	0.0	-1.0090059215350011	0.6646962072563664	0.75	1	3	0	0							0	0	-0.18580034440328483	0.7005131959589781	0.9998995945261049	1	0.4697509724278025	Lee_PRIMM_NL	0
S1_EXCLUDE_BCN12	s__Holdemanella_biformis	OTHER_OR_INSUFFICIENT	3	0.1748695484154622	-0.7076811603689894	1.0574202571999138	0.48372240482989554	0.9930527113580683	0.0	-2.431399352787703	2.781138449618627	1.0	3	0	0	0							0	0	-0.013558152914167851	0.9823012986743965	0.9998995945261049	0			0
S2_BCN12_AS_NR	s__Acidaminococcus_intestini	OTHER_OR_INSUFFICIENT	5	0.10418894885289762	-0.29915898108946937	0.5075368787952645	0.5129103749607732	0.9914012814622465	0.0	-0.35814078654664816	0.5665186842524433	0.6	3	2	0	0	4	0.08390263742582175	0.6205299324119891	0.9980339935338073	0.0	0.5	1	0	0.32445884664922	0.3916858636964291	0.9998995945261049	1			0
S2_BCN12_AS_NR	s__Actinobaculum_sp_oral_taxon_183	OTHER_OR_INSUFFICIENT	4	-0.018809694984412414	-0.5137745658756856	0.4761551759068608	0.9113843865419567	0.9914012814622465	0.0	-0.6879999188307551	0.6503805288619302	0.5	2	2	0	0							0	0	-0.00139545952529897	0.9972426956691874	0.9998995945261049	1			0
S2_BCN12_AS_NR	s__Actinomyces_SGB17154	OTHER_OR_INSUFFICIENT	6	-0.03797004636081408	-0.38665942684808574	0.3107193341264576	0.7907499448429349	0.9914012814622465	0.0	-0.41458397535295505	0.3386438826313269	0.6666666666666666	2	4	0	0	3	-0.008461820578180703	0.962784379417173	0.9980339935338073	29.53068242298766	0.6666666666666666	1	0	-0.18479560601015402	0.5679811649594657	0.9998995945261049	1			0
S2_BCN12_AS_NR	s__Actinomyces_SGB17157	OTHER_OR_INSUFFICIENT	4	-0.14046929421651225	-0.6521718006242033	0.3712332121911789	0.4466221421670733	0.9914012814622465	1.0626909752246234	-0.9709094083975928	0.6899708199645683	0.75	1	3	0	0	3	-0.06538182271909818	0.6673936957461398	0.9980339935338073	0.0	1.0	1	0	-0.36013983088930285	0.41690856426733597	0.9998995945261049	1	0.3969186215958598	Lee_PRIMM_NL	0
S2_BCN12_AS_NR	s__Actinomyces_SGB17163	OTHER_OR_INSUFFICIENT	4	0.10118496900392711	-0.39391580965918976	0.596285747667044	0.5617997690905276	0.9914012814622465	0.0	-0.5681890015159952	0.7705589395238495	0.75	3	1	0	0							0	0	0.26502335562121315	0.554630626964469	0.9998995945261049	1	0.3024833352297574	Lee_PRIMM_UK	0
S2_BCN12_AS_NR	s__Actinomyces_SGB17168	OTHER_OR_INSUFFICIENT	4	0.08817443854406992	-0.5553736236245057	0.7317225007126456	0.6922815063636553	0.9914012814622465	35.26243446563969	-1.0091449237575147	1.1854938008456546	0.5	2	2	1	0							0	0	0.37675520791903333	0.39747026879739983	0.9998995945261049	1			0
S2_BCN12_AS_NR	s__Actinomyces_dentalis	OTHER_OR_INSUFFICIENT	3	-0.3461138215489671	-1.0771623346150683	0.3849346915171341	0.17854910051783845	0.9914012814622465	0.0	-2.504980147247961	1.8127525041500272	1.0	0	3	0	0							0	0	-0.7755445760718583	0.21850656978926167	0.9998995945261049	1			0
S2_BCN12_AS_NR	s__Actinomyces_graevenitzii	DOMAIN_SPECIFIC	5	-0.17190534035681262	-0.8305281166827592	0.48671743596913397	0.5087724238685387	0.9914012814622465	60.19238605019629	-1.6718913926989625	1.328080711985337	0.6	2	3	0	1	3	-0.12945421085935294	0.7687366371445226	0.9980339935338073	75.69787436412072	0.6666666666666666	1	0	-0.214169909422509	0.6937731804986665	0.9998995945261049	1	0.3730596860232139	Matson_US	0
S2_BCN12_AS_NR	s__Actinomyces_oris	OTHER_OR_INSUFFICIENT	6	-0.2861929880866042	-0.7131760117581413	0.14079003558493286	0.14550238047676814	0.9914012814622465	29.093271948715067	-1.0244133520900522	0.4520273759168437	0.6666666666666666	2	4	0	1	3	-0.1683328384817662	0.3305280127469922	0.9980339935338073	0.9510564981855028	1.0	1	0	-0.28850571130463337	0.43561831053577116	0.9998995945261049	1	0.3332409410867971	Lee_PRIMM_NL	0
S2_BCN12_AS_NR	s__Actinomyces_sp_HMSC035G02	OTHER_OR_INSUFFICIENT	4	-0.2348226350841108	-0.7311218347532068	0.26147656458498514	0.22920439420470248	0.9914012814622465	0.0	-0.9058168652726383	0.4361715951044166	1.0	0	4	0	0							0	0	-0.4920799902098872	0.30555906270726807	0.9998995945261049	1	0.46678617592806115	Lee_PRIMM_NL	0
S2_BCN12_AS_NR	s__Actinomyces_sp_ICM47	OTHER_OR_INSUFFICIENT	6	0.13951007739765486	-0.20858878346685172	0.48760893826216145	0.35013545898450293	0.9914012814622465	0.0	-0.2364660406235647	0.5154861954188744	0.6666666666666666	4	2	0	0	3	0.1894088754572205	0.2859938489975684	0.9980339935338073	0.0	0.6666666666666666	1	0	0.36932835708999995	0.2629234765535034	0.9998995945261049	1			0
S2_BCN12_AS_NR	s__Actinomyces_sp_ICM58	OTHER_OR_INSUFFICIENT	5	0.05661540504439073	-0.3359186930444922	0.4491495031332736	0.7092925552728978	0.9914012814622465	0.0	-0.39331918563250534	0.5065499957212868	0.6	3	2	0	0	3	0.05309587252914792	0.724761304821143	0.9980339935338073	0.0	0.6666666666666666	1	0	0.31164462163990203	0.38225130408953056	0.9998995945261049	1			0
S2_BCN12_AS_NR	s__Actinomyces_sp_oral_taxon_448	OTHER_OR_INSUFFICIENT	5	-0.09511534042350911	-0.5072357628472042	0.317005082000186	0.5565274158990968	0.9914012814622465	0.0	-0.5675003750158044	0.3772696941687862	0.6	2	3	0	1							0	0	-0.1799168585826788	0.6197171750015799	0.9998995945261049	1			0
S2_BCN12_AS_NR	s__Actinomyces_sp_ph3	OTHER_OR_INSUFFICIENT	4	-0.31402759433407523	-0.8112734335882776	0.18321824492012712	0.13800713377967191	0.9914012814622465	0.0	-0.9863016768758196	0.35824648820766913	1.0	0	4	0	0							0	0	-0.705124273692645	0.133983366836905	0.9998995945261049	1	0.32344565760188076	Lee_Manchester	0
S2_BCN12_AS_NR	s__Adlercreutzia_equolifaciens	STRONG_DIRECTION_REVERSAL	9	-0.05760695796277985	-0.47508357901461984	0.3598696630890601	0.7584796353511432	0.9914012814622465	56.80267409474102	-1.1053444445788276	0.990130528653268	0.6666666666666666	3	6	1	1	5	-0.20029195117000353	0.4208309217587854	0.9980339935338073	71.39361864565828	0.8	1	0	-0.2158354345414878	0.5851899199107262	0.9998995945261049	1	0.20731804006346843	Matson_US	1
S2_BCN12_AS_NR	s__Agathobaculum_butyriciproducens	OTHER_OR_INSUFFICIENT	9	0.10546472930351568	-0.14915221024421027	0.36008166885124165	0.36746027596650105	0.9914012814622465	0.0	-0.15562473802904242	0.3665541966360738	0.5555555555555556	5	4	0	0	5	0.14986907478610123	0.24370781244113746	0.9980339935338073	0.0	0.6	1	0	0.4740331047678143	0.13386200541784296	0.9998995945261049	1			0
S2_BCN12_AS_NR	s__Akkermansia_muciniphila	OTHER_OR_INSUFFICIENT	9	0.1157961863720765	-0.13886232281193933	0.37045469555609234	0.32501985610409306	0.9914012814622465	0.0	-0.1453359072505901	0.3769282799947431	0.6666666666666666	6	3	0	0	5	0.11290402141274745	0.361173148201126	0.9980339935338073	0.0	0.6	1	0	0.23662302119337797	0.3562144882093936	0.9998995945261049	1			0
S2_BCN12_AS_NR	s__Akkermansia_sp_KLE1798	OTHER_OR_INSUFFICIENT	3	-0.12057059483797967	-0.8802923370464957	0.6391511473705362	0.5651875205971442	0.9914012814622465	0.0	-2.5300169941243573	2.288875804448398	0.6666666666666666	2	1	0	0	3	-0.12057059483797967	0.5651875205971442	0.9980339935338073	0.0	0.6666666666666666	1	0	0.1500746539223549	0.8784591525039749	0.9998995945261049	0			0
S2_BCN12_AS_NR	s__Alistipes_SGB2313	OTHER_OR_INSUFFICIENT	4	-0.09913836169358771	-0.6578927528583155	0.4596160294711401	0.6117746771909989	0.9914012814622465	0.0	-0.8545717225935251	0.6562949992063497	0.75	1	3	0	0							0	0	-0.4033292873338202	0.3743345445653938	0.9998995945261049	1	0.4613459512196224	Lee_PRIMM_UK	0
S2_BCN12_AS_NR	s__Alistipes_communis	OTHER_OR_INSUFFICIENT	9	0.1035424354284636	-0.15109168103574716	0.35817655189267433	0.37584248256604336	0.9914012814622465	0.0	-0.15756464546105353	0.3646495163179807	0.6666666666666666	6	3	0	0	5	0.09706913611497389	0.42591453079606195	0.9980339935338073	0.0	0.8	1	0	0.3123284924951015	0.24240294891526623	0.9998995945261049	1			0
S2_BCN12_AS_NR	s__Alistipes_dispar	OTHER_OR_INSUFFICIENT	8	0.014191376416772762	-0.2958556990270342	0.3242384518605797	0.9168480559054634	0.9914012814622465	20.200160722989768	-0.30664516407642656	0.3350279169099721	0.625	3	5	0	0	4	-0.0178294056908362	0.8942374446556317	0.9980339935338073	7.272744038085126	0.5	0	0	-0.06469462474817513	0.8427372930410344	0.9998995945261049	0			0
S2_BCN12_AS_NR	s__Alistipes_finegoldii	OTHER_OR_INSUFFICIENT	9	-0.0575214045556637	-0.3123007856909418	0.19725797657961439	0.6167260694008776	0.9914012814622465	0.0	-0.3187774428031663	0.2037346336918389	0.6666666666666666	3	6	0	0	5	-0.07534325461636884	0.5298210496355208	0.9980339935338073	0.0	0.8	1	0	0.09102745538485972	0.7130560605784916	0.9998995945261049	0			0
S2_BCN12_AS_NR	s__Alistipes_ihumii	OTHER_OR_INSUFFICIENT	8	-0.013944849326166457	-0.2844740906737945	0.25658439202146155	0.9064128953949797	0.9914012814622465	0.0	-0.29388835720060846	0.26599865854827554	0.625	3	5	0	0	4	-0.016166359324096567	0.8959944669473154	0.9980339935338073	0.0	0.75	1	0	-0.0030417738184898807	0.9903139331114776	0.9998995945261049	1			0
S2_BCN12_AS_NR	s__Alistipes_indistinctus	OTHER_OR_INSUFFICIENT	9	0.029507116222635802	-0.22519967860094176	0.28421391104621335	0.7961154589091731	0.9914012814622465	0.0	-0.23167449049121897	0.29068872293649056	0.5555555555555556	5	4	0	0	5	0.010976153191824276	0.925081788974123	0.9980339935338073	0.0	0.6	1	0	0.20062938503176167	0.4903679211717816	0.9998995945261049	1			0
S2_BCN12_AS_NR	s__Alistipes_onderdonkii	OTHER_OR_INSUFFICIENT	9	-0.003969965291148002	-0.31168238596587017	0.30374245538357414	0.9769944423740137	0.9927638329902597	27.02754709178683	-0.5757764311458978	0.5678365005636018	0.6666666666666666	6	3	0	0	5	-0.06511291385744254	0.7182538577471309	0.9980339935338073	46.962272031458255	0.6	1	0	0.21857467389546942	0.5625807458049522	0.9998995945261049	0			0
S2_BCN12_AS_NR	s__Alistipes_putredinis	OTHER_OR_INSUFFICIENT	9	0.021383995135291205	-0.2773375192507814	0.3201055095213638	0.8729796482976644	0.9914012814622465	9.82802802357693	-0.5119169491902719	0.5546849394608543	0.6666666666666666	6	3	0	0	5	-0.01786992738778763	0.9209068409626382	0.9980339935338073	46.44203965275045	0.6	0	0	-0.24683297301925478	0.5241898011565531	0.9998995945261049	0			0
S2_BCN12_AS_NR	s__Alistipes_senegalensis	OTHER_OR_INSUFFICIENT	7	-0.048117825086786976	-0.356181927179381	0.2599462770058071	0.7154888666413061	0.9914012814622465	0.0	-0.4225320620605056	0.32629641188693165	0.7142857142857143	2	5	0	0	3	-0.07003419844277942	0.6212672157128715	0.9980339935338073	0.0	0.6666666666666666	1	0	-0.10938760025589928	0.7256535050426746	0.9998995945261049	1			0
S2_BCN12_AS_NR	s__Alistipes_shahii	OTHER_OR_INSUFFICIENT	9	0.08520136724336519	-0.16904599703837292	0.3394487315251033	0.4618771296575211	0.9914012814622465	0.0	-0.17550913001933555	0.3459118645060659	0.6666666666666666	6	3	0	0	5	0.07894189018306602	0.5108288490293713	0.9980339935338073	0.0	0.8	1	0	0.17065025567546557	0.529275951892961	0.9998995945261049	1			0
S2_BCN12_AS_NR	s__Allisonella_histaminiformans	OTHER_OR_INSUFFICIENT	3	0.05973467007115272	-1.00196351958554	1.1214328597278456	0.8312765928220522	0.9914012814622465	0.0	-3.075576361959355	3.19504570210166	0.6666666666666666	1	2	0	0							0	0	-0.010207510306521802	0.985757363685557	0.9998995945261049	0			0
S2_BCN12_AS_NR	s__Alloscardovia_omnicolens	OTHER_OR_INSUFFICIENT	4	-0.11088183282457287	-0.6583294942782404	0.43656582862909465	0.5650940128805546	0.9914012814622465	0.0	-1.018687962765373	0.7969242971162274	0.75	1	3	0	0							0	0	-0.23104001180911596	0.6372405567644612	0.9998995945261049	1	0.4000220652213102	Lee_PRIMM_UK	1
S2_BCN12_AS_NR	s__Anaerobutyricum_hallii	OTHER_OR_INSUFFICIENT	9	0.10331761878375292	-0.2079682352895363	0.41460347285704213	0.4660252405864858	0.9914012814622465	28.253771760419806	-0.32935715866293913	0.5359923962304449	0.6666666666666666	6	3	0	1	5	0.11809847383894191	0.3427028529950031	0.9980339935338073	0.0	0.6	1	0	0.2301395643622415	0.43172753815166504	0.9998995945261049	1			0
S2_BCN12_AS_NR	s__Anaerobutyricum_soehngenii	OTHER_OR_INSUFFICIENT	9	0.1542368280288382	-0.22337214236553954	0.5318457984232159	0.3738115928856559	0.9914012814622465	48.86252159750134	-0.7323321067837386	1.0408057628414151	0.6666666666666666	6	3	2	0	5	0.09682996122662173	0.46800827248422333	0.9980339935338073	0.0	0.8	1	0	0.32279394784726456	0.4671027600567028	0.9998995945261049	1			0
S2_BCN12_AS_NR	s__Anaerococcus_SGB53821	OTHER_OR_INSUFFICIENT	4	-0.009553428617943522	-0.5900881757957789	0.5709813185598919	0.9615251393206177	0.9927638329902597	13.834568566196149	-1.1334285412893517	1.1143216840534647	0.75	1	3	0	0	4	-0.009553428617943522	0.9615251393206177	0.9980339935338073	13.834568566196149	0.75	1	0	-0.1047201012957049	0.8491747085815321	0.9998995945261049	1	0.36540616705652934	Spencer_US	1
S2_BCN12_AS_NR	s__Anaerofilum_sp_BX8	CONSISTENT_NONSIGNIFICANT	9	0.05307085250685109	-0.200735116972429	0.3068768219861312	0.6425898325241911	0.9914012814622465	0.0	-0.20718702930895702	0.3133287343226592	0.7777777777777778	7	2	0	0	5	0.05113120038115033	0.6647283557012427	0.9980339935338073	0.0	0.8	1	0	0.10959096291333181	0.6683996637871757	0.9998995945261049	1	0.46197021744318273	Lee_Leeds	0
S2_BCN12_AS_NR	s__Anaerofustis_stercorihominis	OTHER_OR_INSUFFICIENT	6	0.020846261427508752	-0.3273381456523896	0.36903066850740707	0.8837043248956571	0.9914012814622465	0.0	-0.35522225371157523	0.3969147765665927	0.5	3	3	0	0	3	0.029549208390708483	0.8425916847123038	0.9980339935338073	0.0	0.6666666666666666	1	0	-0.0245818320114405	0.9385976510918939	0.9998995945261049	0			0
S2_BCN12_AS_NR	s__Anaeromassilibacillus_sp_An250	OTHER_OR_INSUFFICIENT	8	0.06409598673940926	-0.20159612701663437	0.3297881004954529	0.5862115219288023	0.9914012814622465	0.0	-0.2108420642721554	0.3390340377509739	0.5	4	4	1	0	5	0.05563977880667603	0.6866408279701355	0.9980339935338073	26.492339884634543	0.6	1	0	0.006076516165114147	0.9807298940570748	0.9998995945261049	1			0
S2_BCN12_AS_NR	s__Anaerosacchariphilus_sp_NSJ_68	OTHER_OR_INSUFFICIENT	4	-0.37026781977031636	-0.8808952706876851	0.14035963114705247	0.10425352630935215	0.9914012814622465	0.0	-1.0606337795157927	0.32009813997515996	1.0	0	4	0	0							0	0	-0.6267262718355835	0.2103365105459829	0.9998995945261049	1	0.47128615513891875	Lee_PRIMM_UK	0
S2_BCN12_AS_NR	s__Anaerostipes_caccae	OTHER_OR_INSUFFICIENT	4	-0.03852497652866631	-0.5629548629614535	0.4859049099041209	0.8301973329269194	0.9914012814622465	0.0	-0.7475517654854607	0.6705018124281281	0.5	2	2	0	0	4	-0.06707995051055828	0.6281474607870127	0.9980339935338073	0.0	0.5	1	0	0.031866958378655115	0.9340226740927108	0.9998995945261049	0			0
S2_BCN12_AS_NR	s__Anaerostipes_hadrus	OTHER_OR_INSUFFICIENT	9	0.07887057779452677	-0.20233064226170594	0.3600717978507595	0.5358847448933479	0.9914012814622465	14.58921036055738	-0.3444864060377482	0.5022275616268017	0.5555555555555556	5	4	0	0	5	0.04535889267467269	0.7946123520232296	0.9980339935338073	43.93581993234399	0.6	1	0	0.09665328416545355	0.8043906812172457	0.9998995945261049	1			0
S2_BCN12_AS_NR	s__Anaerotignum_faecicola	OTHER_OR_INSUFFICIENT	9	-0.07372105738919651	-0.3712113355859742	0.2237692208075812	0.5833879224912066	0.9914012814622465	17.712664350317066	-0.5983108683470333	0.4508687535686402	0.6666666666666666	3	6	0	0	5	-0.059486974599322485	0.7611823054561462	0.9980339935338073	52.40465620549261	0.6	1	0	-0.17247096733507922	0.5668412586014847	0.9998995945261049	1			0
S2_BCN12_AS_NR	s__Anaerotignum_lactatifermentans	OTHER_OR_INSUFFICIENT	3	-0.08637656412555209	-0.7932375206101276	0.6204843923590235	0.6515259915297292	0.9914012814622465	0.0	-2.173814386337256	2.001061258086152	0.6666666666666666	1	2	0	0	3	-0.08637656412555209	0.6515259915297292	0.9980339935338073	0.0	0.6666666666666666	1	0	-0.2221487706036511	0.6681359660067019	0.9998995945261049	1			0
S2_BCN12_AS_NR	s__Anaerotruncus_colihominis	CONSISTENT_NONSIGNIFICANT	8	-0.27620408732716206	-0.561549466266772	0.009141291612447922	0.055900437744206846	0.9914012814622465	0.0	-0.5714793260726724	0.019071151418348253	1.0	0	8	0	1	5	-0.27127497610804063	0.06947291179824093	0.9980339935338073	0.0	1.0	1	1	-0.5942596658936764	0.044686062716948236	0.9998995945261049	1	0.32749007531843966	Gopalakrishnan_US	0
S2_BCN12_AS_NR	s__Anaerotruncus_massiliensis	OTHER_OR_INSUFFICIENT	7	0.09313386949920241	-0.2756678020236695	0.46193554102207435	0.5593355706116916	0.9914012814622465	26.450158567854494	-0.44932182088354955	0.6355895598819544	0.5714285714285714	3	4	0	0	5	0.04164548648032481	0.7843315762109552	0.9980339935338073	20.680993685836338	0.6	1	0	0.4514387396405033	0.16995924163288662	0.9998995945261049	1			0
S2_BCN12_AS_NR	s__Anaerotruncus_rubiinfantis	CONSISTENT_NONSIGNIFICANT	9	-0.12783853337027482	-0.38202934005915457	0.12635227331860496	0.2795932376128001	0.9914012814622465	0.0	-0.3884910352146004	0.13281396847405072	0.7777777777777778	2	7	0	0	5	-0.1298315794150906	0.30213030842345195	0.9980339935338073	0.0	0.8	1	0	-0.11790635371303618	0.6365320483155896	0.9998995945261049	1	0.18875342919598573	Gopalakrishnan_US	0
S2_BCN12_AS_NR	s__Angelakisella_massiliensis	OTHER_OR_INSUFFICIENT	5	-0.0720963827336998	-0.6543175113525759	0.5101247458851763	0.7483036922263486	0.9914012814622465	40.854326390438	-1.1076720473832338	0.9634792819158342	0.6	2	3	1	0	4	-0.005783979336972767	0.9829881450751322	0.9980339935338073	50.95689098420087	0.5	1	0	-0.4503384253228681	0.3945011657750181	0.9998995945261049	1			0
S2_BCN12_AS_NR	s__Bacteroides_SGB15210	OTHER_OR_INSUFFICIENT	3	-0.2556534973426923	-0.9851820111362397	0.4738750164508551	0.2706183690623904	0.9914012814622465	0.0	-2.410031098650859	1.8987241039654743	1.0	0	3	0	0							0	0	-0.4949964617213778	0.4226895743465791	0.9998995945261049	1			0
S2_BCN12_AS_NR	s__Bacteroides_caccae	CONSISTENT_NONSIGNIFICANT	9	0.08554556442481784	-0.1689872297628998	0.34007835861253544	0.46061868239210446	0.9914012814622465	0.0	-0.17545761844635568	0.3465487472959914	0.7777777777777778	7	2	1	0	5	0.08242740426619674	0.5429397209448903	0.9980339935338073	9.055618039800713	0.8	1	0	0.07785275321331	0.7597615121660913	0.9998995945261049	1	0.3328159682698136	Frankel_US	0
S2_BCN12_AS_NR	s__Bacteroides_cellulosilyticus	OTHER_OR_INSUFFICIENT	9	-0.06965489443297834	-0.3237123454384943	0.18440255657253762	0.5448731191991282	0.9914012814622465	0.0	-0.3301706506144701	0.1908608617485134	0.5555555555555556	4	5	0	0	5	-0.12702989278382237	0.3109009696035184	0.9980339935338073	0.0	0.8	1	0	-0.14014082428738284	0.5693120484425248	0.9998995945261049	1			0
S2_BCN12_AS_NR	s__Bacteroides_clarus	OTHER_OR_INSUFFICIENT	6	-0.24444300759851587	-0.6153647032110061	0.12647868801397436	0.15103040318726277	0.9914012814622465	0.0	-0.6450697112606617	0.15618369606363	0.8333333333333334	1	5	0	0							0	0	-0.21858364134195815	0.560151336176126	0.9998995945261049	1	0.2373578881518768	Lee_PRIMM_UK	0
S2_BCN12_AS_NR	s__Bacteroides_eggerthii	DOMAIN_SPECIFIC	7	0.09460073947254095	-0.41503881129283365	0.6042402902379156	0.6656506956733494	0.9914012814622465	64.1235496009382	-1.1379677894864058	1.3271692684314877	0.5714285714285714	3	4	1	0	4	0.10104046830720081	0.6140791078886084	0.9980339935338073	46.270210974900486	0.5	1	0	0.18750636612559995	0.6870544663865719	0.9998995945261049	1	0.29140832998109356	Lee_PRIMM_UK	1
S2_BCN12_AS_NR	s__Bacteroides_faecis	CONSISTENT_NONSIGNIFICANT	7	0.12887731743809872	-0.17112521977017514	0.42887985464637257	0.3336656462573749	0.9914012814622465	0.0	-0.18628772361138263	0.44404235848758006	0.8571428571428571	6	1	0	0	5	0.037276674158391976	0.7507419272476641	0.9980339935338073	0.0	0.8	1	0	0.10960636747833435	0.7113171133567655	0.9998995945261049	1	0.226238788441072	Lee_Leeds	0
S2_BCN12_AS_NR	s__Bacteroides_finegoldii	OTHER_OR_INSUFFICIENT	8	0.13978293582547557	-0.17329615875697174	0.4528620304079229	0.32615055098352813	0.9914012814622465	16.15789407163011	-0.19667132930250764	0.4762372009534588	0.5	4	4	0	0	5	0.04367773738443989	0.7108311214824241	0.9980339935338073	0.0	0.6	1	0	0.28562732037240046	0.4217675149060975	0.9998995945261049	1			0
S2_BCN12_AS_NR	s__Bacteroides_fragilis	OTHER_OR_INSUFFICIENT	9	-0.15173799515301561	-0.4061181937116055	0.10264220340557428	0.20624790322119185	0.9914012814622465	0.0	-0.4125847033742307	0.10910871306819947	0.5555555555555556	4	5	0	0	5	-0.18666222043477046	0.16426799241470497	0.9980339935338073	0.0	0.6	1	0	-0.19907416742443285	0.4161777889990519	0.9998995945261049	1			0
S2_BCN12_AS_NR	s__Bacteroides_intestinalis	OTHER_OR_INSUFFICIENT	7	-0.014805016002817388	-0.40879559694306145	0.3791855649374267	0.929732606845673	0.9914012814622465	25.785103930049857	-0.7580214837933186	0.7284114517876839	0.7142857142857143	2	5	0	0	4	0.022688656661167206	0.9079097930847766	0.9980339935338073	47.57335341292608	0.75	0	0	0.04726077890977585	0.8827059658132586	0.9998995945261049	0			0
S2_BCN12_AS_NR	s__Bacteroides_nordii	OTHER_OR_INSUFFICIENT	6	-0.08165648691021356	-0.4224782391576198	0.2591652653371927	0.5649272351047834	0.9914012814622465	0.0	-0.4497727140666696	0.2864597402462425	0.5	3	3	0	0	4	-0.06146317995095774	0.6268014396318223	0.9980339935338073	0.0	0.75	1	0	-0.12305491252859801	0.6881581230673383	0.9998995945261049	1			0
S2_BCN12_AS_NR	s__Bacteroides_ovatus	OTHER_OR_INSUFFICIENT	9	-0.008718536760152834	-0.26288058543616755	0.2454435119158619	0.9388935749247763	0.9914012814622465	0.0	-0.26934154952871053	0.2519044760084049	0.5555555555555556	4	5	0	0	5	-0.0074319849620415575	0.9491844042119821	0.9980339935338073	0.0	0.6	1	0	0.22201335486681567	0.5225735308405048	0.9998995945261049	0			0
S2_BCN12_AS_NR	s__Bacteroides_salyersiae	CONSISTENT_NONSIGNIFICANT	6	0.1713018623850925	-0.1650556207092357	0.5076593454794207	0.2474130924059967	0.9914012814622465	0.0	-0.19199257781098875	0.5345963025811737	0.8333333333333334	5	1	0	0	4	0.07495897752320459	0.5572818242720368	0.9980339935338073	0.0	0.75	1	0	0.3316427671353625	0.34078271520334735	0.9998995945261049	1	0.4961176902699239	Spencer_US	0
S2_BCN12_AS_NR	s__Bacteroides_stercoris	OTHER_OR_INSUFFICIENT	9	0.056698025245379396	-0.20618725397387236	0.3195833044646311	0.6323221311166588	0.9914012814622465	0.0	-0.26652515853904113	0.37992120902979987	0.5555555555555556	4	5	0	0	5	0.051602847727916484	0.7463320624687723	0.9980339935338073	32.48565644651205	0.6	1	0	0.31180083234033407	0.2435830363575775	0.9998995945261049	1			0
S2_BCN12_AS_NR	s__Bacteroides_thetaiotaomicron	OTHER_OR_INSUFFICIENT	9	-0.05630839133275642	-0.34342587743704156	0.23080909477152875	0.6631035240756171	0.9914012814622465	18.73510248262753	-0.4130125930174301	0.3003958103519173	0.5555555555555556	4	5	0	0	5	-0.08410015506620576	0.602985545359765	0.9980339935338073	34.82676021261694	0.6	1	0	-0.07913097888621799	0.7812923829322249	0.9998995945261049	1			0
S2_BCN12_AS_NR	s__Bacteroides_uniformis	OTHER_OR_INSUFFICIENT	9	-0.002555354446678485	-0.2561706280502773	0.25105991915692033	0.9820321986905848	0.9927638329902597	0.0	-0.2626176927703959	0.25750698387703896	0.5555555555555556	4	5	0	0	5	-0.04128039962954955	0.7252605681141497	0.9980339935338073	0.0	0.8	1	0	0.05354540288533978	0.9395556295847187	0.9998995945261049	0			0
S2_BCN12_AS_NR	s__Bacteroides_xylanisolvens	OTHER_OR_INSUFFICIENT	9	0.15175866035647445	-0.12533029452641958	0.4288476152393685	0.2421643133425527	0.9914012814622465	14.97967275125465	-0.1323740754621306	0.4358913961750795	0.5555555555555556	5	4	1	0	5	0.12951516868452845	0.3033949295615303	0.9980339935338073	0.0	0.6	1	0	0.19768027481912195	0.43275363448103643	0.9998995945261049	1			0
S2_BCN12_AS_NR	s__Bariatricus_massiliensis	OTHER_OR_INSUFFICIENT	3	0.01945124783292354	-0.8540563117119894	0.8929588073778364	0.9324060710351707	0.9914012814622465	0.0	-2.5601122435812775	2.599014739247125	0.6666666666666666	1	2	0	0							0	0	0.46595973794942136	0.488917673821922	0.9998995945261049	1			0
S2_BCN12_AS_NR	s__Barnesiella_intestinihominis	OTHER_OR_INSUFFICIENT	9	0.13615336583527232	-0.18208584493070096	0.4543925766012456	0.3527409391455235	0.9914012814622465	28.421898526402607	-0.48983157540693206	0.7621383070774768	0.6666666666666666	6	3	0	0	5	0.18110801492555723	0.34388708699435283	0.9980339935338073	43.901642783163894	0.8	1	0	0.5496633959617302	0.18427157146317646	0.9998995945261049	1			0
S2_BCN12_AS_NR	s__Bifidobacterium_adolescentis	STRONG_DIRECTION_REVERSAL	9	0.18078360757543788	-0.2119892224796554	0.5735564376305311	0.31949841900913906	0.9914012814622465	46.64740755770717	-0.5211987375212899	0.8827659526721656	0.7777777777777778	7	2	1	1	5	0.22145913762188962	0.11414247755370223	0.9980339935338073	0.0	1.0	1	0	0.3593724410714712	0.2817092060371961	0.9998995945261049	1	0.26728927035687	Lee_Leeds	0
S2_BCN12_AS_NR	s__Bifidobacterium_animalis	OTHER_OR_INSUFFICIENT	5	0.11697677812174005	-0.2942032672065204	0.5281568234500005	0.4737913265798281	0.9914012814622465	0.0	-0.35433036748248825	0.5882839237259684	0.8	4	1	0	0							0	0	0.4595473562222068	0.2598925979986007	0.9998995945261049	1	0.3909301189295734	Frankel_US	0
S2_BCN12_AS_NR	s__Bifidobacterium_bifidum	CONSISTENT_NONSIGNIFICANT	8	0.18595707131230352	-0.07977041443992874	0.4516845570645358	0.14194485676750726	0.9914012814622465	0.0	-0.0890175826241956	0.46093172524880266	0.875	7	1	0	0	5	0.1889294445589405	0.16064571570487585	0.9980339935338073	0.0	1.0	1	0	0.27996310046992745	0.3334028740891359	0.9998995945261049	1	0.40167794729179546	Gopalakrishnan_US	0
S2_BCN12_AS_NR	s__Bifidobacterium_dentium	OTHER_OR_INSUFFICIENT	6	-0.1338692557597478	-0.6114116526518069	0.3436731411323112	0.5034218557728601	0.9914012814622465	42.10695839285464	-1.1080560920765845	0.8403175805570889	0.5	3	3	0	1	3	-0.2982958470603163	0.4385944743015891	0.9980339935338073	75.35295163417572	0.6666666666666666	1	0	-0.26251330922069793	0.5544189281490185	0.9998995945261049	1			0
S2_BCN12_AS_NR	s__Bifidobacterium_longum	OTHER_OR_INSUFFICIENT	9	0.19531571928166358	-0.06200010610834211	0.4526315446716693	0.11816558178738865	0.9914012814622465	1.430044089595424	-0.06854124123821209	0.45917267980153925	0.6666666666666666	6	3	1	0	5	0.21195949125534488	0.12637931050974877	0.9980339935338073	0.0	0.8	1	0	0.2794051130564469	0.37750600689776037	0.9998995945261049	1	0.2330766894371002	Lee_PRIMM_NL	0
S2_BCN12_AS_NR	s__Bifidobacterium_pseudocatenulatum	OTHER_OR_INSUFFICIENT	7	0.1284225087827229	-0.15464842335062104	0.4114934409160669	0.3094514409822699	0.9914012814622465	0.0	-0.1689551828856121	0.42580020045105793	0.7142857142857143	5	2	0	0	5	0.14303415368215147	0.3278393772853435	0.9980339935338073	22.666536176420486	0.6	1	0	0.27141422811352073	0.4191464529812206	0.9998995945261049	1			0
S2_BCN12_AS_NR	s__Bilophila_wadsworthia	CONSISTENT_NONSIGNIFICANT	9	-0.05434820614974811	-0.3201908933197818	0.21149448102028556	0.6499202356417907	0.9914012814622465	7.886402261343123	-0.3269487869047986	0.2182523746053024	0.7777777777777778	2	7	0	1	5	-0.06901755968951676	0.5629352636291257	0.9980339935338073	0.0	0.8	1	0	-0.11213057032544818	0.6664380038384158	0.9998995945261049	1	0.3887454970921645	Spencer_US	1
S2_BCN12_AS_NR	s__Bittarella_massiliensis	CONSISTENT_NONSIGNIFICANT	6	-0.3129802467958604	-0.664126004370311	0.03816551077859026	0.07054446667782065	0.9914012814622465	0.0	-0.6922472701560061	0.06628677656428522	0.8333333333333334	1	5	0	1	3	-0.2514261894129718	0.19591494838647114	0.9980339935338073	0.0	1.0	1	0	-0.643786359698517	0.06654588634036211	0.9998995945261049	1	0.2864474593875773	Lee_PRIMM_NL	0
S2_BCN12_AS_NR	s__Blautia_SGB4815	OTHER_OR_INSUFFICIENT	8	0.06577271082964599	-0.28948858839690284	0.4210340100561948	0.6747329796788525	0.9914012814622465	35.43334219208323	-0.6319988325321759	0.7635442541914679	0.5	4	4	1	0	4	0.07691528356240442	0.610155964523599	0.9980339935338073	0.6527151783946246	0.5	1	0	0.1918728056765029	0.5655450686079867	0.9998995945261049	1			0
S2_BCN12_AS_NR	s__Blautia_caecimuris	OTHER_OR_INSUFFICIENT	8	0.04826108917073447	-0.21757199307199865	0.31409417141346757	0.6806159344963327	0.9914012814622465	0.0	-0.2268228360720223	0.3233450144134912	0.625	5	3	1	0	5	0.08896773707236783	0.4620125574036286	0.9980339935338073	0.0	0.8	1	0	0.04472854391056931	0.8761772055292513	0.9998995945261049	1			0
S2_BCN12_AS_NR	s__Blautia_faecis	CONSISTENT_NONSIGNIFICANT	9	0.1392166710345315	-0.1150556577496325	0.3934889998186955	0.24230537274327604	0.9914012814622465	0.0	-0.1215194252588962	0.3999527673279592	0.7777777777777778	7	2	0	0	5	0.1479703070664579	0.2490394882739717	0.9980339935338073	0.0	0.6	1	0	0.2788601368359631	0.6200704907894081	0.9998995945261049	1	0.2133310703978873	Matson_US	0
S2_BCN12_AS_NR	s__Blautia_glucerasea	OTHER_OR_INSUFFICIENT	8	-0.014217421856364236	-0.3965781500916731	0.36814330637894466	0.9323991941970501	0.9914012814622465	40.67427271884102	-0.7420339898673187	0.7135991461545903	0.5	4	4	0	1	4	-0.0023487869119067618	0.9880083859244663	0.9980339935338073	23.951673493054436	0.5	1	0	-0.02586322609427956	0.9370623826373033	0.9998995945261049	1			0
S2_BCN12_AS_NR	s__Blautia_hansenii	OTHER_OR_INSUFFICIENT	4	-0.004310440849490282	-0.7210237017334994	0.7124028200345188	0.9859313808266007	0.9927638329902597	49.88325631123842	-1.6736508669880499	1.6650299852890693	0.5	2	2	0	0	4	-0.004310440849490282	0.9859313808266007	0.9980339935338073	49.88325631123842	0.5	1	0	-0.1697651553332982	0.7635213867134389	0.9998995945261049	1			0
S2_BCN12_AS_NR	s__Blautia_hydrogenotrophica	CONSISTENT_NONSIGNIFICANT	6	-0.1284789173761293	-0.4775890487855565	0.2206312140332979	0.3875772280481026	0.9914012814622465	0.0	-0.5055472929050793	0.24858945815282066	0.8333333333333334	1	5	0	0	3	-0.07599270384714443	0.620945093030631	0.9980339935338073	0.0	0.6666666666666666	1	0	-0.03253120705112103	0.9195828288887898	0.9998995945261049	1	0.46715155821560966	Frankel_US	0
S2_BCN12_AS_NR	s__Blautia_luti	STRONG_DIRECTION_REVERSAL	7	0.03648930952263643	-0.4866455430056026	0.5596241620508754	0.8700892279866053	0.9914012814622465	67.2465541147105	-1.2393663095581882	1.312344928603461	0.5714285714285714	4	3	1	1	4	0.10192014600477199	0.7239432081204945	0.9980339935338073	72.43747717272609	0.75	1	0	0.19177605240074608	0.7439384338519106	0.9998995945261049	1	0.24727320724933588	Spencer_US	1
S2_BCN12_AS_NR	s__Blautia_massiliensis	CONSISTENT_NONSIGNIFICANT	9	0.18913042929509066	-0.06563710618075308	0.4438979647709344	0.1252753653781188	0.9914012814622465	0.0	-0.07211346214986236	0.4503743207400437	0.7777777777777778	7	2	1	0	5	0.20422281489796756	0.13649297447324216	0.9980339935338073	0.0	0.8	1	0	0.5525279345211503	0.12693121182612277	0.9998995945261049	1	0.38157230324454855	Lee_Manchester	0
S2_BCN12_AS_NR	s__Blautia_obeum	OTHER_OR_INSUFFICIENT	9	-0.04155720114433894	-0.29632220542701976	0.2132078031383419	0.7165813849632954	0.9914012814622465	0.0	-0.30279849714664275	0.2196840948579649	0.5555555555555556	4	5	0	0	5	-0.006090493479432731	0.9597256715608371	0.9980339935338073	0.0	0.6	1	0	-0.12446991175814122	0.7515323845052135	0.9998995945261049	1			0
S2_BCN12_AS_NR	s__Blautia_producta	OTHER_OR_INSUFFICIENT	8	-0.020212906824626738	-0.30677584165366445	0.266350028004411	0.8722507652931755	0.9914012814622465	13.702920652160053	-0.316748071834063	0.27632225818480954	0.5	4	4	0	0	5	-0.0024525997690831927	0.9832094002542947	0.9980339935338073	0.0	0.6	1	0	-0.05048203628771894	0.8654740164957219	0.9998995945261049	1			0
S2_BCN12_AS_NR	s__Blautia_sp_MSK_20_85	OTHER_OR_INSUFFICIENT	8	0.07963809286549729	-0.20726520410757393	0.3665413898385685	0.5325625045862227	0.9914012814622465	0.0	-0.3040340565801597	0.46331024231115425	0.625	5	3	0	0	4	0.09085123785805496	0.5404616746592565	0.9980339935338073	9.620627588476198	0.75	1	0	0.22959862510322454	0.4259300556234514	0.9998995945261049	1			0
S2_BCN12_AS_NR	s__Blautia_sp_Marseille_P3087	CONSISTENT_NONSIGNIFICANT	6	0.27541799996934047	-0.12403980254762265	0.6748758024863035	0.13653125594808077	0.9914012814622465	10.36775387716123	-0.37034755142069264	0.9211835513593736	0.8333333333333334	5	1	1	0	3	0.35009890175595454	0.2570161441707422	0.9980339935338073	50.58330081347279	1.0	1	0	0.2945017143684634	0.3428929384732238	0.9998995945261049	1	0.31462194076907984	Lee_PRIMM_NL	0
S2_BCN12_AS_NR	s__Blautia_sp_OF03_15BH	CONSISTENT_NONSIGNIFICANT	6	0.1684490365798767	-0.18141959826108928	0.5183176714208426	0.2707953701646655	0.9914012814622465	0.0	-0.20943858653429553	0.5463366596940489	0.8333333333333334	5	1	0	0	3	0.10827056931005667	0.6681629485894088	0.9980339935338073	47.100373072416104	0.6666666666666666	1	0	0.29142223862675926	0.45336906255630194	0.9998995945261049	1	0.2934401974693374	Frankel_US	0
S2_BCN12_AS_NR	s__Blautia_stercoris	OTHER_OR_INSUFFICIENT	8	0.11258891751483384	-0.1838739087100833	0.409051743739751	0.3990067048056241	0.9914012814622465	7.232599257799974	-0.1941906495474296	0.4193684845770973	0.625	5	3	0	0	5	0.08300199587713322	0.49142709162653797	0.9980339935338073	0.0	0.6	1	0	0.2674001112935578	0.47122304481391797	0.9998995945261049	1			0
S2_BCN12_AS_NR	s__Blautia_wexlerae	OTHER_OR_INSUFFICIENT	9	0.08851802067853945	-0.16606038228143924	0.3430964236385181	0.4458252513210945	0.9914012814622465	0.0	-0.17253193041781487	0.34956797177489374	0.5555555555555556	4	5	0	0	5	0.10332051917381938	0.4417733589545085	0.9980339935338073	0.0	0.6	1	0				0			0
S2_BCN12_AS_NR	s__Butyricicoccus_sp_AM29_23AC	CONSISTENT_NONSIGNIFICANT	6	0.15588502198749354	-0.23375144477842746	0.5455214887534146	0.3509019460147358	0.9914012814622465	19.079320484912678	-0.2649552124075969	0.576725256382584	0.8333333333333334	5	1	0	0	3	0.14588349941854978	0.38192825921639106	0.9980339935338073	0.0	1.0	1	0	0.5148850649388442	0.16374025248817753	0.9998995945261049	1	0.35384091726605865	Lee_Manchester	0
S2_BCN12_AS_NR	s__Butyricimonas_SGB15260	OTHER_OR_INSUFFICIENT	9	0.03955764613235341	-0.24771045812454484	0.32682575038925166	0.7589609889616682	0.9914012814622465	6.458112042831027	-0.4320159616217508	0.5111312538864576	0.5555555555555556	5	4	0	0	5	0.0174280375160043	0.8813755039842439	0.9980339935338073	0.0	0.6	1	0	0.21638430314615278	0.43895875999472517	0.9998995945261049	1			0
S2_BCN12_AS_NR	s__Butyricimonas_faecihominis	OTHER_OR_INSUFFICIENT	7	0.1848487143472526	-0.203488897977648	0.5731863266721532	0.2883382552741076	0.9914012814622465	26.908328250327756	-0.532342757934303	0.9020401866288081	0.5714285714285714	3	4	1	0	4	0.11569256835585266	0.38424981236314715	0.9980339935338073	0.0	0.75	1	0	0.3664725184418442	0.3266101547050261	0.9998995945261049	1			0
S2_BCN12_AS_NR	s__Butyricimonas_paravirosa	OTHER_OR_INSUFFICIENT	8	0.07438942846953961	-0.3573425612318154	0.5061214181708946	0.6958598678236034	0.9914012814622465	45.354325776385075	-0.6493774055147614	0.7981562624538407	0.625	5	3	1	0	5	0.07056646134891592	0.5852740492626068	0.9980339935338073	0.0	0.6	1	0	0.21589522288565255	0.6456645230771928	0.9998995945261049	1			0
S2_BCN12_AS_NR	s__Butyricimonas_virosa	OTHER_OR_INSUFFICIENT	9	0.10992202196967439	-0.1449721481227138	0.36481619206206256	0.34912493611366374	0.9914012814622465	0.0	-0.15145172322368117	0.3712957671630299	0.5555555555555556	5	4	0	0	5	0.07649063155126977	0.5236160606899708	0.9980339935338073	0.0	0.6	1	0	0.217031225470813	0.4901675372187807	0.9998995945261049	1			0
S2_BCN12_AS_NR	s__Candidatus_Borkfalkia_ceftriaxoniphila	OTHER_OR_INSUFFICIENT	6	-0.04481852503687834	-0.5307022958324884	0.4410652457587317	0.8219774201031217	0.9914012814622465	34.24575140779804	-0.8173417821085375	0.7277047320347808	0.5	3	3	0	1	5	-0.03421361555169566	0.7706780310772547	0.9980339935338073	0.0	0.6	1	0	-0.11289071993204407	0.8335144619216474	0.9998995945261049	1			0
S2_BCN12_AS_NR	s__Candidatus_Catenibacterium_tridentinum	CONSISTENT_NONSIGNIFICANT	5	-0.10324654359840549	-0.6145291233360787	0.40803603613926775	0.6049431674462696	0.9914012814622465	43.18211762788528	-1.1547339190150832	0.9482408318182721	0.8	1	4	0	0	3	-0.0854315218641086	0.5795699145976847	0.9980339935338073	9.870249161344622	0.6666666666666666	1	0	-0.3751975273923008	0.46625946210709535	0.9998995945261049	1	0.3268712438389973	Lee_PRIMM_UK	0
S2_BCN12_AS_NR	s__Candidatus_Cibionibacter_quicibialis	OTHER_OR_INSUFFICIENT	9	-0.007410203943534645	-0.32958407907485743	0.31476367118778814	0.9590009321009899	0.9927638329902597	35.03176719237461	-0.3801349090902493	0.36531450120318	0.5555555555555556	5	4	0	1	5	0.011887341158198955	0.9188997323683313	0.9980339935338073	0.0	0.6	0	0	0.08390120051075345	0.8742804265365205	0.9998995945261049	0			0
S2_BCN12_AS_NR	s__Candidatus_Nanosynsacchari_sp_TM7_ANC_38_39_G1_1	OTHER_OR_INSUFFICIENT	3	0.04950349832199635	-0.7258493424408086	0.8248563390848014	0.8093156300698354	0.9914012814622465	0.0	-2.2401983591563415	2.339205355800334	0.6666666666666666	1	2	0	0	3	0.0010334057481979882	0.9944203599303598	0.9980339935338073	0.0	0.6666666666666666	1	0	0.22392124837341393	0.6856551890168807	0.9998995945261049	1			0
S2_BCN12_AS_NR	s__Catenibacillus_scindens	OTHER_OR_INSUFFICIENT	6	0.01141755492127887	-0.3366305153197823	0.35946562516234004	0.9360689073107387	0.9914012814622465	0.0	-0.3645037049408589	0.38733881478341664	0.6666666666666666	4	2	0	0	3	0.0347468547391778	0.8157570227038373	0.9980339935338073	0.0	0.6666666666666666	1	0	0.0674431641098889	0.8184914123232028	0.9998995945261049	1			0
S2_BCN12_AS_NR	s__Catenibacterium_SGB4425	OTHER_OR_INSUFFICIENT	4	0.3071167417077184	-0.2588252797554187	0.8730587631708555	0.18262082609759658	0.9914012814622465	15.269041846950316	-0.7288904163413962	1.3431238997568329	0.75	3	1	1	0							0	0	0.7196779508829927	0.3554547566185942	0.9998995945261049	1	0.5064886569966797	Lee_PRIMM_NL	0
S2_BCN12_AS_NR	s__Cellulomonas_flavigena	OTHER_OR_INSUFFICIENT	4	-0.07605235272446477	-0.5715127446940722	0.4194080392451427	0.6586763451851416	0.9914012814622465	0.0	-0.7459125187832509	0.5938078133343214	0.75	1	3	0	0							0	0	-0.12561486950282078	0.7823376147648667	0.9998995945261049	1	0.4099093807670731	Lee_PRIMM_UK	0
S2_BCN12_AS_NR	s__Christensenella_hongkongensis	OTHER_OR_INSUFFICIENT	5	-0.05582513965127328	-0.4481728729089962	0.33652259360644965	0.7129696827670164	0.9914012814622465	0.0	-0.5055461132642443	0.3938958339616977	0.6	2	3	0	0	3	-0.02333995741458498	0.8749739970700886	0.9980339935338073	0.0	0.6666666666666666	1	0	-0.008068401572503544	0.9816390778979955	0.9998995945261049	1			0
S2_BCN12_AS_NR	s__Christensenella_minuta	OTHER_OR_INSUFFICIENT	6	-0.036006752277923326	-0.4536793664356093	0.38166586187976265	0.833387798006151	0.9914012814622465	25.106671362340677	-0.7680424404064639	0.6960289358506171	0.6666666666666666	2	4	0	0	3	0.018032034162877818	0.9032707178202911	0.9980339935338073	0.0	0.6666666666666666	0	0	-0.2156828254578623	0.576600664931691	0.9998995945261049	1			0
S2_BCN12_AS_NR	s__Christensenella_sp_Marseille_P3954	OTHER_OR_INSUFFICIENT	5	-0.17321520393749315	-0.5849264735454275	0.2384960656704412	0.30763760051758277	0.9914012814622465	0.0	-0.6451312550761231	0.29870084720113677	0.6	2	3	0	0							0	0	0.012258814441486942	0.9748150617290904	0.9998995945261049	0			0
S2_BCN12_AS_NR	s__Cloacibacillus_evryensis	OTHER_OR_INSUFFICIENT	3	-0.14708715482984225	-2.453437513100217	2.1592632034405326	0.8095215960960359	0.9914012814622465	81.25725462891981	-12.744121186958484	12.4499468772988	0.6666666666666666	2	1	0	1							0	0	0.1238500716046748	0.8854618047328205	0.9998995945261049	0			0
S2_BCN12_AS_NR	s__Clostridium_SGB4750	OTHER_OR_INSUFFICIENT	9	0.08373364130422568	-0.17015994125080658	0.3376272238592579	0.46876566422535215	0.9914012814622465	0.0	-0.1766140807897964	0.34408136339824774	0.6666666666666666	6	3	0	0	5	0.04979028204198291	0.6729165214910426	0.9980339935338073	0.0	0.6	1	0	0.11870112245364316	0.6506763237863137	0.9998995945261049	1			0
S2_BCN12_AS_NR	s__Clostridium_SGB4909	OTHER_OR_INSUFFICIENT	6	0.0704387949723709	-0.29847667144336076	0.4393542613881025	0.6443394797938877	0.9914012814622465	0.0	-0.32802101199416034	0.4688986019389022	0.6666666666666666	4	2	0	0							0	0	0.07508218823331825	0.8298621299529485	0.9998995945261049	1			0
S2_BCN12_AS_NR	s__Clostridium_SGB6179	OTHER_OR_INSUFFICIENT	7	0.16081436240785416	-0.21170802008623782	0.5333367449019462	0.33149143438298834	0.9914012814622465	10.604312263943914	-0.4508807937352476	0.772509518550956	0.5714285714285714	3	4	0	0	3	0.1475402451657189	0.47234782854957863	0.9980339935338073	24.424879401584327	0.6666666666666666	1	0	0.2658828317012412	0.5682989482652312	0.9998995945261049	1			0
S2_BCN12_AS_NR	s__Clostridium_butyricum	OTHER_OR_INSUFFICIENT	9	-0.1584892971300307	-0.4304320905261073	0.11345349626604592	0.2158323566916466	0.9914012814622465	11.742011563911232	-0.43734505262818235	0.12036645836812096	0.6666666666666666	3	6	0	1	5	-0.0941901081642724	0.5502512882865492	0.9980339935338073	27.727917805085987	0.6	1	0	-0.2807797642258316	0.3352061914103388	0.9998995945261049	1			0
S2_BCN12_AS_NR	s__Clostridium_fessum	CONSISTENT_NONSIGNIFICANT	9	0.14149173304248605	-0.1129239097337704	0.39590737581874247	0.23558744248234004	0.9914012814622465	0.0	-0.11939132036638359	0.4023747864513557	0.8888888888888888	8	1	0	0	5	0.10722285107168654	0.38395440689126276	0.9980339935338073	0.0	1.0	1	0	0.41307617856467144	0.13655638628112607	0.9998995945261049	1	0.29819104071444824	Frankel_US	0
S2_BCN12_AS_NR	s__Clostridium_paraputrificum	OTHER_OR_INSUFFICIENT	4	0.1465188968616704	-0.6772559195349394	0.9702937132582802	0.6109428621946246	0.9914012814622465	54.082273265072565	-1.824569828138735	2.117607621862076	0.5	2	2	0	0	3	0.06639458461582877	0.7783982127777838	0.9980339935338073	42.40551647087561	0.6666666666666666	1	0	0.4115507176903714	0.5336794835957985	0.9998995945261049	1	0.4043604804283545	Lee_PRIMM_UK	1
S2_BCN12_AS_NR	s__Clostridium_perfringens	OTHER_OR_INSUFFICIENT	3	0.19059275734263798	-0.5855781399884274	0.9667636546737035	0.4014953334398058	0.9914012814622465	0.0	-2.1015249107920027	2.4827104254772787	1.0	3	0	0	0	3	0.018046705152553136	0.9318813891974034	0.9980339935338073	29.009024552283176	0.6666666666666666	1	0	-0.14558647277822703	0.7688332549278112	0.9998995945261049	0			0
S2_BCN12_AS_NR	s__Clostridium_saudiense	OTHER_OR_INSUFFICIENT	7	-0.006045811593471185	-0.3301859930458332	0.31809436985889084	0.9650787437450354	0.9927638329902597	0.0	-0.34656844365445444	0.3344768204675121	0.5714285714285714	4	3	0	0	3	1.159258999985122e-05	0.9999374256899516	0.9999374256899516	0.0	0.6666666666666666	0	0	0.009122151651582575	0.9753768650355651	0.9998995945261049	0			0
S2_BCN12_AS_NR	s__Clostridium_scindens	OTHER_OR_INSUFFICIENT	7	0.06942590605563331	-0.21302009473745515	0.35187190684872177	0.569547298359148	0.9914012814622465	0.0	-0.2272952694280383	0.3661470815393049	0.5714285714285714	4	3	0	0	5	0.07488428979241941	0.5321515646035416	0.9980339935338073	0.0	0.6	1	0	0.14537308096893323	0.6346828723113795	0.9998995945261049	1			0
S2_BCN12_AS_NR	s__Clostridium_sp_1001270H_150608_G6	OTHER_OR_INSUFFICIENT	8	0.24199576739766723	-0.036589390071726374	0.5205809248670609	0.07905588009686514	0.9914012814622465	5.752941464371768	-0.06775846356459117	0.5517499983599257	0.625	5	3	0	0	5	0.20391997142398735	0.16516695686942653	0.9980339935338073	1.2728532771621135	0.6	1	0	0.5195607333315341	0.13820070440414145	0.9998995945261049	1	0.2554912432358417	Spencer_US	0
S2_BCN12_AS_NR	s__Clostridium_sp_1001270J_160509_D11	CONSISTENT_NONSIGNIFICANT	6	0.11261494748192154	-0.23574101749483	0.46097091245867305	0.44382916752132184	0.9914012814622465	0.0	-0.2636388646599222	0.48886875962376525	0.8333333333333334	5	1	0	0	3	0.08764946985589417	0.5726489259759223	0.9980339935338073	0.0	1.0	1	0	0.16465737639324335	0.6068915823762333	0.9998995945261049	1	0.24971636586544627	Lee_Manchester	0
S2_BCN12_AS_NR	s__Clostridium_sp_1001271st1_H5	OTHER_OR_INSUFFICIENT	3	-0.134267123187571	-0.9486840471971503	0.6801498008220084	0.5516536372992021	0.9914012814622465	11.265962570046467	-3.2223233539885476	2.9537891076134053	0.6666666666666666	1	2	0	0	3	-0.134267123187571	0.5516536372992021	0.9980339935338073	11.265962570046467	0.6666666666666666	1	0	-0.058312179802658536	0.9181489351151784	0.9998995945261049	1			0
S2_BCN12_AS_NR	s__Clostridium_sp_AF12_28	CONSISTENT_NONSIGNIFICANT	6	-0.04742282658873166	-0.4387526266703124	0.3439069734928491	0.767980894170382	0.9914012814622465	0.0	-0.587595999304785	0.4927503461273217	0.8333333333333334	1	5	0	0	4	-0.07497686866602958	0.6779460348033876	0.9980339935338073	38.907108412487915	0.75	1	0	-0.3867182665332535	0.40290488246877487	0.9998995945261049	1	0.23599134637189392	Spencer_US	1
S2_BCN12_AS_NR	s__Clostridium_sp_AF20_17LB	CONSISTENT_NONSIGNIFICANT	9	0.07343736901162473	-0.18042750926757745	0.3273022472908269	0.5234949586312282	0.9914012814622465	0.0	-0.18688091911158028	0.33375565713482974	0.8888888888888888	8	1	0	0	5	0.06158182818018264	0.6038987622215565	0.9980339935338073	0.0	0.8	1	0	0.2377476290107315	0.42317339410607746	0.9998995945261049	1	0.2184988172152547	Lee_PRIMM_UK	0
S2_BCN12_AS_NR	s__Clostridium_sp_AF27_2AA	OTHER_OR_INSUFFICIENT	6	-0.04843706061077061	-0.5714874238447182	0.47461330262317697	0.8212910884406128	0.9914012814622465	43.824004084193696	-1.1040022722126457	1.0071281509911043	0.6666666666666666	2	4	0	0	4	0.10772000217057155	0.6680600370609877	0.9980339935338073	50.443008693512716	0.5	0	0	-0.09234515793712741	0.8634918338149911	0.9998995945261049	1			0
S2_BCN12_AS_NR	s__Clostridium_sp_AF34_10BH	OTHER_OR_INSUFFICIENT	9	0.0604937017693636	-0.19390429515399182	0.314891698692719	0.5984171038046633	0.9914012814622465	0.0	-0.20037125720256554	0.3213586607412927	0.6666666666666666	6	3	0	0	5	0.04542705922696392	0.7191986925915821	0.9980339935338073	5.377187813462318	0.6	1	0	0.07888121876513395	0.7729816090564114	0.9998995945261049	1			0
S2_BCN12_AS_NR	s__Clostridium_sp_AF34_13	OTHER_OR_INSUFFICIENT	5	-0.14920954967245864	-0.591085461768298	0.29266636242338073	0.4015649179797717	0.9914012814622465	17.450557494393806	-0.8900658040392657	0.5916467046943485	0.6	2	3	0	0	4	-0.13297334630348784	0.44693013777855295	0.9980339935338073	33.37502595408739	0.5	1	0	-0.27858492455960215	0.6138303530740914	0.9998995945261049	1			0
S2_BCN12_AS_NR	s__Clostridium_sp_AF36_4	OTHER_OR_INSUFFICIENT	9	-0.11785230433066626	-0.42811776098693843	0.19241315232560588	0.4066037374656642	0.9914012814622465	23.171196217827	-0.7060344510531326	0.4703298423918	0.5555555555555556	5	4	0	1	5	-0.08272929751612551	0.551077111511377	0.9980339935338073	0.0	0.6	1	0	-0.08516769657539218	0.7652617682638704	0.9998995945261049	1			0
S2_BCN12_AS_NR	s__Clostridium_sp_AM22_11AC	OTHER_OR_INSUFFICIENT	9	0.06826410794011735	-0.21844213130147233	0.354970347181707	0.5979547085700027	0.9914012814622465	16.969154552477235	-0.3569196929468968	0.49344790882713147	0.5555555555555556	5	4	1	0	5	0.1425001103892387	0.5106031047903286	0.9980339935338073	55.659011607694744	0.6	1	0	0.13226139738544518	0.6500051844645143	0.9998995945261049	1			0
S2_BCN12_AS_NR	s__Clostridium_sp_AM33_3	OTHER_OR_INSUFFICIENT	7	0.07832499173138455	-0.29689617963981585	0.4535461631025849	0.6277505664209027	0.9914012814622465	23.745970142709524	-0.31586032730764413	0.4725103107704133	0.5714285714285714	4	3	0	1	5	0.03857166093910996	0.8113962576252377	0.9980339935338073	31.1435311716063	0.6	1	0	0.16987093617690865	0.6176532940562678	0.9998995945261049	1			0
S2_BCN12_AS_NR	s__Clostridium_sp_AM49_4BH	OTHER_OR_INSUFFICIENT	9	-0.035145348951663144	-0.31690130395929883	0.24661060605597251	0.7809301647397017	0.9914012814622465	17.851267844932885	-0.3240637229809472	0.2537730250776209	0.5555555555555556	5	4	0	1	5	-0.04918204438128438	0.6768778426536528	0.9980339935338073	0.0	0.6	1	0	-0.013873370225858455	0.9551581333656802	0.9998995945261049	1			0
S2_BCN12_AS_NR	s__Clostridium_sp_AT4	OTHER_OR_INSUFFICIENT	6	0.140015584729957	-0.25268569222930787	0.5327168616892219	0.40143510993414977	0.9914012814622465	13.785501430390381	-0.28413490306756495	0.564166072527479	0.6666666666666666	4	2	0	0	4	0.04485282085983863	0.7879313227508842	0.9980339935338073	0.0	0.5	1	0	0.27986451963979025	0.4402496811819055	0.9998995945261049	1			0
S2_BCN12_AS_NR	s__Clostridium_sp_Marseille_P3244	OTHER_OR_INSUFFICIENT	7	-0.020564495366255847	-0.3058288753007964	0.26469988456828475	0.8657861625389122	0.9914012814622465	0.0	-0.3202464942644786	0.27911750353196685	0.5714285714285714	3	4	0	0	4	0.013115542912438336	0.9154789385915533	0.9980339935338073	0.0	0.5	0	0	0.04049136452802057	0.8806559955959499	0.9998995945261049	0			0
S2_BCN12_AS_NR	s__Clostridium_sp_NSJ_42	OTHER_OR_INSUFFICIENT	5	0.2271358338909016	-0.1861700813093993	0.6404417490912026	0.20175207415294397	0.9914012814622465	0.0	-0.24660804885416784	0.700879716635971	0.8	4	1	0	0							0	0	0.2923890455537157	0.5339325075282559	0.9998995945261049	1	0.40385517996332254	Lee_Manchester	0
S2_BCN12_AS_NR	s__Clostridium_spiroforme	OTHER_OR_INSUFFICIENT	8	-0.019822622859294144	-0.3532056364717338	0.3135603907531455	0.8921476883572363	0.9914012814622465	30.903346293996627	-0.6306348074129683	0.59098956169438	0.5	4	4	0	0	5	-0.05919026778604238	0.6257824179991289	0.9980339935338073	4.336581573471135	0.6	1	0	-0.029975361843916824	0.9290829059202819	0.9998995945261049	1			0
S2_BCN12_AS_NR	s__Clostridium_symbiosum	OTHER_OR_INSUFFICIENT	8	-0.04262763581207441	-0.3135108083094148	0.228255536685266	0.7208203657850937	0.9914012814622465	0.0	-0.3229373914453644	0.23768211982121557	0.5	4	4	0	0	5	-0.09575611007560916	0.4314493811062701	0.9980339935338073	0.0	0.6	1	0	-0.06989279845475377	0.8028734896223796	0.9998995945261049	1			0
S2_BCN12_AS_NR	s__Collinsella_SGB14861	CONSISTENT_NONSIGNIFICANT	9	0.09697046923098254	-0.15779693523935992	0.35173787370132503	0.4056831410245282	0.9914012814622465	0.0	-0.16427328804243915	0.35821422650440427	0.7777777777777778	7	2	0	1	5	0.1073879518426673	0.38228292430790406	0.9980339935338073	0.0	1.0	1	0	0.3636236699680988	0.2555099956842651	0.9998995945261049	1	0.4863364298882081	Lee_Barcelona	0
S2_BCN12_AS_NR	s__Collinsella_SGB14987	CONSISTENT_NONSIGNIFICANT	5	0.17516117769533582	-0.22834889393902005	0.5786712493296917	0.2945355937132833	0.9914012814622465	0.0	-0.28735440949756497	0.6376767648882367	0.8	4	1	0	0	4	0.13735246999523326	0.43374090812487487	0.9980339935338073	0.0	0.75	1	0	0.5657378198389404	0.22170795311932243	0.9998995945261049	1	0.48920028671743315	Frankel_US	0
S2_BCN12_AS_NR	s__Collinsella_SGB15196	OTHER_OR_INSUFFICIENT	5	0.021161730806461387	-0.4060791639532575	0.44840262556618027	0.8972639842167863	0.9914012814622465	0.0	-0.46855485163505317	0.510878313247976	0.6	3	2	0	0							0	0	0.0777454563594165	0.869510295590524	0.9998995945261049	1			0
S2_BCN12_AS_NR	s__Collinsella_SGB4121	OTHER_OR_INSUFFICIENT	9	0.048224594728419154	-0.20574694385512104	0.3021961333119594	0.6730633194085115	0.9914012814622465	0.0	-0.21220306509049414	0.30865225454733247	0.5555555555555556	5	4	0	0	5	0.04490323959088724	0.7027733070751044	0.9980339935338073	0.0	0.6	1	0	0.07933080724935845	0.7398973626679494	0.9998995945261049	1			0
S2_BCN12_AS_NR	s__Collinsella_SGB62935	OTHER_OR_INSUFFICIENT	3	-0.0630570545229326	-0.8343467540475882	0.7082326450017229	0.7586196442962435	0.9914012814622465	0.0	-2.340760010948271	2.214645901902406	0.6666666666666666	1	2	0	0							0	0	-0.24760074369811125	0.5990121953458338	0.9998995945261049	1			0
S2_BCN12_AS_NR	s__Collinsella_aerofaciens	OTHER_OR_INSUFFICIENT	9	0.01119462981811405	-0.3009329249282504	0.3233221845644785	0.9361171625476057	0.9914012814622465	30.243001010121734	-0.37166011400869153	0.3940493736449196	0.5555555555555556	5	4	0	0	5	0.043395110556600724	0.7329562394363287	0.9980339935338073	14.246134019456283	0.6	1	0	0.17435049212341694	0.6480014520227242	0.9998995945261049	1			0
S2_BCN12_AS_NR	s__Collinsella_bouchesdurhonensis	CONSISTENT_NONSIGNIFICANT	5	0.12412124173793355	-0.2682006406355152	0.5164431241113823	0.4293250536668573	0.9914012814622465	0.0	-0.3255701008084169	0.573812584284284	0.8	4	1	0	0	3	0.13091476054011125	0.4231773253622502	0.9980339935338073	0.0	1.0	1	0	0.2799569826425116	0.49512671946143116	0.9998995945261049	1	0.4252783111155587	Lee_PRIMM_NL	0
S2_BCN12_AS_NR	s__Collinsella_intestinalis	OTHER_OR_INSUFFICIENT	3	0.03168840932141914	-0.7451991087513382	0.8085759273941765	0.8768470089162188	0.9914012814622465	0.0	-2.262545518325684	2.3259223369685227	0.6666666666666666	2	1	0	0	3	0.009914819837077912	0.946607269215964	0.9980339935338073	0.0	0.6666666666666666	1	0	-0.01813154497863317	0.9675371784596448	0.9998995945261049	0			0
S2_BCN12_AS_NR	s__Coprobacillus_cateniformis	OTHER_OR_INSUFFICIENT	7	-0.06278247870691672	-0.3777001417075371	0.25213518429370363	0.6429893613854446	0.9914012814622465	0.0	-0.39361647462886645	0.268051517215033	0.7142857142857143	2	5	0	0	4	-0.06815994156208705	0.6228543757515798	0.9980339935338073	0.0	0.75	1	0	0.021835128622135165	0.9429249432829202	0.9998995945261049	0			0
S2_BCN12_AS_NR	s__Coprobacter_fastidiosus	OTHER_OR_INSUFFICIENT	7	0.012031090835991203	-0.29562871535695184	0.3196908970289342	0.9268850932354167	0.9914012814622465	0.0	-0.31117822708435244	0.3352404087563348	0.5714285714285714	4	3	0	0	5	-0.05272675266003097	0.6555911638260798	0.9980339935338073	0.0	0.6	0	0	-0.04647831191321724	0.874463507140678	0.9998995945261049	0			0
S2_BCN12_AS_NR	s__Coprobacter_secundus	OTHER_OR_INSUFFICIENT	5	0.0565066169571694	-0.4102296533670435	0.5232428872813822	0.7536604208594189	0.9914012814622465	0.0	-0.4784807729893409	0.5914940069036797	0.6	2	3	0	0							0	0	-0.21388759223671572	0.6697313718748925	0.9998995945261049	0			0
S2_BCN12_AS_NR	s__Coprococcus_SGB4669	CONSISTENT_NONSIGNIFICANT	8	-0.09777282138320177	-0.3681556446272982	0.1726100018608947	0.42081221396112606	0.9914012814622465	0.0	-0.3775648158960342	0.18201917312963067	0.75	2	6	0	0	4	-0.08974901186791356	0.48793823115980234	0.9980339935338073	0.0	0.75	1	0	-0.08703270659986184	0.74435444232665	0.9998995945261049	1	0.22534196396282866	Spencer_US	0
S2_BCN12_AS_NR	s__Coprococcus_catus	OTHER_OR_INSUFFICIENT	9	0.05669970805409213	-0.19811295919229394	0.3115123753004782	0.6217322742975735	0.9914012814622465	0.0	-0.20459046243408552	0.3179898785422698	0.5555555555555556	5	4	0	0	5	0.08373651095586704	0.50366466306027	0.9980339935338073	0.0	0.6	1	0	0.12314199498977109	0.6422681736040522	0.9998995945261049	1			0
S2_BCN12_AS_NR	s__Coprococcus_comes	OTHER_OR_INSUFFICIENT	9	0.012320938940701525	-0.2924113368310933	0.31705321471249637	0.9280084843334444	0.9914012814622465	24.320378424175974	-0.514733121362784	0.5393749992441871	0.5555555555555556	4	5	0	0	5	-0.011958990406129267	0.9438609922443347	0.9980339935338073	40.75690715873711	0.6	0	0	0.249293477625632	0.4479300835665017	0.9998995945261049	1			0
S2_BCN12_AS_NR	s__Coprococcus_eutactus	OTHER_OR_INSUFFICIENT	7	0.10427812284957086	-0.2793723805170715	0.48792862621621325	0.530716141535678	0.9914012814622465	32.49639959393393	-0.5606838628911658	0.7692401085903074	0.5714285714285714	4	3	0	0	3	0.08672555283348553	0.5794894890834094	0.9980339935338073	16.21477581564294	0.6666666666666666	1	0	0.24757995046708864	0.5073927782909678	0.9998995945261049	1			0
S2_BCN12_AS_NR	s__Corynebacterium_durum	OTHER_OR_INSUFFICIENT	4	0.004045112869505491	-0.4909759523586126	0.49906617809762355	0.9808859693054943	0.9927638329902597	0.0	-0.6652210854501255	0.6733113111891365	0.75	1	3	0	0							0	0	0.09056642284145774	0.8186798550787107	0.9998995945261049	1	0.5313576314431556	Lee_PRIMM_NL	1
S2_BCN12_AS_NR	s__Cuneatibacter_caecimuris	OTHER_OR_INSUFFICIENT	3	-0.030099355513885612	-0.8049690403215631	0.7447703292937918	0.8826351799440239	0.9914012814622465	0.0	-2.3183744005513316	2.25817568952356	0.6666666666666666	1	2	0	0							0	0	-0.12071166543261724	0.7834008794112467	0.9998995945261049	1			0
S2_BCN12_AS_NR	s__Desulfovibrio_SGB5077	CONSISTENT_NONSIGNIFICANT	5	0.24186541629297173	-0.22779472616788235	0.7115255587538258	0.2259929184026417	0.9914012814622465	9.582103427615497	-0.5272246690584824	1.0109555016444258	0.8	4	1	1	0	5	0.1372772050595995	0.279615995341706	0.9980339935338073	0.0	0.8	1	0	0.5714532903160797	0.2132125645852395	0.9998995945261049	1	0.4107344050531497	Spencer_US	0
S2_BCN12_AS_NR	s__Desulfovibrio_desulfuricans	OTHER_OR_INSUFFICIENT	3	0.030029645323543443	-0.8462830126286502	0.9063423032757372	0.8963033356068051	0.9914012814622465	0.0	-2.5578176089076927	2.6178768995547794	0.6666666666666666	1	2	0	0	3	0.030029645323543443	0.8963033356068051	0.9980339935338073	0.0	0.6666666666666666	1	0	-0.11241509308359986	0.8365073824321206	0.9998995945261049	0			0
S2_BCN12_AS_NR	s__Desulfovibrio_fairfieldensis	OTHER_OR_INSUFFICIENT	5	0.007912727063045024	-0.36343843485691957	0.3792638889830096	0.9556620855978123	0.9927638329902597	0.0	-0.41774133428636934	0.4335667884124594	0.6	2	3	0	0	4	0.029800956660165502	0.8574335889605926	0.9980339935338073	0.0	0.5	1	0	0.13502310790128205	0.7555527258827601	0.9998995945261049	1			0
S2_BCN12_AS_NR	s__Desulfovibrio_piger	DOMAIN_SPECIFIC	6	-0.09248920630108552	-0.69939043892102	0.5144120263188491	0.7113855680997149	0.9914012814622465	53.17043349148862	-1.3545384461099992	1.169560033507828	0.5	3	3	0	1							0	0	0.1580898469836511	0.7145390188621671	0.9998995945261049	0	0.5395391069421567	Lee_Leeds	1
S2_BCN12_AS_NR	s__Dialister_invisus	OTHER_OR_INSUFFICIENT	8	0.03203339641301017	-0.23351587072942903	0.2975826635554494	0.7837107864162585	0.9914012814622465	0.0	-0.24275683700512352	0.30682362983114386	0.625	3	5	0	0	5	0.047286657532831136	0.7191994966759144	0.9980339935338073	4.601653817442369	0.6	1	0	0.20390251367514972	0.43288264434502177	0.9998995945261049	1			0
S2_BCN12_AS_NR	s__Dielma_fastidiosa	OTHER_OR_INSUFFICIENT	7	-0.09780960793297282	-0.44595838594690634	0.2503391700809607	0.5174822521800729	0.9914012814622465	16.962443298256424	-0.620443788296152	0.4248245724302064	0.7142857142857143	2	5	0	0	5	-0.12133844439627327	0.37179032593835004	0.9980339935338073	3.241393721177468	0.8	1	0	-0.17496980958701197	0.6273682963321051	0.9998995945261049	1			0
S2_BCN12_AS_NR	s__Dorea_formicigenerans	CONSISTENT_NONSIGNIFICANT	9	0.23032403330456816	-0.0244172980604275	0.48506536466956385	0.0705677754005844	0.9914012814622465	0.0	-0.030892987897701535	0.4915410545068378	1.0	9	0	0	0	5	0.2598427100587035	0.07749156877255665	0.9980339935338073	0.0	1.0	1	1	0.4815701793247217	0.13041943522204938	0.9998995945261049	1	0.28816661555596146	Spencer_US	0
S2_BCN12_AS_NR	s__Dorea_longicatena	OTHER_OR_INSUFFICIENT	9	0.039418644697805975	-0.2150602993268121	0.29389758872242405	0.7301824458564445	0.9914012814622465	0.0	-0.2215293191159461	0.30036660851155805	0.5555555555555556	5	4	0	0	5	0.06494264030804096	0.5852077218196006	0.9980339935338073	0.0	0.6	1	0	0.22799731671633566	0.43846217062205706	0.9998995945261049	1			0
S2_BCN12_AS_NR	s__Dorea_phocaeensis	OTHER_OR_INSUFFICIENT	3	-0.08541415351567291	-1.0953224261912589	0.924494119159913	0.7508003817263061	0.9914012814622465	18.444426019645846	-3.9822348983303284	3.811406591298983	0.6666666666666666	1	2	0	0	3	-0.08541415351567291	0.7508003817263061	0.9980339935338073	18.444426019645846	0.6666666666666666	1	0	-0.007146062265802947	0.9898322081358286	0.9998995945261049	1			0
S2_BCN12_AS_NR	s__Dorea_sp_AF24_7LB	OTHER_OR_INSUFFICIENT	7	0.039056975274452996	-0.3776801088914353	0.4557940594403413	0.8262323348223576	0.9914012814622465	33.62400218287226	-0.7079194351311562	0.7860333856800621	0.5714285714285714	3	4	0	0	3	0.07515820694921667	0.6244872355925959	0.9980339935338073	0.0	0.6666666666666666	1	0	-0.07203778565961012	0.847325504519769	0.9998995945261049	0			0
S2_BCN12_AS_NR	s__Dorea_sp_AF36_15AT	OTHER_OR_INSUFFICIENT	9	0.10889606240467774	-0.19692361626185	0.4147157410712055	0.4353620768852763	0.9914012814622465	25.78883728950262	-0.3229891813422927	0.5407813061516482	0.6666666666666666	6	3	1	0	5	0.09101451750780269	0.5736209067793401	0.9980339935338073	27.21366017281327	0.6	1	0	0.2417042745403182	0.40344152498284963	0.9998995945261049	1			0
S2_BCN12_AS_NR	s__Dysosmobacter_sp_BX15	OTHER_OR_INSUFFICIENT	9	0.11440036444890582	-0.15017009580086155	0.3789708246986732	0.34790776755933805	0.9914012814622465	6.963929533519722	-0.15689564843044967	0.38569637732826134	0.5555555555555556	5	4	0	0	5	0.0851011362910561	0.4810643405678901	0.9980339935338073	0.0	0.6	1	0	0.42772063058312865	0.1457183293646607	0.9998995945261049	1			0
S2_BCN12_AS_NR	s__Dysosmobacter_sp_NSJ_60	OTHER_OR_INSUFFICIENT	9	-0.09568313472715671	-0.3631924917794628	0.17182622232514932	0.4333799052883705	0.9914012814622465	4.485603248480866	-0.44822853294480425	0.2568622634904908	0.6666666666666666	3	6	0	1	5	-0.13057919672475668	0.4719894749346277	0.9980339935338073	41.15292549473033	0.6	1	0	-0.20828399600293768	0.47471075699257315	0.9998995945261049	1			0
S2_BCN12_AS_NR	s__Dysosmobacter_welbionis	OTHER_OR_INSUFFICIENT	9	0.010036884698143851	-0.3023100953517495	0.3223838647480372	0.9427496791798857	0.9914012814622465	14.70458954518063	-0.5924024181583014	0.6124761875545892	0.5555555555555556	5	4	1	0	5	0.05566141325764462	0.7643937228493621	0.9980339935338073	51.701609067298335	0.6	1	0	-0.0029191652806186933	0.9969099386032989	0.9998995945261049	0			0
S2_BCN12_AS_NR	s__Eggerthella_lenta	OTHER_OR_INSUFFICIENT	8	-0.08536220084670498	-0.3504244759287311	0.17970007423532114	0.4712199220050854	0.9914012814622465	0.0	-0.3596484951565298	0.18892409346311984	0.5	4	4	0	0	5	-0.027497019842644726	0.8140708186359396	0.9980339935338073	0.0	0.6	1	0	-0.060765660740603	0.838258595863639	0.9998995945261049	1			0
S2_BCN12_AS_NR	s__Eisenbergiella_massiliensis	DOMAIN_SPECIFIC	7	0.0816856065298426	-0.4377175707431764	0.6010887838028616	0.713640700145642	0.9914012814622465	63.64708640965699	-1.185827562606328	1.349198775666013	0.5714285714285714	3	4	1	0	5	0.09698740172411775	0.7571417739783914	0.9980339935338073	74.49574731683562	0.6	1	0	0.09245325048254213	0.840000640866276	0.9998995945261049	1	0.409050208246048	Frankel_US	1
S2_BCN12_AS_NR	s__Eisenbergiella_tayi	CONSISTENT_NONSIGNIFICANT	8	0.007145422062008729	-0.2576819663278822	0.2719728104518997	0.9509124174556012	0.9927638329902597	0.0	-0.2668978116310936	0.2811886557551111	0.75	2	6	0	0	5	0.028582059703073606	0.8069393835753357	0.9980339935338073	0.0	0.6	1	0	0.010746774045724463	0.9690735116594548	0.9998995945261049	1	0.2884810525999148	Lee_PRIMM_UK	1
S2_BCN12_AS_NR	s__Ellagibacter_isourolithinifaciens	OTHER_OR_INSUFFICIENT	6	0.08780979972869866	-0.28246144112195004	0.4580810405793474	0.5687549513511039	0.9914012814622465	0.0	-0.3121143579313127	0.48773395738871006	0.6666666666666666	4	2	0	0							0	0	0.10974833376926364	0.7271317323354055	0.9998995945261049	1			0
S2_BCN12_AS_NR	s__Emergencia_timonensis	OTHER_OR_INSUFFICIENT	3	-0.02974099939136595	-1.6024538685213199	1.542971869738588	0.9425606124870312	0.9914012814622465	73.99490888102551	-8.31542062933423	8.255938630551498	0.6666666666666666	2	1	0	1	3	-0.02974099939136595	0.9425606124870312	0.9980339935338073	73.99490888102551	0.6666666666666666	1	0	0.012319070614939679	0.9890252079497154	0.9998995945261049	0			0
S2_BCN12_AS_NR	s__Enterocloster_SGB14313	OTHER_OR_INSUFFICIENT	5	0.20262430125784306	-0.23120797956871816	0.6364565820844043	0.26446112674739647	0.9914012814622465	0.648157932509773	-0.388885277716556	0.7941338802322421	0.8	4	1	1	0							0	0	0.5811736500452862	0.20159741036704268	0.9998995945261049	1	0.42684792614218015	Lee_PRIMM_NL	0
S2_BCN12_AS_NR	s__Enterocloster_aldenensis	CONSISTENT_NONSIGNIFICANT	7	-0.06865874644483565	-0.37682340052840463	0.2395059076387333	0.6052939755710173	0.9914012814622465	0.0	-0.39239842790819796	0.25508093501852663	0.8571428571428571	1	6	0	0	5	-0.06172685728185913	0.6030157199508221	0.9980339935338073	0.0	1.0	1	0	-0.15337359114394641	0.6027995414208935	0.9998995945261049	1	0.36588788188312876	Lee_Leeds	0
S2_BCN12_AS_NR	s__Enterocloster_asparagiformis	OTHER_OR_INSUFFICIENT	4	-0.2126584399059231	-0.8189026142099705	0.3935857343981242	0.3456361250632253	0.9914012814622465	33.122798258221195	-1.0861715294805057	0.6608546496686594	0.75	1	3	0	1	4	-0.2126584399059231	0.3456361250632253	0.9980339935338073	33.122798258221195	0.75	1	0	-0.529671727297618	0.39170840805986734	0.9998995945261049	1	0.6739748902108833	Frankel_US	0
S2_BCN12_AS_NR	s__Enterocloster_bolteae	CONSISTENT_NONSIGNIFICANT	9	-0.18870532238057022	-0.44387197782031085	0.06646133305917043	0.12651879124356177	0.9914012814622465	0.0	-0.4503584796643081	0.07294783490316761	0.7777777777777778	2	7	0	1	5	-0.1972264210114835	0.14671618868026698	0.9980339935338073	0.0	1.0	1	0	-0.5040247364080082	0.1538144336131166	0.9998995945261049	1	0.28571883778704243	Lee_PRIMM_UK	0
S2_BCN12_AS_NR	s__Enterocloster_citroniae	OTHER_OR_INSUFFICIENT	7	-0.01784748703694596	-0.35632456527792855	0.32062959120403667	0.9015560563540849	0.9914012814622465	16.345407014807233	-0.37343162054267237	0.3377366464687805	0.5714285714285714	4	3	0	0	5	0.0019378432402502126	0.9867381679563224	0.9980339935338073	0.0	0.6	0	0	-0.03388136357100142	0.9321376978090331	0.9998995945261049	1			0
S2_BCN12_AS_NR	s__Enterocloster_clostridioformis	OTHER_OR_INSUFFICIENT	6	-0.10119084651133234	-0.4369760704149078	0.23459437739224318	0.47356276105621853	0.9914012814622465	0.0	-0.4638671984365009	0.2614855054138362	0.6666666666666666	2	4	0	0	5	-0.09552094431014638	0.43265196849806103	0.9980339935338073	0.0	0.8	1	0	-0.27752491361276616	0.3702148964701595	0.9998995945261049	1			0
S2_BCN12_AS_NR	s__Enterocloster_lavalensis	OTHER_OR_INSUFFICIENT	7	-0.001412049101078942	-0.3462921648574746	0.3434680666553167	0.9923313813994431	0.9927638329902597	12.02617530323514	-0.5239602915154434	0.5211361933132855	0.5714285714285714	3	4	0	0	5	-0.019372928684829833	0.8682995537055225	0.9980339935338073	0.0	0.8	1	0	-0.02892620693776087	0.9282718814416757	0.9998995945261049	1			0
S2_BCN12_AS_NR	s__Enterococcus_SGB6173	OTHER_OR_INSUFFICIENT	4	0.20271378577408236	-0.36757615876809857	0.7730037303162633	0.34021689672799943	0.9914012814622465	0.0	-0.6156141610241863	1.021041732572351	0.75	3	1	0	0							0	0	0.5057804802788278	0.21757141844778186	0.9998995945261049	1	0.6349038470914267	Lee_PRIMM_UK	0
S2_BCN12_AS_NR	s__Enterococcus_faecalis	OTHER_OR_INSUFFICIENT	5	0.11100293841384644	-0.4109792326181434	0.6329851094458363	0.5866469751347617	0.9914012814622465	40.51733304445948	-0.933890386929557	1.1558962637572499	0.6	3	2	1	0	3	0.17212655866289217	0.5428580781139777	0.9980339935338073	56.532290424721424	0.6666666666666666	1	0	0.29966330024198146	0.4291818316815472	0.9998995945261049	1			0
S2_BCN12_AS_NR	s__Erysipelatoclostridium_ramosum	CONSISTENT_NONSIGNIFICANT	8	-0.14483625369405265	-0.4108352356790438	0.12116272829093847	0.23883865052864098	0.9914012814622465	0.0	-0.42009185186689924	0.1304193444787939	0.75	2	6	0	0	5	-0.12534660407884723	0.3164706453229576	0.9980339935338073	0.0	0.8	1	0	-0.1629864642039759	0.5435285207933561	0.9998995945261049	1	0.3689804600380151	Lee_Leeds	0
S2_BCN12_AS_NR	s__Escherichia_coli	OTHER_OR_INSUFFICIENT	9	-0.06963645559362837	-0.36152621410109437	0.22225330291383766	0.5972402026484461	0.9914012814622465	19.644789915327298	-0.49076330330047585	0.35149039211321914	0.5555555555555556	5	4	0	0	5	-0.08164414497619124	0.5758832239802681	0.9980339935338073	32.88325426666764	0.6	1	0	-0.1967013813726877	0.5036596838357712	0.9998995945261049	1			0
S2_BCN12_AS_NR	s__Eubacterium_SGB4671	OTHER_OR_INSUFFICIENT	3	0.14091559707510826	-0.7359334938263866	1.0177646879766031	0.5607528597480599	0.9914012814622465	0.0	-2.4485158024066975	2.730346996556914	0.6666666666666666	2	1	0	0							0	0	0.5705105021515583	0.3118762439067116	0.9998995945261049	1			0
S2_BCN12_AS_NR	s__Eubacterium_SGB6276	OTHER_OR_INSUFFICIENT	6	0.08483865355534763	-0.34015628205818016	0.5098335891688754	0.6297094106399572	0.9914012814622465	20.54338761166015	-0.6213185830934209	0.7909958902041161	0.5	3	3	0	0	3	0.1393636805339918	0.6243045082818465	0.9980339935338073	53.601352454477954	0.6666666666666666	1	0	0.006591089680932331	0.987749257752592	0.9998995945261049	1			0
S2_BCN12_AS_NR	s__Eubacterium_callanderi	OTHER_OR_INSUFFICIENT	3	0.06292318357661916	-0.8112219559955082	0.9370683231487466	0.786068035309929	0.9914012814622465	0.0	-2.518523151472137	2.6443695186253757	0.6666666666666666	1	2	0	0	3	0.05495981661811411	0.7156495074904221	0.9980339935338073	0.0	0.6666666666666666	1	0	0.13803227803100485	0.746992565459655	0.9998995945261049	1			0
S2_BCN12_AS_NR	s__Eubacterium_ramulus	OTHER_OR_INSUFFICIENT	9	-0.0058847493634545545	-0.2597522572351103	0.24798275850820117	0.95868084781216	0.9927638329902597	0.0	-0.26620573391731794	0.2544362351904088	0.5555555555555556	4	5	0	0	5	0.005912043767915656	0.9595426432769899	0.9980339935338073	0.0	0.6	0	0	0.01780464865202235	0.9400037967375577	0.9998995945261049	0			0
S2_BCN12_AS_NR	s__Eubacterium_sp_AF16_48	CONSISTENT_NONSIGNIFICANT	8	-0.20819765765619658	-0.47964529425091035	0.06324997893851719	0.11261231620588166	0.9914012814622465	0.0	-0.4890915204213619	0.07269620510896874	0.75	2	6	0	0	4	-0.21621024058287094	0.1544342723113266	0.9980339935338073	0.0	0.75	1	0	-0.4059841504183331	0.17771371176416653	0.9998995945261049	1	0.3501316558318164	Spencer_US	0
S2_BCN12_AS_NR	s__Eubacterium_sp_AF34_35BH	OTHER_OR_INSUFFICIENT	6	0.1154217843171174	-0.1989573209321468	0.4298008895663816	0.3886218773243304	0.9914012814622465	0.0	-0.22413415484340504	0.4549777234776399	0.6666666666666666	4	2	0	0	4	0.1489585164008465	0.29492632827670023	0.9980339935338073	5.923213473968928	0.75	1	0	0.6062637983473381	0.17601745762788612	0.9998995945261049	1			0
S2_BCN12_AS_NR	s__Eubacterium_ventriosum	OTHER_OR_INSUFFICIENT	9	0.12465712867999658	-0.12972870066937525	0.3790429580293684	0.29120929323211686	0.9914012814622465	0.0	-0.13619535341170708	0.3855096107717002	0.5555555555555556	5	4	0	0	5	0.09277049830909788	0.44542293578629966	0.9980339935338073	0.0	0.6	1	0	0.37378746139830504	0.1925714109343153	0.9998995945261049	1			0
S2_BCN12_AS_NR	s__Faecalibacillus_faecis	OTHER_OR_INSUFFICIENT	6	0.14729615744987065	-0.21761181538351929	0.5122041302832606	0.3469971236591013	0.9914012814622465	8.001997506261217	-0.24683521867590122	0.5414275335756426	0.6666666666666666	4	2	0	0	3	0.19509798691683863	0.3324735492445796	0.9980339935338073	0.0	1.0	1	0	0.17195758359378382	0.6207461927550938	0.9998995945261049	1			0
S2_BCN12_AS_NR	s__Faecalibacillus_intestinalis	CONSISTENT_NONSIGNIFICANT	9	0.28282697150595215	0.0273473284840392	0.5383066145278651	0.034023636458113946	0.9914012814622465	0.0	0.020852870244697064	0.5448010727672072	0.7777777777777778	7	2	0	0	5	0.30139284523531945	0.052327038644152966	0.9980339935338073	0.0	0.8	1	1	0.7580742081335038	0.016509956992068874	0.9998995945261049	1	0.22639327663510392	Matson_US	0
S2_BCN12_AS_NR	s__Faecalibacterium_SGB15315	OTHER_OR_INSUFFICIENT	9	-0.010332991221989668	-0.3020441725025657	0.2813781900585864	0.9369052495556305	0.9914012814622465	23.32698461260117	-0.3094596597798894	0.28879367733591005	0.5555555555555556	5	4	0	0	5	0.047248359957635815	0.7581424639914016	0.9980339935338073	30.992407420944225	0.8	0	0	0.046417368952215335	0.8547772800550182	0.9998995945261049	0			0
S2_BCN12_AS_NR	s__Faecalibacterium_SGB15346	CONSISTENT_NONSIGNIFICANT	9	0.16945703904476708	-0.08495708013283013	0.4238711582223643	0.1631005856593077	0.9914012814622465	0.0	-0.0914244520482507	0.4303385301377849	0.7777777777777778	7	2	0	0	5	0.18463919054236327	0.1679684369349641	0.9980339935338073	0.0	1.0	1	0	0.3841050916589471	0.15660695971867644	0.9998995945261049	1	0.22380088650474103	Spencer_US	0
S2_BCN12_AS_NR	s__Faecalibacterium_prausnitzii	OTHER_OR_INSUFFICIENT	9	0.1303908329957533	-0.12409056338366067	0.3848722293751673	0.27131520992629365	0.9914012814622465	0.0	-0.13055964553922314	0.3913413115307297	0.5555555555555556	5	4	0	0	5	0.15552048348717698	0.22921829007951933	0.9980339935338073	0.0	0.8	1	0	0.427650427021973	0.4133892144893739	0.9998995945261049	1			0
S2_BCN12_AS_NR	s__Faecalicatena_contorta	CONSISTENT_NONSIGNIFICANT	5	0.27453586154817655	-0.11964046108094245	0.6687121841772956	0.1252757485488864	0.9914012814622465	0.0	-0.17728109716494317	0.7263528202612963	1.0	5	0	0	0	3	0.2747917051189746	0.17192278606540595	0.9980339935338073	0.0	1.0	1	0	0.6111648781552192	0.14328860998695356	0.9998995945261049	1	0.41821005360303737	Lee_PRIMM_NL	0
S2_BCN12_AS_NR	s__Faecalicatena_fissicatena	OTHER_OR_INSUFFICIENT	9	0.003575647594576006	-0.2505420562473337	0.25769335143648575	0.9749101991230558	0.9927638329902597	0.0	-0.25700189307222754	0.26415318826137957	0.5555555555555556	4	5	0	0	5	0.01159634560465187	0.9208183353117176	0.9980339935338073	0.0	0.6	1	0	0.06811262963712748	0.783480105824313	0.9998995945261049	1			0
S2_BCN12_AS_NR	s__Faecalimonas_umbilicata	OTHER_OR_INSUFFICIENT	6	0.025557122911960287	-0.3783736072208447	0.4294878530447652	0.8771681028691839	0.9914012814622465	29.397813539796246	-0.6387388203709601	0.6898530661948807	0.6666666666666666	2	4	0	0	5	0.009881867115440153	0.9380460407094059	0.9980339935338073	14.504408149215806	0.6	1	0	0.12612132078292704	0.7853455336552427	0.9998995945261049	1			0
S2_BCN12_AS_NR	s__Flavonifractor_plautii	OTHER_OR_INSUFFICIENT	9	-0.03260729978132328	-0.2874362154572436	0.22222161589459707	0.7754525278696188	0.9914012814622465	0.0	-0.2939141317644111	0.22869953220176456	0.5555555555555556	4	5	0	0	5	-0.053554554822578905	0.6506417949866572	0.9980339935338073	0.0	0.8	1	0	0.032184939763172334	0.9287262996061765	0.9998995945261049	0			0
S2_BCN12_AS_NR	s__Flavonifractor_sp_An100	OTHER_OR_INSUFFICIENT	3	0.46386034177190294	-0.25110960926793213	1.178830292811738	0.1079461480206772	0.9914012814622465	0.0	-1.6475242282421128	2.5752449117859184	1.0	3	0	1	0	3	0.46386034177190294	0.1079461480206772	0.9980339935338073	0.0	1.0	1	0	1.3516868513892513	0.18107561750020715	0.9998995945261049	1			0
S2_BCN12_AS_NR	s__Fusicatenibacter_saccharivorans	CONSISTENT_NONSIGNIFICANT	9	0.20451464363546681	-0.05021482303471694	0.4592441103056506	0.10125549714665508	0.9914012814622465	0.0	-0.056690211277946295	0.46571949854887995	0.7777777777777778	7	2	0	0	5	0.20673365782959557	0.13290755720549607	0.9980339935338073	0.0	0.8	1	0	0.7065270248584843	0.21946023141703988	0.9998995945261049	1	0.26952475539604553	Lee_PRIMM_UK	0
S2_BCN12_AS_NR	s__GGB10485_SGB49305	OTHER_OR_INSUFFICIENT	4	-0.06179710450689701	-0.567978476239573	0.44438426722577895	0.7235574043375524	0.9914012814622465	0.0	-0.7461519856154225	0.6225577766016285	0.5	2	2	0	0							0	0	-0.06813576190169449	0.8718555284963341	0.9998995945261049	1			0
S2_BCN12_AS_NR	s__GGB10692_SGB17347	OTHER_OR_INSUFFICIENT	4	0.13749063000123937	-0.3573315329895568	0.6323127929920356	0.44167345144490044	0.9914012814622465	0.0	-0.5315066534131634	0.8064879134156422	1.0	4	0	0	0							0	0	0.6720753862542993	0.21004898881081877	0.9998995945261049	1	0.37579611058914747	Lee_PRIMM_NL	0
S2_BCN12_AS_NR	s__GGB1266_SGB1699	OTHER_OR_INSUFFICIENT	6	0.08820469705470182	-0.23138926001682938	0.40779865412623306	0.5097460977270035	0.9914012814622465	0.0	-0.25698372169370953	0.43339311580311324	0.6666666666666666	4	2	0	0	3	0.08893893994311969	0.5618528120164523	0.9980339935338073	0.0	0.6666666666666666	1	0	0.2625419931508705	0.4705565038545997	0.9998995945261049	1			0
S2_BCN12_AS_NR	s__GGB14025_SGB14906	CONSISTENT_NONSIGNIFICANT	6	0.27436475864128057	-0.07536772549264803	0.6240972427752092	0.09979984710299922	0.9914012814622465	0.0	-0.10337581023158804	0.6521053275141492	1.0	6	0	0	0	3	0.215071137696607	0.2431410493626286	0.9980339935338073	0.0	1.0	1	0	0.440473508814655	0.21749590832651344	0.9998995945261049	1	0.42386190748602126	Lee_Manchester	0
S2_BCN12_AS_NR	s__GGB1495_SGB2071	OTHER_OR_INSUFFICIENT	3	-0.3428931431878751	-1.263814681053204	0.5780283946774539	0.25031347388714986	0.9914012814622465	0.0	-3.431241701106005	2.745455414730255	1.0	0	3	0	1							0	0	-0.6003092429120089	0.3306014841790912	0.9998995945261049	1			0
S2_BCN12_AS_NR	s__GGB16040_SGB9347	OTHER_OR_INSUFFICIENT	6	0.08847308187838189	-0.24882124900475194	0.4257674127615157	0.530050866418065	0.9914012814622465	11.054176038421549	-0.2758332328059716	0.45277939656273536	0.6666666666666666	2	4	1	0	4	0.1436525208290489	0.47706267039612377	0.9980339935338073	43.59742029535323	0.75	1	0	0.1519680543806604	0.7059888162189791	0.9998995945261049	1			0
S2_BCN12_AS_NR	s__GGB2653_SGB3574	OTHER_OR_INSUFFICIENT	9	0.052941986985094364	-0.201563279705287	0.30744725367547576	0.6442854789344381	0.9914012814622465	0.0	-0.20803296862040474	0.31391694259059344	0.5555555555555556	5	4	1	0	5	0.04761166624073578	0.6860532672605455	0.9980339935338073	0.0	0.8	1	0	0.1646682222492622	0.5322362206854692	0.9998995945261049	1			0
S2_BCN12_AS_NR	s__GGB2848_SGB3813	OTHER_OR_INSUFFICIENT	8	-0.04167368437867902	-0.3260608331724084	0.24271346441505037	0.7391429192502382	0.9914012814622465	0.0	-0.3359573471013665	0.25260997834400845	0.625	5	3	0	0	5	-0.04909232599590698	0.6776608791503417	0.9980339935338073	0.0	0.6	1	0	-0.18660496172340593	0.5044431735873525	0.9998995945261049	1			0
S2_BCN12_AS_NR	s__GGB2970_SGB3952	OTHER_OR_INSUFFICIENT	8	0.09091785746617514	-0.17978587073441943	0.3616215856667697	0.45317031783830897	0.9914012814622465	0.0	-0.18920620930820792	0.3710419242405582	0.625	5	3	0	0	5	0.06989184013863764	0.5583825396683828	0.9980339935338073	0.0	0.6	1	0	0.3063148983329486	0.35183414097008425	0.9998995945261049	1			0
S2_BCN12_AS_NR	s__GGB2977_SGB3959	OTHER_OR_INSUFFICIENT	6	0.015201348788598022	-0.35382161498060793	0.384224312557804	0.9197857366550791	0.9914012814622465	0.0	-0.3833745643840505	0.41377726196124653	0.6666666666666666	4	2	0	0							0	0	0.06375440939975126	0.8411918034567536	0.9998995945261049	1			0
S2_BCN12_AS_NR	s__GGB2980_SGB3962	OTHER_OR_INSUFFICIENT	6	0.048243753082949516	-0.3223315141259071	0.4188190202918062	0.7514680923105632	0.9914012814622465	10.923147927146157	-0.3520087787165428	0.44849628488244186	0.6666666666666666	2	4	1	0	3	0.09314701798191186	0.5510736718331991	0.9980339935338073	0.0	0.6666666666666666	1	0	0.014826511815940276	0.9571970986693424	0.9998995945261049	1			0
S2_BCN12_AS_NR	s__GGB2987_SGB3969	OTHER_OR_INSUFFICIENT	5	-0.05342698385334083	-0.48579970031045516	0.3789457326037735	0.7488128392942762	0.9914012814622465	0.0	-0.5490258173304218	0.44217184962374007	0.6	2	3	0	0	3	-0.07728085179952295	0.6154226235035081	0.9980339935338073	0.0	0.6666666666666666	1	0	0.020405105207942798	0.9515861646124201	0.9998995945261049	0			0
S2_BCN12_AS_NR	s__GGB2998_SGB3988	OTHER_OR_INSUFFICIENT	9	-0.0076124445320533245	-0.26192662493933766	0.246701735875231	0.9466629564865133	0.9914012814622465	0.0	-0.2683914563261249	0.2531665672620182	0.5555555555555556	4	5	0	0	5	-0.057330036665685154	0.6283396966139785	0.9980339935338073	0.0	0.6	1	0	0.06549392590817107	0.8200507154783585	0.9998995945261049	0			0
S2_BCN12_AS_NR	s__GGB3000_SGB3991	OTHER_OR_INSUFFICIENT	6	-0.04824550840003191	-0.36793818389796223	0.27144716709789846	0.7140323585996207	0.9914012814622465	0.0	-0.39354055138557237	0.2970495345855086	0.5	3	3	0	0	3	-0.04539429379026324	0.7432614228122097	0.9980339935338073	0.0	0.6666666666666666	1	0	-0.20187895579899304	0.5651426315554144	0.9998995945261049	1			0
S2_BCN12_AS_NR	s__GGB3005_SGB3996	STRONG_DIRECTION_REVERSAL	9	-0.021019116833056847	-0.3457553737063063	0.3037171400401926	0.8850425241534985	0.9914012814622465	31.520265835946493	-0.528401060524534	0.4863628268584203	0.5555555555555556	5	4	1	1	5	-0.060113997195749946	0.7140674723179175	0.9980339935338073	35.33554945214014	0.6	1	0	-0.051128368122626826	0.8465995077882807	0.9998995945261049	1			0
S2_BCN12_AS_NR	s__GGB3034_SGB4030	CONSISTENT_NONSIGNIFICANT	5	0.18579138765648937	-0.21529872224526111	0.5868814975582398	0.26780753191099327	0.9914012814622465	0.0	-0.2739503653428863	0.6455331406558651	0.8	4	1	0	0	3	0.1171536798128904	0.4723794744756376	0.9980339935338073	3.0465623890801403	0.6666666666666666	1	0	0.36843541431392024	0.33798329111617587	0.9998995945261049	1	0.3591004111321901	Lee_PRIMM_NL	0
S2_BCN12_AS_NR	s__GGB3057_SGB4059	OTHER_OR_INSUFFICIENT	3	-0.20002567591421055	-0.9089121331879451	0.5088607813595241	0.3486237956746011	0.9914012814622465	0.0	-2.293445023792357	1.8933936719639362	0.6666666666666666	1	2	0	0	3	-0.20002567591421055	0.3486237956746011	0.9980339935338073	0.0	0.6666666666666666	1	0	-0.4017330697957996	0.47047529564491275	0.9998995945261049	1			0
S2_BCN12_AS_NR	s__GGB3061_SGB4063	OTHER_OR_INSUFFICIENT	7	0.13070370131858983	-0.15561030812004	0.41701771075721966	0.30670630473173305	0.9914012814622465	0.0	-0.17008097667959204	0.4314883793167717	0.7142857142857143	5	2	0	0	5	0.1845290458209123	0.16846200672120373	0.9980339935338073	0.0	0.8	1	0	0.37450212448689224	0.2375727957755856	0.9998995945261049	1			0
S2_BCN12_AS_NR	s__GGB3109_SGB4119	OTHER_OR_INSUFFICIENT	4	0.09183662406648663	-0.42946509034947067	0.6131383384824439	0.614185629463344	0.9914012814622465	0.0	-0.61296089075889	0.7966341388918633	0.75	3	1	0	0	3	0.142749689313141	0.5562263217293667	0.9980339935338073	0.0	1.0	1	0	0.23227108510977654	0.5728819640061992	0.9998995945261049	1	0.8337421783779448	Gopalakrishnan_US	0
S2_BCN12_AS_NR	s__GGB31234_SGB14869	OTHER_OR_INSUFFICIENT	4	-0.10734521324355707	-0.6437157595214551	0.429025333034341	0.5694576036804246	0.9914012814622465	4.016726997446292	-0.8325157192511424	0.6178252927640283	0.5	2	2	0	0	3	-0.05099857577872235	0.7347577159225737	0.9980339935338073	0.0	0.6666666666666666	1	0	-0.01732605293743514	0.9679548159864906	0.9998995945261049	1			0
S2_BCN12_AS_NR	s__GGB3167_SGB4181	OTHER_OR_INSUFFICIENT	3	-0.15183445048068414	-0.8865743600599734	0.5829054590986051	0.46773767480870776	0.9914012814622465	0.0	-2.3216018740803106	2.017932973118942	0.6666666666666666	1	2	0	0	3	-0.019309116999771198	0.9101839921251441	0.9980339935338073	27.34078818779489	0.6666666666666666	1	0	-0.2159809036191749	0.6096895826200609	0.9998995945261049	1			0
S2_BCN12_AS_NR	s__GGB3175_SGB4191	OTHER_OR_INSUFFICIENT	7	-0.0486989512710494	-0.372604518493157	0.2752066159510582	0.7255837312193125	0.9914012814622465	0.0	-0.38897511132595997	0.2915772087838612	0.5714285714285714	3	4	0	0	3	-0.052603308433374456	0.7271482276367442	0.9980339935338073	0.0	0.6666666666666666	1	0	-0.06410300940228064	0.8340248565117119	0.9998995945261049	1			0
S2_BCN12_AS_NR	s__GGB3256_SGB4303	OTHER_OR_INSUFFICIENT	7	-0.0629032223273811	-0.3486042314446119	0.22279778678984968	0.6094571353047543	0.9914012814622465	0.0	-0.3630439182012562	0.237237473546494	0.5714285714285714	4	3	0	0	4	-0.06459064040473325	0.6099991369954437	0.9980339935338073	0.0	0.75	1	0	-0.12489662567068693	0.6566775679576675	0.9998995945261049	1			0
S2_BCN12_AS_NR	s__GGB3277_SGB4327	OTHER_OR_INSUFFICIENT	6	-0.1427178727664239	-0.5118933972292266	0.22645765169637871	0.3659722990609608	0.9914012814622465	0.0	-0.5414585643479822	0.25602281881513445	0.8333333333333334	1	5	0	0							0	0	-0.18879808800335926	0.5647911161579682	0.9998995945261049	1	0.3684109577094502	Lee_PRIMM_UK	0
S2_BCN12_AS_NR	s__GGB32900_SGB53446	OTHER_OR_INSUFFICIENT	6	0.20865105750819732	-0.2050972367581871	0.6223993517745817	0.2514661197322756	0.9914012814622465	34.83234580992447	-0.23823198348057514	0.6555340984969698	0.6666666666666666	4	2	1	0	5	0.22012560684915508	0.29480142372544044	0.9980339935338073	54.90187866032718	0.8	1	0	0.3242730650297782	0.4059780244926994	0.9998995945261049	1			0
S2_BCN12_AS_NR	s__GGB3304_SGB4367	CONSISTENT_NONSIGNIFICANT	6	0.07047190958687129	-0.24966188609110734	0.3906057052648499	0.5959334665085125	0.9914012814622465	0.0	-0.27529958037099567	0.4162433995447382	0.8333333333333334	5	1	0	0	3	0.05045074826212324	0.7330348413468364	0.9980339935338073	11.61188441831792	0.6666666666666666	1	0	0.13354078000407102	0.6649547077848719	0.9998995945261049	1	0.33515607536174497	Lee_PRIMM_UK	1
S2_BCN12_AS_NR	s__GGB33469_SGB15236	OTHER_OR_INSUFFICIENT	9	0.08468005178072137	-0.1701345090444834	0.3394946126059261	0.46548773218523465	0.9914012814622465	0.0	-0.17661206045616917	0.3459721640176119	0.5555555555555556	4	5	0	0	5	0.05628241325805322	0.6449782255058034	0.9980339935338073	5.849081446311419	0.6	1	0	0.1552098639763538	0.5784164748214268	0.9998995945261049	1			0
S2_BCN12_AS_NR	s__GGB33469_SGB15237	OTHER_OR_INSUFFICIENT	6	-0.0790577142184461	-0.4908051796131243	0.3326897511762321	0.6425266238188606	0.9914012814622465	6.9568255602145035	-0.6991862631390496	0.5410708347021574	0.6666666666666666	2	4	0	0							0	0	-0.19510696408873374	0.5780832752181014	0.9998995945261049	1			0
S2_BCN12_AS_NR	s__GGB33512_SGB15201	OTHER_OR_INSUFFICIENT	5	-0.09865657629574454	-0.47566437121481325	0.2783512186233242	0.5077393418046884	0.9914012814622465	0.0	-0.5307944432671665	0.3334812906756774	0.6	2	3	0	0	4	-0.051082294357075245	0.6839761895202546	0.9980339935338073	0.0	0.75	1	0	-0.1922484369912198	0.5590901898774426	0.9998995945261049	1			0
S2_BCN12_AS_NR	s__GGB33512_SGB15203	OTHER_OR_INSUFFICIENT	5	-0.12187243986717473	-0.5339879457573059	0.2902430660229564	0.45772667338869416	0.9914012814622465	0.0	-0.5942518389995992	0.3505069592652497	0.6	2	3	0	0							0	0	-0.1991748700501104	0.5744520788994367	0.9998995945261049	1			0
S2_BCN12_AS_NR	s__GGB33928_SGB15225	OTHER_OR_INSUFFICIENT	9	0.015214465044570498	-0.23936108151946708	0.2697900116086081	0.8937913663440796	0.9914012814622465	0.0	-0.24583255699441534	0.27626148708355636	0.5555555555555556	5	4	0	0	5	-0.0014598790839375577	0.9912963182771907	0.9980339935338073	23.72048157132575	0.6	0	0	-0.009709457469158958	0.9701038577421968	0.9998995945261049	0			0
S2_BCN12_AS_NR	s__GGB34228_SGB72916	OTHER_OR_INSUFFICIENT	4	-0.026828023167178226	-0.6950524063217786	0.6413963599874221	0.9064150010890528	0.9914012814622465	0.0	-0.9302643083020077	0.8766082619676512	0.5	2	2	0	0							0	0	-0.011455583750909453	0.9789984027594563	0.9998995945261049	1			0
S2_BCN12_AS_NR	s__GGB3444_SGB4594	CONSISTENT_NONSIGNIFICANT	5	-0.20843058233878325	-0.6144710561040827	0.19760989142651614	0.22722404700400287	0.9914012814622465	2.0415433592180836	-0.673846593917423	0.2569854292398564	0.8	1	4	0	1	3	-0.1859988754967734	0.29257552818415516	0.9980339935338073	0.0	0.6666666666666666	1	0	-0.34976411463839013	0.370648970751563	0.9998995945261049	1	0.5818171063029551	Matson_US	0
S2_BCN12_AS_NR	s__GGB3463_SGB4621	OTHER_OR_INSUFFICIENT	5	-0.18726178032145893	-0.7183734273547083	0.3438498667117905	0.38304163856840345	0.9914012814622465	40.17355534084039	-1.2030052543950138	0.828481693752096	0.6	2	3	0	1	3	-0.2615590144304599	0.5117742474525245	0.9980339935338073	71.47206863144892	0.6666666666666666	1	0	-0.3700432383254215	0.4863031775467998	0.9998995945261049	1			0
S2_BCN12_AS_NR	s__GGB3475_SGB4638	OTHER_OR_INSUFFICIENT	4	0.1308568906789167	-0.32135633158210725	0.5830701129399407	0.42501751830778184	0.9914012814622465	0.0	-0.48053330156029683	0.7422470829181302	0.75	3	1	0	0	3	0.152588618721807	0.5232139555385544	0.9980339935338073	20.69052596168602	0.6666666666666666	1	0	0.42754263077794835	0.36642791454035845	0.9998995945261049	1	0.37912756542350073	Spencer_US	0
S2_BCN12_AS_NR	s__GGB34797_SGB14322	OTHER_OR_INSUFFICIENT	7	-0.028912382955530426	-0.35187821797244845	0.29405345206138755	0.8338715787937266	0.9914012814622465	0.0	-0.3682013155092829	0.31037654959822203	0.7142857142857143	2	5	0	0	3	-0.002019896275768144	0.9891010503045436	0.9980339935338073	0.0	0.6666666666666666	1	0	-0.04248192983864194	0.8827947264409751	0.9998995945261049	1			0
S2_BCN12_AS_NR	s__GGB3486_SGB4658	OTHER_OR_INSUFFICIENT	3	-0.10971588685194622	-1.172114887331762	0.9526831136278694	0.7002497223600717	0.9914012814622465	0.0	-3.2470964900164168	3.0276647163125245	0.6666666666666666	1	2	0	0							0	0	-0.2950315163134343	0.5878299731541996	0.9998995945261049	1			0
S2_BCN12_AS_NR	s__GGB34900_SGB14891	OTHER_OR_INSUFFICIENT	7	0.037581202554917315	-0.27731897074611567	0.3524813758559503	0.7801036779395893	0.9914012814622465	0.0	-0.2932344197402319	0.36839682485006653	0.7142857142857143	5	2	0	0	4	0.0688456573495587	0.6192383390977416	0.9980339935338073	0.0	0.75	1	0	0.2805754098576939	0.34269311766772553	0.9998995945261049	1			0
S2_BCN12_AS_NR	s__GGB3499_SGB4674	OTHER_OR_INSUFFICIENT	3	0.10539581745481894	-0.6013997499666389	0.8121913848762768	0.5868493802042676	0.9914012814622465	0.0	-1.9818489036952578	2.1926405386048957	1.0	3	0	0	0	3	0.10539581745481894	0.5868493802042676	0.9980339935338073	0.0	1.0	1	0	0.5283787930468251	0.4056642922340117	0.9998995945261049	1			0
S2_BCN12_AS_NR	s__GGB35068_SGB47850	OTHER_OR_INSUFFICIENT	5	0.17952109017253237	-0.28313709385963115	0.6421792742046959	0.3419750329767454	0.9914012814622465	18.293404573632934	-0.43070542340120976	0.7897476037462745	0.6	3	2	0	0							0	0	0.4609283253515259	0.36997304196884995	0.9998995945261049	1			0
S2_BCN12_AS_NR	s__GGB3510_SGB4687	OTHER_OR_INSUFFICIENT	7	-0.026961799753511633	-0.3128792686226403	0.258955669115617	0.8251818775278835	0.9914012814622465	0.0	-0.3273298955146449	0.2734062960076216	0.5714285714285714	4	3	0	0	4	-0.06596458126894268	0.7124587367807821	0.9980339935338073	37.72430327753559	0.75	1	0	0.18196598868679983	0.5547294249840176	0.9998995945261049	0			0
S2_BCN12_AS_NR	s__GGB3513_SGB4691	OTHER_OR_INSUFFICIENT	3	-0.054996449134412935	-0.8905299412478831	0.7805370429790572	0.8036396629246859	0.9914012814622465	6.0240438114803165	-2.9669483855122776	2.856955487243452	0.6666666666666666	1	2	0	0							0	0	-0.06894051795478162	0.9057428345769322	0.9998995945261049	1			0
S2_BCN12_AS_NR	s__GGB3534_SGB4722	CONSISTENT_NONSIGNIFICANT	7	-0.08139498362789306	-0.3667529137937632	0.20396294653797709	0.5113349147948012	0.9914012814622465	0.0	-0.38117526091182624	0.21838529365604015	0.8571428571428571	1	6	0	0	5	-0.1045885501310588	0.3936194740312946	0.9980339935338073	0.0	1.0	1	0	-0.27804204433389823	0.4090694700307957	0.9998995945261049	1	0.31085299225686436	Lee_PRIMM_NL	0
S2_BCN12_AS_NR	s__GGB3537_SGB4727	OTHER_OR_INSUFFICIENT	7	0.07075550548236977	-0.2260738911573606	0.3675849021221001	0.5809556077361655	0.9914012814622465	0.0	-0.30197188063710956	0.44348289160184906	0.7142857142857143	5	2	0	0	4	0.03992138587187986	0.8243213452838615	0.9980339935338073	42.70682277513283	0.5	1	0	0.2045314562182114	0.5012305982701332	0.9998995945261049	1			0
S2_BCN12_AS_NR	s__GGB3569_SGB4776	OTHER_OR_INSUFFICIENT	3	0.015107053300680736	-0.7100110858724664	0.7402251924738279	0.9367411065393078	0.9914012814622465	0.0	-2.126246228751724	2.1564603353530853	0.6666666666666666	2	1	0	0							0	0	0.08634223871396855	0.8669325248201076	0.9998995945261049	1			0
S2_BCN12_AS_NR	s__GGB3570_SGB4777	OTHER_OR_INSUFFICIENT	5	0.14684802401502303	-0.2649678189832295	0.5586638670132755	0.3781969765118883	0.9914012814622465	0.0	-0.3251878923236029	0.6188839403536489	0.8	4	1	0	0							0	0	0.09157697945290205	0.7856082146298544	0.9998995945261049	1	0.5409315817984476	Lee_PRIMM_UK	0
S2_BCN12_AS_NR	s__GGB3602_SGB4574	OTHER_OR_INSUFFICIENT	4	0.0814565021492804	-0.4037795765483491	0.5666925808469099	0.6302319584623797	0.9914012814622465	0.0	-0.5745804395445391	0.7374934438430998	0.75	3	1	0	0	4	0.0814565021492804	0.6302319584623797	0.9980339935338073	0.0	0.75	1	0	0.07055768418003493	0.8599112904751091	0.9998995945261049	1	0.4232441194013742	Matson_US	0
S2_BCN12_AS_NR	s__GGB3612_SGB4882	OTHER_OR_INSUFFICIENT	7	-0.15143318314620605	-0.44374779403754194	0.14088142774512988	0.25190518721316263	0.9914012814622465	0.0	-0.4585217404488984	0.15565537415648625	0.7142857142857143	2	5	0	0	4	-0.16420162834695728	0.24509619174402206	0.9980339935338073	0.0	0.75	1	0	-0.4120527116781049	0.23265476290670647	0.9998995945261049	1			0
S2_BCN12_AS_NR	s__GGB3614_SGB4886	OTHER_OR_INSUFFICIENT	7	0.14759951126334928	-0.1438989200266694	0.439097942553368	0.2616174773236171	0.9914012814622465	0.0	-0.15863161572676035	0.45383063825345893	0.7142857142857143	5	2	0	0	4	0.1452088317373528	0.29925094782914835	0.9980339935338073	0.0	0.75	1	0	0.251389027915963	0.48050213314721235	0.9998995945261049	1			0
S2_BCN12_AS_NR	s__GGB3619_SGB4894	OTHER_OR_INSUFFICIENT	7	-0.008549263329984956	-0.30629941496823615	0.28920088830826624	0.9462715766642724	0.9914012814622465	0.0	-0.3213480803764503	0.3042495537164804	0.7142857142857143	2	5	0	0	3	-0.026767057047354353	0.8452550327774008	0.9980339935338073	0.0	0.6666666666666666	1	0	0.04838310407077821	0.8758618916309231	0.9998995945261049	0			0
S2_BCN12_AS_NR	s__GGB36267_SGB14177	OTHER_OR_INSUFFICIENT	5	-0.006350637389639215	-0.43911357049007904	0.42641229571080064	0.9694530777639944	0.9927638329902597	6.239024886878982	-0.502396749065734	0.4896954742864555	0.6	2	3	0	0	3	0.09495523530146603	0.6224002453441758	0.9980339935338073	0.0	0.6666666666666666	0	0	-0.13156651127790248	0.7300064628403612	0.9998995945261049	1			0
S2_BCN12_AS_NR	s__GGB3653_SGB4964	OTHER_OR_INSUFFICIENT	9	0.02645896579025219	-0.22935586973406535	0.28227380131456975	0.8174812838623364	0.9914012814622465	0.693387528771723	-0.23585884881434338	0.2887767803948478	0.5555555555555556	4	5	0	0	5	0.0237839674812684	0.8386544737575471	0.9980339935338073	0.0	0.6	1	0	0.07485610809153141	0.7826491693838933	0.9998995945261049	1			0
S2_BCN12_AS_NR	s__GGB3730_SGB5060	OTHER_OR_INSUFFICIENT	7	0.07980807351221837	-0.2562222493777001	0.4158383964021368	0.582297464233818	0.9914012814622465	20.67450285218711	-0.273205642592352	0.43282178961678874	0.5714285714285714	4	3	0	0	3	0.099099001053434	0.5608618045625203	0.9980339935338073	6.3406023255959285	0.6666666666666666	1	0	0.131394158433329	0.7046109422341311	0.9998995945261049	1			0
S2_BCN12_AS_NR	s__GGB3746_SGB5089	OTHER_OR_INSUFFICIENT	9	-0.01147181785696895	-0.2656420105186279	0.24269837480469003	0.9196677849985349	0.9914012814622465	0.0	-0.2721031816579244	0.24915954594398654	0.6666666666666666	3	6	0	0	5	-0.055371980930942095	0.6401412310061095	0.9980339935338073	0.0	0.6	1	0	-0.0006978762059612536	0.9976680967358936	0.9998995945261049	1			0
S2_BCN12_AS_NR	s__GGB3818_SGB5183	OTHER_OR_INSUFFICIENT	3	-0.2045234848771242	-0.9130624144317516	0.5040154446775031	0.340128380653005	0.9914012814622465	0.0	-2.296916545352111	1.8878695755978625	1.0	0	3	0	0	3	-0.2045234848771242	0.340128380653005	0.9980339935338073	0.0	1.0	1	0	-0.612589509119027	0.25236940169404193	0.9998995945261049	1			0
S2_BCN12_AS_NR	s__GGB3819_SGB5184	OTHER_OR_INSUFFICIENT	7	0.11445697323211651	-0.24921035229386684	0.47812429875809986	0.4704557552424803	0.9914012814622465	27.28151950496938	-0.2675905541246689	0.49650450058890194	0.7142857142857143	5	2	0	0	5	0.07636249154278058	0.6359820992915063	0.9980339935338073	33.35291156104746	0.6	1	0	0.30806340921280373	0.3121525394192002	0.9998995945261049	1			0
S2_BCN12_AS_NR	s__GGB38744_SGB14842	OTHER_OR_INSUFFICIENT	7	-0.1606026314601043	-0.4464921866181968	0.1252869236979882	0.2183879061926576	0.9914012814622465	0.0	-0.4609414027164407	0.13973613979623203	0.5714285714285714	3	4	0	0	4	-0.12623242925538056	0.3486934071893659	0.9980339935338073	0.0	0.75	1	0	-0.17121732295392714	0.5227144797128016	0.9998995945261049	1			0
S2_BCN12_AS_NR	s__GGB42378_SGB59548	OTHER_OR_INSUFFICIENT	3	0.18807613258798322	-1.1493393724503167	1.525491637626283	0.6066433494202214	0.9914012814622465	35.44489570289845	-5.382307265619171	5.758459530795137	0.6666666666666666	2	1	0	0	3	0.10668943138976046	0.6834462462029296	0.9980339935338073	43.3372696679586	0.6666666666666666	1	0	0.7496759553826091	0.2694441323635697	0.9998995945261049	1			0
S2_BCN12_AS_NR	s__GGB42389_SGB59559	OTHER_OR_INSUFFICIENT	5	0.07366430575948907	-0.3369509097613759	0.48427952128035406	0.6445592298644857	0.9914012814622465	0.0	-0.39699541464232274	0.5443240261613009	0.6	3	2	0	0							0	0	-0.003982332217172471	0.9923004102317953	0.9998995945261049	0			0
S2_BCN12_AS_NR	s__GGB42994_SGB4746	OTHER_OR_INSUFFICIENT	4	-0.10423023689959295	-0.7348295677558546	0.5263690939566686	0.6352824115007435	0.9914012814622465	34.82313256479832	-1.4178997481803557	1.20943927438117	0.5	2	2	0	1	4	-0.10423023689959295	0.6352824115007435	0.9980339935338073	34.82313256479832	0.5	1	0	-0.11081633063632661	0.7767989678107837	0.9998995945261049	1			0
S2_BCN12_AS_NR	s__GGB4456_SGB6141	OTHER_OR_INSUFFICIENT	5	0.15571087843199943	-0.36676732821725727	0.6781890850812562	0.45449150747955486	0.9914012814622465	32.5043773197146	-0.827964984810283	1.1393867416742818	0.6	2	3	0	0							0	0	0.2894468846857471	0.49608189416620807	0.9998995945261049	1			0
S2_BCN12_AS_NR	s__GGB45432_SGB63101	OTHER_OR_INSUFFICIENT	7	-0.08167118791521162	-0.4014231077598211	0.23808073192939788	0.5549851072560822	0.9914012814622465	19.535074560121675	-0.4175837701562405	0.25424139432581727	0.5714285714285714	3	4	0	1	4	-0.039136664342991706	0.7539075711227657	0.9980339935338073	0.0	0.5	1	0	-0.1986726601665087	0.5470184338766748	0.9998995945261049	1			0
S2_BCN12_AS_NR	s__GGB45491_SGB63163	CONSISTENT_NONSIGNIFICANT	6	-0.12607202038575618	-0.4744251627797169	0.22228112200820452	0.3949080746808772	0.9914012814622465	0.0	-0.5023227838916448	0.25017874312013233	0.8333333333333334	1	5	0	0	3	-0.08815365716237204	0.5708874293298787	0.9980339935338073	0.0	0.6666666666666666	1	0	-0.19309000398685897	0.5335739192932035	0.9998995945261049	1	0.28722138355624033	Frankel_US	0
S2_BCN12_AS_NR	s__GGB45495_SGB63167	DOMAIN_SPECIFIC	5	0.005064198461828188	-0.6392706929538498	0.649399089877506	0.9836353643279763	0.9927638329902597	53.50445785872435	-1.3924341832023448	1.4025625801260013	0.6	3	2	0	1							0	0	0.024394255001000398	0.9560891494451091	0.9998995945261049	1	0.4783868056446869	Lee_Manchester	1
S2_BCN12_AS_NR	s__GGB45497_SGB63169	OTHER_OR_INSUFFICIENT	6	-0.12250395821295919	-0.535469718292184	0.29046180186626563	0.4801401708137112	0.9914012814622465	19.96498079461377	-0.8341624601161789	0.5891545436902604	0.5	3	3	0	0	3	-0.09625295672964752	0.5653650515650188	0.9980339935338073	13.288975744584272	0.6666666666666666	1	0	-0.32709306969896845	0.3712882713527192	0.9998995945261049	1			0
S2_BCN12_AS_NR	s__GGB4566_SGB6305	OTHER_OR_INSUFFICIENT	7	-0.01623498018884707	-0.30509938927510827	0.27262942889741415	0.8951161916339011	0.9914012814622465	0.0	-0.31969895823172695	0.28722899785403283	0.5714285714285714	3	4	0	0	5	-0.013873964984570723	0.9053139832112658	0.9980339935338073	0.0	0.6	1	0	0.032730974885898136	0.9228209129742904	0.9998995945261049	0			0
S2_BCN12_AS_NR	s__GGB51441_SGB71759	OTHER_OR_INSUFFICIENT	6	0.17186937150941303	-0.1768743030285204	0.5206130460473465	0.26101399029885725	0.9914012814622465	0.0	-0.20480319963510094	0.548541942653927	0.6666666666666666	4	2	0	0	3	0.20015826652908117	0.2672188732122097	0.9980339935338073	0.0	0.6666666666666666	1	0	0.32135774743138373	0.28851533245676697	0.9998995945261049	1			0
S2_BCN12_AS_NR	s__GGB51510_SGB71883	OTHER_OR_INSUFFICIENT	4	-0.06428126062035001	-0.5489437966863986	0.42038127544569853	0.701381724648496	0.9914012814622465	0.0	-0.7195427753066427	0.5909802540659427	0.75	1	3	0	0	4	-0.06428126062035001	0.701381724648496	0.9980339935338073	0.0	0.75	1	0	-0.1504007330983626	0.7126677637167379	0.9998995945261049	1	0.39633919683435365	Spencer_US	1
S2_BCN12_AS_NR	s__GGB51647_SGB4348	STRONG_DIRECTION_REVERSAL	7	0.09273090021655404	-0.3352389905305543	0.5207007909636624	0.6150203894141368	0.9914012814622465	46.500567076375276	-0.4378004327780357	0.6232622332111438	0.7142857142857143	5	2	1	1	3	0.13339475719574753	0.6042356360152603	0.9980339935338073	53.71135008624116	0.6666666666666666	1	0	0.20050726252567572	0.536672289115123	0.9998995945261049	1			0
S2_BCN12_AS_NR	s__GGB51959_SGB72479	OTHER_OR_INSUFFICIENT	6	0.12820672807933328	-0.27574900396852087	0.5321624601271875	0.45168817202794626	0.9914012814622465	24.735919076253353	-0.30809952005602337	0.56451297621469	0.6666666666666666	4	2	0	0	3	0.16845319094332617	0.3278643657984269	0.9980339935338073	0.0	1.0	1	0	0.40590666360253597	0.30780935822555106	0.9998995945261049	1			0
S2_BCN12_AS_NR	s__GGB52106_SGB72838	OTHER_OR_INSUFFICIENT	7	-0.015388378817568354	-0.36194914431112934	0.3311723866759926	0.917022171409967	0.9914012814622465	1.175846128454069	-0.568450979347867	0.5376742217127303	0.7142857142857143	5	2	0	0	5	-0.03491660473630997	0.8139529772612801	0.9980339935338073	19.493652287640575	0.6	1	0	-0.024156508954813694	0.9432089559667329	0.9998995945261049	1			0
S2_BCN12_AS_NR	s__GGB52130_SGB14966	OTHER_OR_INSUFFICIENT	9	0.13869702484324237	-0.16596301542640302	0.44335706511288775	0.32448056809458414	0.9914012814622465	21.032167803597215	-0.4214363382227419	0.6988303879092266	0.5555555555555556	5	4	1	0	5	0.18570420615181024	0.3357350451574548	0.9980339935338073	45.23327137906132	0.6	1	0	0.2776488265630674	0.28742280032777257	0.9998995945261049	1			0
S2_BCN12_AS_NR	s__GGB55957_SGB77276	OTHER_OR_INSUFFICIENT	3	0.04765424475661074	-1.3362126863521882	1.4315211758654098	0.8958023166279058	0.9914012814622465	59.29473760905669	-6.733394927780204	6.8287034172934264	0.6666666666666666	2	1	0	0	3	0.04765424475661074	0.8958023166279058	0.9980339935338073	59.29473760905669	0.6666666666666666	1	0	0.23537114286174748	0.8535686934568216	0.9998995945261049	1			0
S2_BCN12_AS_NR	s__GGB58158_SGB79798	OTHER_OR_INSUFFICIENT	9	0.057446623093936715	-0.1964461722905811	0.31133941847845453	0.6159682050446577	0.9914012814622465	0.0	-0.20290029179234786	0.3177935379802213	0.5555555555555556	5	4	0	0	5	0.02820772925134939	0.8254314955642864	0.9980339935338073	0.0	0.6	1	0	0.08448059520948077	0.748976782481152	0.9998995945261049	1			0
S2_BCN12_AS_NR	s__GGB58233_SGB79883	OTHER_OR_INSUFFICIENT	7	-0.15484039815210882	-0.4708946492165352	0.16121385291231755	0.2758058470423536	0.9914012814622465	7.243309131924713	-0.5468186830472079	0.23713788674299024	0.5714285714285714	3	4	0	0	5	-0.05809174943503016	0.6243093330591106	0.9980339935338073	0.0	0.6	1	0	-0.23168638430377042	0.4607453322651817	0.9998995945261049	1			0
S2_BCN12_AS_NR	s__GGB74403_SGB53807	OTHER_OR_INSUFFICIENT	3	-0.04344986840819997	-0.751459036857635	0.6645593000412351	0.8164603755585313	0.9914012814622465	0.0	-2.134278486303145	2.0473787494867453	0.6666666666666666	1	2	0	0	3	-0.04344986840819997	0.8164603755585313	0.9980339935338073	0.0	0.6666666666666666	1	0	-0.10648569873598705	0.8624895262539668	0.9998995945261049	1			0
S2_BCN12_AS_NR	s__GGB74463_SGB54347	OTHER_OR_INSUFFICIENT	8	-0.044499463001586276	-0.3121958088814162	0.2231968828782436	0.7059610380802522	0.9914012814622465	0.0	-0.32151149223914643	0.2325125662359739	0.625	3	5	0	0	5	-0.06098342428465861	0.607866744343821	0.9980339935338073	0.0	0.6	1	0	-0.09934271929899822	0.7465097369183749	0.9998995945261049	1			0
S2_BCN12_AS_NR	s__GGB79630_SGB13983	OTHER_OR_INSUFFICIENT	5	0.03184474229389267	-0.3863756928879638	0.45006517747574915	0.8429031596502022	0.9914012814622465	0.0	-0.44753231346013184	0.5112217980479172	0.6	2	3	0	0	4	0.03132214599096128	0.8012248958503556	0.9980339935338073	0.0	0.5	1	0	0.008498530976484167	0.9851646087192263	0.9998995945261049	1			0
S2_BCN12_AS_NR	s__GGB79734_SGB15291	OTHER_OR_INSUFFICIENT	9	0.06525756760682198	-0.18924288262529404	0.31975801783893804	0.5706497691456069	0.9914012814622465	0.0	-0.1957124491048487	0.3262275843184927	0.5555555555555556	5	4	0	0	5	0.07586121142450164	0.5270582016031932	0.9980339935338073	0.0	0.6	1	0	0.24795467315075467	0.3685131281279316	0.9998995945261049	1			0
S2_BCN12_AS_NR	s__GGB80011_SGB15265	CONSISTENT_NONSIGNIFICANT	8	0.09851294202953334	-0.21237898126609014	0.40940486532515685	0.4781051754011794	0.9914012814622465	22.552236727260773	-0.37421605372034816	0.5712419377794148	0.75	6	2	0	0	5	0.0661956089509804	0.5789660337716455	0.9980339935338073	0.0	0.8	1	0	0.331824553009448	0.24707084776709728	0.9998995945261049	1	0.2457000727239941	Matson_US	0
S2_BCN12_AS_NR	s__GGB80011_SGB15267	OTHER_OR_INSUFFICIENT	4	-0.14320846712063698	-0.6388264315354808	0.3524094972942068	0.42561592918038904	0.9914012814622465	0.0	-0.8132816703952503	0.5268647361539764	0.75	1	3	0	0							0	0	-0.17866590450997266	0.6500404765633571	0.9998995945261049	1	0.2949901693082409	Lee_Manchester	0
S2_BCN12_AS_NR	s__GGB80140_SGB15224	CONSISTENT_NONSIGNIFICANT	8	0.13393150792530567	-0.1424979991185848	0.41036101496919614	0.28958335703909216	0.9914012814622465	0.0	-0.15211759164396965	0.419980607494581	0.75	6	2	0	0	4	0.11331147579489009	0.4005830899409351	0.9980339935338073	0.0	1.0	1	0	0.30470036012444907	0.2869360939831167	0.9998995945261049	1	0.36121999865163074	Lee_PRIMM_UK	0
S2_BCN12_AS_NR	s__GGB9062_SGB13981	OTHER_OR_INSUFFICIENT	5	-0.04482130348896787	-0.47439103246547154	0.38474842548753574	0.7864461942741812	0.9914012814622465	4.789264601604152	-0.5372072669221413	0.4475646599442056	0.6	2	3	0	1	3	0.056685183914651986	0.7629550698207217	0.9980339935338073	0.0	0.6666666666666666	0	0	-0.07658362778846457	0.8395037601863596	0.9998995945261049	1			0
S2_BCN12_AS_NR	s__GGB9063_SGB13982	CONSISTENT_NONSIGNIFICANT	6	-0.1988192912159606	-0.6566779562942296	0.25903937386230846	0.315069726003302	0.9914012814622465	28.20948137890133	-0.9910810905031753	0.5934425080712542	0.8333333333333334	1	5	0	0	5	-0.1731012269381761	0.24536437752465132	0.9980339935338073	25.228657681360072	0.8	1	0	-0.5369112272369693	0.2580856447995808	0.9998995945261049	1	0.3527098241871256	Matson_US	0
S2_BCN12_AS_NR	s__GGB9110_SGB14043	OTHER_OR_INSUFFICIENT	3	-0.0347719635933733	-0.9424902530868109	0.8729463259000643	0.8842370067890581	0.9914012814622465	0.0	-2.7153634869051295	2.645819559718383	0.6666666666666666	1	2	0	0							0	0	-0.3082050578123739	0.5775355351169601	0.9998995945261049	1			0
S2_BCN12_AS_NR	s__GGB9176_SGB14114	OTHER_OR_INSUFFICIENT	9	0.20400564388277548	-0.06771072235493708	0.47572201012048804	0.1216311208822073	0.9914012814622465	11.428105163103787	-0.07461792856369132	0.48262921632924227	0.6666666666666666	6	3	1	0	5	0.16457312793804932	0.2678347489197216	0.9980339935338073	10.964323277768894	0.8	1	0	0.3407309572941945	0.2995457502577471	0.9998995945261049	1	0.22526526815256154	Lee_PRIMM_NL	0
S2_BCN12_AS_NR	s__GGB9186_SGB14125	OTHER_OR_INSUFFICIENT	8	-0.0418868784494679	-0.3128727961021882	0.2290990392032524	0.7255292424134937	0.9914012814622465	0.0	-0.32230295470789383	0.238529197808958	0.5	4	4	0	0	4	-0.056040193481487116	0.687766993965457	0.9980339935338073	18.730563607442395	0.5	1	0	0.027258315958730676	0.9320827969710948	0.9998995945261049	0			0
S2_BCN12_AS_NR	s__GGB9210_SGB14149	OTHER_OR_INSUFFICIENT	3	0.10601224889828345	-0.6278364048429459	0.8398609026395127	0.5976356283599036	0.9914012814622465	0.0	-2.0611231986360647	2.273147696432632	1.0	3	0	0	0	3	0.10601224889828345	0.5976356283599036	0.9980339935338073	0.0	1.0	1	0	0.20879961337656477	0.6847775768214894	0.9998995945261049	1			0
S2_BCN12_AS_NR	s__GGB9237_SGB14179	OTHER_OR_INSUFFICIENT	7	-0.17212385553691373	-0.5286586865376584	0.18441097546383095	0.2821834293275954	0.9914012814622465	31.171654869728517	-0.8253945252659367	0.4811468141921093	0.7142857142857143	2	5	0	1	4	-0.20548963370420395	0.169291486309988	0.9980339935338073	0.0	1.0	1	0	-0.4398970417435418	0.21270749432207894	0.9998995945261049	1			0
S2_BCN12_AS_NR	s__GGB9240_SGB14182	OTHER_OR_INSUFFICIENT	6	-0.08897865330753069	-0.42990780931609573	0.25195050270103436	0.532027928651963	0.9914012814622465	0.0	-0.45721088556950495	0.2792535789544436	0.6666666666666666	2	4	0	0	4	-0.08376235953833568	0.515091789393427	0.9980339935338073	0.0	0.75	1	0	-0.060664306113197265	0.8629649889941748	0.9998995945261049	1			0
S2_BCN12_AS_NR	s__GGB9293_SGB14250	OTHER_OR_INSUFFICIENT	5	0.24998797769930794	-0.16305958515750277	0.6630355405561187	0.16817939460875792	0.9914012814622465	0.0	-0.2234597736315407	0.7234357290301566	0.6	3	2	0	0							0	0	0.6195423379186893	0.1337201127944005	0.9998995945261049	1	0.3186196280946835	Lee_PRIMM_UK	0
S2_BCN12_AS_NR	s__GGB9296_SGB14253	OTHER_OR_INSUFFICIENT	6	-0.04376599404885598	-0.4057005819567032	0.3181685938589913	0.768462519160207	0.9914012814622465	0.0	-0.43468586373016105	0.34715387563244915	0.6666666666666666	2	4	0	0	4	-0.02908447592995041	0.8147113745351986	0.9980339935338073	0.0	0.75	1	0	0.055290549859634885	0.8818268374480773	0.9998995945261049	0			0
S2_BCN12_AS_NR	s__GGB9342_SGB14306	OTHER_OR_INSUFFICIENT	8	0.13521711880890747	-0.17190175038986322	0.44233598800767815	0.3324513153593327	0.9914012814622465	16.434598038772208	-0.23888376270723727	0.5093180003250521	0.625	5	3	1	0	4	0.08945251189478941	0.4963015074370399	0.9980339935338073	0.0	1.0	1	0	0.2914885166181702	0.33952578027948266	0.9998995945261049	1			0
S2_BCN12_AS_NR	s__GGB9345_SGB14311	CONSISTENT_NONSIGNIFICANT	9	0.20226810520523397	-0.07177577583690536	0.4763119862473733	0.12716139857758907	0.9914012814622465	12.841708940762006	-0.07874214907718441	0.48327835948765235	0.7777777777777778	7	2	1	0	5	0.19594418134951552	0.149104269657877	0.9980339935338073	0.0	1.0	1	0	0.4532542981924965	0.12976998354955094	0.9998995945261049	1	0.3513901071005744	Lee_PRIMM_UK	0
S2_BCN12_AS_NR	s__GGB9350_SGB14317	OTHER_OR_INSUFFICIENT	5	-0.026197435666027388	-0.6787935023002533	0.6263986309681985	0.9166236395866338	0.9914012814622465	49.93022681345114	-1.2587317994237845	1.20633692809173	0.6	2	3	0	0	3	0.0031707980284474443	0.9814461064833788	0.9980339935338073	0.0	0.6666666666666666	0	0	-0.047856176021128835	0.937445929391836	0.9998995945261049	1			0
S2_BCN12_AS_NR	s__GGB9453_SGB14844	OTHER_OR_INSUFFICIENT	8	0.15079645068701047	-0.18139609628101844	0.4829889976550394	0.3186931500308978	0.9914012814622465	30.87646096939321	-0.47460797485509293	0.7762008762291139	0.625	5	3	1	0	5	0.14525508853569896	0.346563233150313	0.9980339935338073	34.76037645791835	0.6	1	0	0.24744162197446767	0.48306050721707794	0.9998995945261049	1			0
S2_BCN12_AS_NR	s__GGB9453_SGB14845	OTHER_OR_INSUFFICIENT	5	-0.017668991454354962	-0.428117836848815	0.39277985394010506	0.9106255249661276	0.9914012814622465	0.0	-0.488138013332642	0.4528000304239321	0.6	3	2	0	0							0	0	0.13722514692373036	0.6943498205308399	0.9998995945261049	0			0
S2_BCN12_AS_NR	s__GGB9469_SGB14862	OTHER_OR_INSUFFICIENT	3	0.06822713468500989	-0.8098636872194899	0.9463179565895096	0.7699452846564205	0.9914012814622465	0.0	-2.5248712324492124	2.6613255018192326	0.6666666666666666	2	1	0	0	3	0.06822713468500989	0.7699452846564205	0.9980339935338073	0.0	0.6666666666666666	1	0	0.05981494369018965	0.9057320742818391	0.9998995945261049	1			0
S2_BCN12_AS_NR	s__GGB9474_SGB14868	OTHER_OR_INSUFFICIENT	4	-0.09095299620560318	-0.9187326456221789	0.7368266532109726	0.7496905562969887	0.9914012814622465	57.90141338880276	-2.124107903452427	1.9422019110412208	0.75	1	3	1	0	3	0.032735908068471584	0.9317427242591375	0.9980339935338073	62.95175344902664	0.6666666666666666	0	0	-0.2844202986416794	0.5883315218901315	0.9998995945261049	1	0.39707029529726445	Frankel_US	1
S2_BCN12_AS_NR	s__GGB9480_SGB14874	CONSISTENT_NONSIGNIFICANT	5	-0.1457726216132566	-0.5174119489581117	0.22586670573159856	0.3373541809535804	0.9914012814622465	0.0	-0.5717569869821315	0.2802117437556183	0.8	1	4	0	0	5	-0.07389706345274046	0.5369380686854426	0.9980339935338073	0.0	0.8	1	0	-0.3577156485192986	0.3238898622991984	0.9998995945261049	1	0.2880147950244934	Frankel_US	0
S2_BCN12_AS_NR	s__GGB9495_SGB14892	OTHER_OR_INSUFFICIENT	4	-0.13986147423513734	-0.5723937038241727	0.2926707553538979	0.37915972300700224	0.9914012814622465	0.0	-0.7246430551292125	0.4449201066589377	1.0	0	4	0	0	3	-0.10080365822952628	0.49220770076924375	0.9980339935338073	0.0	1.0	1	0	-0.30378540909022633	0.462487618606267	0.9998995945261049	1	0.4715395065707533	Lee_PRIMM_UK	0
S2_BCN12_AS_NR	s__GGB9501_SGB14898	OTHER_OR_INSUFFICIENT	6	-0.017372175721410695	-0.3853516465569224	0.350607295114101	0.9081351559920323	0.9914012814622465	20.65962959508504	-0.4148210285108283	0.3800766770680069	0.6666666666666666	2	4	1	0	5	0.012962047354205709	0.9241475577256817	0.9980339935338073	26.17262142873252	0.6	0	0	-0.10269474049224082	0.7771107631762358	0.9998995945261049	1			0
S2_BCN12_AS_NR	s__GGB9512_SGB14909	OTHER_OR_INSUFFICIENT	9	-0.02854411429316727	-0.32229116624357845	0.2652029376572439	0.8283118161304603	0.9914012814622465	24.315304013188086	-0.32975840662079803	0.2726701780344635	0.5555555555555556	4	5	1	0	5	-0.021276479826608463	0.8553515774224845	0.9980339935338073	0.0	0.6	1	0	-0.038973221508416776	0.876670040111689	0.9998995945261049	1			0
S2_BCN12_AS_NR	s__GGB9522_SGB14921	OTHER_OR_INSUFFICIENT	8	-0.0015351835642269268	-0.2667494604602048	0.26367909333175094	0.9894612006479125	0.9927638329902597	0.0	-0.27597876926232184	0.27290840213386797	0.625	3	5	0	0	5	-0.0016930042345902321	0.988428150276175	0.9980339935338073	0.0	0.6	1	0	0.018981916012374114	0.944873533950807	0.9998995945261049	0			0
S2_BCN12_AS_NR	s__GGB9524_SGB14923	OTHER_OR_INSUFFICIENT	3	0.1048563578949832	-1.1657781616207206	1.375490877410687	0.7564874404622355	0.9914012814622465	61.12458647215567	-6.120400655736766	6.330113371526732	0.6666666666666666	1	2	1	0	3	0.1048563578949832	0.7564874404622355	0.9980339935338073	61.12458647215567	0.6666666666666666	1	0	0.03836650430860324	0.9586285592728441	0.9998995945261049	1			0
S2_BCN12_AS_NR	s__GGB9524_SGB14924	CONSISTENT_NONSIGNIFICANT	8	0.07176339677820129	-0.2963936092811218	0.4399204028375244	0.6588296436356157	0.9914012814622465	42.614007915691815	-0.7250213672815524	0.868548160837955	0.75	6	2	0	1	5	0.07843900449011268	0.6990842588347059	0.9980339935338073	49.71935557557743	0.8	1	0	0.3219406891848894	0.42481189816310505	0.9998995945261049	1	0.25642071869565297	Frankel_US	0
S2_BCN12_AS_NR	s__GGB9559_SGB14969	OTHER_OR_INSUFFICIENT	5	0.04164803335220983	-0.3693688258723145	0.4526648925767342	0.7924071707035468	0.9914012814622465	0.0	-0.42947206336410493	0.5127681300685246	0.6	2	3	0	0							0	0	0.12385739932235698	0.6998474213065962	0.9998995945261049	1			0
S2_BCN12_AS_NR	s__GGB9581_SGB79823	OTHER_OR_INSUFFICIENT	3	-0.1418325467745002	-1.017369870480354	0.7337047769313535	0.5579181094231053	0.9914012814622465	0.0	-2.727390154061439	2.4437250605124383	0.6666666666666666	1	2	0	0	3	-0.1418325467745002	0.5579181094231053	0.9980339935338073	0.0	0.6666666666666666	1	0	-0.22099874484568677	0.6718374401179373	0.9998995945261049	1			0
S2_BCN12_AS_NR	s__GGB9602_SGB15028	OTHER_OR_INSUFFICIENT	7	-0.031009949020641435	-0.36646886343181706	0.30444896539053423	0.8285595998709061	0.9914012814622465	16.66087468229593	-0.5269375888887857	0.4649176908475029	0.7142857142857143	2	5	0	0	3	-0.06692753655591276	0.635656865319781	0.9980339935338073	0.0	0.6666666666666666	1	0	-0.11355543094642485	0.7563113537613662	0.9998995945261049	1			0
S2_BCN12_AS_NR	s__GGB9602_SGB15031	OTHER_OR_INSUFFICIENT	9	0.14290602912322425	-0.21683299578349863	0.5026450540299472	0.3864169664515774	0.9914012814622465	40.26607675215504	-0.567050463520593	0.8528625217670415	0.6666666666666666	6	3	2	0	5	0.14068257031237716	0.36094417377727966	0.9980339935338073	35.000776708707555	0.8	1	0	0.4028020939663308	0.24505759352577913	0.9998995945261049	1			0
S2_BCN12_AS_NR	s__GGB9611_SGB15045	OTHER_OR_INSUFFICIENT	4	0.08447691945544168	-0.5543370185056762	0.7232908574165595	0.7021964261575934	0.9914012814622465	31.5160937851933	-1.0589466719571397	1.2279005108680232	0.5	2	2	0	0							0	0	-0.2662933155401831	0.6493121802191949	0.9998995945261049	0			0
S2_BCN12_AS_NR	s__GGB9614_SGB15049	OTHER_OR_INSUFFICIENT	8	-0.03432398751126045	-0.3627266520669822	0.2940786770444612	0.8118873711535858	0.9914012814622465	11.712727527545944	-0.6338519734511909	0.5652039984286701	0.625	3	5	0	0	5	0.04474221837091383	0.7911566910415032	0.9980339935338073	39.15491940646931	0.6	0	0	-0.08198661648901392	0.7916203642333531	0.9998995945261049	1			0
S2_BCN12_AS_NR	s__GGB9616_SGB15051	OTHER_OR_INSUFFICIENT	6	-0.2075083984973714	-0.5776025020825106	0.16258570508776776	0.20906444362573665	0.9914012814622465	0.0	-0.6072412330146755	0.19222443601993272	0.8333333333333334	1	5	0	0							0	0	-0.5931165569509076	0.14556200023296498	0.9998995945261049	1	0.32593903547490766	Lee_Manchester	0
S2_BCN12_AS_NR	s__GGB9619_SGB15066	OTHER_OR_INSUFFICIENT	5	0.002809410599276637	-0.3793032760448456	0.3849220972433989	0.9846913669106045	0.9927638329902597	0.0	-0.4351798393541235	0.4407986605526768	0.6	2	3	0	0	4	-0.10791945901355744	0.41328400152841555	0.9980339935338073	0.0	0.75	0	0	-0.10419237915236229	0.7758044341786295	0.9998995945261049	0			0
S2_BCN12_AS_NR	s__GGB9619_SGB15067	OTHER_OR_INSUFFICIENT	5	0.10174388305362368	-0.3012993019927899	0.5047870681000373	0.5220039874804935	0.9914012814622465	0.0	-0.36023654444434655	0.5637243105515939	0.6	3	2	0	0	5	0.01829759956400295	0.8753858653969291	0.9980339935338073	0.0	0.6	1	0	0.16613053962249114	0.6149555599708098	0.9998995945261049	1			0
S2_BCN12_AS_NR	s__GGB9620_SGB15068	OTHER_OR_INSUFFICIENT	3	-0.08009807026316138	-0.7874730099744387	0.6272768694481159	0.6742831525746557	0.9914012814622465	0.0	-2.1690537412412074	2.0088576007148844	0.6666666666666666	1	2	0	0	3	-0.08009807026316138	0.6742831525746557	0.9980339935338073	0.0	0.6666666666666666	1	0	-0.291998818527187	0.5627395161793272	0.9998995945261049	1			0
S2_BCN12_AS_NR	s__GGB9621_SGB15073	CONSISTENT_NONSIGNIFICANT	8	-0.12508752228521483	-0.3977830500294234	0.14760800545899375	0.31400507748077366	0.9914012814622465	0.0	-0.4149393533575464	0.1647643087871167	0.75	2	6	0	0	4	-0.11612763217420136	0.45056471469868153	0.9980339935338073	0.0	0.75	1	0	-0.26974870011124635	0.38428991929428324	0.9998995945261049	1	0.31603312302082903	Spencer_US	0
S2_BCN12_AS_NR	s__GGB9627_SGB15081	OTHER_OR_INSUFFICIENT	7	0.17458238926771108	-0.11874938813864039	0.46791416667406255	0.19555594728967332	0.9914012814622465	0.0	-0.13357474340221503	0.4827395219376372	0.7142857142857143	5	2	1	0	4	0.1482803443275674	0.3377383981433617	0.9980339935338073	21.965399057774658	0.75	1	0	0.44289299156609757	0.19884938048600134	0.9998995945261049	1	0.32826230244593124	Matson_US	0
S2_BCN12_AS_NR	s__GGB9634_SGB15093	OTHER_OR_INSUFFICIENT	7	-0.13300478666845608	-0.4354245497288638	0.16941497639195166	0.3232139097024454	0.9914012814622465	0.0	-0.47047342904710443	0.20446385571019224	0.5714285714285714	3	4	0	0	3	-0.21904546835076416	0.3533281827167821	0.9980339935338073	46.65489544676487	0.6666666666666666	1	0	-0.1372219305865736	0.648451882973363	0.9998995945261049	1			0
S2_BCN12_AS_NR	s__GGB9635_SGB15106	OTHER_OR_INSUFFICIENT	9	0.1422382163045867	-0.22391513799444948	0.5083915706036228	0.3965104575865734	0.9914012814622465	46.34080657087201	-0.6963367569277255	0.9808131895368988	0.5555555555555556	5	4	1	0	5	0.09770599510234762	0.6613911387702057	0.9980339935338073	59.293061489288	0.6	1	0	0.24223857168073556	0.44528335289549836	0.9998995945261049	1			0
S2_BCN12_AS_NR	s__GGB9636_SGB15107	OTHER_OR_INSUFFICIENT	5	0.10658784730908813	-0.2515614497242037	0.46473714434238	0.45507590739228126	0.9914012814622465	0.0	-0.30393383269840957	0.5171095273165858	0.6	2	3	0	0	3	0.08719146423975466	0.5460478308804555	0.9980339935338073	0.0	0.6666666666666666	1	0	0.2893764102814849	0.4843940298247521	0.9998995945261049	1			0
S2_BCN12_AS_NR	s__GGB9641_SGB15117	OTHER_OR_INSUFFICIENT	6	-0.1443398053697173	-0.5033574860599357	0.21467787532050103	0.3487533613205868	0.9914012814622465	0.0	-0.5835982376139439	0.29491862687450926	0.5	3	3	0	0	3	-0.10728420677721401	0.4996632035718955	0.9980339935338073	0.0	0.6666666666666666	1	0	-0.3164595201340278	0.3558401875894136	0.9998995945261049	1			0
S2_BCN12_AS_NR	s__GGB9642_SGB15119	OTHER_OR_INSUFFICIENT	5	-0.21623141462391457	-0.6292153245482073	0.19675249530037817	0.21969978113766267	0.9914012814622465	0.0	-0.6896062050903143	0.25714337584248514	0.8	1	4	0	0							0	0	-0.3557879602146786	0.32131749715154206	0.9998995945261049	1	0.5743210269107403	Lee_PRIMM_UK	0
S2_BCN12_AS_NR	s__GGB9646_SGB15123	OTHER_OR_INSUFFICIENT	7	-0.09287573372851059	-0.37888539324050313	0.19313392578348193	0.4571246104642881	0.9914012814622465	0.0	-0.39334067957360325	0.20758921211658204	0.7142857142857143	2	5	0	0	4	-0.0846524439285541	0.5109751599212643	0.9980339935338073	0.0	0.75	1	0	-0.1274596752589086	0.6419025974482634	0.9998995945261049	1			0
S2_BCN12_AS_NR	s__GGB9694_SGB15204	CONSISTENT_NONSIGNIFICANT	5	0.20857332761590697	-0.16943762753823827	0.5865842827700523	0.2002978017151406	0.9914012814622465	0.0	-0.22471439230367896	0.6418610475354929	1.0	5	0	0	0	4	0.16378015750604444	0.24637354874626846	0.9980339935338073	0.0	1.0	1	0	0.4065445260461153	0.3087782428510383	0.9998995945261049	1	0.3806974195720218	Lee_PRIMM_UK	0
S2_BCN12_AS_NR	s__GGB9699_SGB15216	OTHER_OR_INSUFFICIENT	9	0.03186149099213115	-0.2229533936049094	0.2866763755891717	0.7804177771826641	0.9914012814622465	0.0	-0.22943095320882684	0.29315393519308913	0.5555555555555556	5	4	0	1	5	0.008441183252524511	0.9422493174208668	0.9980339935338073	0.0	0.6	1	0	0.375213046440988	0.17610017130811056	0.9998995945261049	1			0
S2_BCN12_AS_NR	s__GGB9707_SGB15229	OTHER_OR_INSUFFICIENT	9	-0.03829886264041411	-0.29228616864416906	0.21568844336334086	0.7370196804570838	0.9914012814622465	0.0	-0.2987426906736736	0.2221449653928454	0.5555555555555556	5	4	0	0	5	-0.04734251194478944	0.6879569000350552	0.9980339935338073	0.0	0.6	1	0	-0.04021170453489819	0.8735450545998636	0.9998995945261049	1			0
S2_BCN12_AS_NR	s__GGB9708_SGB15233	OTHER_OR_INSUFFICIENT	6	0.09437907402470258	-0.27455316357102905	0.4633113116204342	0.5398597306673745	0.9914012814622465	0.0	-0.30409884723695374	0.4928569952863589	0.6666666666666666	4	2	0	0							0	0	0.1113185498748958	0.7097152848782738	0.9998995945261049	1			0
S2_BCN12_AS_NR	s__GGB9708_SGB15234	OTHER_OR_INSUFFICIENT	9	0.07640595937206869	-0.17789222729667703	0.3307041460408144	0.5080095211897384	0.9914012814622465	0.0	-0.18435665213370034	0.3371685708778377	0.5555555555555556	5	4	0	0	5	0.054067228087511666	0.6479918616796896	0.9980339935338073	0.0	0.6	1	0	0.08128554145802269	0.7361341056093147	0.9998995945261049	1			0
S2_BCN12_AS_NR	s__GGB9712_SGB15244	OTHER_OR_INSUFFICIENT	7	0.027865270794452536	-0.3688038595687906	0.4245344011576957	0.8691742822840145	0.9914012814622465	30.385306313087323	-0.7558693144237937	0.8115998560126988	0.5714285714285714	4	3	0	1	3	-0.03550843842272032	0.8904001617142784	0.9980339935338073	65.97100710802478	0.6666666666666666	0	0	0.06332508805242244	0.8608482967193165	0.9998995945261049	1			0
S2_BCN12_AS_NR	s__GGB9713_SGB15249	OTHER_OR_INSUFFICIENT	9	0.0550064438268571	-0.19942723124686645	0.30944011890058065	0.6315203478263188	0.9914012814622465	0.0	-0.20589510030126568	0.3159079879549799	0.5555555555555556	5	4	0	0	5	0.045375111256826216	0.69998964458711	0.9980339935338073	0.0	0.8	1	0	0.23718372800118998	0.3408070856332442	0.9998995945261049	1			0
S2_BCN12_AS_NR	s__GGB9719_SGB15272	OTHER_OR_INSUFFICIENT	9	0.01400203247517784	-0.23963680727814868	0.26764087222850436	0.9018430102092345	0.9914012814622465	0.0	-0.24608447108842818	0.27408853603878386	0.5555555555555556	5	4	0	0	5	0.028563864926373507	0.8070203833329711	0.9980339935338073	0.0	0.6	1	0	-0.0036098181830695147	0.9882984625731641	0.9998995945261049	0			0
S2_BCN12_AS_NR	s__GGB9719_SGB15273	CONSISTENT_NONSIGNIFICANT	8	0.057833143606208025	-0.20719993368243836	0.3228662208948544	0.6217569164296214	0.9914012814622465	0.0	-0.21642293684167999	0.332089224054096	0.75	6	2	0	0	5	0.044298718279324745	0.7065311026911804	0.9980339935338073	0.0	0.8	1	0	0.1950676218378451	0.44784767026495476	0.9998995945261049	1	0.25226037891286374	Lee_PRIMM_NL	0
S2_BCN12_AS_NR	s__GGB9719_SGB53514	OTHER_OR_INSUFFICIENT	4	-0.006041281664064539	-0.521637580837274	0.5095550175091448	0.9725971514432907	0.9927638329902597	0.0	-0.703125101180664	0.6910425378525348	0.75	3	1	0	0							0	0	0.17841180316913174	0.6895319420810043	0.9998995945261049	0	0.500418690270748	Frankel_US	1
S2_BCN12_AS_NR	s__GGB9724_SGB15278	OTHER_OR_INSUFFICIENT	6	-0.15832432682473652	-0.49731198126792275	0.18066332761844972	0.28368101665183976	0.9914012814622465	0.0	-0.5244595737624476	0.20781092011297453	0.6666666666666666	2	4	0	0	4	-0.20159450060140527	0.25351216901609086	0.9980339935338073	33.73080304877175	0.75	1	0	-0.5632946601269705	0.12829840228059378	0.9998995945261049	1			0
S2_BCN12_AS_NR	s__GGB9739_SGB15313	OTHER_OR_INSUFFICIENT	3	0.3755990127666743	-0.5108319734308847	1.2620299989642332	0.20985651743674336	0.9914012814622465	0.0	-2.242128773019748	2.9933267985530962	1.0	3	0	0	0	3	0.3755990127666743	0.20985651743674336	0.9980339935338073	0.0	1.0	1	0	1.174920102153937	0.15738451595522845	0.9998995945261049	1			0
S2_BCN12_AS_NR	s__GGB9747_SGB15356	OTHER_OR_INSUFFICIENT	7	0.022853584134945436	-0.29262687424587014	0.338334042515761	0.865139995078778	0.9914012814622465	1.2428786528828735	-0.3919828192119604	0.43768998748185123	0.5714285714285714	3	4	0	0	3	-0.0008879041726432067	0.9948070791623035	0.9980339935338073	0.0	0.6666666666666666	0	0	0.11037326563165756	0.7396551226858323	0.9998995945261049	1			0
S2_BCN12_AS_NR	s__GGB9758_SGB15368	OTHER_OR_INSUFFICIENT	7	0.016097969047642702	-0.28198598488657844	0.31418192298186387	0.8991896509115758	0.9914012814622465	0.0	-0.29705152107620897	0.3292474591714944	0.7142857142857143	2	5	0	0	3	0.01861208342353001	0.8917922448514808	0.9980339935338073	0.0	0.6666666666666666	1	0	0.09810982078254663	0.726919152249375	0.9998995945261049	1			0
S2_BCN12_AS_NR	s__GGB9759_SGB15370	CONSISTENT_NONSIGNIFICANT	8	0.21434695794148062	-0.05677309004714709	0.48546700593010833	0.10375900053430519	0.9914012814622465	0.0	-0.06620791632373763	0.49490183220669887	0.75	6	2	0	0	4	0.22635131625830124	0.1414977636081833	0.9980339935338073	0.0	1.0	1	0	0.5497342271355558	0.09124141365607955	0.9998995945261049	1	0.21556849468115502	Frankel_US	0
S2_BCN12_AS_NR	s__GGB9760_SGB15373	OTHER_OR_INSUFFICIENT	8	0.04406265170811553	-0.238025544327769	0.32615084774400005	0.722780594508825	0.9914012814622465	7.180206829945026	-0.24784205600840542	0.33596735942463646	0.625	5	3	0	1	4	0.05295842964962409	0.6732209405667645	0.9980339935338073	0.0	0.75	1	0	0.21266064454162986	0.4591604240690564	0.9998995945261049	1			0
S2_BCN12_AS_NR	s__GGB9765_SGB15382	OTHER_OR_INSUFFICIENT	6	0.0767058789507213	-0.28469763936000364	0.4381093972614462	0.6087947430933284	0.9914012814622465	6.348361025631	-0.31364039082960776	0.46705214873105033	0.6666666666666666	4	2	0	0	3	0.12650113088631043	0.4363431809250402	0.9980339935338073	0.0	0.6666666666666666	1	0	0.09982177248234167	0.7327158317926175	0.9998995945261049	1			0
S2_BCN12_AS_NR	s__GGB9767_SGB15385	DOMAIN_SPECIFIC	5	-0.0356857202126793	-0.6665863357804708	0.5952148953551121	0.8828179511930522	0.9914012814622465	52.121571676710346	-1.3948857622349877	1.3235143218096292	0.6	2	3	1	0							0	0	-0.09935662317062706	0.8098462651921284	0.9998995945261049	1	0.31407403942671763	Lee_PRIMM_UK	1
S2_BCN12_AS_NR	s__GGB9770_SGB15389	OTHER_OR_INSUFFICIENT	6	0.04777057646295673	-0.35789067089456733	0.4534318238204808	0.7742989161613654	0.9914012814622465	36.64529507161411	-0.6959684302571173	0.7915095831830307	0.6666666666666666	2	4	0	0	5	0.058092933658568054	0.6246496993278784	0.9980339935338073	0.0	0.6	1	0	0.14620757799005749	0.753403091376963	0.9998995945261049	1			0
S2_BCN12_AS_NR	s__GGB9770_SGB15390	OTHER_OR_INSUFFICIENT	8	-0.06373450419971553	-0.33494186085697997	0.20747285245754887	0.5957260097432828	0.9914012814622465	0.0	-0.3443797254593657	0.2169107170599346	0.625	5	3	0	0	4	-0.08841132852349698	0.6171841134805871	0.9980339935338073	37.350741940593295	0.5	1	0	-0.018181360673386212	0.9457501599682436	0.9998995945261049	1			0
S2_BCN12_AS_NR	s__GGB9775_SGB15395	OTHER_OR_INSUFFICIENT	7	0.09935543490312097	-0.19255721887175342	0.3912680886779954	0.4368287377120359	0.9914012814622465	0.0	-0.20731084984312742	0.4060217196493694	0.7142857142857143	5	2	0	0	4	0.0846240322056462	0.5111832948517536	0.9980339935338073	0.0	0.75	1	0	0.20464818721984745	0.5005191199768321	0.9998995945261049	1			0
S2_BCN12_AS_NR	s__GGB9781_SGB15402	CONSISTENT_NONSIGNIFICANT	6	0.09318130231705442	-0.2544438728020147	0.4408064774361235	0.5214569797745529	0.9914012814622465	0.0	-0.28228319515768224	0.46864579979179105	1.0	6	0	0	0	3	0.1408772717500434	0.3951086457979765	0.9980339935338073	0.0	1.0	1	0	0.089691677403054	0.749291377055513	0.9998995945261049	1	0.4857680096827545	Lee_PRIMM_UK	0
S2_BCN12_AS_NR	s__GGB9781_SGB66170	OTHER_OR_INSUFFICIENT	7	0.03438080542835814	-0.2506298819762015	0.3193914928329178	0.7778111009912311	0.9914012814622465	0.0	-0.26503467900060157	0.33379628985731785	0.7142857142857143	5	2	0	0	4	0.06410958463036145	0.6124362733923691	0.9980339935338073	0.0	0.75	1	0	0.08782492953564817	0.7479658130807483	0.9998995945261049	1			0
S2_BCN12_AS_NR	s__GGB9782_SGB15403	CONSISTENT_NONSIGNIFICANT	6	-0.10009195062911294	-0.5036208936389497	0.30343699238072386	0.5517766934143443	0.9914012814622465	27.353163251695946	-0.7267311018722507	0.5265472006140248	0.8333333333333334	1	5	0	0	3	-0.07923416119731128	0.6519104415606662	0.9980339935338073	15.742611786054663	0.6666666666666666	1	0	-0.28007821119099446	0.5132383816629511	0.9998995945261049	1	0.5850114204338354	Lee_PRIMM_NL	1
S2_BCN12_AS_NR	s__GGB9787_SGB15410	OTHER_OR_INSUFFICIENT	6	0.17597044010876112	-0.17374458554620698	0.5256854657637292	0.2523777552309085	0.9914012814622465	0.0	-0.20175127214720145	0.5536921523647237	0.6666666666666666	4	2	0	0	3	0.17507108461911738	0.375114576606209	0.9980339935338073	27.64545462692564	0.6666666666666666	1	0	0.18843017247031946	0.5314737715886059	0.9998995945261049	1			0
S2_BCN12_AS_NR	s__GGB9788_SGB15411	OTHER_OR_INSUFFICIENT	5	0.18322672189277434	-0.37450372124210685	0.7409571650276555	0.4133038534896821	0.9914012814622465	40.69695393883217	-0.9217233235384767	1.2881767673240254	0.6	3	2	1	0							0	0	0.506022843248863	0.34027231708857314	0.9998995945261049	1			0
S2_BCN12_AS_NR	s__GGB9818_SGB15459	OTHER_OR_INSUFFICIENT	7	0.13797663268654098	-0.16653214421434775	0.4424854095874297	0.3100011397348117	0.9914012814622465	7.092647261273241	-0.18192239902143842	0.4578756643945204	0.7142857142857143	5	2	0	0	4	0.07164262184131148	0.5953369353149529	0.9980339935338073	11.132629912167664	0.75	1	0	0.2972079497156848	0.41245632668992743	0.9998995945261049	1			0
S2_BCN12_AS_NR	s__Gordonibacter_pamelaeae	CONSISTENT_NONSIGNIFICANT	7	-0.1283763264646773	-0.5188173852884804	0.26206473235912586	0.4517775114335379	0.9914012814622465	26.088652141538386	-0.86347468595359	0.6067220330242353	0.8571428571428571	1	6	0	1	4	-0.16490828536767185	0.48231627398802396	0.9980339935338073	49.25420704553093	0.75	1	0	-0.24528123002664515	0.4640156960750254	0.9998995945261049	1	0.37904693096009917	Lee_PRIMM_NL	1
S2_BCN12_AS_NR	s__Gordonibacter_urolithinfaciens	OTHER_OR_INSUFFICIENT	6	-0.03543295513407305	-0.44301795200796196	0.3721520417398158	0.8320125268218488	0.9914012814622465	25.947876886304094	-0.48292772155513214	0.412061811286986	0.5	3	3	0	0	3	0.035082462610024324	0.8630454180753664	0.9980339935338073	22.91962204133488	0.6666666666666666	0	0	-0.07861300024408013	0.7819882120383949	0.9998995945261049	1			0
S2_BCN12_AS_NR	s__Granulicatella_SGB8255	OTHER_OR_INSUFFICIENT	7	-0.11956507851225781	-0.44245238331096237	0.20332222628644672	0.3998106248354606	0.9914012814622465	0.0	-0.45877151184132237	0.21964135481680672	0.7142857142857143	2	5	0	0	3	-0.11222172092257739	0.48201348723301773	0.9980339935338073	0.0	1.0	1	0	-0.2182969477567597	0.47521762700748477	0.9998995945261049	1			0
S2_BCN12_AS_NR	s__Haemophilus_parainfluenzae	DOMAIN_SPECIFIC	7	-0.058486769273774615	-0.5414030115756974	0.4244294730281481	0.7769533595502178	0.9914012814622465	52.60936764522237	-1.1422411197574798	1.0252675812099303	0.7142857142857143	5	2	0	1	5	-0.11023968947740048	0.37207658523147935	0.9980339935338073	0.0	0.6	1	0	-0.1313394315991077	0.6632227566319765	0.9998995945261049	1	0.3280966964160013	Lee_PRIMM_UK	1
S2_BCN12_AS_NR	s__Harryflintia_acetispora	CONSISTENT_NONSIGNIFICANT	8	0.13191048790886464	-0.15215983630916344	0.41598081212689275	0.3085172821341355	0.9914012814622465	0.0	-0.16204532495473287	0.4258663007724621	0.875	7	1	0	0	5	0.11278902937084838	0.36134447788706087	0.9980339935338073	0.0	1.0	1	0	0.15617790075282284	0.5432491539496547	0.9998995945261049	1	0.34055151688764856	Lee_PRIMM_UK	0
S2_BCN12_AS_NR	s__Holdemanella_porci	OTHER_OR_INSUFFICIENT	7	0.16344583779003924	-0.2361393968052235	0.563031072385302	0.35552435847868835	0.9914012814622465	41.00929474009652	-0.6605919992145339	0.9874836747946125	0.7142857142857143	5	2	0	0	4	0.07068711541391015	0.7999167424198781	0.9980339935338073	68.74353205304696	0.5	1	0	0.33858781784234665	0.31210011483565575	0.9998995945261049	1			0
S2_BCN12_AS_NR	s__Holdemania_filiformis	OTHER_OR_INSUFFICIENT	9	-0.08874290101633245	-0.49564541317435606	0.3181596111416912	0.6285679056307786	0.9914012814622465	57.438902957629445	-1.0957389306559762	0.9182531286233112	0.6666666666666666	3	6	1	0	5	0.032144753623159106	0.8974379214536848	0.9980339935338073	72.65533351861319	0.6	0	0	-0.07147851931226744	0.8434215592990711	0.9998995945261049	1	0.2091409958046989	Spencer_US	0
S2_BCN12_AS_NR	s__Holdemania_massiliensis	OTHER_OR_INSUFFICIENT	6	-0.26834455293236575	-0.6053135048173937	0.0686243989526622	0.0959994080651722	0.9914012814622465	0.0	-0.6322994308795802	0.09561032501484873	0.6666666666666666	2	4	0	0	5	-0.2472088377248397	0.08775326192977143	0.9980339935338073	0.0	0.8	1	1	-0.5902155654834532	0.1429101095220071	0.9998995945261049	1	0.23004469531595143	Spencer_US	0
S2_BCN12_AS_NR	s__Holdemania_sp_1001095H_141210_F2	OTHER_OR_INSUFFICIENT	8	0.10254339570658084	-0.18160687879947268	0.38669367021263434	0.42170801412962333	0.9914012814622465	0.0	-0.19149514964088538	0.39658194105404704	0.625	5	3	0	0	5	0.13704774542231943	0.27969177849900634	0.9980339935338073	0.0	0.6	1	0	0.3076527875491358	0.31153408231132607	0.9998995945261049	1			0
S2_BCN12_AS_NR	s__Hungatella_hathewayi	CONSISTENT_NONSIGNIFICANT	9	-0.22589605664519788	-0.48041346761771553	0.028621354327319742	0.07489251566204067	0.9914012814622465	0.0	-0.4868834652559504	0.03509135196555466	1.0	0	9	0	0	5	-0.22736387325593452	0.10731720959862343	0.9980339935338073	0.0	1.0	1	0	-0.48644487989477964	0.088826600992578	0.9998995945261049	1	0.21742019284682979	Spencer_US	0
S2_BCN12_AS_NR	s__Hydrogeniiclostidium_mannosilyticum	OTHER_OR_INSUFFICIENT	6	-0.12343882291845765	-0.4555140290650339	0.20863638322811862	0.38318978699742573	0.9914012814622465	0.0	-0.48210804294446286	0.23523039710754756	0.6666666666666666	2	4	0	0	4	-0.1321432322664341	0.3796803394720689	0.9980339935338073	14.950243783278328	0.75	1	0	-0.21293405692604414	0.48742002498708503	0.9998995945261049	1			0
S2_BCN12_AS_NR	s__Hydrogenoanaerobacterium_saccharovorans	OTHER_OR_INSUFFICIENT	9	0.03631743006405957	-0.26016834283587087	0.33280320296399	0.7847540640114682	0.9914012814622465	22.16028260671455	-0.3731210681274262	0.44575592825554533	0.5555555555555556	4	5	0	0	5	0.030435185790082992	0.8088139620867434	0.9980339935338073	13.062833808855773	0.6	1	0	0.07306236701239353	0.805277200547841	0.9998995945261049	1			0
S2_BCN12_AS_NR	s__Intestinibacter_bartlettii	OTHER_OR_INSUFFICIENT	9	0.13759933757892534	-0.17327257022752052	0.4484712453853712	0.33727124441317774	0.9914012814622465	27.373667423710764	-0.38558117766476346	0.6607798528226141	0.5555555555555556	5	4	1	0	5	0.14055725582735262	0.3341989171039777	0.9980339935338073	1.1106577235753867	0.6	1	0	0.5173886875893458	0.15290430672639985	0.9998995945261049	1			0
S2_BCN12_AS_NR	s__Isoptericola_variabilis	OTHER_OR_INSUFFICIENT	6	0.02790611273958753	-0.3201939854949221	0.3760062109740972	0.8448600607516686	0.9914012814622465	0.0	-0.3480713417738616	0.4038835672530367	0.5	3	3	0	0	3	0.06798098417883888	0.6556480635783047	0.9980339935338073	0.0	0.6666666666666666	1	0	0.17598295835212516	0.6188706177554232	0.9998995945261049	1			0
S2_BCN12_AS_NR	s__Klebsiella_pneumoniae	STRONG_DIRECTION_REVERSAL	7	-0.03781367180087146	-0.5679670296105377	0.49233968600879474	0.8671905323191573	0.9914012814622465	60.356427232887874	-1.2419980213187671	1.1663706777170242	0.5714285714285714	3	4	1	1	5	-0.10518272740906709	0.583089077703164	0.9980339935338073	45.01008800637638	0.6	1	0	-0.1777863334981492	0.697993477529674	0.9998995945261049	1	0.3748269520339641	Lee_Manchester	1
S2_BCN12_AS_NR	s__Lachnoclostridium_edouardi	OTHER_OR_INSUFFICIENT	4	-0.11561329493200115	-0.6012299145770048	0.37000332471300257	0.5037334831624369	0.9914012814622465	0.0	-0.7721647262214615	0.5409381363574592	0.5	2	2	0	0	4	-0.11561329493200115	0.5037334831624369	0.9980339935338073	0.0	0.5	1	0	-0.10473860414751464	0.8239610585983674	0.9998995945261049	1			0
S2_BCN12_AS_NR	s__Lachnoclostridium_sp_An131	OTHER_OR_INSUFFICIENT	3	-0.2521646602436274	-1.031455368826199	0.5271260483389442	0.2984454540426767	0.9914012814622465	0.0	-2.5534954715674756	2.049166151080221	1.0	0	3	0	0							0	0	-0.5378085229172823	0.26301372406290663	0.9998995945261049	1			0
S2_BCN12_AS_NR	s__Lachnospira_eligens	OTHER_OR_INSUFFICIENT	9	-0.02753146876508497	-0.28191421322045096	0.22685127569028105	0.8092045316943252	0.9914012814622465	0.0	-0.2883807875436091	0.2333178500134391	0.6666666666666666	3	6	0	0	5	-0.03868158983476053	0.7417760385196317	0.9980339935338073	0.0	0.8	1	0	0.020651725941187637	0.9355721753936421	0.9998995945261049	0			0
S2_BCN12_AS_NR	s__Lachnospira_pectinoschiza	OTHER_OR_INSUFFICIENT	8	0.10329653279906217	-0.16201221270664998	0.3686052783047743	0.387858346877739	0.9914012814622465	0.0	-0.1712448089627536	0.3778378745608779	0.625	5	3	0	0	5	0.062145977276317335	0.600674291777068	0.9980339935338073	0.0	0.8	1	0	0.22213924480640754	0.3821985623429624	0.9998995945261049	1			0
S2_BCN12_AS_NR	s__Lachnospira_sp_NSJ_43	OTHER_OR_INSUFFICIENT	9	0.054341268421308826	-0.23047975162711853	0.3391622884697362	0.6716067017777572	0.9914012814622465	16.497307368833177	-0.3408394856213174	0.449522022463935	0.5555555555555556	4	5	1	0	5	0.03348573224306422	0.8158630559773268	0.9980339935338073	33.33373672573374	0.6	1	0	0.17514015300826086	0.5467798588789793	0.9998995945261049	1			0
S2_BCN12_AS_NR	s__Lachnotalea_sp_AF33_28	CONSISTENT_NONSIGNIFICANT	6	-0.20428965298405902	-0.5359022977799011	0.127322991811783	0.17413402444904139	0.9914012814622465	0.0	-0.5624592677348288	0.1538799617667108	0.8333333333333334	1	5	0	0	5	-0.10216261496799134	0.404361681202751	0.9980339935338073	0.0	0.8	1	0	-0.28365672847655776	0.3236847724660719	0.9998995945261049	1	0.43450614434568485	Matson_US	0
S2_BCN12_AS_NR	s__Lacrimispora_amygdalina	OTHER_OR_INSUFFICIENT	8	0.0485754472687659	-0.35898758184404167	0.45613847638157345	0.7862252853123212	0.9914012814622465	49.46906587667704	-0.8801413407039111	0.977292235241443	0.625	5	3	0	1	5	0.06471337314029219	0.7019603027803467	0.9980339935338073	41.88344640305649	0.6	1	0	7.071130152470799e-05	0.9998872431588107	0.9998995945261049	1			0
S2_BCN12_AS_NR	s__Lacrimispora_celerecrescens	CONSISTENT_NONSIGNIFICANT	9	0.2420762871380336	-0.013229381484866992	0.49738195576093425	0.06024772325715434	0.9914012814622465	0.0	-0.01971941714642636	0.5038719914224936	0.7777777777777778	7	2	1	0	5	0.26017893510370427	0.08227944483981404	0.9980339935338073	0.0	1.0	1	1	0.5623279293451379	0.07499237005792553	0.9998995945261049	1	0.22566138824746887	Spencer_US	0
S2_BCN12_AS_NR	s__Lacrimispora_saccharolytica	OTHER_OR_INSUFFICIENT	7	-0.04417034697499429	-0.3294993827069364	0.24115868875694785	0.717882632904167	0.9914012814622465	0.0	-0.34392026945830484	0.2555795755083163	0.5714285714285714	3	4	0	0	5	-0.014713227546703015	0.8995729137704424	0.9980339935338073	0.0	0.6	1	0	-0.12591050280096988	0.6875721724706685	0.9998995945261049	1			0
S2_BCN12_AS_NR	s__Lacticaseibacillus_paracasei	OTHER_OR_INSUFFICIENT	5	-0.04425299168921946	-0.4762555425836736	0.38774955920523463	0.790212167279674	0.9914012814622465	0.0	-0.5394275300697847	0.45092154669134576	0.6	3	2	0	0	3	-0.013520776319161135	0.9272919329198432	0.9980339935338073	0.0	0.6666666666666666	1	0	-0.08916407769621972	0.7917854791585371	0.9998995945261049	1			0
S2_BCN12_AS_NR	s__Lacticaseibacillus_rhamnosus	OTHER_OR_INSUFFICIENT	4	-0.009855183070030688	-0.5332952910738108	0.5135849249337495	0.9559889204760165	0.9927638329902597	0.0	-0.7175437961364175	0.6978334299963562	0.5	2	2	0	0	3	0.04310070742723642	0.7735534654605449	0.9980339935338073	0.0	0.6666666666666666	0	0	0.2440376331120975	0.5445462855082547	0.9998995945261049	0			0
S2_BCN12_AS_NR	s__Lactobacillus_gasseri	OTHER_OR_INSUFFICIENT	5	-0.025586582865029087	-0.47885599636017767	0.4276828306301195	0.8830521134248774	0.9914012814622465	16.755607337571103	-0.5623649688529038	0.5111918031228455	0.6	3	2	0	0							0	0	-0.06796383018126233	0.8608653146971202	0.9998995945261049	1			0
S2_BCN12_AS_NR	s__Lactococcus_cremoris	OTHER_OR_INSUFFICIENT	4	0.058490562981633715	-0.4545961826772411	0.5715773086405085	0.7408152482662727	0.9914012814622465	3.4562096957679067	-0.7131023463789581	0.8300834723422255	0.5	2	2	0	0							0	0	0.11334377053421008	0.859647470607025	0.9998995945261049	1			0
S2_BCN12_AS_NR	s__Lactococcus_lactis	CONSISTENT_NONSIGNIFICANT	6	0.2200643404549464	-0.1291314416321145	0.5692601225420073	0.16616015865176373	0.9914012814622465	0.0	-0.15709654499066464	0.5972252259005575	0.8333333333333334	5	1	0	0	3	0.231275930529135	0.2207996148078453	0.9980339935338073	0.0	0.6666666666666666	1	0	0.29984854263566896	0.32462151994666966	0.9998995945261049	1	0.307014085912597	Matson_US	0
S2_BCN12_AS_NR	s__Lactonifactor_sp_BIOML_A6	OTHER_OR_INSUFFICIENT	4	-0.18681970179216184	-0.7102176295510911	0.3365782259667674	0.33852108173756573	0.9914012814622465	0.0	-0.8944512873620272	0.5208118837777036	1.0	0	4	0	0	3	-0.23421346610464142	0.2166371366318429	0.9980339935338073	0.0	1.0	1	0	-0.5043112821466629	0.23911133858515915	0.9998995945261049	1	0.3349563313478183	Lee_PRIMM_UK	0
S2_BCN12_AS_NR	s__Lancefieldella_parvula	OTHER_OR_INSUFFICIENT	5	-0.33403911981764195	-0.7478653684412832	0.07978712880599925	0.08851028021560094	0.9914012814622465	0.0	-0.8083794245810298	0.14030118494574595	1.0	0	5	0	1							0	0	-0.6211739140736717	0.14891059946196272	0.9998995945261049	1	0.49286452550615434	Frankel_US	0
S2_BCN12_AS_NR	s__Ligilactobacillus_ruminis	OTHER_OR_INSUFFICIENT	3	0.15404566640743267	-0.6544251459326923	0.9625164787475576	0.4984734222129567	0.9914012814622465	0.0	-2.233457187940267	2.5415485207551325	0.6666666666666666	2	1	0	0							0	0	0.5549837134330738	0.3381185033467769	0.9998995945261049	1			0
S2_BCN12_AS_NR	s__Limosilactobacillus_fermentum	OTHER_OR_INSUFFICIENT	4	0.03649361625896142	-0.46951364305442755	0.5425008755723504	0.8332228336400538	0.9914012814622465	0.0	-0.6476258656838916	0.7206130982018144	0.5	2	2	0	0							0	0	0.15946406595112197	0.6825687965942465	0.9998995945261049	1			0
S2_BCN12_AS_NR	s__Longibaculum_muris	OTHER_OR_INSUFFICIENT	4	0.09530437971115946	-0.5047475616650607	0.6953563210873797	0.6480350169062132	0.9914012814622465	28.184678462927316	-1.0070465657517975	1.1976553251741164	0.5	2	2	1	0	4	0.09530437971115946	0.6480350169062132	0.9980339935338073	28.184678462927316	0.5	1	0	0.258390772646122	0.6067331110115383	0.9998995945261049	1			0
S2_BCN12_AS_NR	s__Longicatena_caecimuris	CONSISTENT_NONSIGNIFICANT	6	0.12680451571050663	-0.1998055118339934	0.45341454325500663	0.36409089607649076	0.9914012814622465	0.0	-0.2259618507762892	0.4795708821973025	0.8333333333333334	5	1	0	0	4	0.12585678290373478	0.46975934230181554	0.9980339935338073	0.0	0.75	1	0	0.41722599472134425	0.2411278051828569	0.9998995945261049	1	0.36845740198947124	Spencer_US	0
S2_BCN12_AS_NR	s__Massiliimalia_massiliensis	OTHER_OR_INSUFFICIENT	7	-0.02824667898635638	-0.314098159632965	0.2576048016602523	0.8169918552214276	0.9914012814622465	0.0	-0.32854545142194364	0.2720520934492309	0.5714285714285714	3	4	0	0	4	-0.005217416684560163	0.9663420906744268	0.9980339935338073	0.0	0.75	1	0	-0.03154372051709411	0.9134823261006093	0.9998995945261049	1			0
S2_BCN12_AS_NR	s__Massiliimalia_timonensis	OTHER_OR_INSUFFICIENT	7	-0.19754926401479747	-0.6283567172308959	0.23325818920130095	0.3047285659334079	0.9914012814622465	42.57963006175448	-1.0999062247792313	0.7048076967496364	0.7142857142857143	2	5	0	2	4	-0.13185929170296032	0.6460404176165164	0.9980339935338073	58.22059274552407	0.5	1	0	-0.3014618819630299	0.4904340837287844	0.9998995945261049	1			0
S2_BCN12_AS_NR	s__Massilimicrobiota_sp_An134	OTHER_OR_INSUFFICIENT	5	0.0058366412558289085	-0.6035863704723059	0.6152596529839638	0.9800597527828732	0.9927638329902597	51.006527883758444	-1.237503885103148	1.2491771676148056	0.6	2	3	0	0	3	0.019278455579292846	0.8965924147644597	0.9980339935338073	0.0	0.6666666666666666	1	0	0.015662161833615133	0.9750753837503597	0.9998995945261049	1	0.41878549711747187	Lee_PRIMM_NL	1
S2_BCN12_AS_NR	s__Massilimicrobiota_timonensis	CONSISTENT_NONSIGNIFICANT	5	-0.21983342268434442	-0.613715119258594	0.17404827388990518	0.1961691568546833	0.9914012814622465	0.0	-0.6713126719695901	0.23164582660090133	0.8	1	4	0	0	3	-0.1991369739263237	0.2690043222197244	0.9980339935338073	0.0	0.6666666666666666	1	0	-0.3873464823881308	0.27650586021684903	0.9998995945261049	1	0.36616074935891235	Lee_PRIMM_NL	0
S2_BCN12_AS_NR	s__Massilioclostridium_coli	OTHER_OR_INSUFFICIENT	7	-0.014380350526329518	-0.2999580031923062	0.27119730213964716	0.9059606432656165	0.9914012814622465	0.0	-0.31439145536890567	0.2856307543162466	0.5714285714285714	3	4	0	0	5	0.0193341478017366	0.8685137713495704	0.9980339935338073	0.0	0.6	0	0	-0.06602605663975009	0.8158829519442568	0.9998995945261049	1			0
S2_BCN12_AS_NR	s__Mediterraneibacter_SGB48424	OTHER_OR_INSUFFICIENT	5	0.01745916637889549	-0.4146768233609824	0.4495951561187734	0.9160893281252864	0.9914012814622465	0.0	-0.4778683236827827	0.5127866564405736	0.6	2	3	0	0	3	0.02820823683299496	0.8559234522502734	0.9980339935338073	0.0	0.6666666666666666	1	0	0.035798031624822126	0.9122784695743004	0.9998995945261049	1			0
S2_BCN12_AS_NR	s__Mediterraneibacter_butyricigenes	OTHER_OR_INSUFFICIENT	8	0.18937005212881172	-0.12509546477300518	0.5038355690306286	0.19746815354161143	0.9914012814622465	21.476615514524962	-0.3696151930340291	0.7483552972916526	0.625	5	3	1	0	5	0.2186848459545086	0.11734942897836804	0.9980339935338073	0.0	0.8	1	0	0.6220443115409319	0.0989880033460525	0.9998995945261049	1	0.4443173629494931	Lee_PRIMM_UK	0
S2_BCN12_AS_NR	s__Mediterraneibacter_glycyrrhizinilyticus	OTHER_OR_INSUFFICIENT	9	0.1119109436747313	-0.14273372332113926	0.3665556106706019	0.34051647346098596	0.9914012814622465	0.0	-0.14920695588388316	0.3730288432333458	0.6666666666666666	6	3	0	0	5	0.11407127336318469	0.35724672943949387	0.9980339935338073	0.0	0.6	1	0	0.26645876593966206	0.3239032734453502	0.9998995945261049	1			0
S2_BCN12_AS_NR	s__Mediterraneibacter_massiliensis	OTHER_OR_INSUFFICIENT	6	-0.057788930273964076	-0.4116467062716318	0.2960688457237036	0.6920566445457357	0.9914012814622465	2.464182017021105	-0.4399851621516289	0.32440730160370074	0.5	3	3	0	0	3	-0.03300524966351444	0.8247046484103077	0.9980339935338073	0.0	0.6666666666666666	1	0	-0.037310823027537854	0.9098460653865413	0.9998995945261049	1			0
S2_BCN12_AS_NR	s__Merdimonas_faecis	OTHER_OR_INSUFFICIENT	5	0.014469339510348447	-0.48681428908228086	0.5157529681029778	0.9399746045837393	0.9914012814622465	27.71663376629186	-0.7339371719744562	0.7628758509951531	0.6	3	2	0	1							0	0	0.36057658515628865	0.38172893683654974	0.9998995945261049	1			0
S2_BCN12_AS_NR	s__Methanobrevibacter_smithii	OTHER_OR_INSUFFICIENT	8	-0.025728839418577478	-0.32483537796755685	0.27337769913040194	0.844606866827662	0.9914012814622465	0.0	-0.47965479778272674	0.42819711894557183	0.625	5	3	0	0	4	-0.025766590221839327	0.8513353070957528	0.9980339935338073	4.617924434978738	0.75	1	0	-0.04338461969111571	0.8867859188754881	0.9998995945261049	1			0
S2_BCN12_AS_NR	s__Methylobacterium_SGB15164	OTHER_OR_INSUFFICIENT	9	0.1313856849556618	-0.1581193189045955	0.42089068881591907	0.32590286963266046	0.9914012814622465	4.616560134026539	-0.35268596428263654	0.6154573341939602	0.6666666666666666	6	3	1	0	5	0.12309398246969129	0.48293257444229315	0.9980339935338073	40.145769872828815	0.8	1	0	0.32465549881898453	0.25276175082031976	0.9998995945261049	1			0
S2_BCN12_AS_NR	s__Mogibacterium_diversum	OTHER_OR_INSUFFICIENT	6	-0.07003789957725433	-0.4223886654793761	0.28231286632486746	0.6311316479648211	0.9914012814622465	1.413500668231116	-0.46705504929359787	0.32697925013908924	0.5	3	3	0	1	3	-0.10943372205250863	0.7149670895324901	0.9980339935338073	59.690836429195215	0.6666666666666666	1	0	0.06070051883014023	0.8707344954746216	0.9998995945261049	0			0
S2_BCN12_AS_NR	s__Mogibacterium_kristiansenii	OTHER_OR_INSUFFICIENT	4	-0.07129331044389471	-1.1119677849125693	0.9693811640247799	0.8414019539388525	0.9914012814622465	63.5287664270222	-2.7123470698780703	2.5697604489902806	0.75	1	3	0	1							0	0	-0.05305007863741207	0.9349555524688726	0.9998995945261049	1	0.42106453394562565	Lee_Manchester	1
S2_BCN12_AS_NR	s__Mogibacterium_sp_BX12	OTHER_OR_INSUFFICIENT	7	0.006711106695584296	-0.2782486212698998	0.29167083466106836	0.95591667869389	0.9927638329902597	0.0	-0.29265084274423103	0.3060730561353996	0.5714285714285714	4	3	0	0	4	0.0178166931015269	0.8854506530260132	0.9980339935338073	0.0	0.75	1	0	0.10383617824366798	0.7049200070641058	0.9998995945261049	1			0
S2_BCN12_AS_NR	s__Mogibacterium_sp_NSJ_24	OTHER_OR_INSUFFICIENT	4	-0.05238972641608688	-0.5332232266305335	0.4284437737983597	0.7516784069904223	0.9914012814622465	0.0	-0.7024744024108304	0.5976949495786567	0.5	2	2	0	0							0	0	-0.03537680012682835	0.932282352225337	0.9998995945261049	1			0
S2_BCN12_AS_NR	s__Monoglobus_pectinilyticus	OTHER_OR_INSUFFICIENT	8	-0.05076235077308424	-0.31629326415816567	0.2147685626119972	0.6649063036528768	0.9914012814622465	0.0	-0.32553359173256424	0.22400889018639578	0.625	3	5	0	0	5	-0.03409614332742375	0.7919531663157289	0.9980339935338073	17.51637386766638	0.6	1	0	-0.05536961061685472	0.8451847520464457	0.9998995945261049	1			0
S2_BCN12_AS_NR	s__Neglectibacter_timonensis	OTHER_OR_INSUFFICIENT	6	0.015091198285161348	-0.3909063365527742	0.4210887331230969	0.9275891542723225	0.9914012814622465	26.048705705724146	-0.7280523846773309	0.7582347812476536	0.6666666666666666	2	4	1	0	5	-0.046123619224434816	0.6956164718665475	0.9980339935338073	0.0	0.6	0	0	-0.17398902789483606	0.6305153048023141	0.9998995945261049	0			0
S2_BCN12_AS_NR	s__Neobittarella_massiliensis	OTHER_OR_INSUFFICIENT	4	-0.10667293620539788	-0.8006488291677385	0.5873029567569428	0.6582460711178625	0.9914012814622465	34.47742192358034	-1.5805584692646868	1.3672125968538908	0.5	2	2	0	0	3	-0.010050483809239424	0.9458762030218983	0.9980339935338073	0.0	0.6666666666666666	1	0	-0.031609148037477226	0.9400924147145234	0.9998995945261049	1			0
S2_BCN12_AS_NR	s__Odoribacter_splanchnicus	OTHER_OR_INSUFFICIENT	9	0.09574408941416206	-0.15838929526268664	0.3498774740910108	0.41027223338090474	0.9914012814622465	0.0	-0.1648495307245838	0.35633770955290794	0.5555555555555556	5	4	0	0	5	0.05364804474556626	0.6504113101226591	0.9980339935338073	0.0	0.6	1	0	0.2905931811789279	0.29351390503256986	0.9998995945261049	1			0
S2_BCN12_AS_NR	s__Oscillibacter_SGB15077	OTHER_OR_INSUFFICIENT	3	0.11210142406406988	-0.7212825744492974	0.9454854225774372	0.6212420879730011	0.9914012814622465	0.0	-2.3489727970645107	2.573175645192651	0.6666666666666666	1	2	0	0							0	0	-0.20482968157812628	0.6789538215757042	0.9998995945261049	0			0
S2_BCN12_AS_NR	s__Oscillibacter_sp_ER4	OTHER_OR_INSUFFICIENT	9	0.0063993836715208205	-0.34354804662327537	0.356346813966317	0.9673972888455746	0.9927638329902597	38.23993293387814	-0.6248134548647859	0.6376122222078275	0.5555555555555556	4	5	0	1	5	0.03483520364836943	0.8432329941269632	0.9980339935338073	40.37360649378524	0.6	1	0	0.062158137413619904	0.8319054251214257	0.9998995945261049	1			0
S2_BCN12_AS_NR	s__Oscillibacter_sp_NSJ_62	OTHER_OR_INSUFFICIENT	4	-0.10139912296238433	-0.5811772385218006	0.3783789925970319	0.5493749873560959	0.9914012814622465	0.0	-0.7500569237589905	0.5472586778342219	1.0	0	4	0	0	3	-0.1015492657295916	0.5194083040731861	0.9980339935338073	0.0	1.0	1	0	-0.2705324036519994	0.5049115932566901	0.9998995945261049	1	0.6294733216701416	Lee_PRIMM_UK	0
S2_BCN12_AS_NR	s__Oscillibacter_sp_PC13	OTHER_OR_INSUFFICIENT	7	0.0367040358408987	-0.27084969192381175	0.34425776360560917	0.7801061020895877	0.9914012814622465	0.0	-0.28639384230970527	0.3598019139915027	0.5714285714285714	3	4	0	0	4	0.003727220230320076	0.9760314188971566	0.9980339935338073	0.0	0.75	1	0	0.239597768319709	0.5232155780609656	0.9998995945261049	1			0
S2_BCN12_AS_NR	s__Oscillibacter_valericigenes	OTHER_OR_INSUFFICIENT	7	-0.0248839732794858	-0.31089435675544397	0.2611264101964724	0.8384612853287111	0.9914012814622465	0.0	-0.32534967969461037	0.2755817331356387	0.5714285714285714	4	3	0	0	5	-0.02956262531369068	0.8007877098952104	0.9980339935338073	0.0	0.6	1	0	-0.06435075298535488	0.8454351056528066	0.9998995945261049	1			0
S2_BCN12_AS_NR	s__Parabacteroides_distasonis	OTHER_OR_INSUFFICIENT	9	0.07827838339704603	-0.19186405320111583	0.34842081999520785	0.5228107082602674	0.9914012814622465	0.0	-0.2940030779074576	0.45055984470154964	0.5555555555555556	5	4	1	0	5	0.0844183606282108	0.6198220300373836	0.9980339935338073	37.80399355796418	0.6	1	0	0.20536107919274973	0.718473627980804	0.9998995945261049	1			0
S2_BCN12_AS_NR	s__Parabacteroides_goldsteinii	OTHER_OR_INSUFFICIENT	8	-0.049080710217891704	-0.31694643975778525	0.2187850193220018	0.6778581462456982	0.9914012814622465	0.0	-0.32626801757466894	0.2281065971388855	0.625	3	5	0	0	5	-0.09888915616453851	0.4181790608854497	0.9980339935338073	0.0	0.8	1	0	-0.06102984371254861	0.8284804238946645	0.9998995945261049	1			0
S2_BCN12_AS_NR	s__Parabacteroides_johnsonii	OTHER_OR_INSUFFICIENT	5	-0.07785951967034564	-0.4501557146927946	0.29443667535210327	0.5926202316262132	0.9914012814622465	0.0	-0.5045968068602816	0.3488777675195904	0.6	2	3	0	0	4	-0.17309056892894017	0.33943736602742236	0.9980339935338073	0.0	0.75	1	0	-0.09434988835015315	0.8364410139703092	0.9998995945261049	1			0
S2_BCN12_AS_NR	s__Parabacteroides_merdae	CONSISTENT_NONSIGNIFICANT	9	0.2509794596102472	-0.021131017717284206	0.5230899369377786	0.06610828535350899	0.9914012814622465	11.48542674658925	-0.028048242481160668	0.5300071617016551	0.7777777777777778	7	2	0	0	5	0.2183756776095737	0.1907518648534332	0.9980339935338073	36.921296308506726	0.8	1	0	0.5912824441310747	0.17104070294984422	0.9998995945261049	1	0.18844033900145402	Gopalakrishnan_US	0
S2_BCN12_AS_NR	s__Paraprevotella_clara	OTHER_OR_INSUFFICIENT	9	-0.0823724966873212	-0.33734369973820705	0.1725987063635646	0.47759002485019897	0.9914012814622465	0.0	-0.34382523309238594	0.1790802397177435	0.5555555555555556	4	5	0	0	5	-0.0817990589134039	0.5103910914212454	0.9980339935338073	6.0819503348447	0.6	1	0	-0.015899262007532215	0.9485040885343659	0.9998995945261049	1			0
S2_BCN12_AS_NR	s__Parasutterella_SGB9260	OTHER_OR_INSUFFICIENT	4	0.1175920296318601	-0.3872402863361212	0.6224243455998414	0.5122683928973355	0.9914012814622465	0.0	-0.5649389342466054	0.8001229935103256	0.5	2	2	0	0	3	0.15446106358066855	0.4472705136399089	0.9980339935338073	0.0	0.6666666666666666	1	0	0.3697435029851519	0.42127409882224587	0.9998995945261049	1			0
S2_BCN12_AS_NR	s__Parasutterella_excrementihominis	OTHER_OR_INSUFFICIENT	8	-0.055281278338291245	-0.3393755930474176	0.22881303637083514	0.6593762722208873	0.9914012814622465	0.0	-0.34926191650807803	0.2386993598314955	0.625	5	3	0	0	5	-0.049579406515549665	0.6740974726034366	0.9980339935338073	0.0	0.6	1	0	0.0033505439077839163	0.9896044284476055	0.9998995945261049	0			0
S2_BCN12_AS_NR	s__Phascolarctobacterium_SGB4573	DOMAIN_SPECIFIC	5	-0.10690534014692896	-0.7058880042307559	0.49207732393689796	0.6462116055381667	0.9914012814622465	56.60269037705143	-1.410472979938841	1.1966622996449832	0.6	3	2	0	1	5	0.02197064667734486	0.8872859510439456	0.9980339935338073	37.48325691649633	0.6	0	0	-0.19398456381433396	0.7013344790202946	0.9998995945261049	1	0.45159470533439017	Gopalakrishnan_US	1
S2_BCN12_AS_NR	s__Phascolarctobacterium_faecium	OTHER_OR_INSUFFICIENT	8	0.1326617637862548	-0.15201793947081385	0.4173414670433234	0.30693441062309645	0.9914012814622465	0.0	-0.16192463412491312	0.42724816169742275	0.5	4	4	0	0	5	0.14199256037433247	0.35666014042392513	0.9980339935338073	18.56691647633612	0.8	1	0	0.307727544185409	0.2879560659209864	0.9998995945261049	1			0
S2_BCN12_AS_NR	s__Phascolarctobacterium_succinatutens	OTHER_OR_INSUFFICIENT	6	0.162376837062699	-0.2150074515199678	0.5397611256453658	0.31906411602465834	0.9914012814622465	19.538803538742204	-0.4717767441657271	0.7965304182911251	0.6666666666666666	4	2	0	0	3	0.07068346795326014	0.7601687746367891	0.9980339935338073	58.13028097898355	0.6666666666666666	1	0	0.4797912508171719	0.23051331591189353	0.9998995945261049	1			0
S2_BCN12_AS_NR	s__Phocaeicola_dorei	OTHER_OR_INSUFFICIENT	9	0.02439349237224219	-0.2299521192369196	0.278739103981404	0.8305070167379327	0.9914012814622465	0.0	-0.23641774961932394	0.28520473436380833	0.5555555555555556	5	4	0	0	5	0.0006458444414830341	0.9955757817270737	0.9980339935338073	0.0	0.6	1	0	0.1633938441228634	0.5548767650814448	0.9998995945261049	1			0
S2_BCN12_AS_NR	s__Phocaeicola_massiliensis	OTHER_OR_INSUFFICIENT	9	-0.059895589105918044	-0.31472860860978286	0.19493743039794678	0.6025836825327662	0.9914012814622465	0.0	-0.32120662921881393	0.20141545100697786	0.5555555555555556	4	5	0	0	5	-0.06217042225892931	0.637689954713595	0.9980339935338073	19.166838037992893	0.6	1	0	-0.18396968027310298	0.5052767614279011	0.9998995945261049	1			0
S2_BCN12_AS_NR	s__Phocaeicola_plebeius	OTHER_OR_INSUFFICIENT	5	0.10821474125805346	-0.2607108560558993	0.4771403385720062	0.4611222899425103	0.9914012814622465	0.0	-0.31465906362198487	0.5310885461380918	0.6	3	2	0	0	3	0.055882073582668654	0.7621644071324727	0.9980339935338073	33.42740412053449	0.6666666666666666	1	0	0.1534242622120157	0.7296271363998318	0.9998995945261049	1			0
S2_BCN12_AS_NR	s__Phocaeicola_vulgatus	OTHER_OR_INSUFFICIENT	9	0.18281325751072008	-0.07647281798217564	0.4420993330036158	0.14262806318146187	0.9914012814622465	3.0025100443544726	-0.0830640381570793	0.44869055317851947	0.6666666666666666	6	3	0	0	5	0.19076274452640204	0.22546567865876632	0.9980339935338073	0.0	0.8	1	0	0.8642176808356314	0.2155859391695994	0.9998995945261049	1	0.27936340138347676	Spencer_US	0
S2_BCN12_AS_NR	s__Phocea_massiliensis	OTHER_OR_INSUFFICIENT	9	0.07254125298436101	-0.1817045760463988	0.32678708201512086	0.5290457764355068	0.9914012814622465	0.0	-0.18816766993276504	0.3332501759014871	0.5555555555555556	5	4	0	0	5	0.05801437413635014	0.6249437802799905	0.9980339935338073	0.0	0.6	1	0	0.22106198844761124	0.3932466388283742	0.9998995945261049	1			0
S2_BCN12_AS_NR	s__Prevotella_copri_clade_A	OTHER_OR_INSUFFICIENT	8	-0.05461757705918795	-0.32032851389366174	0.21109335977528582	0.6417742677532875	0.9914012814622465	0.0	-0.32957510622726105	0.22033995210888513	0.625	5	3	0	0	5	-0.039254615298315344	0.7385363641345933	0.9980339935338073	0.0	0.6	1	0	0.0364893804196955	0.8864905407675215	0.9998995945261049	0			0
S2_BCN12_AS_NR	s__Pseudoflavonifractor_capillosus	OTHER_OR_INSUFFICIENT	6	0.11180352053690848	-0.21848644970219802	0.442093490776015	0.42401845247498243	0.9914012814622465	0.0	-0.24493749418400215	0.46854453525781914	0.5	3	3	0	0	5	0.036414016561460434	0.7562741230964349	0.9980339935338073	0.0	0.6	1	0	0.09154154609348693	0.7608550600695532	0.9998995945261049	1			0
S2_BCN12_AS_NR	s__Pseudoflavonifractor_gallinarum	CONSISTENT_NONSIGNIFICANT	5	-0.12544049021529857	-0.609127544685852	0.35824656425525475	0.5113241988848101	0.9914012814622465	23.980853989178897	-0.9547382242910373	0.7038572438604401	0.8	1	4	0	0	4	-0.13330656589762072	0.5849700588193456	0.9980339935338073	42.95738920738391	0.75	1	0	-0.5650576972344414	0.32109430019695917	0.9998995945261049	1	0.2931734444929653	Frankel_US	0
S2_BCN12_AS_NR	s__Pseudoflavonifractor_sp_An184	OTHER_OR_INSUFFICIENT	4	-0.07549487856583677	-0.7186706409210306	0.567680883789357	0.7335749856742171	0.9914012814622465	45.33323200253297	-0.9450655439547593	0.7940757868230857	0.75	1	3	1	0	3	-0.09709202181633127	0.5064645002833201	0.9980339935338073	0.0	0.6666666666666666	1	0	-0.353469088108657	0.4299863033504345	0.9998995945261049	1	0.6366417016000349	Spencer_US	1
S2_BCN12_AS_NR	s__Pseudoruminococcus_massiliensis	OTHER_OR_INSUFFICIENT	3	0.00674431430178636	-0.8023768497059486	0.8158654783095213	0.9746483674726791	0.9927638329902597	0.0	-2.382679099642621	2.3961677282461933	0.6666666666666666	1	2	0	0							0	0	-0.15570549063375852	0.7006418291767583	0.9998995945261049	0			0
S2_BCN12_AS_NR	s__Raoultibacter_massiliensis	OTHER_OR_INSUFFICIENT	4	0.06839111109782701	-0.4260923534187889	0.562874575614443	0.6896048980537901	0.9914012814622465	0.0	-0.6001482535433703	0.7369304757390244	0.75	3	1	0	0							0	0	0.47566097970022364	0.3280525671048477	0.9998995945261049	1	0.35482941319076505	Lee_PRIMM_NL	0
S2_BCN12_AS_NR	s__Raoultibacter_timonensis	OTHER_OR_INSUFFICIENT	3	0.10756345348919819	-0.702787689761976	0.9179145967403723	0.6255392969649255	0.9914012814622465	0.0	-2.2854922238685385	2.5006191308469345	0.6666666666666666	2	1	0	0							0	0	0.31064628458258786	0.5964296445356841	0.9998995945261049	1			0
S2_BCN12_AS_NR	s__Rheinheimera_SGB14999	OTHER_OR_INSUFFICIENT	9	-0.03674358509031001	-0.3036258483196962	0.23013867813907618	0.7590043949737434	0.9914012814622465	8.629483839619338	-0.3104101684872905	0.23692299830667052	0.5555555555555556	4	5	0	1	5	-0.05909129427727876	0.6187435766560407	0.9980339935338073	0.0	0.6	1	0	0.009596561678423857	0.969655118484111	0.9998995945261049	0			0
S2_BCN12_AS_NR	s__Romboutsia_timonensis	DOMAIN_SPECIFIC	9	0.09680181215229115	-0.2867878494078704	0.4803914737124527	0.5766355501728265	0.9914012814622465	50.582137519202455	-0.8155436276159583	1.0091472519205407	0.6666666666666666	3	6	1	0	5	0.007263532438296524	0.9704083600686093	0.9980339935338073	59.23028445056163	0.8	1	0	0.13447579398337184	0.722668261207226	0.9998995945261049	1	0.2525352892059034	Lee_PRIMM_NL	1
S2_BCN12_AS_NR	s__Roseburia_faecis	CONSISTENT_NONSIGNIFICANT	9	0.24073105151469615	-0.01428568705624711	0.4957477900856394	0.06116442148329934	0.9914012814622465	0.0	-0.020768377978238217	0.5022304810076306	0.7777777777777778	7	2	0	0	5	0.23571169496018957	0.09851738693603368	0.9980339935338073	0.0	1.0	1	1	0.6973881820442908	0.026253995524087578	0.9998995945261049	1	0.24239309058875977	Spencer_US	0
S2_BCN12_AS_NR	s__Roseburia_hominis	CONSISTENT_NONSIGNIFICANT	9	0.18138394094574145	-0.0730642853161525	0.4358321672076354	0.1388317386144116	0.9914012814622465	0.0	-0.07953252422781437	0.4423004061192973	0.7777777777777778	7	2	0	0	5	0.1820454197649345	0.17263478035246083	0.9980339935338073	0.0	0.8	1	0	0.5534274836840015	0.07253442627498652	0.9998995945261049	1	0.22882992007979208	Matson_US	0
S2_BCN12_AS_NR	s__Roseburia_intestinalis	OTHER_OR_INSUFFICIENT	9	-0.04740035389439996	-0.3017594249660662	0.20695871717726633	0.6787331314369554	0.9914012814622465	0.0	-0.30822539752003447	0.21342468973123457	0.5555555555555556	4	5	0	0	5	-0.0514134539642586	0.6637974695328793	0.9980339935338073	0.0	0.6	1	0	-0.07378470857127717	0.7851742425159954	0.9998995945261049	1			0
S2_BCN12_AS_NR	s__Roseburia_inulinivorans	OTHER_OR_INSUFFICIENT	9	0.023403923035808575	-0.23118884863082417	0.2779966947024413	0.8374208286718968	0.9914012814622465	0.0	-0.237660761979416	0.28446860805103313	0.5555555555555556	4	5	0	0	5	0.0048274310181156835	0.9706463457716767	0.9980339935338073	0.0	0.6	1	0	0.47361537985428936	0.12664888438164135	0.9998995945261049	1			0
S2_BCN12_AS_NR	s__Roseburia_sp_AF02_12	STRONG_DIRECTION_REVERSAL	9	-0.055402529958486484	-0.5885396279615606	0.4777345680445876	0.8166386834966081	0.9914012814622465	65.68036695420001	-1.404567708006952	1.2937626480899793	0.5555555555555556	4	5	1	1	5	0.14163476812536666	0.5334008500033641	0.9980339935338073	67.64373198666992	0.6	0	0	-0.06206962207205023	0.8851042421647921	0.9998995945261049	1	0.3208562345882684	Lee_Leeds	1
S2_BCN12_AS_NR	s__Roseburia_sp_AM16_25	OTHER_OR_INSUFFICIENT	7	0.10051027919485361	-0.22349501327860166	0.4245155716683089	0.4765675747839627	0.9914012814622465	18.427580212822413	-0.3743000875543904	0.5753206459440976	0.7142857142857143	5	2	1	0	4	0.17160324190747767	0.47902753604804144	0.9980339935338073	59.34915382102935	0.75	1	0	0.26716109741715593	0.4530761765688414	0.9998995945261049	1			0
S2_BCN12_AS_NR	s__Roseburia_sp_BX1005	OTHER_OR_INSUFFICIENT	4	0.0024469295458173458	-0.520949744731485	0.5258436038231198	0.9890634656932956	0.9927638329902597	0.0	-0.7051829613317266	0.7100768204233614	0.5	2	2	0	0	4	-0.027858344206158313	0.8374767368721289	0.9980339935338073	0.0	0.5	0	0	-0.12732193864983704	0.7495548161698261	0.9998995945261049	0			0
S2_BCN12_AS_NR	s__Rothia_mucilaginosa	CONSISTENT_NONSIGNIFICANT	7	-0.11665621826752363	-0.40244621347271103	0.16913377693766374	0.356452865290519	0.9914012814622465	0.0	-0.4168903976908331	0.18357796115578578	0.8571428571428571	1	6	0	0	4	-0.08556186163372946	0.5068881972523739	0.9980339935338073	0.0	1.0	1	0	-0.26247630535150906	0.4111603641895596	0.9998995945261049	1	0.27749842340533665	Lee_Manchester	0
S2_BCN12_AS_NR	s__Ruminococcus_SGB4421	CONSISTENT_NONSIGNIFICANT	6	0.037969734129474214	-0.3493041013976155	0.42524356965656396	0.8110503513036043	0.9914012814622465	0.0	-0.38031865923328456	0.45625812749223293	0.8333333333333334	5	1	0	0	4	0.08500191223794866	0.5448959422240508	0.9980339935338073	0.0	0.75	1	0	0.14054829263627158	0.694062427410809	0.9998995945261049	1	0.35699262255832015	Gopalakrishnan_US	1
S2_BCN12_AS_NR	s__Ruminococcus_bicirculans	OTHER_OR_INSUFFICIENT	9	0.07580003809217863	-0.1919909564857024	0.34359103267005964	0.5322349704601591	0.9914012814622465	9.223875121450376	-0.19879837717356258	0.3503984533579198	0.6666666666666666	6	3	0	0	5	0.06185064359069618	0.6238159319752072	0.9980339935338073	11.26969684807594	0.6	1	0	0.1346598275746179	0.6355728780070098	0.9998995945261049	1			0
S2_BCN12_AS_NR	s__Ruminococcus_bromii	OTHER_OR_INSUFFICIENT	9	0.03177119946438221	-0.2243691912867074	0.28791159021547186	0.7821200566517921	0.9914012814622465	0.0	-0.24111362271182102	0.3046560216405855	0.5555555555555556	4	5	0	0	5	0.05558224982849294	0.6866482519729179	0.9980339935338073	0.0	0.6	1	0	0.18228992955082426	0.6224892954870486	0.9998995945261049	1			0
S2_BCN12_AS_NR	s__Ruminococcus_callidus	OTHER_OR_INSUFFICIENT	5	0.09208758188791821	-0.3189013821575674	0.5030765459334039	0.5675809518833479	0.9914012814622465	0.0	-0.3790005405041638	0.5631757042800003	0.6	3	2	0	0							0	0	0.2583263612917839	0.47653465583242827	0.9998995945261049	1			0
S2_BCN12_AS_NR	s__Ruminococcus_gnavus	OTHER_OR_INSUFFICIENT	9	-0.09707253247897939	-0.3870739795769019	0.19292891461894313	0.4623686350359073	0.9914012814622465	22.350505999010718	-0.3944460043215985	0.20030093936363969	0.6666666666666666	3	6	0	0	5	-0.07837757001991524	0.5143925931216438	0.9980339935338073	0.0	0.8	1	0	-0.1530391251443582	0.5694114816968056	0.9998995945261049	1			0
S2_BCN12_AS_NR	s__Ruminococcus_lactaris	OTHER_OR_INSUFFICIENT	9	-0.05044614968141417	-0.34971357897893096	0.24882127961610265	0.7076296093946809	0.9914012814622465	24.07628440274555	-0.4368575989191039	0.3359652995562755	0.5555555555555556	4	5	0	0	5	-0.034812490473631094	0.7668674604774581	0.9980339935338073	0.0	0.6	1	0	0.041416934455803564	0.888667478185428	0.9998995945261049	0			0
S2_BCN12_AS_NR	s__Ruminococcus_sp_AF46_10NS	OTHER_OR_INSUFFICIENT	4	0.09940164767386331	-0.3958260748682553	0.594629370215982	0.5683936578283431	0.9914012814622465	0.0	-0.5701439504070572	0.7689472457547838	1.0	4	0	0	0							0	0	0.3053353753916936	0.5482231930674306	0.9998995945261049	1	0.8497373986396138	Lee_Manchester	0
S2_BCN12_AS_NR	s__Ruminococcus_sp_BSD2780120874_150323_B10	OTHER_OR_INSUFFICIENT	6	0.03530197567275375	-0.31748260391299904	0.3880865552585065	0.8072518633686018	0.9914012814622465	0.0	-0.3457351135544553	0.41633906489996275	0.5	3	3	0	0	3	0.021139507725930557	0.8866847697599596	0.9980339935338073	0.0	0.6666666666666666	1	0	0.04569530024594518	0.8748995334251045	0.9998995945261049	1			0
S2_BCN12_AS_NR	s__Ruminococcus_sp_NSJ_13	OTHER_OR_INSUFFICIENT	5	0.06713463580161488	-0.4322023264593288	0.5664715980625585	0.7278760162488239	0.9914012814622465	31.50213253930693	-0.5052206643259298	0.6394899359291597	0.6	3	2	0	1							0	0	0.02023216213744938	0.9742720610417687	0.9998995945261049	1			0
S2_BCN12_AS_NR	s__Ruminococcus_torques	OTHER_OR_INSUFFICIENT	9	0.11835054285136924	-0.13556814259281996	0.3722692282955585	0.313800374196419	0.9914012814622465	0.0	-0.14202292026037905	0.37872400596311756	0.6666666666666666	6	3	0	0	5	0.11889141985104769	0.3390442121956656	0.9980339935338073	0.0	0.6	1	0	0.7476355176779645	0.22788297917908992	0.9998995945261049	1			0
S2_BCN12_AS_NR	s__Ruthenibacterium_lactatiformans	OTHER_OR_INSUFFICIENT	9	0.010868868503712823	-0.24310457561111126	0.2648423126185369	0.9238154338012585	0.9914012814622465	0.0	-0.24956074525644384	0.2712984822638695	0.5555555555555556	4	5	0	0	5	0.028414245844411577	0.808292238011949	0.9980339935338073	0.0	0.6	1	0				0			0
S2_BCN12_AS_NR	s__Sanguibacter_SGB15121	OTHER_OR_INSUFFICIENT	6	0.048842004699036184	-0.26097814235854644	0.35866215175661875	0.7020560791565085	0.9914012814622465	0.0	-0.2857898753887057	0.38347388478677813	0.6666666666666666	4	2	0	0	5	0.049704291012557855	0.6739155633155	0.9980339935338073	0.0	0.6	1	0	0.21475325620261923	0.545553242235349	0.9998995945261049	1			0
S2_BCN12_AS_NR	s__Scardovia_wiggsiae	OTHER_OR_INSUFFICIENT	4	-0.31626741251489826	-0.8156363714524277	0.18310154642263116	0.13724470399851715	0.9914012814622465	0.0	-0.9914119431399944	0.3588771181101979	1.0	0	4	0	0							0	0	-0.6902860546688719	0.17513539672126957	0.9998995945261049	1	0.4923649918499772	Lee_PRIMM_NL	0
S2_BCN12_AS_NR	s__Sellimonas_intestinalis	OTHER_OR_INSUFFICIENT	8	-0.09008191770189006	-0.39734199436150225	0.21717815895772213	0.5104890724246255	0.9914012814622465	24.704133682389955	-0.40803447340077637	0.22787063799699625	0.625	3	5	0	1	5	-0.07609005445904955	0.5259234005265313	0.9980339935338073	0.0	0.8	1	0	-0.2026681298968893	0.46784532671281437	0.9998995945261049	1			0
S2_BCN12_AS_NR	s__Senegalimassilia_anaerobia	OTHER_OR_INSUFFICIENT	6	0.016937019535701887	-0.3322485198438271	0.3661225589152308	0.9056311568263868	0.9914012814622465	0.0	-0.3602128029410298	0.39408684201243355	0.6666666666666666	2	4	0	0	3	0.08368211646012684	0.5886334663585928	0.9980339935338073	0.0	0.6666666666666666	1	0	0.004452281198049136	0.9883394513845273	0.9998995945261049	1			0
S2_BCN12_AS_NR	s__Slackia_isoflavoniconvertens	OTHER_OR_INSUFFICIENT	8	0.08605118155728711	-0.1854671181944181	0.35756948130899235	0.47803308470855177	0.9914012814622465	0.0	-0.19491580339984868	0.36701816651442287	0.625	5	3	0	0	4	0.09072259892029635	0.5544729200528145	0.9980339935338073	30.32891410998801	0.75	1	0	0.18825486353354548	0.5237631072307989	0.9998995945261049	1			0
S2_BCN12_AS_NR	s__Solibaculum_mannosilyticum	OTHER_OR_INSUFFICIENT	6	0.1068476472580704	-0.24130131469903926	0.45499660921518004	0.4659043730966808	0.9914012814622465	0.0	-0.2691825841608736	0.48287787867701437	0.6666666666666666	4	2	0	0	3	0.08953947779426492	0.5652416997798004	0.9980339935338073	0.0	1.0	1	0	0.03561975634766522	0.9112635330324209	0.9998995945261049	1			0
S2_BCN12_AS_NR	s__Solobacterium_SGB6829	OTHER_OR_INSUFFICIENT	4	0.0483002637503628	-0.8307674132001189	0.9273679407008445	0.8723255993167345	0.9914012814622465	50.82732557634141	-1.9095347013078412	2.0061352288085668	0.5	2	2	0	0							0	0	-0.029080367581711966	0.9454665338686523	0.9998995945261049	0	0.49821655573693857	Frankel_US	1
S2_BCN12_AS_NR	s__Streptococcus_SGB14888	CONSISTENT_NONSIGNIFICANT	6	-0.3176806479609405	-0.650886840479425	0.015525544557544124	0.057878927072543065	0.9914012814622465	0.0	-0.6775714286140155	0.04221013269213464	0.8333333333333334	1	5	0	0	4	-0.35024669261347663	0.06274090781523058	0.9980339935338073	9.905899600966983	0.75	1	1	-0.7633133220743239	0.046977923935737964	0.9998995945261049	1	0.2331409868363376	Frankel_US	0
S2_BCN12_AS_NR	s__Streptococcus_anginosus	OTHER_OR_INSUFFICIENT	6	0.061125251855483294	-0.36115305124592456	0.48340355495689113	0.7250718369520283	0.9914012814622465	22.661045843511847	-0.6922838072652793	0.814534310976246	0.6666666666666666	4	2	1	0	3	-0.03926390985941659	0.8820636636597136	0.9980339935338073	56.93411574902915	0.6666666666666666	0	0	0.19570122257291334	0.5392583827007256	0.9998995945261049	1			0
S2_BCN12_AS_NR	s__Streptococcus_australis	OTHER_OR_INSUFFICIENT	6	-0.06832907790165574	-0.4174124941609443	0.28075433835763275	0.6362270346468756	0.9914012814622465	0.0	-0.4453685987479773	0.3087104429446659	0.5	3	3	0	0	3	-0.07235918311105212	0.6507887671940942	0.9980339935338073	8.573827407185265	0.6666666666666666	1	0	-0.092403077088294	0.7758647829327967	0.9998995945261049	1			0
S2_BCN12_AS_NR	s__Streptococcus_constellatus	OTHER_OR_INSUFFICIENT	4	0.1968186725557537	-0.6417080489807415	1.035345394092249	0.5092895368075735	0.9914012814622465	48.05486851433497	-1.7088993898366351	2.1025367349481425	0.5	2	2	0	0							0	0	0.23648250298524748	0.8092239625455413	0.9998995945261049	1			0
S2_BCN12_AS_NR	s__Streptococcus_cristatus	OTHER_OR_INSUFFICIENT	3	-0.3434722842046079	-1.1604561736154877	0.47351160520627184	0.21218920758138893	0.9914012814622465	0.0	-2.7561151873698644	2.0691706189606482	1.0	0	3	0	1							0	0	-0.7124146413841563	0.22077258592814838	0.9998995945261049	1			0
S2_BCN12_AS_NR	s__Streptococcus_gordonii	OTHER_OR_INSUFFICIENT	7	-0.018119469045499915	-0.3417937640713574	0.30555482598035755	0.8955278526802685	0.9914012814622465	0.0	-0.3581526680710193	0.32191372998001944	0.5714285714285714	4	3	0	0	3	0.001989485401416347	0.9892721568585173	0.9980339935338073	0.0	0.6666666666666666	0	0	0.06250289009646574	0.8263693949295634	0.9998995945261049	0			0
S2_BCN12_AS_NR	s__Streptococcus_infantis	OTHER_OR_INSUFFICIENT	6	-0.11122678240198199	-0.460202024432311	0.23774845962834706	0.44988554125528984	0.9914012814622465	0.0	-0.4881494659666237	0.26569590116265973	0.6666666666666666	2	4	0	0	3	-0.09744609774212029	0.5549599045661407	0.9980339935338073	2.519616077014674	0.6666666666666666	1	0	-0.2617211166684441	0.45920745844838373	0.9998995945261049	1			0
S2_BCN12_AS_NR	s__Streptococcus_lutetiensis	OTHER_OR_INSUFFICIENT	3	0.12685030696950655	-0.6858578809079379	0.9395584948469509	0.5710362204462166	0.9914012814622465	0.0	-2.2731659813110765	2.5268665952500893	0.6666666666666666	1	2	0	0							0	0	0.12883626152453503	0.8398733227971755	0.9998995945261049	1			0
S2_BCN12_AS_NR	s__Streptococcus_mitis	OTHER_OR_INSUFFICIENT	6	0.10851196138241383	-0.24008433020518605	0.4571082529700137	0.4599202295334768	0.9914012814622465	0.0	-0.26800142375737884	0.48502534652220647	0.5	3	3	0	0	3	0.12125401291731241	0.4529285954991348	0.9980339935338073	0.0	0.6666666666666666	1	0	0.2675274609164208	0.41273371256125374	0.9998995945261049	1			0
S2_BCN12_AS_NR	s__Streptococcus_mutans	OTHER_OR_INSUFFICIENT	6	-0.14687370562708502	-0.5068173370883378	0.21306992583416773	0.34224807444467503	0.9914012814622465	5.235625425012287	-0.5530246392335232	0.25927722797935315	0.6666666666666666	2	4	0	0	3	-0.08868184310133131	0.7720447753414721	0.9980339935338073	56.65731790105231	0.6666666666666666	1	0	-0.22979498588212863	0.4517407167440169	0.9998995945261049	1			0
S2_BCN12_AS_NR	s__Streptococcus_oralis	CONSISTENT_NONSIGNIFICANT	5	-0.18686618239387268	-0.5867616779505701	0.21302931316282472	0.26426134342373675	0.9914012814622465	0.0	-0.6452386318916339	0.2715062671038886	0.8	1	4	0	0	3	-0.11547858303332749	0.47130926498379727	0.9980339935338073	0.0	1.0	1	0	-0.43141595544895905	0.30675952840934784	0.9998995945261049	1	0.3824420038752095	Lee_PRIMM_NL	0
S2_BCN12_AS_NR	s__Streptococcus_parasanguinis	OTHER_OR_INSUFFICIENT	9	-0.15588814604061318	-0.4104202823979559	0.09864399031672955	0.19555505986525012	0.9914012814622465	0.0	-0.41689065440097534	0.10511436231974897	0.5555555555555556	4	5	0	0	5	-0.12308408727732494	0.3246643208421585	0.9980339935338073	0.0	0.8	1	0	-0.345103205204672	0.23318419803158216	0.9998995945261049	1	0.25586389529708964	Frankel_US	0
S2_BCN12_AS_NR	s__Streptococcus_salivarius	OTHER_OR_INSUFFICIENT	9	-0.06983320413963616	-0.3238751976598939	0.18420878938062157	0.5438446233242148	0.9914012814622465	0.0	-0.3303331098913186	0.19066670161204624	0.6666666666666666	3	6	0	0	5	-0.03428510622519752	0.7698128455938328	0.9980339935338073	0.0	0.8	1	0	-0.1347840427573921	0.6872716649293016	0.9998995945261049	1			0
S2_BCN12_AS_NR	s__Streptococcus_sanguinis	OTHER_OR_INSUFFICIENT	6	-0.08897379085225807	-0.5377056959121332	0.35975811420761705	0.6319611173536301	0.9914012814622465	33.915255006248984	-0.951497562648009	0.7735499809434928	0.6666666666666666	4	2	0	1	3	-0.05802078679716361	0.8201974600672084	0.9980339935338073	46.092922644402194	0.6666666666666666	1	0	0.00528123220918378	0.9883434844754011	0.9998995945261049	0			0
S2_BCN12_AS_NR	s__Streptococcus_thermophilus	OTHER_OR_INSUFFICIENT	9	0.11309755725137945	-0.14167208956592048	0.36786720406867934	0.33593993614910395	0.9914012814622465	0.0	-0.1481484992633465	0.37434361376610537	0.5555555555555556	5	4	0	0	5	0.14062427376157782	0.26966714280560655	0.9980339935338073	0.0	0.8	1	0	0.360453852749817	0.1903416784767511	0.9998995945261049	1			0
S2_BCN12_AS_NR	s__Streptococcus_vestibularis	OTHER_OR_INSUFFICIENT	6	-0.17948320533624873	-0.5352601495218816	0.1762937388493841	0.25131255274349784	0.9914012814622465	0.0	-0.5979814854006121	0.23901507472811467	0.6666666666666666	2	4	0	1	3	-0.15417814062003138	0.3610593538327944	0.9980339935338073	0.0	0.6666666666666666	1	0	-0.1949937536499112	0.5121339727111338	0.9998995945261049	1			0
S2_BCN12_AS_NR	s__Sutterella_wadsworthensis	CONSISTENT_NONSIGNIFICANT	9	-0.19206605487730227	-0.44654058749951525	0.062408477744910706	0.1199587798954663	0.9914012814622465	0.0	-0.4530094952217936	0.06887738546718908	0.7777777777777778	2	7	0	0	5	-0.20402705255910644	0.13676429155152736	0.9980339935338073	0.0	0.6	1	0	-0.38874004851999083	0.13906600166300617	0.9998995945261049	1	0.37432061234311365	Lee_PRIMM_NL	0
S2_BCN12_AS_NR	s__Turicibacter_bilis	OTHER_OR_INSUFFICIENT	5	0.1726617951043238	-0.336188864540813	0.6815124547494605	0.3994857030909224	0.9914012814622465	28.32629104437214	-0.756515004402813	1.1018385946114606	0.6	3	2	1	0							0	0	0.46863914630016573	0.23180510439182517	0.9998995945261049	1			0
S2_BCN12_AS_NR	s__Turicibacter_sanguinis	OTHER_OR_INSUFFICIENT	6	0.07618240067099608	-0.37674083605244596	0.529105637394438	0.6834809958021842	0.9914012814622465	34.96132193016678	-0.803369999821564	0.9557348011635562	0.5	3	3	1	0	3	0.1396722742302436	0.44369821579291324	0.9980339935338073	20.62214745631955	0.6666666666666666	1	0	0.325658392909935	0.3575908046751567	0.9998995945261049	1			0
S2_BCN12_AS_NR	s__Tyzzerella_nexilis	OTHER_OR_INSUFFICIENT	3	0.2905689417281538	-1.0422418522814174	1.623379735737725	0.44725072465975957	0.9914012814622465	54.79472986001528	-6.1047377415841835	6.685875625040491	0.6666666666666666	2	1	1	0	3	0.2905689417281538	0.44725072465975957	0.9980339935338073	54.79472986001528	0.6666666666666666	1	0	-0.1104407329777235	0.8385490333807593	0.9998995945261049	0			0
S2_BCN12_AS_NR	s__Veillonella_atypica	CONSISTENT_NONSIGNIFICANT	6	-0.382232005002668	-0.7164524186776798	-0.0480115913276562	0.03226217566687105	0.9914012814622465	0.0	-0.74321822999727	-0.021245780008065984	0.8333333333333334	1	5	0	2	5	-0.2702728954503904	0.07009402449404407	0.9980339935338073	0.0	0.8	1	1	-0.9122867587117454	0.02839740156965986	0.9998995945261049	1	0.31511846250882797	Matson_US	0
S2_BCN12_AS_NR	s__Veillonella_dispar	CONSISTENT_NONSIGNIFICANT	8	-0.22311085101245837	-0.5843314896574228	0.13810978763250598	0.18752426149035273	0.9914012814622465	40.09574207315955	-0.9927657787200512	0.5465440766951344	0.75	2	6	0	2	5	-0.1596779246869506	0.4249242635987832	0.9980339935338073	47.959469826906755	0.8	1	0	-0.2965112270936345	0.39332139935636845	0.9998995945261049	1	0.2668750908097383	Matson_US	0
S2_BCN12_AS_NR	s__Veillonella_parvula	CONSISTENT_NONSIGNIFICANT	9	-0.3213826237659579	-0.6103718820703801	-0.03239336546153576	0.033412812314667625	0.9914012814622465	14.436139226912772	-0.7944391728233418	0.15167392529142604	0.8888888888888888	1	8	0	1	5	-0.28597664488856445	0.21526819940025163	0.9980339935338073	51.80100617933754	0.8	1	0	-0.5835586132791684	0.05808872991076702	0.9998995945261049	1	0.20261972792698138	Matson_US	0
S2_BCN12_AS_NR	s__Veillonella_rogosae	OTHER_OR_INSUFFICIENT	4	-0.32145734742344345	-0.8728119910021797	0.22989729615529275	0.16055044887982722	0.9914012814622465	0.0	-1.0668862836404929	0.42397158879360597	1.0	0	4	0	0							0	0	-0.6870074121330079	0.18207845365745057	0.9998995945261049	1	0.4387590667996107	Lee_PRIMM_UK	0
S2_BCN12_AS_NR	s__Vescimonas_SGB15087	OTHER_OR_INSUFFICIENT	6	-0.030637927052941757	-0.3569136361788499	0.29563778207296637	0.8188451614136618	0.9914012814622465	3.816462357924332	-0.46564717316167636	0.4043713190557928	0.6666666666666666	2	4	0	0	4	-0.04999057032511405	0.761268589825736	0.9980339935338073	33.333837467339315	0.5	1	0	-0.1179917362267217	0.7871188129748092	0.9998995945261049	1			0
S2_BCN12_AS_NR	s__Vescimonas_coprocola	OTHER_OR_INSUFFICIENT	9	-0.16646624486379133	-0.5595255556936616	0.22659306596607895	0.3573583734743439	0.9914012814622465	51.94417397739358	-1.10772450655647	0.7747920168288874	0.5555555555555556	4	5	0	1	5	-0.1256493000620978	0.4173719767442176	0.9980339935338073	17.76279147980663	0.6	1	0	-0.18361127503541755	0.6162198324612101	0.9998995945261049	1	0.2601916275120492	Lee_PRIMM_UK	0
S2_BCN12_AS_NR	s__Vescimonas_fastidiosa	OTHER_OR_INSUFFICIENT	4	-0.12372786951903376	-0.6187129499103449	0.37125721087227737	0.4844537627210308	0.9914012814622465	0.0	-0.7929454165091749	0.5454896774711073	0.75	1	3	0	0							0	0	-0.29709203875341683	0.5283156995781093	0.9998995945261049	1	0.5438438189696344	Lee_PRIMM_NL	0
S2_BCN12_AS_NR	s__Victivallis_lenta	OTHER_OR_INSUFFICIENT	4	0.012491390023558327	-0.5214720466892754	0.5464548267363921	0.9453392658889442	0.9914012814622465	0.0	-0.7094247147427291	0.7344074947898458	0.5	2	2	0	0							0	0	0.01034164997121039	0.9835284972560981	0.9998995945261049	1			0
S2_BCN12_AS_NR	s__Waltera_intestinalis	OTHER_OR_INSUFFICIENT	9	0.11357487456717646	-0.17758780645017308	0.404737555584526	0.3946491265816269	0.9914012814622465	22.92735205789298	-0.18498935049576704	0.41213909963011996	0.6666666666666666	6	3	0	1	5	0.1027162463090544	0.4017944704170742	0.9980339935338073	0.0	0.8	1	0	0.4727605821936175	0.08279618487380698	0.9998995945261049	1			0
S2_BCN12_AS_NR	s__Clostridium_SGB4648	CONSISTENT_NONSIGNIFICANT	8	0.14887259845983955	-0.12830530982392666	0.4260505067436058	0.24465494378642705	0.9914012814622465	0.0	-0.13795094623371754	0.43569614315339666	0.75	6	2	0	0	4	0.1053287936913951	0.4367597795951301	0.9980339935338073	2.1599184721016305	0.75	1	0	0.3392167577482265	0.30493609679553135	0.9998995945261049	1	0.306220451357411	Gopalakrishnan_US	0
S2_BCN12_AS_NR	s__Faecalitalea_cylindroides	OTHER_OR_INSUFFICIENT	7	-0.02259032955872012	-0.31404433130028253	0.26886367218284224	0.8558306737017699	0.9914012814622465	0.0	-0.3287747815075841	0.2835941223901438	0.7142857142857143	2	5	0	0	4	-0.04362720631309791	0.7319849307954893	0.9980339935338073	0.0	0.75	1	0	0.035129475756547714	0.9160211712914104	0.9998995945261049	0			0
S2_BCN12_AS_NR	s__GGB3033_SGB4029	CONSISTENT_NONSIGNIFICANT	6	0.2037362864581459	-0.15512206688312968	0.5625946397994215	0.20427056479182118	0.9914012814622465	0.0	-0.1838609905385425	0.5913335634548342	0.8333333333333334	5	1	0	0	3	0.19996097251172607	0.27658011045576025	0.9980339935338073	0.0	1.0	1	0	0.4106834162805698	0.2890633533701668	0.9998995945261049	1	0.30067084286269646	Lee_Leeds	0
S2_BCN12_AS_NR	s__GGB4599_SGB6362	OTHER_OR_INSUFFICIENT	5	-0.0026319021814178796	-0.5280594988751713	0.5227956945123357	0.9895698700335578	0.9927638329902597	10.823775176159875	-0.7170922199015543	0.7118284155387186	0.6	2	3	0	0							0	0	0.1792642008070184	0.7509345885741971	0.9998995945261049	0			0
S2_BCN12_AS_NR	s__GGB77437_SGB9391	OTHER_OR_INSUFFICIENT	6	0.09885628936461187	-0.3216656575751275	0.5193782363043512	0.5720188266477487	0.9914012814622465	0.0	-0.516585381075528	0.7142979598047517	0.5	3	3	0	0							0	0	0.3492405221802737	0.4001688912236582	0.9998995945261049	1			0
S2_BCN12_AS_NR	s__GGB9760_SGB15374	OTHER_OR_INSUFFICIENT	7	0.09573427575142458	-0.20905720871115357	0.4005257602140027	0.47130776187177703	0.9914012814622465	0.0	-0.22446175189419243	0.41593030339704157	0.5714285714285714	4	3	0	0	3	0.10292325070070686	0.49302969126938834	0.9980339935338073	0.0	0.6666666666666666	1	0	0.3218651788810868	0.3123623292280166	0.9998995945261049	1			0
S2_BCN12_AS_NR	s__Streptococcus_SGB14137	OTHER_OR_INSUFFICIENT	3	-0.1356975333119055	-1.2131867295057897	0.9417916628819787	0.6422049978841684	0.9914012814622465	22.094679741302766	-4.109895822996689	3.838500756372878	0.6666666666666666	1	2	0	0							0	0	0.1555651928489024	0.7934945901449979	0.9998995945261049	0			0
S2_BCN12_AS_NR	s__Enterococcus_faecium	OTHER_OR_INSUFFICIENT	4	0.1036561274136307	-0.8385720901052506	1.045884344932512	0.749397187932318	0.9914012814622465	68.1208054654848	-2.334581188879314	2.5418934437065754	0.5	2	2	1	0							0	0	0.09825269624953337	0.8932342681635441	0.9998995945261049	1	0.5026710107545033	Matson_US	1
S2_BCN12_AS_NR	s__GGB2998_SGB3989	OTHER_OR_INSUFFICIENT	5	0.31247581998500046	-0.10230369360708985	0.7272553335770908	0.10463588538842632	0.9914012814622465	0.0	-0.1629571462498614	0.7879087862198624	0.8	4	1	0	0							0	0	0.6998908356745199	0.11597340552288163	0.9998995945261049	1	0.33569690574460104	Lee_PRIMM_UK	0
S2_BCN12_AS_NR	s__GGB3109_SGB4643	OTHER_OR_INSUFFICIENT	5	0.022562853510860008	-0.3361926660840761	0.38131837310579614	0.8698631531104638	0.9914012814622465	0.0	-0.3886536973386526	0.43377940436037266	0.6	2	3	0	0	3	0.0023371722573402023	0.986383806228321	0.9980339935338073	0.0	0.6666666666666666	1	0	0.0931397321635029	0.8002715592779015	0.9998995945261049	1			0
S2_BCN12_AS_NR	s__GGB3278_SGB4328	OTHER_OR_INSUFFICIENT	3	0.107881769297161	-1.1868009762839695	1.4025645148782915	0.7542576675781387	0.9914012814622465	67.49149493032418	-6.523032730345454	6.738796268939776	0.6666666666666666	1	2	1	0							0	0	-0.08610933054347807	0.8918194223987672	0.9998995945261049	0			0
S2_BCN12_AS_NR	s__GGB3593_SGB4817	OTHER_OR_INSUFFICIENT	4	0.29494236823136083	-0.5162232075690179	1.1061079440317396	0.3309803814655985	0.9914012814622465	56.69434573564941	-1.65791372655862	2.2477984630213417	0.75	3	1	1	0							0	0	0.7360444198475643	0.31511308439312513	0.9998995945261049	1	0.5368825330157906	Lee_PRIMM_NL	0
S2_BCN12_AS_NR	s__GGB4745_SGB6571	OTHER_OR_INSUFFICIENT	3	0.03916723175862659	-0.7178601825251077	0.7961946460423609	0.8445045501638249	0.9914012814622465	0.0	-2.19641763372007	2.274752097237323	1.0	3	0	0	0							0	0	0.2290241139588539	0.6472712508228479	0.9998995945261049	1			0
S2_BCN12_AS_NR	s__GGB47687_SGB2286	OTHER_OR_INSUFFICIENT	7	0.07330650886903635	-0.22586916174525207	0.37248217948332474	0.5707293083780722	0.9914012814622465	0.0	-0.24098987469538435	0.387602892433457	0.5714285714285714	4	3	0	0	3	0.07436208917510329	0.6020688352614368	0.9980339935338073	0.0	0.6666666666666666	1	0	0.1557173316400356	0.6278545258197186	0.9998995945261049	1			0
S2_BCN12_AS_NR	s__GGB6601_SGB9333	OTHER_OR_INSUFFICIENT	3	0.23861820891473978	-0.5815546763444777	1.0587910941739571	0.3371993474228705	0.9914012814622465	0.0	-2.1834421482405215	2.6606785660700014	1.0	3	0	0	0							0	0	0.17853214276323767	0.7561271821237444	0.9998995945261049	1			0
S2_BCN12_AS_NR	s__GGB6612_SGB9346	OTHER_OR_INSUFFICIENT	4	-0.07701297851054031	-0.7913499626767706	0.6373240056556899	0.754157973194729	0.9914012814622465	37.15532660891508	-1.6457041453011931	1.4916781882801127	0.75	1	3	0	0							0	0	-0.4736809680679978	0.30278470507750765	0.9998995945261049	1	0.35589676785038504	Lee_PRIMM_UK	1
S2_BCN12_AS_NR	s__GGB9634_SGB15097	OTHER_OR_INSUFFICIENT	3	0.12420900583402768	-1.8203153871234252	2.0687333987914807	0.8092296454657165	0.9914012814622465	78.7195624793429	-10.367418257834792	10.615836269502847	0.6666666666666666	1	2	1	0							0	0	0.013265852506542112	0.9871009747307272	0.9998995945261049	1			0
S2_BCN12_AS_NR	s__Streptococcus_SGB15012	OTHER_OR_INSUFFICIENT	4	-0.0014672899567665107	-0.47582786560030066	0.4728932856867676	0.9927638329902597	0.9927638329902597	0.0	-0.6428006015364576	0.6398660216229246	0.5	2	2	0	0	3	-0.04298514414307841	0.7567451079470618	0.9980339935338073	0.0	0.6666666666666666	1	0	-0.11404862999987846	0.7926425135197355	0.9998995945261049	1			0
S2_BCN12_AS_NR	s__Alistipes_sp_AF17_16	OTHER_OR_INSUFFICIENT	6	0.1870477512293378	-0.17905849930876228	0.5531540017674379	0.24610560849711333	0.9914012814622465	14.57175753681382	-0.20837786577564327	0.5824733682343188	0.6666666666666666	4	2	0	0							0	0	0.4461472742587198	0.3348313998306925	0.9998995945261049	1			0
S2_BCN12_AS_NR	s__Blautia_faecicola	OTHER_OR_INSUFFICIENT	3	0.15995019333530935	-0.5699286513794098	0.8898290380500286	0.44525864203730786	0.9914012814622465	0.0	-1.9954619731781484	2.315362359848767	1.0	3	0	0	0							0	0	0.260693778597877	0.6060899196010089	0.9998995945261049	1			0
S2_BCN12_AS_NR	s__Staphylococcus_SGB6340	OTHER_OR_INSUFFICIENT	4	-0.09800543188194186	-0.5609794347650003	0.3649685710011167	0.5487731903723075	0.9914012814622465	2.0548094517045845	-0.7988485519468465	0.6028376881829627	0.5	2	2	0	0							0	0	-0.1059551969572294	0.8123046994666318	0.9998995945261049	1			0
S2_BCN12_AS_NR	s__Actinomyces_SGB17132	OTHER_OR_INSUFFICIENT	3	-0.10855714148086976	-0.8694035477799076	0.652289264818168	0.6018060272114573	0.9914012814622465	0.0	-2.3554199090210157	2.138305626059276	0.6666666666666666	1	2	0	0							0	0	-0.011593772614174684	0.9821581617027685	0.9998995945261049	1			0
S2_BCN12_AS_NR	s__Actinomyces_bouchesdurhonensis	OTHER_OR_INSUFFICIENT	3	0.21711666869063823	-0.5426046829000011	0.9768380202812774	0.3438574442521507	0.9914012814622465	0.0	-2.0264236890692273	2.460657026450504	1.0	3	0	0	0							0	0	0.4808765293552489	0.3276691475676225	0.9998995945261049	1			0
S2_BCN12_AS_NR	s__Actinomyces_gerencseriae	OTHER_OR_INSUFFICIENT	3	-0.13094269041717002	-1.1138031395640473	0.8519177587297072	0.6243534624659655	0.9914012814622465	33.88636335024003	-4.3621920633926985	4.100306682558359	0.6666666666666666	1	2	0	0							0	0	-0.20203368100575098	0.771728050235871	0.9998995945261049	1			0
S2_BCN12_AS_NR	s__Actinomyces_massiliensis	OTHER_OR_INSUFFICIENT	3	0.20119083076039476	-0.7205284642295798	1.1229101257503693	0.44678328925947874	0.9914012814622465	23.753589974509772	-3.5362490548443786	3.938630716365168	0.6666666666666666	2	1	1	0							0	0	0.4398467524187655	0.5292207459821634	0.9998995945261049	1			0
S2_BCN12_AS_NR	s__Actinomyces_naeslundii	OTHER_OR_INSUFFICIENT	3	0.0330131946141166	-0.7262647071511608	0.7922910963793939	0.8688582217162084	0.9914012814622465	0.0	-2.2092176072492182	2.275243996477452	0.6666666666666666	1	2	0	0							0	0	-5.348412300645305e-05	0.9998995945261049	0.9998995945261049	0			0
S2_BCN12_AS_NR	s__Actinomyces_sp_oral_taxon_170	OTHER_OR_INSUFFICIENT	3	0.2212710218210188	-0.5391063747751099	0.9816484184171475	0.33711620203573534	0.9914012814622465	0.0	-2.024206708685471	2.466748752327509	1.0	3	0	0	0							0	0	0.6319188874008975	0.3153986757089299	0.9998995945261049	1			0
S2_BCN12_AS_NR	s__Anaerococcus_SGB15407	OTHER_OR_INSUFFICIENT	3	-0.08004833502594509	-1.3611535011409222	1.201056831089032	0.8132417561310357	0.9914012814622465	54.95312295332913	-6.020328070993044	5.860231400941153	0.6666666666666666	2	1	0	0							0	0	0.19738277071548913	0.8220420603967752	0.9998995945261049	0			0
S2_BCN12_AS_NR	s__Anaerococcus_SGB4342	OTHER_OR_INSUFFICIENT	3	0.23902787771993173	-0.6530054554659227	1.131061210905786	0.36812613852333637	0.9914012814622465	0.0	-2.39524425182885	2.873300007268713	1.0	3	0	0	0							0	0	0.05965871996099377	0.906473860431506	0.9998995945261049	1			0
S2_BCN12_AS_NR	s__Bifidobacterium_catenulatum	OTHER_OR_INSUFFICIENT	4	0.3571698207511646	-0.2675918444891234	0.9819314859914525	0.16642493933677557	0.9914012814622465	23.18264760618209	-0.8202693574258413	1.5346089989281706	0.5	2	2	1	0							0	0	0.4938100678522494	0.42695427995555607	0.9998995945261049	1	0.5600957652331536	Lee_PRIMM_UK	0
S2_BCN12_AS_NR	s__Collinsella_SGB47280	OTHER_OR_INSUFFICIENT	3	0.07464841708171575	-1.0647776013032266	1.214074435466658	0.804523022656541	0.9914012814622465	31.983396849937634	-3.9049919468814465	4.054288781044878	0.6666666666666666	2	1	0	0							0	0	-0.12763609188966835	0.8686574274689763	0.9998995945261049	0			0
S2_BCN12_AS_NR	s__Eubacterium_SGB4961	OTHER_OR_INSUFFICIENT	3	-0.04798855532667946	-0.806256997793201	0.7102798871398421	0.8109263218518953	0.9914012814622465	0.0	-2.2872383133370655	2.1912612026837066	0.6666666666666666	1	2	0	0							0	0	-0.12692249117510981	0.7735204796415937	0.9998995945261049	1			0
S2_BCN12_AS_NR	s__GGB13493_SGB15238	OTHER_OR_INSUFFICIENT	4	0.19403624029299824	-0.34618348605304283	0.7342559666390394	0.3359640183450678	0.9914012814622465	0.0	-0.53633833920117	0.9244108197871665	0.5	2	2	0	0							0	0	0.36264056535532657	0.4214530889591686	0.9998995945261049	1			0
S2_BCN12_AS_NR	s__GGB1420_SGB1957	OTHER_OR_INSUFFICIENT	3	-0.3268234013837297	-1.2911188564340406	0.6374720536665812	0.2821313611905148	0.9914012814622465	0.0	-3.1744934907278557	2.520846687960397	1.0	0	3	0	0							0	0	-0.42710194073355967	0.3688651450056785	0.9998995945261049	1			0
S2_BCN12_AS_NR	s__GGB1627_SGB2230	OTHER_OR_INSUFFICIENT	3	0.08810214453052012	-0.9309961072125021	1.1072003962735424	0.7456298100329088	0.9914012814622465	40.190684645212045	-4.424721423801126	4.600925712862166	0.6666666666666666	1	2	0	0							0	0	0.38343853555551	0.6128267726868272	0.9998995945261049	1			0
S2_BCN12_AS_NR	s__GGB1662_SGB2276	OTHER_OR_INSUFFICIENT	3	0.04760938651577554	-1.731060814881586	1.8262795879131373	0.9188323237984112	0.9914012814622465	77.68421613497358	-9.480980570900346	9.576199343931897	0.6666666666666666	1	2	1	0							0	0	0.1603903318328231	0.9169820070225744	0.9998995945261049	1			0
S2_BCN12_AS_NR	s__GGB2958_SGB3940	OTHER_OR_INSUFFICIENT	4	0.33236945285431235	-0.47795758627455615	1.1426964919831808	0.2828677092989323	0.9914012814622465	53.01437822309417	-1.5868331766452297	2.2515720823538543	0.75	3	1	1	0							0	0	0.38894259404893805	0.5318731005565409	0.9998995945261049	1	0.5367035182395058	Lee_PRIMM_UK	0
S2_BCN12_AS_NR	s__GGB3124_SGB4136	OTHER_OR_INSUFFICIENT	3	0.11713871832027008	-0.6427124891681744	0.8769899258087146	0.5753642428981265	0.9914012814622465	0.0	-2.1267851181159267	2.361062554756467	0.6666666666666666	1	2	0	0							0	0	0.14298863910575646	0.8187816027871602	0.9998995945261049	1			0
S2_BCN12_AS_NR	s__GGB3321_SGB4394	DOMAIN_SPECIFIC	5	-0.3637267629720562	-1.1146252759714708	0.3871717500273585	0.24985796997545742	0.9914012814622465	51.80219081939386	-1.8792876960896487	1.1518341701455364	0.8	1	4	0	1							0	0	-0.4761042866065493	0.4860269727289312	0.9998995945261049	1	0.5219224192756723	Lee_Barcelona	0
S2_BCN12_AS_NR	s__GGB3345_SGB9340	OTHER_OR_INSUFFICIENT	3	-0.044408335724793066	-1.005306598013611	0.9164899265640251	0.8607621933927322	0.9914012814622465	0.0	-2.882046142851216	2.79322947140163	0.6666666666666666	2	1	0	0							0	0	0.05297841540419033	0.9289717444363448	0.9998995945261049	0			0
S2_BCN12_AS_NR	s__GGB3588_SGB4808	OTHER_OR_INSUFFICIENT	4	0.2841036592854662	-0.24386051572859602	0.8120678342995284	0.18532181862819988	0.9914012814622465	0.0	-0.42970147137686376	0.9979087899477962	1.0	4	0	0	0							0	0	0.8551257337959041	0.12517682720127474	0.9998995945261049	1	0.3016735838074085	Lee_Leeds	0
S2_BCN12_AS_NR	s__GGB3677_SGB4990	OTHER_OR_INSUFFICIENT	3	-0.06255312842654498	-0.842855770459648	0.7177495136065579	0.7630483971895032	0.9914012814622465	0.0	-2.3668722905006288	2.241766033647539	0.6666666666666666	1	2	0	0							0	0	-0.2807967591949674	0.5597237916449921	0.9998995945261049	1			0
S2_BCN12_AS_NR	s__GGB41458_SGB58520	OTHER_OR_INSUFFICIENT	3	0.15682267438427136	-0.6246931212459439	0.9383384700144866	0.47892393011194867	0.9914012814622465	0.0	-2.1510790631247456	2.4647244118932887	0.6666666666666666	2	1	0	0							0	0	0.4324305098081783	0.5124554522287574	0.9998995945261049	1			0
S2_BCN12_AS_NR	s__GGB4684_SGB6478	OTHER_OR_INSUFFICIENT	4	0.03676192812813972	-0.4909083658541883	0.5644322221104677	0.8387701203227992	0.9914012814622465	0.0	-0.6766458767878675	0.7501697330441469	0.5	2	2	0	0							0	0	0.268970433011813	0.6253839537777724	0.9998995945261049	1			0
S2_BCN12_AS_NR	s__GGB4713_SGB6526	OTHER_OR_INSUFFICIENT	3	0.076391568811658	-0.6833564747140126	0.8361396123373286	0.7074693501069249	0.9914012814622465	0.0	-2.167227613146312	2.3200107507696277	0.6666666666666666	1	2	0	0							0	0	0.061579869980318204	0.9271546919715645	0.9998995945261049	1			0
S2_BCN12_AS_NR	s__GGB51960_SGB72480	OTHER_OR_INSUFFICIENT	3	0.0742849381388245	-0.6851377517994711	0.8337076280771202	0.7147598167559497	0.9914012814622465	0.0	-2.1683734390463574	2.316943315324006	0.6666666666666666	1	2	0	0							0	0	0.13125578016426928	0.7900907913547297	0.9998995945261049	1			0
S2_BCN12_AS_NR	s__GGB9189_SGB14128	OTHER_OR_INSUFFICIENT	4	0.07326846561280748	-0.45453365613767377	0.6010705873632887	0.688552885880014	0.9914012814622465	0.0	-0.6403175697994827	0.7868545010250978	0.5	2	2	0	0							0	0	0.18663857198817949	0.6510080371606354	0.9998995945261049	1			0
S2_BCN12_AS_NR	s__GGB9261_SGB14209	OTHER_OR_INSUFFICIENT	3	0.10419410639890794	-0.7982889979207101	1.006677210718526	0.6685929830226707	0.9914012814622465	23.41011612755671	-3.4781537987736617	3.6865420115714778	0.6666666666666666	1	2	0	0							0	0	0.16590991033003608	0.8040560454514059	0.9998995945261049	1			0
S2_BCN12_AS_NR	s__GGB9290_SGB14247	OTHER_OR_INSUFFICIENT	3	0.30047848382296893	-0.46134109421651415	1.062298061862452	0.23177777711615394	0.9914012814622465	0.0	-1.949258166429042	2.5502151340749797	1.0	3	0	0	0							0	0	1.0772421125372325	0.21143896396641224	0.9998995945261049	1			0
S2_BCN12_AS_NR	s__GGB9302_SGB14263	OTHER_OR_INSUFFICIENT	3	0.32175858444296984	-0.5745967774272238	1.2181139463131634	0.2624719204285526	0.9914012814622465	0.0	-2.3252769692831503	2.9687941381690903	0.6666666666666666	2	1	0	0							0	0	0.7809451373556384	0.18126622963413552	0.9998995945261049	1			0
S2_BCN12_AS_NR	s__GGB9361_SGB14336	OTHER_OR_INSUFFICIENT	3	0.06729336146433215	-0.6904083901352139	0.8249951130638783	0.7391486621346561	0.9914012814622465	0.0	-2.1702828963303546	2.304869619259019	1.0	3	0	0	0							0	0	0.2185071852111279	0.6506318523729072	0.9998995945261049	1			0
S2_BCN12_AS_NR	s__GGB9561_SGB14972	OTHER_OR_INSUFFICIENT	3	0.08171375727687404	-0.6771053700817494	0.8405328846354975	0.6886578178831997	0.9914012814622465	0.0	-2.159162233543179	2.3225897480969273	0.6666666666666666	2	1	0	0							0	0	0.2688379144143002	0.6072315798337276	0.9998995945261049	1			0
S2_BCN12_AS_NR	s__GGB9608_SGB15041	OTHER_OR_INSUFFICIENT	4	0.14633392466643647	-0.38171177617818763	0.6743796255110606	0.44275671001022826	0.9914012814622465	0.0	-0.5675814285440397	0.8602492778769126	0.5	2	2	0	0							0	0	0.2751581219912728	0.4817618749461937	0.9998995945261049	1			0
S2_BCN12_AS_NR	s__GGB9618_SGB15065	OTHER_OR_INSUFFICIENT	5	-0.09885770126878915	-0.5801095313746889	0.38239412883711055	0.5989617463436052	0.9914012814622465	0.0	-0.7925469633045116	0.5948315607669333	0.8	1	4	0	0							0	0	-0.3336816492722178	0.46780913195204427	0.9998995945261049	1	0.28689476052113133	Lee_PRIMM_NL	0
S2_BCN12_AS_NR	s__GGB9635_SGB15103	OTHER_OR_INSUFFICIENT	4	0.09503130890643834	-0.4433127410688544	0.633375358881731	0.6135009623920694	0.9914012814622465	0.0	-0.6328073647839516	0.8228699825968282	0.5	2	2	0	0							0	0	0.4382821324447021	0.4166134452700927	0.9998995945261049	1			0
S2_BCN12_AS_NR	s__GGB9640_SGB15115	OTHER_OR_INSUFFICIENT	4	0.09654722828835095	-0.4299785087621074	0.6230729653388093	0.6004951420749356	0.9914012814622465	0.0	-0.615313140882579	0.8084075974592809	0.5	2	2	0	0							0	0	0.23008066752985495	0.5826690938865187	0.9998995945261049	1			0
S2_BCN12_AS_NR	s__GGB9677_SGB15180	OTHER_OR_INSUFFICIENT	5	0.14731048602692012	-0.397217790547608	0.6918387626014482	0.4943617132191316	0.9914012814622465	26.16002013541615	-0.737362067440273	1.0319830394941132	0.6	3	2	0	0							0	0	0.31542993171231754	0.4610396587729102	0.9998995945261049	1			0
S2_BCN12_AS_NR	s__GGB9691_SGB15198	OTHER_OR_INSUFFICIENT	3	0.23899433651705668	-0.5654594393397843	1.0434481123738977	0.32944903046228297	0.9914012814622465	0.0	-2.1366457685822917	2.6146344416164053	0.6666666666666666	2	1	0	0							0	0	0.45247748164647755	0.4227147062007299	0.9998995945261049	1			0
S2_BCN12_AS_NR	s__GGB9737_SGB15309	OTHER_OR_INSUFFICIENT	4	0.13077448333228026	-0.39628469455176807	0.6578336612163286	0.48739964329320906	0.9914012814622465	0.0	-0.5818070953939171	0.8433560620584776	0.75	3	1	0	0							0	0	0.4206102126383754	0.44159130595420565	0.9998995945261049	1	0.45729141510035304	Lee_PRIMM_UK	0
S2_BCN12_AS_NR	s__GGB9762_SGB15377	OTHER_OR_INSUFFICIENT	3	0.027373287059286062	-0.7317090517540978	0.78645562587267	0.8909410871365337	0.9914012814622465	0.0	-2.214279996008892	2.269026570127464	0.6666666666666666	2	1	0	0							0	0	-0.19076001573768753	0.7173529669036172	0.9998995945261049	0			0
S2_BCN12_AS_NR	s__GGB9766_SGB15383	OTHER_OR_INSUFFICIENT	4	0.1523311943094388	-0.38600625059190447	0.6906686392107821	0.43421222161636275	0.9914012814622465	0.0	-0.5754985493505109	0.8801609379693887	0.75	3	1	0	0							0	0	0.20787224673037885	0.5606158020903831	0.9998995945261049	1	0.4133301774970874	Lee_PRIMM_UK	0
S2_BCN12_AS_NR	s__GGB9786_SGB15409	OTHER_OR_INSUFFICIENT	4	0.02796086996092866	-0.8090405480366375	0.8649622879584947	0.9220445307469756	0.9914012814622465	53.56689988562431	-1.944551351363272	2.000473091285129	0.5	2	2	0	0							0	0	0.06669883314694527	0.9233901325729736	0.9998995945261049	1	0.4651506366753668	Lee_Manchester	1
S2_BCN12_AS_NR	s__GGB9790_SGB15413	OTHER_OR_INSUFFICIENT	4	0.1989801031740858	-0.3276096166082354	0.7255698229564069	0.31541193742182616	0.9914012814622465	0.0	-0.5129667703516502	0.9109269766998217	1.0	4	0	0	0							0	0	0.4132283612554347	0.2729231005492883	0.9998995945261049	1	0.33048618918840267	Lee_PRIMM_UK	0
S2_BCN12_AS_NR	s__Olsenella_uli	OTHER_OR_INSUFFICIENT	3	0.11167204678896639	-0.9657471091876569	1.1890912027655898	0.6992571806323429	0.9914012814622465	46.91707284268201	-4.812245541851534	5.035589635429466	0.6666666666666666	2	1	0	0							0	0	0.20033548864657233	0.8121636928445383	0.9998995945261049	1			0
S2_BCN12_AS_NR	s__Parascardovia_denticolens	OTHER_OR_INSUFFICIENT	3	-0.21149670801894557	-0.972736387497303	0.5497429714594118	0.35444424502819055	0.9914012814622465	0.0	-2.459520854393556	2.0365274383556646	1.0	0	3	0	0							0	0	-0.6946339458674143	0.29864700128704114	0.9998995945261049	1			0
S2_BCN12_AS_NR	s__Paratractidigestivibacter_faecalis	OTHER_OR_INSUFFICIENT	3	-0.11136091364263172	-0.9335712946596464	0.710849467374383	0.6190087628211454	0.9914012814622465	0.0	-2.8210112683320068	2.5982894410467434	0.6666666666666666	1	2	0	0							0	0	-0.27380469917538514	0.6314271747849766	0.9998995945261049	1			0
S2_BCN12_AS_NR	s__Propionibacterium_acidifaciens	OTHER_OR_INSUFFICIENT	3	-0.13220445473626644	-0.8919570446988782	0.6275481352263453	0.5321109252431894	0.9914012814622465	0.0	-2.375837062878328	2.111428153405795	0.6666666666666666	1	2	0	0							0	0	-0.13666956273524142	0.7774062147069198	0.9998995945261049	1			0
S2_BCN12_AS_NR	s__Ruminococcus_sp_AF41_9	OTHER_OR_INSUFFICIENT	3	-0.02712835792728257	-0.8066510570023097	0.7523943411477446	0.8947080391364319	0.9914012814622465	0.0	-2.329144263021474	2.2748875471669083	0.6666666666666666	1	2	0	0							0	0	-0.16420809650902965	0.6823281792382602	0.9998995945261049	1			0
S2_BCN12_AS_NR	s__Dakarella_SGB14198	OTHER_OR_INSUFFICIENT	3	-0.280052588545567	-1.2338442563349474	0.6737390792438135	0.33379192276864633	0.9914012814622465	0.0	-3.0967038437395167	2.536598666648383	1.0	0	3	0	0							0	0	-0.2929697973393578	0.5449501303058811	0.9998995945261049	1			0
S2_BCN12_AS_NR	s__GGB3815_SGB5180	OTHER_OR_INSUFFICIENT	4	-0.16222069918489032	-0.7787198755715583	0.4542784772017776	0.4638288297388143	0.9914012814622465	0.0	-0.9957247433124472	0.6712833449426665	0.75	1	3	0	0							0	0	-0.1599780789798544	0.7392674439114726	0.9998995945261049	1	0.4506489567604929	Lee_PRIMM_NL	0
S2_BCN12_AS_NR	s__Holdemanella_biformis	OTHER_OR_INSUFFICIENT	3	0.1748695484154622	-0.7076811603689894	1.0574202571999138	0.48372240482989554	0.9914012814622465	0.0	-2.431399352787703	2.781138449618627	1.0	3	0	0	0							0	0	-0.013558152914167851	0.9823012986743965	0.9998995945261049	0			0
S3_EXCLUDE_LEE_SITES	s__Acidaminococcus_intestini	OTHER_OR_INSUFFICIENT	5	0.10418894885289762	-0.29915898108946937	0.5075368787952645	0.5129103749607732	0.9979483100114088	0.0	-0.35814078654664816	0.5665186842524433	0.6	3	2	0	0	4	0.08390263742582175	0.6205299324119891	0.9950309854502294	0.0	0.5	1	0	0.32445884664922	0.3916858636964291	0.9998872431588107	1			0
S3_EXCLUDE_LEE_SITES	s__Actinobaculum_sp_oral_taxon_183	OTHER_OR_INSUFFICIENT	3	0.03380331438626108	-0.6915575030612537	0.7591641318337758	0.8596202207168203	0.9979483100114088	0.0	-2.108266623180549	2.1758732519530715	0.6666666666666666	2	1	0	0							0	0	0.1361740319901999	0.7717957726594884	0.9998872431588107	1			0
S3_EXCLUDE_LEE_SITES	s__Actinomyces_SGB17154	OTHER_OR_INSUFFICIENT	5	-0.0015516104647735132	-0.40148357923389827	0.3983803583043512	0.9919213938555278	0.9979483100114088	0.0	-0.45996586667365275	0.4568626457441057	0.6	2	3	0	0	3	0.004218154927976771	0.9831874309976945	0.9991426610019288	28.772355823262423	0.6666666666666666	0	0	-0.12488715616292421	0.7181138016299708	0.9998872431588107	1			0
S3_EXCLUDE_LEE_SITES	s__Actinomyces_SGB17157	OTHER_OR_INSUFFICIENT	4	-0.14046929421651225	-0.6521718006242033	0.3712332121911789	0.4466221421670733	0.9979483100114088	1.0626909752246234	-0.9709094083975928	0.6899708199645683	0.75	1	3	0	0	3	-0.18639568272949614	0.324387700750362	0.9950309854502294	0.0	1.0	1	0	-0.36013983088930285	0.41690856426733597	0.9998872431588107	1	0.3969186215958598	Lee_PRIMM_NL	0
S3_EXCLUDE_LEE_SITES	s__Actinomyces_SGB17163	OTHER_OR_INSUFFICIENT	3	0.08538001909033768	-0.6407797740900512	0.8115398122707265	0.6631802391850272	0.9979483100114088	0.0	-2.0590493813276294	2.2298094195083045	0.6666666666666666	2	1	0	0							0	0	0.3005345121353068	0.5665678569616476	0.9998872431588107	1			0
S3_EXCLUDE_LEE_SITES	s__Actinomyces_SGB17168	OTHER_OR_INSUFFICIENT	3	-0.058935310027691055	-0.7840540243931365	0.6661834043377545	0.7599509616723557	0.9979483100114088	0.0	-2.200290290681136	2.082419670625754	0.6666666666666666	1	2	0	0							0	0	0.2329182661443563	0.6109439651202452	0.9998872431588107	0			0
S3_EXCLUDE_LEE_SITES	s__Actinomyces_dentalis	OTHER_OR_INSUFFICIENT	3	-0.3461138215489671	-1.0771623346150683	0.3849346915171341	0.17854910051783845	0.9979483100114088	0.0	-2.504980147247961	1.8127525041500272	1.0	0	3	0	0							0	0	-0.7755445760718583	0.21850656978926167	0.9998872431588107	1			0
S3_EXCLUDE_LEE_SITES	s__Actinomyces_graevenitzii	OTHER_OR_INSUFFICIENT	4	-0.23447489821879336	-1.1510404030171306	0.6820906065795438	0.47518703827793307	0.9979483100114088	67.42898871453849	-2.592831927692423	2.123882131254837	0.75	1	3	0	1	3	-0.17208601383879243	0.7017441268672108	0.9950309854502294	76.16751586145126	0.6666666666666666	1	0	-0.34574309224149397	0.6131491077867479	0.9998872431588107	1	0.3995006508731321	Matson_US	0
S3_EXCLUDE_LEE_SITES	s__Actinomyces_oris	OTHER_OR_INSUFFICIENT	5	-0.21863469025334364	-0.6990561894528131	0.26178680894612577	0.27502345392240385	0.9979483100114088	27.714891215821147	-1.067079234920571	0.6298098544138837	0.6	2	3	0	1	3	-0.16083552218077857	0.3914396526959077	0.9950309854502294	5.601671013159689	1.0	1	0	-0.13597397751718565	0.7271174895680692	0.9998872431588107	1			0
S3_EXCLUDE_LEE_SITES	s__Actinomyces_sp_HMSC035G02	OTHER_OR_INSUFFICIENT	3	-0.2645978835146235	-0.9931056262359261	0.4639098592066792	0.2585350891815801	0.9979483100114088	0.0	-2.4159610360808816	1.8867652690516348	1.0	0	3	0	0							0	0	-0.5828595289188601	0.3072128574586255	0.9998872431588107	1			0
S3_EXCLUDE_LEE_SITES	s__Actinomyces_sp_ICM47	CONSISTENT_NONSIGNIFICANT	5	0.16126375441940294	-0.23826201940931363	0.5607895282481195	0.32516065145111916	0.9979483100114088	0.0	-0.2966849087320476	0.6192124175708535	0.8	4	1	0	0	3	0.17127911399630172	0.35593570189945367	0.9950309854502294	0.0	0.6666666666666666	1	0	0.40250449158418133	0.2660127606203011	0.9998872431588107	1	0.32218478696795905	Frankel_US	0
S3_EXCLUDE_LEE_SITES	s__Actinomyces_sp_ICM58	OTHER_OR_INSUFFICIENT	4	0.08258578708873568	-0.39826584483755356	0.5634374190150249	0.6226956509353688	0.9979483100114088	0.0	-0.5675234028862619	0.7326949770637332	0.75	3	1	0	0	3	0.05475430153715547	0.7399065448514728	0.9950309854502294	0.0	0.6666666666666666	1	0	0.3433708574188723	0.39284886754140974	0.9998872431588107	1	0.3961148097190492	Lee_PRIMM_UK	1
S3_EXCLUDE_LEE_SITES	s__Actinomyces_sp_oral_taxon_448	OTHER_OR_INSUFFICIENT	4	0.011774806126638223	-0.49336210391336405	0.5169117161666404	0.9455341004399775	0.9979483100114088	0.0	-0.6711679675767825	0.6947175798300589	0.5	2	2	0	0							0	0	-0.00010757423353091619	0.9997736099914474	0.9998872431588107	0			0
S3_EXCLUDE_LEE_SITES	s__Actinomyces_sp_ph3	OTHER_OR_INSUFFICIENT	3	-0.3503784550456621	-1.0804563056483472	0.3796993955570229	0.1749478125434731	0.9979483100114088	0.0	-2.5063783081407354	1.8056213980494111	1.0	0	3	0	0							0	0	-0.7777759835676858	0.1733892030123801	0.9998872431588107	1			0
S3_EXCLUDE_LEE_SITES	s__Adlercreutzia_equolifaciens	STRONG_DIRECTION_REVERSAL	7	-0.1326000978329164	-0.6218675574029735	0.35666736173714075	0.5318667040778345	0.9979483100114088	61.244527347257126	-1.308399758703306	1.043199563037473	0.7142857142857143	2	5	1	1	5	-0.21038363886783057	0.37969134110075636	0.9950309854502294	65.17125030172811	0.8	1	0	-0.2336845731020483	0.60264492938877	0.9998872431588107	1	0.26464486846805657	Matson_US	0
S3_EXCLUDE_LEE_SITES	s__Agathobaculum_butyriciproducens	OTHER_OR_INSUFFICIENT	7	0.09403874822272913	-0.19146109906956288	0.3795385955150211	0.4510129362136409	0.9979483100114088	0.0	-0.2058906188464062	0.39396811529186443	0.5714285714285714	4	3	0	0	5	0.09489045479827583	0.46145869874413664	0.9950309854502294	0.0	0.6	1	0	0.374105227506813	0.24084561036219668	0.9998872431588107	1			0
S3_EXCLUDE_LEE_SITES	s__Akkermansia_muciniphila	OTHER_OR_INSUFFICIENT	7	0.09232882673239258	-0.19408590870121328	0.3787435621659984	0.4602581699214662	0.9979483100114088	0.0	-0.20856166811144933	0.39321932157623446	0.5714285714285714	4	3	0	0	5	0.09537284128222559	0.4592528842620461	0.9950309854502294	0.0	0.6	1	0	0.26668040271246407	0.4000090152827851	0.9998872431588107	1			0
S3_EXCLUDE_LEE_SITES	s__Akkermansia_sp_KLE1798	OTHER_OR_INSUFFICIENT	3	-0.12057059483797967	-0.8802923370464957	0.6391511473705362	0.5651875205971442	0.9979483100114088	0.0	-2.5300169941243573	2.288875804448398	0.6666666666666666	2	1	0	0	3	-0.12057059483797967	0.5651875205971442	0.9950309854502294	0.0	0.6666666666666666	1	0	0.1500746539223549	0.8784591525039749	0.9998872431588107	0			0
S3_EXCLUDE_LEE_SITES	s__Alistipes_SGB2313	OTHER_OR_INSUFFICIENT	3	-0.011643275245309137	-0.8492099772483818	0.8259234267577634	0.9577439420766828	0.9979483100114088	0.0	-2.4850694778852045	2.4617829273945864	0.6666666666666666	1	2	0	0							0	0	-0.3086586303260052	0.5222316294693261	0.9998872431588107	1			0
S3_EXCLUDE_LEE_SITES	s__Alistipes_communis	OTHER_OR_INSUFFICIENT	7	0.12674519180232927	-0.1594252968941927	0.4129156804988512	0.3200966172751302	0.9979483100114088	0.0	-0.17388871176423062	0.4273790953688892	0.7142857142857143	5	2	0	0	5	0.1324674827183095	0.3196183963320925	0.9950309854502294	0.0	1.0	1	0	0.2865317250332726	0.3045074101981446	0.9998872431588107	1			0
S3_EXCLUDE_LEE_SITES	s__Alistipes_dispar	OTHER_OR_INSUFFICIENT	6	0.07537784433291625	-0.27348990985027355	0.424245598516106	0.6025463356221407	0.9979483100114088	15.296532816354699	-0.3014287433762224	0.45218443204205494	0.5	3	3	0	0	4	0.08188471378844839	0.557509206209659	0.9950309854502294	0.0	0.75	1	0	0.1214117069670512	0.7211970852800279	0.9998872431588107	1			0
S3_EXCLUDE_LEE_SITES	s__Alistipes_finegoldii	OTHER_OR_INSUFFICIENT	7	-0.07227954364867373	-0.358743921460011	0.21418483416266354	0.5596601925489738	0.9979483100114088	0.0	-0.3732221898920084	0.22866310259466094	0.7142857142857143	2	5	0	0	5	-0.07583669000998886	0.5512716297192334	0.9950309854502294	0.0	0.8	1	0	0.021926373566133552	0.9321743219973563	0.9998872431588107	0			0
S3_EXCLUDE_LEE_SITES	s__Alistipes_ihumii	OTHER_OR_INSUFFICIENT	6	-0.028509843842090345	-0.3419443835066356	0.28492469582245494	0.8243975298891281	0.9979483100114088	0.0	-0.3670455725377089	0.3100258848535283	0.6666666666666666	2	4	0	0	4	-0.027018594109206893	0.8385413077354908	0.9950309854502294	0.0	0.75	1	0	-0.061761970778584294	0.8208097145107218	0.9998872431588107	1			0
S3_EXCLUDE_LEE_SITES	s__Alistipes_indistinctus	OTHER_OR_INSUFFICIENT	7	0.04306830906413765	-0.2632779987236007	0.349414616851876	0.7425786720564007	0.9979483100114088	12.396117667116094	-0.2787611247294229	0.3648977428576982	0.5714285714285714	4	3	0	0	5	0.04933137102816391	0.6941551973008349	0.9950309854502294	0.0	0.6	1	0	0.23417758923333531	0.4814834629299363	0.9998872431588107	1			0
S3_EXCLUDE_LEE_SITES	s__Alistipes_onderdonkii	OTHER_OR_INSUFFICIENT	7	-0.08847116899783736	-0.4198619470074076	0.24291960901173287	0.5378074729593352	0.9979483100114088	19.914727120967086	-0.6423424424121215	0.46540010441644675	0.5714285714285714	4	3	0	0	5	-0.09662223733091331	0.5814463479853795	0.9950309854502294	38.297099134751065	0.6	1	0	0.07809892335582322	0.8259035319484409	0.9998872431588107	0			0
S3_EXCLUDE_LEE_SITES	s__Alistipes_putredinis	OTHER_OR_INSUFFICIENT	7	-0.01808367910714562	-0.3676585910272205	0.3314912328129292	0.9034082057392958	0.9979483100114088	23.724466829756242	-0.656717670198465	0.6205503119841739	0.5714285714285714	4	3	0	0	5	-0.02514553252976791	0.8897601695273588	0.9950309854502294	44.705632410877236	0.6	1	0	-0.24683297301925478	0.5241898011565531	0.9998872431588107	1			0
S3_EXCLUDE_LEE_SITES	s__Alistipes_senegalensis	OTHER_OR_INSUFFICIENT	5	-0.01635992697408148	-0.4126273731704365	0.3799075192222736	0.9142652292945863	0.9979483100114088	6.702203249848158	-0.6051872283371427	0.5724673743889797	0.6	2	3	0	0	3	-0.0068780821568353336	0.96278092499143	0.9991426610019288	0.0	0.6666666666666666	1	0	-0.010303315277798215	0.9785405719993996	0.9998872431588107	1			0
S3_EXCLUDE_LEE_SITES	s__Alistipes_shahii	OTHER_OR_INSUFFICIENT	7	0.04845345430132774	-0.236997507901897	0.3339044165045525	0.6923317853197047	0.9979483100114088	0.0	-0.25142455696393623	0.3483314655665917	0.5714285714285714	4	3	0	0	5	0.045692643244726036	0.7149013512615422	0.9950309854502294	0.0	0.6	1	0	0.12480604309601065	0.6530845073456368	0.9998872431588107	1			0
S3_EXCLUDE_LEE_SITES	s__Alloscardovia_omnicolens	OTHER_OR_INSUFFICIENT	4	-0.11088183282457287	-0.6583294942782404	0.43656582862909465	0.5650940128805546	0.9979483100114088	0.0	-1.018687962765373	0.7969242971162274	0.75	1	3	0	0							0	0	-0.23104001180911596	0.6372405567644612	0.9998872431588107	1	0.4000220652213102	Lee_PRIMM_UK	1
S3_EXCLUDE_LEE_SITES	s__Anaerobutyricum_hallii	OTHER_OR_INSUFFICIENT	7	0.0598445494991504	-0.3557995639387833	0.47548866293708414	0.7366527136911629	0.9979483100114088	43.42873867859493	-0.6492303287012701	0.7689194276995709	0.5714285714285714	4	3	0	1	5	0.07137634526777663	0.5739857351590498	0.9950309854502294	0.0	0.6	1	0	0.21649889429012945	0.4795912103894328	0.9998872431588107	1			0
S3_EXCLUDE_LEE_SITES	s__Anaerobutyricum_soehngenii	OTHER_OR_INSUFFICIENT	7	0.044168913121906114	-0.34613322766540433	0.4344710539092166	0.7911437905163587	0.9979483100114088	39.46554111681559	-0.7653017716443735	0.8536395978881857	0.5714285714285714	4	3	1	0	5	0.008177623104286645	0.9474952472226156	0.9950309854502294	0.0	0.8	1	0	0.1270410154414426	0.7857936801406852	0.9998872431588107	1			0
S3_EXCLUDE_LEE_SITES	s__Anaerococcus_SGB53821	OTHER_OR_INSUFFICIENT	4	-0.009553428617943522	-0.5900881757957789	0.5709813185598919	0.9615251393206177	0.9979483100114088	13.834568566196149	-1.1334285412893517	1.1143216840534647	0.75	1	3	0	0	4	-0.009553428617943522	0.9615251393206177	0.9991426610019288	13.834568566196149	0.75	1	0	-0.1047201012957049	0.8491747085815321	0.9998872431588107	1	0.36540616705652934	Spencer_US	1
S3_EXCLUDE_LEE_SITES	s__Anaerofilum_sp_BX8	CONSISTENT_NONSIGNIFICANT	7	0.05059220046876601	-0.23497552668149263	0.33615992761902463	0.6798009024361644	0.9979483100114088	0.0	-0.2494084772393957	0.3505928781769277	0.8571428571428571	6	1	0	0	5	0.05539900321007772	0.6591397999644997	0.9950309854502294	0.0	0.8	1	0	0.15398321019356423	0.5812774884294613	0.9998872431588107	1	0.5714319494158296	Lee_Leeds	0
S3_EXCLUDE_LEE_SITES	s__Anaerofustis_stercorihominis	OTHER_OR_INSUFFICIENT	5	-0.012013536589861101	-0.41138530727250644	0.38735823409278425	0.9374519970970405	0.9979483100114088	0.0	-0.4697856766173588	0.4457586034376366	0.6	2	3	0	0	3	0.0030543916836466246	0.984964419543363	0.9991426610019288	0.0	0.6666666666666666	0	0	-0.08732310084568642	0.7964249404016291	0.9998872431588107	1			0
S3_EXCLUDE_LEE_SITES	s__Anaeromassilibacillus_sp_An250	OTHER_OR_INSUFFICIENT	7	0.05382935601259412	-0.2325671203222797	0.34022583234746795	0.6617773201635381	0.9979483100114088	0.0	-0.247041956849281	0.35470066887446927	0.5714285714285714	3	4	1	0	5	0.05281434243800911	0.720645806586411	0.9950309854502294	27.694848396890702	0.6	1	0	-0.01615366430530261	0.9510050034164493	0.9998872431588107	0			0
S3_EXCLUDE_LEE_SITES	s__Anaerosacchariphilus_sp_NSJ_68	OTHER_OR_INSUFFICIENT	4	-0.37026781977031636	-0.8808952706876851	0.14035963114705247	0.10425352630935215	0.9979483100114088	0.0	-1.0606337795157927	0.32009813997515996	1.0	0	4	0	0							0	0	-0.6267262718355835	0.2103365105459829	0.9998872431588107	1	0.47128615513891875	Lee_PRIMM_UK	0
S3_EXCLUDE_LEE_SITES	s__Anaerostipes_caccae	OTHER_OR_INSUFFICIENT	4	-0.03852497652866631	-0.5629548629614535	0.4859049099041209	0.8301973329269194	0.9979483100114088	0.0	-0.7475517654854607	0.6705018124281281	0.5	2	2	0	0	4	-0.10272713806934453	0.5037530022678592	0.9950309854502294	0.0	0.5	1	0	0.031866958378655115	0.9340226740927108	0.9998872431588107	0			0
S3_EXCLUDE_LEE_SITES	s__Anaerostipes_hadrus	OTHER_OR_INSUFFICIENT	7	0.053805943816951085	-0.2604878502984689	0.36809973793237105	0.6898697353526834	0.9979483100114088	0.5007529874111415	-0.4159871422312789	0.5235990298651811	0.5714285714285714	4	3	0	0	5	0.0262921708056756	0.8719192752586064	0.9950309854502294	30.485476996553366	0.6	1	0	0.09665328416545355	0.8043906812172457	0.9998872431588107	1			0
S3_EXCLUDE_LEE_SITES	s__Anaerotignum_faecicola	OTHER_OR_INSUFFICIENT	7	-0.09820555108794062	-0.4746884202975145	0.2782773181216333	0.5468671070259408	0.9979483100114088	37.55255510193366	-0.8326093116699683	0.6361982094940871	0.7142857142857143	2	5	0	0	5	-0.06638756308618134	0.7424971645684822	0.9950309854502294	53.23454691101745	0.6	1	0	-0.20346723706348127	0.5501269519084684	0.9998872431588107	1			0
S3_EXCLUDE_LEE_SITES	s__Anaerotignum_lactatifermentans	OTHER_OR_INSUFFICIENT	3	-0.08637656412555209	-0.7932375206101276	0.6204843923590235	0.6515259915297292	0.9979483100114088	0.0	-2.173814386337256	2.001061258086152	0.6666666666666666	1	2	0	0	3	-0.08637656412555209	0.6515259915297292	0.9950309854502294	0.0	0.6666666666666666	1	0	-0.2221487706036511	0.6681359660067019	0.9998872431588107	1			0
S3_EXCLUDE_LEE_SITES	s__Anaerotruncus_colihominis	CONSISTENT_NONSIGNIFICANT	6	-0.26305658263705634	-0.5958039611705874	0.06969079589647476	0.0978367039492242	0.9979483100114088	0.0	-0.6224518054963022	0.09633864022218958	1.0	0	6	0	1	5	-0.23409335231018513	0.11619574155544468	0.9950309854502294	0.0	1.0	1	0	-0.5462874601930905	0.08420664609298248	0.9998872431588107	1	0.45146492919917747	Gopalakrishnan_US	0
S3_EXCLUDE_LEE_SITES	s__Anaerotruncus_massiliensis	OTHER_OR_INSUFFICIENT	5	0.12439418824242252	-0.24965603349278778	0.49844440997763284	0.40808869531562136	0.9979483100114088	0.0	-0.3136690209183238	0.5624573974031689	0.6	2	3	0	0	5	0.0241198426511009	0.8857461145853264	0.9950309854502294	32.92312322505422	0.6	1	0	0.4706128370146819	0.197309341105999	0.9998872431588107	1			0
S3_EXCLUDE_LEE_SITES	s__Anaerotruncus_rubiinfantis	CONSISTENT_NONSIGNIFICANT	7	-0.1255659050947931	-0.4113139975049682	0.16018218731538203	0.32359101368976806	0.9979483100114088	0.0	-0.4257560639003709	0.17462425371078472	0.8571428571428571	1	6	0	0	5	-0.11748330234776345	0.37107557008402875	0.9950309854502294	0.0	0.8	1	0	-0.12106063619690993	0.6521189041535813	0.9998872431588107	1	0.28658429123853413	Gopalakrishnan_US	0
S3_EXCLUDE_LEE_SITES	s__Angelakisella_massiliensis	OTHER_OR_INSUFFICIENT	5	-0.0720963827336998	-0.6543175113525759	0.5101247458851763	0.7483036922263486	0.9979483100114088	40.854326390438	-1.1076720473832338	0.9634792819158342	0.6	2	3	1	0	4	-0.005783979336972767	0.9829881450751322	0.9991426610019288	50.95689098420087	0.5	1	0	-0.4503384253228681	0.3945011657750181	0.9998872431588107	1			0
S3_EXCLUDE_LEE_SITES	s__Bacteroides_SGB15210	OTHER_OR_INSUFFICIENT	3	-0.2556534973426923	-0.9851820111362397	0.4738750164508551	0.2706183690623904	0.9979483100114088	0.0	-2.410031098650859	1.8987241039654743	1.0	0	3	0	0							0	0	-0.4949964617213778	0.4226895743465791	0.9998872431588107	1			0
S3_EXCLUDE_LEE_SITES	s__Bacteroides_caccae	OTHER_OR_INSUFFICIENT	7	0.08693981120066732	-0.19958484982456767	0.3734644722259023	0.48584642886222523	0.9979483100114088	0.0	-0.21406616501339662	0.3879457874147313	0.7142857142857143	5	2	1	0	5	0.08868227258030231	0.5037713365580307	0.9950309854502294	1.9225482303039851	0.8	1	0	0.0299222665258685	0.9096536910110214	0.9998872431588107	1			0
S3_EXCLUDE_LEE_SITES	s__Bacteroides_cellulosilyticus	OTHER_OR_INSUFFICIENT	7	-0.05203511633907433	-0.337356707991135	0.23328647531298635	0.6710685142539251	0.9979483100114088	0.0	-0.3517772185053248	0.24770698582717615	0.5714285714285714	3	4	0	0	5	-0.05595541525642435	0.6562056081543091	0.9950309854502294	0.0	0.6	1	0	-0.08455567236492428	0.740310112482171	0.9998872431588107	1			0
S3_EXCLUDE_LEE_SITES	s__Bacteroides_clarus	OTHER_OR_INSUFFICIENT	4	-0.269970862490605	-0.7786979156244807	0.2387561906432707	0.18982919014512972	0.9979483100114088	0.0	-0.9577674931349677	0.4178257681537577	1.0	0	4	0	0							0	0	-0.2826212842214809	0.5183621779016462	0.9998872431588107	1	0.41069713538027514	Lee_PRIMM_UK	0
S3_EXCLUDE_LEE_SITES	s__Bacteroides_eggerthii	DOMAIN_SPECIFIC	5	0.18480553300967725	-0.5288119034712979	0.8984229694906525	0.5118959357893367	0.9979483100114088	73.32502482362406	-1.5768394567270876	1.946450522746442	0.6	3	2	1	0	4	0.18494648914641118	0.34522609320289704	0.9950309854502294	37.50069418897185	0.75	1	0	0.4245494563721148	0.4960726385625065	0.9998872431588107	1	0.34762871656248207	Lee_PRIMM_UK	0
S3_EXCLUDE_LEE_SITES	s__Bacteroides_faecis	CONSISTENT_NONSIGNIFICANT	6	0.1192609054998119	-0.21169939489978057	0.45022120589940434	0.39679829015007223	0.9979483100114088	0.0	-0.23820412231481136	0.47672593331443514	0.8333333333333334	5	1	0	0	5	0.04432686399310307	0.7230754836741842	0.9950309854502294	0.0	0.8	1	0	0.02282215393177964	0.9419487386607877	0.9998872431588107	1	0.2756313392313127	Lee_Leeds	0
S3_EXCLUDE_LEE_SITES	s__Bacteroides_finegoldii	OTHER_OR_INSUFFICIENT	6	0.14135679631835285	-0.2379491748821017	0.5206627675188074	0.38206692263560627	0.9979483100114088	20.537566652957153	-0.33650406608551325	0.6192176587222189	0.5	3	3	0	0	5	0.07791190769958574	0.5410737041890212	0.9950309854502294	0.0	0.6	1	0	0.3187753043526248	0.3985831328596282	0.9998872431588107	1			0
S3_EXCLUDE_LEE_SITES	s__Bacteroides_fragilis	OTHER_OR_INSUFFICIENT	7	-0.12700841612722827	-0.4128964739497215	0.15887964169526494	0.3187382189548023	0.9979483100114088	0.0	-0.42734561437600427	0.1733287821215477	0.5714285714285714	4	3	0	0	5	-0.12919055101454374	0.3302232461988661	0.9950309854502294	0.0	0.6	1	0	-0.11060848576420217	0.6679223864509783	0.9998872431588107	1			0
S3_EXCLUDE_LEE_SITES	s__Bacteroides_intestinalis	OTHER_OR_INSUFFICIENT	5	0.00038375516460462095	-0.5478200375676551	0.5485875478968644	0.9985423199492817	0.9990127181907251	47.73177245055647	-1.1489638411707765	1.1497313514999858	0.6	2	3	0	0	4	0.05041370246655681	0.8006311300644733	0.9950309854502294	45.60052082935963	0.5	1	0	0.011611435837652704	0.9768638687578016	0.9998872431588107	1			0
S3_EXCLUDE_LEE_SITES	s__Bacteroides_nordii	OTHER_OR_INSUFFICIENT	5	-0.10290613276076359	-0.4806904739185533	0.2748782083970261	0.4915749308321855	0.9979483100114088	0.0	-0.5359341008148463	0.3301218352933191	0.6	2	3	0	0	4	-0.08554204749322661	0.5331279199536135	0.9950309854502294	0.0	0.75	1	0	-0.1742625850655994	0.5902487388059823	0.9998872431588107	1			0
S3_EXCLUDE_LEE_SITES	s__Bacteroides_ovatus	OTHER_OR_INSUFFICIENT	7	-0.007920745042471207	-0.29398622012559017	0.27814473004064777	0.9481848027301651	0.9979483100114088	0.0	-0.30844432748493017	0.29260283739998777	0.5714285714285714	3	4	0	0	5	-0.0032205806400061607	0.9792909603137065	0.9991426610019288	0.0	0.6	1	0	0.2597586057694216	0.5167398858026446	0.9998872431588107	0			0
S3_EXCLUDE_LEE_SITES	s__Bacteroides_salyersiae	OTHER_OR_INSUFFICIENT	4	0.19210558013485496	-0.25937811028775426	0.6435892705574642	0.2686682606059053	0.9979483100114088	0.0	-0.4182982884093763	0.8025094486790862	1.0	4	0	0	0	4	0.10103837737226762	0.4675992560454323	0.9950309854502294	0.0	0.75	1	0	0.3861217946308866	0.3323378532304844	0.9998872431588107	1	0.4756422582639417	Spencer_US	0
S3_EXCLUDE_LEE_SITES	s__Bacteroides_stercoris	OTHER_OR_INSUFFICIENT	7	0.031756052517937595	-0.2811074638234006	0.34461956885927586	0.812134426925052	0.9979483100114088	3.695560685453233	-0.430537656815448	0.4940497618513232	0.5714285714285714	3	4	0	0	5	0.025209853590094037	0.8795821551017541	0.9950309854502294	34.88723962879722	0.6	1	0	0.24405414476976575	0.3855709704942932	0.9998872431588107	1			0
S3_EXCLUDE_LEE_SITES	s__Bacteroides_thetaiotaomicron	OTHER_OR_INSUFFICIENT	7	-0.050212837681074145	-0.3508734805976291	0.25044780523548077	0.6969782606537168	0.9979483100114088	8.517983840824593	-0.38945534552770705	0.28902967016555875	0.5714285714285714	3	4	0	0	5	-0.053744149385394464	0.7432463198218481	0.9950309854502294	34.0457289753097	0.6	1	0	0.028587708980141548	0.9224608578649274	0.9998872431588107	0			0
S3_EXCLUDE_LEE_SITES	s__Bacteroides_uniformis	OTHER_OR_INSUFFICIENT	7	0.00015040136744819187	-0.2851842265977571	0.2854850293326535	0.9990127181907251	0.9990127181907251	0.0	-0.2996053959992195	0.2999061987341159	0.5714285714285714	3	4	0	0	5	-0.01137671772308899	0.9268948670451257	0.9950309854502294	0.0	0.6	0	0	0.05354540288533978	0.9395556295847187	0.9998872431588107	1			0
S3_EXCLUDE_LEE_SITES	s__Bacteroides_xylanisolvens	OTHER_OR_INSUFFICIENT	7	0.15457283579427894	-0.15336088842500972	0.4625065600135676	0.2653360890464171	0.9979483100114088	13.132570467023974	-0.1689242444563933	0.4780699160449512	0.5714285714285714	4	3	1	0	5	0.16150870390221247	0.23918149736970196	0.9950309854502294	0.0	0.6	1	0	0.23153038476772647	0.3877921020329197	0.9998872431588107	1			0
S3_EXCLUDE_LEE_SITES	s__Barnesiella_intestinihominis	OTHER_OR_INSUFFICIENT	7	0.14622038467530896	-0.2629294587724223	0.5553702281230402	0.415490123079839	0.9979483100114088	46.26125026170796	-0.6997836028346655	0.9922243721852834	0.5714285714285714	4	3	0	0	5	0.18903145753502215	0.332454618124364	0.9950309854502294	43.16078329626104	0.8	1	0	0.5086293806429649	0.24719172164433678	0.9998872431588107	1			0
S3_EXCLUDE_LEE_SITES	s__Bifidobacterium_adolescentis	STRONG_DIRECTION_REVERSAL	7	0.2259030972319288	-0.22210711633600982	0.6739133107998674	0.26340417598594296	0.9979483100114088	48.6591928044044	-0.5342257092443314	0.986031903708189	0.8571428571428571	6	1	1	1	5	0.21321829798354258	0.14229368787199925	0.9950309854502294	0.0	1.0	1	0	0.45321154545447123	0.22418129343176962	0.9998872431588107	1	0.3637296024615624	Lee_Leeds	0
S3_EXCLUDE_LEE_SITES	s__Bifidobacterium_animalis	OTHER_OR_INSUFFICIENT	4	0.18534762976308589	-0.32139585560501654	0.6920911151311884	0.3285746277173267	0.9979483100114088	0.0	-0.4997672263758514	0.8704624859020231	1.0	4	0	0	0							0	0	0.5279594090161158	0.2627181886028628	0.9998872431588107	1	0.5520345923896303	Frankel_US	0
S3_EXCLUDE_LEE_SITES	s__Bifidobacterium_bifidum	CONSISTENT_NONSIGNIFICANT	7	0.1972205611309607	-0.08926886232811715	0.48370998459003856	0.1430744984599325	0.9979483100114088	0.0	-0.10374839652201129	0.4981895187839327	0.8571428571428571	6	1	0	0	5	0.1898387522275285	0.17984093995416622	0.9950309854502294	0.0	1.0	1	0	0.3304107480600663	0.2910549375503888	0.9998872431588107	1	0.41349570809631603	Gopalakrishnan_US	0
S3_EXCLUDE_LEE_SITES	s__Bifidobacterium_dentium	DOMAIN_SPECIFIC	5	-0.12559470176493853	-0.7343913448895796	0.48320194135970257	0.5974522394191375	0.9979483100114088	53.30273216812219	-1.458442458275414	1.207253054745537	0.6	3	2	0	1	3	-0.2922266170732112	0.4593230669109386	0.9950309854502294	75.48821631181478	0.6666666666666666	1	0	-0.18834193317659392	0.7098654136988766	0.9998872431588107	1	0.5089892129011024	Frankel_US	1
S3_EXCLUDE_LEE_SITES	s__Bifidobacterium_longum	OTHER_OR_INSUFFICIENT	7	0.22992320170694944	-0.09249751954551169	0.5523439229594106	0.13161002560292148	0.9979483100114088	18.043703353532447	-0.18908223643541652	0.6489286398493154	0.7142857142857143	5	2	1	0	5	0.22102546621000196	0.1322767452108785	0.9950309854502294	0.0	0.8	1	0	0.28950416496258824	0.385631818908536	0.9998872431588107	1	0.2466108727357069	Lee_PRIMM_NL	0
S3_EXCLUDE_LEE_SITES	s__Bifidobacterium_pseudocatenulatum	OTHER_OR_INSUFFICIENT	6	0.12955831334199575	-0.18419029078061455	0.44330691746460604	0.33702673346097484	0.9979483100114088	1.9938288184668351	-0.20931663158271713	0.4684332582667086	0.6666666666666666	4	2	0	0	5	0.14969501844726596	0.3665969161170808	0.9950309854502294	28.923965698006725	0.6	1	0	0.3001063997579207	0.44991667977272387	0.9998872431588107	1			0
S3_EXCLUDE_LEE_SITES	s__Bilophila_wadsworthia	CONSISTENT_NONSIGNIFICANT	7	-0.027144520137672126	-0.31236983700919	0.2580807967338458	0.823603403808152	0.9979483100114088	0.0	-0.32678548167427673	0.27249644139893253	0.8571428571428571	1	6	0	0	5	-0.0317891460848156	0.7985116955812636	0.9950309854502294	0.0	0.8	1	0	0.03423405622139993	0.8994007602818812	0.9998872431588107	0	0.22689978235164318	Spencer_US	0
S3_EXCLUDE_LEE_SITES	s__Bittarella_massiliensis	CONSISTENT_NONSIGNIFICANT	5	-0.3973375930525168	-0.8004158837240292	0.005740697618995483	0.05207130711578801	0.9979483100114088	0.0	-0.859358259686111	0.06468307358107739	1.0	0	5	0	1	3	-0.38589502227389816	0.11672965143221045	0.9950309854502294	0.0	1.0	1	0	-0.8064581070387062	0.046625625861501784	0.9998872431588107	1	0.3363184456109135	Lee_PRIMM_NL	0
S3_EXCLUDE_LEE_SITES	s__Blautia_SGB4815	OTHER_OR_INSUFFICIENT	6	0.035316375072786885	-0.41915172381432736	0.48978447395990116	0.8495399190814602	0.9979483100114088	45.9034716192265	-0.8671077099304332	0.9377404600760069	0.5	3	3	1	0	4	0.05073534796750195	0.7050971387361464	0.9950309854502294	0.0	0.5	1	0	0.16085145510886867	0.670836004950129	0.9998872431588107	1			0
S3_EXCLUDE_LEE_SITES	s__Blautia_caecimuris	OTHER_OR_INSUFFICIENT	7	0.03271379180343267	-0.2538157612927191	0.3192433448995844	0.7893411882907152	0.9979483100114088	0.0	-0.268297323806815	0.33372490741368027	0.5714285714285714	4	3	1	0	5	0.04374743862444466	0.7262325875572684	0.9950309854502294	0.0	0.6	1	0	-0.003415929307067226	0.9910250855750978	0.9998872431588107	0			0
S3_EXCLUDE_LEE_SITES	s__Blautia_faecis	OTHER_OR_INSUFFICIENT	7	0.11776387769472511	-0.16817331341527803	0.4037010688047283	0.3524652101751373	0.9979483100114088	0.0	-0.18262493709382216	0.4181526924832724	0.7142857142857143	5	2	0	0	5	0.11117019930513825	0.3948982130347571	0.9950309854502294	0.0	0.6	1	0	0.2788601368359631	0.6200704907894081	0.9998872431588107	1			0
S3_EXCLUDE_LEE_SITES	s__Blautia_glucerasea	DOMAIN_SPECIFIC	6	-0.03946052392667069	-0.5330272203363424	0.45410617248300106	0.8452733426892871	0.9979483100114088	50.1337185763158	-0.9945248434525794	0.9156037955992381	0.5	3	3	0	1	4	-0.016081548464909168	0.914406470750901	0.9950309854502294	11.4892994175062	0.5	1	0	-0.018570222153234953	0.9588744524285553	0.9998872431588107	1	0.41917245742560905	Lee_Leeds	1
S3_EXCLUDE_LEE_SITES	s__Blautia_hansenii	OTHER_OR_INSUFFICIENT	4	-0.004310440849490282	-0.7210237017334994	0.7124028200345188	0.9859313808266007	0.9979483100114088	49.88325631123842	-1.6736508669880499	1.6650299852890693	0.5	2	2	0	0	4	-0.004310440849490282	0.9859313808266007	0.9991426610019288	49.88325631123842	0.5	1	0	-0.1697651553332982	0.7635213867134389	0.9998872431588107	1			0
S3_EXCLUDE_LEE_SITES	s__Blautia_hydrogenotrophica	CONSISTENT_NONSIGNIFICANT	5	-0.1335725616147622	-0.5343845022200658	0.2672393789905415	0.40719693004586477	0.9979483100114088	0.0	-0.5929954685314602	0.3258503453019359	0.8	1	4	0	0	3	-0.10605839699360665	0.5377351919160994	0.9950309854502294	0.0	0.6666666666666666	1	0	0.0014920097363795735	0.9967602876456649	0.9998872431588107	0	0.4936462338552209	Frankel_US	0
S3_EXCLUDE_LEE_SITES	s__Blautia_luti	STRONG_DIRECTION_REVERSAL	6	0.0044015247515924	-0.6337416744315644	0.6425447239347492	0.9865397543290895	0.9979483100114088	72.02967987621193	-1.5417485041536214	1.5505515536568064	0.5	3	3	1	1	4	0.07597078893489645	0.7943120451903045	0.9950309854502294	72.11902216373957	0.5	1	0	0.12454420954457718	0.860078385249805	0.9998872431588107	1	0.26716113509559847	Frankel_US	1
S3_EXCLUDE_LEE_SITES	s__Blautia_massiliensis	OTHER_OR_INSUFFICIENT	7	0.13004192077207496	-0.1555265133286773	0.41561035487282727	0.3077961694359774	0.9979483100114088	0.0	-0.16995949956691722	0.4300433411110671	0.7142857142857143	5	2	0	0	5	0.12780880779485537	0.3347663913199085	0.9950309854502294	0.0	0.8	1	0	0.4769131776020791	0.19642547163317958	0.9998872431588107	1			0
S3_EXCLUDE_LEE_SITES	s__Blautia_obeum	OTHER_OR_INSUFFICIENT	7	-0.11834411369716928	-0.4041611537884514	0.16747292639411282	0.3500843731040357	0.9979483100114088	0.0	-0.4186067048853918	0.18191847749105322	0.7142857142857143	2	5	0	0	5	-0.11542154914429863	0.37859700522930684	0.9950309854502294	0.0	0.8	1	0	-0.12446991175814122	0.7515323845052135	0.9998872431588107	1			0
S3_EXCLUDE_LEE_SITES	s__Blautia_producta	OTHER_OR_INSUFFICIENT	7	0.03396510855107421	-0.25233228097743665	0.32026249807958507	0.7813652828840462	0.9979483100114088	0.0	-0.26680210961851974	0.33473232672066816	0.5714285714285714	4	3	0	0	5	0.03820594922315964	0.7594358881002032	0.9950309854502294	0.0	0.6	1	0	0.06569840795638601	0.8317163438682513	0.9998872431588107	1			0
S3_EXCLUDE_LEE_SITES	s__Blautia_sp_MSK_20_85	OTHER_OR_INSUFFICIENT	6	0.0811623310201158	-0.2720560550535783	0.4343807170938099	0.5804300847297006	0.9979483100114088	17.123147786235997	-0.4706458057494921	0.6329704677897238	0.6666666666666666	4	2	0	0	4	0.07572298953060141	0.6116726848832464	0.9950309854502294	4.0379698134674165	0.75	1	0	0.24718737255204476	0.4362799863401712	0.9998872431588107	1			0
S3_EXCLUDE_LEE_SITES	s__Blautia_sp_Marseille_P3087	CONSISTENT_NONSIGNIFICANT	5	0.26427482970871624	-0.23027298820209346	0.7588226476195259	0.21205340980109508	0.9979483100114088	27.113806261776013	-0.6415687135081416	1.170118372925574	0.8	4	1	1	0	3	0.3487718782720327	0.2737292709244957	0.9950309854502294	51.96437285068287	1.0	1	0	0.26532454952631934	0.43897337732975356	0.9998872431588107	1	0.3811668133519748	Lee_PRIMM_NL	0
S3_EXCLUDE_LEE_SITES	s__Blautia_sp_OF03_15BH	CONSISTENT_NONSIGNIFICANT	5	0.12127570085313664	-0.285158538079755	0.5277099397860283	0.4539785870931529	0.9979483100114088	0.0	-0.37260320759205157	0.6151546092983249	0.8	4	1	0	0	3	0.09152130821600549	0.7093575595218989	0.9950309854502294	41.746498589275156	0.6666666666666666	1	0	0.1564373631758847	0.7052151397784137	0.9998872431588107	1	0.3235193841221079	Frankel_US	0
S3_EXCLUDE_LEE_SITES	s__Blautia_stercoris	OTHER_OR_INSUFFICIENT	6	0.0468956180057277	-0.2850964752731142	0.37888771128456966	0.7313698874998602	0.9979483100114088	0.0	-0.31168383311126796	0.4054750691227234	0.5	3	3	0	0	5	0.025435118348689643	0.8380612221789135	0.9950309854502294	0.0	0.6	1	0	0.04774799195539524	0.8995843238448236	0.9998872431588107	1			0
S3_EXCLUDE_LEE_SITES	s__Blautia_wexlerae	OTHER_OR_INSUFFICIENT	7	0.02214696307056372	-0.26345403970783177	0.30774796584895925	0.855764561693495	0.9979483100114088	0.0	-0.2778886720080319	0.3221825981491594	0.7142857142857143	2	5	0	0	5	0.030380219579391656	0.8072592774178383	0.9950309854502294	0.0	0.6	1	0				0			0
S3_EXCLUDE_LEE_SITES	s__Butyricicoccus_sp_AM29_23AC	CONSISTENT_NONSIGNIFICANT	5	0.08122370880009133	-0.31943461733699113	0.4818820349371738	0.6035838378918927	0.9979483100114088	0.0	-0.3780231205061802	0.5404705381063628	0.8	4	1	0	0	3	0.06013254778570216	0.7163760727221278	0.9950309854502294	0.0	0.6666666666666666	1	0	0.3537209195211338	0.31109546205318844	0.9998872431588107	1	0.5150446348834711	Lee_Leeds	0
S3_EXCLUDE_LEE_SITES	s__Butyricimonas_SGB15260	OTHER_OR_INSUFFICIENT	7	0.04913539451476833	-0.3004279280419946	0.39869871707153126	0.7426220340305637	0.9979483100114088	27.341415016354155	-0.5878340568148052	0.6861048458443418	0.5714285714285714	4	3	0	0	5	0.03937999062743793	0.7527146157677449	0.9950309854502294	0.0	0.6	1	0	0.25300038018440424	0.44403005452072597	0.9998872431588107	1			0
S3_EXCLUDE_LEE_SITES	s__Butyricimonas_faecihominis	OTHER_OR_INSUFFICIENT	5	0.27523460594525967	-0.215967895593497	0.7664371074840164	0.19475537867488193	0.9979483100114088	34.79798367962542	-0.6609560026971599	1.2114252145876794	0.6	3	2	1	0	4	0.23189766251313776	0.1537383743081278	0.9950309854502294	0.0	0.75	1	0	0.46575119090494366	0.25749175318967155	0.9998872431588107	1	0.5856162657710522	Lee_PRIMM_UK	0
S3_EXCLUDE_LEE_SITES	s__Butyricimonas_paravirosa	OTHER_OR_INSUFFICIENT	6	0.11894248879318181	-0.25933240961189735	0.497217387198261	0.4556504565675826	0.9979483100114088	22.541269457637565	-0.2896262939172635	0.5275112715036272	0.6666666666666666	4	2	0	0	5	0.07813865323269013	0.5581118381392377	0.9950309854502294	0.0	0.6	1	0	0.3154914532837334	0.4576745903142713	0.9998872431588107	1			0
S3_EXCLUDE_LEE_SITES	s__Butyricimonas_virosa	OTHER_OR_INSUFFICIENT	7	0.0995246345312988	-0.1883445318338094	0.38739380089640696	0.43001120078303023	0.9979483100114088	0.8627768983931151	-0.20289380003422397	0.40194306909682154	0.5714285714285714	4	3	0	0	5	0.08997911556729157	0.4834233903881889	0.9950309854502294	0.0	0.6	1	0	0.20160358252864546	0.544776185101766	0.9998872431588107	1			0
S3_EXCLUDE_LEE_SITES	s__Candidatus_Borkfalkia_ceftriaxoniphila	OTHER_OR_INSUFFICIENT	5	-0.067610881051548	-0.6986915289230007	0.5634697668199047	0.7809279595419074	0.9979483100114088	46.84051824822742	-1.2135168575125257	1.07829509540943	0.6	2	3	0	1	4	0.04709445946402909	0.7805112192704591	0.9950309854502294	0.0	0.5	0	0	-0.11289071993204407	0.8335144619216474	0.9998872431588107	1			0
S3_EXCLUDE_LEE_SITES	s__Candidatus_Catenibacterium_tridentinum	CONSISTENT_NONSIGNIFICANT	5	-0.10324654359840549	-0.6145291233360787	0.40803603613926775	0.6049431674462696	0.9979483100114088	43.18211762788528	-1.1547339190150832	0.9482408318182721	0.8	1	4	0	0	3	-0.11766603415831878	0.46318972472223474	0.9950309854502294	0.0	0.6666666666666666	1	0	-0.3751975273923008	0.46625946210709535	0.9998872431588107	1	0.3268712438389973	Lee_PRIMM_UK	0
S3_EXCLUDE_LEE_SITES	s__Candidatus_Cibionibacter_quicibialis	OTHER_OR_INSUFFICIENT	7	-0.0185825746300778	-0.30502700478134276	0.2678618555211872	0.8790827058090644	0.9979483100114088	0.0	-0.31950426502480045	0.2823391157646449	0.5714285714285714	4	3	0	0	5	0.002970274106684113	0.9809170245278035	0.9991426610019288	0.0	0.6	0	0	0.08390120051075345	0.8742804265365205	0.9998872431588107	0			0
S3_EXCLUDE_LEE_SITES	s__Candidatus_Nanosynsacchari_sp_TM7_ANC_38_39_G1_1	OTHER_OR_INSUFFICIENT	3	0.04950349832199635	-0.7258493424408086	0.8248563390848014	0.8093156300698354	0.9979483100114088	0.0	-2.2401983591563415	2.339205355800334	0.6666666666666666	1	2	0	0	3	0.08341679302397866	0.6202080352717866	0.9950309854502294	0.0	0.6666666666666666	1	0	0.22392124837341393	0.6856551890168807	0.9998872431588107	1			0
S3_EXCLUDE_LEE_SITES	s__Catenibacillus_scindens	CONSISTENT_NONSIGNIFICANT	5	0.053575271416783914	-0.3455344288073277	0.45268497164089555	0.7282786343936891	0.9979483100114088	0.0	-0.40389647543875223	0.51104701827232	0.8	4	1	0	0	3	0.053704997110642055	0.7444664703786903	0.9950309854502294	0.0	0.6666666666666666	1	0	0.1467001707221368	0.6445668000522281	0.9998872431588107	1	0.3197222338723133	Frankel_US	0
S3_EXCLUDE_LEE_SITES	s__Catenibacterium_SGB4425	OTHER_OR_INSUFFICIENT	3	0.3674558315166879	-0.5439378327216245	1.2788494957550003	0.22492220280705066	0.9979483100114088	32.45583887432802	-3.472092992937353	4.207004655970729	0.6666666666666666	2	1	1	0							0	0	1.06180958243885	0.3733551680506079	0.9998872431588107	1			0
S3_EXCLUDE_LEE_SITES	s__Cellulomonas_flavigena	OTHER_OR_INSUFFICIENT	3	-0.03261445209178887	-0.758805051657778	0.6935761474742004	0.8646170896859574	0.9979483100114088	0.0	-2.1771348271611575	2.1119059229775794	0.6666666666666666	1	2	0	0							0	0	0.022032893090802794	0.9660937732999525	0.9998872431588107	0			0
S3_EXCLUDE_LEE_SITES	s__Christensenella_hongkongensis	OTHER_OR_INSUFFICIENT	4	-0.10394979592299494	-0.5842378664016916	0.3763382745557017	0.5404467627322685	0.9979483100114088	0.0	-0.753297053421345	0.5453974615753552	0.75	1	3	0	0	3	-0.055494249083043415	0.7362469867807069	0.9950309854502294	0.0	1.0	1	0	-0.09607800368670594	0.805979915239585	0.9998872431588107	1	0.49716077600591985	Lee_PRIMM_NL	0
S3_EXCLUDE_LEE_SITES	s__Christensenella_minuta	OTHER_OR_INSUFFICIENT	5	0.050501645424164014	-0.3885947808613451	0.4895980717096731	0.7654604287498494	0.9979483100114088	7.259826980403844	-0.6178625523127803	0.7188658431611084	0.6	2	3	0	0	3	0.07093346098776948	0.6842201794024236	0.9950309854502294	8.832888944956725	0.6666666666666666	1	0	-0.028856566268176734	0.939630404982124	0.9998872431588107	0			0
S3_EXCLUDE_LEE_SITES	s__Christensenella_sp_Marseille_P3954	OTHER_OR_INSUFFICIENT	4	-0.1568475936946958	-0.6644881067912075	0.3507929194018159	0.39796863825676937	0.9979483100114088	0.0	-0.8431752272058345	0.5294800398164429	0.5	2	2	0	0							0	0	0.07584051652292755	0.8576586066562734	0.9998872431588107	0			0
S3_EXCLUDE_LEE_SITES	s__Clostridium_SGB4750	OTHER_OR_INSUFFICIENT	7	0.045965060936653895	-0.23937506081259766	0.3313051826859055	0.7070837285612112	0.9979483100114088	0.0	-0.2537965078619543	0.34572662973526214	0.5714285714285714	4	3	0	0	5	0.024838302050553263	0.8416166518931011	0.9950309854502294	0.0	0.6	1	0	0.04869725176972483	0.860841894892554	0.9998872431588107	1			0
S3_EXCLUDE_LEE_SITES	s__Clostridium_SGB4909	OTHER_OR_INSUFFICIENT	4	0.0032620626181685867	-0.5026429619618674	0.5091670871982047	0.9849168086281086	0.9979483100114088	0.0	-0.6807191984027714	0.6872433236391087	0.5	2	2	0	0							0	0	-0.042192254208938615	0.9131486580728535	0.9998872431588107	0			0
S3_EXCLUDE_LEE_SITES	s__Clostridium_SGB6179	OTHER_OR_INSUFFICIENT	5	0.2277112186380089	-0.25436695244548324	0.7097893897215011	0.2599125506042144	0.9979483100114088	26.310605899199548	-0.6282421976124878	1.0836646348885055	0.6	3	2	0	0	3	0.16785973892828288	0.5127958069446699	0.9950309854502294	43.99917015775269	0.6666666666666666	1	0	0.5320514673600801	0.36678307032387497	0.9998872431588107	1			0
S3_EXCLUDE_LEE_SITES	s__Clostridium_butyricum	OTHER_OR_INSUFFICIENT	7	-0.16600294250432318	-0.5264797442899221	0.19447385928127575	0.30285483483620285	0.9979483100114088	31.64042668595674	-0.6759092206006221	0.3439033355919758	0.7142857142857143	2	5	0	1	5	-0.09597699884049608	0.589496399497462	0.9950309854502294	39.49036862225345	0.6	1	0	-0.2551191258579914	0.4789854745864618	0.9998872431588107	1			0
S3_EXCLUDE_LEE_SITES	s__Clostridium_fessum	CONSISTENT_NONSIGNIFICANT	7	0.13475145742553266	-0.15151132694164107	0.4210142417927064	0.29321256744150576	0.9979483100114088	0.0	-0.16597940653652013	0.43548232138758547	0.8571428571428571	6	1	0	0	5	0.1166677574752627	0.37451201468928946	0.9950309854502294	0.0	1.0	1	0	0.40554894894994875	0.16498380632308104	0.9998872431588107	1	0.38530028004635586	Frankel_US	0
S3_EXCLUDE_LEE_SITES	s__Clostridium_paraputrificum	OTHER_OR_INSUFFICIENT	4	0.1465188968616704	-0.6772559195349394	0.9702937132582802	0.6109428621946246	0.9979483100114088	54.082273265072565	-1.824569828138735	2.117607621862076	0.5	2	2	0	0	3	0.06902974934169459	0.7781774667709656	0.9950309854502294	42.496350930767136	0.6666666666666666	1	0	0.4115507176903714	0.5336794835957985	0.9998872431588107	1	0.4043604804283545	Lee_PRIMM_UK	1
S3_EXCLUDE_LEE_SITES	s__Clostridium_perfringens	OTHER_OR_INSUFFICIENT	3	0.19059275734263798	-0.5855781399884274	0.9667636546737035	0.4014953334398058	0.9979483100114088	0.0	-2.1015249107920027	2.4827104254772787	1.0	3	0	0	0	3	0.02303211477997872	0.9152634665908604	0.9950309854502294	26.756150720997756	0.6666666666666666	1	0	-0.14558647277822703	0.7688332549278112	0.9998872431588107	0			0
S3_EXCLUDE_LEE_SITES	s__Clostridium_saudiense	CONSISTENT_NONSIGNIFICANT	5	0.09320426293611037	-0.3058248201539918	0.4922333460262125	0.5520017541572569	0.9979483100114088	0.0	-0.3641750780977656	0.5505836039699863	0.8	4	1	0	0	3	0.09180156077245784	0.5881419730607201	0.9950309854502294	0.0	0.6666666666666666	1	0	0.22318624610723167	0.5027056204467223	0.9998872431588107	1	0.30602381786900673	Frankel_US	0
S3_EXCLUDE_LEE_SITES	s__Clostridium_scindens	OTHER_OR_INSUFFICIENT	6	0.10028098301005982	-0.2094595875421122	0.41002155356223186	0.44319077347363384	0.9979483100114088	0.0	-0.23426494771927137	0.43482691373939103	0.6666666666666666	4	2	0	0	5	0.11159377148182587	0.3932816309247345	0.9950309854502294	0.0	0.6	1	0	0.21680743780569295	0.5316635973809788	0.9998872431588107	1			0
S3_EXCLUDE_LEE_SITES	s__Clostridium_sp_1001270H_150608_G6	OTHER_OR_INSUFFICIENT	6	0.2211028317865071	-0.09001469661510123	0.5322203601881155	0.12728353917728347	0.9979483100114088	0.0	-0.1149303295100397	0.557135993083054	0.6666666666666666	4	2	0	0	5	0.20223507321339723	0.1947737063315301	0.9950309854502294	7.339664958488361	0.6	1	0	0.5134071169788945	0.19263286493519613	0.9998872431588107	1	0.29308885524877093	Spencer_US	0
S3_EXCLUDE_LEE_SITES	s__Clostridium_sp_1001270J_160509_D11	CONSISTENT_NONSIGNIFICANT	5	0.16935197202228636	-0.23012658338197284	0.5688305274265455	0.30444154995293854	0.9979483100114088	0.0	-0.288542567930701	0.6272465119752737	1.0	5	0	0	0	3	0.16106027347376756	0.3790171178876033	0.9950309854502294	0.0	1.0	1	0	0.31890575353432077	0.3699298299326011	0.9998872431588107	1	0.3042079558781804	Lee_PRIMM_UK	0
S3_EXCLUDE_LEE_SITES	s__Clostridium_sp_1001271st1_H5	OTHER_OR_INSUFFICIENT	3	-0.134267123187571	-0.9486840471971503	0.6801498008220084	0.5516536372992021	0.9979483100114088	11.265962570046467	-3.2223233539885476	2.9537891076134053	0.6666666666666666	1	2	0	0	3	-0.134267123187571	0.5516536372992021	0.9950309854502294	11.265962570046467	0.6666666666666666	1	0	-0.058312179802658536	0.9181489351151784	0.9998872431588107	1			0
S3_EXCLUDE_LEE_SITES	s__Clostridium_sp_AF12_28	OTHER_OR_INSUFFICIENT	4	0.04379112639791648	-0.46837595394147236	0.5559582067373053	0.8031943473230128	0.9979483100114088	0.0	-0.7165107749499725	0.8040930277458055	0.75	1	3	0	0	3	0.10157863470092489	0.6000896448213282	0.9950309854502294	0.0	0.6666666666666666	1	0	-0.17704838630963768	0.735664225657059	0.9998872431588107	0	0.4243035719221132	Spencer_US	1
S3_EXCLUDE_LEE_SITES	s__Clostridium_sp_AF20_17LB	CONSISTENT_NONSIGNIFICANT	7	0.06389959471619833	-0.22168502848041527	0.3494842179128119	0.6037907296383466	0.9979483100114088	0.0	-0.23611883294862873	0.3639180223810254	0.8571428571428571	6	1	0	0	5	0.06597461838907338	0.6015381412305073	0.9950309854502294	0.0	0.8	1	0	0.25622224665485394	0.42689918836707624	0.9998872431588107	1	0.266043225891859	Lee_PRIMM_UK	0
S3_EXCLUDE_LEE_SITES	s__Clostridium_sp_AF27_2AA	OTHER_OR_INSUFFICIENT	5	0.0018028651542948738	-0.620201402939371	0.6238071332479607	0.9939644844225409	0.9979483100114088	50.96056911571034	-1.2979250572263004	1.3015307875348903	0.6	2	3	0	0	4	0.10772000217057155	0.6680600370609877	0.9950309854502294	50.443008693512716	0.5	1	0	0.04303663140082117	0.9454787781548446	0.9998872431588107	1	0.33849433493506365	Frankel_US	1
S3_EXCLUDE_LEE_SITES	s__Clostridium_sp_AF34_10BH	OTHER_OR_INSUFFICIENT	7	0.059053602918211885	-0.2273037863136047	0.34541099215002846	0.6318246148636123	0.9979483100114088	0.0	-0.2417766473389184	0.35988385317534216	0.5714285714285714	4	3	0	0	5	0.05443296942726815	0.6713564328042883	0.9950309854502294	1.700917541988725	0.6	1	0	0.09442854391141955	0.742748552664897	0.9998872431588107	1			0
S3_EXCLUDE_LEE_SITES	s__Clostridium_sp_AF34_13	OTHER_OR_INSUFFICIENT	5	-0.14920954967245864	-0.591085461768298	0.29266636242338073	0.4015649179797717	0.9979483100114088	17.450557494393806	-0.8900658040392657	0.5916467046943485	0.6	2	3	0	0	4	-0.12834844085948918	0.47409494112051087	0.9950309854502294	32.301009276981304	0.5	1	0	-0.27858492455960215	0.6138303530740914	0.9998872431588107	1			0
S3_EXCLUDE_LEE_SITES	s__Clostridium_sp_AF36_4	OTHER_OR_INSUFFICIENT	7	-0.09747313428537246	-0.46726396930024994	0.272317700729505	0.5427988461425276	0.9979483100114088	32.54593901632884	-0.8220999257960506	0.6271536572253056	0.5714285714285714	4	3	0	1	5	-0.07710226116547955	0.5797589912985559	0.9950309854502294	0.0	0.6	1	0	-0.017642086544094396	0.9550213512806723	0.9998872431588107	1			0
S3_EXCLUDE_LEE_SITES	s__Clostridium_sp_AM22_11AC	OTHER_OR_INSUFFICIENT	7	0.10833508326122372	-0.2592273726401254	0.4758975391625728	0.4979126193425215	0.9979483100114088	32.78268417739253	-0.5388948193691914	0.7555649858916389	0.7142857142857143	5	2	1	0	5	0.1528056823650525	0.4698500527023584	0.9950309854502294	50.2356268424767	0.6	1	0	0.14155234837462316	0.669982696301004	0.9998872431588107	1			0
S3_EXCLUDE_LEE_SITES	s__Clostridium_sp_AM33_3	OTHER_OR_INSUFFICIENT	5	0.15199046399807897	-0.251830646308017	0.5558115743041749	0.35501318131700005	0.9979483100114088	0.0	-0.3108816452131241	0.6148625732092821	0.6	3	2	0	0	5	0.07806274072415245	0.5480245270779918	0.9950309854502294	0.0	0.6	1	0	0.321348269825558	0.3660704352269463	0.9998872431588107	1			0
S3_EXCLUDE_LEE_SITES	s__Clostridium_sp_AM49_4BH	OTHER_OR_INSUFFICIENT	7	-0.004248689118731289	-0.353337120525298	0.3448397422878354	0.9772076774675752	0.9979483100114088	32.25489805343309	-0.37098048679808476	0.3624831085606222	0.7142857142857143	5	2	0	1	5	-0.025092825474959106	0.840134033872053	0.9950309854502294	0.0	0.6	1	0	0.06544525472134584	0.8040515076335957	0.9998872431588107	0			0
S3_EXCLUDE_LEE_SITES	s__Clostridium_sp_AT4	OTHER_OR_INSUFFICIENT	5	0.08841253574161345	-0.3155315980486544	0.4923566695318813	0.5762042042994465	0.9979483100114088	0.0	-0.37460058676667746	0.5514256582499044	0.6	3	2	0	0	4	0.04485282085983863	0.7879313227508842	0.9950309854502294	0.0	0.5	1	0	0.1918796184963233	0.579846785080979	0.9998872431588107	1			0
S3_EXCLUDE_LEE_SITES	s__Clostridium_sp_Marseille_P3244	OTHER_OR_INSUFFICIENT	6	-0.046614486238802405	-0.35973912808333275	0.2665101556057279	0.7176850871580454	0.9979483100114088	0.0	-0.3848154991331053	0.29158652665550044	0.6666666666666666	2	4	0	0	4	-0.04162156158683075	0.7549242388224375	0.9950309854502294	0.0	0.75	1	0	-0.041520136550139926	0.8845971460475504	0.9998872431588107	1			0
S3_EXCLUDE_LEE_SITES	s__Clostridium_sp_NSJ_42	OTHER_OR_INSUFFICIENT	4	0.3227019433928659	-0.1868448443182355	0.8322487311039672	0.13725417803611503	0.9979483100114088	0.0	-0.36620296467181684	1.0116068514575487	1.0	4	0	0	0							0	0	0.4861202431125508	0.35853770913084937	0.9998872431588107	1	0.5034744992369665	Frankel_US	0
S3_EXCLUDE_LEE_SITES	s__Clostridium_spiroforme	OTHER_OR_INSUFFICIENT	7	-0.1244894852081534	-0.4110900884964085	0.1621111180801017	0.328742379865976	0.9979483100114088	0.0	-0.42557524186356643	0.17659627144725965	0.5714285714285714	3	4	0	0	5	-0.12460960629674196	0.35345793184219065	0.9950309854502294	3.180414990698798	0.6	1	0	-0.22312371398043768	0.454313292200354	0.9998872431588107	1			0
S3_EXCLUDE_LEE_SITES	s__Clostridium_symbiosum	OTHER_OR_INSUFFICIENT	7	-0.051617640385101374	-0.33742297855228864	0.23418769778208592	0.6740279357428802	0.9979483100114088	0.0	-0.35186793825305523	0.24863265748285251	0.5714285714285714	3	4	0	0	5	-0.048797336819586416	0.6968103762405315	0.9950309854502294	0.0	0.6	1	0	-0.11114513833541367	0.7018837426063047	0.9998872431588107	1			0
S3_EXCLUDE_LEE_SITES	s__Collinsella_SGB14861	CONSISTENT_NONSIGNIFICANT	7	0.1172413130898665	-0.16818144609496516	0.4026640722746982	0.3536462773542827	0.9979483100114088	0.0	-0.18260706974627205	0.4170896959260051	0.8571428571428571	6	1	0	0	5	0.11599199209103188	0.3758886176129783	0.9950309854502294	0.0	1.0	1	0	0.317488826993457	0.336606778031187	0.9998872431588107	1	0.2641549467896736	Lee_PRIMM_UK	0
S3_EXCLUDE_LEE_SITES	s__Collinsella_SGB14987	CONSISTENT_NONSIGNIFICANT	5	0.17516117769533582	-0.22834889393902005	0.5786712493296917	0.2945355937132833	0.9979483100114088	0.0	-0.28735440949756497	0.6376767648882367	0.8	4	1	0	0	4	0.13735246999523326	0.43374090812487487	0.9950309854502294	0.0	0.75	1	0	0.5657378198389404	0.22170795311932243	0.9998872431588107	1	0.48920028671743315	Frankel_US	0
S3_EXCLUDE_LEE_SITES	s__Collinsella_SGB15196	OTHER_OR_INSUFFICIENT	4	0.05289154049774809	-0.45419794061871094	0.5599810216142072	0.7617714264688085	0.9979483100114088	0.0	-0.6326911003149975	0.7384741813104938	0.75	3	1	0	0							0	0	0.2110302169555662	0.6924241856308557	0.9998872431588107	1	0.3578930595528722	Frankel_US	1
S3_EXCLUDE_LEE_SITES	s__Collinsella_SGB4121	OTHER_OR_INSUFFICIENT	7	0.02948130196722795	-0.2561214476183784	0.31508405155283425	0.8090215774193699	0.9979483100114088	0.0	-0.27055616820488976	0.3295187721393456	0.5714285714285714	3	4	0	0	5	0.024127680816200436	0.8460292941623011	0.9950309854502294	0.0	0.6	1	0	0.026702396905210347	0.9156996408789833	0.9998872431588107	1			0
S3_EXCLUDE_LEE_SITES	s__Collinsella_SGB62935	OTHER_OR_INSUFFICIENT	3	-0.0630570545229326	-0.8343467540475882	0.7082326450017229	0.7586196442962435	0.9979483100114088	0.0	-2.340760010948271	2.214645901902406	0.6666666666666666	1	2	0	0	3	-0.15371005703244825	0.4790386783909986	0.9950309854502294	16.410709357004247	0.6666666666666666	1	0	-0.24760074369811125	0.5990121953458338	0.9998872431588107	1			0
S3_EXCLUDE_LEE_SITES	s__Collinsella_aerofaciens	OTHER_OR_INSUFFICIENT	7	-0.027533224816377024	-0.3412993168210926	0.2862328671883385	0.8370987095195148	0.9979483100114088	16.45008992920948	-0.35715744797445065	0.30209099834169656	0.5714285714285714	4	3	0	0	5	-0.04778990476036436	0.7075795051303645	0.9950309854502294	2.920600091738209	0.6	1	0	0.17435049212341694	0.6480014520227242	0.9998872431588107	0			0
S3_EXCLUDE_LEE_SITES	s__Collinsella_bouchesdurhonensis	OTHER_OR_INSUFFICIENT	4	0.08420895239153944	-0.39565166043765687	0.5640695652207357	0.615493067304443	0.9979483100114088	0.0	-0.5645603843411169	0.7329782891241958	0.75	3	1	0	0	3	0.08961733722271423	0.5962386615230537	0.9950309854502294	0.0	1.0	1	0	0.16883124319074083	0.6955718700683491	0.9998872431588107	1	0.47259024984340964	Lee_PRIMM_NL	0
S3_EXCLUDE_LEE_SITES	s__Collinsella_intestinalis	OTHER_OR_INSUFFICIENT	3	0.03168840932141914	-0.7451991087513382	0.8085759273941765	0.8768470089162188	0.9979483100114088	0.0	-2.262545518325684	2.3259223369685227	0.6666666666666666	2	1	0	0	3	0.01697075262060418	0.9167943586148044	0.9950309854502294	0.0	0.6666666666666666	1	0	-0.01813154497863317	0.9675371784596448	0.9998872431588107	0			0
S3_EXCLUDE_LEE_SITES	s__Coprobacillus_cateniformis	CONSISTENT_NONSIGNIFICANT	6	-0.11459489308824092	-0.463555181049379	0.23436539487289712	0.43709801076667787	0.9979483100114088	0.0	-0.49150142499727545	0.26231163882079356	0.8333333333333334	1	5	0	0	4	-0.11749745717385449	0.4495463835582259	0.9950309854502294	0.0	1.0	1	0	-0.07563169847722528	0.8144506343374679	0.9998872431588107	1	0.35097341189761105	Lee_PRIMM_UK	0
S3_EXCLUDE_LEE_SITES	s__Coprobacter_fastidiosus	OTHER_OR_INSUFFICIENT	6	0.0012902624267473251	-0.32957410519053704	0.33215463004403173	0.9923894750979291	0.9979483100114088	0.0	-0.3560711498946237	0.3586516747481184	0.5	3	3	0	0	5	-0.03810839349015194	0.7602058102038028	0.9950309854502294	0.0	0.6	0	0	-0.04647831191321724	0.874463507140678	0.9998872431588107	0			0
S3_EXCLUDE_LEE_SITES	s__Coprobacter_secundus	OTHER_OR_INSUFFICIENT	3	0.0061207571785052255	-0.8310411065901325	0.843282620947143	0.9777612899303674	0.9979483100114088	0.0	-2.466109913782475	2.4783514281394856	0.6666666666666666	1	2	0	0							0	0	-0.43672217460073026	0.4247549915509504	0.9998872431588107	0			0
S3_EXCLUDE_LEE_SITES	s__Coprococcus_SGB4669	CONSISTENT_NONSIGNIFICANT	6	-0.10792366158757348	-0.4210725995075197	0.2052252763323727	0.41622630141260974	0.9979483100114088	0.0	-0.4461509162919238	0.23030359311677684	0.8333333333333334	1	5	0	0	4	-0.10359188183888472	0.4574355938453495	0.9950309854502294	0.0	0.75	1	0	-0.10577379990018544	0.7184804310556936	0.9998872431588107	1	0.2713462330930009	Spencer_US	0
S3_EXCLUDE_LEE_SITES	s__Coprococcus_catus	OTHER_OR_INSUFFICIENT	7	0.02498616464954685	-0.26131801234161395	0.3112903416407076	0.837973034930922	0.9979483100114088	0.0	-0.2757881839767821	0.3257605132758758	0.5714285714285714	4	3	0	0	5	0.03025509336937998	0.8082844587430774	0.9950309854502294	0.0	0.6	1	0	0.0925917447386905	0.7419049149502649	0.9998872431588107	1			0
S3_EXCLUDE_LEE_SITES	s__Coprococcus_comes	OTHER_OR_INSUFFICIENT	7	-0.03180148950602915	-0.37057989794929147	0.3069769189372331	0.8259595517907797	0.9979483100114088	24.003575135091555	-0.5637995224723231	0.5001965434602649	0.5714285714285714	3	4	0	0	5	-0.033729370478623046	0.8232661868182671	0.9950309854502294	25.925939336646252	0.6	1	0	0.1890807490851784	0.5887461295203869	0.9998872431588107	0			0
S3_EXCLUDE_LEE_SITES	s__Coprococcus_eutactus	OTHER_OR_INSUFFICIENT	5	0.17714824370833593	-0.2875308758072352	0.6418273632239071	0.3495318345517718	0.9979483100114088	35.26817010348874	-0.6930710222823562	1.047367509699028	0.6	3	2	0	0	3	0.15445258224213296	0.4650521541098501	0.9950309854502294	36.57166281480577	0.6666666666666666	1	0	0.3432300390710403	0.3996481375602131	0.9998872431588107	1			0
S3_EXCLUDE_LEE_SITES	s__Corynebacterium_durum	OTHER_OR_INSUFFICIENT	3	0.005405202138489023	-0.7209331980937566	0.7317436023707347	0.9773648723243429	0.9979483100114088	0.0	-2.139551644475906	2.1503620487528843	0.6666666666666666	1	2	0	0							0	0	0.08796744221821476	0.8435497884551147	0.9998872431588107	1			0
S3_EXCLUDE_LEE_SITES	s__Cuneatibacter_caecimuris	OTHER_OR_INSUFFICIENT	3	-0.030099355513885612	-0.8049690403215631	0.7447703292937918	0.8826351799440239	0.9979483100114088	0.0	-2.3183744005513316	2.25817568952356	0.6666666666666666	1	2	0	0							0	0	-0.12071166543261724	0.7834008794112467	0.9998872431588107	1			0
S3_EXCLUDE_LEE_SITES	s__Desulfovibrio_SGB5077	CONSISTENT_NONSIGNIFICANT	5	0.24186541629297173	-0.22779472616788235	0.7115255587538258	0.2259929184026417	0.9979483100114088	9.582103427615497	-0.5272246690584824	1.0109555016444258	0.8	4	1	1	0	5	0.12804321909488336	0.3372262259232475	0.9950309854502294	1.0244106220807825	0.8	1	0	0.5714532903160797	0.2132125645852395	0.9998872431588107	1	0.4107344050531497	Spencer_US	0
S3_EXCLUDE_LEE_SITES	s__Desulfovibrio_desulfuricans	OTHER_OR_INSUFFICIENT	3	0.030029645323543443	-0.8462830126286502	0.9063423032757372	0.8963033356068051	0.9979483100114088	0.0	-2.5578176089076927	2.6178768995547794	0.6666666666666666	1	2	0	0	3	0.030029645323543443	0.8963033356068051	0.9950309854502294	0.0	0.6666666666666666	1	0	-0.11241509308359986	0.8365073824321206	0.9998872431588107	0			0
S3_EXCLUDE_LEE_SITES	s__Desulfovibrio_fairfieldensis	OTHER_OR_INSUFFICIENT	5	0.007912727063045024	-0.36343843485691957	0.3792638889830096	0.9556620855978123	0.9979483100114088	0.0	-0.41774133428636934	0.4335667884124594	0.6	2	3	0	0	4	0.029800956660165502	0.8574335889605926	0.9950309854502294	0.0	0.5	1	0	0.13502310790128205	0.7555527258827601	0.9998872431588107	1			0
S3_EXCLUDE_LEE_SITES	s__Desulfovibrio_piger	OTHER_OR_INSUFFICIENT	4	-0.19250146464197043	-1.357025211682859	0.972022282398918	0.6352484744131621	0.9979483100114088	71.57447966924289	-3.1948903825864035	2.809887453302463	0.5	2	2	0	1							0	0	-0.014081669393094801	0.9836377045465444	0.9998872431588107	1	0.5934620420194908	Lee_Leeds	1
S3_EXCLUDE_LEE_SITES	s__Dialister_invisus	OTHER_OR_INSUFFICIENT	7	0.07733930399262087	-0.20851568812959329	0.363194296114835	0.5325444287316672	0.9979483100114088	0.0	-0.22296315737047137	0.37764176535571314	0.5714285714285714	3	4	0	0	5	0.07823113666890974	0.5396074070408148	0.9950309854502294	0.0	0.6	1	0	0.27433196945164334	0.32718706002144315	0.9998872431588107	1			0
S3_EXCLUDE_LEE_SITES	s__Dielma_fastidiosa	CONSISTENT_NONSIGNIFICANT	6	-0.14746084631588416	-0.5164129564032937	0.2214912637715253	0.351344840252495	0.9979483100114088	0.0	-0.7044390661304176	0.40951737349864925	0.8333333333333334	1	5	0	0	5	-0.14775480673241137	0.343427534977508	0.9950309854502294	10.699311679124666	0.8	1	0	-0.28703596059462905	0.4538055488238549	0.9998872431588107	1	0.26685068944664575	Spencer_US	0
S3_EXCLUDE_LEE_SITES	s__Dorea_formicigenerans	CONSISTENT_NONSIGNIFICANT	7	0.19052195022836782	-0.09540925197309974	0.4764531524298354	0.15413275796489273	0.9979483100114088	0.0	-0.10986057299640051	0.49090447345313615	1.0	7	0	0	0	5	0.18724869814132453	0.18398946663633622	0.9950309854502294	0.0	1.0	1	0	0.420859764967917	0.1963300125668806	0.9998872431588107	1	0.32686639364134734	Spencer_US	0
S3_EXCLUDE_LEE_SITES	s__Dorea_longicatena	OTHER_OR_INSUFFICIENT	7	0.003930555396663133	-0.2817602826238082	0.2896213934171345	0.9742364390619086	0.9979483100114088	0.0	-0.296199455354793	0.30406056614811927	0.5714285714285714	4	3	0	0	5	0.010324661600485861	0.93363635793506	0.9950309854502294	0.0	0.6	1	0	0.17765114399832116	0.5561939855650156	0.9998872431588107	1			0
S3_EXCLUDE_LEE_SITES	s__Dorea_phocaeensis	OTHER_OR_INSUFFICIENT	3	-0.08541415351567291	-1.0953224261912589	0.924494119159913	0.7508003817263061	0.9979483100114088	18.444426019645846	-3.9822348983303284	3.811406591298983	0.6666666666666666	1	2	0	0	3	-0.08541415351567291	0.7508003817263061	0.9950309854502294	18.444426019645846	0.6666666666666666	1	0	-0.007146062265802947	0.9898322081358286	0.9998872431588107	1			0
S3_EXCLUDE_LEE_SITES	s__Dorea_sp_AF24_7LB	OTHER_OR_INSUFFICIENT	5	0.015267449045330896	-0.4439905338226341	0.4745254319132959	0.9308980410113047	0.9979483100114088	15.6195184120196	-0.7462414379424909	0.7767763360331528	0.6	2	3	0	0	3	0.029236851518821688	0.857559854119574	0.9950309854502294	0.0	0.6666666666666666	1	0	-0.13853011911766105	0.7239312782623056	0.9998872431588107	0			0
S3_EXCLUDE_LEE_SITES	s__Dorea_sp_AF36_15AT	OTHER_OR_INSUFFICIENT	7	0.021660097851720992	-0.2643552267921057	0.30767542249554775	0.8590944801346664	0.9979483100114088	0.0	-0.278810799463809	0.322130995167251	0.5714285714285714	4	3	0	0	5	0.03653598754387415	0.7697469469388114	0.9950309854502294	0.0	0.6	1	0	0.13263502889112214	0.6561630705155402	0.9998872431588107	1			0
S3_EXCLUDE_LEE_SITES	s__Dysosmobacter_sp_BX15	OTHER_OR_INSUFFICIENT	7	0.11281033146164192	-0.2365487864767556	0.46216944940003946	0.45953466625218037	0.9979483100114088	28.201162530592892	-0.38258282621783846	0.6082034891411223	0.5714285714285714	4	3	0	0	5	0.10456916561475114	0.42092364706799384	0.9950309854502294	0.0	0.8	1	0	0.45994717553441616	0.19103762332559365	0.9998872431588107	1			0
S3_EXCLUDE_LEE_SITES	s__Dysosmobacter_sp_NSJ_60	OTHER_OR_INSUFFICIENT	7	-0.12756856811483364	-0.46695114765216533	0.21181401142249806	0.3931758624950278	0.9979483100114088	24.415270565351847	-0.6916583775249765	0.4365212412953092	0.7142857142857143	2	5	0	1	5	-0.12800925552209022	0.4879183590327109	0.9950309854502294	40.56812470610806	0.6	1	0	-0.2957083685748745	0.3982394324109315	0.9998872431588107	1			0
S3_EXCLUDE_LEE_SITES	s__Dysosmobacter_welbionis	OTHER_OR_INSUFFICIENT	7	-0.004126845389544096	-0.383663704074761	0.3754100132956728	0.9796366869443339	0.9979483100114088	35.341768022234966	-0.77120870866389	0.7629550178848018	0.5714285714285714	3	4	1	0	5	0.046362418439668415	0.811482979113901	0.9950309854502294	54.06483156535141	0.6	0	0	0.07183746937569123	0.9484966680187117	0.9998872431588107	0			0
S3_EXCLUDE_LEE_SITES	s__Eggerthella_lenta	OTHER_OR_INSUFFICIENT	7	-0.07504990459804656	-0.3606954749426423	0.2105956657465492	0.5440619395185217	0.9979483100114088	0.0	-0.3751323597475311	0.225032550551438	0.5714285714285714	4	3	0	0	5	-0.05811724158712444	0.6440710292999627	0.9950309854502294	0.0	0.6	1	0	-0.05823583684124385	0.8514406483224704	0.9998872431588107	1			0
S3_EXCLUDE_LEE_SITES	s__Eisenbergiella_massiliensis	DOMAIN_SPECIFIC	7	0.0816856065298426	-0.4377175707431764	0.6010887838028616	0.713640700145642	0.9979483100114088	63.64708640965699	-1.185827562606328	1.349198775666013	0.5714285714285714	3	4	1	0	5	0.11337847294441594	0.7166090664735064	0.9950309854502294	73.70365476820253	0.6	1	0	0.09245325048254213	0.840000640866276	0.9998872431588107	1	0.409050208246048	Frankel_US	1
S3_EXCLUDE_LEE_SITES	s__Eisenbergiella_tayi	OTHER_OR_INSUFFICIENT	7	0.013489573785136842	-0.2719442271744346	0.29892337474470826	0.911710421574441	0.9979483100114088	0.0	-0.2863704088904877	0.31334955646076135	0.7142857142857143	2	5	0	0	5	0.020281009079453773	0.8702446792750762	0.9950309854502294	0.0	0.6	1	0	-0.0007767171793966557	0.9978880207020534	0.9998872431588107	0			0
S3_EXCLUDE_LEE_SITES	s__Ellagibacter_isourolithinifaciens	OTHER_OR_INSUFFICIENT	4	-0.007402485922038034	-0.514433710687023	0.49962873884294695	0.9658614396766702	0.9979483100114088	0.0	-0.6929063644214218	0.6781013925773457	0.5	2	2	0	0							0	0	-0.08602261933828946	0.8088517573054491	0.9998872431588107	1			0
S3_EXCLUDE_LEE_SITES	s__Emergencia_timonensis	OTHER_OR_INSUFFICIENT	3	-0.02974099939136595	-1.6024538685213199	1.542971869738588	0.9425606124870312	0.9979483100114088	73.99490888102551	-8.31542062933423	8.255938630551498	0.6666666666666666	2	1	0	1	3	-0.02974099939136595	0.9425606124870312	0.9950309854502294	73.99490888102551	0.6666666666666666	1	0	0.012319070614939679	0.9890252079497154	0.9998872431588107	0			0
S3_EXCLUDE_LEE_SITES	s__Enterocloster_SGB14313	OTHER_OR_INSUFFICIENT	4	0.2928493242126892	-0.21643731572653618	0.8021359641519146	0.16467535311433534	0.9979483100114088	0.0	-0.395703865182413	0.9814025136077915	1.0	4	0	1	0							0	0	0.8262164839173678	0.13935988742942826	0.9998872431588107	1	0.5579608229715145	Lee_PRIMM_NL	0
S3_EXCLUDE_LEE_SITES	s__Enterocloster_aldenensis	OTHER_OR_INSUFFICIENT	6	-0.05413500215544181	-0.3854721780499334	0.27720217373904976	0.6919295712824134	0.9979483100114088	0.0	-0.41200708731229685	0.3037370830014132	0.8333333333333334	1	5	0	0	5	0.010321758139572092	0.9336994851467357	0.9950309854502294	0.0	0.8	0	0	-0.11134982983967756	0.7125794897685533	0.9998872431588107	1	0.4729323619830356	Lee_Leeds	0
S3_EXCLUDE_LEE_SITES	s__Enterocloster_asparagiformis	OTHER_OR_INSUFFICIENT	4	-0.2126584399059231	-0.8189026142099705	0.3935857343981242	0.3456361250632253	0.9979483100114088	33.122798258221195	-1.0861715294805057	0.6608546496686594	0.75	1	3	0	1	4	-0.2126584399059231	0.3456361250632253	0.9950309854502294	33.122798258221195	0.75	1	0	-0.529671727297618	0.39170840805986734	0.9998872431588107	1	0.6739748902108833	Frankel_US	0
S3_EXCLUDE_LEE_SITES	s__Enterocloster_bolteae	OTHER_OR_INSUFFICIENT	7	-0.1772657672293165	-0.48314532643656505	0.12861379197793202	0.2059597818715996	0.9979483100114088	10.009408269501572	-0.5969013441417184	0.24236980968308533	0.7142857142857143	2	5	0	1	5	-0.1793090756020893	0.19928153091809264	0.9950309854502294	0.0	1.0	1	0	-0.48429360437594593	0.2255410007531455	0.9998872431588107	1			0
S3_EXCLUDE_LEE_SITES	s__Enterocloster_citroniae	OTHER_OR_INSUFFICIENT	6	-0.06438095548744084	-0.39623771999194485	0.2674758090170632	0.6391526736678943	0.9979483100114088	0.0	-0.42281424014796215	0.2940523291730805	0.5	3	3	0	0	5	0.0006295412635806605	0.9959514820800023	0.9991426610019288	0.0	0.6	0	0	-0.15794151736951872	0.6690970019596237	0.9998872431588107	1			0
S3_EXCLUDE_LEE_SITES	s__Enterocloster_clostridioformis	CONSISTENT_NONSIGNIFICANT	5	-0.12064861345985256	-0.49259525569478696	0.25129802877508184	0.41872294292954576	0.9979483100114088	0.0	-0.5469852325601104	0.3056880056404053	0.8	1	4	0	0	5	-0.08525440956057846	0.5052387309444593	0.9950309854502294	0.0	0.8	1	0	-0.3221342454801153	0.32398866646302266	0.9998872431588107	1	0.33445560794457607	Matson_US	0
S3_EXCLUDE_LEE_SITES	s__Enterocloster_lavalensis	OTHER_OR_INSUFFICIENT	6	-0.03206105364513797	-0.40750413483174863	0.34338202754147273	0.8349287199255753	0.9979483100114088	15.755332361335558	-0.6191480570786274	0.5550259497883514	0.6666666666666666	2	4	0	0	5	0.0015713360282413973	0.9898969217571789	0.9991426610019288	0.0	0.8	0	0	-0.10977367092829163	0.7428275883268904	0.9998872431588107	1			0
S3_EXCLUDE_LEE_SITES	s__Enterococcus_SGB6173	OTHER_OR_INSUFFICIENT	3	0.2105740581649859	-0.7650872828672356	1.1862353991972074	0.451115948704394	0.9979483100114088	8.967116220043998	-3.52767233584069	3.948820452170662	0.6666666666666666	2	1	0	0							0	0	0.5554923917061656	0.21737962376950015	0.9998872431588107	1			0
S3_EXCLUDE_LEE_SITES	s__Enterococcus_faecalis	OTHER_OR_INSUFFICIENT	4	0.06303293457794498	-0.6379000318267637	0.7639659009826537	0.7933587417388155	0.9979483100114088	49.71871820545836	-1.5527959161507803	1.6788617853066703	0.5	2	2	1	0	3	0.15318837632379304	0.622792827039321	0.9950309854502294	63.278415207104445	0.6666666666666666	1	0	0.1875746901480369	0.6507445838538087	0.9998872431588107	1			0
S3_EXCLUDE_LEE_SITES	s__Erysipelatoclostridium_ramosum	OTHER_OR_INSUFFICIENT	7	-0.1328349676089178	-0.4195117668454319	0.15384183162759626	0.30013670538937265	0.9979483100114088	0.0	-0.4340007713331	0.16833083611526437	0.7142857142857143	2	5	0	0	5	-0.12306713391954574	0.35071837150706164	0.9950309854502294	0.0	0.8	1	0	-0.1167507076723835	0.6743045245519725	0.9998872431588107	1			0
S3_EXCLUDE_LEE_SITES	s__Escherichia_coli	OTHER_OR_INSUFFICIENT	7	-0.1344062367208442	-0.46528197448913267	0.19646950104744423	0.3586173642497065	0.9979483100114088	21.32785096640984	-0.6044540325054382	0.3356415590637497	0.5714285714285714	3	4	0	0	5	-0.12903450579804462	0.46569608588805983	0.9950309854502294	37.018964041142986	0.6	1	0	-0.1967013813726877	0.5036596838357712	0.9998872431588107	1			0
S3_EXCLUDE_LEE_SITES	s__Eubacterium_SGB6276	OTHER_OR_INSUFFICIENT	4	0.21019160046039084	-0.36646083553834063	0.7868440364591224	0.32997547698281016	0.9979483100114088	17.14530758076604	-0.8788525815726301	1.2992357824934118	0.75	3	1	0	0	3	0.16912252828130125	0.5096824552319694	0.9950309854502294	32.44380085198291	0.6666666666666666	1	0	0.26245585411151906	0.6057074860630663	0.9998872431588107	1	0.3974559032223022	Lee_PRIMM_UK	0
S3_EXCLUDE_LEE_SITES	s__Eubacterium_ramulus	OTHER_OR_INSUFFICIENT	7	-0.034115230665829714	-0.31969089044390864	0.2514604291122492	0.779893246512214	0.9979483100114088	0.0	-0.33412424190075957	0.2658937805691001	0.7142857142857143	2	5	0	0	5	-0.040099462557972865	0.7481382787399435	0.9950309854502294	0.0	0.8	1	0	-0.053764041252067886	0.8329525121531854	0.9998872431588107	1			0
S3_EXCLUDE_LEE_SITES	s__Eubacterium_sp_AF16_48	CONSISTENT_NONSIGNIFICANT	6	-0.18462683752649675	-0.4984006500596492	0.1291469750066557	0.19080268466625097	0.9979483100114088	0.0	-0.5235290094911891	0.15427533443819555	0.8333333333333334	1	5	0	0	4	-0.1858383486169996	0.2251117859150273	0.9950309854502294	0.0	0.75	1	0	-0.36087605773632797	0.2729437275113864	0.9998872431588107	1	0.3881687006871067	Spencer_US	0
S3_EXCLUDE_LEE_SITES	s__Eubacterium_sp_AF34_35BH	OTHER_OR_INSUFFICIENT	6	0.1154217843171174	-0.1989573209321468	0.4298008895663816	0.3886218773243304	0.9979483100114088	0.0	-0.22413415484340504	0.4549777234776399	0.6666666666666666	4	2	0	0	4	0.1226834341921054	0.3910200094588377	0.9950309854502294	1.038717899839487	0.75	1	0	0.6062637983473381	0.17601745762788612	0.9998872431588107	1			0
S3_EXCLUDE_LEE_SITES	s__Eubacterium_ventriosum	OTHER_OR_INSUFFICIENT	7	0.13623853795421123	-0.15008844861781875	0.4225655245262412	0.288508539255837	0.9979483100114088	0.0	-0.1645597730447316	0.4370368489531541	0.5714285714285714	4	3	0	0	5	0.11568457032437193	0.3781639698881973	0.9950309854502294	0.0	0.6	1	0	0.39843550824182006	0.19807718030575436	0.9998872431588107	1			0
S3_EXCLUDE_LEE_SITES	s__Faecalibacillus_faecis	CONSISTENT_NONSIGNIFICANT	5	0.19665073479862508	-0.22582617283335546	0.6191276424306056	0.2658379117638625	0.9979483100114088	9.545426812102441	-0.28760521996459776	0.680906689561848	0.8	4	1	0	0	3	0.2030913758279632	0.326463514826859	0.9950309854502294	0.0	1.0	1	0	0.2784506767229867	0.4724969808286174	0.9998872431588107	1	0.35747532768221496	Lee_Leeds	0
S3_EXCLUDE_LEE_SITES	s__Faecalibacillus_intestinalis	OTHER_OR_INSUFFICIENT	7	0.25912935016882943	-0.028014674006768103	0.546273374344427	0.06931646997378589	0.9979483100114088	0.0	-0.04252729253448723	0.5607859928721461	0.7142857142857143	5	2	0	0	5	0.2644565318957647	0.08704878539896121	0.9950309854502294	0.0	0.8	1	1	0.7167657554353538	0.037158599365100145	0.9998872431588107	1	0.3364619489907662	Lee_PRIMM_NL	0
S3_EXCLUDE_LEE_SITES	s__Faecalibacterium_SGB15315	OTHER_OR_INSUFFICIENT	7	-0.038236191881683236	-0.3847050385257421	0.3082326547623756	0.7961769751689232	0.9979483100114088	31.266235905218082	-0.40221600776282823	0.3257436239994617	0.5714285714285714	4	3	0	0	5	0.046610489483810066	0.8010196528747191	0.9950309854502294	47.96214963711111	0.8	0	0	0.012113874191929937	0.9666125825604998	0.9998872431588107	0			0
S3_EXCLUDE_LEE_SITES	s__Faecalibacterium_SGB15346	CONSISTENT_NONSIGNIFICANT	7	0.20564478314195508	-0.08054460380406395	0.49183417008797414	0.12920629875465253	0.9979483100114088	0.0	-0.0950089737740136	0.5062985400579237	0.8571428571428571	6	1	0	0	5	0.20649666507287961	0.15208502568084664	0.9950309854502294	0.0	1.0	1	0	0.510667071334551	0.10563315045155704	0.9998872431588107	1	0.2944409527502177	Spencer_US	0
S3_EXCLUDE_LEE_SITES	s__Faecalibacterium_prausnitzii	OTHER_OR_INSUFFICIENT	7	0.1384903024016897	-0.14767557882744037	0.42465618363081975	0.28111984471238716	0.9979483100114088	0.0	-0.16213876080287754	0.4391193656062569	0.5714285714285714	4	3	0	0	5	0.16508053861740218	0.23024314033006169	0.9950309854502294	0.0	0.8	1	0	0.427650427021973	0.4133892144893739	0.9998872431588107	1			0
S3_EXCLUDE_LEE_SITES	s__Faecalicatena_contorta	OTHER_OR_INSUFFICIENT	4	0.2201317315415726	-0.26105680244851437	0.7013202655316596	0.24144287091687164	0.9979483100114088	0.0	-0.4304329484775574	0.8706964115607027	1.0	4	0	0	0	3	0.2363217421415009	0.24242203534929374	0.9950309854502294	0.0	1.0	1	0	0.5119331787918265	0.2398529801283437	0.9998872431588107	1	0.34362824025478766	Lee_PRIMM_NL	0
S3_EXCLUDE_LEE_SITES	s__Faecalicatena_fissicatena	OTHER_OR_INSUFFICIENT	7	0.002088916368306573	-0.2838424199131944	0.2880202526498075	0.9863171588337385	0.9979483100114088	0.0	-0.2982937477117724	0.3024715804483855	0.5714285714285714	3	4	0	0	5	-0.008077238580957113	0.9481188546225511	0.9950309854502294	0.0	0.6	0	0	0.06329784207381081	0.813401096010314	0.9998872431588107	1			0
S3_EXCLUDE_LEE_SITES	s__Faecalimonas_umbilicata	CONSISTENT_NONSIGNIFICANT	5	-0.04826697678295856	-0.4730734836880548	0.3765395301221377	0.7681834376282703	0.9979483100114088	12.151233698880993	-0.7418974440758553	0.6453634905099382	0.8	1	4	0	0	4	-0.08431936925758507	0.7030093485830008	0.9950309854502294	34.09690992572049	0.75	1	0	-0.04732604870325087	0.9172137519827804	0.9998872431588107	1	0.36454038014429313	Spencer_US	1
S3_EXCLUDE_LEE_SITES	s__Flavonifractor_plautii	OTHER_OR_INSUFFICIENT	7	-0.03237338277951227	-0.3317425199993906	0.266995754440366	0.8001681044144899	0.9979483100114088	8.336941555789712	-0.34687301107087853	0.28212624551185395	0.5714285714285714	3	4	0	0	5	-0.03936323281824396	0.7527014737297991	0.9950309854502294	0.0	0.6	1	0	0.09220171849850914	0.8456587028892586	0.9998872431588107	0			0
S3_EXCLUDE_LEE_SITES	s__Flavonifractor_sp_An100	OTHER_OR_INSUFFICIENT	3	0.46386034177190294	-0.25110960926793213	1.178830292811738	0.1079461480206772	0.9979483100114088	0.0	-1.6475242282421128	2.5752449117859184	1.0	3	0	1	0	3	0.46386034177190294	0.1079461480206772	0.9950309854502294	0.0	1.0	1	0	1.3516868513892513	0.18107561750020715	0.9998872431588107	1			0
S3_EXCLUDE_LEE_SITES	s__Fusicatenibacter_saccharivorans	OTHER_OR_INSUFFICIENT	7	0.1615521131371404	-0.12446393882947837	0.4475681651037592	0.21619144891977	0.9979483100114088	0.0	-0.13891954824397723	0.46202377451825805	0.7142857142857143	5	2	0	0	5	0.1524475256452572	0.261281251186203	0.9950309854502294	0.0	0.8	1	0	0.7065270248584843	0.21946023141703988	0.9998872431588107	1			0
S3_EXCLUDE_LEE_SITES	s__GGB10485_SGB49305	OTHER_OR_INSUFFICIENT	4	-0.06179710450689701	-0.567978476239573	0.44438426722577895	0.7235574043375524	0.9979483100114088	0.0	-0.7461519856154225	0.6225577766016285	0.5	2	2	0	0							0	0	-0.06813576190169449	0.8718555284963341	0.9998872431588107	1			0
S3_EXCLUDE_LEE_SITES	s__GGB10692_SGB17347	OTHER_OR_INSUFFICIENT	3	0.13682860561539628	-0.588992249856606	0.8626494610873987	0.5024766227961281	0.9979483100114088	0.0	-2.006599874633281	2.280257085864074	1.0	3	0	0	0							0	0	0.7261466623422843	0.25742426869286544	0.9998872431588107	1			0
S3_EXCLUDE_LEE_SITES	s__GGB1266_SGB1699	OTHER_OR_INSUFFICIENT	5	0.06471013547618241	-0.2981840944034351	0.42760436535579993	0.6465012117037484	0.9979483100114088	0.0	-0.3512503315651315	0.4806706025174964	0.6	3	2	0	0	3	0.05912273384090028	0.6951628422671188	0.9950309854502294	0.0	0.6666666666666666	1	0	0.2203529574051418	0.5700177642248085	0.9998872431588107	1			0
S3_EXCLUDE_LEE_SITES	s__GGB14025_SGB14906	CONSISTENT_NONSIGNIFICANT	5	0.21667289734723288	-0.18310694121278104	0.6164527359072468	0.2068288143839838	0.9979483100114088	0.0	-0.24156698256381642	0.6749127772582821	1.0	5	0	0	0	3	0.19424816047037552	0.3093595481116067	0.9950309854502294	0.0	1.0	1	0	0.2832434835469501	0.441545547136581	0.9998872431588107	1	0.3246579289853957	Frankel_US	0
S3_EXCLUDE_LEE_SITES	s__GGB16040_SGB9347	OTHER_OR_INSUFFICIENT	5	0.10403855480539287	-0.3166613718486157	0.5247384814594014	0.5300613478801318	0.9979483100114088	27.528929311460786	-0.4747190486802905	0.6827961582910762	0.6	2	3	1	0	4	0.16692647870852825	0.3995571570892025	0.9950309854502294	38.59457796786768	0.75	1	0	0.2591066558263569	0.5489245553777666	0.9998872431588107	1			0
S3_EXCLUDE_LEE_SITES	s__GGB2653_SGB3574	OTHER_OR_INSUFFICIENT	7	0.0764910542532618	-0.2099375380431875	0.3629196465497111	0.537687123104169	0.9979483100114088	0.0	-0.22441399777632232	0.3773961062828459	0.5714285714285714	4	3	1	0	5	0.06742167443704566	0.5937843362154621	0.9950309854502294	0.0	0.8	1	0	0.2460214935543171	0.4359055795638676	0.9998872431588107	1			0
S3_EXCLUDE_LEE_SITES	s__GGB2848_SGB3813	OTHER_OR_INSUFFICIENT	6	-0.03119416524845474	-0.3628653721991852	0.3004770417022757	0.8185633449597477	0.9979483100114088	0.0	-0.38942703206350865	0.32703870156659914	0.6666666666666666	4	2	0	0	5	-0.02517709385102702	0.8398400344317858	0.9950309854502294	0.0	0.6	1	0	-0.18534892114158671	0.541714940707569	0.9998872431588107	1			0
S3_EXCLUDE_LEE_SITES	s__GGB2970_SGB3952	OTHER_OR_INSUFFICIENT	7	0.08867764532352927	-0.19694094203125512	0.3742962326783137	0.4762090623349884	0.9979483100114088	0.0	-0.21137646309063585	0.3887317537376944	0.5714285714285714	4	3	0	0	5	0.06840740615370998	0.5891347675643003	0.9950309854502294	0.0	0.6	1	0	0.27871789317962264	0.4143579248835643	0.9998872431588107	1			0
S3_EXCLUDE_LEE_SITES	s__GGB2977_SGB3959	OTHER_OR_INSUFFICIENT	4	-0.006333059065495791	-0.5133607516160917	0.5006946334851002	0.9707894331767012	0.9979483100114088	0.0	-0.6918321620531453	0.6791660439221539	0.5	2	2	0	0							0	0	0.017813374706403845	0.9607957548007209	0.9998872431588107	0			0
S3_EXCLUDE_LEE_SITES	s__GGB2980_SGB3962	CONSISTENT_NONSIGNIFICANT	5	-0.05510865073017201	-0.45395564592673	0.34373834446638596	0.720777489925991	0.9979483100114088	0.0	-0.5122792770479611	0.4020619755876171	0.8	1	4	0	0	3	-0.04980224254352277	0.7616415114194642	0.9950309854502294	0.0	1.0	1	0	-0.16610419139998514	0.5753431642276435	0.9998872431588107	1	0.2914817652565904	Lee_PRIMM_UK	0
S3_EXCLUDE_LEE_SITES	s__GGB2987_SGB3969	OTHER_OR_INSUFFICIENT	4	-0.01571906857671726	-0.5532324320795452	0.5217942949261107	0.9317168487857542	0.9979483100114088	0.0	-0.7424346580426736	0.7109965208892391	0.5	2	2	0	0	3	-0.04895914516125069	0.7657646934399708	0.9950309854502294	0.0	0.6666666666666666	1	0	0.06802447733625676	0.8492711176370485	0.9998872431588107	0			0
S3_EXCLUDE_LEE_SITES	s__GGB2998_SGB3988	OTHER_OR_INSUFFICIENT	7	-0.03148096617885568	-0.3174264761940545	0.2544645438363432	0.796653541838518	0.9979483100114088	0.0	-0.33187852035400556	0.26891658799629425	0.5714285714285714	3	4	0	0	5	-0.058722366861386675	0.6408642282580053	0.9950309854502294	0.0	0.6	1	0	0.025647275995701754	0.9345607868844273	0.9998872431588107	0			0
S3_EXCLUDE_LEE_SITES	s__GGB3000_SGB3991	OTHER_OR_INSUFFICIENT	5	-0.05441886276630899	-0.4176885588405626	0.30885083330794466	0.6988145302563598	0.9979483100114088	0.0	-0.4708097006592531	0.36197197512663515	0.6	2	3	0	0	3	-0.07447207347583201	0.6258525833830956	0.9950309854502294	0.0	0.6666666666666666	1	0	-0.23138828155431887	0.5378960736635306	0.9998872431588107	1			0
S3_EXCLUDE_LEE_SITES	s__GGB3005_SGB3996	OTHER_OR_INSUFFICIENT	7	-0.10948692673288546	-0.4012273673538309	0.18225351388806	0.3938792336686299	0.9979483100114088	3.4306854954998163	-0.4159722945509995	0.19699844108522857	0.5714285714285714	3	4	0	1	5	-0.1127853667663995	0.42090431995528266	0.9950309854502294	13.664603431031393	0.8	1	0	-0.21656936334939555	0.45337597924785983	0.9998872431588107	1			0
S3_EXCLUDE_LEE_SITES	s__GGB3034_SGB4030	CONSISTENT_NONSIGNIFICANT	5	0.18579138765648937	-0.21529872224526111	0.5868814975582398	0.26780753191099327	0.9979483100114088	0.0	-0.2739503653428863	0.6455331406558651	0.8	4	1	0	0	3	0.1621790472309004	0.3981167451633517	0.9950309854502294	10.316991250917235	0.6666666666666666	1	0	0.36843541431392024	0.33798329111617587	0.9998872431588107	1	0.3591004111321901	Lee_PRIMM_NL	0
S3_EXCLUDE_LEE_SITES	s__GGB3057_SGB4059	OTHER_OR_INSUFFICIENT	3	-0.20002567591421055	-0.9089121331879451	0.5088607813595241	0.3486237956746011	0.9979483100114088	0.0	-2.293445023792357	1.8933936719639362	0.6666666666666666	1	2	0	0	3	-0.20002567591421055	0.3486237956746011	0.9950309854502294	0.0	0.6666666666666666	1	0	-0.4017330697957996	0.47047529564491275	0.9998872431588107	1			0
S3_EXCLUDE_LEE_SITES	s__GGB3061_SGB4063	OTHER_OR_INSUFFICIENT	7	0.13070370131858983	-0.15561030812004	0.41701771075721966	0.30670630473173305	0.9979483100114088	0.0	-0.17008097667959204	0.4314883793167717	0.7142857142857143	5	2	0	0	5	0.13053795617900335	0.32641283531922183	0.9950309854502294	0.0	0.8	1	0	0.37450212448689224	0.2375727957755856	0.9998872431588107	1			0
S3_EXCLUDE_LEE_SITES	s__GGB3109_SGB4119	OTHER_OR_INSUFFICIENT	4	0.09183662406648663	-0.42946509034947067	0.6131383384824439	0.614185629463344	0.9979483100114088	0.0	-0.61296089075889	0.7966341388918633	0.75	3	1	0	0	3	0.142749689313141	0.5562263217293667	0.9950309854502294	0.0	1.0	1	0	0.23227108510977654	0.5728819640061992	0.9998872431588107	1	0.8337421783779448	Gopalakrishnan_US	0
S3_EXCLUDE_LEE_SITES	s__GGB31234_SGB14869	OTHER_OR_INSUFFICIENT	3	-0.00367508348301132	-0.7792963339783664	0.7719461670123439	0.985585695734528	0.9979483100114088	0.0	-2.294169584301925	2.286819417335902	0.6666666666666666	2	1	0	0							0	0	0.18295857763671464	0.699443460814915	0.9998872431588107	0			0
S3_EXCLUDE_LEE_SITES	s__GGB3175_SGB4191	OTHER_OR_INSUFFICIENT	5	0.024328033449778085	-0.375541806727739	0.42419787362729516	0.8740585594159265	0.9979483100114088	0.0	-0.4340150091201632	0.48267107601971937	0.6	3	2	0	0	3	0.03463077371228777	0.8318785379504468	0.9950309854502294	0.0	0.6666666666666666	1	0	0.10134373020296555	0.7624152942583358	0.9998872431588107	1			0
S3_EXCLUDE_LEE_SITES	s__GGB3256_SGB4303	OTHER_OR_INSUFFICIENT	6	-0.011989220510068758	-0.32499864466474293	0.30102020364460547	0.925391570088805	0.9979483100114088	0.0	-0.3500657885948877	0.3260873475747502	0.6666666666666666	4	2	0	0	4	-0.012335094699626025	0.9256229200018601	0.9950309854502294	0.0	0.75	1	0	-0.043318213793352295	0.8842207170087717	0.9998872431588107	1			0
S3_EXCLUDE_LEE_SITES	s__GGB3277_SGB4327	OTHER_OR_INSUFFICIENT	4	-0.19363284576536482	-0.7007353173385564	0.3134696258078267	0.31120580846439827	0.9979483100114088	0.0	-0.8792330496011915	0.49196735807046194	1.0	0	4	0	0							0	0	-0.24898424515495957	0.5089056207646836	0.9998872431588107	1	0.581207976397198	Lee_PRIMM_UK	0
S3_EXCLUDE_LEE_SITES	s__GGB32900_SGB53446	OTHER_OR_INSUFFICIENT	6	0.20865105750819732	-0.2050972367581871	0.6223993517745817	0.2514661197322756	0.9979483100114088	34.83234580992447	-0.23823198348057514	0.6555340984969698	0.6666666666666666	4	2	1	0	5	0.2206128183359596	0.30925313050198683	0.9950309854502294	54.8106851552867	0.8	1	0	0.3242730650297782	0.4059780244926994	0.9998872431588107	1			0
S3_EXCLUDE_LEE_SITES	s__GGB3304_SGB4367	CONSISTENT_NONSIGNIFICANT	5	0.05916533042061491	-0.30457753886591127	0.42290819970714105	0.674954715749074	0.9979483100114088	0.0	-0.357767873068109	0.47609853390933876	0.8	4	1	0	0	3	0.053956038134263765	0.7568752326300501	0.9950309854502294	22.85656833886314	0.6666666666666666	1	0	0.08409746498818808	0.8002452589730236	0.9998872431588107	1	0.39066502554053567	Lee_PRIMM_UK	1
S3_EXCLUDE_LEE_SITES	s__GGB33469_SGB15236	OTHER_OR_INSUFFICIENT	7	0.1257243399780056	-0.16088502903531746	0.4123337089913287	0.324367842969422	0.9979483100114088	0.0	-0.17537062542806733	0.42681930538407853	0.5714285714285714	4	3	0	0	5	0.11638736942172519	0.37580940754404185	0.9950309854502294	0.0	0.6	1	0	0.25182353087731574	0.43457753069172866	0.9998872431588107	1			0
S3_EXCLUDE_LEE_SITES	s__GGB33469_SGB15237	OTHER_OR_INSUFFICIENT	4	0.01885527130567937	-0.5709545814693132	0.6086651240806719	0.9253835889875714	0.9979483100114088	18.694251177931502	-1.0899997107461359	1.1277102533574945	0.5	2	2	0	0							0	0	-0.005670684402547384	0.9885629870655993	0.9998872431588107	0			0
S3_EXCLUDE_LEE_SITES	s__GGB33512_SGB15201	OTHER_OR_INSUFFICIENT	5	-0.09865657629574454	-0.47566437121481325	0.2783512186233242	0.5077393418046884	0.9979483100114088	0.0	-0.5307944432671665	0.3334812906756774	0.6	2	3	0	0	4	-0.05289282402939127	0.6933368366975389	0.9950309854502294	0.0	0.75	1	0	-0.1922484369912198	0.5590901898774426	0.9998872431588107	1			0
S3_EXCLUDE_LEE_SITES	s__GGB33512_SGB15203	OTHER_OR_INSUFFICIENT	4	-0.05688930427510302	-0.5639407408554477	0.45016213230524166	0.7446871748454581	0.9979483100114088	0.0	-0.7424205090571604	0.6286419005069545	0.5	2	2	0	0							0	0	-0.03026882182373711	0.9312451727719068	0.9998872431588107	1			0
S3_EXCLUDE_LEE_SITES	s__GGB33928_SGB15225	OTHER_OR_INSUFFICIENT	7	-0.001898464451099378	-0.29381059703644097	0.29001366813424223	0.9878192814001444	0.9979483100114088	3.6555427022743294	-0.3085642017335511	0.30476727283135235	0.5714285714285714	3	4	0	0	5	0.0031614193173669434	0.9837023498577928	0.9991426610019288	29.382998030159335	0.6	0	0	-0.0624510327908266	0.8235295894864646	0.9998872431588107	1			0
S3_EXCLUDE_LEE_SITES	s__GGB3444_SGB4594	CONSISTENT_NONSIGNIFICANT	5	-0.20843058233878325	-0.6144710561040827	0.19760989142651614	0.22722404700400287	0.9979483100114088	2.0415433592180836	-0.673846593917423	0.2569854292398564	0.8	1	4	0	1	3	-0.20439005357109832	0.3477160646947191	0.9950309854502294	5.929121513292339	0.6666666666666666	1	0	-0.34976411463839013	0.370648970751563	0.9998872431588107	1	0.5818171063029551	Matson_US	0
S3_EXCLUDE_LEE_SITES	s__GGB3463_SGB4621	OTHER_OR_INSUFFICIENT	4	-0.2308567019335331	-0.9821393029817467	0.5204258991146804	0.40023632396652475	0.9979483100114088	53.00661537229448	-1.9738881105669677	1.5121747066999016	0.75	1	3	0	1	3	-0.2761076355442291	0.48743901066926626	0.9950309854502294	69.61499955121417	0.6666666666666666	1	0	-0.4608297703282942	0.491314740450451	0.9998872431588107	1	0.7942170432953758	Frankel_US	0
S3_EXCLUDE_LEE_SITES	s__GGB3475_SGB4638	OTHER_OR_INSUFFICIENT	4	0.1308568906789167	-0.32135633158210725	0.5830701129399407	0.42501751830778184	0.9979483100114088	0.0	-0.48053330156029683	0.7422470829181302	0.75	3	1	0	0	3	0.152588618721807	0.5232139555385544	0.9950309854502294	20.69052596168602	0.6666666666666666	1	0	0.42754263077794835	0.36642791454035845	0.9998872431588107	1	0.37912756542350073	Spencer_US	0
S3_EXCLUDE_LEE_SITES	s__GGB34797_SGB14322	OTHER_OR_INSUFFICIENT	5	0.009751010150690286	-0.3896519488310034	0.409153969132384	0.9492105780365632	0.9979483100114088	0.0	-0.4480568788620851	0.4675588991634657	0.6	2	3	0	0	3	-0.00017412628740005713	0.9991426610019288	0.9991426610019288	0.0	0.6666666666666666	0	0	0.016765221705326003	0.9579109544362239	0.9998872431588107	1			0
S3_EXCLUDE_LEE_SITES	s__GGB34900_SGB14891	OTHER_OR_INSUFFICIENT	6	0.035377822884376645	-0.3139737120917974	0.3847293578605507	0.8050006975961167	0.9979483100114088	0.0	-0.34195128881052317	0.41270693457927643	0.6666666666666666	4	2	0	0	4	0.05661906545679474	0.7038366700151938	0.9950309854502294	0.0	0.75	1	0	0.25478220560720266	0.40793743866885274	0.9998872431588107	1			0
S3_EXCLUDE_LEE_SITES	s__GGB3499_SGB4674	OTHER_OR_INSUFFICIENT	3	0.10539581745481894	-0.6013997499666389	0.8121913848762768	0.5868493802042676	0.9979483100114088	0.0	-1.9818489036952578	2.1926405386048957	1.0	3	0	0	0	3	0.10539581745481894	0.5868493802042676	0.9950309854502294	0.0	1.0	1	0	0.5283787930468251	0.4056642922340117	0.9998872431588107	1			0
S3_EXCLUDE_LEE_SITES	s__GGB35068_SGB47850	OTHER_OR_INSUFFICIENT	4	0.2364446556137245	-0.3782869376001885	0.8511762488276375	0.30828968642398075	0.9979483100114088	26.922674302038008	-0.8117706387727521	1.2846599500002012	0.75	3	1	0	0							0	0	0.6392969881661568	0.34003103978261506	0.9998872431588107	1	0.47571191341095115	Frankel_US	0
S3_EXCLUDE_LEE_SITES	s__GGB3510_SGB4687	OTHER_OR_INSUFFICIENT	6	-0.07312154519224277	-0.38671227105979883	0.24046918067531325	0.5750328151611542	0.9979483100114088	0.0	-0.41182596812369654	0.26558287773921097	0.5	3	3	0	0	4	-0.08917881840725378	0.5681300092586062	0.9950309854502294	0.0	0.75	1	0	0.06496377152589905	0.8393134955298414	0.9998872431588107	0			0
S3_EXCLUDE_LEE_SITES	s__GGB3513_SGB4691	OTHER_OR_INSUFFICIENT	3	-0.054996449134412935	-0.8905299412478831	0.7805370429790572	0.8036396629246859	0.9979483100114088	6.0240438114803165	-2.9669483855122776	2.856955487243452	0.6666666666666666	1	2	0	0							0	0	-0.06894051795478162	0.9057428345769322	0.9998872431588107	1			0
S3_EXCLUDE_LEE_SITES	s__GGB3534_SGB4722	CONSISTENT_NONSIGNIFICANT	7	-0.08139498362789306	-0.3667529137937632	0.20396294653797709	0.5113349147948012	0.9979483100114088	0.0	-0.38117526091182624	0.21838529365604015	0.8571428571428571	1	6	0	0	5	-0.06939299513727601	0.5833752273157653	0.9950309854502294	0.0	1.0	1	0	-0.27804204433389823	0.4090694700307957	0.9998872431588107	1	0.31085299225686436	Lee_PRIMM_NL	0
S3_EXCLUDE_LEE_SITES	s__GGB3537_SGB4727	CONSISTENT_NONSIGNIFICANT	6	0.10981526148792198	-0.2093974043157203	0.42902792729156425	0.4170093261032622	0.9979483100114088	0.0	-0.26319375965013453	0.4828242826259785	0.8333333333333334	5	1	0	0	4	0.09908841259206189	0.5610549595234731	0.9950309854502294	28.541213932327818	0.75	1	0	0.2610696923197196	0.4299865192142674	0.9998872431588107	1	0.42009192701253617	Spencer_US	1
S3_EXCLUDE_LEE_SITES	s__GGB3569_SGB4776	OTHER_OR_INSUFFICIENT	3	0.015107053300680736	-0.7100110858724664	0.7402251924738279	0.9367411065393078	0.9979483100114088	0.0	-2.126246228751724	2.1564603353530853	0.6666666666666666	2	1	0	0							0	0	0.08634223871396855	0.8669325248201076	0.9998872431588107	1			0
S3_EXCLUDE_LEE_SITES	s__GGB3570_SGB4777	OTHER_OR_INSUFFICIENT	4	0.2081972525878889	-0.29969057555659573	0.7160850807323735	0.28309563275168537	0.9979483100114088	0.0	-0.4784647497040704	0.8948592548798482	1.0	4	0	0	0							0	0	0.19080469362790214	0.6158768669069254	0.9998872431588107	1	0.7225215193610489	Lee_PRIMM_UK	0
S3_EXCLUDE_LEE_SITES	s__GGB3602_SGB4574	OTHER_OR_INSUFFICIENT	4	0.0814565021492804	-0.4037795765483491	0.5666925808469099	0.6302319584623797	0.9979483100114088	0.0	-0.5745804395445391	0.7374934438430998	0.75	3	1	0	0	4	0.0814565021492804	0.6302319584623797	0.9950309854502294	0.0	0.75	1	0	0.07055768418003493	0.8599112904751091	0.9998872431588107	1	0.4232441194013742	Matson_US	0
S3_EXCLUDE_LEE_SITES	s__GGB3612_SGB4882	OTHER_OR_INSUFFICIENT	6	-0.138320355777171	-0.45180037981279686	0.17515966825845486	0.3081250138812713	0.9979483100114088	0.0	-0.4769052113962711	0.20026449984192912	0.6666666666666666	2	4	0	0	4	-0.14859922013043966	0.30963244299993525	0.9950309854502294	0.0	0.75	1	0	-0.3420429042010893	0.3325087487434153	0.9998872431588107	1			0
S3_EXCLUDE_LEE_SITES	s__GGB3614_SGB4886	OTHER_OR_INSUFFICIENT	6	0.09331366504430263	-0.22634080477581556	0.41296813486442085	0.4868007968081281	0.9979483100114088	0.0	-0.25194011257179805	0.4385674426604034	0.6666666666666666	4	2	0	0	4	0.08043825328328347	0.5634824775340791	0.9950309854502294	0.0	0.75	1	0	0.09954693715813763	0.791130969254079	0.9998872431588107	1			0
S3_EXCLUDE_LEE_SITES	s__GGB3619_SGB4894	CONSISTENT_NONSIGNIFICANT	5	-0.029567003378324137	-0.3926886314013495	0.33355462464470126	0.8322283944041459	0.9979483100114088	0.0	-0.445788121131244	0.38665411437459574	0.8	1	4	0	0	3	-0.03824707780765279	0.7970338415852771	0.9950309854502294	0.0	0.6666666666666666	1	0	-0.051863471733646076	0.8816348520183342	0.9998872431588107	1	0.3361589393872096	Lee_PRIMM_UK	1
S3_EXCLUDE_LEE_SITES	s__GGB36267_SGB14177	OTHER_OR_INSUFFICIENT	4	0.009699031158573327	-0.5717135766562753	0.5911116389734219	0.9609983821870461	0.9979483100114088	26.93475899358396	-0.7763681342158917	0.7957661965330383	0.5	2	2	0	0	3	0.09495523530146603	0.6224002453441758	0.9950309854502294	0.0	0.6666666666666666	1	0	-0.058058840104619355	0.8901015634190802	0.9998872431588107	0			0
S3_EXCLUDE_LEE_SITES	s__GGB3653_SGB4964	OTHER_OR_INSUFFICIENT	7	0.0273371316398888	-0.2589321577924144	0.31360642107219205	0.8230122067217637	0.9979483100114088	0.0	-0.2734005661774943	0.32807482945727195	0.5714285714285714	3	4	0	0	5	0.023726546454062896	0.8485604284802978	0.9950309854502294	0.0	0.6	1	0	-0.0004990093347020335	0.9986016746727281	0.9998872431588107	0			0
S3_EXCLUDE_LEE_SITES	s__GGB3730_SGB5060	OTHER_OR_INSUFFICIENT	5	0.1002167119198863	-0.2632074884872528	0.46364091232702537	0.4865804879513156	0.9979483100114088	0.0	-0.31635122355396955	0.5167846473937422	0.6	3	2	0	0	3	0.1120761109554303	0.5071785867137415	0.9950309854502294	0.0	0.6666666666666666	1	0	0.12987234263073166	0.7331130500644322	0.9998872431588107	1			0
S3_EXCLUDE_LEE_SITES	s__GGB3746_SGB5089	OTHER_OR_INSUFFICIENT	7	0.030182158426476743	-0.2555884310508088	0.3159527479037623	0.8047080319522211	0.9979483100114088	0.0	-0.27003163449322054	0.33039595134617405	0.5714285714285714	3	4	0	0	5	0.014731843247837342	0.9055697642444105	0.9950309854502294	0.0	0.6	1	0	0.09714244840927991	0.7069426888986462	0.9998872431588107	1			0
S3_EXCLUDE_LEE_SITES	s__GGB3818_SGB5183	OTHER_OR_INSUFFICIENT	3	-0.2045234848771242	-0.9130624144317516	0.5040154446775031	0.340128380653005	0.9979483100114088	0.0	-2.296916545352111	1.8878695755978625	1.0	0	3	0	0	3	-0.2045234848771242	0.340128380653005	0.9950309854502294	0.0	1.0	1	0	-0.612589509119027	0.25236940169404193	0.9998872431588107	1			0
S3_EXCLUDE_LEE_SITES	s__GGB3819_SGB5184	OTHER_OR_INSUFFICIENT	6	0.07179541791939925	-0.27583239809144683	0.41942323393024533	0.6182139254412314	0.9979483100114088	8.590078037288317	-0.3036719319531645	0.447262767791963	0.6666666666666666	4	2	0	0	5	0.05955274097869053	0.6693157360011595	0.9950309854502294	18.381398410719566	0.6	1	0	0.22934717394721008	0.4571829631408282	0.9998872431588107	1			0
S3_EXCLUDE_LEE_SITES	s__GGB38744_SGB14842	OTHER_OR_INSUFFICIENT	6	-0.13326714346002813	-0.44686423401225117	0.18032994709219494	0.3244738954856374	0.9979483100114088	0.0	-0.47197844078755935	0.20544415386750312	0.5	3	3	0	0	4	-0.12186981432269911	0.3910200915809387	0.9950309854502294	0.0	0.75	1	0	-0.10188583125086215	0.7163828724186436	0.9998872431588107	1			0
S3_EXCLUDE_LEE_SITES	s__GGB42389_SGB59559	OTHER_OR_INSUFFICIENT	4	0.11136774915379427	-0.39497404295714394	0.6177095412647324	0.5343456350279627	0.9979483100114088	0.0	-0.5732040195531312	0.7959395178607198	0.75	3	1	0	0							0	0	0.0580631075420274	0.9059276030002152	0.9998872431588107	1	0.3843301452593	Frankel_US	0
S3_EXCLUDE_LEE_SITES	s__GGB42994_SGB4746	OTHER_OR_INSUFFICIENT	4	-0.10423023689959295	-0.7348295677558546	0.5263690939566686	0.6352824115007435	0.9979483100114088	34.82313256479832	-1.4178997481803557	1.20943927438117	0.5	2	2	0	1	4	-0.10423023689959295	0.6352824115007435	0.9950309854502294	34.82313256479832	0.5	1	0	-0.11081633063632661	0.7767989678107837	0.9998872431588107	1			0
S3_EXCLUDE_LEE_SITES	s__GGB4456_SGB6141	OTHER_OR_INSUFFICIENT	4	0.23923958360130948	-0.4052094651187751	0.883688632321394	0.3225594174587855	0.9979483100114088	32.60006484240442	-1.1003087520161736	1.5787879192187926	0.5	2	2	0	0							0	0	0.4863377948019499	0.31666385299325017	0.9998872431588107	1			0
S3_EXCLUDE_LEE_SITES	s__GGB45432_SGB63101	OTHER_OR_INSUFFICIENT	6	-0.0744212528538365	-0.4615538558787994	0.3127113501711264	0.6421345302994278	0.9979483100114088	31.440933239498047	-0.5518402721971696	0.4029977664894966	0.5	3	3	0	1	4	-0.06603232966032822	0.6257319361543939	0.9950309854502294	0.0	0.75	1	0	-0.1986726601665087	0.5470184338766748	0.9998872431588107	1			0
S3_EXCLUDE_LEE_SITES	s__GGB45491_SGB63163	CONSISTENT_NONSIGNIFICANT	5	-0.12841942810080328	-0.5282369296760999	0.2713980734744934	0.4229081367458142	0.9979483100114088	0.0	-0.5867024785129974	0.3298636223113909	0.8	1	4	0	0	3	-0.13420917844076038	0.44953608891182173	0.9950309854502294	0.0	0.6666666666666666	1	0	-0.17392929089155643	0.5935614826499493	0.9998872431588107	1	0.31574234618624947	Frankel_US	0
S3_EXCLUDE_LEE_SITES	s__GGB45495_SGB63167	OTHER_OR_INSUFFICIENT	4	0.21293856667127833	-0.2955210582571446	0.7213981915997012	0.27478499833302716	0.9979483100114088	0.0	-0.47449650223534234	0.900373635577899	0.75	3	1	0	0							0	0	0.1896146778345348	0.6278094849069185	0.9998872431588107	1	0.5009594197184124	Lee_PRIMM_NL	0
S3_EXCLUDE_LEE_SITES	s__GGB45497_SGB63169	OTHER_OR_INSUFFICIENT	5	-0.09372865371273648	-0.605876270052311	0.41841896262683803	0.6381089500746842	0.9979483100114088	33.614436388555966	-1.0740039834461967	0.8865466760207239	0.6	3	2	0	0	3	-0.10682947824038103	0.5626685105901815	0.9950309854502294	14.084817926087254	0.6666666666666666	1	0	-0.3169148653581272	0.42186085593924244	0.9998872431588107	1			0
S3_EXCLUDE_LEE_SITES	s__GGB4566_SGB6305	OTHER_OR_INSUFFICIENT	6	-0.04807210863652864	-0.35732653424838756	0.26118231697533023	0.7059601199474222	0.9979483100114088	0.0	-0.3820929618374673	0.2859487445644101	0.6666666666666666	2	4	0	0	5	-0.043305938659148724	0.7290812035278089	0.9950309854502294	0.0	0.8	1	0	-0.08716032297913744	0.8038663637766642	0.9998872431588107	1			0
S3_EXCLUDE_LEE_SITES	s__GGB51441_SGB71759	OTHER_OR_INSUFFICIENT	5	0.1393082081693176	-0.26042266900632044	0.5390390853449556	0.3880351682082073	0.9979483100114088	0.0	-0.3188755507046776	0.5974919670433128	0.6	3	2	0	0	3	0.14211723857375044	0.4271485076138416	0.9950309854502294	0.0	0.6666666666666666	1	0	0.2610287056189296	0.41310657228003295	0.9998872431588107	1			0
S3_EXCLUDE_LEE_SITES	s__GGB51510_SGB71883	OTHER_OR_INSUFFICIENT	4	-0.06428126062035001	-0.5489437966863986	0.42038127544569853	0.701381724648496	0.9979483100114088	0.0	-0.7195427753066427	0.5909802540659427	0.75	1	3	0	0	4	-0.06428126062035001	0.701381724648496	0.9950309854502294	0.0	0.75	1	0	-0.1504007330983626	0.7126677637167379	0.9998872431588107	1	0.39633919683435365	Spencer_US	1
S3_EXCLUDE_LEE_SITES	s__GGB51647_SGB4348	CONSISTENT_NONSIGNIFICANT	5	0.1369496419869029	-0.26130991175146734	0.5352091957252731	0.39377578236048916	0.9979483100114088	16.204548791605827	-0.3195476409777946	0.5934469249516003	0.8	4	1	1	0	3	0.15891213133598536	0.49818691168216384	0.9950309854502294	43.220232604978406	1.0	1	0	0.27075244918656477	0.40829622669349525	0.9998872431588107	1	0.5289938544382262	Frankel_US	0
S3_EXCLUDE_LEE_SITES	s__GGB51959_SGB72479	CONSISTENT_NONSIGNIFICANT	5	0.14527958817229125	-0.3738605838264154	0.6644197601709979	0.4805590426749002	0.9979483100114088	38.04560061802991	-0.5033012626404043	0.7938604389849868	0.8	4	1	0	0	3	0.1591737186042345	0.383553551988854	0.9950309854502294	0.0	1.0	1	0	0.4944654388561933	0.2979824140445951	0.9998872431588107	1	0.4893199300289293	Lee_Leeds	0
S3_EXCLUDE_LEE_SITES	s__GGB52106_SGB72838	OTHER_OR_INSUFFICIENT	5	-0.0439366816779571	-0.517579391496941	0.4297060281410268	0.8094594982193203	0.9979483100114088	31.880996452419303	-0.9408534422982654	0.8529800789423513	0.6	3	2	0	0	5	-0.04663015251163684	0.7773949153978497	0.9950309854502294	30.758315012544397	0.6	1	0	-0.0765230300822436	0.8481830035251897	0.9998872431588107	1			0
S3_EXCLUDE_LEE_SITES	s__GGB52130_SGB14966	OTHER_OR_INSUFFICIENT	7	0.09834448635482097	-0.2734331584821584	0.4701221311918003	0.5414147835878637	0.9979483100114088	35.59772077041113	-0.6248494210193186	0.8215383937289605	0.5714285714285714	3	4	1	0	5	0.16641861649571765	0.43151759023647235	0.9950309854502294	55.013660226784225	0.6	1	0	0.20423747956166588	0.47156447431846393	0.9998872431588107	1			0
S3_EXCLUDE_LEE_SITES	s__GGB55957_SGB77276	OTHER_OR_INSUFFICIENT	3	0.04765424475661074	-1.3362126863521882	1.4315211758654098	0.8958023166279058	0.9979483100114088	59.29473760905669	-6.733394927780204	6.8287034172934264	0.6666666666666666	2	1	0	0	3	0.04765424475661074	0.8958023166279058	0.9950309854502294	59.29473760905669	0.6666666666666666	1	0	0.23537114286174748	0.8535686934568216	0.9998872431588107	1			0
S3_EXCLUDE_LEE_SITES	s__GGB58158_SGB79798	OTHER_OR_INSUFFICIENT	7	0.06805106962072399	-0.21764438739398445	0.35374652663543243	0.5812282171542906	0.9979483100114088	0.0	-0.23208379356048597	0.36818593280193396	0.5714285714285714	4	3	0	0	5	0.041977834063793865	0.7396656098741129	0.9950309854502294	0.0	0.6	1	0	0.08386138853344467	0.7588272593515436	0.9998872431588107	1			0
S3_EXCLUDE_LEE_SITES	s__GGB58233_SGB79883	OTHER_OR_INSUFFICIENT	6	-0.10749214938096352	-0.45426496184337384	0.2392806630814468	0.46169565267095397	0.9979483100114088	8.0174191590921	-0.48203602341146984	0.2670517246495428	0.5	3	3	0	0	5	-0.05026717608677086	0.6888432515548459	0.9950309854502294	0.0	0.6	1	0	-0.17564778084021546	0.5934486411767524	0.9998872431588107	1			0
S3_EXCLUDE_LEE_SITES	s__GGB74403_SGB53807	OTHER_OR_INSUFFICIENT	3	-0.04344986840819997	-0.751459036857635	0.6645593000412351	0.8164603755585313	0.9979483100114088	0.0	-2.134278486303145	2.0473787494867453	0.6666666666666666	1	2	0	0	3	-0.04344986840819997	0.8164603755585313	0.9950309854502294	0.0	0.6666666666666666	1	0	-0.10648569873598705	0.8624895262539668	0.9998872431588107	1			0
S3_EXCLUDE_LEE_SITES	s__GGB74463_SGB54347	OTHER_OR_INSUFFICIENT	6	-0.04685754418494423	-0.3565974177911173	0.2628823294212288	0.7133751465196703	0.9979483100114088	0.0	-0.3814027221500841	0.2876876337801957	0.6666666666666666	2	4	0	0	5	-0.047432235226507545	0.7052669817227692	0.9950309854502294	0.0	0.6	1	0	-0.17456435590928074	0.6096965787002246	0.9998872431588107	1			0
S3_EXCLUDE_LEE_SITES	s__GGB79630_SGB13983	OTHER_OR_INSUFFICIENT	4	0.05651348024629148	-0.4535043081039441	0.566531268596527	0.7476810716997621	0.9979483100114088	0.0	-0.6905621167360337	0.8035890772286166	0.5	2	2	0	0	3	0.04007237355022923	0.8549825102580859	0.9950309854502294	23.172644943596808	0.6666666666666666	1	0	0.11360067470254019	0.821126064924878	0.9998872431588107	1			0
S3_EXCLUDE_LEE_SITES	s__GGB79734_SGB15291	OTHER_OR_INSUFFICIENT	7	0.11199970936530758	-0.17422648211296776	0.3982259008435829	0.37530261739340004	0.9979483100114088	0.0	-0.18869271227520773	0.41269213100582286	0.7142857142857143	5	2	0	0	5	0.1154804326879387	0.3783772619958685	0.9950309854502294	0.0	0.8	1	0	0.34829760185705716	0.25339670860678665	0.9998872431588107	1			0
S3_EXCLUDE_LEE_SITES	s__GGB80011_SGB15265	OTHER_OR_INSUFFICIENT	7	0.07983118768496084	-0.2888401700944696	0.4485025454643913	0.6152417146403321	0.9979483100114088	33.13724636947756	-0.5610124769630929	0.7206748523330146	0.7142857142857143	5	2	0	0	5	0.0911024809953318	0.49637066398383733	0.9950309854502294	8.027268693800123	0.8	1	0	0.31334092708750244	0.33495628809940087	0.9998872431588107	1			0
S3_EXCLUDE_LEE_SITES	s__GGB80011_SGB15267	OTHER_OR_INSUFFICIENT	3	-0.21645900064756	-0.94318385217993	0.51026585088481	0.32849847601611193	0.9979483100114088	0.0	-2.362557080266027	1.9296390789709068	1.0	0	3	0	0							0	0	-0.3503081732785833	0.45471693193730023	0.9998872431588107	1			0
S3_EXCLUDE_LEE_SITES	s__GGB80140_SGB15224	CONSISTENT_NONSIGNIFICANT	6	0.16622153533118855	-0.15441513105069582	0.4868582017130729	0.24015726926505054	0.9979483100114088	0.0	-0.1800930973776993	0.5125361680400764	0.8333333333333334	5	1	0	0	4	0.15359645499242378	0.3050734984270469	0.9950309854502294	0.0	1.0	1	0	0.3696506375797975	0.2526318130026579	0.9998872431588107	1	0.5059601510205795	Lee_PRIMM_UK	0
S3_EXCLUDE_LEE_SITES	s__GGB9062_SGB13981	OTHER_OR_INSUFFICIENT	4	-0.04389047897456494	-0.6322963747180965	0.5445154167689665	0.827645556193401	0.9979483100114088	28.5828685712579	-0.8394125374947472	0.7516315795456172	0.5	2	2	0	1	3	0.056685183914651986	0.7629550698207217	0.9950309854502294	0.0	0.6666666666666666	0	0	-0.09549661229786692	0.8171157975385206	0.9998872431588107	1			0
S3_EXCLUDE_LEE_SITES	s__GGB9063_SGB13982	CONSISTENT_NONSIGNIFICANT	5	-0.14342287512107985	-0.6412202265784265	0.35437447633626684	0.4685605506634861	0.9979483100114088	26.807986665154758	-1.030478242389392	0.7436324921472323	0.8	1	4	0	0	5	-0.11582636271402043	0.43312776566949557	0.9950309854502294	22.66930159335446	0.8	1	0	-0.37155192713099844	0.34588783988391064	0.9998872431588107	1	0.31097337826646293	Matson_US	0
S3_EXCLUDE_LEE_SITES	s__GGB9110_SGB14043	OTHER_OR_INSUFFICIENT	3	-0.0347719635933733	-0.9424902530868109	0.8729463259000643	0.8842370067890581	0.9979483100114088	0.0	-2.7153634869051295	2.645819559718383	0.6666666666666666	1	2	0	0							0	0	-0.3082050578123739	0.5775355351169601	0.9998872431588107	1			0
S3_EXCLUDE_LEE_SITES	s__GGB9176_SGB14114	CONSISTENT_NONSIGNIFICANT	7	0.28913828579105305	0.0017098376901161783	0.57656673389199	0.04902173776173799	0.9979483100114088	0.0	-0.012817155978947559	0.5910937275610537	0.8571428571428571	6	1	1	0	5	0.25800540697466606	0.09232286765690842	0.9950309854502294	0.0	1.0	1	1	0.552389217200035	0.13208287557704587	0.9998872431588107	1	0.33204391114521453	Lee_PRIMM_NL	0
S3_EXCLUDE_LEE_SITES	s__GGB9186_SGB14125	OTHER_OR_INSUFFICIENT	6	-0.05032348116697457	-0.36440054010093637	0.26375357776698727	0.6974929041763751	0.9979483100114088	0.0	-0.38955318481681367	0.28890622248286457	0.6666666666666666	2	4	0	0	4	-0.05582915967170182	0.709738948707404	0.9950309854502294	19.922981133547964	0.5	1	0	0.028806714555232982	0.9357422847866588	0.9998872431588107	0			0
S3_EXCLUDE_LEE_SITES	s__GGB9210_SGB14149	OTHER_OR_INSUFFICIENT	3	0.10601224889828345	-0.6278364048429459	0.8398609026395127	0.5976356283599036	0.9979483100114088	0.0	-2.0611231986360647	2.273147696432632	1.0	3	0	0	0	3	0.10601224889828345	0.5976356283599036	0.9950309854502294	0.0	1.0	1	0	0.20879961337656477	0.6847775768214894	0.9998872431588107	1			0
S3_EXCLUDE_LEE_SITES	s__GGB9237_SGB14179	OTHER_OR_INSUFFICIENT	6	-0.0915473535371794	-0.43469208370169315	0.25159737662733433	0.5233350258246877	0.9979483100114088	0.0	-0.5962773643348931	0.4131826572605343	0.6666666666666666	2	4	0	0	4	-0.13459645408678725	0.38830500674599694	0.9950309854502294	0.0	0.75	1	0	-0.32549318015099427	0.3245665270345914	0.9998872431588107	1			0
S3_EXCLUDE_LEE_SITES	s__GGB9240_SGB14182	OTHER_OR_INSUFFICIENT	5	-0.09203648988443672	-0.47009280062794656	0.28601982085907307	0.5361577026645482	0.9979483100114088	0.0	-0.5253761978341657	0.3413032180652923	0.6	2	3	0	0	4	-0.07223368943175648	0.594705548956406	0.9950309854502294	0.0	0.75	1	0	-0.05569449565312712	0.88016504421172	0.9998872431588107	1			0
S3_EXCLUDE_LEE_SITES	s__GGB9293_SGB14250	OTHER_OR_INSUFFICIENT	4	0.301336421967836	-0.2086058977104846	0.8112787416461567	0.15660534980850987	0.9979483100114088	0.0	-0.3881032434217809	0.9907760873574529	0.75	3	1	0	0							0	0	0.7172631899787708	0.13109015825507675	0.9998872431588107	1	0.3337124004979816	Lee_PRIMM_UK	0
S3_EXCLUDE_LEE_SITES	s__GGB9296_SGB14253	OTHER_OR_INSUFFICIENT	4	-0.01648075762766597	-0.5106392560067914	0.4776777407514594	0.9221718743237358	0.9979483100114088	0.0	-0.6845807694073874	0.6516192541520555	0.75	1	3	0	0	4	0.04197068404313752	0.7529227843311039	0.9950309854502294	0.0	0.5	0	0	0.19584934983154906	0.6521066148358828	0.9998872431588107	0	0.36446804290051393	Matson_US	1
S3_EXCLUDE_LEE_SITES	s__GGB9342_SGB14306	CONSISTENT_NONSIGNIFICANT	6	0.2173932695475744	-0.10413126256747443	0.5389178016626233	0.14270230758757435	0.9979483100114088	0.0	-0.12988033302646437	0.5646668721216132	0.8333333333333334	5	1	1	0	4	0.1806627526206887	0.24229936746852193	0.9950309854502294	0.0	1.0	1	0	0.48137614448433935	0.15685347293469928	0.9998872431588107	1	0.3643944410683624	Lee_PRIMM_NL	0
S3_EXCLUDE_LEE_SITES	s__GGB9345_SGB14311	CONSISTENT_NONSIGNIFICANT	7	0.2730475233580146	-0.014120123881105062	0.5602151705971342	0.05891452866340368	0.9979483100114088	0.0	-0.028633936351478317	0.5747289830675075	1.0	7	0	1	0	5	0.27506923191430865	0.07884812638851062	0.9950309854502294	0.0	1.0	1	1	0.6123014169995504	0.07999907203774147	0.9998872431588107	1	0.35182397499987006	Spencer_US	0
S3_EXCLUDE_LEE_SITES	s__GGB9350_SGB14317	OTHER_OR_INSUFFICIENT	3	0.1956429548317707	-0.47896752521571245	0.8702534348792539	0.3383868518946417	0.9979483100114088	0.0	-1.7965556784077246	2.187841588071266	0.6666666666666666	2	1	0	0							0	0	0.43348087405008195	0.49876282166078173	0.9998872431588107	1			0
S3_EXCLUDE_LEE_SITES	s__GGB9453_SGB14844	OTHER_OR_INSUFFICIENT	7	0.15487844903527445	-0.2390503847341817	0.5488072828047306	0.3731829025108189	0.9979483100114088	40.7486789897984	-0.6285683844853707	0.9383252825559196	0.5714285714285714	4	3	1	0	5	0.1423913678311623	0.3818354356851164	0.9950309854502294	34.72772154856793	0.6	1	0	0.22376780135997576	0.5812501402126944	0.9998872431588107	1			0
S3_EXCLUDE_LEE_SITES	s__GGB9453_SGB14845	OTHER_OR_INSUFFICIENT	4	-0.04127875705980094	-0.5474371711081505	0.46487965698854855	0.8120115249096734	0.9979483100114088	0.0	-0.7256025994770543	0.6430450853574523	0.5	2	2	0	0							0	0	0.08229096205456396	0.824819554657123	0.9998872431588107	0			0
S3_EXCLUDE_LEE_SITES	s__GGB9469_SGB14862	OTHER_OR_INSUFFICIENT	3	0.06822713468500989	-0.8098636872194899	0.9463179565895096	0.7699452846564205	0.9979483100114088	0.0	-2.5248712324492124	2.6613255018192326	0.6666666666666666	2	1	0	0	3	0.06822713468500989	0.7699452846564205	0.9950309854502294	0.0	0.6666666666666666	1	0	0.05981494369018965	0.9057320742818391	0.9998872431588107	1			0
S3_EXCLUDE_LEE_SITES	s__GGB9474_SGB14868	OTHER_OR_INSUFFICIENT	4	-0.09095299620560318	-0.9187326456221789	0.7368266532109726	0.7496905562969887	0.9979483100114088	57.90141338880276	-2.124107903452427	1.9422019110412208	0.75	1	3	1	0	3	0.032735908068471584	0.9317427242591375	0.9950309854502294	62.95175344902664	0.6666666666666666	0	0	-0.2844202986416794	0.5883315218901315	0.9998872431588107	1	0.39707029529726445	Frankel_US	1
S3_EXCLUDE_LEE_SITES	s__GGB9480_SGB14874	CONSISTENT_NONSIGNIFICANT	5	-0.1457726216132566	-0.5174119489581117	0.22586670573159856	0.3373541809535804	0.9979483100114088	0.0	-0.5717569869821315	0.2802117437556183	0.8	1	4	0	0	4	-0.1193529995408076	0.49062191690715823	0.9950309854502294	0.0	0.75	1	0	-0.3577156485192986	0.3238898622991984	0.9998872431588107	1	0.2880147950244934	Frankel_US	0
S3_EXCLUDE_LEE_SITES	s__GGB9495_SGB14892	OTHER_OR_INSUFFICIENT	4	-0.13986147423513734	-0.5723937038241727	0.2926707553538979	0.37915972300700224	0.9979483100114088	0.0	-0.7246430551292125	0.4449201066589377	1.0	0	4	0	0	3	-0.12754451345882925	0.4317519139832121	0.9950309854502294	0.0	1.0	1	0	-0.30378540909022633	0.462487618606267	0.9998872431588107	1	0.4715395065707533	Lee_PRIMM_UK	0
S3_EXCLUDE_LEE_SITES	s__GGB9501_SGB14898	OTHER_OR_INSUFFICIENT	5	0.020572656440254248	-0.41702577291000614	0.45817108579051463	0.9024499280962192	0.9979483100114088	27.302783647477234	-0.48101604893730204	0.5221613618178106	0.6	2	3	1	0	5	0.02264051021575138	0.8754145030651832	0.9950309854502294	25.475957522111376	0.6	1	0	-0.009223867980196842	0.9806218255677929	0.9998872431588107	0			0
S3_EXCLUDE_LEE_SITES	s__GGB9512_SGB14909	OTHER_OR_INSUFFICIENT	7	-0.07662332094616216	-0.36245025534330044	0.20920361345097616	0.5361793617953605	0.9979483100114088	0.0	-0.3768963065088141	0.22364966461648983	0.5714285714285714	3	4	0	0	5	-0.0667377175527944	0.5973921717085628	0.9950309854502294	0.0	0.6	1	0	-0.12709213413195203	0.6275067994069448	0.9998872431588107	1			0
S3_EXCLUDE_LEE_SITES	s__GGB9522_SGB14921	OTHER_OR_INSUFFICIENT	7	-0.009858164444836942	-0.2957366750420149	0.276020346152341	0.9355002801361825	0.9979483100114088	0.0	-0.31018533293470063	0.29046900404502674	0.7142857142857143	2	5	0	0	5	-0.008154162901618928	0.9476888563401658	0.9950309854502294	0.0	0.6	1	0	-0.040400895995438744	0.8898356362973981	0.9998872431588107	1			0
S3_EXCLUDE_LEE_SITES	s__GGB9524_SGB14923	OTHER_OR_INSUFFICIENT	3	0.1048563578949832	-1.1657781616207206	1.375490877410687	0.7564874404622355	0.9979483100114088	61.12458647215567	-6.120400655736766	6.330113371526732	0.6666666666666666	1	2	1	0	3	0.1048563578949832	0.7564874404622355	0.9950309854502294	61.12458647215567	0.6666666666666666	1	0	0.03836650430860324	0.9586285592728441	0.9998872431588107	1			0
S3_EXCLUDE_LEE_SITES	s__GGB9524_SGB14924	CONSISTENT_NONSIGNIFICANT	7	0.14335909839910232	-0.22926114098850664	0.5159793377867112	0.3828370609215421	0.9979483100114088	35.67374259384892	-0.5874765704073719	0.8741947672055765	0.8571428571428571	6	1	0	1	5	0.09544277151813609	0.6518268509914789	0.9950309854502294	51.88158635351493	0.8	1	0	0.5290485404192141	0.18903467167651059	0.9998872431588107	1	0.31871390027895735	Frankel_US	0
S3_EXCLUDE_LEE_SITES	s__GGB9559_SGB14969	OTHER_OR_INSUFFICIENT	4	0.08860355487532924	-0.41810229919253095	0.5953094089431894	0.6166923696244677	0.9979483100114088	0.0	-0.5964604239387561	0.7736675336894145	0.5	2	2	0	0							0	0	0.22027173335740433	0.5373905731494614	0.9998872431588107	1			0
S3_EXCLUDE_LEE_SITES	s__GGB9581_SGB79823	OTHER_OR_INSUFFICIENT	3	-0.1418325467745002	-1.017369870480354	0.7337047769313535	0.5579181094231053	0.9979483100114088	0.0	-2.727390154061439	2.4437250605124383	0.6666666666666666	1	2	0	0	3	-0.1418325467745002	0.5579181094231053	0.9950309854502294	0.0	0.6666666666666666	1	0	-0.22099874484568677	0.6718374401179373	0.9998872431588107	1			0
S3_EXCLUDE_LEE_SITES	s__GGB9602_SGB15028	OTHER_OR_INSUFFICIENT	5	0.032992406656114054	-0.3944986204055332	0.46048343371776124	0.8408110153972954	0.9979483100114088	16.51548793808739	-0.6956887473464594	0.7616735606586874	0.6	2	3	0	0	3	-0.011928859261693864	0.9544149583969231	0.9990369564518442	42.31082277109636	0.6666666666666666	0	0	0.0018796584872277841	0.9964403067153518	0.9998872431588107	1			0
S3_EXCLUDE_LEE_SITES	s__GGB9602_SGB15031	OTHER_OR_INSUFFICIENT	7	0.1906119020338766	-0.2402757247743679	0.6214995288421211	0.3206286218853659	0.9979483100114088	46.26979715690348	-0.6589381205895666	1.0401619246573197	0.7142857142857143	5	2	2	0	5	0.18469076972068754	0.26756087721229255	0.9950309854502294	33.262057891810436	0.8	1	0	0.44689372307948305	0.2883441898218729	0.9998872431588107	1			0
S3_EXCLUDE_LEE_SITES	s__GGB9611_SGB15045	OTHER_OR_INSUFFICIENT	4	0.08447691945544168	-0.5543370185056762	0.7232908574165595	0.7021964261575934	0.9979483100114088	31.5160937851933	-1.0589466719571397	1.2279005108680232	0.5	2	2	0	0							0	0	-0.2662933155401831	0.6493121802191949	0.9998872431588107	0			0
S3_EXCLUDE_LEE_SITES	s__GGB9614_SGB15049	OTHER_OR_INSUFFICIENT	7	-0.02847407635971948	-0.38456282436072964	0.32761467164129066	0.8513317791227379	0.9979483100114088	23.631815200963924	-0.696445631762465	0.6394974790430261	0.5714285714285714	3	4	0	0	5	0.029524391503384727	0.8717907870951397	0.9950309854502294	47.03453458467954	0.6	0	0	-0.05577072048040485	0.86625310817316	0.9998872431588107	1			0
S3_EXCLUDE_LEE_SITES	s__GGB9616_SGB15051	OTHER_OR_INSUFFICIENT	4	-0.2624808209503948	-0.7697685384586325	0.24480689655784282	0.19818218442429447	0.9979483100114088	0.0	-0.9483314764380941	0.4233698345373045	1.0	0	4	0	0							0	0	-0.7614857069021973	0.12708694035609938	0.9998872431588107	1	0.29854341115676736	Frankel_US	0
S3_EXCLUDE_LEE_SITES	s__GGB9619_SGB15066	OTHER_OR_INSUFFICIENT	4	0.008242950772535881	-0.4423545226317903	0.4588404241768621	0.9572360671997157	0.9979483100114088	0.0	-0.600962756453414	0.6174486579984858	0.5	2	2	0	0	3	0.006608501176116189	0.9715684350342992	0.9991426610019288	0.0	0.6666666666666666	1	0	-0.07061817417567165	0.8553652358199219	0.9998872431588107	0			0
S3_EXCLUDE_LEE_SITES	s__GGB9619_SGB15067	OTHER_OR_INSUFFICIENT	5	0.10174388305362368	-0.3012993019927899	0.5047870681000373	0.5220039874804935	0.9979483100114088	0.0	-0.36023654444434655	0.5637243105515939	0.6	3	2	0	0	5	0.09351277368023185	0.46734150049395656	0.9950309854502294	0.0	0.6	1	0	0.16613053962249114	0.6149555599708098	0.9998872431588107	1			0
S3_EXCLUDE_LEE_SITES	s__GGB9620_SGB15068	OTHER_OR_INSUFFICIENT	3	-0.08009807026316138	-0.7874730099744387	0.6272768694481159	0.6742831525746557	0.9979483100114088	0.0	-2.1690537412412074	2.0088576007148844	0.6666666666666666	1	2	0	0	3	-0.08009807026316138	0.6742831525746557	0.9950309854502294	0.0	0.6666666666666666	1	0	-0.291998818527187	0.5627395161793272	0.9998872431588107	1			0
S3_EXCLUDE_LEE_SITES	s__GGB9621_SGB15073	CONSISTENT_NONSIGNIFICANT	6	-0.15646323817837654	-0.49360384561891624	0.18067736926216316	0.2863956584223548	0.9979483100114088	0.0	-0.6276330984037024	0.31470662204694927	0.8333333333333334	1	5	0	0	4	-0.13982841330036713	0.44458292350031586	0.9950309854502294	27.007051651753855	0.75	1	0	-0.3298598814377505	0.37319232278308406	0.9998872431588107	1	0.4017615683700958	Spencer_US	0
S3_EXCLUDE_LEE_SITES	s__GGB9627_SGB15081	OTHER_OR_INSUFFICIENT	6	0.16855953980397664	-0.15567585506100912	0.4927949346689624	0.23901731964753914	0.9979483100114088	5.778560504264693	-0.18164202309039928	0.5187611026983525	0.6666666666666666	4	2	1	0	4	0.1540580525835214	0.3636424910097919	0.9950309854502294	24.379128023498875	0.75	1	0	0.4250934431253208	0.2381651597252853	0.9998872431588107	1			0
S3_EXCLUDE_LEE_SITES	s__GGB9634_SGB15093	OTHER_OR_INSUFFICIENT	5	-0.10689342481518489	-0.5483552548077798	0.33456840517741	0.5382443527636618	0.9979483100114088	27.07909839289158	-0.8200071755237583	0.6062203258933885	0.6	3	2	0	0	3	-0.197565833326689	0.48068404734052383	0.9950309854502294	62.942693104874394	0.6666666666666666	1	0	-0.032743862079604114	0.9331481952317779	0.9998872431588107	1			0
S3_EXCLUDE_LEE_SITES	s__GGB9635_SGB15106	OTHER_OR_INSUFFICIENT	7	0.21192067797877662	-0.2316985703295435	0.6555399262870967	0.2867740233381702	0.9979483100114088	54.62661374365085	-0.7983705621757764	1.2222119181333295	0.7142857142857143	5	2	1	0	5	0.14834898912122357	0.5495010602639114	0.9950309854502294	67.7431643154668	0.6	1	0	0.35971947408907745	0.34196268185504647	0.9998872431588107	1	0.23621247456339664	Frankel_US	0
S3_EXCLUDE_LEE_SITES	s__GGB9636_SGB15107	OTHER_OR_INSUFFICIENT	4	0.12461867530418114	-0.3090253382831879	0.5582626888915502	0.42786192622024055	0.9979483100114088	0.0	-0.4616660324172095	0.7109033830255718	0.5	2	2	0	0	3	0.12689146802024073	0.5641375163989172	0.9950309854502294	42.868836268298935	0.6666666666666666	1	0	0.4121630025988623	0.3998564446098908	0.9998872431588107	1			0
S3_EXCLUDE_LEE_SITES	s__GGB9641_SGB15117	OTHER_OR_INSUFFICIENT	5	-0.1696143337169596	-0.6086173600012055	0.2693886925672863	0.3438060334671723	0.9979483100114088	2.9031439773335697	-0.8354827450311937	0.4962540775972745	0.6	2	3	0	0	3	-0.18257367299848287	0.332550670288922	0.9950309854502294	0.0	0.6666666666666666	1	0	-0.3684622570513915	0.3315421749761126	0.9998872431588107	1			0
S3_EXCLUDE_LEE_SITES	s__GGB9642_SGB15119	OTHER_OR_INSUFFICIENT	4	-0.266604763990556	-0.7764296816005187	0.24322015361940674	0.19465905842020648	0.9979483100114088	0.0	-0.9558857024178322	0.42267617443672023	1.0	0	4	0	0							0	0	-0.5170911084857192	0.21499559010895433	0.9998872431588107	1	0.6127378764028969	Lee_PRIMM_UK	0
S3_EXCLUDE_LEE_SITES	s__GGB9646_SGB15123	OTHER_OR_INSUFFICIENT	6	-0.035978450171595774	-0.34908752534039383	0.27713062499720226	0.779577923073045	0.9979483100114088	0.0	-0.37416264975310515	0.30220574940991357	0.6666666666666666	2	4	0	0	4	-0.03107338460396022	0.8149568087499849	0.9950309854502294	0.0	0.75	1	0	-0.016239846781037983	0.9548658070691166	0.9998872431588107	1			0
S3_EXCLUDE_LEE_SITES	s__GGB9694_SGB15204	CONSISTENT_NONSIGNIFICANT	5	0.20857332761590697	-0.16943762753823827	0.5865842827700523	0.2002978017151406	0.9979483100114088	0.0	-0.22471439230367896	0.6418610475354929	1.0	5	0	0	0	4	0.21407331774650062	0.17768994233946558	0.9950309854502294	0.0	1.0	1	0	0.4065445260461153	0.3087782428510383	0.9998872431588107	1	0.3806974195720218	Lee_PRIMM_UK	0
S3_EXCLUDE_LEE_SITES	s__GGB9699_SGB15216	OTHER_OR_INSUFFICIENT	7	0.006517561919185725	-0.28756462487351175	0.3005997487118832	0.958512986786745	0.9979483100114088	5.019870724780564	-0.3024279069243732	0.3154630307627447	0.5714285714285714	4	3	0	1	5	-0.001837137195003695	0.988175574969267	0.9991426610019288	0.0	0.6	0	0	0.29908666802595985	0.29061606091573594	0.9998872431588107	1			0
S3_EXCLUDE_LEE_SITES	s__GGB9707_SGB15229	OTHER_OR_INSUFFICIENT	7	-0.059143914064785336	-0.3449245116848513	0.22663668355528063	0.630639395126046	0.9979483100114088	0.0	-0.3593682209768714	0.24108039284730073	0.5714285714285714	3	4	0	0	5	-0.06415927363786267	0.6115013109824489	0.9950309854502294	0.0	0.6	1	0	-0.10601890723019651	0.6992333595810685	0.9998872431588107	1			0
S3_EXCLUDE_LEE_SITES	s__GGB9708_SGB15233	OTHER_OR_INSUFFICIENT	4	0.11492500686262891	-0.3916779984227285	0.6215280121479863	0.5225087532360478	0.9979483100114088	0.0	-0.5699999208557252	0.7998499345809829	0.75	3	1	0	0							0	0	0.06447127303191676	0.8476815714632091	0.9998872431588107	1	0.5956562714084722	Lee_PRIMM_UK	1
S3_EXCLUDE_LEE_SITES	s__GGB9708_SGB15234	OTHER_OR_INSUFFICIENT	7	0.1244474469149219	-0.16150842886809116	0.410403322697935	0.3278909171174942	0.9979483100114088	0.0	-0.17596099690335706	0.42485589073320085	0.7142857142857143	5	2	0	0	5	0.11311981448245623	0.38748295896462137	0.9950309854502294	0.0	0.8	1	0	0.15654629466244516	0.5511783122370588	0.9998872431588107	1			0
S3_EXCLUDE_LEE_SITES	s__GGB9712_SGB15244	DOMAIN_SPECIFIC	5	0.040543102743023696	-0.5078803858883871	0.5889665913744346	0.8473964014935944	0.9979483100114088	52.57964802450717	-1.144520651934959	1.2256068574210064	0.6	3	2	0	1	3	-0.01885447567936963	0.9449858066355401	0.9950309854502294	67.93695884645166	0.6666666666666666	0	0	0.07181054207488227	0.8753400173747434	0.9998872431588107	1	0.36043182260284184	Spencer_US	1
S3_EXCLUDE_LEE_SITES	s__GGB9713_SGB15249	OTHER_OR_INSUFFICIENT	7	0.10123762909393202	-0.1848193145087631	0.38729457269662715	0.4197761670951193	0.9979483100114088	0.0	-0.19927699065119986	0.4017522488390639	0.7142857142857143	5	2	0	0	5	0.10117657405439869	0.4347265290246445	0.9950309854502294	0.0	0.8	1	0	0.2652080180030223	0.31344639479124387	0.9998872431588107	1			0
S3_EXCLUDE_LEE_SITES	s__GGB9719_SGB15272	OTHER_OR_INSUFFICIENT	7	-0.0027429541649382928	-0.2879710638863871	0.2824851555565105	0.9819895965325532	0.9979483100114088	0.0	-0.3023868497139028	0.2969009413840262	0.5714285714285714	3	4	0	0	5	0.0009513678941427994	0.9938729956899738	0.9991426610019288	0.0	0.6	0	0	-0.0439444285733804	0.8688210475126487	0.9998872431588107	1			0
S3_EXCLUDE_LEE_SITES	s__GGB9719_SGB15273	OTHER_OR_INSUFFICIENT	7	0.05546616281693046	-0.2302036089901629	0.3411359346240238	0.6515185067610139	0.9979483100114088	0.0	-0.2446417169654106	0.3555740425992715	0.7142857142857143	5	2	0	0	5	0.0635332606223364	0.6145601322284359	0.9950309854502294	0.0	0.8	1	0	0.19248970530692172	0.4764564994853933	0.9998872431588107	1			0
S3_EXCLUDE_LEE_SITES	s__GGB9719_SGB53514	OTHER_OR_INSUFFICIENT	3	-0.028796582589069454	-0.7538806461145797	0.6962874809364408	0.8800427513188029	0.9979483100114088	0.0	-2.1700492355273258	2.1124560703491873	0.6666666666666666	2	1	0	0							0	0	0.10710614044613798	0.8245392505914755	0.9998872431588107	0			0
S3_EXCLUDE_LEE_SITES	s__GGB9724_SGB15278	OTHER_OR_INSUFFICIENT	5	-0.1525750670584882	-0.5845789069255884	0.2794287728086121	0.38231762235947553	0.9979483100114088	19.48223201765914	-0.6477510828942973	0.34260094877732084	0.6	2	3	0	0	4	-0.17805630723023938	0.3185261247580025	0.9950309854502294	30.00064427993253	0.75	1	0	-0.5353546277589503	0.17394985872652616	0.9998872431588107	1			0
S3_EXCLUDE_LEE_SITES	s__GGB9739_SGB15313	OTHER_OR_INSUFFICIENT	3	0.3755990127666743	-0.5108319734308847	1.2620299989642332	0.20985651743674336	0.9979483100114088	0.0	-2.242128773019748	2.9933267985530962	1.0	3	0	0	0	3	0.3755990127666743	0.20985651743674336	0.9950309854502294	0.0	1.0	1	0	1.174920102153937	0.15738451595522845	0.9998872431588107	1			0
S3_EXCLUDE_LEE_SITES	s__GGB9747_SGB15356	OTHER_OR_INSUFFICIENT	5	0.038348248167637815	-0.3864748269241893	0.4631713232594649	0.8144502386250505	0.9979483100114088	22.741098985730893	-0.6775903226181326	0.7542868189534082	0.6	2	3	0	0	3	0.01561548346057857	0.9157526288057396	0.9950309854502294	0.0	0.6666666666666666	1	0	0.1747531365110443	0.6626792269849315	0.9998872431588107	1			0
S3_EXCLUDE_LEE_SITES	s__GGB9758_SGB15368	OTHER_OR_INSUFFICIENT	5	0.04943154040709425	-0.3142520165137124	0.41311509732790086	0.7250657868015822	0.9979483100114088	0.0	-0.3674336774705039	0.4662967582846924	0.6	2	3	0	0	3	0.04186285185258247	0.7788986695279247	0.9950309854502294	0.0	0.6666666666666666	1	0	0.14485078309166236	0.6468626392155691	0.9998872431588107	1			0
S3_EXCLUDE_LEE_SITES	s__GGB9759_SGB15370	CONSISTENT_NONSIGNIFICANT	6	0.220330351811561	-0.09353809176680197	0.534198795389924	0.13099565736508723	0.9979483100114088	0.0	-0.11867402965987597	0.559334733282998	0.8333333333333334	5	1	0	0	4	0.22188432017406187	0.16656637811379724	0.9950309854502294	0.0	1.0	1	0	0.5949215741222396	0.10749697919946218	0.9998872431588107	1	0.33517961815973296	Frankel_US	0
S3_EXCLUDE_LEE_SITES	s__GGB9760_SGB15373	OTHER_OR_INSUFFICIENT	6	0.031301838163182924	-0.313047311530518	0.3756509878568839	0.8245071497889478	0.9979483100114088	16.543729210890632	-0.34062427576112836	0.40322795208749423	0.6666666666666666	4	2	0	1	4	0.04086320996469895	0.7591143315006073	0.9950309854502294	0.0	0.75	1	0	0.21232521045908123	0.5224344632073483	0.9998872431588107	1			0
S3_EXCLUDE_LEE_SITES	s__GGB9765_SGB15382	OTHER_OR_INSUFFICIENT	5	-0.010562184128984249	-0.4100857768685175	0.388961408610549	0.9450111536663105	0.9979483100114088	0.0	-0.4685083472886391	0.4473839790306706	0.6	3	2	0	0	3	0.003262425013229232	0.9839272747741663	0.9991426610019288	0.0	0.6666666666666666	0	0	-0.06617629753050804	0.8313736780574351	0.9998872431588107	1			0
S3_EXCLUDE_LEE_SITES	s__GGB9767_SGB15385	OTHER_OR_INSUFFICIENT	4	0.10777759803871145	-0.6051164697565539	0.8206716658339768	0.6633340570216297	0.9979483100114088	42.01492731274416	-1.364952514570591	1.5805077106480139	0.5	2	2	1	0							0	0	0.12911739924697183	0.7519106139149221	0.9998872431588107	1			0
S3_EXCLUDE_LEE_SITES	s__GGB9770_SGB15389	OTHER_OR_INSUFFICIENT	6	0.04777057646295673	-0.35789067089456733	0.4534318238204808	0.7742989161613654	0.9979483100114088	36.64529507161411	-0.6959684302571173	0.7915095831830307	0.6666666666666666	2	4	0	0	5	0.04559636072985807	0.716192184973757	0.9950309854502294	0.0	0.6	1	0	0.14620757799005749	0.753403091376963	0.9998872431588107	1			0
S3_EXCLUDE_LEE_SITES	s__GGB9770_SGB15390	OTHER_OR_INSUFFICIENT	6	-0.05985609312228802	-0.3776981142810896	0.2579859280365136	0.6487786032616175	0.9979483100114088	0.0	-0.4239988099680664	0.30428662372349036	0.6666666666666666	4	2	0	0	4	-0.09347280387577993	0.6019136291326216	0.9950309854502294	33.951305230999665	0.5	1	0	-0.002370217199314542	0.9934476942936554	0.9998872431588107	1			0
S3_EXCLUDE_LEE_SITES	s__GGB9775_SGB15395	CONSISTENT_NONSIGNIFICANT	6	0.10381130089911622	-0.20942514775315413	0.41704774955138657	0.4331523196870975	0.9979483100114088	0.0	-0.23451047277050052	0.44213307456873296	0.8333333333333334	5	1	0	0	4	0.0881506641324569	0.521505430805243	0.9950309854502294	0.0	0.75	1	0	0.22434124487091336	0.4800733301750359	0.9998872431588107	1	0.3797145819617576	Matson_US	0
S3_EXCLUDE_LEE_SITES	s__GGB9781_SGB15402	CONSISTENT_NONSIGNIFICANT	5	0.09555289888703408	-0.3033425745271535	0.49444837230122163	0.5423847524169304	0.9979483100114088	0.0	-0.36167329464385034	0.5527790924179186	1.0	5	0	0	0	3	0.09772809920841474	0.5662848035920026	0.9950309854502294	0.0	1.0	1	0	0.07822889475363533	0.794081348387825	0.9998872431588107	1	0.5702030358778882	Lee_PRIMM_UK	0
S3_EXCLUDE_LEE_SITES	s__GGB9781_SGB66170	OTHER_OR_INSUFFICIENT	6	0.024791709573409672	-0.2881263692734399	0.33770978842025917	0.8466480919304037	0.9979483100114088	0.0	-0.3131861978665311	0.3627696170133504	0.6666666666666666	4	2	0	0	4	0.025497186711213097	0.8474156423876993	0.9950309854502294	0.0	0.75	1	0	0.040856705487619466	0.8880257990402441	0.9998872431588107	1			0
S3_EXCLUDE_LEE_SITES	s__GGB9782_SGB15403	CONSISTENT_NONSIGNIFICANT	5	-0.04529760225441941	-0.449994653817254	0.35939944930841516	0.7714986628457757	0.9979483100114088	0.0	-0.6750447825644134	0.5844495780555746	0.8	1	4	0	0	3	-0.08058460862198363	0.6653284554256295	0.9950309854502294	18.520670990457504	0.6666666666666666	1	0	-0.16020883463244634	0.6864840186581287	0.9998872431588107	1	0.4341213400886754	Spencer_US	1
S3_EXCLUDE_LEE_SITES	s__GGB9787_SGB15410	OTHER_OR_INSUFFICIENT	5	0.16487749999078322	-0.2535261337087629	0.5832811336903294	0.33537815516003433	0.9979483100114088	7.970112547932564	-0.3147095435622231	0.6444645435437895	0.6	3	2	0	0	3	0.16181350504390693	0.4433635231587703	0.9950309854502294	28.69641811018357	0.6666666666666666	1	0	0.14165888146716618	0.6589717100555755	0.9998872431588107	1			0
S3_EXCLUDE_LEE_SITES	s__GGB9788_SGB15411	OTHER_OR_INSUFFICIENT	4	0.34581053041859494	-0.1649369728688423	0.8565580337060321	0.1201706808790352	0.9979483100114088	0.0	-0.34471773947643974	1.0363388003136296	0.75	3	1	1	0							0	0	0.8492395937190307	0.12368462369653983	0.9998872431588107	1	0.5711355644119811	Lee_PRIMM_NL	0
S3_EXCLUDE_LEE_SITES	s__GGB9818_SGB15459	CONSISTENT_NONSIGNIFICANT	6	0.1688994638782138	-0.1457754424073795	0.4835743701638071	0.22617647803553872	0.9979483100114088	0.0	-0.17097596534613846	0.5087748931025661	0.8333333333333334	5	1	0	0	4	0.1589537764381224	0.3410475241075455	0.9950309854502294	24.639191577752545	0.75	1	0	0.42342980539412867	0.27141463840267893	0.9998872431588107	1	0.273096249869912	Matson_US	0
S3_EXCLUDE_LEE_SITES	s__Gordonibacter_pamelaeae	CONSISTENT_NONSIGNIFICANT	6	-0.12632127646006908	-0.5918100538523905	0.3391675009322523	0.5165338357022881	0.9979483100114088	38.105025860411565	-1.0537495880933578	0.8011070351732196	0.8333333333333334	1	5	0	1	4	-0.17119467294590995	0.46651430817886047	0.9950309854502294	45.67850062948685	0.75	1	0	-0.2319724454675471	0.5385195288216422	0.9998872431588107	1	0.4156513328235048	Matson_US	1
S3_EXCLUDE_LEE_SITES	s__Gordonibacter_urolithinfaciens	OTHER_OR_INSUFFICIENT	5	0.009998947934749315	-0.47785157457771293	0.49784947044721156	0.9573494098471995	0.9979483100114088	32.18796918730656	-0.5491902438612885	0.5691881397307871	0.6	3	2	0	0	3	0.051078769794818873	0.7823403600129635	0.9950309854502294	0.0	0.6666666666666666	1	0	-0.023005322359932565	0.9393354612915051	0.9998872431588107	0			0
S3_EXCLUDE_LEE_SITES	s__Granulicatella_SGB8255	CONSISTENT_NONSIGNIFICANT	5	-0.15788128756939881	-0.5573296624288312	0.24156708729003354	0.33409792862622734	0.9979483100114088	0.0	-0.6157412336479166	0.299978658509119	0.8	1	4	0	0	3	-0.1607523516885901	0.37969734659573945	0.9950309854502294	0.0	1.0	1	0	-0.31005603159232686	0.37900038630374533	0.9998872431588107	1	0.4199519606227777	Lee_PRIMM_NL	0
S3_EXCLUDE_LEE_SITES	s__Haemophilus_parainfluenzae	DOMAIN_SPECIFIC	6	-0.10784688417151324	-0.6390037900394565	0.42331002169643006	0.6240042141358427	0.9979483100114088	56.42751479715652	-1.2985588384690256	1.0828650701259992	0.6666666666666666	4	2	0	1	5	-0.12734985274693683	0.38902652018544776	0.9950309854502294	9.044601419487247	0.6	1	0	-0.17868935219645515	0.5876727181059748	0.9998872431588107	1	0.4060647434235204	Lee_PRIMM_UK	1
S3_EXCLUDE_LEE_SITES	s__Harryflintia_acetispora	CONSISTENT_NONSIGNIFICANT	6	0.09271717859271154	-0.23815908966036087	0.423593446845784	0.5035851105652309	0.9979483100114088	0.0	-0.26465708741156924	0.45009144459699235	0.8333333333333334	5	1	0	0	5	0.08558869630675664	0.5034278896630026	0.9950309854502294	0.0	0.8	1	0	0.10684957229817735	0.6996626474880179	0.9998872431588107	1	0.3735737781469818	Lee_PRIMM_UK	0
S3_EXCLUDE_LEE_SITES	s__Holdemanella_porci	OTHER_OR_INSUFFICIENT	6	0.12925849346564605	-0.33373458515390714	0.5922515720851993	0.5050915102739967	0.9979483100114088	47.17469438682021	-0.8416021646217651	1.1001191515530573	0.6666666666666666	4	2	0	0	4	0.07456343682932613	0.7927578131612588	0.9950309854502294	68.25060265260228	0.5	1	0	0.32609195723725637	0.40845618506988074	0.9998872431588107	1			0
S3_EXCLUDE_LEE_SITES	s__Holdemania_filiformis	DOMAIN_SPECIFIC	7	-0.03835068949608287	-0.5017177648774125	0.42501638588524676	0.8462034673679566	0.9979483100114088	59.75541820393383	-1.1241646509131558	1.0474632719209902	0.7142857142857143	2	5	1	0	5	0.03629162246318769	0.8844645598419424	0.9950309854502294	71.04610600017621	0.6	0	0	0.06352171245393297	0.8674694315340835	0.9998872431588107	0	0.24145032419173532	Spencer_US	1
S3_EXCLUDE_LEE_SITES	s__Holdemania_massiliensis	CONSISTENT_NONSIGNIFICANT	5	-0.30006530642507234	-0.6733317712788084	0.0732011584286637	0.08941636309613908	0.9979483100114088	0.0	-0.7279147465733793	0.1277841337232346	0.8	1	4	0	0	5	-0.26140275003718993	0.08922134106996431	0.9950309854502294	0.0	0.8	1	1	-0.6798814581187217	0.1266881787145593	0.9998872431588107	1	0.2832408103678571	Spencer_US	0
S3_EXCLUDE_LEE_SITES	s__Holdemania_sp_1001095H_141210_F2	OTHER_OR_INSUFFICIENT	6	0.09925331819246228	-0.2322266794268907	0.4307333158118153	0.47625069183510493	0.9979483100114088	0.0	-0.25877302643153033	0.4572796628164548	0.5	3	3	0	0	5	0.1423753622728655	0.2897018470826481	0.9950309854502294	0.0	0.6	1	0	0.31694940160761903	0.34323789142846983	0.9998872431588107	1			0
S3_EXCLUDE_LEE_SITES	s__Hungatella_hathewayi	CONSISTENT_NONSIGNIFICANT	7	-0.20871393086273055	-0.49489929842437247	0.07747143669891138	0.12459394841143989	0.9979483100114088	0.0	-0.5093634652563976	0.0919356035309365	1.0	0	7	0	0	5	-0.20030539176159973	0.16151688733088465	0.9950309854502294	0.0	1.0	1	0	-0.43014512981914693	0.1630429693447162	0.9998872431588107	1	0.3135354704705557	Spencer_US	0
S3_EXCLUDE_LEE_SITES	s__Hydrogeniiclostidium_mannosilyticum	CONSISTENT_NONSIGNIFICANT	5	-0.14254813766921143	-0.5504275111742398	0.26533123583581697	0.38682929027104634	0.9979483100114088	11.289104775152886	-0.7165080365480458	0.43141176120962293	0.8	1	4	0	0	4	-0.13455058504214493	0.4757658192420879	0.9950309854502294	38.680911558416206	0.75	1	0	-0.24611801971928796	0.4528707722911272	0.9998872431588107	1	0.3378730036645857	Frankel_US	0
S3_EXCLUDE_LEE_SITES	s__Hydrogenoanaerobacterium_saccharovorans	OTHER_OR_INSUFFICIENT	7	0.10243224505013483	-0.24933352298020522	0.45419801308047486	0.5028925176257617	0.9979483100114088	28.33476689272437	-0.45795224204046725	0.6628167321407369	0.5714285714285714	4	3	0	0	5	0.07316721325287016	0.6136546627207116	0.9950309854502294	19.72414376522898	0.6	1	0	0.20109295757202644	0.549726277043246	0.9998872431588107	1			0
S3_EXCLUDE_LEE_SITES	s__Intestinibacter_bartlettii	OTHER_OR_INSUFFICIENT	7	0.21879479845937705	-0.10856694385058019	0.5461565407693343	0.15307932173602332	0.9979483100114088	4.932371419479284	-0.3138792685488791	0.7514688654676331	0.7142857142857143	5	2	1	0	5	0.17210338170940778	0.3296919557036626	0.9950309854502294	30.105492940110256	0.6	1	0	0.7736288556657788	0.03789160366894352	0.9998872431588107	1	0.24200411251242843	Spencer_US	0
S3_EXCLUDE_LEE_SITES	s__Isoptericola_variabilis	OTHER_OR_INSUFFICIENT	5	0.036412747935335936	-0.36311250738678796	0.43593800325745985	0.812705889901839	0.9979483100114088	0.0	-0.4215353209185325	0.4943608167892044	0.6	3	2	0	0	3	0.03254141230377456	0.8417461188167914	0.9950309854502294	0.0	0.6666666666666666	1	0	0.18613284683692158	0.6279407944880686	0.9998872431588107	1			0
S3_EXCLUDE_LEE_SITES	s__Klebsiella_pneumoniae	OTHER_OR_INSUFFICIENT	6	-0.1566734927525584	-0.5316716965452	0.2183247110400832	0.3319035530989397	0.9979483100114088	27.088070646318812	-0.7437919286306512	0.4304449431255345	0.6666666666666666	2	4	0	1	5	-0.16249920893016495	0.37780454735997915	0.9950309854502294	37.57214032128074	0.6	1	0	-0.33188141659578113	0.3481099409697841	0.9998872431588107	1			0
S3_EXCLUDE_LEE_SITES	s__Lachnoclostridium_edouardi	OTHER_OR_INSUFFICIENT	4	-0.11561329493200115	-0.6012299145770048	0.37000332471300257	0.5037334831624369	0.9979483100114088	0.0	-0.7721647262214615	0.5409381363574592	0.5	2	2	0	0	4	-0.11561329493200115	0.5037334831624369	0.9950309854502294	0.0	0.5	1	0	-0.10473860414751464	0.8239610585983674	0.9998872431588107	1			0
S3_EXCLUDE_LEE_SITES	s__Lachnoclostridium_sp_An131	OTHER_OR_INSUFFICIENT	3	-0.2521646602436274	-1.031455368826199	0.5271260483389442	0.2984454540426767	0.9979483100114088	0.0	-2.5534954715674756	2.049166151080221	1.0	0	3	0	0							0	0	-0.5378085229172823	0.26301372406290663	0.9998872431588107	1			0
S3_EXCLUDE_LEE_SITES	s__Lachnospira_eligens	OTHER_OR_INSUFFICIENT	7	-0.028518946288393538	-0.31716469660043817	0.2601268040236511	0.8170160109303609	0.9979483100114088	0.0	-0.34570177013301157	0.2886638775562245	0.7142857142857143	2	5	0	0	5	-0.029986482522992713	0.8096393035114124	0.9950309854502294	0.0	0.6	1	0	0.03878297643257958	0.8866721016781228	0.9998872431588107	0			0
S3_EXCLUDE_LEE_SITES	s__Lachnospira_pectinoschiza	OTHER_OR_INSUFFICIENT	7	0.14071391773070324	-0.1450988431020097	0.4265266785634162	0.2736822503663212	0.9979483100114088	0.0	-0.15954417791896203	0.4409720133803685	0.7142857142857143	5	2	0	0	5	0.12784497187280808	0.3346101466384869	0.9950309854502294	0.0	0.8	1	0	0.31712923422135897	0.2478317655527752	0.9998872431588107	1			0
S3_EXCLUDE_LEE_SITES	s__Lachnospira_sp_NSJ_43	OTHER_OR_INSUFFICIENT	7	0.08065139141382233	-0.29027202093035076	0.4515748037579954	0.6138117478352442	0.9979483100114088	33.66327003889888	-0.5268183695184352	0.6881211523460797	0.5714285714285714	3	4	1	0	5	0.058121528127925516	0.7016616855649416	0.9950309854502294	31.24864716516368	0.6	1	0	0.20484220407766546	0.5627674925840063	0.9998872431588107	1			0
S3_EXCLUDE_LEE_SITES	s__Lachnotalea_sp_AF33_28	CONSISTENT_NONSIGNIFICANT	6	-0.20428965298405902	-0.5359022977799011	0.127322991811783	0.17413402444904139	0.9979483100114088	0.0	-0.5624592677348288	0.1538799617667108	0.8333333333333334	1	5	0	0	5	-0.14056307479740474	0.2949139593271223	0.9950309854502294	0.0	1.0	1	0	-0.28365672847655776	0.3236847724660719	0.9998872431588107	1	0.43450614434568485	Matson_US	0
S3_EXCLUDE_LEE_SITES	s__Lacrimispora_amygdalina	DOMAIN_SPECIFIC	7	0.05277800581813652	-0.4088498932961157	0.5144059049323888	0.7890588868009771	0.9979483100114088	56.68387842951267	-1.006970471716464	1.1125264833527369	0.5714285714285714	4	3	0	1	5	0.07013433574383746	0.6816739196644327	0.9950309854502294	38.684736259576646	0.6	1	0	7.071130152470799e-05	0.9998872431588107	0.9998872431588107	1	0.25444863242109067	Lee_PRIMM_UK	1
S3_EXCLUDE_LEE_SITES	s__Lacrimispora_celerecrescens	CONSISTENT_NONSIGNIFICANT	7	0.23679122838316824	-0.05008924066847187	0.5236716974348083	0.08994005229982102	0.9979483100114088	0.0	-0.06458853879145049	0.5381709955577869	0.8571428571428571	6	1	1	0	5	0.2355268290944386	0.11448290287161794	0.9950309854502294	0.0	1.0	1	0	0.5593172311043764	0.10866463071309024	0.9998872431588107	1	0.3409791171729795	Spencer_US	0
S3_EXCLUDE_LEE_SITES	s__Lacrimispora_saccharolytica	OTHER_OR_INSUFFICIENT	7	-0.04417034697499429	-0.3294993827069364	0.24115868875694785	0.717882632904167	0.9979483100114088	0.0	-0.34392026945830484	0.2555795755083163	0.5714285714285714	3	4	0	0	5	-0.0478354846978648	0.7024718122100845	0.9950309854502294	0.0	0.6	1	0	-0.12591050280096988	0.6875721724706685	0.9998872431588107	1			0
S3_EXCLUDE_LEE_SITES	s__Lacticaseibacillus_paracasei	OTHER_OR_INSUFFICIENT	4	-0.0111128947375525	-0.5481970237554543	0.5259712342803493	0.9516409978694464	0.9979483100114088	0.0	-0.7372481611516782	0.7150223716765732	0.75	3	1	0	0	3	0.010717531388153775	0.9473869220670245	0.9950309854502294	0.0	0.6666666666666666	0	0	-0.01432379234857159	0.9692058060487203	0.9998872431588107	1	0.49869016039414715	Frankel_US	1
S3_EXCLUDE_LEE_SITES	s__Lacticaseibacillus_rhamnosus	OTHER_OR_INSUFFICIENT	3	0.026180624870968602	-0.749674863411508	0.8020361131534453	0.8978722620622168	0.9979483100114088	0.0	-2.265005605777946	2.3173668555198828	0.6666666666666666	2	1	0	0	3	0.07871547703590086	0.6389634507501647	0.9950309854502294	0.0	0.6666666666666666	1	0	0.43167011456524096	0.3664326979207928	0.9998872431588107	1			0
S3_EXCLUDE_LEE_SITES	s__Lactobacillus_gasseri	OTHER_OR_INSUFFICIENT	4	-0.08977316093149733	-0.6493458213656969	0.46979949950270217	0.6448519904808722	0.9979483100114088	17.48687400136546	-0.8463128181258864	0.6667664962628918	0.5	2	2	0	0							0	0	-0.15020255826056714	0.7395696744170244	0.9998872431588107	1			0
S3_EXCLUDE_LEE_SITES	s__Lactococcus_cremoris	OTHER_OR_INSUFFICIENT	3	-0.011761827280333929	-0.7656299928786706	0.7421063383180028	0.952585413970157	0.9979483100114088	0.3664628692307173	-2.455284242461533	2.431760587900865	0.6666666666666666	1	2	0	0							0	0	-0.1842583612715952	0.8001100449914362	0.9998872431588107	1			0
S3_EXCLUDE_LEE_SITES	s__Lactococcus_lactis	CONSISTENT_NONSIGNIFICANT	5	0.185640543383776	-0.21447566706092303	0.585756753828475	0.26715043179598236	0.9979483100114088	0.0	-0.2729848963038477	0.6442659830713997	0.8	4	1	0	0	3	0.1808797319556433	0.33567611897179495	0.9950309854502294	0.0	0.6666666666666666	1	0	0.2780509162577104	0.39133353736299537	0.9998872431588107	1	0.429005352704799	Matson_US	0
S3_EXCLUDE_LEE_SITES	s__Lactonifactor_sp_BIOML_A6	OTHER_OR_INSUFFICIENT	3	-0.18676318248727156	-0.9625483587250501	0.589021993750507	0.4091059533007869	0.9979483100114088	0.0	-2.4777417739769136	2.1042154090023706	1.0	0	3	0	0	3	-0.26800861949382393	0.20411930746554413	0.9950309854502294	0.0	1.0	1	0	-0.5189315483730664	0.27635896785808123	0.9998872431588107	1			0
S3_EXCLUDE_LEE_SITES	s__Lancefieldella_parvula	OTHER_OR_INSUFFICIENT	4	-0.386380877687078	-0.897466428577965	0.1247046732038089	0.09536482689709257	0.9979483100114088	0.0	-1.0773661863893618	0.3046044310152057	1.0	0	4	0	1							0	0	-0.7586197322849365	0.14988563750902575	0.9998872431588107	1	0.4956413916588177	Frankel_US	0
S3_EXCLUDE_LEE_SITES	s__Limosilactobacillus_fermentum	OTHER_OR_INSUFFICIENT	4	0.03649361625896142	-0.46951364305442755	0.5425008755723504	0.8332228336400538	0.9979483100114088	0.0	-0.6476258656838916	0.7206130982018144	0.5	2	2	0	0							0	0	0.15946406595112197	0.6825687965942465	0.9998872431588107	1			0
S3_EXCLUDE_LEE_SITES	s__Longibaculum_muris	OTHER_OR_INSUFFICIENT	4	0.09530437971115946	-0.5047475616650607	0.6953563210873797	0.6480350169062132	0.9979483100114088	28.184678462927316	-1.0070465657517975	1.1976553251741164	0.5	2	2	1	0	4	0.09530437971115946	0.6480350169062132	0.9950309854502294	28.184678462927316	0.5	1	0	0.258390772646122	0.6067331110115383	0.9998872431588107	1			0
S3_EXCLUDE_LEE_SITES	s__Longicatena_caecimuris	CONSISTENT_NONSIGNIFICANT	5	0.09948518043224756	-0.2721239592834164	0.4710943201479115	0.49858862727160297	0.9979483100114088	0.0	-0.32646458294974834	0.5254349438142435	0.8	4	1	0	0	4	0.12585678290373478	0.46975934230181554	0.9950309854502294	0.0	0.75	1	0	0.35044706484793164	0.34088734538517274	0.9998872431588107	1	0.5484750985243754	Spencer_US	0
S3_EXCLUDE_LEE_SITES	s__Massiliimalia_massiliensis	OTHER_OR_INSUFFICIENT	6	-0.054815086845769585	-0.36864694125112335	0.2590167675595842	0.6722315219992292	0.9979483100114088	0.0	-0.39377994895183743	0.2841497752602983	0.6666666666666666	2	4	0	0	4	-0.04845365263881563	0.7176241284845963	0.9950309854502294	0.0	0.75	1	0	-0.09414102945235053	0.7626172940192351	0.9998872431588107	1			0
S3_EXCLUDE_LEE_SITES	s__Massiliimalia_timonensis	OTHER_OR_INSUFFICIENT	6	-0.19756681034472034	-0.7218853627158773	0.32675174202643664	0.3772248828272518	0.9979483100114088	52.010997541299474	-1.3427674554554052	0.9476338347659645	0.6666666666666666	2	4	0	2	4	-0.14724331466526072	0.6181991386209147	0.9950309854502294	59.55199778816772	0.5	1	0	-0.2499967914831205	0.623313180205094	0.9998872431588107	1	0.3474603494298456	Lee_PRIMM_NL	0
S3_EXCLUDE_LEE_SITES	s__Massilimicrobiota_sp_An134	OTHER_OR_INSUFFICIENT	5	0.0058366412558289085	-0.6035863704723059	0.6152596529839638	0.9800597527828732	0.9979483100114088	51.006527883758444	-1.237503885103148	1.2491771676148056	0.6	2	3	0	0	3	-0.027357999616214806	0.8665240616047942	0.9950309854502294	0.0	0.6666666666666666	0	0	0.015662161833615133	0.9750753837503597	0.9998872431588107	1	0.41878549711747187	Lee_PRIMM_NL	1
S3_EXCLUDE_LEE_SITES	s__Massilimicrobiota_timonensis	OTHER_OR_INSUFFICIENT	4	-0.20860686694919278	-0.6910047947032021	0.2737910608048165	0.26249200546874835	0.9979483100114088	0.0	-0.8608066417497924	0.44359290785140676	0.75	1	3	0	0	3	-0.17307795062024858	0.35229101183435885	0.9950309854502294	0.0	0.6666666666666666	1	0	-0.3392604569350778	0.3688169344785726	0.9998872431588107	1	0.46864309932288856	Lee_PRIMM_NL	0
S3_EXCLUDE_LEE_SITES	s__Massilioclostridium_coli	OTHER_OR_INSUFFICIENT	7	-0.014380350526329518	-0.2999580031923062	0.27119730213964716	0.9059606432656165	0.9979483100114088	0.0	-0.31439145536890567	0.2856307543162466	0.5714285714285714	3	4	0	0	5	-0.014244400836447381	0.9086478792692195	0.9950309854502294	0.0	0.6	1	0	-0.06602605663975009	0.8158829519442568	0.9998872431588107	1			0
S3_EXCLUDE_LEE_SITES	s__Mediterraneibacter_SGB48424	OTHER_OR_INSUFFICIENT	4	-0.056699672558163904	-0.593065971690323	0.4796666265739953	0.7587128029595784	0.9979483100114088	0.0	-0.7818644362714299	0.6684650911551021	0.75	1	3	0	0	3	-0.04315698990271657	0.7921720251293813	0.9950309854502294	0.0	0.6666666666666666	1	0	-0.07323533766227774	0.8324165470497175	0.9998872431588107	1	0.4515940340116163	Lee_PRIMM_UK	1
S3_EXCLUDE_LEE_SITES	s__Mediterraneibacter_butyricigenes	OTHER_OR_INSUFFICIENT	7	0.17901824491169477	-0.18399836928682928	0.5420348591102189	0.2729708252833117	0.9979483100114088	32.56172610603226	-0.5154400779395449	0.8734765677629344	0.5714285714285714	4	3	1	0	5	0.20561366576158066	0.15324583449742357	0.9950309854502294	0.0	0.8	1	0	0.6220443115409319	0.0989880033460525	0.9998872431588107	1			0
S3_EXCLUDE_LEE_SITES	s__Mediterraneibacter_glycyrrhizinilyticus	OTHER_OR_INSUFFICIENT	7	0.10985923131462454	-0.17830444850067195	0.39802291112992105	0.38689367390829354	0.9979483100114088	1.0532066091432422	-0.19286860175347237	0.41258706438272147	0.5714285714285714	4	3	0	0	5	0.1113485619898122	0.3943162433179592	0.9950309854502294	0.0	0.6	1	0	0.3015168969752497	0.31039051673980567	0.9998872431588107	1			0
S3_EXCLUDE_LEE_SITES	s__Mediterraneibacter_massiliensis	OTHER_OR_INSUFFICIENT	5	-0.14224504679524774	-0.5422256950278387	0.2577356014373432	0.37935038959004336	0.9979483100114088	0.0	-0.600715100894049	0.3162250073035536	0.6	2	3	0	0	3	-0.11344737736697576	0.5125548656876315	0.9950309854502294	0.0	0.6666666666666666	1	0	-0.18832322563819118	0.6054070888335757	0.9998872431588107	1			0
S3_EXCLUDE_LEE_SITES	s__Merdimonas_faecis	OTHER_OR_INSUFFICIENT	4	0.15632388719451815	-0.3500301068517322	0.6626778812407685	0.3983022602044663	0.9979483100114088	0.0	-0.5282643784774671	0.8409121528665034	0.75	3	1	0	0							0	0	0.5373725766276616	0.23795412487562836	0.9998872431588107	1	0.2794728489969479	Lee_Leeds	0
S3_EXCLUDE_LEE_SITES	s__Methanobrevibacter_smithii	OTHER_OR_INSUFFICIENT	6	0.007183113455024641	-0.3624565617631655	0.3768227886732148	0.962093580370017	0.9979483100114088	12.445454669967408	-0.6220467200519286	0.6364129469619779	0.6666666666666666	4	2	0	0	4	-0.011096936757465023	0.942866303321757	0.9950309854502294	12.61240021847511	0.75	0	0	0.03965307544965293	0.9077859044679374	0.9998872431588107	1			0
S3_EXCLUDE_LEE_SITES	s__Methylobacterium_SGB15164	OTHER_OR_INSUFFICIENT	7	0.1571526404506631	-0.17495978818608351	0.48926506908740974	0.29092587316141305	0.9979483100114088	12.984172892097398	-0.4006958563516786	0.7150011372530048	0.7142857142857143	5	2	1	0	5	0.15654809020120758	0.3680102052606533	0.9950309854502294	33.01317049077103	0.8	1	0	0.360607969112735	0.24291518114386007	0.9998872431588107	1			0
S3_EXCLUDE_LEE_SITES	s__Mogibacterium_diversum	OTHER_OR_INSUFFICIENT	5	-0.1121344870743566	-0.5418127548795934	0.31754378073088013	0.5088246522432686	0.9979483100114088	10.505119636277481	-0.7320195334616442	0.507750559312931	0.6	2	3	0	1	3	-0.1485248988789191	0.6019702384397206	0.9950309854502294	50.88283713690708	0.6666666666666666	1	0	-0.06216876485824353	0.8813014760489847	0.9998872431588107	1			0
S3_EXCLUDE_LEE_SITES	s__Mogibacterium_sp_BX12	OTHER_OR_INSUFFICIENT	6	0.01876130417057856	-0.2941030549897529	0.3316256633309101	0.8835216664992798	0.9979483100114088	0.0	-0.3191585814826996	0.35668118982385677	0.6666666666666666	4	2	0	0	4	0.022481098040592885	0.8651584053440918	0.9950309854502294	0.0	0.75	1	0	0.1702821662260512	0.5643975701439993	0.9998872431588107	1			0
S3_EXCLUDE_LEE_SITES	s__Mogibacterium_sp_NSJ_24	OTHER_OR_INSUFFICIENT	4	-0.05238972641608688	-0.5332232266305335	0.4284437737983597	0.7516784069904223	0.9979483100114088	0.0	-0.7024744024108304	0.5976949495786567	0.5	2	2	0	0	3	-0.03501615263231506	0.830282193275049	0.9950309854502294	0.0	0.6666666666666666	1	0	-0.03537680012682835	0.932282352225337	0.9998872431588107	1			0
S3_EXCLUDE_LEE_SITES	s__Monoglobus_pectinilyticus	OTHER_OR_INSUFFICIENT	7	-0.043240201976919496	-0.3294724785462083	0.24299207459236935	0.7243410482104334	0.9979483100114088	0.0	-0.3439390162132432	0.25745861225940414	0.5714285714285714	3	4	0	0	5	-0.036694329677775826	0.7900062294986143	0.9950309854502294	17.730526294815068	0.6	1	0	-0.028102724613347944	0.9243164136634879	0.9998872431588107	1			0
S3_EXCLUDE_LEE_SITES	s__Neglectibacter_timonensis	OTHER_OR_INSUFFICIENT	5	0.024511915522132256	-0.4798272166981933	0.5288510477424578	0.899176410845775	0.9979483100114088	40.75895255469554	-0.9901173696937535	1.039141200738018	0.6	2	3	1	0	4	-0.15315145091774401	0.38951237584548004	0.9950309854502294	0.0	0.75	0	0	-0.14838133580497678	0.7284620473803166	0.9998872431588107	0			0
S3_EXCLUDE_LEE_SITES	s__Neobittarella_massiliensis	OTHER_OR_INSUFFICIENT	4	-0.10667293620539788	-0.8006488291677385	0.5873029567569428	0.6582460711178625	0.9979483100114088	34.47742192358034	-1.5805584692646868	1.3672125968538908	0.5	2	2	0	0	3	-0.07325216451187794	0.6611014418232981	0.9950309854502294	0.0	0.6666666666666666	1	0	-0.031609148037477226	0.9400924147145234	0.9998872431588107	1			0
S3_EXCLUDE_LEE_SITES	s__Odoribacter_splanchnicus	OTHER_OR_INSUFFICIENT	7	0.08973236400353328	-0.19611536797321483	0.3755800959802814	0.4715517972270485	0.9979483100114088	0.0	-0.21056247027685832	0.3900271982839249	0.5714285714285714	4	3	0	0	5	0.07561890852552075	0.5525041507840133	0.9950309854502294	0.0	0.6	1	0	0.2545177466055432	0.37472720896005035	0.9998872431588107	1			0
S3_EXCLUDE_LEE_SITES	s__Oscillibacter_SGB15077	OTHER_OR_INSUFFICIENT	3	0.11210142406406988	-0.7212825744492974	0.9454854225774372	0.6212420879730011	0.9979483100114088	0.0	-2.3489727970645107	2.573175645192651	0.6666666666666666	1	2	0	0							0	0	-0.20482968157812628	0.6789538215757042	0.9998872431588107	0			0
S3_EXCLUDE_LEE_SITES	s__Oscillibacter_sp_ER4	OTHER_OR_INSUFFICIENT	7	0.006480444446945906	-0.43551114944162533	0.44847203833551713	0.9725447072213028	0.9979483100114088	47.88922485966988	-0.8205248706404146	0.8334857595343065	0.5714285714285714	3	4	0	1	5	0.03354994777936484	0.8556885948550397	0.9950309854502294	41.725466620643	0.6	1	0	0.08670748448684526	0.7979922845112594	0.9998872431588107	1			0
S3_EXCLUDE_LEE_SITES	s__Oscillibacter_sp_NSJ_62	OTHER_OR_INSUFFICIENT	4	-0.10139912296238433	-0.5811772385218006	0.3783789925970319	0.5493749873560959	0.9979483100114088	0.0	-0.7500569237589905	0.5472586778342219	1.0	0	4	0	0	3	-0.12974123180681216	0.46172244625721004	0.9950309854502294	0.0	1.0	1	0	-0.2705324036519994	0.5049115932566901	0.9998872431588107	1	0.6294733216701416	Lee_PRIMM_UK	0
S3_EXCLUDE_LEE_SITES	s__Oscillibacter_sp_PC13	OTHER_OR_INSUFFICIENT	5	0.05030652388514624	-0.3270095476546517	0.42762259542494413	0.7300189248028235	0.9979483100114088	0.0	-0.3821846992007191	0.4827977469710116	0.6	3	2	0	0	4	0.0448730512419694	0.7368867067291849	0.9950309854502294	0.0	0.75	1	0	0.2716882959447715	0.5279872804367097	0.9998872431588107	1			0
S3_EXCLUDE_LEE_SITES	s__Oscillibacter_valericigenes	OTHER_OR_INSUFFICIENT	7	-0.0248839732794858	-0.31089435675544397	0.2611264101964724	0.8384612853287111	0.9979483100114088	0.0	-0.32534967969461037	0.2755817331356387	0.5714285714285714	4	3	0	0	5	-0.015191670319666917	0.9027311124680119	0.9950309854502294	0.0	0.6	1	0	-0.06435075298535488	0.8454351056528066	0.9998872431588107	1			0
S3_EXCLUDE_LEE_SITES	s__Parabacteroides_distasonis	OTHER_OR_INSUFFICIENT	7	0.0536480159240662	-0.2720516434721844	0.3793476753203168	0.7008832248588767	0.9979483100114088	14.288890849993685	-0.47353278620275774	0.5808288180508901	0.5714285714285714	3	4	1	0	5	0.08747473850493297	0.6133149906284951	0.9950309854502294	35.449196826430075	0.6	1	0	0.20536107919274973	0.718473627980804	0.9998872431588107	1			0
S3_EXCLUDE_LEE_SITES	s__Parabacteroides_goldsteinii	OTHER_OR_INSUFFICIENT	6	-0.04078499269535311	-0.3505979495794575	0.26902796418875125	0.7488078894636654	0.9979483100114088	0.0	-0.3754091067725014	0.29383912138179513	0.6666666666666666	2	4	0	0	5	-0.05979082377471908	0.6354093402603265	0.9950309854502294	0.0	0.6	1	0	-0.08260682765564836	0.7894277780250282	0.9998872431588107	1			0
S3_EXCLUDE_LEE_SITES	s__Parabacteroides_johnsonii	OTHER_OR_INSUFFICIENT	5	-0.07785951967034564	-0.4501557146927946	0.29443667535210327	0.5926202316262132	0.9979483100114088	0.0	-0.5045968068602816	0.3488777675195904	0.6	2	3	0	0	4	-0.17309056892894017	0.33943736602742236	0.9950309854502294	0.0	0.75	1	0	-0.09434988835015315	0.8364410139703092	0.9998872431588107	1			0
S3_EXCLUDE_LEE_SITES	s__Parabacteroides_merdae	OTHER_OR_INSUFFICIENT	7	0.20274764462201997	-0.13524937403694673	0.5407446632809867	0.19253888840003858	0.9979483100114088	24.12370052848248	-0.2656074765535984	0.6711027657976383	0.7142857142857143	5	2	0	0	5	0.20614125511048123	0.2356569638901572	0.9950309854502294	37.022001878248695	0.8	1	0	0.4703090265601341	0.26201907745962444	0.9998872431588107	1	0.28140369112881786	Gopalakrishnan_US	0
S3_EXCLUDE_LEE_SITES	s__Paraprevotella_clara	OTHER_OR_INSUFFICIENT	7	-0.09075857903363935	-0.38905959256906064	0.20754243450178192	0.4847141324046751	0.9979483100114088	7.587793760919677	-0.40413609929403993	0.22261894122676126	0.5714285714285714	3	4	0	0	5	-0.07581138155528255	0.5638183744151449	0.9950309854502294	6.084583759657276	0.6	1	0	-0.005170661981658799	0.9844172342760491	0.9998872431588107	1			0
S3_EXCLUDE_LEE_SITES	s__Parasutterella_SGB9260	OTHER_OR_INSUFFICIENT	3	0.15446106358066855	-0.5540729754527214	0.8629951026140585	0.4472705136399089	0.9979483100114088	0.0	-1.9379175546305312	2.2468396817918683	0.6666666666666666	2	1	0	0	3	0.15446106358066855	0.4472705136399089	0.9950309854502294	0.0	0.6666666666666666	1	0	0.5203876858983171	0.3162950206207957	0.9998872431588107	1			0
S3_EXCLUDE_LEE_SITES	s__Parasutterella_excrementihominis	OTHER_OR_INSUFFICIENT	6	-0.07298470902278632	-0.4044902829924526	0.25852086494688	0.5958870453300508	0.9979483100114088	0.0	-0.4310386782729517	0.2850692602273791	0.5	3	3	0	0	5	-0.042146413528724135	0.7357606268102235	0.9950309854502294	0.0	0.6	1	0	0.03183477317751728	0.9073156101126464	0.9998872431588107	0			0
S3_EXCLUDE_LEE_SITES	s__Phascolarctobacterium_SGB4573	DOMAIN_SPECIFIC	5	-0.10690534014692896	-0.7058880042307559	0.49207732393689796	0.6462116055381667	0.9979483100114088	56.60269037705143	-1.410472979938841	1.1966622996449832	0.6	3	2	0	1	5	-0.03293411528700004	0.861159302754307	0.9950309854502294	44.90626028829829	0.6	1	0	-0.19398456381433396	0.7013344790202946	0.9998872431588107	1	0.45159470533439017	Gopalakrishnan_US	1
S3_EXCLUDE_LEE_SITES	s__Phascolarctobacterium_faecium	OTHER_OR_INSUFFICIENT	6	0.16995126525724585	-0.16231531211256328	0.5022178426270549	0.24564109425502612	0.9979483100114088	0.0	-0.1889246518063441	0.5288271823208358	0.6666666666666666	4	2	0	0	5	0.14740815343968053	0.2760184467110094	0.9950309854502294	0.0	0.8	1	0	0.42137822041891704	0.1996659382829621	0.9998872431588107	1			0
S3_EXCLUDE_LEE_SITES	s__Phascolarctobacterium_succinatutens	OTHER_OR_INSUFFICIENT	5	0.08039103566205304	-0.3062227367351937	0.4670048080592997	0.594658471242463	0.9979483100114088	0.0	-0.46202899147467885	0.622811062798785	0.6	3	2	0	0	3	0.03365365870570346	0.8639694817002626	0.9950309854502294	32.42739553155736	0.6666666666666666	1	0	0.2946352788672044	0.45769053458492726	0.9998872431588107	1			0
S3_EXCLUDE_LEE_SITES	s__Phocaeicola_dorei	OTHER_OR_INSUFFICIENT	7	0.07858774613941856	-0.207208831380096	0.3643843236589331	0.5260959634222745	0.9979483100114088	0.0	-0.2216533482720927	0.3788288405509298	0.7142857142857143	5	2	0	0	5	0.06597170090323358	0.6013734989893036	0.9950309854502294	0.0	0.8	1	0	0.26968893004915795	0.3721802909168489	0.9998872431588107	1			0
S3_EXCLUDE_LEE_SITES	s__Phocaeicola_massiliensis	OTHER_OR_INSUFFICIENT	7	-0.04451766198063726	-0.34462426655564676	0.2555889425943722	0.7290688817799524	0.9979483100114088	8.771449288134637	-0.35979203010825833	0.27075670614698377	0.5714285714285714	3	4	0	0	5	-0.04468998233171548	0.7456411048862746	0.9950309854502294	17.275617123732854	0.6	1	0	-0.18238903436645662	0.5425738923434597	0.9998872431588107	1			0
S3_EXCLUDE_LEE_SITES	s__Phocaeicola_plebeius	OTHER_OR_INSUFFICIENT	4	0.14945265177276018	-0.28394364655683857	0.5828489501023589	0.35264125958895587	0.9979483100114088	0.0	-0.4364971460844886	0.7354024496300089	0.75	3	1	0	0	3	0.13482127614672362	0.41074289423931243	0.9950309854502294	0.0	1.0	1	0	0.3083967139095022	0.4911923797379678	0.9998872431588107	1	0.4392268132080828	Lee_PRIMM_NL	0
S3_EXCLUDE_LEE_SITES	s__Phocaeicola_vulgatus	OTHER_OR_INSUFFICIENT	7	0.18457020860355927	-0.1251414452450446	0.49428186245216316	0.19505546516562844	0.9979483100114088	14.02206344955539	-0.14079466003930008	0.5099350772464186	0.7142857142857143	5	2	0	0	5	0.19401841610048157	0.23161393843157477	0.9950309854502294	0.0	0.8	1	0	0.6239766503036481	0.49367116259078275	0.9998872431588107	1	0.3753386148349618	Spencer_US	0
S3_EXCLUDE_LEE_SITES	s__Phocea_massiliensis	OTHER_OR_INSUFFICIENT	7	0.07089183439564835	-0.21495565426748386	0.35673932305878053	0.5661909225107046	0.9979483100114088	0.0	-0.22940274427183455	0.3711864130631312	0.5714285714285714	4	3	0	0	5	0.06909634925457946	0.5858773395922534	0.9950309854502294	0.0	0.6	1	0	0.22948945872500073	0.4061671450164426	0.9998872431588107	1			0
S3_EXCLUDE_LEE_SITES	s__Prevotella_copri_clade_A	OTHER_OR_INSUFFICIENT	7	-0.09434343897857195	-0.3805298025969345	0.19184292463979058	0.4506542267821874	0.9979483100114088	0.0	-0.394994019810854	0.20630714185371013	0.5714285714285714	4	3	0	0	5	-0.10401315717212946	0.4233659333498134	0.9950309854502294	0.0	0.6	1	0	0.024207841280729208	0.9306289885886	0.9998872431588107	0			0
S3_EXCLUDE_LEE_SITES	s__Pseudoflavonifractor_capillosus	OTHER_OR_INSUFFICIENT	6	0.11180352053690848	-0.21848644970219802	0.442093490776015	0.42401845247498243	0.9979483100114088	0.0	-0.24493749418400215	0.46854453525781914	0.5	3	3	0	0	5	0.03902985292875645	0.7545934766399528	0.9950309854502294	0.0	0.6	1	0	0.09154154609348693	0.7608550600695532	0.9998872431588107	1			0
S3_EXCLUDE_LEE_SITES	s__Pseudoflavonifractor_gallinarum	CONSISTENT_NONSIGNIFICANT	5	-0.12544049021529857	-0.609127544685852	0.35824656425525475	0.5113241988848101	0.9979483100114088	23.980853989178897	-0.9547382242910373	0.7038572438604401	0.8	1	4	0	0	4	-0.13330656589762072	0.5849700588193456	0.9950309854502294	42.95738920738391	0.75	1	0	-0.5650576972344414	0.32109430019695917	0.9998872431588107	1	0.2931734444929653	Frankel_US	0
S3_EXCLUDE_LEE_SITES	s__Pseudoflavonifractor_sp_An184	OTHER_OR_INSUFFICIENT	4	-0.07549487856583677	-0.7186706409210306	0.567680883789357	0.7335749856742171	0.9979483100114088	45.33323200253297	-0.9450655439547593	0.7940757868230857	0.75	1	3	1	0	3	-0.06385679077860243	0.7046905077615444	0.9950309854502294	6.924099628159013	0.6666666666666666	1	0	-0.353469088108657	0.4299863033504345	0.9998872431588107	1	0.6366417016000349	Spencer_US	1
S3_EXCLUDE_LEE_SITES	s__Raoultibacter_massiliensis	OTHER_OR_INSUFFICIENT	3	0.047815263198874094	-0.6772972207554548	0.772927747153203	0.8032958049523219	0.9979483100114088	0.0	-2.0935213183713577	2.189151844769106	0.6666666666666666	2	1	0	0							0	0	0.3639912954265198	0.5023649591106445	0.9998872431588107	1			0
S3_EXCLUDE_LEE_SITES	s__Rheinheimera_SGB14999	OTHER_OR_INSUFFICIENT	7	-0.0367446766797566	-0.3729384307999516	0.29944907744043836	0.7980873349671094	0.9979483100114088	27.065258451781087	-0.3899300840743336	0.3164407307148204	0.5714285714285714	3	4	0	1	5	-0.057653500825205754	0.6474085523955749	0.9950309854502294	0.0	0.6	1	0	0.040463845041635395	0.886228997744225	0.9998872431588107	0			0
S3_EXCLUDE_LEE_SITES	s__Romboutsia_timonensis	DOMAIN_SPECIFIC	7	0.168937735935623	-0.29512368446115084	0.6329991563323969	0.40734626490161685	0.9979483100114088	58.4719535989608	-0.9169316604850857	1.2548071323563317	0.5714285714285714	3	4	1	0	5	0.03314243841278062	0.889430044706658	0.9950309854502294	72.72978898548126	0.8	1	0	0.3227439488271393	0.46433373895102853	0.9998872431588107	1	0.3072981732724112	Lee_PRIMM_NL	0
S3_EXCLUDE_LEE_SITES	s__Roseburia_faecis	CONSISTENT_NONSIGNIFICANT	7	0.27391167770636615	-0.012708927290820737	0.560532282703553	0.05796952740428249	0.9979483100114088	0.0	-0.027195091563367302	0.5750184469760996	0.8571428571428571	6	1	0	0	5	0.27255633489045816	0.08029736768574723	0.9950309854502294	0.0	1.0	1	1	0.7639300287304251	0.031951245255680605	0.9998872431588107	1	0.23361422307856505	Spencer_US	0
S3_EXCLUDE_LEE_SITES	s__Roseburia_hominis	OTHER_OR_INSUFFICIENT	7	0.18863918547257175	-0.09775701516541607	0.47503538611055957	0.1581545294505036	0.9979483100114088	0.0	-0.1122318377622798	0.4895102087074233	0.7142857142857143	5	2	0	0	5	0.18675356408404684	0.18525550475589758	0.9950309854502294	0.0	0.8	1	0	0.5465219547225322	0.09494261016930186	0.9998872431588107	1	0.25896505681348053	Matson_US	0
S3_EXCLUDE_LEE_SITES	s__Roseburia_intestinalis	OTHER_OR_INSUFFICIENT	7	-0.02024651883941023	-0.30633971654239683	0.2658466788635763	0.8682155286580774	0.9979483100114088	0.0	-0.32079922499355984	0.28030618731473933	0.5714285714285714	4	3	0	0	5	-0.0308846968129112	0.8045303081333821	0.9950309854502294	0.0	0.6	1	0	-0.06461954294537237	0.8231005465023385	0.9998872431588107	1			0
S3_EXCLUDE_LEE_SITES	s__Roseburia_inulinivorans	OTHER_OR_INSUFFICIENT	7	-0.013635259606224134	-0.2998117979299311	0.27254127871748285	0.9109923116248572	0.9979483100114088	0.0	-0.31427551853641184	0.28700499932396356	0.5714285714285714	3	4	0	0	5	-0.010008425463522845	0.9357980768483926	0.9950309854502294	0.0	0.6	1	0	0.4179391222349479	0.1932213201549618	0.9998872431588107	0			0
S3_EXCLUDE_LEE_SITES	s__Roseburia_sp_AF02_12	STRONG_DIRECTION_REVERSAL	7	-0.070364016406486	-0.71583864757015	0.575110614757178	0.7985992463635244	0.9979483100114088	69.10875256688566	-1.6070609400506974	1.4663329072377254	0.5714285714285714	3	4	1	1	5	0.11738815923172596	0.6454722010744843	0.9950309854502294	74.21932610030805	0.6	0	0	-0.07184133850793281	0.8866744517731315	0.9998872431588107	1	0.44455753136580917	Lee_Leeds	1
S3_EXCLUDE_LEE_SITES	s__Roseburia_sp_AM16_25	CONSISTENT_NONSIGNIFICANT	6	0.12159638603005267	-0.2724266385625532	0.5156194106226586	0.4635750692437826	0.9979483100114088	30.687845488054105	-0.554780528370269	0.7979733004303743	0.8333333333333334	5	1	1	0	4	0.18150969319344035	0.4459612463457728	0.9950309854502294	54.39195905394979	0.75	1	0	0.2904173883078176	0.4717834849435112	0.9998872431588107	1	0.6146400912165252	Matson_US	1
S3_EXCLUDE_LEE_SITES	s__Roseburia_sp_BX1005	OTHER_OR_INSUFFICIENT	4	0.0024469295458173458	-0.520949744731485	0.5258436038231198	0.9890634656932956	0.9979483100114088	0.0	-0.7051829613317266	0.7100768204233614	0.5	2	2	0	0	4	-0.07818222978452044	0.6041047486955341	0.9950309854502294	0.0	0.5	0	0	-0.12732193864983704	0.7495548161698261	0.9998872431588107	0			0
S3_EXCLUDE_LEE_SITES	s__Rothia_mucilaginosa	CONSISTENT_NONSIGNIFICANT	6	-0.16683465221513305	-0.48035570954706697	0.14668640511680087	0.22961915988679082	0.9979483100114088	0.0	-0.5054638272589598	0.17179452282869362	1.0	0	6	0	0	4	-0.17153009303393152	0.254149493446619	0.9950309854502294	0.0	1.0	1	0	-0.36366183809833824	0.28830952505753604	0.9998872431588107	1	0.3550740179040479	Spencer_US	0
S3_EXCLUDE_LEE_SITES	s__Ruminococcus_SGB4421	CONSISTENT_NONSIGNIFICANT	5	0.020456837370945415	-0.4122211423945133	0.4531348171364041	0.9018999535941106	0.9979483100114088	0.0	-0.47549189825289034	0.5164055729947812	0.8	4	1	0	0	4	0.01890107121342231	0.8978721331256565	0.9950309854502294	0.0	0.75	1	0	0.10981566226775503	0.7686183347687845	0.9998872431588107	1	0.4469541795092451	Gopalakrishnan_US	1
S3_EXCLUDE_LEE_SITES	s__Ruminococcus_bicirculans	OTHER_OR_INSUFFICIENT	7	0.05745577208696647	-0.28418005867812374	0.39909160285205664	0.6949887987171305	0.9979483100114088	29.345749327686676	-0.30144676124675435	0.41635830542068725	0.5714285714285714	4	3	0	0	5	0.052660778032326036	0.7170688496061345	0.9950309854502294	20.134550954280623	0.6	1	0	0.06671320721430063	0.8272291085945843	0.9998872431588107	1			0
S3_EXCLUDE_LEE_SITES	s__Ruminococcus_bromii	OTHER_OR_INSUFFICIENT	7	0.09229937038148561	-0.19388715223436376	0.378485892997335	0.4600538114488031	0.9979483100114088	0.0	-0.20835137748666238	0.3929501182496336	0.5714285714285714	4	3	0	0	5	0.09702573457227985	0.45228942358181645	0.9950309854502294	0.0	0.6	1	0	0.40156773952685676	0.24820397516601575	0.9998872431588107	1			0
S3_EXCLUDE_LEE_SITES	s__Ruminococcus_callidus	OTHER_OR_INSUFFICIENT	4	0.0895558048157123	-0.41740529020572886	0.5965168998371535	0.6132577747447919	0.9979483100114088	0.0	-0.5958532585692076	0.7749648682006323	0.5	2	2	0	0							0	0	0.2837590165040134	0.48029634326578513	0.9998872431588107	1			0
S3_EXCLUDE_LEE_SITES	s__Ruminococcus_gnavus	OTHER_OR_INSUFFICIENT	7	-0.1293012626638418	-0.45869859768789356	0.20009607236021	0.37389157219859886	0.9979483100114088	23.935785749883294	-0.475346751395655	0.21674422606797145	0.7142857142857143	2	5	0	0	5	-0.11783709573779005	0.3698772558939643	0.9950309854502294	0.0	0.8	1	0	-0.21793931358673774	0.45832326065516227	0.9998872431588107	1			0
S3_EXCLUDE_LEE_SITES	s__Ruminococcus_lactaris	OTHER_OR_INSUFFICIENT	7	-0.04651635441517583	-0.3962665614926798	0.30323385266232816	0.7559002534749613	0.9979483100114088	28.518676355165752	-0.5318675842382152	0.4388348754078636	0.5714285714285714	3	4	0	0	5	-0.03398036032896278	0.785500419711317	0.9950309854502294	0.0	0.6	1	0	0.08333520513075646	0.7861936929611489	0.9998872431588107	0			0
S3_EXCLUDE_LEE_SITES	s__Ruminococcus_sp_AF46_10NS	OTHER_OR_INSUFFICIENT	3	0.031837568515087455	-0.6927964282788545	0.7564715653090294	0.8675058587091407	0.9979483100114088	0.0	-2.1080859880628795	2.171761125093054	1.0	3	0	0	0							0	0	0.11527224768510129	0.8421312159193285	0.9998872431588107	1			0
S3_EXCLUDE_LEE_SITES	s__Ruminococcus_sp_BSD2780120874_150323_B10	OTHER_OR_INSUFFICIENT	4	0.008579439131156375	-0.4712834802656438	0.4884423585279566	0.9582034895082485	0.9979483100114088	0.0	-0.640193016065695	0.6573518943280077	0.75	1	3	0	0	3	0.012767515263860992	0.9372698015591175	0.9950309854502294	0.0	0.6666666666666666	1	0	0.03689697623288064	0.909806891151046	0.9998872431588107	1	0.5569218171414223	Frankel_US	1
S3_EXCLUDE_LEE_SITES	s__Ruminococcus_sp_NSJ_13	OTHER_OR_INSUFFICIENT	4	0.006454814178535735	-0.7632987125887648	0.7762083409458364	0.9803856504578377	0.9979483100114088	46.67962906509132	-1.4174487434827527	1.430358371839824	0.5	2	2	0	1							0	0	-0.16151003086869406	0.845975349896891	0.9998872431588107	0			0
S3_EXCLUDE_LEE_SITES	s__Ruminococcus_torques	OTHER_OR_INSUFFICIENT	7	0.12891592816657113	-0.15662424127496202	0.4144560976081043	0.3115959260073713	0.9979483100114088	0.0	-0.17105579898805626	0.42888765532119855	0.7142857142857143	5	2	0	0	5	0.11920028241112744	0.36453728717123873	0.9950309854502294	0.0	0.6	1	0	0.7476355176779645	0.22788297917908992	0.9998872431588107	1			0
S3_EXCLUDE_LEE_SITES	s__Ruthenibacterium_lactatiformans	OTHER_OR_INSUFFICIENT	7	0.0492620289588573	-0.23633225926596585	0.3348563171836804	0.6876816200257642	0.9979483100114088	0.0	-0.2507665522040071	0.3492906101217217	0.5714285714285714	4	3	0	0	5	0.0639862307266954	0.6125175407272432	0.9950309854502294	0.0	0.6	1	0				0			0
S3_EXCLUDE_LEE_SITES	s__Sanguibacter_SGB15121	OTHER_OR_INSUFFICIENT	6	0.048842004699036184	-0.26097814235854644	0.35866215175661875	0.7020560791565085	0.9979483100114088	0.0	-0.2857898753887057	0.38347388478677813	0.6666666666666666	4	2	0	0	5	0.09509512820599585	0.4614713682224446	0.9950309854502294	0.0	0.6	1	0	0.21475325620261923	0.545553242235349	0.9998872431588107	1			0
S3_EXCLUDE_LEE_SITES	s__Scardovia_wiggsiae	OTHER_OR_INSUFFICIENT	3	-0.2378738480560712	-0.9665821337814324	0.49083443766928997	0.2953280010525385	0.9979483100114088	0.0	-2.389829226141739	1.9140815300295966	1.0	0	3	0	0							0	0	-0.5699362201541511	0.29315018842688034	0.9998872431588107	1			0
S3_EXCLUDE_LEE_SITES	s__Sellimonas_intestinalis	OTHER_OR_INSUFFICIENT	7	-0.01973470448180757	-0.30571310503520943	0.26624369607159426	0.8714587989977876	0.9979483100114088	0.0	-0.32016681151977144	0.2806974025561563	0.5714285714285714	3	4	0	0	5	-0.023449738040823856	0.8504863453407032	0.9950309854502294	0.0	0.6	1	0	-0.0957322857825927	0.7358574598463495	0.9998872431588107	1			0
S3_EXCLUDE_LEE_SITES	s__Senegalimassilia_anaerobia	OTHER_OR_INSUFFICIENT	5	0.021980269133262054	-0.40706524863422255	0.4510257869007467	0.8937680173252857	0.9979483100114088	12.360759213010345	-0.48514375377203883	0.5291042920385629	0.6	2	3	0	0	3	0.020933701013405318	0.8974670440175385	0.9950309854502294	0.0	0.6666666666666666	1	0	-0.010800638514376756	0.9736643766821969	0.9998872431588107	0			0
S3_EXCLUDE_LEE_SITES	s__Slackia_isoflavoniconvertens	OTHER_OR_INSUFFICIENT	6	0.06538730712879855	-0.2690148529515709	0.39978946720916797	0.6365697047643064	0.9979483100114088	11.586798448933697	-0.2957952193316023	0.42656983358919937	0.6666666666666666	4	2	0	0	4	0.06338453742716703	0.6972509779000913	0.9950309854502294	31.867194889851984	0.75	1	0	0.16726487141884633	0.6084631816675913	0.9998872431588107	1			0
S3_EXCLUDE_LEE_SITES	s__Solibaculum_mannosilyticum	CONSISTENT_NONSIGNIFICANT	5	0.1404764137645633	-0.2590341271869834	0.5399869547161099	0.3842157179539291	0.9979483100114088	0.0	-0.3174547889904845	0.5984076165196112	0.8	4	1	0	0	3	0.12397465945353013	0.47933897812937937	0.9950309854502294	0.0	1.0	1	0	0.07828761632855402	0.8197831190286621	0.9998872431588107	1	0.4291481820199957	Lee_PRIMM_UK	0
S3_EXCLUDE_LEE_SITES	s__Solobacterium_SGB6829	OTHER_OR_INSUFFICIENT	3	0.16095880670378257	-1.4362581076481749	1.75817572105574	0.70686830877282	0.9979483100114088	63.5185227995267	-7.719988660352801	8.041906273760366	0.6666666666666666	2	1	0	0							0	0	0.0322242806951216	0.9523253589091739	0.9998872431588107	1			0
S3_EXCLUDE_LEE_SITES	s__Streptococcus_SGB14888	CONSISTENT_NONSIGNIFICANT	5	-0.31477583371516854	-0.6948099847630643	0.06525831733272724	0.08296802594361041	0.9979483100114088	0.0	-0.750382602661421	0.1208309352310839	0.8	1	4	0	0	4	-0.3411080466506971	0.07711678407735567	0.9950309854502294	9.124361733114522	0.75	1	1	-0.7379634967578582	0.06942576958818247	0.9998872431588107	1	0.27519331301456845	Frankel_US	0
S3_EXCLUDE_LEE_SITES	s__Streptococcus_anginosus	OTHER_OR_INSUFFICIENT	5	0.03275983999001243	-0.49286019397139613	0.558379873951421	0.8710196161463953	0.9979483100114088	36.35831886203435	-1.0004551945327587	1.0659748745127835	0.6	3	2	1	0	3	-0.05182371984722367	0.8385263150533879	0.9950309854502294	48.577416861229786	0.6666666666666666	0	0	0.11703551622326279	0.7519107126800427	0.9998872431588107	1			0
S3_EXCLUDE_LEE_SITES	s__Streptococcus_australis	OTHER_OR_INSUFFICIENT	5	-0.11460216073183047	-0.515109606154794	0.28590528469113297	0.471401667363907	0.9979483100114088	0.0	-0.5736760458835103	0.3444717244198493	0.6	2	3	0	0	3	-0.11042533282710333	0.5668648026442888	0.9950309854502294	19.59502643323328	0.6666666666666666	1	0	-0.21458562186361144	0.5406188102329795	0.9998872431588107	1			0
S3_EXCLUDE_LEE_SITES	s__Streptococcus_constellatus	OTHER_OR_INSUFFICIENT	3	0.052990130387131545	-1.2522189280123026	1.3581991887865659	0.8774119362420556	0.9979483100114088	46.45988457890309	-5.34909836235043	5.4550786231246935	0.6666666666666666	1	2	0	0							0	0	-0.23446379907856837	0.8281733459334912	0.9998872431588107	0			0
S3_EXCLUDE_LEE_SITES	s__Streptococcus_gordonii	OTHER_OR_INSUFFICIENT	5	-0.0747505105283809	-0.47509912672542043	0.32559810566865865	0.6315354149968185	0.9979483100114088	0.0	-0.5336423407679399	0.38414131971117815	0.6	2	3	0	0	3	-0.07367238428272406	0.6595002113666492	0.9950309854502294	0.0	0.6666666666666666	1	0	-0.018370241512380675	0.9537855097728644	0.9998872431588107	1			0
S3_EXCLUDE_LEE_SITES	s__Streptococcus_infantis	CONSISTENT_NONSIGNIFICANT	5	-0.17042291151851005	-0.5706559302385	0.22981010720147996	0.3025888522996379	0.9979483100114088	0.0	-0.6291822403953758	0.2883364173583558	0.8	1	4	0	0	3	-0.16921890913811954	0.3608222806546432	0.9950309854502294	0.0	1.0	1	0	-0.385361900837547	0.3185632134361112	0.9998872431588107	1	0.46913218105484944	Frankel_US	0
S3_EXCLUDE_LEE_SITES	s__Streptococcus_mitis	OTHER_OR_INSUFFICIENT	5	0.06565694060478426	-0.3338269646408519	0.4651408458504204	0.6718373572520785	0.9979483100114088	0.0	-0.39224373149669256	0.5235576127062611	0.6	2	3	0	0	3	0.053164255092467964	0.7466929373454486	0.9950309854502294	0.0	0.6666666666666666	1	0	0.1954844403037699	0.5604497743230299	0.9998872431588107	1			0
S3_EXCLUDE_LEE_SITES	s__Streptococcus_mutans	OTHER_OR_INSUFFICIENT	5	-0.11225286407766341	-0.5614276034560672	0.33692187530074036	0.5259585656348437	0.9979483100114088	17.858283668922407	-0.7870689233176988	0.562563195162372	0.6	2	3	0	0	3	-0.09677400490478774	0.7567913556539488	0.9950309854502294	56.90350931636564	0.6666666666666666	1	0	-0.1520345916809711	0.6390664199344244	0.9998872431588107	1			0
S3_EXCLUDE_LEE_SITES	s__Streptococcus_oralis	CONSISTENT_NONSIGNIFICANT	5	-0.18686618239387268	-0.5867616779505701	0.21302931316282472	0.26426134342373675	0.9979483100114088	0.0	-0.6452386318916339	0.2715062671038886	0.8	1	4	0	0	3	-0.19432638210571873	0.30914495999754965	0.9950309854502294	0.0	1.0	1	0	-0.43141595544895905	0.30675952840934784	0.9998872431588107	1	0.3824420038752095	Lee_PRIMM_NL	0
S3_EXCLUDE_LEE_SITES	s__Streptococcus_parasanguinis	OTHER_OR_INSUFFICIENT	7	-0.19927942813687866	-0.48552529370916725	0.08696643743540994	0.13936501184063818	0.9979483100114088	0.0	-0.49999251818524565	0.10143366191148834	0.7142857142857143	2	5	0	0	5	-0.19217651701083263	0.1753523943157256	0.9950309854502294	0.0	0.8	1	0	-0.42099427068737444	0.18841130428481495	0.9998872431588107	1	0.27318124491607265	Frankel_US	0
S3_EXCLUDE_LEE_SITES	s__Streptococcus_salivarius	CONSISTENT_NONSIGNIFICANT	7	-0.09475445380475091	-0.380542168788757	0.19103326117925523	0.4481797198290314	0.9979483100114088	0.0	-0.39498623779316877	0.20547733018366698	0.8571428571428571	1	6	0	0	5	-0.08679480964088045	0.49805539738565036	0.9950309854502294	0.0	0.8	1	0	-0.10862544225989779	0.7561358753650632	0.9998872431588107	1	0.4239188759265463	Lee_PRIMM_UK	0
S3_EXCLUDE_LEE_SITES	s__Streptococcus_sanguinis	OTHER_OR_INSUFFICIENT	5	-0.12057982408455692	-0.676137813795076	0.43497816562596214	0.5792661426580178	0.9979483100114088	44.267847728797335	-1.2643573849914223	1.0231977368223086	0.6	3	2	0	1	3	-0.12026442192429793	0.6516741246446267	0.9950309854502294	44.9585364372731	0.6666666666666666	1	0	-0.061527176493395876	0.8837031824543762	0.9998872431588107	1			0
S3_EXCLUDE_LEE_SITES	s__Streptococcus_thermophilus	OTHER_OR_INSUFFICIENT	7	0.15944712154556662	-0.12693732980914113	0.44583157290027436	0.22201117071458817	0.9979483100114088	0.0	-0.14141155858601373	0.46030580167714696	0.7142857142857143	5	2	0	0	5	0.16507171225715736	0.23095986508931624	0.9950309854502294	0.0	0.8	1	0	0.46153102882770336	0.13868446402177442	0.9998872431588107	1			0
S3_EXCLUDE_LEE_SITES	s__Streptococcus_vestibularis	OTHER_OR_INSUFFICIENT	5	-0.20094476433367536	-0.6316942380812192	0.2298047094138685	0.2649434491059223	0.9979483100114088	0.0	-0.8255519637067128	0.4236624350393621	0.6	2	3	0	1	3	-0.2139623841441936	0.27576113546207376	0.9950309854502294	0.0	0.6666666666666666	1	0	-0.17948610817310037	0.5976479235240287	0.9998872431588107	1			0
S3_EXCLUDE_LEE_SITES	s__Sutterella_wadsworthensis	OTHER_OR_INSUFFICIENT	7	-0.17284549824123466	-0.4587263849444867	0.11303538846201741	0.18951691989038613	0.9979483100114088	0.0	-0.47317516292720996	0.12748416644474062	0.7142857142857143	2	5	0	0	5	-0.16947958215553785	0.22021566272778692	0.9950309854502294	0.0	0.6	1	0	-0.341937313499247	0.2214765291032691	0.9998872431588107	1	0.277316195589071	Lee_PRIMM_NL	0
S3_EXCLUDE_LEE_SITES	s__Turicibacter_bilis	OTHER_OR_INSUFFICIENT	4	0.2746075255780355	-0.30634835947087774	0.8555634106269487	0.22955763473722143	0.9979483100114088	11.120187130606322	-0.787514036247408	1.3367290874034792	0.75	3	1	1	0							0	0	0.7126852111101561	0.10588888228827693	0.9998872431588107	1	0.5400989941829881	Lee_PRIMM_UK	0
S3_EXCLUDE_LEE_SITES	s__Turicibacter_sanguinis	OTHER_OR_INSUFFICIENT	5	0.13922921208460842	-0.39408975317066447	0.6725481773398814	0.5086890209640134	0.9979483100114088	38.221967876098546	-0.9222381933003043	1.200696617469521	0.6	3	2	1	0	3	0.13914827765681148	0.5069089948538126	0.9950309854502294	24.04753609310587	0.6666666666666666	1	0	0.40824160980422747	0.3179455990375164	0.9998872431588107	1			0
S3_EXCLUDE_LEE_SITES	s__Tyzzerella_nexilis	OTHER_OR_INSUFFICIENT	3	0.2905689417281538	-1.0422418522814174	1.623379735737725	0.44725072465975957	0.9979483100114088	54.79472986001528	-6.1047377415841835	6.685875625040491	0.6666666666666666	2	1	1	0	3	0.2905689417281538	0.44725072465975957	0.9950309854502294	54.79472986001528	0.6666666666666666	1	0	-0.1104407329777235	0.8385490333807593	0.9998872431588107	0			0
S3_EXCLUDE_LEE_SITES	s__Veillonella_atypica	CONSISTENT_NONSIGNIFICANT	6	-0.382232005002668	-0.7164524186776798	-0.0480115913276562	0.03226217566687105	0.9979483100114088	0.0	-0.74321822999727	-0.021245780008065984	0.8333333333333334	1	5	0	2	5	-0.36672770973532637	0.035528683180805855	0.9950309854502294	0.0	0.8	1	1	-0.9122867587117454	0.02839740156965986	0.9998872431588107	1	0.31511846250882797	Matson_US	0
S3_EXCLUDE_LEE_SITES	s__Veillonella_dispar	CONSISTENT_NONSIGNIFICANT	7	-0.24934917804973789	-0.6594245302738946	0.1607261741744188	0.1873524068713098	0.9979483100114088	46.002859790015464	-1.1328842542398543	0.6341858981403785	0.8571428571428571	1	6	0	2	5	-0.19440614521692628	0.38670482685733926	0.9950309854502294	56.9687713616088	0.8	1	0	-0.333533234703484	0.38683663624987497	0.9998872431588107	1	0.270380728277315	Matson_US	0
S3_EXCLUDE_LEE_SITES	s__Veillonella_parvula	CONSISTENT_NONSIGNIFICANT	7	-0.33992331985561614	-0.7142519534397964	0.03440531372856409	0.06800942143915044	0.9979483100114088	34.51765559158805	-1.0409426621331848	0.36109602242195243	0.8571428571428571	1	6	0	1	5	-0.3016026080879046	0.21416813365038334	0.9950309854502294	54.93759175360172	0.8	1	0	-0.6239119882085042	0.104364044815313	0.9998872431588107	1	0.22350360851568313	Matson_US	0
S3_EXCLUDE_LEE_SITES	s__Veillonella_rogosae	OTHER_OR_INSUFFICIENT	3	-0.3438703606906068	-1.1241980680897925	0.436457346708579	0.1984123204234216	0.9979483100114088	0.0	-2.648263544205915	1.9605228228247016	1.0	0	3	0	0							0	0	-0.6417959006420797	0.24802705313702844	0.9998872431588107	1			0
S3_EXCLUDE_LEE_SITES	s__Vescimonas_SGB15087	OTHER_OR_INSUFFICIENT	5	-0.026980936148197816	-0.4325111224486549	0.3785492501522593	0.8624332798738771	0.9979483100114088	22.9770083810329	-0.6837803541378197	0.629818481841424	0.6	2	3	0	0	4	-0.020874497740827756	0.9089239301715277	0.9950309854502294	38.065427353364186	0.5	1	0	-0.089926164022179	0.8709787000833963	0.9998872431588107	1			0
S3_EXCLUDE_LEE_SITES	s__Vescimonas_coprocola	OTHER_OR_INSUFFICIENT	7	-0.27203436874835996	-0.6940890081264605	0.15002027062974055	0.16583459469464357	0.9979483100114088	49.67293425248708	-1.1971043394658005	0.6530356019690806	0.7142857142857143	2	5	0	1	5	-0.1699769525378044	0.42100080411535856	0.9950309854502294	58.38652597777978	0.6	1	0	-0.3822488213018906	0.2734973549875544	0.9998872431588107	1	0.3211886669913313	Lee_PRIMM_UK	0
S3_EXCLUDE_LEE_SITES	s__Vescimonas_fastidiosa	OTHER_OR_INSUFFICIENT	3	-0.1119001435205914	-0.8378599363000712	0.6140596492588883	0.575407387478919	0.9979483100114088	0.0	-2.2557389208728984	2.031938633831716	0.6666666666666666	1	2	0	0							0	0	-0.2996948938262124	0.5904417482390489	0.9998872431588107	1			0
S3_EXCLUDE_LEE_SITES	s__Victivallis_lenta	OTHER_OR_INSUFFICIENT	3	0.04744381853522421	-0.7053482823537205	0.8002359194241688	0.8116847844570712	0.9979483100114088	0.0	-2.1756337026562473	2.270521339726696	0.6666666666666666	2	1	0	0							0	0	0.1348088369190587	0.812958560250292	0.9998872431588107	1			0
S3_EXCLUDE_LEE_SITES	s__Waltera_intestinalis	OTHER_OR_INSUFFICIENT	7	0.1131305286858192	-0.25186260679247013	0.4781236641641085	0.4769200936231653	0.9979483100114088	37.877257394473986	-0.27030981657526615	0.4965708739469045	0.7142857142857143	5	2	0	1	5	0.11264690603646899	0.3889563590135195	0.9950309854502294	0.0	0.8	1	0	0.4785852876153228	0.11208499235827207	0.9998872431588107	1			0
S3_EXCLUDE_LEE_SITES	s__Clostridium_SGB4648	CONSISTENT_NONSIGNIFICANT	6	0.1624244438973403	-0.15968482246322502	0.4845337102579056	0.25150051901988313	0.9979483100114088	0.0	-0.18548072097861906	0.5103296087732996	0.8333333333333334	5	1	0	0	4	0.1479699467431567	0.321632665592016	0.9950309854502294	0.0	1.0	1	0	0.4591728567142333	0.23634691252199913	0.9998872431588107	1	0.379139833665302	Gopalakrishnan_US	0
S3_EXCLUDE_LEE_SITES	s__Faecalitalea_cylindroides	OTHER_OR_INSUFFICIENT	6	-0.0027173029041044944	-0.3233170441637952	0.3178824383555862	0.983460249868154	0.9979483100114088	0.0	-0.34899205340120126	0.3435574475929923	0.6666666666666666	2	4	0	0	4	0.0005070945424125125	0.9970051824502869	0.9991426610019288	0.0	0.75	0	0	0.07920834303173079	0.827820341703468	0.9998872431588107	0			0
S3_EXCLUDE_LEE_SITES	s__GGB3033_SGB4029	CONSISTENT_NONSIGNIFICANT	5	0.22998283675713854	-0.18357486058121492	0.6435405340954921	0.1974668830620219	0.9979483100114088	0.0	-0.24404964630545056	0.7040153198197276	0.8	4	1	0	0	3	0.1988562569582427	0.31294888915057545	0.9950309854502294	0.0	1.0	1	0	0.44758150266154073	0.28422286839309774	0.9998872431588107	1	0.30396716672326585	Lee_Leeds	0
S3_EXCLUDE_LEE_SITES	s__GGB4599_SGB6362	OTHER_OR_INSUFFICIENT	3	0.13230394803438092	-0.8940874915129916	1.1586953875817534	0.6348969805124169	0.9979483100114088	24.325718384297026	-2.9442393815261676	3.2088472775949297	0.6666666666666666	2	1	0	0							0	0	0.5112174808868808	0.5043849580039682	0.9998872431588107	1			0
S3_EXCLUDE_LEE_SITES	s__GGB77437_SGB9391	OTHER_OR_INSUFFICIENT	4	0.2224852933524995	-0.30699394593930623	0.7519645326443052	0.2734915605981625	0.9979483100114088	0.0	-0.4933681972241791	0.9383387839291781	0.75	3	1	0	0							0	0	0.6638815034159437	0.18680439548377142	0.9998872431588107	1	0.5707633485050483	Lee_PRIMM_UK	0
S3_EXCLUDE_LEE_SITES	s__GGB9760_SGB15374	OTHER_OR_INSUFFICIENT	5	0.10544065328726619	-0.2674364599457488	0.4783177665202812	0.4762813656397898	0.9979483100114088	0.0	-0.3219624999950246	0.532843806569557	0.6	3	2	0	0	3	0.10386965847441296	0.5197392348441079	0.9950309854502294	0.0	0.6666666666666666	1	0	0.3167017051586887	0.37610861207440643	0.9998872431588107	1			0
S3_EXCLUDE_LEE_SITES	s__Enterococcus_faecium	OTHER_OR_INSUFFICIENT	3	0.23088121589420718	-1.3400385723548451	1.8018010041432597	0.5917980119947539	0.9979483100114088	75.21029087460401	-8.109802128329616	8.57156456011803	0.6666666666666666	2	1	1	0							0	0	0.4859107516888045	0.5903365247272172	0.9998872431588107	1			0
S3_EXCLUDE_LEE_SITES	s__GGB2998_SGB3989	OTHER_OR_INSUFFICIENT	4	0.36705411423062545	-0.14539592465648027	0.8795041531177312	0.10698446978859302	0.9979483100114088	0.0	-0.32577597595816904	1.0598842044194199	1.0	4	0	0	0							0	0	0.8444426938558826	0.1102740982255259	0.9998872431588107	1	0.34130844549842987	Lee_PRIMM_NL	0
S3_EXCLUDE_LEE_SITES	s__GGB3109_SGB4643	OTHER_OR_INSUFFICIENT	4	0.020099192201463396	-0.4143657825215717	0.45456416692449847	0.892291239997339	0.9979483100114088	0.0	-0.5672954512544626	0.6074938356573893	0.75	1	3	0	0	3	0.0031549427982945385	0.9831565754654826	0.9991426610019288	1.9297503254285	0.6666666666666666	1	0	0.09289945814950921	0.8146025322917151	0.9998872431588107	1	0.6790119614204645	Matson_US	1
S3_EXCLUDE_LEE_SITES	s__GGB3278_SGB4328	OTHER_OR_INSUFFICIENT	3	0.107881769297161	-1.1868009762839695	1.4025645148782915	0.7542576675781387	0.9979483100114088	67.49149493032418	-6.523032730345454	6.738796268939776	0.6666666666666666	1	2	1	0							0	0	-0.08610933054347807	0.8918194223987672	0.9998872431588107	0			0
S3_EXCLUDE_LEE_SITES	s__GGB3593_SGB4817	OTHER_OR_INSUFFICIENT	3	0.11596110300228146	-0.8366230973733775	1.0685453033779404	0.6526898459256043	0.9979483100114088	37.46231699646089	-3.8453764554109084	4.077298661415472	0.6666666666666666	2	1	0	0							0	0	0.3634232234239082	0.5782888430166506	0.9998872431588107	1			0
S3_EXCLUDE_LEE_SITES	s__GGB4745_SGB6571	OTHER_OR_INSUFFICIENT	3	0.03916723175862659	-0.7178601825251077	0.7961946460423609	0.8445045501638249	0.9979483100114088	0.0	-2.19641763372007	2.274752097237323	1.0	3	0	0	0							0	0	0.2290241139588539	0.6472712508228479	0.9998872431588107	1			0
S3_EXCLUDE_LEE_SITES	s__GGB47687_SGB2286	OTHER_OR_INSUFFICIENT	5	0.1018210412242474	-0.2631356707994998	0.4667777532479946	0.4818083181321837	0.9979483100114088	0.0	-0.3165035059873722	0.520145588435867	0.6	3	2	0	0	3	0.11312392322308341	0.47882914416795525	0.9950309854502294	0.0	0.6666666666666666	1	0	0.2743259771432165	0.46028515951666527	0.9998872431588107	1			0
S3_EXCLUDE_LEE_SITES	s__GGB6612_SGB9346	OTHER_OR_INSUFFICIENT	3	-0.08341720227151243	-1.2257451954226837	1.0589107908796587	0.7831177976555347	0.9979483100114088	58.10076394386478	-5.661741359533611	5.4949069549905865	0.6666666666666666	1	2	0	0							0	0	-0.5192123426553812	0.3566990636730273	0.9998872431588107	1			0
S3_EXCLUDE_LEE_SITES	s__Streptococcus_SGB15012	OTHER_OR_INSUFFICIENT	4	-0.0014672899567665107	-0.47582786560030066	0.4728932856867676	0.9927638329902597	0.9979483100114088	0.0	-0.6428006015364576	0.6398660216229246	0.5	2	2	0	0	3	-0.07566766069041704	0.6218361524866853	0.9950309854502294	0.0	0.6666666666666666	1	0	-0.11404862999987846	0.7926425135197355	0.9998872431588107	1			0
S3_EXCLUDE_LEE_SITES	s__Alistipes_sp_AF17_16	OTHER_OR_INSUFFICIENT	4	0.24699232224021828	-0.2083904653043493	0.7023751097847859	0.18278604498024462	0.9979483100114088	0.0	-0.36868310738640886	0.8626677518668454	0.75	3	1	0	0							0	0	0.5676882447398913	0.3210647830917255	0.9998872431588107	1	0.3476218605388082	Spencer_US	0
S3_EXCLUDE_LEE_SITES	s__Staphylococcus_SGB6340	OTHER_OR_INSUFFICIENT	3	-0.147141259648215	-0.8667594873244242	0.5724769680279942	0.47177870795322113	0.9979483100114088	16.904544589692314	-2.8191226646315646	2.524840145335135	0.6666666666666666	1	2	0	0							0	0	-0.24309950175429867	0.6407494259062685	0.9998872431588107	1			0
S3_EXCLUDE_LEE_SITES	s__Bifidobacterium_catenulatum	OTHER_OR_INSUFFICIENT	3	0.491481976561665	-0.3025934542083872	1.285557407331717	0.11680996720162104	0.9979483100114088	0.0	-1.8535097390078745	2.8364736921312046	0.6666666666666666	2	1	1	0							0	0	0.5039391688104006	0.5680204320665078	0.9998872431588107	1			0
S3_EXCLUDE_LEE_SITES	s__GGB2958_SGB3940	OTHER_OR_INSUFFICIENT	3	0.4751250851354054	-0.7506779004582813	1.7009280707290921	0.237305209713754	0.9979483100114088	53.92697275949669	-5.34492886386551	6.295179034136321	1.0	3	0	1	0							0	0	0.6199838704830868	0.45543212066125666	0.9998872431588107	1			0
S3_EXCLUDE_LEE_SITES	s__GGB3321_SGB4394	OTHER_OR_INSUFFICIENT	3	-0.04761447699879762	-0.8847881129266562	0.7895591589290609	0.8294945515532323	0.9979483100114088	12.40653657070498	-2.5198799125962617	2.4246509585986664	0.6666666666666666	1	2	0	0							0	0	0.16846179983667628	0.7616672836637378	0.9998872431588107	0			0
S3_EXCLUDE_LEE_SITES	s__GGB3588_SGB4808	OTHER_OR_INSUFFICIENT	3	0.27605052055981755	-0.5071384393617986	1.0592394804814338	0.26864694261183125	0.9979483100114088	0.0	-2.036792254342772	2.588893295462407	1.0	3	0	0	0							0	0	0.8687895980703448	0.20163260401439997	0.9998872431588107	1			0
S3_EXCLUDE_LEE_SITES	s__GGB3677_SGB4990	OTHER_OR_INSUFFICIENT	3	-0.06255312842654498	-0.842855770459648	0.7177495136065579	0.7630483971895032	0.9979483100114088	0.0	-2.3668722905006288	2.241766033647539	0.6666666666666666	1	2	0	0							0	0	-0.2807967591949674	0.5597237916449921	0.9998872431588107	1			0
S3_EXCLUDE_LEE_SITES	s__GGB41458_SGB58520	OTHER_OR_INSUFFICIENT	3	0.15682267438427136	-0.6246931212459439	0.9383384700144866	0.47892393011194867	0.9979483100114088	0.0	-2.1510790631247456	2.4647244118932887	0.6666666666666666	2	1	0	0							0	0	0.4324305098081783	0.5124554522287574	0.9998872431588107	1			0
S3_EXCLUDE_LEE_SITES	s__GGB4684_SGB6478	OTHER_OR_INSUFFICIENT	3	0.06633764818144501	-0.7851442066789632	0.9178195030418533	0.7693591671874815	0.9979483100114088	15.292805841316506	-2.4481815248927026	2.5808568212555922	0.6666666666666666	2	1	0	0							0	0	0.26984664066658914	0.7375834901720061	0.9998872431588107	1			0
S3_EXCLUDE_LEE_SITES	s__GGB9189_SGB14128	OTHER_OR_INSUFFICIENT	3	0.1625943777232206	-0.6199841540110136	0.9451729094574548	0.46568067899239873	0.9979483100114088	0.0	-2.148445735929438	2.473634491375879	0.6666666666666666	2	1	0	0							0	0	0.3331009878798103	0.46821940548646673	0.9998872431588107	1			0
S3_EXCLUDE_LEE_SITES	s__GGB9608_SGB15041	OTHER_OR_INSUFFICIENT	3	0.23149314152817657	-0.5521883799859637	1.0151746630423168	0.331565320573851	0.9979483100114088	0.0	-2.0828042217046807	2.545790504761034	0.6666666666666666	2	1	0	0							0	0	0.37886071007935995	0.4443424024979852	0.9998872431588107	1			0
S3_EXCLUDE_LEE_SITES	s__GGB9618_SGB15065	OTHER_OR_INSUFFICIENT	3	0.040044345618357874	-0.7426557456770286	0.8227444369137444	0.8461956584419179	0.9979483100114088	0.0	-2.2713547467625794	2.3514434379992952	0.6666666666666666	1	2	0	0							0	0	-0.013694704356970832	0.9764882792033733	0.9998872431588107	0			0
S3_EXCLUDE_LEE_SITES	s__GGB9640_SGB15115	OTHER_OR_INSUFFICIENT	3	0.10160057117941698	-0.68009051576021	0.883291658119044	0.6322665588636462	0.9979483100114088	0.0	-2.2068188207659487	2.4100199631247827	0.6666666666666666	1	2	0	0							0	0	0.243182676851316	0.6234497600057757	0.9998872431588107	1			0
S3_EXCLUDE_LEE_SITES	s__GGB9677_SGB15180	OTHER_OR_INSUFFICIENT	3	0.36704148720123714	-0.4197743496852269	1.1538573240877013	0.1825348148538108	0.9979483100114088	0.0	-1.956511852621539	2.690594827024013	1.0	3	0	0	0							0	0	0.6896190710789463	0.17881241180697235	0.9998872431588107	1			0
S3_EXCLUDE_LEE_SITES	s__GGB9737_SGB15309	OTHER_OR_INSUFFICIENT	3	0.06860291259818971	-0.7120270868798977	0.8492329120762772	0.7416997522111792	0.9979483100114088	0.0	-2.236682971888929	2.3738887970853084	0.6666666666666666	2	1	0	0							0	0	0.25282000479698685	0.6721951323980331	0.9998872431588107	1			0
S3_EXCLUDE_LEE_SITES	s__GGB9786_SGB15409	OTHER_OR_INSUFFICIENT	3	0.22660675650436693	-0.637274911500031	1.090488424508765	0.3762261584031176	0.9979483100114088	0.0	-2.8536983504380053	3.3069118634467394	0.6666666666666666	2	1	0	0							0	0	0.45887618942185304	0.4891376334843369	0.9998872431588107	1			0
S3_EXCLUDE_LEE_SITES	s__GGB9790_SGB15413	OTHER_OR_INSUFFICIENT	3	0.1997492820107107	-0.5816989590900612	0.9811975231114827	0.386102744113756	0.9979483100114088	0.0	-2.107952959567047	2.5074515235884682	1.0	3	0	0	0							0	0	0.3338171504593845	0.4151150609653167	0.9998872431588107	1			0
S3_EXCLUDE_LEE_SITES	s__Paratractidigestivibacter_faecalis	OTHER_OR_INSUFFICIENT	3	-0.11136091364263172	-0.9335712946596464	0.710849467374383	0.6190087628211454	0.9979483100114088	0.0	-2.8210112683320068	2.5982894410467434	0.6666666666666666	1	2	0	0							0	0	-0.27380469917538514	0.6314271747849766	0.9998872431588107	1			0
S3_EXCLUDE_LEE_SITES	s__Ruminococcus_sp_AF41_9	OTHER_OR_INSUFFICIENT	3	-0.02712835792728257	-0.8066510570023097	0.7523943411477446	0.8947080391364319	0.9979483100114088	0.0	-2.329144263021474	2.2748875471669083	0.6666666666666666	1	2	0	0							0	0	-0.16420809650902965	0.6823281792382602	0.9998872431588107	1			0
