scenario	model	train_domain	test_domain	train_n	test_n	train_responders	train_non_responders	test_responders	test_non_responders	selected_features	pseudocount	locked_params	roc_auc	roc_auc_ci_low	roc_auc_ci_high	roc_auc_bootstrap_valid	pr_auc	brier	balanced_accuracy	sensitivity	specificity	log_loss	train_study_family	test_study_family	same_study_family	train_country	test_country	same_country	train_macro_region	test_macro_region	same_macro_region	train_treatment_scope_group	test_treatment_scope_group	same_treatment_scope_group	known_combination_ici_fraction_difference	absolute_response_rate_difference	log_train_n	log_test_n	aitchison_centroid_distance	bray_curtis_centroid_distance	jensen_shannon_distance	prevalence_l1_distance
PRIMARY	elastic_net	Frankel_US	Gopalakrishnan_US	39	25	24	15	14	11	500	1.6488298996136508e-07	"{""C"": 0.2, ""l1_ratio"": 0.75}"	0.6298701298701298	0.40259740259740256	0.8605519480519479	500	0.6981695891085733	0.23998290923745513	0.6396103896103896	0.6428571428571429	0.6363636363636364	0.6728500593467867	Frankel_2017	Gopalakrishnan_2018	0	United_States	United_States	1	North_America	North_America	1	mixed_ICI_including_combination	anti_PD1_only	0	nan	0.055384615384615365	3.6635616461296463	3.2188758248682006	1.4601102198390727	0.5138555257100887	0.457773044074274	0.0727642304785162
PRIMARY	elastic_net	Frankel_US	Lee_Barcelona	39	12	24	15	6	6	500	1.6488298996136508e-07	"{""C"": 0.2, ""l1_ratio"": 0.75}"	0.3055555555555556	0.0	0.6111111111111113	500	0.43439153439153444	0.3179758695358436	0.3333333333333333	0.3333333333333333	0.3333333333333333	0.8371341271904168	Frankel_2017	Lee_2022_family	0	United_States	Spain	0	North_America	Europe	0	mixed_ICI_including_combination	mixed_ICI_including_combination	1	nan	0.11538461538461542	3.6635616461296463	2.4849066497880004	2.148005799674066	0.5625705120362823	0.5030899391825384	0.08056573056573058
PRIMARY	elastic_net	Frankel_US	Lee_Leeds	39	18	24	15	10	8	500	1.6488298996136508e-07	"{""C"": 0.2, ""l1_ratio"": 0.75}"	0.16249999999999998	0.025	0.4065624999999997	500	0.41575863678804853	0.35609055013351437	0.275	0.3	0.25	0.9290024391079044	Frankel_2017	Lee_2022_family	0	United_States	United_Kingdom	0	North_America	Europe	0	mixed_ICI_including_combination	mixed_ICI_including_combination	1	nan	0.05982905982905984	3.6635616461296463	2.8903717578961645	2.0000659164923533	0.43330674562958954	0.39824176658373817	0.06973855069093164
PRIMARY	elastic_net	Frankel_US	Lee_Manchester	39	25	24	15	12	13	500	1.6488298996136508e-07	"{""C"": 0.2, ""l1_ratio"": 0.75}"	0.4935897435897436	0.2594551282051282	0.7341346153846152	500	0.5101589711458132	0.297328153680564	0.5064102564102564	0.16666666666666666	0.8461538461538461	0.8276178084309415	Frankel_2017	Lee_2022_family	0	United_States	United_Kingdom	0	North_America	Europe	0	mixed_ICI_including_combination	mixed_ICI_including_combination	1	nan	0.13538461538461544	3.6635616461296463	3.2188758248682006	2.0576633286376182	0.5284366611922444	0.4800730908319456	0.07087714402000117
PRIMARY	elastic_net	Frankel_US	Lee_PRIMM_NL	39	55	24	15	33	22	500	1.6488298996136508e-07	"{""C"": 0.2, ""l1_ratio"": 0.75}"	0.534435261707989	0.37799586776859506	0.7011019283746557	500	0.6038464792259542	0.3059588625330556	0.48484848484848486	0.24242424242424243	0.7272727272727273	0.8175477598956022	Frankel_2017	Lee_2022_family	0	United_States	Netherlands	0	North_America	Europe	0	mixed_ICI_including_combination	mixed_ICI_including_combination	1	nan	0.015384615384615441	3.6635616461296463	4.007333185232471	2.1537283003203482	0.5362672870971259	0.49418965792965314	0.07240103811532383
PRIMARY	elastic_net	Frankel_US	Lee_PRIMM_UK	39	54	24	15	33	21	500	1.6488298996136508e-07	"{""C"": 0.2, ""l1_ratio"": 0.75}"	0.48773448773448774	0.3362193362193362	0.6804112554112555	500	0.5890538676438212	0.32032897833042434	0.46320346320346323	0.21212121212121213	0.7142857142857143	0.8510495184708013	Frankel_2017	Lee_2022_family	0	United_States	United_Kingdom	0	North_America	Europe	0	mixed_ICI_including_combination	mixed_ICI_including_combination	1	nan	0.004273504273504258	3.6635616461296463	3.9889840465642745	1.822480321344653	0.5029369678988839	0.44529863877920617	0.06176134271372367
PRIMARY	elastic_net	Frankel_US	Matson_US	39	38	24	15	14	24	500	1.6488298996136508e-07	"{""C"": 0.2, ""l1_ratio"": 0.75}"	0.3630952380952381	0.16666666666666663	0.5819196428571428	500	0.36601480492103344	0.3144850047875729	0.4017857142857143	0.42857142857142855	0.375	0.8412853570249705	Frankel_2017	Matson_2018	0	United_States	United_States	1	North_America	North_America	1	mixed_ICI_including_combination	anti_PD1_only	0	nan	0.2469635627530365	3.6635616461296463	3.6375861597263857	1.0679491869084694	0.4539916266983753	0.38945877784631266	0.04694336574035822
PRIMARY	elastic_net	Frankel_US	Spencer_US	39	97	24	15	71	26	500	1.6488298996136508e-07	"{""C"": 0.2, ""l1_ratio"": 0.75}"	0.5319609967497291	0.4270178764897074	0.6514219934994583	500	0.7591550466145952	0.2668599070741513	0.5419826652221018	0.5070422535211268	0.5769230769230769	0.7320734307812405	Frankel_2017	Spencer_2021	0	United_States	United_States	1	North_America	North_America	1	mixed_ICI_including_combination	anti_PD1_based_unspecified_mix	0	nan	0.11657414750198247	3.6635616461296463	4.574710978503383	1.37106100772541	0.4428438885729916	0.3915311991633044	0.059063371581780995
PRIMARY	elastic_net	Gopalakrishnan_US	Frankel_US	25	39	14	11	24	15	386	2.5004030649745586e-07	"{""C"": 0.2, ""l1_ratio"": 0.75}"	0.46944444444444444	0.275	0.6460416666666665	500	0.5856272773896165	0.28279160700080663	0.425	0.25	0.6	0.7622372168149825	Gopalakrishnan_2018	Frankel_2017	0	United_States	United_States	1	North_America	North_America	1	anti_PD1_only	mixed_ICI_including_combination	0	nan	0.055384615384615365	3.2188758248682006	3.6635616461296463	1.4601102198390727	0.5138555257100887	0.457773044074274	0.0727642304785162
PRIMARY	elastic_net	Gopalakrishnan_US	Lee_Barcelona	25	12	14	11	6	6	386	2.5004030649745586e-07	"{""C"": 0.2, ""l1_ratio"": 0.75}"	0.33333333333333337	0.08333333333333331	0.6944444444444445	500	0.46464646464646464	0.28927919278825104	0.5	0.3333333333333333	0.6666666666666666	0.7763190600294932	Gopalakrishnan_2018	Lee_2022_family	0	United_States	Spain	0	North_America	Europe	0	anti_PD1_only	mixed_ICI_including_combination	0	nan	0.06000000000000005	3.2188758248682006	2.4849066497880004	1.7464261293987988	0.43864029899351553	0.4368346369614659	0.07725321239606954
PRIMARY	elastic_net	Gopalakrishnan_US	Lee_Leeds	25	18	14	11	10	8	386	2.5004030649745586e-07	"{""C"": 0.2, ""l1_ratio"": 0.75}"	0.35	0.10593750000000002	0.6000000000000001	500	0.5056395891690009	0.28929104561054825	0.3	0.6	0.0	0.7749046157891973	Gopalakrishnan_2018	Lee_2022_family	0	United_States	United_Kingdom	0	North_America	Europe	0	anti_PD1_only	mixed_ICI_including_combination	0	nan	0.004444444444444473	3.2188758248682006	2.8903717578961645	2.0440113218725884	0.6134426055677813	0.5216269539720565	0.08646107331821616
PRIMARY	elastic_net	Gopalakrishnan_US	Lee_Manchester	25	25	14	11	12	13	386	2.5004030649745586e-07	"{""C"": 0.2, ""l1_ratio"": 0.75}"	0.5448717948717949	0.29791666666666666	0.7790064102564103	500	0.6551257143462521	0.2515168816977083	0.40705128205128205	0.5833333333333334	0.23076923076923078	0.6958777079699877	Gopalakrishnan_2018	Lee_2022_family	0	United_States	United_Kingdom	0	North_America	Europe	0	anti_PD1_only	mixed_ICI_including_combination	0	nan	0.08000000000000007	3.2188758248682006	3.2188758248682006	2.156186223234672	0.7155554538377515	0.6032222163102883	0.08168707482993197
PRIMARY	elastic_net	Gopalakrishnan_US	Lee_PRIMM_NL	25	55	14	11	33	22	386	2.5004030649745586e-07	"{""C"": 0.2, ""l1_ratio"": 0.75}"	0.709366391184573	0.552995867768595	0.8389118457300274	500	0.8041104172051998	0.22747649918905521	0.5984848484848485	0.8787878787878788	0.3181818181818182	0.6474553810266924	Gopalakrishnan_2018	Lee_2022_family	0	United_States	Netherlands	0	North_America	Europe	0	anti_PD1_only	mixed_ICI_including_combination	0	0.22	0.039999999999999925	3.2188758248682006	4.007333185232471	2.1884513111812445	0.7745689314443972	0.6511689475893659	0.07338528138528139
PRIMARY	elastic_net	Gopalakrishnan_US	Lee_PRIMM_UK	25	54	14	11	33	21	386	2.5004030649745586e-07	"{""C"": 0.2, ""l1_ratio"": 0.75}"	0.598845598845599	0.42781385281385287	0.7532467532467533	500	0.7002902149171216	0.23303331103408537	0.577922077922078	0.7272727272727273	0.42857142857142855	0.6582460963978536	Gopalakrishnan_2018	Lee_2022_family	0	United_States	United_Kingdom	0	North_America	Europe	0	anti_PD1_only	mixed_ICI_including_combination	0	0.53	0.05111111111111111	3.2188758248682006	3.9889840465642745	2.0629884886791996	0.7029774214674973	0.5924470851118022	0.07848122952884858
PRIMARY	elastic_net	Gopalakrishnan_US	Matson_US	25	38	14	11	14	24	386	2.5004030649745586e-07	"{""C"": 0.2, ""l1_ratio"": 0.75}"	0.5535714285714286	0.3465029761904762	0.738095238095238	500	0.45914012647852875	0.2367942577854159	0.5625	0.5	0.625	0.6653771381620728	Gopalakrishnan_2018	Matson_2018	0	United_States	United_States	1	North_America	North_America	1	anti_PD1_only	anti_PD1_only	1	0.0	0.19157894736842113	3.2188758248682006	3.6375861597263857	1.1378781135158458	0.32940473391192715	0.35644838628752057	0.0470108604845447
PRIMARY	elastic_net	Gopalakrishnan_US	Spencer_US	25	97	14	11	71	26	386	2.5004030649745586e-07	"{""C"": 0.2, ""l1_ratio"": 0.75}"	0.47887323943661975	0.33768959913326113	0.6129604550379198	500	0.7203708272957581	0.2717727858422421	0.4856446370530877	0.39436619718309857	0.5769230769230769	0.7383369112320605	Gopalakrishnan_2018	Spencer_2021	0	United_States	United_States	1	North_America	North_America	1	anti_PD1_only	anti_PD1_based_unspecified_mix	0	nan	0.17195876288659784	3.2188758248682006	4.574710978503383	0.8663222398807107	0.3242323634033718	0.32656385568073787	0.033931879280921985
PRIMARY	elastic_net	Lee_Barcelona	Frankel_US	12	39	6	6	24	15	500	1.0246076956438827e-07	"{""C"": 0.2, ""l1_ratio"": 0.75}"	0.3416666666666667	0.16666666666666666	0.5320138888888888	500	0.5483132421433066	0.2527378395541598	0.42083333333333334	0.7083333333333334	0.13333333333333333	0.6986384320031487	Lee_2022_family	Frankel_2017	0	Spain	United_States	0	Europe	North_America	0	mixed_ICI_including_combination	mixed_ICI_including_combination	1	nan	0.11538461538461542	2.4849066497880004	3.6635616461296463	2.148005799674066	0.5625705120362823	0.5030899391825384	0.08056573056573058
PRIMARY	elastic_net	Lee_Barcelona	Gopalakrishnan_US	12	25	6	6	14	11	500	1.0246076956438827e-07	"{""C"": 0.2, ""l1_ratio"": 0.75}"	0.4935064935064935	0.2857142857142857	0.704707792207792	500	0.6613990446743845	0.2538449241144765	0.4383116883116883	0.7857142857142857	0.09090909090909091	0.701003213217083	Lee_2022_family	Gopalakrishnan_2018	0	Spain	United_States	0	Europe	North_America	0	mixed_ICI_including_combination	anti_PD1_only	0	nan	0.06000000000000005	2.4849066497880004	3.2188758248682006	1.7464261293987988	0.43864029899351553	0.4368346369614659	0.07725321239606954
PRIMARY	elastic_net	Lee_Barcelona	Lee_Leeds	12	18	6	6	10	8	500	1.0246076956438827e-07	"{""C"": 0.2, ""l1_ratio"": 0.75}"	0.6875	0.375	0.925	500	0.6792199467199467	0.23353433351242886	0.6625	0.7	0.625	0.6599638452131055	Lee_2022_family	Lee_2022_family	1	Spain	United_Kingdom	0	Europe	Europe	1	mixed_ICI_including_combination	mixed_ICI_including_combination	1	nan	0.05555555555555558	2.4849066497880004	2.8903717578961645	1.900081845184206	0.5949875337870366	0.5175184809533883	0.0664525069286974
PRIMARY	elastic_net	Lee_Barcelona	Lee_Manchester	12	25	6	6	12	13	500	1.0246076956438827e-07	"{""C"": 0.2, ""l1_ratio"": 0.75}"	0.5641025641025641	0.32692307692307687	0.7756410256410257	500	0.610987536428713	0.24818008900575617	0.5224358974358975	0.5833333333333334	0.46153846153846156	0.6895094357104761	Lee_2022_family	Lee_2022_family	1	Spain	United_Kingdom	0	Europe	Europe	1	mixed_ICI_including_combination	mixed_ICI_including_combination	1	nan	0.020000000000000018	2.4849066497880004	3.2188758248682006	2.2125872071199106	0.699237363642387	0.5968096276682744	0.0739697656840514
PRIMARY	elastic_net	Lee_Barcelona	Lee_PRIMM_NL	12	55	6	6	33	22	500	1.0246076956438827e-07	"{""C"": 0.2, ""l1_ratio"": 0.75}"	0.4380165289256199	0.28157713498622594	0.5833677685950414	500	0.6295010655339067	0.2552743995016467	0.43181818181818177	0.5454545454545454	0.3181818181818182	0.7037626221175213	Lee_2022_family	Lee_2022_family	1	Spain	Netherlands	0	Europe	Europe	1	mixed_ICI_including_combination	mixed_ICI_including_combination	1	nan	0.09999999999999998	2.4849066497880004	4.007333185232471	2.2654600312628763	0.7635200611439845	0.6434861265694625	0.0709798666941524
PRIMARY	elastic_net	Lee_Barcelona	Lee_PRIMM_UK	12	54	6	6	33	21	500	1.0246076956438827e-07	"{""C"": 0.2, ""l1_ratio"": 0.75}"	0.5512265512265513	0.38513708513708517	0.7043290043290044	500	0.6930941871124277	0.24433544649362174	0.5	0.6666666666666666	0.3333333333333333	0.6817523466997345	Lee_2022_family	Lee_2022_family	1	Spain	United_Kingdom	0	Europe	Europe	1	mixed_ICI_including_combination	mixed_ICI_including_combination	1	nan	0.11111111111111116	2.4849066497880004	3.9889840465642745	2.1906652798974484	0.6864949908918968	0.594816419606938	0.07321323591164862
PRIMARY	elastic_net	Lee_Barcelona	Matson_US	12	38	6	6	14	24	500	1.0246076956438827e-07	"{""C"": 0.2, ""l1_ratio"": 0.75}"	0.45535714285714285	0.25892857142857145	0.6744791666666664	500	0.4796595719934398	0.2641581399835484	0.47023809523809523	0.8571428571428571	0.08333333333333333	0.7215539759777864	Lee_2022_family	Matson_2018	0	Spain	United_States	0	Europe	North_America	0	mixed_ICI_including_combination	anti_PD1_only	0	nan	0.13157894736842107	2.4849066497880004	3.6375861597263857	1.9036925455120652	0.5117333886100498	0.4641582272842964	0.07052750924931375
PRIMARY	elastic_net	Lee_Barcelona	Spencer_US	12	97	6	6	71	26	500	1.0246076956438827e-07	"{""C"": 0.2, ""l1_ratio"": 0.75}"	0.4875406283856988	0.3575297941495124	0.6190547128927409	500	0.7156434236356329	0.24512564421330651	0.4815817984832069	0.7323943661971831	0.23076923076923078	0.683466552213408	Lee_2022_family	Spencer_2021	0	Spain	United_States	0	Europe	North_America	0	mixed_ICI_including_combination	anti_PD1_based_unspecified_mix	0	nan	0.2319587628865979	2.4849066497880004	4.574710978503383	1.391846202645219	0.4289819163420409	0.40151921943678875	0.059569784385690126
PRIMARY	elastic_net	Lee_Leeds	Frankel_US	18	39	10	8	24	15	500	1.0661815682701918e-07	"{""C"": 0.2, ""l1_ratio"": 0.75}"	0.38055555555555554	0.20409722222222224	0.5890277777777777	500	0.5362602682750525	0.2649882574430764	0.44166666666666665	0.75	0.13333333333333333	0.7253660050389247	Lee_2022_family	Frankel_2017	0	United_Kingdom	United_States	0	Europe	North_America	0	mixed_ICI_including_combination	mixed_ICI_including_combination	1	nan	0.05982905982905984	2.8903717578961645	3.6635616461296463	2.0000659164923533	0.43330674562958954	0.39824176658373817	0.06973855069093164
PRIMARY	elastic_net	Lee_Leeds	Gopalakrishnan_US	18	25	10	8	14	11	500	1.0661815682701918e-07	"{""C"": 0.2, ""l1_ratio"": 0.75}"	0.4805194805194805	0.24334415584415586	0.7272727272727273	500	0.625925380457667	0.26302312485081425	0.44805194805194803	0.7142857142857143	0.18181818181818182	0.7196620784144453	Lee_2022_family	Gopalakrishnan_2018	0	United_Kingdom	United_States	0	Europe	North_America	0	mixed_ICI_including_combination	anti_PD1_only	0	nan	0.004444444444444473	2.8903717578961645	3.2188758248682006	2.0440113218725884	0.6134426055677813	0.5216269539720565	0.08646107331821616
PRIMARY	elastic_net	Lee_Leeds	Lee_Barcelona	18	12	10	8	6	6	500	1.0661815682701918e-07	"{""C"": 0.2, ""l1_ratio"": 0.75}"	0.7777777777777779	0.4444444444444445	1.0	500	0.775	0.2186776322585731	0.5833333333333334	0.8333333333333334	0.3333333333333333	0.6300166075370265	Lee_2022_family	Lee_2022_family	1	United_Kingdom	Spain	0	Europe	Europe	1	mixed_ICI_including_combination	mixed_ICI_including_combination	1	nan	0.05555555555555558	2.8903717578961645	2.4849066497880004	1.900081845184206	0.5949875337870366	0.5175184809533883	0.0664525069286974
PRIMARY	elastic_net	Lee_Leeds	Lee_Manchester	18	25	10	8	12	13	500	1.0661815682701918e-07	"{""C"": 0.2, ""l1_ratio"": 0.75}"	0.49358974358974356	0.24999999999999997	0.7533653846153845	500	0.6277324668085539	0.2749481376724133	0.41025641025641024	0.6666666666666666	0.15384615384615385	0.7439721520066227	Lee_2022_family	Lee_2022_family	1	United_Kingdom	United_Kingdom	1	Europe	Europe	1	mixed_ICI_including_combination	mixed_ICI_including_combination	1	nan	0.0755555555555556	2.8903717578961645	3.2188758248682006	1.5545824937549038	0.47164689705627394	0.4330400701509546	0.05555555555555555
PRIMARY	elastic_net	Lee_Leeds	Lee_PRIMM_NL	18	55	10	8	33	22	500	1.0661815682701918e-07	"{""C"": 0.2, ""l1_ratio"": 0.75}"	0.45041322314049587	0.30086088154269974	0.6172176308539943	500	0.6195960077734268	0.2531613857464658	0.44696969696969696	0.6666666666666666	0.22727272727272727	0.6998376464127706	Lee_2022_family	Lee_2022_family	1	United_Kingdom	Netherlands	0	Europe	Europe	1	mixed_ICI_including_combination	mixed_ICI_including_combination	1	nan	0.0444444444444444	2.8903717578961645	4.007333185232471	1.5566246650097413	0.4778931549680615	0.43468033313280113	0.058371927895737426
PRIMARY	elastic_net	Lee_Leeds	Lee_PRIMM_UK	18	54	10	8	33	21	500	1.0661815682701918e-07	"{""C"": 0.2, ""l1_ratio"": 0.75}"	0.5266955266955268	0.3650793650793651	0.70494227994228	500	0.6546598556546986	0.2451547780795451	0.5367965367965368	0.7878787878787878	0.2857142857142857	0.6835968987195182	Lee_2022_family	Lee_2022_family	1	United_Kingdom	United_Kingdom	1	Europe	Europe	1	mixed_ICI_including_combination	mixed_ICI_including_combination	1	nan	0.05555555555555558	2.8903717578961645	3.9889840465642745	1.4223043524177503	0.4473893542658809	0.4113155539569585	0.05030654237003443
PRIMARY	elastic_net	Lee_Leeds	Matson_US	18	38	10	8	14	24	500	1.0661815682701918e-07	"{""C"": 0.2, ""l1_ratio"": 0.75}"	0.34523809523809523	0.17559523809523808	0.5253720238095236	500	0.2969085779915614	0.28627338304746847	0.43154761904761907	0.5714285714285714	0.2916666666666667	0.7687155819707877	Lee_2022_family	Matson_2018	0	United_Kingdom	United_States	0	Europe	North_America	0	mixed_ICI_including_combination	anti_PD1_only	0	nan	0.18713450292397665	2.8903717578961645	3.6375861597263857	1.9771596498918715	0.5811823747640369	0.49020061089929295	0.07011311347150946
PRIMARY	elastic_net	Lee_Leeds	Spencer_US	18	97	10	8	71	26	500	1.0661815682701918e-07	"{""C"": 0.2, ""l1_ratio"": 0.75}"	0.4756229685807151	0.3445287107258938	0.6062296858071505	500	0.7140041738463052	0.2391202316727982	0.5148970747562297	0.7605633802816901	0.2692307692307692	0.6712219273693655	Lee_2022_family	Spencer_2021	0	United_Kingdom	United_States	0	Europe	North_America	0	mixed_ICI_including_combination	anti_PD1_based_unspecified_mix	0	nan	0.1764032073310423	2.8903717578961645	4.574710978503383	1.8343999907642503	0.5462421632104126	0.47054562970191266	0.0711516832773583
PRIMARY	elastic_net	Lee_Manchester	Frankel_US	25	39	12	13	24	15	500	5.636676092699121e-08	"{""C"": 0.2, ""l1_ratio"": 0.75}"	0.4388888888888889	0.2596527777777778	0.6153472222222222	500	0.5795666148264343	0.2984657004641396	0.4375	0.20833333333333334	0.6666666666666666	0.8011850470345734	Lee_2022_family	Frankel_2017	0	United_Kingdom	United_States	0	Europe	North_America	0	mixed_ICI_including_combination	mixed_ICI_including_combination	1	nan	0.13538461538461544	3.2188758248682006	3.6635616461296463	2.0576633286376182	0.5284366611922444	0.4800730908319456	0.07087714402000117
PRIMARY	elastic_net	Lee_Manchester	Gopalakrishnan_US	25	25	12	13	14	11	500	5.636676092699121e-08	"{""C"": 0.2, ""l1_ratio"": 0.75}"	0.512987012987013	0.2597402597402597	0.7402597402597403	500	0.6063235056868597	0.2914243528824771	0.5	0.0	1.0	0.7863027068897286	Lee_2022_family	Gopalakrishnan_2018	0	United_Kingdom	United_States	0	Europe	North_America	0	mixed_ICI_including_combination	anti_PD1_only	0	nan	0.08000000000000007	3.2188758248682006	3.2188758248682006	2.156186223234672	0.7155554538377515	0.6032222163102883	0.08168707482993197
PRIMARY	elastic_net	Lee_Manchester	Lee_Barcelona	25	12	12	13	6	6	500	5.636676092699121e-08	"{""C"": 0.2, ""l1_ratio"": 0.75}"	0.2222222222222222	0.0	0.5423611111111105	500	0.40046296296296297	0.2901806203189555	0.4166666666666667	0.0	0.8333333333333334	0.776692342514692	Lee_2022_family	Lee_2022_family	1	United_Kingdom	Spain	0	Europe	Europe	1	mixed_ICI_including_combination	mixed_ICI_including_combination	1	nan	0.020000000000000018	3.2188758248682006	2.4849066497880004	2.2125872071199106	0.699237363642387	0.5968096276682744	0.0739697656840514
PRIMARY	elastic_net	Lee_Manchester	Lee_Leeds	25	18	12	13	10	8	500	5.636676092699121e-08	"{""C"": 0.2, ""l1_ratio"": 0.75}"	0.35	0.11249999999999999	0.65	500	0.5135513995808114	0.269129582711765	0.425	0.6	0.25	0.7322095519614416	Lee_2022_family	Lee_2022_family	1	United_Kingdom	United_Kingdom	1	Europe	Europe	1	mixed_ICI_including_combination	mixed_ICI_including_combination	1	nan	0.0755555555555556	3.2188758248682006	2.8903717578961645	1.5545824937549038	0.47164689705627394	0.4330400701509546	0.05555555555555555
PRIMARY	elastic_net	Lee_Manchester	Lee_PRIMM_NL	25	55	12	13	33	22	500	5.636676092699121e-08	"{""C"": 0.2, ""l1_ratio"": 0.75}"	0.5440771349862259	0.39256198347107435	0.6984159779614325	500	0.6238465674203959	0.25395432494236314	0.5378787878787878	0.6666666666666666	0.4090909090909091	0.7037667629440734	Lee_2022_family	Lee_2022_family	1	United_Kingdom	Netherlands	0	Europe	Europe	1	mixed_ICI_including_combination	mixed_ICI_including_combination	1	nan	0.12	3.2188758248682006	4.007333185232471	1.023240361097451	0.37225480323409776	0.3551927713469969	0.039582766439909295
PRIMARY	elastic_net	Lee_Manchester	Lee_PRIMM_UK	25	54	12	13	33	21	500	5.636676092699121e-08	"{""C"": 0.2, ""l1_ratio"": 0.75}"	0.6176046176046177	0.4609307359307359	0.766991341991342	500	0.7482333399752839	0.2368741051845513	0.5865800865800865	0.696969696969697	0.47619047619047616	0.6666049064308015	Lee_2022_family	Lee_2022_family	1	United_Kingdom	United_Kingdom	1	Europe	Europe	1	mixed_ICI_including_combination	mixed_ICI_including_combination	1	nan	0.13111111111111118	3.2188758248682006	3.9889840465642745	0.9138188960887204	0.3284935922301878	0.31756491921131447	0.036730326698580666
PRIMARY	elastic_net	Lee_Manchester	Matson_US	25	38	12	13	14	24	500	5.636676092699121e-08	"{""C"": 0.2, ""l1_ratio"": 0.75}"	0.4166666666666667	0.21726190476190474	0.6176339285714285	500	0.3533549720906588	0.2463138239205845	0.5089285714285714	0.14285714285714285	0.875	0.6864402982159895	Lee_2022_family	Matson_2018	0	United_Kingdom	United_States	0	Europe	North_America	0	mixed_ICI_including_combination	anti_PD1_only	0	nan	0.11157894736842106	3.2188758248682006	3.6375861597263857	2.0526455035056514	0.652012344550797	0.5576993360744268	0.06928177586824205
PRIMARY	elastic_net	Lee_Manchester	Spencer_US	25	97	12	13	71	26	500	5.636676092699121e-08	"{""C"": 0.2, ""l1_ratio"": 0.75}"	0.45828819068255683	0.32907638136511375	0.5948266522210184	500	0.7150204510610499	0.3211997660271553	0.4723726977248104	0.09859154929577464	0.8461538461538461	0.8425205594062427	Lee_2022_family	Spencer_2021	0	United_Kingdom	United_States	0	Europe	North_America	0	mixed_ICI_including_combination	anti_PD1_based_unspecified_mix	0	nan	0.2519587628865979	3.2188758248682006	4.574710978503383	1.9981247694722843	0.6634308562491238	0.5626092193735298	0.06764326624120438
PRIMARY	elastic_net	Lee_PRIMM_NL	Frankel_US	55	39	33	22	24	15	462	2.1269490829764473e-07	"{""C"": 0.2, ""l1_ratio"": 0.75}"	0.46388888888888885	0.27631944444444445	0.6765972222222221	500	0.5810940493543192	0.3292330876750769	0.5	0.3333333333333333	0.6666666666666666	0.8961147113570314	Lee_2022_family	Frankel_2017	0	Netherlands	United_States	0	Europe	North_America	0	mixed_ICI_including_combination	mixed_ICI_including_combination	1	nan	0.015384615384615441	4.007333185232471	3.6635616461296463	2.1537283003203482	0.5362672870971259	0.49418965792965314	0.07240103811532383
PRIMARY	elastic_net	Lee_PRIMM_NL	Gopalakrishnan_US	55	25	33	22	14	11	462	2.1269490829764473e-07	"{""C"": 0.2, ""l1_ratio"": 0.75}"	0.44805194805194803	0.23035714285714287	0.6787337662337661	500	0.6166875459011009	0.30525455502381094	0.4253246753246753	0.21428571428571427	0.6363636363636364	0.8321047322818965	Lee_2022_family	Gopalakrishnan_2018	0	Netherlands	United_States	0	Europe	North_America	0	mixed_ICI_including_combination	anti_PD1_only	0	0.22	0.039999999999999925	4.007333185232471	3.2188758248682006	2.1884513111812445	0.7745689314443972	0.6511689475893659	0.07338528138528139
PRIMARY	elastic_net	Lee_PRIMM_NL	Lee_Barcelona	55	12	33	22	6	6	462	2.1269490829764473e-07	"{""C"": 0.2, ""l1_ratio"": 0.75}"	0.5555555555555556	0.16666666666666666	1.0	500	0.6118686868686869	0.27035710887069514	0.6666666666666667	0.5	0.8333333333333334	0.7634474061211548	Lee_2022_family	Lee_2022_family	1	Netherlands	Spain	0	Europe	Europe	1	mixed_ICI_including_combination	mixed_ICI_including_combination	1	nan	0.09999999999999998	4.007333185232471	2.4849066497880004	2.2654600312628763	0.7635200611439845	0.6434861265694625	0.0709798666941524
PRIMARY	elastic_net	Lee_PRIMM_NL	Lee_Leeds	55	18	33	22	10	8	462	2.1269490829764473e-07	"{""C"": 0.2, ""l1_ratio"": 0.75}"	0.4875	0.2375	0.775	500	0.5864981750275868	0.28740535211762674	0.55	0.6	0.5	0.7863162469363547	Lee_2022_family	Lee_2022_family	1	Netherlands	United_Kingdom	0	Europe	Europe	1	mixed_ICI_including_combination	mixed_ICI_including_combination	1	nan	0.0444444444444444	4.007333185232471	2.8903717578961645	1.5566246650097413	0.4778931549680615	0.43468033313280113	0.058371927895737426
PRIMARY	elastic_net	Lee_PRIMM_NL	Lee_Manchester	55	25	33	22	12	13	462	2.1269490829764473e-07	"{""C"": 0.2, ""l1_ratio"": 0.75}"	0.3141025641025641	0.10897435897435895	0.5641025641025641	500	0.39405436496767765	0.33999864550254705	0.3653846153846154	0.5	0.23076923076923078	0.9033536775665969	Lee_2022_family	Lee_2022_family	1	Netherlands	United_Kingdom	0	Europe	Europe	1	mixed_ICI_including_combination	mixed_ICI_including_combination	1	nan	0.12	4.007333185232471	3.2188758248682006	1.023240361097451	0.37225480323409776	0.3551927713469969	0.039582766439909295
PRIMARY	elastic_net	Lee_PRIMM_NL	Lee_PRIMM_UK	55	54	33	22	33	21	462	2.1269490829764473e-07	"{""C"": 0.2, ""l1_ratio"": 0.75}"	0.56998556998557	0.41915584415584417	0.728030303030303	500	0.7064944495067518	0.25002631582541207	0.5021645021645021	0.5757575757575758	0.42857142857142855	0.6947619305499464	Lee_2022_family	Lee_2022_family	1	Netherlands	United_Kingdom	0	Europe	Europe	1	mixed_ICI_including_combination	mixed_ICI_including_combination	1	0.31000000000000005	0.011111111111111183	4.007333185232471	3.9889840465642745	0.979761610673823	0.2947752855170625	0.3098038865253837	0.039137100406941676
PRIMARY	elastic_net	Lee_PRIMM_NL	Matson_US	55	38	33	22	14	24	462	2.1269490829764473e-07	"{""C"": 0.2, ""l1_ratio"": 0.75}"	0.5595238095238095	0.3629464285714286	0.7338541666666665	500	0.41539797487577684	0.2446224501167709	0.5386904761904762	0.2857142857142857	0.7916666666666666	0.6873133229748615	Lee_2022_family	Matson_2018	0	Netherlands	United_States	0	Europe	North_America	0	mixed_ICI_including_combination	anti_PD1_only	0	0.22	0.23157894736842105	4.007333185232471	3.6375861597263857	2.151580063750936	0.7076207020813287	0.5984839380121251	0.06549751000878819
PRIMARY	elastic_net	Lee_PRIMM_NL	Spencer_US	55	97	33	22	71	26	462	2.1269490829764473e-07	"{""C"": 0.2, ""l1_ratio"": 0.75}"	0.5140845070422535	0.3802004333694475	0.6463163596966414	500	0.7665504634063219	0.33654470945206943	0.5197724810400867	0.15492957746478872	0.8846153846153846	0.8863602952076436	Lee_2022_family	Spencer_2021	0	Netherlands	United_States	0	Europe	North_America	0	mixed_ICI_including_combination	anti_PD1_based_unspecified_mix	0	nan	0.1319587628865979	4.007333185232471	4.574710978503383	2.056853303314237	0.710936693632596	0.6077592582922652	0.059407540585743816
PRIMARY	elastic_net	Lee_PRIMM_UK	Frankel_US	54	39	33	21	24	15	500	1.0701941407104337e-07	"{""C"": 0.2, ""l1_ratio"": 0.75}"	0.41388888888888886	0.24166666666666667	0.6166666666666667	500	0.5544910665483089	0.3714303691787468	0.4458333333333333	0.2916666666666667	0.6	1.0026926152865798	Lee_2022_family	Frankel_2017	0	United_Kingdom	United_States	0	Europe	North_America	0	mixed_ICI_including_combination	mixed_ICI_including_combination	1	nan	0.004273504273504258	3.9889840465642745	3.6635616461296463	1.822480321344653	0.5029369678988839	0.44529863877920617	0.06176134271372367
PRIMARY	elastic_net	Lee_PRIMM_UK	Gopalakrishnan_US	54	25	33	21	14	11	500	1.0701941407104337e-07	"{""C"": 0.2, ""l1_ratio"": 0.75}"	0.6168831168831168	0.3831168831168831	0.8280844155844154	500	0.6729590087783365	0.30405027696811227	0.5162337662337663	0.21428571428571427	0.8181818181818182	0.8350723396082238	Lee_2022_family	Gopalakrishnan_2018	0	United_Kingdom	United_States	0	Europe	North_America	0	mixed_ICI_including_combination	anti_PD1_only	0	0.53	0.05111111111111111	3.9889840465642745	3.2188758248682006	2.0629884886791996	0.7029774214674973	0.5924470851118022	0.07848122952884858
PRIMARY	elastic_net	Lee_PRIMM_UK	Lee_Barcelona	54	12	33	21	6	6	500	1.0701941407104337e-07	"{""C"": 0.2, ""l1_ratio"": 0.75}"	0.41666666666666663	0.08333333333333331	0.7645833333333327	500	0.6365740740740741	0.31681930873255265	0.3333333333333333	0.3333333333333333	0.3333333333333333	0.8436610568895309	Lee_2022_family	Lee_2022_family	1	United_Kingdom	Spain	0	Europe	Europe	1	mixed_ICI_including_combination	mixed_ICI_including_combination	1	nan	0.11111111111111116	3.9889840465642745	2.4849066497880004	2.1906652798974484	0.6864949908918968	0.594816419606938	0.07321323591164862
PRIMARY	elastic_net	Lee_PRIMM_UK	Lee_Leeds	54	18	33	21	10	8	500	1.0701941407104337e-07	"{""C"": 0.2, ""l1_ratio"": 0.75}"	0.7375	0.45	0.9625	500	0.7151037851037851	0.22055857538724333	0.625	0.5	0.75	0.6312376989279264	Lee_2022_family	Lee_2022_family	1	United_Kingdom	United_Kingdom	1	Europe	Europe	1	mixed_ICI_including_combination	mixed_ICI_including_combination	1	nan	0.05555555555555558	3.9889840465642745	2.8903717578961645	1.4223043524177503	0.4473893542658809	0.4113155539569585	0.05030654237003443
PRIMARY	elastic_net	Lee_PRIMM_UK	Lee_Manchester	54	25	33	21	12	13	500	1.0701941407104337e-07	"{""C"": 0.2, ""l1_ratio"": 0.75}"	0.3333333333333333	0.13124999999999998	0.5705128205128205	500	0.40535319834889094	0.35136265205739214	0.3685897435897436	0.5833333333333334	0.15384615384615385	0.9605689518874893	Lee_2022_family	Lee_2022_family	1	United_Kingdom	United_Kingdom	1	Europe	Europe	1	mixed_ICI_including_combination	mixed_ICI_including_combination	1	nan	0.13111111111111118	3.9889840465642745	3.2188758248682006	0.9138188960887204	0.3284935922301878	0.31756491921131447	0.036730326698580666
PRIMARY	elastic_net	Lee_PRIMM_UK	Lee_PRIMM_NL	54	55	33	21	33	22	500	1.0701941407104337e-07	"{""C"": 0.2, ""l1_ratio"": 0.75}"	0.6597796143250688	0.5184917355371901	0.7879476584022038	500	0.7379892695422365	0.22938675986342935	0.5909090909090909	0.7272727272727273	0.45454545454545453	0.654044708940966	Lee_2022_family	Lee_2022_family	1	United_Kingdom	Netherlands	0	Europe	Europe	1	mixed_ICI_including_combination	mixed_ICI_including_combination	1	0.31000000000000005	0.011111111111111183	3.9889840465642745	4.007333185232471	0.979761610673823	0.2947752855170625	0.3098038865253837	0.039137100406941676
PRIMARY	elastic_net	Lee_PRIMM_UK	Matson_US	54	38	33	21	14	24	500	1.0701941407104337e-07	"{""C"": 0.2, ""l1_ratio"": 0.75}"	0.5148809523809523	0.3139136904761905	0.7039434523809524	500	0.41648661067898196	0.2579976821949752	0.5327380952380952	0.35714285714285715	0.7083333333333334	0.730755303076386	Lee_2022_family	Matson_2018	0	United_Kingdom	United_States	0	Europe	North_America	0	mixed_ICI_including_combination	anti_PD1_only	0	0.53	0.24269005847953223	3.9889840465642745	3.6375861597263857	1.8534931918759978	0.6124204863537068	0.5259206807769226	0.06252182484429769
PRIMARY	elastic_net	Lee_PRIMM_UK	Spencer_US	54	97	33	21	71	26	500	1.0701941407104337e-07	"{""C"": 0.2, ""l1_ratio"": 0.75}"	0.5471289274106175	0.4141251354279523	0.6708017334777897	500	0.7824071205795045	0.3147293932047245	0.5029794149512459	0.352112676056338	0.6538461538461539	0.8541914064312064	Lee_2022_family	Spencer_2021	0	United_Kingdom	United_States	0	Europe	North_America	0	mixed_ICI_including_combination	anti_PD1_based_unspecified_mix	0	nan	0.12084765177548673	3.9889840465642745	4.574710978503383	1.8951555363130812	0.6409902283621296	0.5444864834515294	0.06305335421682991
PRIMARY	elastic_net	Matson_US	Frankel_US	38	39	14	24	24	15	432	1.0642079206855303e-07	"{""C"": 0.2, ""l1_ratio"": 0.75}"	0.5277777777777778	0.3359722222222222	0.7138888888888889	500	0.6452162560630326	0.33536694781683923	0.5375	0.20833333333333334	0.8666666666666667	0.9009432892620515	Matson_2018	Frankel_2017	0	United_States	United_States	1	North_America	North_America	1	anti_PD1_only	mixed_ICI_including_combination	0	nan	0.2469635627530365	3.6375861597263857	3.6635616461296463	1.0679491869084694	0.4539916266983753	0.38945877784631266	0.04694336574035822
PRIMARY	elastic_net	Matson_US	Gopalakrishnan_US	38	25	14	24	14	11	432	1.0642079206855303e-07	"{""C"": 0.2, ""l1_ratio"": 0.75}"	0.6688311688311688	0.4446428571428571	0.8831168831168832	500	0.7065608576886773	0.22238226948714132	0.6655844155844155	0.7857142857142857	0.5454545454545454	0.6340651401834644	Matson_2018	Gopalakrishnan_2018	0	United_States	United_States	1	North_America	North_America	1	anti_PD1_only	anti_PD1_only	1	0.0	0.19157894736842113	3.6375861597263857	3.2188758248682006	1.1378781135158458	0.32940473391192715	0.35644838628752057	0.0470108604845447
PRIMARY	elastic_net	Matson_US	Lee_Barcelona	38	12	14	24	6	6	432	1.0642079206855303e-07	"{""C"": 0.2, ""l1_ratio"": 0.75}"	0.3611111111111111	0.05555555555555556	0.6944444444444444	500	0.5455026455026455	0.30694000668385363	0.5	0.8333333333333334	0.16666666666666666	0.8163410453625503	Matson_2018	Lee_2022_family	0	United_States	Spain	0	North_America	Europe	0	anti_PD1_only	mixed_ICI_including_combination	0	nan	0.13157894736842107	3.6375861597263857	2.4849066497880004	1.9036925455120652	0.5117333886100498	0.4641582272842964	0.07052750924931375
PRIMARY	elastic_net	Matson_US	Lee_Leeds	38	18	14	24	10	8	432	1.0642079206855303e-07	"{""C"": 0.2, ""l1_ratio"": 0.75}"	0.7375	0.48749999999999993	0.9375	500	0.7906240981240981	0.22084836672563934	0.675	0.6	0.75	0.6308828711413305	Matson_2018	Lee_2022_family	0	United_States	United_Kingdom	0	North_America	Europe	0	anti_PD1_only	mixed_ICI_including_combination	0	nan	0.18713450292397665	3.6375861597263857	2.8903717578961645	1.9771596498918715	0.5811823747640369	0.49020061089929295	0.07011311347150946
PRIMARY	elastic_net	Matson_US	Lee_Manchester	38	25	14	24	12	13	432	1.0642079206855303e-07	"{""C"": 0.2, ""l1_ratio"": 0.75}"	0.34615384615384615	0.11201923076923076	0.5546474358974358	500	0.4423281318118274	0.32711241133035257	0.40384615384615385	0.5	0.3076923076923077	0.8720895884765494	Matson_2018	Lee_2022_family	0	United_States	United_Kingdom	0	North_America	Europe	0	anti_PD1_only	mixed_ICI_including_combination	0	nan	0.11157894736842106	3.6375861597263857	3.2188758248682006	2.0526455035056514	0.652012344550797	0.5576993360744268	0.06928177586824205
PRIMARY	elastic_net	Matson_US	Lee_PRIMM_NL	38	55	14	24	33	22	432	1.0642079206855303e-07	"{""C"": 0.2, ""l1_ratio"": 0.75}"	0.36914600550964183	0.20712809917355374	0.5390495867768591	500	0.5180867368418551	0.3127056478983295	0.5075757575757576	0.5151515151515151	0.5	0.8344750155644862	Matson_2018	Lee_2022_family	0	United_States	Netherlands	0	North_America	Europe	0	anti_PD1_only	mixed_ICI_including_combination	0	0.22	0.23157894736842105	3.6375861597263857	4.007333185232471	2.151580063750936	0.7076207020813287	0.5984839380121251	0.06549751000878819
PRIMARY	elastic_net	Matson_US	Lee_PRIMM_UK	38	54	14	24	33	21	432	1.0642079206855303e-07	"{""C"": 0.2, ""l1_ratio"": 0.75}"	0.49350649350649356	0.3296897546897547	0.6667388167388167	500	0.5712235801339689	0.32562000477245645	0.43073593073593075	0.24242424242424243	0.6190476190476191	0.8643167310813215	Matson_2018	Lee_2022_family	0	United_States	United_Kingdom	0	North_America	Europe	0	anti_PD1_only	mixed_ICI_including_combination	0	0.53	0.24269005847953223	3.6375861597263857	3.9889840465642745	1.8534931918759978	0.6124204863537068	0.5259206807769226	0.06252182484429769
PRIMARY	elastic_net	Matson_US	Spencer_US	38	97	14	24	71	26	432	1.0642079206855303e-07	"{""C"": 0.2, ""l1_ratio"": 0.75}"	0.47616468039003246	0.3290899241603467	0.6118770314192848	500	0.7383453944183336	0.27112226003493106	0.5124593716143012	0.5633802816901409	0.46153846153846156	0.7390269573036167	Matson_2018	Spencer_2021	0	United_States	United_States	1	North_America	North_America	1	anti_PD1_only	anti_PD1_based_unspecified_mix	0	nan	0.36353771025501896	3.6375861597263857	4.574710978503383	1.085571598218901	0.2896984855829794	0.3022554757028195	0.03619677568983824
PRIMARY	elastic_net	Spencer_US	Frankel_US	97	39	71	26	24	15	326	5.144767586148716e-07	"{""C"": 0.2, ""l1_ratio"": 0.75}"	0.44166666666666665	0.28319444444444447	0.6459027777777777	500	0.6483937589999029	0.302387808456899	0.475	0.75	0.2	0.8243947017735539	Spencer_2021	Frankel_2017	0	United_States	United_States	1	North_America	North_America	1	anti_PD1_based_unspecified_mix	mixed_ICI_including_combination	0	nan	0.11657414750198247	4.574710978503383	3.6635616461296463	1.37106100772541	0.4428438885729916	0.3915311991633044	0.059063371581780995
PRIMARY	elastic_net	Spencer_US	Gopalakrishnan_US	97	25	71	26	14	11	326	5.144767586148716e-07	"{""C"": 0.2, ""l1_ratio"": 0.75}"	0.4155844155844156	0.20438311688311692	0.6753246753246753	500	0.5647224647434731	0.3214055056427093	0.4025974025974026	0.7142857142857143	0.09090909090909091	0.872986344139286	Spencer_2021	Gopalakrishnan_2018	0	United_States	United_States	1	North_America	North_America	1	anti_PD1_based_unspecified_mix	anti_PD1_only	0	nan	0.17195876288659784	4.574710978503383	3.2188758248682006	0.8663222398807107	0.3242323634033718	0.32656385568073787	0.033931879280921985
PRIMARY	elastic_net	Spencer_US	Lee_Barcelona	97	12	71	26	6	6	326	5.144767586148716e-07	"{""C"": 0.2, ""l1_ratio"": 0.75}"	0.75	0.41666666666666663	1.0	500	0.8210678210678211	0.22649344250825057	0.6666666666666667	0.8333333333333334	0.5	0.6388934386603443	Spencer_2021	Lee_2022_family	0	United_States	Spain	0	North_America	Europe	0	anti_PD1_based_unspecified_mix	mixed_ICI_including_combination	0	nan	0.2319587628865979	4.574710978503383	2.4849066497880004	1.391846202645219	0.4289819163420409	0.40151921943678875	0.059569784385690126
PRIMARY	elastic_net	Spencer_US	Lee_Leeds	97	18	71	26	10	8	326	5.144767586148716e-07	"{""C"": 0.2, ""l1_ratio"": 0.75}"	0.55	0.25	0.8125000000000001	500	0.7105863499245851	0.27541582001295883	0.5375	0.2	0.875	0.7589564411972411	Spencer_2021	Lee_2022_family	0	United_States	United_Kingdom	0	North_America	Europe	0	anti_PD1_based_unspecified_mix	mixed_ICI_including_combination	0	nan	0.1764032073310423	4.574710978503383	2.8903717578961645	1.8343999907642503	0.5462421632104126	0.47054562970191266	0.0711516832773583
PRIMARY	elastic_net	Spencer_US	Lee_Manchester	97	25	71	26	12	13	326	5.144767586148716e-07	"{""C"": 0.2, ""l1_ratio"": 0.75}"	0.3269230769230769	0.1474358974358974	0.5418269230769229	500	0.4247062788432757	0.38948263966056906	0.35256410256410253	0.16666666666666666	0.5384615384615384	1.0862878358029104	Spencer_2021	Lee_2022_family	0	United_States	United_Kingdom	0	North_America	Europe	0	anti_PD1_based_unspecified_mix	mixed_ICI_including_combination	0	nan	0.2519587628865979	4.574710978503383	3.2188758248682006	1.9981247694722843	0.6634308562491238	0.5626092193735298	0.06764326624120438
PRIMARY	elastic_net	Spencer_US	Lee_PRIMM_NL	97	55	71	26	33	22	326	5.144767586148716e-07	"{""C"": 0.2, ""l1_ratio"": 0.75}"	0.5068870523415977	0.3574035812672176	0.6536157024793388	500	0.6558949360693397	0.3430094205129693	0.5303030303030303	0.24242424242424243	0.8181818181818182	0.9634417648665511	Spencer_2021	Lee_2022_family	0	United_States	Netherlands	0	North_America	Europe	0	anti_PD1_based_unspecified_mix	mixed_ICI_including_combination	0	nan	0.1319587628865979	4.574710978503383	4.007333185232471	2.056853303314237	0.710936693632596	0.6077592582922652	0.059407540585743816
PRIMARY	elastic_net	Spencer_US	Lee_PRIMM_UK	97	54	71	26	33	21	326	5.144767586148716e-07	"{""C"": 0.2, ""l1_ratio"": 0.75}"	0.4314574314574315	0.2863997113997114	0.5873015873015873	500	0.5826537913628914	0.3557287561912414	0.461038961038961	0.30303030303030304	0.6190476190476191	0.9832377282092017	Spencer_2021	Lee_2022_family	0	United_States	United_Kingdom	0	North_America	Europe	0	anti_PD1_based_unspecified_mix	mixed_ICI_including_combination	0	nan	0.12084765177548673	4.574710978503383	3.9889840465642745	1.8951555363130812	0.6409902283621296	0.5444864834515294	0.06305335421682991
PRIMARY	elastic_net	Spencer_US	Matson_US	97	38	71	26	14	24	326	5.144767586148716e-07	"{""C"": 0.2, ""l1_ratio"": 0.75}"	0.6041666666666666	0.4075892857142857	0.7783482142857142	500	0.48584910345003507	0.30807595278787625	0.5535714285714286	0.8571428571428571	0.25	0.8367977471397161	Spencer_2021	Matson_2018	0	United_States	United_States	1	North_America	North_America	1	anti_PD1_based_unspecified_mix	anti_PD1_only	0	nan	0.36353771025501896	4.574710978503383	3.6375861597263857	1.085571598218901	0.2896984855829794	0.3022554757028195	0.03619677568983824
PRIMARY	ridge	Frankel_US	Gopalakrishnan_US	39	25	24	15	14	11	500	1.6488298996136508e-07	"{""C"": 0.5}"	0.512987012987013	0.26931818181818185	0.756655844155844	500	0.5587723725853977	0.2712804805436165	0.6006493506493507	0.9285714285714286	0.2727272727272727	0.8131906403451018	Frankel_2017	Gopalakrishnan_2018	0	United_States	United_States	1	North_America	North_America	1	mixed_ICI_including_combination	anti_PD1_only	0	nan	0.055384615384615365	3.6635616461296463	3.2188758248682006	1.4601102198390727	0.5138555257100887	0.457773044074274	0.0727642304785162
PRIMARY	ridge	Frankel_US	Lee_Barcelona	39	12	24	15	6	6	500	1.6488298996136508e-07	"{""C"": 0.5}"	0.25	0.0	0.5833333333333334	500	0.43607503607503606	0.42213397462308827	0.25	0.5	0.0	1.1451029783035693	Frankel_2017	Lee_2022_family	0	United_States	Spain	0	North_America	Europe	0	mixed_ICI_including_combination	mixed_ICI_including_combination	1	nan	0.11538461538461542	3.6635616461296463	2.4849066497880004	2.148005799674066	0.5625705120362823	0.5030899391825384	0.08056573056573058
PRIMARY	ridge	Frankel_US	Lee_Leeds	39	18	24	15	10	8	500	1.6488298996136508e-07	"{""C"": 0.5}"	0.22500000000000003	0.037500000000000006	0.4690624999999997	500	0.43917438770379946	0.4310234707367453	0.3875	0.4	0.375	1.2267442747681654	Frankel_2017	Lee_2022_family	0	United_States	United_Kingdom	0	North_America	Europe	0	mixed_ICI_including_combination	mixed_ICI_including_combination	1	nan	0.05982905982905984	3.6635616461296463	2.8903717578961645	2.0000659164923533	0.43330674562958954	0.39824176658373817	0.06973855069093164
PRIMARY	ridge	Frankel_US	Lee_Manchester	39	25	24	15	12	13	500	1.6488298996136508e-07	"{""C"": 0.5}"	0.4807692307692307	0.2628205128205128	0.7051282051282052	500	0.4879959751241216	0.36142342042956194	0.5096153846153846	0.25	0.7692307692307693	1.0801091475824578	Frankel_2017	Lee_2022_family	0	United_States	United_Kingdom	0	North_America	Europe	0	mixed_ICI_including_combination	mixed_ICI_including_combination	1	nan	0.13538461538461544	3.6635616461296463	3.2188758248682006	2.0576633286376182	0.5284366611922444	0.4800730908319456	0.07087714402000117
PRIMARY	ridge	Frankel_US	Lee_PRIMM_NL	39	55	24	15	33	22	500	1.6488298996136508e-07	"{""C"": 0.5}"	0.5123966942148761	0.3477617079889807	0.659194214876033	500	0.5852759656009344	0.39753033899485535	0.4545454545454546	0.09090909090909091	0.8181818181818182	1.1574512672777861	Frankel_2017	Lee_2022_family	0	United_States	Netherlands	0	North_America	Europe	0	mixed_ICI_including_combination	mixed_ICI_including_combination	1	nan	0.015384615384615441	3.6635616461296463	4.007333185232471	2.1537283003203482	0.5362672870971259	0.49418965792965314	0.07240103811532383
PRIMARY	ridge	Frankel_US	Lee_PRIMM_UK	39	54	24	15	33	21	500	1.6488298996136508e-07	"{""C"": 0.5}"	0.5988455988455988	0.44354256854256857	0.7445887445887447	500	0.6960791489226683	0.3756665013693587	0.5584415584415584	0.21212121212121213	0.9047619047619048	1.139546647665359	Frankel_2017	Lee_2022_family	0	United_States	United_Kingdom	0	North_America	Europe	0	mixed_ICI_including_combination	mixed_ICI_including_combination	1	nan	0.004273504273504258	3.6635616461296463	3.9889840465642745	1.822480321344653	0.5029369678988839	0.44529863877920617	0.06176134271372367
PRIMARY	ridge	Frankel_US	Matson_US	39	38	24	15	14	24	500	1.6488298996136508e-07	"{""C"": 0.5}"	0.369047619047619	0.17857142857142855	0.5612351190476188	500	0.3191291900864546	0.4209056691609991	0.39583333333333337	0.5	0.2916666666666667	1.2669866938267325	Frankel_2017	Matson_2018	0	United_States	United_States	1	North_America	North_America	1	mixed_ICI_including_combination	anti_PD1_only	0	nan	0.2469635627530365	3.6635616461296463	3.6375861597263857	1.0679491869084694	0.4539916266983753	0.38945877784631266	0.04694336574035822
PRIMARY	ridge	Frankel_US	Spencer_US	39	97	24	15	71	26	500	1.6488298996136508e-07	"{""C"": 0.5}"	0.49024918743228607	0.37287378114842906	0.6154117009750812	500	0.7588884018946883	0.2885571856693804	0.4233477789815818	0.5774647887323944	0.2692307692307692	0.8297498187621882	Frankel_2017	Spencer_2021	0	United_States	United_States	1	North_America	North_America	1	mixed_ICI_including_combination	anti_PD1_based_unspecified_mix	0	nan	0.11657414750198247	3.6635616461296463	4.574710978503383	1.37106100772541	0.4428438885729916	0.3915311991633044	0.059063371581780995
PRIMARY	ridge	Gopalakrishnan_US	Frankel_US	25	39	14	11	24	15	386	2.5004030649745586e-07	"{""C"": 0.5}"	0.46944444444444444	0.28465277777777775	0.6444444444444445	500	0.6533005614477182	0.3703847558117925	0.5	0.3333333333333333	0.6666666666666666	1.0318011067967001	Gopalakrishnan_2018	Frankel_2017	0	United_States	United_States	1	North_America	North_America	1	anti_PD1_only	mixed_ICI_including_combination	0	nan	0.055384615384615365	3.2188758248682006	3.6635616461296463	1.4601102198390727	0.5138555257100887	0.457773044074274	0.0727642304785162
PRIMARY	ridge	Gopalakrishnan_US	Lee_Barcelona	25	12	14	11	6	6	386	2.5004030649745586e-07	"{""C"": 0.5}"	0.25	0.0	0.5833333333333334	500	0.41940836940836945	0.4273783470842374	0.3333333333333333	0.3333333333333333	0.3333333333333333	1.2853859101185101	Gopalakrishnan_2018	Lee_2022_family	0	United_States	Spain	0	North_America	Europe	0	anti_PD1_only	mixed_ICI_including_combination	0	nan	0.06000000000000005	3.2188758248682006	2.4849066497880004	1.7464261293987988	0.43864029899351553	0.4368346369614659	0.07725321239606954
PRIMARY	ridge	Gopalakrishnan_US	Lee_Leeds	25	18	14	11	10	8	386	2.5004030649745586e-07	"{""C"": 0.5}"	0.45	0.1875	0.7250000000000001	500	0.5900568385862504	0.33733342410273354	0.5875	0.8	0.375	1.0106253170939241	Gopalakrishnan_2018	Lee_2022_family	0	United_States	United_Kingdom	0	North_America	Europe	0	anti_PD1_only	mixed_ICI_including_combination	0	nan	0.004444444444444473	3.2188758248682006	2.8903717578961645	2.0440113218725884	0.6134426055677813	0.5216269539720565	0.08646107331821616
PRIMARY	ridge	Gopalakrishnan_US	Lee_Manchester	25	25	14	11	12	13	386	2.5004030649745586e-07	"{""C"": 0.5}"	0.5384615384615385	0.29791666666666666	0.7628205128205129	500	0.6336141685448456	0.3106621732096605	0.5288461538461539	0.75	0.3076923076923077	0.8532521738353737	Gopalakrishnan_2018	Lee_2022_family	0	United_States	United_Kingdom	0	North_America	Europe	0	anti_PD1_only	mixed_ICI_including_combination	0	nan	0.08000000000000007	3.2188758248682006	3.2188758248682006	2.156186223234672	0.7155554538377515	0.6032222163102883	0.08168707482993197
PRIMARY	ridge	Gopalakrishnan_US	Lee_PRIMM_NL	25	55	14	11	33	22	386	2.5004030649745586e-07	"{""C"": 0.5}"	0.6019283746556473	0.4586776859504132	0.7321280991735537	500	0.75358161951913	0.2794518344825308	0.48484848484848486	0.7878787878787878	0.18181818181818182	0.7669133541980906	Gopalakrishnan_2018	Lee_2022_family	0	United_States	Netherlands	0	North_America	Europe	0	anti_PD1_only	mixed_ICI_including_combination	0	0.22	0.039999999999999925	3.2188758248682006	4.007333185232471	2.1884513111812445	0.7745689314443972	0.6511689475893659	0.07338528138528139
PRIMARY	ridge	Gopalakrishnan_US	Lee_PRIMM_UK	25	54	14	11	33	21	386	2.5004030649745586e-07	"{""C"": 0.5}"	0.673881673881674	0.4910173160173161	0.8210678210678211	500	0.7367248016924639	0.21915661839463635	0.632034632034632	0.7878787878787878	0.47619047619047616	0.6457323745766973	Gopalakrishnan_2018	Lee_2022_family	0	United_States	United_Kingdom	0	North_America	Europe	0	anti_PD1_only	mixed_ICI_including_combination	0	0.53	0.05111111111111111	3.2188758248682006	3.9889840465642745	2.0629884886791996	0.7029774214674973	0.5924470851118022	0.07848122952884858
PRIMARY	ridge	Gopalakrishnan_US	Matson_US	25	38	14	11	14	24	386	2.5004030649745586e-07	"{""C"": 0.5}"	0.4791666666666667	0.30186011904761906	0.683110119047619	500	0.387483097305908	0.3044173104124931	0.49702380952380953	0.2857142857142857	0.7083333333333334	0.9124618958289425	Gopalakrishnan_2018	Matson_2018	0	United_States	United_States	1	North_America	North_America	1	anti_PD1_only	anti_PD1_only	1	0.0	0.19157894736842113	3.2188758248682006	3.6375861597263857	1.1378781135158458	0.32940473391192715	0.35644838628752057	0.0470108604845447
PRIMARY	ridge	Gopalakrishnan_US	Spencer_US	25	97	14	11	71	26	386	2.5004030649745586e-07	"{""C"": 0.5}"	0.4257854821235103	0.3144501625135428	0.5707340195016251	500	0.7150753811910922	0.34724797972838306	0.4368905742145179	0.4507042253521127	0.4230769230769231	0.9579717409361395	Gopalakrishnan_2018	Spencer_2021	0	United_States	United_States	1	North_America	North_America	1	anti_PD1_only	anti_PD1_based_unspecified_mix	0	nan	0.17195876288659784	3.2188758248682006	4.574710978503383	0.8663222398807107	0.3242323634033718	0.32656385568073787	0.033931879280921985
PRIMARY	ridge	Lee_Barcelona	Frankel_US	12	39	6	6	24	15	500	1.0246076956438827e-07	"{""C"": 0.5}"	0.4388888888888889	0.2596527777777778	0.6570138888888888	500	0.6125331931130746	0.2995255574075518	0.5041666666666667	0.875	0.13333333333333333	0.8845402543731813	Lee_2022_family	Frankel_2017	0	Spain	United_States	0	Europe	North_America	0	mixed_ICI_including_combination	mixed_ICI_including_combination	1	nan	0.11538461538461542	2.4849066497880004	3.6635616461296463	2.148005799674066	0.5625705120362823	0.5030899391825384	0.08056573056573058
PRIMARY	ridge	Lee_Barcelona	Gopalakrishnan_US	12	25	6	6	14	11	500	1.0246076956438827e-07	"{""C"": 0.5}"	0.2272727272727273	0.05844155844155847	0.45795454545454534	500	0.43156294827650327	0.3984751512178384	0.4025974025974026	0.7142857142857143	0.09090909090909091	1.1099304596651354	Lee_2022_family	Gopalakrishnan_2018	0	Spain	United_States	0	Europe	North_America	0	mixed_ICI_including_combination	anti_PD1_only	0	nan	0.06000000000000005	2.4849066497880004	3.2188758248682006	1.7464261293987988	0.43864029899351553	0.4368346369614659	0.07725321239606954
PRIMARY	ridge	Lee_Barcelona	Lee_Leeds	12	18	6	6	10	8	500	1.0246076956438827e-07	"{""C"": 0.5}"	0.625	0.3375	0.875	500	0.7089194139194139	0.2454135917490435	0.625	0.5	0.75	0.6763150852412947	Lee_2022_family	Lee_2022_family	1	Spain	United_Kingdom	0	Europe	Europe	1	mixed_ICI_including_combination	mixed_ICI_including_combination	1	nan	0.05555555555555558	2.4849066497880004	2.8903717578961645	1.900081845184206	0.5949875337870366	0.5175184809533883	0.0664525069286974
PRIMARY	ridge	Lee_Barcelona	Lee_Manchester	12	25	6	6	12	13	500	1.0246076956438827e-07	"{""C"": 0.5}"	0.4423076923076923	0.21458333333333332	0.6764423076923075	500	0.4409341024472604	0.33681484392951694	0.4807692307692308	0.5	0.46153846153846156	0.9197075371537744	Lee_2022_family	Lee_2022_family	1	Spain	United_Kingdom	0	Europe	Europe	1	mixed_ICI_including_combination	mixed_ICI_including_combination	1	nan	0.020000000000000018	2.4849066497880004	3.2188758248682006	2.2125872071199106	0.699237363642387	0.5968096276682744	0.0739697656840514
PRIMARY	ridge	Lee_Barcelona	Lee_PRIMM_NL	12	55	6	6	33	22	500	1.0246076956438827e-07	"{""C"": 0.5}"	0.40633608815427	0.25960743801652897	0.5799586776859503	500	0.5794696516436234	0.3440507058406613	0.3939393939393939	0.3333333333333333	0.45454545454545453	0.9199211594446199	Lee_2022_family	Lee_2022_family	1	Spain	Netherlands	0	Europe	Europe	1	mixed_ICI_including_combination	mixed_ICI_including_combination	1	nan	0.09999999999999998	2.4849066497880004	4.007333185232471	2.2654600312628763	0.7635200611439845	0.6434861265694625	0.0709798666941524
PRIMARY	ridge	Lee_Barcelona	Lee_PRIMM_UK	12	54	6	6	33	21	500	1.0246076956438827e-07	"{""C"": 0.5}"	0.3982683982683982	0.251010101010101	0.5455988455988455	500	0.5546179518892529	0.3272415732711403	0.4069264069264069	0.5757575757575758	0.23809523809523808	0.8968401416252368	Lee_2022_family	Lee_2022_family	1	Spain	United_Kingdom	0	Europe	Europe	1	mixed_ICI_including_combination	mixed_ICI_including_combination	1	nan	0.11111111111111116	2.4849066497880004	3.9889840465642745	2.1906652798974484	0.6864949908918968	0.594816419606938	0.07321323591164862
PRIMARY	ridge	Lee_Barcelona	Matson_US	12	38	6	6	14	24	500	1.0246076956438827e-07	"{""C"": 0.5}"	0.39880952380952384	0.21116071428571428	0.608705357142857	500	0.3279516499158337	0.4761544603617393	0.37797619047619047	0.7142857142857143	0.041666666666666664	1.3799545269375546	Lee_2022_family	Matson_2018	0	Spain	United_States	0	Europe	North_America	0	mixed_ICI_including_combination	anti_PD1_only	0	nan	0.13157894736842107	2.4849066497880004	3.6375861597263857	1.9036925455120652	0.5117333886100498	0.4641582272842964	0.07052750924931375
PRIMARY	ridge	Lee_Barcelona	Spencer_US	12	97	6	6	71	26	500	1.0246076956438827e-07	"{""C"": 0.5}"	0.5557963163596966	0.416522210184182	0.6736321776814735	500	0.8018273509458655	0.23490603438673943	0.5238353196099675	0.8169014084507042	0.23076923076923078	0.6691870789591556	Lee_2022_family	Spencer_2021	0	Spain	United_States	0	Europe	North_America	0	mixed_ICI_including_combination	anti_PD1_based_unspecified_mix	0	nan	0.2319587628865979	2.4849066497880004	4.574710978503383	1.391846202645219	0.4289819163420409	0.40151921943678875	0.059569784385690126
PRIMARY	ridge	Lee_Leeds	Frankel_US	18	39	10	8	24	15	500	1.0661815682701918e-07	"{""C"": 0.5}"	0.39722222222222225	0.2179861111111111	0.5820138888888888	500	0.5616035235719032	0.34751304239172487	0.4125	0.625	0.2	1.0225724190984151	Lee_2022_family	Frankel_2017	0	United_Kingdom	United_States	0	Europe	North_America	0	mixed_ICI_including_combination	mixed_ICI_including_combination	1	nan	0.05982905982905984	2.8903717578961645	3.6635616461296463	2.0000659164923533	0.43330674562958954	0.39824176658373817	0.06973855069093164
PRIMARY	ridge	Lee_Leeds	Gopalakrishnan_US	18	25	10	8	14	11	500	1.0661815682701918e-07	"{""C"": 0.5}"	0.4025974025974026	0.17191558441558444	0.6493506493506493	500	0.6062728770437941	0.3921135817280044	0.3668831168831169	0.6428571428571429	0.09090909090909091	1.2026044967221328	Lee_2022_family	Gopalakrishnan_2018	0	United_Kingdom	United_States	0	Europe	North_America	0	mixed_ICI_including_combination	anti_PD1_only	0	nan	0.004444444444444473	2.8903717578961645	3.2188758248682006	2.0440113218725884	0.6134426055677813	0.5216269539720565	0.08646107331821616
PRIMARY	ridge	Lee_Leeds	Lee_Barcelona	18	12	10	8	6	6	500	1.0661815682701918e-07	"{""C"": 0.5}"	0.6666666666666667	0.3055555555555556	1.0	500	0.607936507936508	0.22889521606516686	0.75	0.8333333333333334	0.6666666666666666	0.7138522862739518	Lee_2022_family	Lee_2022_family	1	United_Kingdom	Spain	0	Europe	Europe	1	mixed_ICI_including_combination	mixed_ICI_including_combination	1	nan	0.05555555555555558	2.8903717578961645	2.4849066497880004	1.900081845184206	0.5949875337870366	0.5175184809533883	0.0664525069286974
PRIMARY	ridge	Lee_Leeds	Lee_Manchester	18	25	10	8	12	13	500	1.0661815682701918e-07	"{""C"": 0.5}"	0.2948717948717948	0.09919871794871793	0.5225961538461537	500	0.3832430563122783	0.39186562857093316	0.3205128205128205	0.3333333333333333	0.3076923076923077	1.055123962334248	Lee_2022_family	Lee_2022_family	1	United_Kingdom	United_Kingdom	1	Europe	Europe	1	mixed_ICI_including_combination	mixed_ICI_including_combination	1	nan	0.0755555555555556	2.8903717578961645	3.2188758248682006	1.5545824937549038	0.47164689705627394	0.4330400701509546	0.05555555555555555
PRIMARY	ridge	Lee_Leeds	Lee_PRIMM_NL	18	55	10	8	33	22	500	1.0661815682701918e-07	"{""C"": 0.5}"	0.4944903581267218	0.3339187327823691	0.652961432506887	500	0.5955850198179058	0.31519189715531143	0.5227272727272727	0.5454545454545454	0.5	0.9111809746097888	Lee_2022_family	Lee_2022_family	1	United_Kingdom	Netherlands	0	Europe	Europe	1	mixed_ICI_including_combination	mixed_ICI_including_combination	1	nan	0.0444444444444444	2.8903717578961645	4.007333185232471	1.5566246650097413	0.4778931549680615	0.43468033313280113	0.058371927895737426
PRIMARY	ridge	Lee_Leeds	Lee_PRIMM_UK	18	54	10	8	33	21	500	1.0661815682701918e-07	"{""C"": 0.5}"	0.4862914862914863	0.3301587301587302	0.6630952380952381	500	0.5866988809621183	0.3303542132979146	0.5281385281385281	0.48484848484848486	0.5714285714285714	0.9639833269367544	Lee_2022_family	Lee_2022_family	1	United_Kingdom	United_Kingdom	1	Europe	Europe	1	mixed_ICI_including_combination	mixed_ICI_including_combination	1	nan	0.05555555555555558	2.8903717578961645	3.9889840465642745	1.4223043524177503	0.4473893542658809	0.4113155539569585	0.05030654237003443
PRIMARY	ridge	Lee_Leeds	Matson_US	18	38	10	8	14	24	500	1.0661815682701918e-07	"{""C"": 0.5}"	0.47916666666666663	0.2454613095238095	0.7039434523809524	500	0.5104358477534063	0.4571767192234139	0.3482142857142857	0.5714285714285714	0.125	1.2809110982378455	Lee_2022_family	Matson_2018	0	United_Kingdom	United_States	0	Europe	North_America	0	mixed_ICI_including_combination	anti_PD1_only	0	nan	0.18713450292397665	2.8903717578961645	3.6375861597263857	1.9771596498918715	0.5811823747640369	0.49020061089929295	0.07011311347150946
PRIMARY	ridge	Lee_Leeds	Spencer_US	18	97	10	8	71	26	500	1.0661815682701918e-07	"{""C"": 0.5}"	0.5308775731310943	0.40947995666305526	0.6492822318526543	500	0.7577329793422909	0.24569870760143783	0.4398699891657638	0.8028169014084507	0.07692307692307693	0.7191840263409036	Lee_2022_family	Spencer_2021	0	United_Kingdom	United_States	0	Europe	North_America	0	mixed_ICI_including_combination	anti_PD1_based_unspecified_mix	0	nan	0.1764032073310423	2.8903717578961645	4.574710978503383	1.8343999907642503	0.5462421632104126	0.47054562970191266	0.0711516832773583
PRIMARY	ridge	Lee_Manchester	Frankel_US	25	39	12	13	24	15	500	5.636676092699121e-08	"{""C"": 0.5}"	0.5138888888888888	0.3179861111111111	0.7070138888888888	500	0.6818540506041374	0.32087968681384055	0.4708333333333333	0.5416666666666666	0.4	0.9064005016269834	Lee_2022_family	Frankel_2017	0	United_Kingdom	United_States	0	Europe	North_America	0	mixed_ICI_including_combination	mixed_ICI_including_combination	1	nan	0.13538461538461544	3.2188758248682006	3.6635616461296463	2.0576633286376182	0.5284366611922444	0.4800730908319456	0.07087714402000117
PRIMARY	ridge	Lee_Manchester	Gopalakrishnan_US	25	25	12	13	14	11	500	5.636676092699121e-08	"{""C"": 0.5}"	0.6103896103896104	0.3701298701298701	0.8116883116883117	500	0.6689699892748274	0.33847130750437626	0.525974025974026	0.14285714285714285	0.9090909090909091	0.9318623650835459	Lee_2022_family	Gopalakrishnan_2018	0	United_Kingdom	United_States	0	Europe	North_America	0	mixed_ICI_including_combination	anti_PD1_only	0	nan	0.08000000000000007	3.2188758248682006	3.2188758248682006	2.156186223234672	0.7155554538377515	0.6032222163102883	0.08168707482993197
PRIMARY	ridge	Lee_Manchester	Lee_Barcelona	25	12	12	13	6	6	500	5.636676092699121e-08	"{""C"": 0.5}"	0.36111111111111105	0.04097222222222225	0.7222222222222223	500	0.5734427609427609	0.3665867684092406	0.41666666666666663	0.3333333333333333	0.5	1.061347696127408	Lee_2022_family	Lee_2022_family	1	United_Kingdom	Spain	0	Europe	Europe	1	mixed_ICI_including_combination	mixed_ICI_including_combination	1	nan	0.020000000000000018	3.2188758248682006	2.4849066497880004	2.2125872071199106	0.699237363642387	0.5968096276682744	0.0739697656840514
PRIMARY	ridge	Lee_Manchester	Lee_Leeds	25	18	12	13	10	8	500	5.636676092699121e-08	"{""C"": 0.5}"	0.225	0.037500000000000006	0.47500000000000003	500	0.4356179441473559	0.42073804987710284	0.325	0.4	0.25	1.1591851043124892	Lee_2022_family	Lee_2022_family	1	United_Kingdom	United_Kingdom	1	Europe	Europe	1	mixed_ICI_including_combination	mixed_ICI_including_combination	1	nan	0.0755555555555556	3.2188758248682006	2.8903717578961645	1.5545824937549038	0.47164689705627394	0.4330400701509546	0.05555555555555555
PRIMARY	ridge	Lee_Manchester	Lee_PRIMM_NL	25	55	12	13	33	22	500	5.636676092699121e-08	"{""C"": 0.5}"	0.5123966942148761	0.37052341597796146	0.6652892561983471	500	0.6085528194895701	0.2958142319788375	0.5151515151515151	0.6666666666666666	0.36363636363636365	0.847603550951284	Lee_2022_family	Lee_2022_family	1	United_Kingdom	Netherlands	0	Europe	Europe	1	mixed_ICI_including_combination	mixed_ICI_including_combination	1	nan	0.12	3.2188758248682006	4.007333185232471	1.023240361097451	0.37225480323409776	0.3551927713469969	0.039582766439909295
PRIMARY	ridge	Lee_Manchester	Lee_PRIMM_UK	25	54	12	13	33	21	500	5.636676092699121e-08	"{""C"": 0.5}"	0.5252525252525253	0.3664502164502164	0.6854978354978355	500	0.6585876050680798	0.3024341101386773	0.49567099567099565	0.5151515151515151	0.47619047619047616	0.8319280841836151	Lee_2022_family	Lee_2022_family	1	United_Kingdom	United_Kingdom	1	Europe	Europe	1	mixed_ICI_including_combination	mixed_ICI_including_combination	1	nan	0.13111111111111118	3.2188758248682006	3.9889840465642745	0.9138188960887204	0.3284935922301878	0.31756491921131447	0.036730326698580666
PRIMARY	ridge	Lee_Manchester	Matson_US	25	38	12	13	14	24	500	5.636676092699121e-08	"{""C"": 0.5}"	0.48511904761904756	0.2766369047619048	0.6726190476190477	500	0.4118850054917519	0.2877579835224677	0.49702380952380953	0.2857142857142857	0.7083333333333334	0.8028166431653032	Lee_2022_family	Matson_2018	0	United_Kingdom	United_States	0	Europe	North_America	0	mixed_ICI_including_combination	anti_PD1_only	0	nan	0.11157894736842106	3.2188758248682006	3.6375861597263857	2.0526455035056514	0.652012344550797	0.5576993360744268	0.06928177586824205
PRIMARY	ridge	Lee_Manchester	Spencer_US	25	97	12	13	71	26	500	5.636676092699121e-08	"{""C"": 0.5}"	0.43174431202600216	0.29925514626218847	0.5702735644637053	500	0.6784051427728102	0.44203965354731906	0.488353196099675	0.16901408450704225	0.8076923076923077	1.2375282707189081	Lee_2022_family	Spencer_2021	0	United_Kingdom	United_States	0	Europe	North_America	0	mixed_ICI_including_combination	anti_PD1_based_unspecified_mix	0	nan	0.2519587628865979	3.2188758248682006	4.574710978503383	1.9981247694722843	0.6634308562491238	0.5626092193735298	0.06764326624120438
PRIMARY	ridge	Lee_PRIMM_NL	Frankel_US	55	39	33	22	24	15	462	2.1269490829764473e-07	"{""C"": 0.5}"	0.47777777777777775	0.2916666666666667	0.6514583333333333	500	0.6672209033968083	0.3727580901743274	0.4666666666666667	0.3333333333333333	0.6	1.0894951062213591	Lee_2022_family	Frankel_2017	0	Netherlands	United_States	0	Europe	North_America	0	mixed_ICI_including_combination	mixed_ICI_including_combination	1	nan	0.015384615384615441	4.007333185232471	3.6635616461296463	2.1537283003203482	0.5362672870971259	0.49418965792965314	0.07240103811532383
PRIMARY	ridge	Lee_PRIMM_NL	Gopalakrishnan_US	55	25	33	22	14	11	462	2.1269490829764473e-07	"{""C"": 0.5}"	0.4545454545454546	0.23376623376623376	0.7112012987012986	500	0.5524641372393906	0.3540506381062068	0.461038961038961	0.2857142857142857	0.6363636363636364	1.0468024207850082	Lee_2022_family	Gopalakrishnan_2018	0	Netherlands	United_States	0	Europe	North_America	0	mixed_ICI_including_combination	anti_PD1_only	0	0.22	0.039999999999999925	4.007333185232471	3.2188758248682006	2.1884513111812445	0.7745689314443972	0.6511689475893659	0.07338528138528139
PRIMARY	ridge	Lee_PRIMM_NL	Lee_Barcelona	55	12	33	22	6	6	462	2.1269490829764473e-07	"{""C"": 0.5}"	0.5	0.16666666666666666	0.8333333333333335	500	0.6757575757575757	0.3163213975732868	0.5833333333333334	0.3333333333333333	0.8333333333333334	1.1415521503177264	Lee_2022_family	Lee_2022_family	1	Netherlands	Spain	0	Europe	Europe	1	mixed_ICI_including_combination	mixed_ICI_including_combination	1	nan	0.09999999999999998	4.007333185232471	2.4849066497880004	2.2654600312628763	0.7635200611439845	0.6434861265694625	0.0709798666941524
PRIMARY	ridge	Lee_PRIMM_NL	Lee_Leeds	55	18	33	22	10	8	462	2.1269490829764473e-07	"{""C"": 0.5}"	0.4375	0.1559375	0.7375	500	0.5187014292896646	0.3792014975899162	0.5	0.5	0.5	1.2018400744516426	Lee_2022_family	Lee_2022_family	1	Netherlands	United_Kingdom	0	Europe	Europe	1	mixed_ICI_including_combination	mixed_ICI_including_combination	1	nan	0.0444444444444444	4.007333185232471	2.8903717578961645	1.5566246650097413	0.4778931549680615	0.43468033313280113	0.058371927895737426
PRIMARY	ridge	Lee_PRIMM_NL	Lee_Manchester	55	25	33	22	12	13	462	2.1269490829764473e-07	"{""C"": 0.5}"	0.36538461538461536	0.141025641025641	0.5995192307692305	500	0.4071196207902864	0.3855186508609211	0.40064102564102566	0.4166666666666667	0.38461538461538464	1.0738676206645144	Lee_2022_family	Lee_2022_family	1	Netherlands	United_Kingdom	0	Europe	Europe	1	mixed_ICI_including_combination	mixed_ICI_including_combination	1	nan	0.12	4.007333185232471	3.2188758248682006	1.023240361097451	0.37225480323409776	0.3551927713469969	0.039582766439909295
PRIMARY	ridge	Lee_PRIMM_NL	Lee_PRIMM_UK	55	54	33	22	33	21	462	2.1269490829764473e-07	"{""C"": 0.5}"	0.6825396825396826	0.523051948051948	0.8197691197691197	500	0.7604215207258909	0.23447647634432267	0.6190476190476191	0.6666666666666666	0.5714285714285714	0.7334208059729788	Lee_2022_family	Lee_2022_family	1	Netherlands	United_Kingdom	0	Europe	Europe	1	mixed_ICI_including_combination	mixed_ICI_including_combination	1	0.31000000000000005	0.011111111111111183	4.007333185232471	3.9889840465642745	0.979761610673823	0.2947752855170625	0.3098038865253837	0.039137100406941676
PRIMARY	ridge	Lee_PRIMM_NL	Matson_US	55	38	33	22	14	24	462	2.1269490829764473e-07	"{""C"": 0.5}"	0.5386904761904762	0.36607142857142855	0.7247767857142856	500	0.4322133189744027	0.27073527861713137	0.5327380952380952	0.35714285714285715	0.7083333333333334	0.7592428060201505	Lee_2022_family	Matson_2018	0	Netherlands	United_States	0	Europe	North_America	0	mixed_ICI_including_combination	anti_PD1_only	0	0.22	0.23157894736842105	4.007333185232471	3.6375861597263857	2.151580063750936	0.7076207020813287	0.5984839380121251	0.06549751000878819
PRIMARY	ridge	Lee_PRIMM_NL	Spencer_US	55	97	33	22	71	26	462	2.1269490829764473e-07	"{""C"": 0.5}"	0.5292524377031419	0.3994989165763813	0.6668472372697725	500	0.7516367662840324	0.42687112324773113	0.5357529794149513	0.22535211267605634	0.8461538461538461	1.2414341998985032	Lee_2022_family	Spencer_2021	0	Netherlands	United_States	0	Europe	North_America	0	mixed_ICI_including_combination	anti_PD1_based_unspecified_mix	0	nan	0.1319587628865979	4.007333185232471	4.574710978503383	2.056853303314237	0.710936693632596	0.6077592582922652	0.059407540585743816
PRIMARY	ridge	Lee_PRIMM_UK	Frankel_US	54	39	33	21	24	15	500	1.0701941407104337e-07	"{""C"": 0.5}"	0.5166666666666667	0.3222222222222222	0.7001388888888888	500	0.6599279775931387	0.3956822527180824	0.5458333333333334	0.2916666666666667	0.8	1.1839762960975273	Lee_2022_family	Frankel_2017	0	United_Kingdom	United_States	0	Europe	North_America	0	mixed_ICI_including_combination	mixed_ICI_including_combination	1	nan	0.004273504273504258	3.9889840465642745	3.6635616461296463	1.822480321344653	0.5029369678988839	0.44529863877920617	0.06176134271372367
PRIMARY	ridge	Lee_PRIMM_UK	Gopalakrishnan_US	54	25	33	21	14	11	500	1.0701941407104337e-07	"{""C"": 0.5}"	0.7337662337662336	0.4866883116883117	0.922077922077922	500	0.7733111503097129	0.30892167290522066	0.5616883116883117	0.21428571428571427	0.9090909090909091	0.8324069413851088	Lee_2022_family	Gopalakrishnan_2018	0	United_Kingdom	United_States	0	Europe	North_America	0	mixed_ICI_including_combination	anti_PD1_only	0	0.53	0.05111111111111111	3.9889840465642745	3.2188758248682006	2.0629884886791996	0.7029774214674973	0.5924470851118022	0.07848122952884858
PRIMARY	ridge	Lee_PRIMM_UK	Lee_Barcelona	54	12	33	21	6	6	500	1.0701941407104337e-07	"{""C"": 0.5}"	0.3611111111111111	0.0	0.7222222222222223	500	0.574963924963925	0.37026934359759905	0.41666666666666663	0.5	0.3333333333333333	1.0171739738798127	Lee_2022_family	Lee_2022_family	1	United_Kingdom	Spain	0	Europe	Europe	1	mixed_ICI_including_combination	mixed_ICI_including_combination	1	nan	0.11111111111111116	3.9889840465642745	2.4849066497880004	2.1906652798974484	0.6864949908918968	0.594816419606938	0.07321323591164862
PRIMARY	ridge	Lee_PRIMM_UK	Lee_Leeds	54	18	33	21	10	8	500	1.0701941407104337e-07	"{""C"": 0.5}"	0.575	0.2875	0.8131249999999994	500	0.7120681605975723	0.31679047974156266	0.4875	0.6	0.375	1.0485133656402157	Lee_2022_family	Lee_2022_family	1	United_Kingdom	United_Kingdom	1	Europe	Europe	1	mixed_ICI_including_combination	mixed_ICI_including_combination	1	nan	0.05555555555555558	3.9889840465642745	2.8903717578961645	1.4223043524177503	0.4473893542658809	0.4113155539569585	0.05030654237003443
PRIMARY	ridge	Lee_PRIMM_UK	Lee_Manchester	54	25	33	21	12	13	500	1.0701941407104337e-07	"{""C"": 0.5}"	0.5897435897435896	0.3620192307692308	0.8205128205128205	500	0.5181862484494064	0.32452366156922424	0.6153846153846154	1.0	0.23076923076923078	1.1596342041111598	Lee_2022_family	Lee_2022_family	1	United_Kingdom	United_Kingdom	1	Europe	Europe	1	mixed_ICI_including_combination	mixed_ICI_including_combination	1	nan	0.13111111111111118	3.9889840465642745	3.2188758248682006	0.9138188960887204	0.3284935922301878	0.31756491921131447	0.036730326698580666
PRIMARY	ridge	Lee_PRIMM_UK	Lee_PRIMM_NL	54	55	33	21	33	22	500	1.0701941407104337e-07	"{""C"": 0.5}"	0.5826446280991735	0.4386707988980716	0.7350895316804406	500	0.7605838533941693	0.3043470994867788	0.5454545454545454	0.6363636363636364	0.45454545454545453	0.8529740728652183	Lee_2022_family	Lee_2022_family	1	United_Kingdom	Netherlands	0	Europe	Europe	1	mixed_ICI_including_combination	mixed_ICI_including_combination	1	0.31000000000000005	0.011111111111111183	3.9889840465642745	4.007333185232471	0.979761610673823	0.2947752855170625	0.3098038865253837	0.039137100406941676
PRIMARY	ridge	Lee_PRIMM_UK	Matson_US	54	38	33	21	14	24	500	1.0701941407104337e-07	"{""C"": 0.5}"	0.4285714285714286	0.22306547619047618	0.6160714285714286	500	0.3540946490130921	0.327324776457434	0.47619047619047616	0.2857142857142857	0.6666666666666666	1.0357846243090088	Lee_2022_family	Matson_2018	0	United_Kingdom	United_States	0	Europe	North_America	0	mixed_ICI_including_combination	anti_PD1_only	0	0.53	0.24269005847953223	3.9889840465642745	3.6375861597263857	1.8534931918759978	0.6124204863537068	0.5259206807769226	0.06252182484429769
PRIMARY	ridge	Lee_PRIMM_UK	Spencer_US	54	97	33	21	71	26	500	1.0701941407104337e-07	"{""C"": 0.5}"	0.5222101841820153	0.37341549295774645	0.6357123510292524	500	0.7491481240160585	0.3727512695032372	0.47670639219934996	0.3380281690140845	0.6153846153846154	1.0887147403437116	Lee_2022_family	Spencer_2021	0	United_Kingdom	United_States	0	Europe	North_America	0	mixed_ICI_including_combination	anti_PD1_based_unspecified_mix	0	nan	0.12084765177548673	3.9889840465642745	4.574710978503383	1.8951555363130812	0.6409902283621296	0.5444864834515294	0.06305335421682991
PRIMARY	ridge	Matson_US	Frankel_US	38	39	14	24	24	15	432	1.0642079206855303e-07	"{""C"": 0.5}"	0.375	0.1972222222222222	0.5777777777777777	500	0.5493689469275281	0.42377747535086996	0.4583333333333333	0.25	0.6666666666666666	1.2410635048448209	Matson_2018	Frankel_2017	0	United_States	United_States	1	North_America	North_America	1	anti_PD1_only	mixed_ICI_including_combination	0	nan	0.2469635627530365	3.6375861597263857	3.6635616461296463	1.0679491869084694	0.4539916266983753	0.38945877784631266	0.04694336574035822
PRIMARY	ridge	Matson_US	Gopalakrishnan_US	38	25	14	24	14	11	432	1.0642079206855303e-07	"{""C"": 0.5}"	0.5909090909090908	0.34724025974025974	0.7922077922077922	500	0.7073414628395831	0.315517413477525	0.44155844155844154	0.42857142857142855	0.45454545454545453	0.8712558008006893	Matson_2018	Gopalakrishnan_2018	0	United_States	United_States	1	North_America	North_America	1	anti_PD1_only	anti_PD1_only	1	0.0	0.19157894736842113	3.6375861597263857	3.2188758248682006	1.1378781135158458	0.32940473391192715	0.35644838628752057	0.0470108604845447
PRIMARY	ridge	Matson_US	Lee_Barcelona	38	12	14	24	6	6	432	1.0642079206855303e-07	"{""C"": 0.5}"	0.27777777777777773	0.0	0.6666666666666667	500	0.41914983164983166	0.46381719499950996	0.3333333333333333	0.3333333333333333	0.3333333333333333	1.3073542361899309	Matson_2018	Lee_2022_family	0	United_States	Spain	0	North_America	Europe	0	anti_PD1_only	mixed_ICI_including_combination	0	nan	0.13157894736842107	3.6375861597263857	2.4849066497880004	1.9036925455120652	0.5117333886100498	0.4641582272842964	0.07052750924931375
PRIMARY	ridge	Matson_US	Lee_Leeds	38	18	14	24	10	8	432	1.0642079206855303e-07	"{""C"": 0.5}"	0.5249999999999999	0.25	0.8	500	0.6215919701213819	0.3031474457688521	0.475	0.7	0.25	1.0041207761437734	Matson_2018	Lee_2022_family	0	United_States	United_Kingdom	0	North_America	Europe	0	anti_PD1_only	mixed_ICI_including_combination	0	nan	0.18713450292397665	3.6375861597263857	2.8903717578961645	1.9771596498918715	0.5811823747640369	0.49020061089929295	0.07011311347150946
PRIMARY	ridge	Matson_US	Lee_Manchester	38	25	14	24	12	13	432	1.0642079206855303e-07	"{""C"": 0.5}"	0.5512820512820512	0.3171474358974359	0.7854166666666664	500	0.640749733358429	0.42439910926611346	0.3717948717948718	0.6666666666666666	0.07692307692307693	1.3082216677537744	Matson_2018	Lee_2022_family	0	United_States	United_Kingdom	0	North_America	Europe	0	anti_PD1_only	mixed_ICI_including_combination	0	nan	0.11157894736842106	3.6375861597263857	3.2188758248682006	2.0526455035056514	0.652012344550797	0.5576993360744268	0.06928177586824205
PRIMARY	ridge	Matson_US	Lee_PRIMM_NL	38	55	14	24	33	22	432	1.0642079206855303e-07	"{""C"": 0.5}"	0.43250688705234164	0.2871556473829201	0.5819903581267217	500	0.5622920465029706	0.31494246121967406	0.5227272727272727	0.9090909090909091	0.13636363636363635	1.0194497349197162	Matson_2018	Lee_2022_family	0	United_States	Netherlands	0	North_America	Europe	0	anti_PD1_only	mixed_ICI_including_combination	0	0.22	0.23157894736842105	3.6375861597263857	4.007333185232471	2.151580063750936	0.7076207020813287	0.5984839380121251	0.06549751000878819
PRIMARY	ridge	Matson_US	Lee_PRIMM_UK	38	54	14	24	33	21	432	1.0642079206855303e-07	"{""C"": 0.5}"	0.46176046176046176	0.30735930735930733	0.6068903318903318	500	0.6430706571963791	0.3277873268778465	0.42207792207792205	0.6060606060606061	0.23809523809523808	0.9313185141890985	Matson_2018	Lee_2022_family	0	United_States	United_Kingdom	0	North_America	Europe	0	anti_PD1_only	mixed_ICI_including_combination	0	0.53	0.24269005847953223	3.6375861597263857	3.9889840465642745	1.8534931918759978	0.6124204863537068	0.5259206807769226	0.06252182484429769
PRIMARY	ridge	Matson_US	Spencer_US	38	97	14	24	71	26	432	1.0642079206855303e-07	"{""C"": 0.5}"	0.5108342361863489	0.3824485373781148	0.6376489707475622	500	0.7447428433302195	0.3413149682045357	0.4715601300108342	0.36619718309859156	0.5769230769230769	0.9744228680652172	Matson_2018	Spencer_2021	0	United_States	United_States	1	North_America	North_America	1	anti_PD1_only	anti_PD1_based_unspecified_mix	0	nan	0.36353771025501896	3.6375861597263857	4.574710978503383	1.085571598218901	0.2896984855829794	0.3022554757028195	0.03619677568983824
PRIMARY	ridge	Spencer_US	Frankel_US	97	39	71	26	24	15	326	5.144767586148716e-07	"{""C"": 0.5}"	0.49722222222222223	0.28888888888888886	0.6888888888888889	500	0.6115299219679942	0.3169682596039248	0.5416666666666666	0.75	0.3333333333333333	1.1702110550727467	Spencer_2021	Frankel_2017	0	United_States	United_States	1	North_America	North_America	1	anti_PD1_based_unspecified_mix	mixed_ICI_including_combination	0	nan	0.11657414750198247	4.574710978503383	3.6635616461296463	1.37106100772541	0.4428438885729916	0.3915311991633044	0.059063371581780995
PRIMARY	ridge	Spencer_US	Gopalakrishnan_US	97	25	71	26	14	11	326	5.144767586148716e-07	"{""C"": 0.5}"	0.2922077922077922	0.08750000000000002	0.5163961038961037	500	0.469162685140946	0.46308552274679854	0.35714285714285715	0.7142857142857143	0.0	1.5587629925826878	Spencer_2021	Gopalakrishnan_2018	0	United_States	United_States	1	North_America	North_America	1	anti_PD1_based_unspecified_mix	anti_PD1_only	0	nan	0.17195876288659784	4.574710978503383	3.2188758248682006	0.8663222398807107	0.3242323634033718	0.32656385568073787	0.033931879280921985
PRIMARY	ridge	Spencer_US	Lee_Barcelona	97	12	71	26	6	6	326	5.144767586148716e-07	"{""C"": 0.5}"	0.6111111111111112	0.2631944444444445	0.888888888888889	500	0.6561868686868686	0.35721407866278093	0.5	0.8333333333333334	0.16666666666666666	1.1587905866919965	Spencer_2021	Lee_2022_family	0	United_States	Spain	0	North_America	Europe	0	anti_PD1_based_unspecified_mix	mixed_ICI_including_combination	0	nan	0.2319587628865979	4.574710978503383	2.4849066497880004	1.391846202645219	0.4289819163420409	0.40151921943678875	0.059569784385690126
PRIMARY	ridge	Spencer_US	Lee_Leeds	97	18	71	26	10	8	326	5.144767586148716e-07	"{""C"": 0.5}"	0.4375	0.15000000000000002	0.7	500	0.6350412985707103	0.38887313590316497	0.375	0.5	0.25	1.1429758606686835	Spencer_2021	Lee_2022_family	0	United_States	United_Kingdom	0	North_America	Europe	0	anti_PD1_based_unspecified_mix	mixed_ICI_including_combination	0	nan	0.1764032073310423	4.574710978503383	2.8903717578961645	1.8343999907642503	0.5462421632104126	0.47054562970191266	0.0711516832773583
PRIMARY	ridge	Spencer_US	Lee_Manchester	97	25	71	26	12	13	326	5.144767586148716e-07	"{""C"": 0.5}"	0.3974358974358974	0.16025641025641021	0.6282051282051282	500	0.465828514871034	0.4574200474999367	0.3942307692307692	0.25	0.5384615384615384	1.5976706845609747	Spencer_2021	Lee_2022_family	0	United_States	United_Kingdom	0	North_America	Europe	0	anti_PD1_based_unspecified_mix	mixed_ICI_including_combination	0	nan	0.2519587628865979	4.574710978503383	3.2188758248682006	1.9981247694722843	0.6634308562491238	0.5626092193735298	0.06764326624120438
PRIMARY	ridge	Spencer_US	Lee_PRIMM_NL	97	55	71	26	33	22	326	5.144767586148716e-07	"{""C"": 0.5}"	0.6074380165289256	0.45709366391184575	0.7527892561983471	500	0.7169092621974987	0.33869464327492116	0.5833333333333333	0.3939393939393939	0.7727272727272727	1.036846473098599	Spencer_2021	Lee_2022_family	0	United_States	Netherlands	0	North_America	Europe	0	anti_PD1_based_unspecified_mix	mixed_ICI_including_combination	0	nan	0.1319587628865979	4.574710978503383	4.007333185232471	2.056853303314237	0.710936693632596	0.6077592582922652	0.059407540585743816
PRIMARY	ridge	Spencer_US	Lee_PRIMM_UK	97	54	71	26	33	21	326	5.144767586148716e-07	"{""C"": 0.5}"	0.5252525252525253	0.3492063492063492	0.6782828282828283	500	0.6738298745222497	0.3460206465085283	0.5606060606060606	0.45454545454545453	0.6666666666666666	1.0429011723445445	Spencer_2021	Lee_2022_family	0	United_States	United_Kingdom	0	North_America	Europe	0	anti_PD1_based_unspecified_mix	mixed_ICI_including_combination	0	nan	0.12084765177548673	4.574710978503383	3.9889840465642745	1.8951555363130812	0.6409902283621296	0.5444864834515294	0.06305335421682991
PRIMARY	ridge	Spencer_US	Matson_US	97	38	71	26	14	24	326	5.144767586148716e-07	"{""C"": 0.5}"	0.5922619047619048	0.4031994047619048	0.7680059523809523	500	0.44346035555677304	0.3663786592249384	0.6160714285714286	0.8571428571428571	0.375	1.3519026002984693	Spencer_2021	Matson_2018	0	United_States	United_States	1	North_America	North_America	1	anti_PD1_based_unspecified_mix	anti_PD1_only	0	nan	0.36353771025501896	4.574710978503383	3.6375861597263857	1.085571598218901	0.2896984855829794	0.3022554757028195	0.03619677568983824
PRIMARY	random_forest	Frankel_US	Gopalakrishnan_US	39	25	24	15	14	11	500	1.6488298996136508e-07	"{""max_features"": ""sqrt"", ""min_samples_leaf"": 5}"	0.5974025974025974	0.3274350649350649	0.8181818181818181	500	0.6697252515073122	0.24123881242343542	0.5324675324675324	0.42857142857142855	0.6363636363636364	0.6749302447526323	Frankel_2017	Gopalakrishnan_2018	0	United_States	United_States	1	North_America	North_America	1	mixed_ICI_including_combination	anti_PD1_only	0	nan	0.055384615384615365	3.6635616461296463	3.2188758248682006	1.4601102198390727	0.5138555257100887	0.457773044074274	0.0727642304785162
PRIMARY	random_forest	Frankel_US	Lee_Barcelona	39	12	24	15	6	6	500	1.6488298996136508e-07	"{""max_features"": ""sqrt"", ""min_samples_leaf"": 5}"	0.6666666666666666	0.3055555555555555	1.0	500	0.7659090909090909	0.24646908883983223	0.5	1.0	0.0	0.6854889729994933	Frankel_2017	Lee_2022_family	0	United_States	Spain	0	North_America	Europe	0	mixed_ICI_including_combination	mixed_ICI_including_combination	1	nan	0.11538461538461542	3.6635616461296463	2.4849066497880004	2.148005799674066	0.5625705120362823	0.5030899391825384	0.08056573056573058
PRIMARY	random_forest	Frankel_US	Lee_Leeds	39	18	24	15	10	8	500	1.6488298996136508e-07	"{""max_features"": ""sqrt"", ""min_samples_leaf"": 5}"	0.23750000000000002	0.025	0.49406249999999974	500	0.45572200675141855	0.2850631187157781	0.4	0.8	0.0	0.7665563772646369	Frankel_2017	Lee_2022_family	0	United_States	United_Kingdom	0	North_America	Europe	0	mixed_ICI_including_combination	mixed_ICI_including_combination	1	nan	0.05982905982905984	3.6635616461296463	2.8903717578961645	2.0000659164923533	0.43330674562958954	0.39824176658373817	0.06973855069093164
PRIMARY	random_forest	Frankel_US	Lee_Manchester	39	25	24	15	12	13	500	1.6488298996136508e-07	"{""max_features"": ""sqrt"", ""min_samples_leaf"": 5}"	0.45512820512820507	0.23717948717948714	0.6794871794871795	500	0.46100326574010786	0.27055140483526224	0.4903846153846154	0.75	0.23076923076923078	0.7372419792111952	Frankel_2017	Lee_2022_family	0	United_States	United_Kingdom	0	North_America	Europe	0	mixed_ICI_including_combination	mixed_ICI_including_combination	1	nan	0.13538461538461544	3.6635616461296463	3.2188758248682006	2.0576633286376182	0.5284366611922444	0.4800730908319456	0.07087714402000117
PRIMARY	random_forest	Frankel_US	Lee_PRIMM_NL	39	55	24	15	33	22	500	1.6488298996136508e-07	"{""max_features"": ""sqrt"", ""min_samples_leaf"": 5}"	0.5289256198347108	0.36473829201101926	0.6818181818181819	500	0.6017688855929734	0.24588137195466767	0.5606060606060606	0.6666666666666666	0.45454545454545453	0.6856474660110325	Frankel_2017	Lee_2022_family	0	United_States	Netherlands	0	North_America	Europe	0	mixed_ICI_including_combination	mixed_ICI_including_combination	1	nan	0.015384615384615441	3.6635616461296463	4.007333185232471	2.1537283003203482	0.5362672870971259	0.49418965792965314	0.07240103811532383
PRIMARY	random_forest	Frankel_US	Lee_PRIMM_UK	39	54	24	15	33	21	500	1.6488298996136508e-07	"{""max_features"": ""sqrt"", ""min_samples_leaf"": 5}"	0.5093795093795094	0.34047619047619054	0.6573232323232323	500	0.6672708969636708	0.2451992384343612	0.48051948051948057	0.8181818181818182	0.14285714285714285	0.6832990835652208	Frankel_2017	Lee_2022_family	0	United_States	United_Kingdom	0	North_America	Europe	0	mixed_ICI_including_combination	mixed_ICI_including_combination	1	nan	0.004273504273504258	3.6635616461296463	3.9889840465642745	1.822480321344653	0.5029369678988839	0.44529863877920617	0.06176134271372367
PRIMARY	random_forest	Frankel_US	Matson_US	39	38	24	15	14	24	500	1.6488298996136508e-07	"{""max_features"": ""sqrt"", ""min_samples_leaf"": 5}"	0.36011904761904767	0.1726190476190476	0.5610863095238094	500	0.36064936801613046	0.3038721395618036	0.44642857142857145	0.6428571428571429	0.25	0.8051470117516598	Frankel_2017	Matson_2018	0	United_States	United_States	1	North_America	North_America	1	mixed_ICI_including_combination	anti_PD1_only	0	nan	0.2469635627530365	3.6635616461296463	3.6375861597263857	1.0679491869084694	0.4539916266983753	0.38945877784631266	0.04694336574035822
PRIMARY	random_forest	Frankel_US	Spencer_US	39	97	24	15	71	26	500	1.6488298996136508e-07	"{""max_features"": ""sqrt"", ""min_samples_leaf"": 5}"	0.4609967497291441	0.3496614301191766	0.5833017334777898	500	0.7647095113417085	0.2554059395505744	0.48049837486457203	0.4225352112676056	0.5384615384615384	0.7033801886135514	Frankel_2017	Spencer_2021	0	United_States	United_States	1	North_America	North_America	1	mixed_ICI_including_combination	anti_PD1_based_unspecified_mix	0	nan	0.11657414750198247	3.6635616461296463	4.574710978503383	1.37106100772541	0.4428438885729916	0.3915311991633044	0.059063371581780995
PRIMARY	random_forest	Gopalakrishnan_US	Frankel_US	25	39	14	11	24	15	386	2.5004030649745586e-07	"{""max_features"": ""sqrt"", ""min_samples_leaf"": 5}"	0.35	0.17631944444444445	0.5390277777777777	500	0.5439261753890404	0.2554158992119858	0.42916666666666664	0.7916666666666666	0.06666666666666667	0.7044612281681523	Gopalakrishnan_2018	Frankel_2017	0	United_States	United_States	1	North_America	North_America	1	anti_PD1_only	mixed_ICI_including_combination	0	nan	0.055384615384615365	3.2188758248682006	3.6635616461296463	1.4601102198390727	0.5138555257100887	0.457773044074274	0.0727642304785162
PRIMARY	random_forest	Gopalakrishnan_US	Lee_Barcelona	25	12	14	11	6	6	386	2.5004030649745586e-07	"{""max_features"": ""sqrt"", ""min_samples_leaf"": 5}"	0.05555555555555556	0.0	0.25	500	0.3563131313131313	0.33880909263623443	0.16666666666666666	0.3333333333333333	0.0	0.8784040604291903	Gopalakrishnan_2018	Lee_2022_family	0	United_States	Spain	0	North_America	Europe	0	anti_PD1_only	mixed_ICI_including_combination	0	nan	0.06000000000000005	3.2188758248682006	2.4849066497880004	1.7464261293987988	0.43864029899351553	0.4368346369614659	0.07725321239606954
PRIMARY	random_forest	Gopalakrishnan_US	Lee_Leeds	25	18	14	11	10	8	386	2.5004030649745586e-07	"{""max_features"": ""sqrt"", ""min_samples_leaf"": 5}"	0.3125	0.06843750000000001	0.5690624999999997	500	0.46716611819553	0.27198698881595473	0.45	0.9	0.0	0.7406126162141331	Gopalakrishnan_2018	Lee_2022_family	0	United_States	United_Kingdom	0	North_America	Europe	0	anti_PD1_only	mixed_ICI_including_combination	0	nan	0.004444444444444473	3.2188758248682006	2.8903717578961645	2.0440113218725884	0.6134426055677813	0.5216269539720565	0.08646107331821616
PRIMARY	random_forest	Gopalakrishnan_US	Lee_Manchester	25	25	14	11	12	13	386	2.5004030649745586e-07	"{""max_features"": ""sqrt"", ""min_samples_leaf"": 5}"	0.4807692307692307	0.24999999999999997	0.7405448717948717	500	0.5227570084907041	0.2642392965310996	0.4967948717948718	0.9166666666666666	0.07692307692307693	0.7231648786915111	Gopalakrishnan_2018	Lee_2022_family	0	United_States	United_Kingdom	0	North_America	Europe	0	anti_PD1_only	mixed_ICI_including_combination	0	nan	0.08000000000000007	3.2188758248682006	3.2188758248682006	2.156186223234672	0.7155554538377515	0.6032222163102883	0.08168707482993197
PRIMARY	random_forest	Gopalakrishnan_US	Lee_PRIMM_NL	25	55	14	11	33	22	386	2.5004030649745586e-07	"{""max_features"": ""sqrt"", ""min_samples_leaf"": 5}"	0.6033057851239669	0.45309917355371904	0.7617768595041321	500	0.647314090952537	0.23257718441322295	0.5909090909090908	0.9090909090909091	0.2727272727272727	0.6582394968509877	Gopalakrishnan_2018	Lee_2022_family	0	United_States	Netherlands	0	North_America	Europe	0	anti_PD1_only	mixed_ICI_including_combination	0	0.22	0.039999999999999925	3.2188758248682006	4.007333185232471	2.1884513111812445	0.7745689314443972	0.6511689475893659	0.07338528138528139
PRIMARY	random_forest	Gopalakrishnan_US	Lee_PRIMM_UK	25	54	14	11	33	21	386	2.5004030649745586e-07	"{""max_features"": ""sqrt"", ""min_samples_leaf"": 5}"	0.621933621933622	0.4638888888888889	0.767063492063492	500	0.6840119517006417	0.22892039375354611	0.564935064935065	0.9393939393939394	0.19047619047619047	0.6505540401763036	Gopalakrishnan_2018	Lee_2022_family	0	United_States	United_Kingdom	0	North_America	Europe	0	anti_PD1_only	mixed_ICI_including_combination	0	0.53	0.05111111111111111	3.2188758248682006	3.9889840465642745	2.0629884886791996	0.7029774214674973	0.5924470851118022	0.07848122952884858
PRIMARY	random_forest	Gopalakrishnan_US	Matson_US	25	38	14	11	14	24	386	2.5004030649745586e-07	"{""max_features"": ""sqrt"", ""min_samples_leaf"": 5}"	0.4910714285714286	0.2678571428571428	0.684672619047619	500	0.5768951917562334	0.26555638763020434	0.46726190476190477	0.6428571428571429	0.2916666666666667	0.7241195087642571	Gopalakrishnan_2018	Matson_2018	0	United_States	United_States	1	North_America	North_America	1	anti_PD1_only	anti_PD1_only	1	0.0	0.19157894736842113	3.2188758248682006	3.6375861597263857	1.1378781135158458	0.32940473391192715	0.35644838628752057	0.0470108604845447
PRIMARY	random_forest	Gopalakrishnan_US	Spencer_US	25	97	14	11	71	26	386	2.5004030649745586e-07	"{""max_features"": ""sqrt"", ""min_samples_leaf"": 5}"	0.5736728060671722	0.44337757313109427	0.7061619718309858	500	0.7821975748273218	0.24077091111439516	0.5809859154929577	0.6619718309859155	0.5	0.6742947595826267	Gopalakrishnan_2018	Spencer_2021	0	United_States	United_States	1	North_America	North_America	1	anti_PD1_only	anti_PD1_based_unspecified_mix	0	nan	0.17195876288659784	3.2188758248682006	4.574710978503383	0.8663222398807107	0.3242323634033718	0.32656385568073787	0.033931879280921985
PRIMARY	random_forest	Lee_Barcelona	Frankel_US	12	39	6	6	24	15	500	1.0246076956438827e-07	"{""max_features"": ""sqrt"", ""min_samples_leaf"": 5}"	0.5125	0.3430555555555555	0.6792361111111109	500	0.6695939113063957	0.24876470030588488	0.45	0.8333333333333334	0.06666666666666667	0.6906749126531103	Lee_2022_family	Frankel_2017	0	Spain	United_States	0	Europe	North_America	0	mixed_ICI_including_combination	mixed_ICI_including_combination	1	nan	0.11538461538461542	2.4849066497880004	3.6635616461296463	2.148005799674066	0.5625705120362823	0.5030899391825384	0.08056573056573058
PRIMARY	random_forest	Lee_Barcelona	Gopalakrishnan_US	12	25	6	6	14	11	500	1.0246076956438827e-07	"{""max_features"": ""sqrt"", ""min_samples_leaf"": 5}"	0.24025974025974028	0.0844155844155844	0.47248376623376614	500	0.4331050152854664	0.2521622535166358	0.4642857142857143	0.9285714285714286	0.0	0.6974734107165323	Lee_2022_family	Gopalakrishnan_2018	0	Spain	United_States	0	Europe	North_America	0	mixed_ICI_including_combination	anti_PD1_only	0	nan	0.06000000000000005	2.4849066497880004	3.2188758248682006	1.7464261293987988	0.43864029899351553	0.4368346369614659	0.07725321239606954
PRIMARY	random_forest	Lee_Barcelona	Lee_Leeds	12	18	6	6	10	8	500	1.0246076956438827e-07	"{""max_features"": ""sqrt"", ""min_samples_leaf"": 5}"	0.43749999999999994	0.175	0.7312500000000001	500	0.5423827561327562	0.25093348689591466	0.4875	0.6	0.375	0.695015199458212	Lee_2022_family	Lee_2022_family	1	Spain	United_Kingdom	0	Europe	Europe	1	mixed_ICI_including_combination	mixed_ICI_including_combination	1	nan	0.05555555555555558	2.4849066497880004	2.8903717578961645	1.900081845184206	0.5949875337870366	0.5175184809533883	0.0664525069286974
PRIMARY	random_forest	Lee_Barcelona	Lee_Manchester	12	25	6	6	12	13	500	1.0246076956438827e-07	"{""max_features"": ""sqrt"", ""min_samples_leaf"": 5}"	0.22756410256410253	0.05769230769230768	0.4311698717948717	500	0.3759324694203211	0.2543053322240244	0.41346153846153844	0.75	0.07692307692307693	0.7017605032108644	Lee_2022_family	Lee_2022_family	1	Spain	United_Kingdom	0	Europe	Europe	1	mixed_ICI_including_combination	mixed_ICI_including_combination	1	nan	0.020000000000000018	2.4849066497880004	3.2188758248682006	2.2125872071199106	0.699237363642387	0.5968096276682744	0.0739697656840514
PRIMARY	random_forest	Lee_Barcelona	Lee_PRIMM_NL	12	55	6	6	33	22	500	1.0246076956438827e-07	"{""max_features"": ""sqrt"", ""min_samples_leaf"": 5}"	0.5075757575757576	0.35425275482093666	0.6640495867768593	500	0.599698869711544	0.24871141778495498	0.5227272727272727	0.9090909090909091	0.13636363636363635	0.6905698645752667	Lee_2022_family	Lee_2022_family	1	Spain	Netherlands	0	Europe	Europe	1	mixed_ICI_including_combination	mixed_ICI_including_combination	1	nan	0.09999999999999998	2.4849066497880004	4.007333185232471	2.2654600312628763	0.7635200611439845	0.6434861265694625	0.0709798666941524
PRIMARY	random_forest	Lee_Barcelona	Lee_PRIMM_UK	12	54	6	6	33	21	500	1.0246076956438827e-07	"{""max_features"": ""sqrt"", ""min_samples_leaf"": 5}"	0.4083694083694084	0.2520382395382395	0.5689935064935064	500	0.5898546985590845	0.2506036624150432	0.4675324675324676	0.696969696969697	0.23809523809523808	0.6943544058315448	Lee_2022_family	Lee_2022_family	1	Spain	United_Kingdom	0	Europe	Europe	1	mixed_ICI_including_combination	mixed_ICI_including_combination	1	nan	0.11111111111111116	2.4849066497880004	3.9889840465642745	2.1906652798974484	0.6864949908918968	0.594816419606938	0.07321323591164862
PRIMARY	random_forest	Lee_Barcelona	Matson_US	12	38	6	6	14	24	500	1.0246076956438827e-07	"{""max_features"": ""sqrt"", ""min_samples_leaf"": 5}"	0.2663690476190476	0.09508928571428571	0.43247767857142844	500	0.2857056562520709	0.2548646475643084	0.47023809523809523	0.8571428571428571	0.08333333333333333	0.7028799166302416	Lee_2022_family	Matson_2018	0	Spain	United_States	0	Europe	North_America	0	mixed_ICI_including_combination	anti_PD1_only	0	nan	0.13157894736842107	2.4849066497880004	3.6375861597263857	1.9036925455120652	0.5117333886100498	0.4641582272842964	0.07052750924931375
PRIMARY	random_forest	Lee_Barcelona	Spencer_US	12	97	6	6	71	26	500	1.0246076956438827e-07	"{""max_features"": ""sqrt"", ""min_samples_leaf"": 5}"	0.38136511375948	0.2514558504875406	0.500839653304442	500	0.6773446159887524	0.24711453194113134	0.5032502708559047	0.9295774647887324	0.07692307692307693	0.6873750788626974	Lee_2022_family	Spencer_2021	0	Spain	United_States	0	Europe	North_America	0	mixed_ICI_including_combination	anti_PD1_based_unspecified_mix	0	nan	0.2319587628865979	2.4849066497880004	4.574710978503383	1.391846202645219	0.4289819163420409	0.40151921943678875	0.059569784385690126
PRIMARY	random_forest	Lee_Leeds	Frankel_US	18	39	10	8	24	15	500	1.0661815682701918e-07	"{""max_features"": ""sqrt"", ""min_samples_leaf"": 5}"	0.4333333333333333	0.2554166666666667	0.6362499999999999	500	0.557939587114151	0.2541576899110359	0.525	0.9166666666666666	0.13333333333333333	0.7034826136680761	Lee_2022_family	Frankel_2017	0	United_Kingdom	United_States	0	Europe	North_America	0	mixed_ICI_including_combination	mixed_ICI_including_combination	1	nan	0.05982905982905984	2.8903717578961645	3.6635616461296463	2.0000659164923533	0.43330674562958954	0.39824176658373817	0.06973855069093164
PRIMARY	random_forest	Lee_Leeds	Gopalakrishnan_US	18	25	10	8	14	11	500	1.0661815682701918e-07	"{""max_features"": ""sqrt"", ""min_samples_leaf"": 5}"	0.474025974025974	0.22727272727272724	0.6787337662337661	500	0.6161851169980508	0.24466660092196071	0.5194805194805194	0.8571428571428571	0.18181818181818182	0.6822757382931104	Lee_2022_family	Gopalakrishnan_2018	0	United_Kingdom	United_States	0	Europe	North_America	0	mixed_ICI_including_combination	anti_PD1_only	0	nan	0.004444444444444473	2.8903717578961645	3.2188758248682006	2.0440113218725884	0.6134426055677813	0.5216269539720565	0.08646107331821616
PRIMARY	random_forest	Lee_Leeds	Lee_Barcelona	18	12	10	8	6	6	500	1.0661815682701918e-07	"{""max_features"": ""sqrt"", ""min_samples_leaf"": 5}"	0.3333333333333333	0.0	0.6666666666666667	500	0.43733766233766236	0.2632067282859493	0.5	0.6666666666666666	0.3333333333333333	0.7200454568335712	Lee_2022_family	Lee_2022_family	1	United_Kingdom	Spain	0	Europe	Europe	1	mixed_ICI_including_combination	mixed_ICI_including_combination	1	nan	0.05555555555555558	2.8903717578961645	2.4849066497880004	1.900081845184206	0.5949875337870366	0.5175184809533883	0.0664525069286974
PRIMARY	random_forest	Lee_Leeds	Lee_Manchester	18	25	10	8	12	13	500	1.0661815682701918e-07	"{""max_features"": ""sqrt"", ""min_samples_leaf"": 5}"	0.5705128205128205	0.34278846153846154	0.7790064102564102	500	0.6213398078529658	0.25115660410588836	0.5384615384615384	1.0	0.07692307692307693	0.6948680894147828	Lee_2022_family	Lee_2022_family	1	United_Kingdom	United_Kingdom	1	Europe	Europe	1	mixed_ICI_including_combination	mixed_ICI_including_combination	1	nan	0.0755555555555556	2.8903717578961645	3.2188758248682006	1.5545824937549038	0.47164689705627394	0.4330400701509546	0.05555555555555555
PRIMARY	random_forest	Lee_Leeds	Lee_PRIMM_NL	18	55	10	8	33	22	500	1.0661815682701918e-07	"{""max_features"": ""sqrt"", ""min_samples_leaf"": 5}"	0.522038567493113	0.35523415977961437	0.6818870523415977	500	0.6020861782200528	0.2412772072712883	0.5454545454545454	0.9090909090909091	0.18181818181818182	0.6763026328165177	Lee_2022_family	Lee_2022_family	1	United_Kingdom	Netherlands	0	Europe	Europe	1	mixed_ICI_including_combination	mixed_ICI_including_combination	1	nan	0.0444444444444444	2.8903717578961645	4.007333185232471	1.5566246650097413	0.4778931549680615	0.43468033313280113	0.058371927895737426
PRIMARY	random_forest	Lee_Leeds	Lee_PRIMM_UK	18	54	10	8	33	21	500	1.0661815682701918e-07	"{""max_features"": ""sqrt"", ""min_samples_leaf"": 5}"	0.5642135642135642	0.42059884559884564	0.7072150072150072	500	0.7165894861880385	0.2353264381684332	0.45454545454545453	0.9090909090909091	0.0	0.6625863654545645	Lee_2022_family	Lee_2022_family	1	United_Kingdom	United_Kingdom	1	Europe	Europe	1	mixed_ICI_including_combination	mixed_ICI_including_combination	1	nan	0.05555555555555558	2.8903717578961645	3.9889840465642745	1.4223043524177503	0.4473893542658809	0.4113155539569585	0.05030654237003443
PRIMARY	random_forest	Lee_Leeds	Matson_US	18	38	10	8	14	24	500	1.0661815682701918e-07	"{""max_features"": ""sqrt"", ""min_samples_leaf"": 5}"	0.5297619047619048	0.34226190476190477	0.7247767857142856	500	0.41486845194143324	0.26152599792619596	0.47619047619047616	0.7857142857142857	0.16666666666666666	0.7165865646620313	Lee_2022_family	Matson_2018	0	United_Kingdom	United_States	0	Europe	North_America	0	mixed_ICI_including_combination	anti_PD1_only	0	nan	0.18713450292397665	2.8903717578961645	3.6375861597263857	1.9771596498918715	0.5811823747640369	0.49020061089929295	0.07011311347150946
PRIMARY	random_forest	Lee_Leeds	Spencer_US	18	97	10	8	71	26	500	1.0661815682701918e-07	"{""max_features"": ""sqrt"", ""min_samples_leaf"": 5}"	0.46153846153846156	0.3404252437703142	0.5875270855904657	500	0.7329120514428993	0.238289163809858	0.46424702058504874	0.7746478873239436	0.15384615384615385	0.6694512707944892	Lee_2022_family	Spencer_2021	0	United_Kingdom	United_States	0	Europe	North_America	0	mixed_ICI_including_combination	anti_PD1_based_unspecified_mix	0	nan	0.1764032073310423	2.8903717578961645	4.574710978503383	1.8343999907642503	0.5462421632104126	0.47054562970191266	0.0711516832773583
PRIMARY	random_forest	Lee_Manchester	Frankel_US	25	39	12	13	24	15	500	5.636676092699121e-08	"{""max_features"": ""sqrt"", ""min_samples_leaf"": 5}"	0.4666666666666667	0.2719444444444445	0.6694444444444445	500	0.63278547147651	0.2630319920046468	0.5083333333333333	0.4166666666666667	0.6	0.7206122836007864	Lee_2022_family	Frankel_2017	0	United_Kingdom	United_States	0	Europe	North_America	0	mixed_ICI_including_combination	mixed_ICI_including_combination	1	nan	0.13538461538461544	3.2188758248682006	3.6635616461296463	2.0576633286376182	0.5284366611922444	0.4800730908319456	0.07087714402000117
PRIMARY	random_forest	Lee_Manchester	Gopalakrishnan_US	25	25	12	13	14	11	500	5.636676092699121e-08	"{""max_features"": ""sqrt"", ""min_samples_leaf"": 5}"	0.6753246753246753	0.461038961038961	0.8605519480519479	500	0.7782364976416281	0.25256915329483187	0.5714285714285714	0.14285714285714285	1.0	0.6983495043581991	Lee_2022_family	Gopalakrishnan_2018	0	United_Kingdom	United_States	0	Europe	North_America	0	mixed_ICI_including_combination	anti_PD1_only	0	nan	0.08000000000000007	3.2188758248682006	3.2188758248682006	2.156186223234672	0.7155554538377515	0.6032222163102883	0.08168707482993197
PRIMARY	random_forest	Lee_Manchester	Lee_Barcelona	25	12	12	13	6	6	500	5.636676092699121e-08	"{""max_features"": ""sqrt"", ""min_samples_leaf"": 5}"	0.3055555555555555	0.02777777777777777	0.6111111111111113	500	0.4545935545935546	0.2912121769910881	0.3333333333333333	0.16666666666666666	0.5	0.7788690088386354	Lee_2022_family	Lee_2022_family	1	United_Kingdom	Spain	0	Europe	Europe	1	mixed_ICI_including_combination	mixed_ICI_including_combination	1	nan	0.020000000000000018	3.2188758248682006	2.4849066497880004	2.2125872071199106	0.699237363642387	0.5968096276682744	0.0739697656840514
PRIMARY	random_forest	Lee_Manchester	Lee_Leeds	25	18	12	13	10	8	500	5.636676092699121e-08	"{""max_features"": ""sqrt"", ""min_samples_leaf"": 5}"	0.175	0.0	0.45	500	0.4188464231846585	0.27361640335118614	0.3625	0.6	0.125	0.7410693962535305	Lee_2022_family	Lee_2022_family	1	United_Kingdom	United_Kingdom	1	Europe	Europe	1	mixed_ICI_including_combination	mixed_ICI_including_combination	1	nan	0.0755555555555556	3.2188758248682006	2.8903717578961645	1.5545824937549038	0.47164689705627394	0.4330400701509546	0.05555555555555555
PRIMARY	random_forest	Lee_Manchester	Lee_PRIMM_NL	25	55	12	13	33	22	500	5.636676092699121e-08	"{""max_features"": ""sqrt"", ""min_samples_leaf"": 5}"	0.49311294765840225	0.31332644628099177	0.6515840220385674	500	0.6122490349992789	0.25528509707939867	0.48484848484848486	0.5151515151515151	0.45454545454545453	0.7038830501208156	Lee_2022_family	Lee_2022_family	1	United_Kingdom	Netherlands	0	Europe	Europe	1	mixed_ICI_including_combination	mixed_ICI_including_combination	1	nan	0.12	3.2188758248682006	4.007333185232471	1.023240361097451	0.37225480323409776	0.3551927713469969	0.039582766439909295
PRIMARY	random_forest	Lee_Manchester	Lee_PRIMM_UK	25	54	12	13	33	21	500	5.636676092699121e-08	"{""max_features"": ""sqrt"", ""min_samples_leaf"": 5}"	0.5901875901875901	0.43722943722943725	0.730916305916306	500	0.6851438285353542	0.24046403742577557	0.5476190476190476	0.6666666666666666	0.42857142857142855	0.6738098505668368	Lee_2022_family	Lee_2022_family	1	United_Kingdom	United_Kingdom	1	Europe	Europe	1	mixed_ICI_including_combination	mixed_ICI_including_combination	1	nan	0.13111111111111118	3.2188758248682006	3.9889840465642745	0.9138188960887204	0.3284935922301878	0.31756491921131447	0.036730326698580666
PRIMARY	random_forest	Lee_Manchester	Matson_US	25	38	12	13	14	24	500	5.636676092699121e-08	"{""max_features"": ""sqrt"", ""min_samples_leaf"": 5}"	0.5625	0.37499999999999994	0.745610119047619	500	0.40496408569001735	0.23941554197743162	0.49702380952380953	0.2857142857142857	0.7083333333333334	0.6715338088205628	Lee_2022_family	Matson_2018	0	United_Kingdom	United_States	0	Europe	North_America	0	mixed_ICI_including_combination	anti_PD1_only	0	nan	0.11157894736842106	3.2188758248682006	3.6375861597263857	2.0526455035056514	0.652012344550797	0.5576993360744268	0.06928177586824205
PRIMARY	random_forest	Lee_Manchester	Spencer_US	25	97	12	13	71	26	500	5.636676092699121e-08	"{""max_features"": ""sqrt"", ""min_samples_leaf"": 5}"	0.5390032502708559	0.40455037919826653	0.6706392199349945	500	0.7535167929752029	0.2955427139562917	0.5037919826652222	0.08450704225352113	0.9230769230769231	0.7860621773829695	Lee_2022_family	Spencer_2021	0	United_Kingdom	United_States	0	Europe	North_America	0	mixed_ICI_including_combination	anti_PD1_based_unspecified_mix	0	nan	0.2519587628865979	3.2188758248682006	4.574710978503383	1.9981247694722843	0.6634308562491238	0.5626092193735298	0.06764326624120438
PRIMARY	random_forest	Lee_PRIMM_NL	Frankel_US	55	39	33	22	24	15	462	2.1269490829764473e-07	"{""max_features"": ""sqrt"", ""min_samples_leaf"": 5}"	0.5	0.3010416666666667	0.6849305555555554	500	0.6602665988582211	0.25164079677551127	0.44166666666666665	0.4166666666666667	0.4666666666666667	0.6962943392361395	Lee_2022_family	Frankel_2017	0	Netherlands	United_States	0	Europe	North_America	0	mixed_ICI_including_combination	mixed_ICI_including_combination	1	nan	0.015384615384615441	4.007333185232471	3.6635616461296463	2.1537283003203482	0.5362672870971259	0.49418965792965314	0.07240103811532383
PRIMARY	random_forest	Lee_PRIMM_NL	Gopalakrishnan_US	55	25	33	22	14	11	462	2.1269490829764473e-07	"{""max_features"": ""sqrt"", ""min_samples_leaf"": 5}"	0.6298701298701299	0.3831168831168831	0.8181818181818181	500	0.7776081477488127	0.25189071498066307	0.5681818181818181	0.5	0.6363636363636364	0.6987726301414469	Lee_2022_family	Gopalakrishnan_2018	0	Netherlands	United_States	0	Europe	North_America	0	mixed_ICI_including_combination	anti_PD1_only	0	0.22	0.039999999999999925	4.007333185232471	3.2188758248682006	2.1884513111812445	0.7745689314443972	0.6511689475893659	0.07338528138528139
PRIMARY	random_forest	Lee_PRIMM_NL	Lee_Barcelona	55	12	33	22	6	6	462	2.1269490829764473e-07	"{""max_features"": ""sqrt"", ""min_samples_leaf"": 5}"	0.8611111111111112	0.56875	1.0	500	0.8773809523809524	0.2295854294179187	0.75	1.0	0.5	0.6520378964181982	Lee_2022_family	Lee_2022_family	1	Netherlands	Spain	0	Europe	Europe	1	mixed_ICI_including_combination	mixed_ICI_including_combination	1	nan	0.09999999999999998	4.007333185232471	2.4849066497880004	2.2654600312628763	0.7635200611439845	0.6434861265694625	0.0709798666941524
PRIMARY	random_forest	Lee_PRIMM_NL	Lee_Leeds	55	18	33	22	10	8	462	2.1269490829764473e-07	"{""max_features"": ""sqrt"", ""min_samples_leaf"": 5}"	0.6000000000000001	0.32499999999999996	0.85	500	0.6738884644766997	0.23809406222927373	0.575	0.9	0.25	0.6692207518367258	Lee_2022_family	Lee_2022_family	1	Netherlands	United_Kingdom	0	Europe	Europe	1	mixed_ICI_including_combination	mixed_ICI_including_combination	1	nan	0.0444444444444444	4.007333185232471	2.8903717578961645	1.5566246650097413	0.4778931549680615	0.43468033313280113	0.058371927895737426
PRIMARY	random_forest	Lee_PRIMM_NL	Lee_Manchester	55	25	33	22	12	13	462	2.1269490829764473e-07	"{""max_features"": ""sqrt"", ""min_samples_leaf"": 5}"	0.34615384615384615	0.14102564102564102	0.5546474358974358	500	0.418363485347181	0.27091045085536264	0.4551282051282052	0.8333333333333334	0.07692307692307693	0.7361084630958374	Lee_2022_family	Lee_2022_family	1	Netherlands	United_Kingdom	0	Europe	Europe	1	mixed_ICI_including_combination	mixed_ICI_including_combination	1	nan	0.12	4.007333185232471	3.2188758248682006	1.023240361097451	0.37225480323409776	0.3551927713469969	0.039582766439909295
PRIMARY	random_forest	Lee_PRIMM_NL	Lee_PRIMM_UK	55	54	33	22	33	21	462	2.1269490829764473e-07	"{""max_features"": ""sqrt"", ""min_samples_leaf"": 5}"	0.7142857142857143	0.5584415584415584	0.8506854256854257	500	0.8115000082316985	0.21517335587499903	0.6212121212121212	0.9090909090909091	0.3333333333333333	0.62089642441861	Lee_2022_family	Lee_2022_family	1	Netherlands	United_Kingdom	0	Europe	Europe	1	mixed_ICI_including_combination	mixed_ICI_including_combination	1	0.31000000000000005	0.011111111111111183	4.007333185232471	3.9889840465642745	0.979761610673823	0.2947752855170625	0.3098038865253837	0.039137100406941676
PRIMARY	random_forest	Lee_PRIMM_NL	Matson_US	55	38	33	22	14	24	462	2.1269490829764473e-07	"{""max_features"": ""sqrt"", ""min_samples_leaf"": 5}"	0.44047619047619047	0.24828869047619048	0.6384672619047618	500	0.4161316116385241	0.25502588989007713	0.3869047619047619	0.35714285714285715	0.4166666666666667	0.7034828171192076	Lee_2022_family	Matson_2018	0	Netherlands	United_States	0	Europe	North_America	0	mixed_ICI_including_combination	anti_PD1_only	0	0.22	0.23157894736842105	4.007333185232471	3.6375861597263857	2.151580063750936	0.7076207020813287	0.5984839380121251	0.06549751000878819
PRIMARY	random_forest	Lee_PRIMM_NL	Spencer_US	55	97	33	22	71	26	462	2.1269490829764473e-07	"{""max_features"": ""sqrt"", ""min_samples_leaf"": 5}"	0.44582881906825567	0.2916982665222102	0.5915763813651137	500	0.6929797821891903	0.2782472312844109	0.4875406283856988	0.43661971830985913	0.5384615384615384	0.7517977067966993	Lee_2022_family	Spencer_2021	0	Netherlands	United_States	0	Europe	North_America	0	mixed_ICI_including_combination	anti_PD1_based_unspecified_mix	0	nan	0.1319587628865979	4.007333185232471	4.574710978503383	2.056853303314237	0.710936693632596	0.6077592582922652	0.059407540585743816
PRIMARY	random_forest	Lee_PRIMM_UK	Frankel_US	54	39	33	21	24	15	500	1.0701941407104337e-07	"{""max_features"": ""sqrt"", ""min_samples_leaf"": 5}"	0.5027777777777778	0.31930555555555556	0.6959027777777776	500	0.6428498475239456	0.26038419244714694	0.5541666666666667	0.375	0.7333333333333333	0.7148011756346522	Lee_2022_family	Frankel_2017	0	United_Kingdom	United_States	0	Europe	North_America	0	mixed_ICI_including_combination	mixed_ICI_including_combination	1	nan	0.004273504273504258	3.9889840465642745	3.6635616461296463	1.822480321344653	0.5029369678988839	0.44529863877920617	0.06176134271372367
PRIMARY	random_forest	Lee_PRIMM_UK	Gopalakrishnan_US	54	25	33	21	14	11	500	1.0701941407104337e-07	"{""max_features"": ""sqrt"", ""min_samples_leaf"": 5}"	0.5194805194805195	0.2857142857142857	0.7436688311688311	500	0.648050324619561	0.27327205558093426	0.5714285714285714	0.14285714285714285	1.0	0.7426020440168977	Lee_2022_family	Gopalakrishnan_2018	0	United_Kingdom	United_States	0	Europe	North_America	0	mixed_ICI_including_combination	anti_PD1_only	0	0.53	0.05111111111111111	3.9889840465642745	3.2188758248682006	2.0629884886791996	0.7029774214674973	0.5924470851118022	0.07848122952884858
PRIMARY	random_forest	Lee_PRIMM_UK	Lee_Barcelona	54	12	33	21	6	6	500	1.0701941407104337e-07	"{""max_features"": ""sqrt"", ""min_samples_leaf"": 5}"	0.4444444444444445	0.08333333333333331	0.8333333333333334	500	0.4814814814814815	0.25755026888365135	0.41666666666666663	0.3333333333333333	0.5	0.7078437679021062	Lee_2022_family	Lee_2022_family	1	United_Kingdom	Spain	0	Europe	Europe	1	mixed_ICI_including_combination	mixed_ICI_including_combination	1	nan	0.11111111111111116	3.9889840465642745	2.4849066497880004	2.1906652798974484	0.6864949908918968	0.594816419606938	0.07321323591164862
PRIMARY	random_forest	Lee_PRIMM_UK	Lee_Leeds	54	18	33	21	10	8	500	1.0701941407104337e-07	"{""max_features"": ""sqrt"", ""min_samples_leaf"": 5}"	0.3875	0.1125	0.65	500	0.5928583916083916	0.274452901809371	0.3625	0.6	0.125	0.7430141338234728	Lee_2022_family	Lee_2022_family	1	United_Kingdom	United_Kingdom	1	Europe	Europe	1	mixed_ICI_including_combination	mixed_ICI_including_combination	1	nan	0.05555555555555558	3.9889840465642745	2.8903717578961645	1.4223043524177503	0.4473893542658809	0.4113155539569585	0.05030654237003443
PRIMARY	random_forest	Lee_PRIMM_UK	Lee_Manchester	54	25	33	21	12	13	500	1.0701941407104337e-07	"{""max_features"": ""sqrt"", ""min_samples_leaf"": 5}"	0.41666666666666663	0.19871794871794873	0.6538461538461537	500	0.44646105664488017	0.2910473249090158	0.4903846153846154	0.75	0.23076923076923078	0.7863184346097732	Lee_2022_family	Lee_2022_family	1	United_Kingdom	United_Kingdom	1	Europe	Europe	1	mixed_ICI_including_combination	mixed_ICI_including_combination	1	nan	0.13111111111111118	3.9889840465642745	3.2188758248682006	0.9138188960887204	0.3284935922301878	0.31756491921131447	0.036730326698580666
PRIMARY	random_forest	Lee_PRIMM_UK	Lee_PRIMM_NL	54	55	33	21	33	22	500	1.0701941407104337e-07	"{""max_features"": ""sqrt"", ""min_samples_leaf"": 5}"	0.6046831955922864	0.46274104683195594	0.7699724517906337	500	0.707508491914268	0.23725931848788304	0.553030303030303	0.6060606060606061	0.5	0.6660421432640505	Lee_2022_family	Lee_2022_family	1	United_Kingdom	Netherlands	0	Europe	Europe	1	mixed_ICI_including_combination	mixed_ICI_including_combination	1	0.31000000000000005	0.011111111111111183	3.9889840465642745	4.007333185232471	0.979761610673823	0.2947752855170625	0.3098038865253837	0.039137100406941676
PRIMARY	random_forest	Lee_PRIMM_UK	Matson_US	54	38	33	21	14	24	500	1.0701941407104337e-07	"{""max_features"": ""sqrt"", ""min_samples_leaf"": 5}"	0.5178571428571429	0.31845238095238093	0.7232142857142857	500	0.48262166796714745	0.23646498609457733	0.5446428571428571	0.21428571428571427	0.875	0.6656315289361303	Lee_2022_family	Matson_2018	0	United_Kingdom	United_States	0	Europe	North_America	0	mixed_ICI_including_combination	anti_PD1_only	0	0.53	0.24269005847953223	3.9889840465642745	3.6375861597263857	1.8534931918759978	0.6124204863537068	0.5259206807769226	0.06252182484429769
PRIMARY	random_forest	Lee_PRIMM_UK	Spencer_US	54	97	33	21	71	26	500	1.0701941407104337e-07	"{""max_features"": ""sqrt"", ""min_samples_leaf"": 5}"	0.5357529794149513	0.40274918743228605	0.6606310942578548	500	0.7573290368780754	0.3040018929165931	0.47047670639219935	0.056338028169014086	0.8846153846153846	0.8046757919152234	Lee_2022_family	Spencer_2021	0	United_Kingdom	United_States	0	Europe	North_America	0	mixed_ICI_including_combination	anti_PD1_based_unspecified_mix	0	nan	0.12084765177548673	3.9889840465642745	4.574710978503383	1.8951555363130812	0.6409902283621296	0.5444864834515294	0.06305335421682991
PRIMARY	random_forest	Matson_US	Frankel_US	38	39	14	24	24	15	432	1.0642079206855303e-07	"{""max_features"": ""sqrt"", ""min_samples_leaf"": 5}"	0.4444444444444444	0.275	0.65	500	0.5800668789671833	0.29971453482331545	0.4708333333333333	0.20833333333333334	0.7333333333333333	0.7996193729374824	Matson_2018	Frankel_2017	0	United_States	United_States	1	North_America	North_America	1	anti_PD1_only	mixed_ICI_including_combination	0	nan	0.2469635627530365	3.6375861597263857	3.6635616461296463	1.0679491869084694	0.4539916266983753	0.38945877784631266	0.04694336574035822
PRIMARY	random_forest	Matson_US	Gopalakrishnan_US	38	25	14	24	14	11	432	1.0642079206855303e-07	"{""max_features"": ""sqrt"", ""min_samples_leaf"": 5}"	0.5	0.2532467532467533	0.7241883116883115	500	0.5858491648407614	0.2588779558646126	0.487012987012987	0.42857142857142855	0.5454545454545454	0.7107456891875428	Matson_2018	Gopalakrishnan_2018	0	United_States	United_States	1	North_America	North_America	1	anti_PD1_only	anti_PD1_only	1	0.0	0.19157894736842113	3.6375861597263857	3.2188758248682006	1.1378781135158458	0.32940473391192715	0.35644838628752057	0.0470108604845447
PRIMARY	random_forest	Matson_US	Lee_Barcelona	38	12	14	24	6	6	432	1.0642079206855303e-07	"{""max_features"": ""sqrt"", ""min_samples_leaf"": 5}"	0.13888888888888887	0.0	0.5	500	0.37863756613756616	0.3295812086147855	0.25	0.0	0.5	0.8569159888608548	Matson_2018	Lee_2022_family	0	United_States	Spain	0	North_America	Europe	0	anti_PD1_only	mixed_ICI_including_combination	0	nan	0.13157894736842107	3.6375861597263857	2.4849066497880004	1.9036925455120652	0.5117333886100498	0.4641582272842964	0.07052750924931375
PRIMARY	random_forest	Matson_US	Lee_Leeds	38	18	14	24	10	8	432	1.0642079206855303e-07	"{""max_features"": ""sqrt"", ""min_samples_leaf"": 5}"	0.48750000000000004	0.2125	0.7625	500	0.6437884337884338	0.2763402997155273	0.5125	0.4	0.625	0.7482922242967371	Matson_2018	Lee_2022_family	0	United_States	United_Kingdom	0	North_America	Europe	0	anti_PD1_only	mixed_ICI_including_combination	0	nan	0.18713450292397665	3.6375861597263857	2.8903717578961645	1.9771596498918715	0.5811823747640369	0.49020061089929295	0.07011311347150946
PRIMARY	random_forest	Matson_US	Lee_Manchester	38	25	14	24	12	13	432	1.0642079206855303e-07	"{""max_features"": ""sqrt"", ""min_samples_leaf"": 5}"	0.4807692307692307	0.24967948717948718	0.7020833333333332	500	0.4883339084426041	0.2628431394039494	0.5128205128205128	0.3333333333333333	0.6923076923076923	0.7202516111473937	Matson_2018	Lee_2022_family	0	United_States	United_Kingdom	0	North_America	Europe	0	anti_PD1_only	mixed_ICI_including_combination	0	nan	0.11157894736842106	3.6375861597263857	3.2188758248682006	2.0526455035056514	0.652012344550797	0.5576993360744268	0.06928177586824205
PRIMARY	random_forest	Matson_US	Lee_PRIMM_NL	38	55	14	24	33	22	432	1.0642079206855303e-07	"{""max_features"": ""sqrt"", ""min_samples_leaf"": 5}"	0.4297520661157025	0.27338154269972453	0.5930096418732782	500	0.5577919620554445	0.2734256578135601	0.45454545454545453	0.36363636363636365	0.5454545454545454	0.7412608052673552	Matson_2018	Lee_2022_family	0	United_States	Netherlands	0	North_America	Europe	0	anti_PD1_only	mixed_ICI_including_combination	0	0.22	0.23157894736842105	3.6375861597263857	4.007333185232471	2.151580063750936	0.7076207020813287	0.5984839380121251	0.06549751000878819
PRIMARY	random_forest	Matson_US	Lee_PRIMM_UK	38	54	14	24	33	21	432	1.0642079206855303e-07	"{""max_features"": ""sqrt"", ""min_samples_leaf"": 5}"	0.5238095238095238	0.3764790764790765	0.673881673881674	500	0.626040126321403	0.27715565782840385	0.5497835497835497	0.24242424242424243	0.8571428571428571	0.7496267179996855	Matson_2018	Lee_2022_family	0	United_States	United_Kingdom	0	North_America	Europe	0	anti_PD1_only	mixed_ICI_including_combination	0	0.53	0.24269005847953223	3.6375861597263857	3.9889840465642745	1.8534931918759978	0.6124204863537068	0.5259206807769226	0.06252182484429769
PRIMARY	random_forest	Matson_US	Spencer_US	38	97	14	24	71	26	432	1.0642079206855303e-07	"{""max_features"": ""sqrt"", ""min_samples_leaf"": 5}"	0.45774647887323944	0.3222914409534128	0.5960184182015167	500	0.7131972955359664	0.2928619043776999	0.5081256771397616	0.323943661971831	0.6923076923076923	0.7842477771669468	Matson_2018	Spencer_2021	0	United_States	United_States	1	North_America	North_America	1	anti_PD1_only	anti_PD1_based_unspecified_mix	0	nan	0.36353771025501896	3.6375861597263857	4.574710978503383	1.085571598218901	0.2896984855829794	0.3022554757028195	0.03619677568983824
PRIMARY	random_forest	Spencer_US	Frankel_US	97	39	71	26	24	15	326	5.144767586148716e-07	"{""max_features"": ""sqrt"", ""min_samples_leaf"": 5}"	0.65	0.4611111111111111	0.8336111111111109	500	0.699810506979818	0.23180738549859414	0.5333333333333333	1.0	0.06666666666666667	0.6583758569409204	Spencer_2021	Frankel_2017	0	United_States	United_States	1	North_America	North_America	1	anti_PD1_based_unspecified_mix	mixed_ICI_including_combination	0	nan	0.11657414750198247	4.574710978503383	3.6635616461296463	1.37106100772541	0.4428438885729916	0.3915311991633044	0.059063371581780995
PRIMARY	random_forest	Spencer_US	Gopalakrishnan_US	97	25	71	26	14	11	326	5.144767586148716e-07	"{""max_features"": ""sqrt"", ""min_samples_leaf"": 5}"	0.5974025974025974	0.36363636363636365	0.8086038961038959	500	0.6222217840638893	0.25382666649194036	0.5454545454545454	1.0	0.09090909090909091	0.7097665164904912	Spencer_2021	Gopalakrishnan_2018	0	United_States	United_States	1	North_America	North_America	1	anti_PD1_based_unspecified_mix	anti_PD1_only	0	nan	0.17195876288659784	4.574710978503383	3.2188758248682006	0.8663222398807107	0.3242323634033718	0.32656385568073787	0.033931879280921985
PRIMARY	random_forest	Spencer_US	Lee_Barcelona	97	12	71	26	6	6	326	5.144767586148716e-07	"{""max_features"": ""sqrt"", ""min_samples_leaf"": 5}"	0.6944444444444444	0.3333333333333333	1.0	500	0.8333333333333333	0.24839638032684594	0.5	1.0	0.0	0.6860584873684429	Spencer_2021	Lee_2022_family	0	United_States	Spain	0	North_America	Europe	0	anti_PD1_based_unspecified_mix	mixed_ICI_including_combination	0	nan	0.2319587628865979	4.574710978503383	2.4849066497880004	1.391846202645219	0.4289819163420409	0.40151921943678875	0.059569784385690126
PRIMARY	random_forest	Spencer_US	Lee_Leeds	97	18	71	26	10	8	326	5.144767586148716e-07	"{""max_features"": ""sqrt"", ""min_samples_leaf"": 5}"	0.5375	0.275	0.8	500	0.7204136141636142	0.24732928882247604	0.5	1.0	0.0	0.6873117517912863	Spencer_2021	Lee_2022_family	0	United_States	United_Kingdom	0	North_America	Europe	0	anti_PD1_based_unspecified_mix	mixed_ICI_including_combination	0	nan	0.1764032073310423	4.574710978503383	2.8903717578961645	1.8343999907642503	0.5462421632104126	0.47054562970191266	0.0711516832773583
PRIMARY	random_forest	Spencer_US	Lee_Manchester	97	25	71	26	12	13	326	5.144767586148716e-07	"{""max_features"": ""sqrt"", ""min_samples_leaf"": 5}"	0.36538461538461536	0.141025641025641	0.576923076923077	500	0.4974804339829915	0.282810404440051	0.375	0.75	0.0	0.7611395465936258	Spencer_2021	Lee_2022_family	0	United_States	United_Kingdom	0	North_America	Europe	0	anti_PD1_based_unspecified_mix	mixed_ICI_including_combination	0	nan	0.2519587628865979	4.574710978503383	3.2188758248682006	1.9981247694722843	0.6634308562491238	0.5626092193735298	0.06764326624120438
PRIMARY	random_forest	Spencer_US	Lee_PRIMM_NL	97	55	71	26	33	22	326	5.144767586148716e-07	"{""max_features"": ""sqrt"", ""min_samples_leaf"": 5}"	0.5371900826446281	0.37785812672176305	0.6861570247933882	500	0.6757761205739382	0.24063076082034873	0.5075757575757576	0.8787878787878788	0.13636363636363635	0.6739531521401205	Spencer_2021	Lee_2022_family	0	United_States	Netherlands	0	North_America	Europe	0	anti_PD1_based_unspecified_mix	mixed_ICI_including_combination	0	nan	0.1319587628865979	4.574710978503383	4.007333185232471	2.056853303314237	0.710936693632596	0.6077592582922652	0.059407540585743816
PRIMARY	random_forest	Spencer_US	Lee_PRIMM_UK	97	54	71	26	33	21	326	5.144767586148716e-07	"{""max_features"": ""sqrt"", ""min_samples_leaf"": 5}"	0.47186147186147187	0.3268037518037518	0.6379509379509379	500	0.6252674357946454	0.24122827817924056	0.5173160173160174	0.9393939393939394	0.09523809523809523	0.6749265969025572	Spencer_2021	Lee_2022_family	0	United_States	United_Kingdom	0	North_America	Europe	0	anti_PD1_based_unspecified_mix	mixed_ICI_including_combination	0	nan	0.12084765177548673	4.574710978503383	3.9889840465642745	1.8951555363130812	0.6409902283621296	0.5444864834515294	0.06305335421682991
PRIMARY	random_forest	Spencer_US	Matson_US	97	38	71	26	14	24	326	5.144767586148716e-07	"{""max_features"": ""sqrt"", ""min_samples_leaf"": 5}"	0.4583333333333333	0.2558035714285714	0.6636904761904763	500	0.43861575517574347	0.3260662209746215	0.4851190476190476	0.9285714285714286	0.041666666666666664	0.854909663148816	Spencer_2021	Matson_2018	0	United_States	United_States	1	North_America	North_America	1	anti_PD1_based_unspecified_mix	anti_PD1_only	0	nan	0.36353771025501896	4.574710978503383	3.6375861597263857	1.085571598218901	0.2896984855829794	0.3022554757028195	0.03619677568983824
S1_EXCLUDE_BCN12	elastic_net	Frankel_US	Gopalakrishnan_US	39	25	24	15	14	11	500	1.6488298996136508e-07	"{""C"": 0.2, ""l1_ratio"": 0.75}"	0.6298701298701298	0.40259740259740256	0.8605519480519479	500	0.6981695891085733	0.24001350310705324	0.6396103896103896	0.6428571428571429	0.6363636363636364	0.6729326813644767	Frankel_2017	Gopalakrishnan_2018	0	United_States	United_States	1	North_America	North_America	1	mixed_ICI_including_combination	anti_PD1_only	0	nan	0.055384615384615365	3.6635616461296463	3.2188758248682006	1.4601102198390727	0.5138555257100887	0.457773044074274	0.0727642304785162
S1_EXCLUDE_BCN12	elastic_net	Frankel_US	Lee_Barcelona	39	11	24	15	5	6	500	1.6488298996136508e-07	"{""C"": 0.2, ""l1_ratio"": 0.75}"	0.23333333333333334	0.0	0.5666666666666667	500	0.3714646464646465	0.33330619422368674	0.26666666666666666	0.2	0.3333333333333333	0.8688332190795932	Frankel_2017	Lee_2022_family	0	United_States	Spain	0	North_America	Europe	0	mixed_ICI_including_combination	mixed_ICI_including_combination	1	nan	0.1608391608391609	3.6635616461296463	2.3978952727983707	2.148005799674066	0.5625705120362823	0.5030899391825384	0.08056573056573058
S1_EXCLUDE_BCN12	elastic_net	Frankel_US	Lee_Leeds	39	18	24	15	10	8	500	1.6488298996136508e-07	"{""C"": 0.2, ""l1_ratio"": 0.75}"	0.16249999999999998	0.025	0.4065624999999997	500	0.41575863678804853	0.3561721936384245	0.275	0.3	0.25	0.9292035236645548	Frankel_2017	Lee_2022_family	0	United_States	United_Kingdom	0	North_America	Europe	0	mixed_ICI_including_combination	mixed_ICI_including_combination	1	nan	0.05982905982905984	3.6635616461296463	2.8903717578961645	2.0000659164923533	0.43330674562958954	0.39824176658373817	0.06973855069093164
S1_EXCLUDE_BCN12	elastic_net	Frankel_US	Lee_Manchester	39	25	24	15	12	13	500	1.6488298996136508e-07	"{""C"": 0.2, ""l1_ratio"": 0.75}"	0.4935897435897436	0.2594551282051282	0.7341346153846152	500	0.5101589711458132	0.29718740921921244	0.5064102564102564	0.16666666666666666	0.8461538461538461	0.8273804479963868	Frankel_2017	Lee_2022_family	0	United_States	United_Kingdom	0	North_America	Europe	0	mixed_ICI_including_combination	mixed_ICI_including_combination	1	nan	0.13538461538461544	3.6635616461296463	3.2188758248682006	2.0576633286376182	0.5284366611922444	0.4800730908319456	0.07087714402000117
S1_EXCLUDE_BCN12	elastic_net	Frankel_US	Lee_PRIMM_NL	39	55	24	15	33	22	500	1.6488298996136508e-07	"{""C"": 0.2, ""l1_ratio"": 0.75}"	0.534435261707989	0.37799586776859506	0.7011019283746557	500	0.6038464792259542	0.3060965134470126	0.48484848484848486	0.24242424242424243	0.7272727272727273	0.8178444002431006	Frankel_2017	Lee_2022_family	0	United_States	Netherlands	0	North_America	Europe	0	mixed_ICI_including_combination	mixed_ICI_including_combination	1	nan	0.015384615384615441	3.6635616461296463	4.007333185232471	2.1537283003203482	0.5362672870971259	0.49418965792965314	0.07240103811532383
S1_EXCLUDE_BCN12	elastic_net	Frankel_US	Lee_PRIMM_UK	39	54	24	15	33	21	500	1.6488298996136508e-07	"{""C"": 0.2, ""l1_ratio"": 0.75}"	0.48629148629148633	0.33477633477633484	0.6782828282828283	500	0.588578733022345	0.32055853443014953	0.46320346320346323	0.21212121212121213	0.7142857142857143	0.8515323158715602	Frankel_2017	Lee_2022_family	0	United_States	United_Kingdom	0	North_America	Europe	0	mixed_ICI_including_combination	mixed_ICI_including_combination	1	nan	0.004273504273504258	3.6635616461296463	3.9889840465642745	1.822480321344653	0.5029369678988839	0.44529863877920617	0.06176134271372367
S1_EXCLUDE_BCN12	elastic_net	Frankel_US	Matson_US	39	38	24	15	14	24	500	1.6488298996136508e-07	"{""C"": 0.2, ""l1_ratio"": 0.75}"	0.3630952380952381	0.16666666666666663	0.5819196428571428	500	0.36601480492103344	0.3144562020012365	0.4017857142857143	0.42857142857142855	0.375	0.8412335563478089	Frankel_2017	Matson_2018	0	United_States	United_States	1	North_America	North_America	1	mixed_ICI_including_combination	anti_PD1_only	0	nan	0.2469635627530365	3.6635616461296463	3.6375861597263857	1.0679491869084694	0.4539916266983753	0.38945877784631266	0.04694336574035822
S1_EXCLUDE_BCN12	elastic_net	Frankel_US	Spencer_US	39	97	24	15	71	26	500	1.6488298996136508e-07	"{""C"": 0.2, ""l1_ratio"": 0.75}"	0.5319609967497291	0.42627302275189594	0.6514219934994583	500	0.7591206051444427	0.26691604946129766	0.5419826652221018	0.5070422535211268	0.5769230769230769	0.7322014039030575	Frankel_2017	Spencer_2021	0	United_States	United_States	1	North_America	North_America	1	mixed_ICI_including_combination	anti_PD1_based_unspecified_mix	0	nan	0.11657414750198247	3.6635616461296463	4.574710978503383	1.37106100772541	0.4428438885729916	0.3915311991633044	0.059063371581780995
S1_EXCLUDE_BCN12	elastic_net	Gopalakrishnan_US	Frankel_US	25	39	14	11	24	15	386	2.5004030649745586e-07	"{""C"": 0.2, ""l1_ratio"": 0.75}"	0.46944444444444444	0.275	0.6460416666666665	500	0.5856272773896165	0.2826681394205711	0.425	0.25	0.6	0.7619792019683364	Gopalakrishnan_2018	Frankel_2017	0	United_States	United_States	1	North_America	North_America	1	anti_PD1_only	mixed_ICI_including_combination	0	nan	0.055384615384615365	3.2188758248682006	3.6635616461296463	1.4601102198390727	0.5138555257100887	0.457773044074274	0.0727642304785162
S1_EXCLUDE_BCN12	elastic_net	Gopalakrishnan_US	Lee_Barcelona	25	11	14	11	5	6	386	2.5004030649745586e-07	"{""C"": 0.2, ""l1_ratio"": 0.75}"	0.2666666666666667	0.0	0.6666666666666666	500	0.4042424242424242	0.2958681295176299	0.43333333333333335	0.2	0.6666666666666666	0.7899169861644423	Gopalakrishnan_2018	Lee_2022_family	0	United_States	Spain	0	North_America	Europe	0	anti_PD1_only	mixed_ICI_including_combination	0	nan	0.10545454545454552	3.2188758248682006	2.3978952727983707	1.7464261293987988	0.43864029899351553	0.4368346369614659	0.07725321239606954
S1_EXCLUDE_BCN12	elastic_net	Gopalakrishnan_US	Lee_Leeds	25	18	14	11	10	8	386	2.5004030649745586e-07	"{""C"": 0.2, ""l1_ratio"": 0.75}"	0.35	0.10593750000000002	0.6000000000000001	500	0.5056395891690009	0.28931137371090976	0.3	0.6	0.0	0.7749591986455635	Gopalakrishnan_2018	Lee_2022_family	0	United_States	United_Kingdom	0	North_America	Europe	0	anti_PD1_only	mixed_ICI_including_combination	0	nan	0.004444444444444473	3.2188758248682006	2.8903717578961645	2.0440113218725884	0.6134426055677813	0.5216269539720565	0.08646107331821616
S1_EXCLUDE_BCN12	elastic_net	Gopalakrishnan_US	Lee_Manchester	25	25	14	11	12	13	386	2.5004030649745586e-07	"{""C"": 0.2, ""l1_ratio"": 0.75}"	0.5448717948717949	0.29791666666666666	0.7790064102564103	500	0.6551257143462521	0.2515132884004914	0.40705128205128205	0.5833333333333334	0.23076923076923078	0.6958719687497372	Gopalakrishnan_2018	Lee_2022_family	0	United_States	United_Kingdom	0	North_America	Europe	0	anti_PD1_only	mixed_ICI_including_combination	0	nan	0.08000000000000007	3.2188758248682006	3.2188758248682006	2.156186223234672	0.7155554538377515	0.6032222163102883	0.08168707482993197
S1_EXCLUDE_BCN12	elastic_net	Gopalakrishnan_US	Lee_PRIMM_NL	25	55	14	11	33	22	386	2.5004030649745586e-07	"{""C"": 0.2, ""l1_ratio"": 0.75}"	0.7066115702479339	0.5516184573002755	0.8340564738292011	500	0.8015009895957721	0.22756749460536788	0.5984848484848485	0.8787878787878788	0.3181818181818182	0.6476392997789698	Gopalakrishnan_2018	Lee_2022_family	0	United_States	Netherlands	0	North_America	Europe	0	anti_PD1_only	mixed_ICI_including_combination	0	0.22	0.039999999999999925	3.2188758248682006	4.007333185232471	2.1884513111812445	0.7745689314443972	0.6511689475893659	0.07338528138528139
S1_EXCLUDE_BCN12	elastic_net	Gopalakrishnan_US	Lee_PRIMM_UK	25	54	14	11	33	21	386	2.5004030649745586e-07	"{""C"": 0.2, ""l1_ratio"": 0.75}"	0.598845598845599	0.42781385281385287	0.7532467532467533	500	0.7002902149171216	0.23302982750809478	0.577922077922078	0.7272727272727273	0.42857142857142855	0.6582534490499516	Gopalakrishnan_2018	Lee_2022_family	0	United_States	United_Kingdom	0	North_America	Europe	0	anti_PD1_only	mixed_ICI_including_combination	0	0.53	0.05111111111111111	3.2188758248682006	3.9889840465642745	2.0629884886791996	0.7029774214674973	0.5924470851118022	0.07848122952884858
S1_EXCLUDE_BCN12	elastic_net	Gopalakrishnan_US	Matson_US	25	38	14	11	14	24	386	2.5004030649745586e-07	"{""C"": 0.2, ""l1_ratio"": 0.75}"	0.5535714285714286	0.3465029761904762	0.738095238095238	500	0.45914012647852875	0.23665886956999937	0.5625	0.5	0.625	0.6650744451254539	Gopalakrishnan_2018	Matson_2018	0	United_States	United_States	1	North_America	North_America	1	anti_PD1_only	anti_PD1_only	1	0.0	0.19157894736842113	3.2188758248682006	3.6375861597263857	1.1378781135158458	0.32940473391192715	0.35644838628752057	0.0470108604845447
S1_EXCLUDE_BCN12	elastic_net	Gopalakrishnan_US	Spencer_US	25	97	14	11	71	26	386	2.5004030649745586e-07	"{""C"": 0.2, ""l1_ratio"": 0.75}"	0.47887323943661975	0.3374322860238353	0.6132448537378115	500	0.7236465793691743	0.2715150037430935	0.4926868905742145	0.4084507042253521	0.5769230769230769	0.7377993727754386	Gopalakrishnan_2018	Spencer_2021	0	United_States	United_States	1	North_America	North_America	1	anti_PD1_only	anti_PD1_based_unspecified_mix	0	nan	0.17195876288659784	3.2188758248682006	4.574710978503383	0.8663222398807107	0.3242323634033718	0.32656385568073787	0.033931879280921985
S1_EXCLUDE_BCN12	elastic_net	Lee_Barcelona	Frankel_US	11	39	5	6	24	15	492	1.0246076956438827e-07	"{""C"": 0.2, ""l1_ratio"": 0.75}"	0.35277777777777775	0.1790972222222222	0.5418055555555555	500	0.5380709742824066	0.25259487373486517	0.3916666666666667	0.5833333333333334	0.2	0.6983450524924765	Lee_2022_family	Frankel_2017	0	Spain	United_States	0	Europe	North_America	0	mixed_ICI_including_combination	mixed_ICI_including_combination	1	nan	0.1608391608391609	2.3978952727983707	3.6635616461296463	2.148005799674066	0.5625705120362823	0.5030899391825384	0.08056573056573058
S1_EXCLUDE_BCN12	elastic_net	Lee_Barcelona	Gopalakrishnan_US	11	25	5	6	14	11	492	1.0246076956438827e-07	"{""C"": 0.2, ""l1_ratio"": 0.75}"	0.4610389610389611	0.24983766233766236	0.6883116883116884	500	0.5855311975355291	0.2518407812543547	0.4383116883116883	0.7857142857142857	0.09090909090909091	0.6968515658933935	Lee_2022_family	Gopalakrishnan_2018	0	Spain	United_States	0	Europe	North_America	0	mixed_ICI_including_combination	anti_PD1_only	0	nan	0.10545454545454552	2.3978952727983707	3.2188758248682006	1.7464261293987988	0.43864029899351553	0.4368346369614659	0.07725321239606954
S1_EXCLUDE_BCN12	elastic_net	Lee_Barcelona	Lee_Leeds	11	18	5	6	10	8	492	1.0246076956438827e-07	"{""C"": 0.2, ""l1_ratio"": 0.75}"	0.6625	0.3559375	0.9190624999999998	500	0.692608225108225	0.2401406614586442	0.6125	0.6	0.625	0.6733728050903491	Lee_2022_family	Lee_2022_family	1	Spain	United_Kingdom	0	Europe	Europe	1	mixed_ICI_including_combination	mixed_ICI_including_combination	1	nan	0.10101010101010105	2.3978952727983707	2.8903717578961645	1.900081845184206	0.5949875337870366	0.5175184809533883	0.0664525069286974
S1_EXCLUDE_BCN12	elastic_net	Lee_Barcelona	Lee_Manchester	11	25	5	6	12	13	492	1.0246076956438827e-07	"{""C"": 0.2, ""l1_ratio"": 0.75}"	0.5576923076923076	0.31714743589743594	0.7948717948717948	500	0.5549359491271255	0.24913002599363243	0.48397435897435903	0.5833333333333334	0.38461538461538464	0.6914186383862418	Lee_2022_family	Lee_2022_family	1	Spain	United_Kingdom	0	Europe	Europe	1	mixed_ICI_including_combination	mixed_ICI_including_combination	1	nan	0.025454545454545452	2.3978952727983707	3.2188758248682006	2.2125872071199106	0.699237363642387	0.5968096276682744	0.0739697656840514
S1_EXCLUDE_BCN12	elastic_net	Lee_Barcelona	Lee_PRIMM_NL	11	55	5	6	33	22	492	1.0246076956438827e-07	"{""C"": 0.2, ""l1_ratio"": 0.75}"	0.418732782369146	0.265771349862259	0.5606060606060607	500	0.5802618051719175	0.25532150603368026	0.40909090909090906	0.5454545454545454	0.2727272727272727	0.7038251061033964	Lee_2022_family	Lee_2022_family	1	Spain	Netherlands	0	Europe	Europe	1	mixed_ICI_including_combination	mixed_ICI_including_combination	1	nan	0.14545454545454545	2.3978952727983707	4.007333185232471	2.2654600312628763	0.7635200611439845	0.6434861265694625	0.0709798666941524
S1_EXCLUDE_BCN12	elastic_net	Lee_Barcelona	Lee_PRIMM_UK	11	54	5	6	33	21	492	1.0246076956438827e-07	"{""C"": 0.2, ""l1_ratio"": 0.75}"	0.5411255411255411	0.3772366522366523	0.7041847041847042	500	0.6878716869159706	0.24641707472345015	0.5238095238095237	0.6666666666666666	0.38095238095238093	0.6859618710702572	Lee_2022_family	Lee_2022_family	1	Spain	United_Kingdom	0	Europe	Europe	1	mixed_ICI_including_combination	mixed_ICI_including_combination	1	nan	0.15656565656565663	2.3978952727983707	3.9889840465642745	2.1906652798974484	0.6864949908918968	0.594816419606938	0.07321323591164862
S1_EXCLUDE_BCN12	elastic_net	Lee_Barcelona	Matson_US	11	38	5	6	14	24	492	1.0246076956438827e-07	"{""C"": 0.2, ""l1_ratio"": 0.75}"	0.3869047619047619	0.20238095238095238	0.5982142857142857	500	0.4023921876442885	0.2584621040224781	0.47023809523809523	0.8571428571428571	0.08333333333333333	0.7100983653785249	Lee_2022_family	Matson_2018	0	Spain	United_States	0	Europe	North_America	0	mixed_ICI_including_combination	anti_PD1_only	0	nan	0.0861244019138756	2.3978952727983707	3.6375861597263857	1.9036925455120652	0.5117333886100498	0.4641582272842964	0.07052750924931375
S1_EXCLUDE_BCN12	elastic_net	Lee_Barcelona	Spencer_US	11	97	5	6	71	26	492	1.0246076956438827e-07	"{""C"": 0.2, ""l1_ratio"": 0.75}"	0.4956663055254605	0.3450162513542795	0.6227654387865653	500	0.7229910860732769	0.24602991518174633	0.4815817984832069	0.7323943661971831	0.23076923076923078	0.6852200151210037	Lee_2022_family	Spencer_2021	0	Spain	United_States	0	Europe	North_America	0	mixed_ICI_including_combination	anti_PD1_based_unspecified_mix	0	nan	0.27741330834114336	2.3978952727983707	4.574710978503383	1.391846202645219	0.4289819163420409	0.40151921943678875	0.059569784385690126
S1_EXCLUDE_BCN12	elastic_net	Lee_Leeds	Frankel_US	18	39	10	8	24	15	500	1.0661815682701918e-07	"{""C"": 0.2, ""l1_ratio"": 0.75}"	0.38055555555555554	0.20409722222222224	0.5890277777777777	500	0.5362602682750525	0.26498269994925455	0.44166666666666665	0.75	0.13333333333333333	0.7253611778149726	Lee_2022_family	Frankel_2017	0	United_Kingdom	United_States	0	Europe	North_America	0	mixed_ICI_including_combination	mixed_ICI_including_combination	1	nan	0.05982905982905984	2.8903717578961645	3.6635616461296463	2.0000659164923533	0.43330674562958954	0.39824176658373817	0.06973855069093164
S1_EXCLUDE_BCN12	elastic_net	Lee_Leeds	Gopalakrishnan_US	18	25	10	8	14	11	500	1.0661815682701918e-07	"{""C"": 0.2, ""l1_ratio"": 0.75}"	0.4805194805194805	0.24334415584415586	0.7272727272727273	500	0.625925380457667	0.26304603625872597	0.44805194805194803	0.7142857142857143	0.18181818181818182	0.7197097090973383	Lee_2022_family	Gopalakrishnan_2018	0	United_Kingdom	United_States	0	Europe	North_America	0	mixed_ICI_including_combination	anti_PD1_only	0	nan	0.004444444444444473	2.8903717578961645	3.2188758248682006	2.0440113218725884	0.6134426055677813	0.5216269539720565	0.08646107331821616
S1_EXCLUDE_BCN12	elastic_net	Lee_Leeds	Lee_Barcelona	18	11	10	8	5	6	500	1.0661815682701918e-07	"{""C"": 0.2, ""l1_ratio"": 0.75}"	0.7666666666666667	0.4333333333333333	1.0	500	0.7544444444444445	0.22537291215822747	0.5666666666666667	0.8	0.3333333333333333	0.6437147977522769	Lee_2022_family	Lee_2022_family	1	United_Kingdom	Spain	0	Europe	Europe	1	mixed_ICI_including_combination	mixed_ICI_including_combination	1	nan	0.10101010101010105	2.8903717578961645	2.3978952727983707	1.900081845184206	0.5949875337870366	0.5175184809533883	0.0664525069286974
S1_EXCLUDE_BCN12	elastic_net	Lee_Leeds	Lee_Manchester	18	25	10	8	12	13	500	1.0661815682701918e-07	"{""C"": 0.2, ""l1_ratio"": 0.75}"	0.49358974358974356	0.24999999999999997	0.7533653846153845	500	0.6277324668085539	0.2750032857688127	0.41025641025641024	0.6666666666666666	0.15384615384615385	0.7440870950227351	Lee_2022_family	Lee_2022_family	1	United_Kingdom	United_Kingdom	1	Europe	Europe	1	mixed_ICI_including_combination	mixed_ICI_including_combination	1	nan	0.0755555555555556	2.8903717578961645	3.2188758248682006	1.5545824937549038	0.47164689705627394	0.4330400701509546	0.05555555555555555
S1_EXCLUDE_BCN12	elastic_net	Lee_Leeds	Lee_PRIMM_NL	18	55	10	8	33	22	500	1.0661815682701918e-07	"{""C"": 0.2, ""l1_ratio"": 0.75}"	0.45041322314049587	0.30086088154269974	0.6172176308539943	500	0.6195960077734268	0.25321676749947	0.44696969696969696	0.6666666666666666	0.22727272727272727	0.6999502606464568	Lee_2022_family	Lee_2022_family	1	United_Kingdom	Netherlands	0	Europe	Europe	1	mixed_ICI_including_combination	mixed_ICI_including_combination	1	nan	0.0444444444444444	2.8903717578961645	4.007333185232471	1.5566246650097413	0.4778931549680615	0.43468033313280113	0.058371927895737426
S1_EXCLUDE_BCN12	elastic_net	Lee_Leeds	Lee_PRIMM_UK	18	54	10	8	33	21	500	1.0661815682701918e-07	"{""C"": 0.2, ""l1_ratio"": 0.75}"	0.5252525252525253	0.36356421356421353	0.7028138528138528	500	0.6539260215875312	0.24519081636267057	0.5367965367965368	0.7878787878787878	0.2857142857142857	0.6836716143729411	Lee_2022_family	Lee_2022_family	1	United_Kingdom	United_Kingdom	1	Europe	Europe	1	mixed_ICI_including_combination	mixed_ICI_including_combination	1	nan	0.05555555555555558	2.8903717578961645	3.9889840465642745	1.4223043524177503	0.4473893542658809	0.4113155539569585	0.05030654237003443
S1_EXCLUDE_BCN12	elastic_net	Lee_Leeds	Matson_US	18	38	10	8	14	24	500	1.0661815682701918e-07	"{""C"": 0.2, ""l1_ratio"": 0.75}"	0.34523809523809523	0.17559523809523808	0.5253720238095236	500	0.2969085779915614	0.2863567251797507	0.43154761904761907	0.5714285714285714	0.2916666666666667	0.7688943945471771	Lee_2022_family	Matson_2018	0	United_Kingdom	United_States	0	Europe	North_America	0	mixed_ICI_including_combination	anti_PD1_only	0	nan	0.18713450292397665	2.8903717578961645	3.6375861597263857	1.9771596498918715	0.5811823747640369	0.49020061089929295	0.07011311347150946
S1_EXCLUDE_BCN12	elastic_net	Lee_Leeds	Spencer_US	18	97	10	8	71	26	500	1.0661815682701918e-07	"{""C"": 0.2, ""l1_ratio"": 0.75}"	0.4761646803900325	0.34504333694474537	0.6079360780065005	500	0.7141617627362885	0.239102378345417	0.5148970747562297	0.7605633802816901	0.2692307692307692	0.6711849679133581	Lee_2022_family	Spencer_2021	0	United_Kingdom	United_States	0	Europe	North_America	0	mixed_ICI_including_combination	anti_PD1_based_unspecified_mix	0	nan	0.1764032073310423	2.8903717578961645	4.574710978503383	1.8343999907642503	0.5462421632104126	0.47054562970191266	0.0711516832773583
S1_EXCLUDE_BCN12	elastic_net	Lee_Manchester	Frankel_US	25	39	12	13	24	15	500	5.636676092699121e-08	"{""C"": 0.2, ""l1_ratio"": 0.75}"	0.4388888888888889	0.2596527777777778	0.6153472222222222	500	0.5795666148264343	0.29835192589868115	0.4375	0.20833333333333334	0.6666666666666666	0.8008863069017811	Lee_2022_family	Frankel_2017	0	United_Kingdom	United_States	0	Europe	North_America	0	mixed_ICI_including_combination	mixed_ICI_including_combination	1	nan	0.13538461538461544	3.2188758248682006	3.6635616461296463	2.0576633286376182	0.5284366611922444	0.4800730908319456	0.07087714402000117
S1_EXCLUDE_BCN12	elastic_net	Lee_Manchester	Gopalakrishnan_US	25	25	12	13	14	11	500	5.636676092699121e-08	"{""C"": 0.2, ""l1_ratio"": 0.75}"	0.512987012987013	0.2597402597402597	0.7402597402597403	500	0.6063235056868597	0.2914146400246593	0.5	0.0	1.0	0.7862389309985979	Lee_2022_family	Gopalakrishnan_2018	0	United_Kingdom	United_States	0	Europe	North_America	0	mixed_ICI_including_combination	anti_PD1_only	0	nan	0.08000000000000007	3.2188758248682006	3.2188758248682006	2.156186223234672	0.7155554538377515	0.6032222163102883	0.08168707482993197
S1_EXCLUDE_BCN12	elastic_net	Lee_Manchester	Lee_Barcelona	25	11	12	13	5	6	500	5.636676092699121e-08	"{""C"": 0.2, ""l1_ratio"": 0.75}"	0.23333333333333334	0.0	0.5333333333333333	500	0.3714646464646465	0.28185016992407336	0.4166666666666667	0.0	0.8333333333333334	0.7598224182489353	Lee_2022_family	Lee_2022_family	1	United_Kingdom	Spain	0	Europe	Europe	1	mixed_ICI_including_combination	mixed_ICI_including_combination	1	nan	0.025454545454545452	3.2188758248682006	2.3978952727983707	2.2125872071199106	0.699237363642387	0.5968096276682744	0.0739697656840514
S1_EXCLUDE_BCN12	elastic_net	Lee_Manchester	Lee_Leeds	25	18	12	13	10	8	500	5.636676092699121e-08	"{""C"": 0.2, ""l1_ratio"": 0.75}"	0.35	0.11249999999999999	0.65	500	0.5135513995808114	0.26905638472765897	0.425	0.6	0.25	0.7320746387081223	Lee_2022_family	Lee_2022_family	1	United_Kingdom	United_Kingdom	1	Europe	Europe	1	mixed_ICI_including_combination	mixed_ICI_including_combination	1	nan	0.0755555555555556	3.2188758248682006	2.8903717578961645	1.5545824937549038	0.47164689705627394	0.4330400701509546	0.05555555555555555
S1_EXCLUDE_BCN12	elastic_net	Lee_Manchester	Lee_PRIMM_NL	25	55	12	13	33	22	500	5.636676092699121e-08	"{""C"": 0.2, ""l1_ratio"": 0.75}"	0.5426997245179064	0.38908402203856757	0.6984159779614325	500	0.6187960623698908	0.25395759345918056	0.5378787878787878	0.6666666666666666	0.4090909090909091	0.7037783209826016	Lee_2022_family	Lee_2022_family	1	United_Kingdom	Netherlands	0	Europe	Europe	1	mixed_ICI_including_combination	mixed_ICI_including_combination	1	nan	0.12	3.2188758248682006	4.007333185232471	1.023240361097451	0.37225480323409776	0.3551927713469969	0.039582766439909295
S1_EXCLUDE_BCN12	elastic_net	Lee_Manchester	Lee_PRIMM_UK	25	54	12	13	33	21	500	5.636676092699121e-08	"{""C"": 0.2, ""l1_ratio"": 0.75}"	0.6176046176046177	0.4609307359307359	0.766991341991342	500	0.7482333399752839	0.23675744098040996	0.5865800865800865	0.696969696969697	0.47619047619047616	0.6663609308630363	Lee_2022_family	Lee_2022_family	1	United_Kingdom	United_Kingdom	1	Europe	Europe	1	mixed_ICI_including_combination	mixed_ICI_including_combination	1	nan	0.13111111111111118	3.2188758248682006	3.9889840465642745	0.9138188960887204	0.3284935922301878	0.31756491921131447	0.036730326698580666
S1_EXCLUDE_BCN12	elastic_net	Lee_Manchester	Matson_US	25	38	12	13	14	24	500	5.636676092699121e-08	"{""C"": 0.2, ""l1_ratio"": 0.75}"	0.41369047619047616	0.21428571428571427	0.616220238095238	500	0.35231069473059196	0.24621611011618347	0.5089285714285714	0.14285714285714285	0.875	0.6861832774487581	Lee_2022_family	Matson_2018	0	United_Kingdom	United_States	0	Europe	North_America	0	mixed_ICI_including_combination	anti_PD1_only	0	nan	0.11157894736842106	3.2188758248682006	3.6375861597263857	2.0526455035056514	0.652012344550797	0.5576993360744268	0.06928177586824205
S1_EXCLUDE_BCN12	elastic_net	Lee_Manchester	Spencer_US	25	97	12	13	71	26	500	5.636676092699121e-08	"{""C"": 0.2, ""l1_ratio"": 0.75}"	0.45612134344528704	0.32608342361863485	0.5918607800650053	500	0.7140323491783884	0.3212598232955886	0.4723726977248104	0.09859154929577464	0.8461538461538461	0.8426394600363701	Lee_2022_family	Spencer_2021	0	United_Kingdom	United_States	0	Europe	North_America	0	mixed_ICI_including_combination	anti_PD1_based_unspecified_mix	0	nan	0.2519587628865979	3.2188758248682006	4.574710978503383	1.9981247694722843	0.6634308562491238	0.5626092193735298	0.06764326624120438
S1_EXCLUDE_BCN12	elastic_net	Lee_PRIMM_NL	Frankel_US	55	39	33	22	24	15	462	2.1269490829764473e-07	"{""C"": 0.2, ""l1_ratio"": 0.75}"	0.4611111111111111	0.2735416666666667	0.6765972222222221	500	0.5781178588781287	0.3287691049179693	0.5	0.3333333333333333	0.6666666666666666	0.8946013551095638	Lee_2022_family	Frankel_2017	0	Netherlands	United_States	0	Europe	North_America	0	mixed_ICI_including_combination	mixed_ICI_including_combination	1	nan	0.015384615384615441	4.007333185232471	3.6635616461296463	2.1537283003203482	0.5362672870971259	0.49418965792965314	0.07240103811532383
S1_EXCLUDE_BCN12	elastic_net	Lee_PRIMM_NL	Gopalakrishnan_US	55	25	33	22	14	11	462	2.1269490829764473e-07	"{""C"": 0.2, ""l1_ratio"": 0.75}"	0.44805194805194803	0.23035714285714287	0.6787337662337661	500	0.6166875459011009	0.3048288466507789	0.4253246753246753	0.21428571428571427	0.6363636363636364	0.830840323440422	Lee_2022_family	Gopalakrishnan_2018	0	Netherlands	United_States	0	Europe	North_America	0	mixed_ICI_including_combination	anti_PD1_only	0	0.22	0.039999999999999925	4.007333185232471	3.2188758248682006	2.1884513111812445	0.7745689314443972	0.6511689475893659	0.07338528138528139
S1_EXCLUDE_BCN12	elastic_net	Lee_PRIMM_NL	Lee_Barcelona	55	11	33	22	5	6	462	2.1269490829764473e-07	"{""C"": 0.2, ""l1_ratio"": 0.75}"	0.5	0.16666666666666669	0.9999999999999999	500	0.5542424242424242	0.2753244065694847	0.6166666666666667	0.4	0.8333333333333334	0.7756746302709439	Lee_2022_family	Lee_2022_family	1	Netherlands	Spain	0	Europe	Europe	1	mixed_ICI_including_combination	mixed_ICI_including_combination	1	nan	0.14545454545454545	4.007333185232471	2.3978952727983707	2.2654600312628763	0.7635200611439845	0.6434861265694625	0.0709798666941524
S1_EXCLUDE_BCN12	elastic_net	Lee_PRIMM_NL	Lee_Leeds	55	18	33	22	10	8	462	2.1269490829764473e-07	"{""C"": 0.2, ""l1_ratio"": 0.75}"	0.4875	0.2375	0.775	500	0.5864981750275868	0.28742080758662003	0.55	0.6	0.5	0.7863196197567542	Lee_2022_family	Lee_2022_family	1	Netherlands	United_Kingdom	0	Europe	Europe	1	mixed_ICI_including_combination	mixed_ICI_including_combination	1	nan	0.0444444444444444	4.007333185232471	2.8903717578961645	1.5566246650097413	0.4778931549680615	0.43468033313280113	0.058371927895737426
S1_EXCLUDE_BCN12	elastic_net	Lee_PRIMM_NL	Lee_Manchester	55	25	33	22	12	13	462	2.1269490829764473e-07	"{""C"": 0.2, ""l1_ratio"": 0.75}"	0.30769230769230765	0.10256410256410252	0.5610576923076921	500	0.39220251311582577	0.34009792417790435	0.3653846153846154	0.5	0.23076923076923078	0.9034174891961357	Lee_2022_family	Lee_2022_family	1	Netherlands	United_Kingdom	0	Europe	Europe	1	mixed_ICI_including_combination	mixed_ICI_including_combination	1	nan	0.12	4.007333185232471	3.2188758248682006	1.023240361097451	0.37225480323409776	0.3551927713469969	0.039582766439909295
S1_EXCLUDE_BCN12	elastic_net	Lee_PRIMM_NL	Lee_PRIMM_UK	55	54	33	22	33	21	462	2.1269490829764473e-07	"{""C"": 0.2, ""l1_ratio"": 0.75}"	0.572871572871573	0.4263708513708514	0.7323593073593073	500	0.7079250112821411	0.2500463380251534	0.5021645021645021	0.5757575757575758	0.42857142857142855	0.694944092894766	Lee_2022_family	Lee_2022_family	1	Netherlands	United_Kingdom	0	Europe	Europe	1	mixed_ICI_including_combination	mixed_ICI_including_combination	1	0.31000000000000005	0.011111111111111183	4.007333185232471	3.9889840465642745	0.979761610673823	0.2947752855170625	0.3098038865253837	0.039137100406941676
S1_EXCLUDE_BCN12	elastic_net	Lee_PRIMM_NL	Matson_US	55	38	33	22	14	24	462	2.1269490829764473e-07	"{""C"": 0.2, ""l1_ratio"": 0.75}"	0.5595238095238095	0.3629464285714286	0.7338541666666665	500	0.41539797487577684	0.24479091367641473	0.5386904761904762	0.2857142857142857	0.7916666666666666	0.6876176862215732	Lee_2022_family	Matson_2018	0	Netherlands	United_States	0	Europe	North_America	0	mixed_ICI_including_combination	anti_PD1_only	0	0.22	0.23157894736842105	4.007333185232471	3.6375861597263857	2.151580063750936	0.7076207020813287	0.5984839380121251	0.06549751000878819
S1_EXCLUDE_BCN12	elastic_net	Lee_PRIMM_NL	Spencer_US	55	97	33	22	71	26	462	2.1269490829764473e-07	"{""C"": 0.2, ""l1_ratio"": 0.75}"	0.5130010834236186	0.37837215601300106	0.6466278439869988	500	0.7654814757466826	0.3355864201340867	0.5268147345612134	0.16901408450704225	0.8846153846153846	0.8841568135685797	Lee_2022_family	Spencer_2021	0	Netherlands	United_States	0	Europe	North_America	0	mixed_ICI_including_combination	anti_PD1_based_unspecified_mix	0	nan	0.1319587628865979	4.007333185232471	4.574710978503383	2.056853303314237	0.710936693632596	0.6077592582922652	0.059407540585743816
S1_EXCLUDE_BCN12	elastic_net	Lee_PRIMM_UK	Frankel_US	54	39	33	21	24	15	500	1.0701941407104337e-07	"{""C"": 0.2, ""l1_ratio"": 0.75}"	0.4111111111111111	0.2346527777777778	0.6153472222222222	500	0.552176251733494	0.3711187433677639	0.4458333333333333	0.2916666666666667	0.6	1.0016423903773262	Lee_2022_family	Frankel_2017	0	United_Kingdom	United_States	0	Europe	North_America	0	mixed_ICI_including_combination	mixed_ICI_including_combination	1	nan	0.004273504273504258	3.9889840465642745	3.6635616461296463	1.822480321344653	0.5029369678988839	0.44529863877920617	0.06176134271372367
S1_EXCLUDE_BCN12	elastic_net	Lee_PRIMM_UK	Gopalakrishnan_US	54	25	33	21	14	11	500	1.0701941407104337e-07	"{""C"": 0.2, ""l1_ratio"": 0.75}"	0.6168831168831168	0.3831168831168831	0.8280844155844154	500	0.6729590087783365	0.3033892422930879	0.5162337662337663	0.21428571428571427	0.8181818181818182	0.8331638474284331	Lee_2022_family	Gopalakrishnan_2018	0	United_Kingdom	United_States	0	Europe	North_America	0	mixed_ICI_including_combination	anti_PD1_only	0	0.53	0.05111111111111111	3.9889840465642745	3.2188758248682006	2.0629884886791996	0.7029774214674973	0.5924470851118022	0.07848122952884858
S1_EXCLUDE_BCN12	elastic_net	Lee_PRIMM_UK	Lee_Barcelona	54	11	33	21	5	6	500	1.0701941407104337e-07	"{""C"": 0.2, ""l1_ratio"": 0.75}"	0.3	0.0	0.6666666666666666	500	0.5119408369408369	0.3437263716321645	0.26666666666666666	0.2	0.3333333333333333	0.9052659432551614	Lee_2022_family	Lee_2022_family	1	United_Kingdom	Spain	0	Europe	Europe	1	mixed_ICI_including_combination	mixed_ICI_including_combination	1	nan	0.15656565656565663	3.9889840465642745	2.3978952727983707	2.1906652798974484	0.6864949908918968	0.594816419606938	0.07321323591164862
S1_EXCLUDE_BCN12	elastic_net	Lee_PRIMM_UK	Lee_Leeds	54	18	33	21	10	8	500	1.0701941407104337e-07	"{""C"": 0.2, ""l1_ratio"": 0.75}"	0.7375	0.45	0.9625	500	0.7151037851037851	0.2195919040941491	0.625	0.5	0.75	0.629209014680282	Lee_2022_family	Lee_2022_family	1	United_Kingdom	United_Kingdom	1	Europe	Europe	1	mixed_ICI_including_combination	mixed_ICI_including_combination	1	nan	0.05555555555555558	3.9889840465642745	2.8903717578961645	1.4223043524177503	0.4473893542658809	0.4113155539569585	0.05030654237003443
S1_EXCLUDE_BCN12	elastic_net	Lee_PRIMM_UK	Lee_Manchester	54	25	33	21	12	13	500	1.0701941407104337e-07	"{""C"": 0.2, ""l1_ratio"": 0.75}"	0.3333333333333333	0.13124999999999998	0.5705128205128205	500	0.40535319834889094	0.35169353748043725	0.3685897435897436	0.5833333333333334	0.15384615384615385	0.9614133731445894	Lee_2022_family	Lee_2022_family	1	United_Kingdom	United_Kingdom	1	Europe	Europe	1	mixed_ICI_including_combination	mixed_ICI_including_combination	1	nan	0.13111111111111118	3.9889840465642745	3.2188758248682006	0.9138188960887204	0.3284935922301878	0.31756491921131447	0.036730326698580666
S1_EXCLUDE_BCN12	elastic_net	Lee_PRIMM_UK	Lee_PRIMM_NL	54	55	33	21	33	22	500	1.0701941407104337e-07	"{""C"": 0.2, ""l1_ratio"": 0.75}"	0.6584022038567493	0.5134986225895317	0.7879476584022038	500	0.7352956668486339	0.2293709488273612	0.5909090909090909	0.7272727272727273	0.45454545454545453	0.6541555413252454	Lee_2022_family	Lee_2022_family	1	United_Kingdom	Netherlands	0	Europe	Europe	1	mixed_ICI_including_combination	mixed_ICI_including_combination	1	0.31000000000000005	0.011111111111111183	3.9889840465642745	4.007333185232471	0.979761610673823	0.2947752855170625	0.3098038865253837	0.039137100406941676
S1_EXCLUDE_BCN12	elastic_net	Lee_PRIMM_UK	Matson_US	54	38	33	21	14	24	500	1.0701941407104337e-07	"{""C"": 0.2, ""l1_ratio"": 0.75}"	0.5148809523809523	0.3139136904761905	0.7039434523809524	500	0.41648661067898196	0.25812590667529156	0.5327380952380952	0.35714285714285715	0.7083333333333334	0.7308798237139266	Lee_2022_family	Matson_2018	0	United_Kingdom	United_States	0	Europe	North_America	0	mixed_ICI_including_combination	anti_PD1_only	0	0.53	0.24269005847953223	3.9889840465642745	3.6375861597263857	1.8534931918759978	0.6124204863537068	0.5259206807769226	0.06252182484429769
S1_EXCLUDE_BCN12	elastic_net	Lee_PRIMM_UK	Spencer_US	54	97	33	21	71	26	500	1.0701941407104337e-07	"{""C"": 0.2, ""l1_ratio"": 0.75}"	0.5465872156013001	0.4135292524377031	0.6702329360780064	500	0.7824864354303205	0.3139501857977969	0.5029794149512459	0.352112676056338	0.6538461538461539	0.8520717788896798	Lee_2022_family	Spencer_2021	0	United_Kingdom	United_States	0	Europe	North_America	0	mixed_ICI_including_combination	anti_PD1_based_unspecified_mix	0	nan	0.12084765177548673	3.9889840465642745	4.574710978503383	1.8951555363130812	0.6409902283621296	0.5444864834515294	0.06305335421682991
S1_EXCLUDE_BCN12	elastic_net	Matson_US	Frankel_US	38	39	14	24	24	15	432	1.0642079206855303e-07	"{""C"": 0.2, ""l1_ratio"": 0.75}"	0.5277777777777778	0.3359722222222222	0.7138888888888889	500	0.6452162560630326	0.33538788507356837	0.5375	0.20833333333333334	0.8666666666666667	0.9011243013452704	Matson_2018	Frankel_2017	0	United_States	United_States	1	North_America	North_America	1	anti_PD1_only	mixed_ICI_including_combination	0	nan	0.2469635627530365	3.6375861597263857	3.6635616461296463	1.0679491869084694	0.4539916266983753	0.38945877784631266	0.04694336574035822
S1_EXCLUDE_BCN12	elastic_net	Matson_US	Gopalakrishnan_US	38	25	14	24	14	11	432	1.0642079206855303e-07	"{""C"": 0.2, ""l1_ratio"": 0.75}"	0.6688311688311688	0.4446428571428571	0.8831168831168832	500	0.7065608576886773	0.2223814639379221	0.6655844155844155	0.7857142857142857	0.5454545454545454	0.6340650023376778	Matson_2018	Gopalakrishnan_2018	0	United_States	United_States	1	North_America	North_America	1	anti_PD1_only	anti_PD1_only	1	0.0	0.19157894736842113	3.6375861597263857	3.2188758248682006	1.1378781135158458	0.32940473391192715	0.35644838628752057	0.0470108604845447
S1_EXCLUDE_BCN12	elastic_net	Matson_US	Lee_Barcelona	38	11	14	24	5	6	432	1.0642079206855303e-07	"{""C"": 0.2, ""l1_ratio"": 0.75}"	0.3333333333333333	0.0	0.7333333333333333	500	0.5214646464646464	0.32164593936958064	0.48333333333333334	0.8	0.16666666666666666	0.846936325847323	Matson_2018	Lee_2022_family	0	United_States	Spain	0	North_America	Europe	0	anti_PD1_only	mixed_ICI_including_combination	0	nan	0.0861244019138756	3.6375861597263857	2.3978952727983707	1.9036925455120652	0.5117333886100498	0.4641582272842964	0.07052750924931375
S1_EXCLUDE_BCN12	elastic_net	Matson_US	Lee_Leeds	38	18	14	24	10	8	432	1.0642079206855303e-07	"{""C"": 0.2, ""l1_ratio"": 0.75}"	0.7375	0.48749999999999993	0.9375	500	0.7906240981240981	0.2208569803699718	0.675	0.6	0.75	0.6308441839199261	Matson_2018	Lee_2022_family	0	United_States	United_Kingdom	0	North_America	Europe	0	anti_PD1_only	mixed_ICI_including_combination	0	nan	0.18713450292397665	3.6375861597263857	2.8903717578961645	1.9771596498918715	0.5811823747640369	0.49020061089929295	0.07011311347150946
S1_EXCLUDE_BCN12	elastic_net	Matson_US	Lee_Manchester	38	25	14	24	12	13	432	1.0642079206855303e-07	"{""C"": 0.2, ""l1_ratio"": 0.75}"	0.34615384615384615	0.11201923076923076	0.5546474358974358	500	0.4423281318118274	0.3272003463880324	0.40384615384615385	0.5	0.3076923076923077	0.8722925217108913	Matson_2018	Lee_2022_family	0	United_States	United_Kingdom	0	North_America	Europe	0	anti_PD1_only	mixed_ICI_including_combination	0	nan	0.11157894736842106	3.6375861597263857	3.2188758248682006	2.0526455035056514	0.652012344550797	0.5576993360744268	0.06928177586824205
S1_EXCLUDE_BCN12	elastic_net	Matson_US	Lee_PRIMM_NL	38	55	14	24	33	22	432	1.0642079206855303e-07	"{""C"": 0.2, ""l1_ratio"": 0.75}"	0.36914600550964183	0.20712809917355374	0.5390495867768591	500	0.5180867368418551	0.31297748162162603	0.5075757575757576	0.5151515151515151	0.5	0.8351040996639731	Matson_2018	Lee_2022_family	0	United_States	Netherlands	0	North_America	Europe	0	anti_PD1_only	mixed_ICI_including_combination	0	0.22	0.23157894736842105	3.6375861597263857	4.007333185232471	2.151580063750936	0.7076207020813287	0.5984839380121251	0.06549751000878819
S1_EXCLUDE_BCN12	elastic_net	Matson_US	Lee_PRIMM_UK	38	54	14	24	33	21	432	1.0642079206855303e-07	"{""C"": 0.2, ""l1_ratio"": 0.75}"	0.49350649350649356	0.3296897546897547	0.6667388167388167	500	0.5712235801339689	0.32593106925257537	0.43073593073593075	0.24242424242424243	0.6190476190476191	0.8649898653757007	Matson_2018	Lee_2022_family	0	United_States	United_Kingdom	0	North_America	Europe	0	anti_PD1_only	mixed_ICI_including_combination	0	0.53	0.24269005847953223	3.6375861597263857	3.9889840465642745	1.8534931918759978	0.6124204863537068	0.5259206807769226	0.06252182484429769
S1_EXCLUDE_BCN12	elastic_net	Matson_US	Spencer_US	38	97	14	24	71	26	432	1.0642079206855303e-07	"{""C"": 0.2, ""l1_ratio"": 0.75}"	0.47724810400866735	0.3301733477789816	0.6118770314192848	500	0.7396953916348341	0.27109441452230093	0.5124593716143012	0.5633802816901409	0.46153846153846156	0.7389821781480457	Matson_2018	Spencer_2021	0	United_States	United_States	1	North_America	North_America	1	anti_PD1_only	anti_PD1_based_unspecified_mix	0	nan	0.36353771025501896	3.6375861597263857	4.574710978503383	1.085571598218901	0.2896984855829794	0.3022554757028195	0.03619677568983824
S1_EXCLUDE_BCN12	elastic_net	Spencer_US	Frankel_US	97	39	71	26	24	15	326	5.144767586148716e-07	"{""C"": 0.2, ""l1_ratio"": 0.75}"	0.4444444444444444	0.2861111111111111	0.6486805555555556	500	0.6497724354704911	0.3025351479104757	0.475	0.75	0.2	0.8248103968579417	Spencer_2021	Frankel_2017	0	United_States	United_States	1	North_America	North_America	1	anti_PD1_based_unspecified_mix	mixed_ICI_including_combination	0	nan	0.11657414750198247	4.574710978503383	3.6635616461296463	1.37106100772541	0.4428438885729916	0.3915311991633044	0.059063371581780995
S1_EXCLUDE_BCN12	elastic_net	Spencer_US	Gopalakrishnan_US	97	25	71	26	14	11	326	5.144767586148716e-07	"{""C"": 0.2, ""l1_ratio"": 0.75}"	0.4155844155844156	0.20438311688311692	0.6753246753246753	500	0.5647224647434731	0.3213098605756095	0.4025974025974026	0.7142857142857143	0.09090909090909091	0.8726593793380235	Spencer_2021	Gopalakrishnan_2018	0	United_States	United_States	1	North_America	North_America	1	anti_PD1_based_unspecified_mix	anti_PD1_only	0	nan	0.17195876288659784	4.574710978503383	3.2188758248682006	0.8663222398807107	0.3242323634033718	0.32656385568073787	0.033931879280921985
S1_EXCLUDE_BCN12	elastic_net	Spencer_US	Lee_Barcelona	97	11	71	26	5	6	326	5.144767586148716e-07	"{""C"": 0.2, ""l1_ratio"": 0.75}"	0.7	0.33333333333333337	1.0	500	0.7533333333333332	0.2441455176355733	0.65	0.8	0.5	0.679710979397834	Spencer_2021	Lee_2022_family	0	United_States	Spain	0	North_America	Europe	0	anti_PD1_based_unspecified_mix	mixed_ICI_including_combination	0	nan	0.27741330834114336	4.574710978503383	2.3978952727983707	1.391846202645219	0.4289819163420409	0.40151921943678875	0.059569784385690126
S1_EXCLUDE_BCN12	elastic_net	Spencer_US	Lee_Leeds	97	18	71	26	10	8	326	5.144767586148716e-07	"{""C"": 0.2, ""l1_ratio"": 0.75}"	0.55	0.25	0.8125000000000001	500	0.7105863499245851	0.2742396405322695	0.5375	0.2	0.875	0.7558648729572621	Spencer_2021	Lee_2022_family	0	United_States	United_Kingdom	0	North_America	Europe	0	anti_PD1_based_unspecified_mix	mixed_ICI_including_combination	0	nan	0.1764032073310423	4.574710978503383	2.8903717578961645	1.8343999907642503	0.5462421632104126	0.47054562970191266	0.0711516832773583
S1_EXCLUDE_BCN12	elastic_net	Spencer_US	Lee_Manchester	97	25	71	26	12	13	326	5.144767586148716e-07	"{""C"": 0.2, ""l1_ratio"": 0.75}"	0.3269230769230769	0.1474358974358974	0.5418269230769229	500	0.4247062788432757	0.38909758577119363	0.35256410256410253	0.16666666666666666	0.5384615384615384	1.0845397478694787	Spencer_2021	Lee_2022_family	0	United_States	United_Kingdom	0	North_America	Europe	0	anti_PD1_based_unspecified_mix	mixed_ICI_including_combination	0	nan	0.2519587628865979	4.574710978503383	3.2188758248682006	1.9981247694722843	0.6634308562491238	0.5626092193735298	0.06764326624120438
S1_EXCLUDE_BCN12	elastic_net	Spencer_US	Lee_PRIMM_NL	97	55	71	26	33	22	326	5.144767586148716e-07	"{""C"": 0.2, ""l1_ratio"": 0.75}"	0.5082644628099173	0.35943526170798895	0.6549931129476584	500	0.6565218953169886	0.3425535027885845	0.5303030303030303	0.24242424242424243	0.8181818181818182	0.9620360268280654	Spencer_2021	Lee_2022_family	0	United_States	Netherlands	0	North_America	Europe	0	anti_PD1_based_unspecified_mix	mixed_ICI_including_combination	0	nan	0.1319587628865979	4.574710978503383	4.007333185232471	2.056853303314237	0.710936693632596	0.6077592582922652	0.059407540585743816
S1_EXCLUDE_BCN12	elastic_net	Spencer_US	Lee_PRIMM_UK	97	54	71	26	33	21	326	5.144767586148716e-07	"{""C"": 0.2, ""l1_ratio"": 0.75}"	0.43001443001443007	0.2863997113997114	0.5851731601731602	500	0.5820733905808777	0.35546561998883774	0.461038961038961	0.30303030303030304	0.6190476190476191	0.9822407400223054	Spencer_2021	Lee_2022_family	0	United_States	United_Kingdom	0	North_America	Europe	0	anti_PD1_based_unspecified_mix	mixed_ICI_including_combination	0	nan	0.12084765177548673	4.574710978503383	3.9889840465642745	1.8951555363130812	0.6409902283621296	0.5444864834515294	0.06305335421682991
S1_EXCLUDE_BCN12	elastic_net	Spencer_US	Matson_US	97	38	71	26	14	24	326	5.144767586148716e-07	"{""C"": 0.2, ""l1_ratio"": 0.75}"	0.6041666666666667	0.40773809523809523	0.7767857142857143	500	0.48602484041148636	0.30789486976137986	0.5535714285714286	0.8571428571428571	0.25	0.8361109594112396	Spencer_2021	Matson_2018	0	United_States	United_States	1	North_America	North_America	1	anti_PD1_based_unspecified_mix	anti_PD1_only	0	nan	0.36353771025501896	4.574710978503383	3.6375861597263857	1.085571598218901	0.2896984855829794	0.3022554757028195	0.03619677568983824
S1_EXCLUDE_BCN12	ridge	Frankel_US	Gopalakrishnan_US	39	25	24	15	14	11	500	1.6488298996136508e-07	"{""C"": 0.5}"	0.512987012987013	0.26931818181818185	0.756655844155844	500	0.5587723725853977	0.2712804805436165	0.6006493506493507	0.9285714285714286	0.2727272727272727	0.8131906403451018	Frankel_2017	Gopalakrishnan_2018	0	United_States	United_States	1	North_America	North_America	1	mixed_ICI_including_combination	anti_PD1_only	0	nan	0.055384615384615365	3.6635616461296463	3.2188758248682006	1.4601102198390727	0.5138555257100887	0.457773044074274	0.0727642304785162
S1_EXCLUDE_BCN12	ridge	Frankel_US	Lee_Barcelona	39	11	24	15	5	6	500	1.6488298996136508e-07	"{""C"": 0.5}"	0.23333333333333336	0.0	0.6	500	0.4042424242424242	0.45331566506938775	0.2	0.4	0.0	1.219173673973006	Frankel_2017	Lee_2022_family	0	United_States	Spain	0	North_America	Europe	0	mixed_ICI_including_combination	mixed_ICI_including_combination	1	nan	0.1608391608391609	3.6635616461296463	2.3978952727983707	2.148005799674066	0.5625705120362823	0.5030899391825384	0.08056573056573058
S1_EXCLUDE_BCN12	ridge	Frankel_US	Lee_Leeds	39	18	24	15	10	8	500	1.6488298996136508e-07	"{""C"": 0.5}"	0.22500000000000003	0.037500000000000006	0.4690624999999997	500	0.43917438770379946	0.4310234707367453	0.3875	0.4	0.375	1.2267442747681654	Frankel_2017	Lee_2022_family	0	United_States	United_Kingdom	0	North_America	Europe	0	mixed_ICI_including_combination	mixed_ICI_including_combination	1	nan	0.05982905982905984	3.6635616461296463	2.8903717578961645	2.0000659164923533	0.43330674562958954	0.39824176658373817	0.06973855069093164
S1_EXCLUDE_BCN12	ridge	Frankel_US	Lee_Manchester	39	25	24	15	12	13	500	1.6488298996136508e-07	"{""C"": 0.5}"	0.4807692307692307	0.2628205128205128	0.7051282051282052	500	0.4879959751241216	0.36142342042956194	0.5096153846153846	0.25	0.7692307692307693	1.0801091475824578	Frankel_2017	Lee_2022_family	0	United_States	United_Kingdom	0	North_America	Europe	0	mixed_ICI_including_combination	mixed_ICI_including_combination	1	nan	0.13538461538461544	3.6635616461296463	3.2188758248682006	2.0576633286376182	0.5284366611922444	0.4800730908319456	0.07087714402000117
S1_EXCLUDE_BCN12	ridge	Frankel_US	Lee_PRIMM_NL	39	55	24	15	33	22	500	1.6488298996136508e-07	"{""C"": 0.5}"	0.5123966942148761	0.3477617079889807	0.659194214876033	500	0.5852759656009344	0.39753033899485535	0.4545454545454546	0.09090909090909091	0.8181818181818182	1.1574512672777861	Frankel_2017	Lee_2022_family	0	United_States	Netherlands	0	North_America	Europe	0	mixed_ICI_including_combination	mixed_ICI_including_combination	1	nan	0.015384615384615441	3.6635616461296463	4.007333185232471	2.1537283003203482	0.5362672870971259	0.49418965792965314	0.07240103811532383
S1_EXCLUDE_BCN12	ridge	Frankel_US	Lee_PRIMM_UK	39	54	24	15	33	21	500	1.6488298996136508e-07	"{""C"": 0.5}"	0.5988455988455988	0.44354256854256857	0.7445887445887447	500	0.6960791489226683	0.3756665013693587	0.5584415584415584	0.21212121212121213	0.9047619047619048	1.139546647665359	Frankel_2017	Lee_2022_family	0	United_States	United_Kingdom	0	North_America	Europe	0	mixed_ICI_including_combination	mixed_ICI_including_combination	1	nan	0.004273504273504258	3.6635616461296463	3.9889840465642745	1.822480321344653	0.5029369678988839	0.44529863877920617	0.06176134271372367
S1_EXCLUDE_BCN12	ridge	Frankel_US	Matson_US	39	38	24	15	14	24	500	1.6488298996136508e-07	"{""C"": 0.5}"	0.369047619047619	0.17857142857142855	0.5612351190476188	500	0.3191291900864546	0.4209056691609991	0.39583333333333337	0.5	0.2916666666666667	1.2669866938267325	Frankel_2017	Matson_2018	0	United_States	United_States	1	North_America	North_America	1	mixed_ICI_including_combination	anti_PD1_only	0	nan	0.2469635627530365	3.6635616461296463	3.6375861597263857	1.0679491869084694	0.4539916266983753	0.38945877784631266	0.04694336574035822
S1_EXCLUDE_BCN12	ridge	Frankel_US	Spencer_US	39	97	24	15	71	26	500	1.6488298996136508e-07	"{""C"": 0.5}"	0.49024918743228607	0.37287378114842906	0.6154117009750812	500	0.7588884018946883	0.2885571856693804	0.4233477789815818	0.5774647887323944	0.2692307692307692	0.8297498187621882	Frankel_2017	Spencer_2021	0	United_States	United_States	1	North_America	North_America	1	mixed_ICI_including_combination	anti_PD1_based_unspecified_mix	0	nan	0.11657414750198247	3.6635616461296463	4.574710978503383	1.37106100772541	0.4428438885729916	0.3915311991633044	0.059063371581780995
S1_EXCLUDE_BCN12	ridge	Gopalakrishnan_US	Frankel_US	25	39	14	11	24	15	386	2.5004030649745586e-07	"{""C"": 0.5}"	0.46944444444444444	0.28465277777777775	0.6444444444444445	500	0.6533005614477182	0.3703847558117925	0.5	0.3333333333333333	0.6666666666666666	1.0318011067967001	Gopalakrishnan_2018	Frankel_2017	0	United_States	United_States	1	North_America	North_America	1	anti_PD1_only	mixed_ICI_including_combination	0	nan	0.055384615384615365	3.2188758248682006	3.6635616461296463	1.4601102198390727	0.5138555257100887	0.457773044074274	0.0727642304785162
S1_EXCLUDE_BCN12	ridge	Gopalakrishnan_US	Lee_Barcelona	25	11	14	11	5	6	386	2.5004030649745586e-07	"{""C"": 0.5}"	0.16666666666666669	0.0	0.4666666666666667	500	0.35424242424242425	0.45737648295852434	0.26666666666666666	0.2	0.3333333333333333	1.3682306110818492	Gopalakrishnan_2018	Lee_2022_family	0	United_States	Spain	0	North_America	Europe	0	anti_PD1_only	mixed_ICI_including_combination	0	nan	0.10545454545454552	3.2188758248682006	2.3978952727983707	1.7464261293987988	0.43864029899351553	0.4368346369614659	0.07725321239606954
S1_EXCLUDE_BCN12	ridge	Gopalakrishnan_US	Lee_Leeds	25	18	14	11	10	8	386	2.5004030649745586e-07	"{""C"": 0.5}"	0.45	0.1875	0.7250000000000001	500	0.5900568385862504	0.33733342410273354	0.5875	0.8	0.375	1.0106253170939241	Gopalakrishnan_2018	Lee_2022_family	0	United_States	United_Kingdom	0	North_America	Europe	0	anti_PD1_only	mixed_ICI_including_combination	0	nan	0.004444444444444473	3.2188758248682006	2.8903717578961645	2.0440113218725884	0.6134426055677813	0.5216269539720565	0.08646107331821616
S1_EXCLUDE_BCN12	ridge	Gopalakrishnan_US	Lee_Manchester	25	25	14	11	12	13	386	2.5004030649745586e-07	"{""C"": 0.5}"	0.5384615384615385	0.29791666666666666	0.7628205128205129	500	0.6336141685448456	0.3106621732096605	0.5288461538461539	0.75	0.3076923076923077	0.8532521738353737	Gopalakrishnan_2018	Lee_2022_family	0	United_States	United_Kingdom	0	North_America	Europe	0	anti_PD1_only	mixed_ICI_including_combination	0	nan	0.08000000000000007	3.2188758248682006	3.2188758248682006	2.156186223234672	0.7155554538377515	0.6032222163102883	0.08168707482993197
S1_EXCLUDE_BCN12	ridge	Gopalakrishnan_US	Lee_PRIMM_NL	25	55	14	11	33	22	386	2.5004030649745586e-07	"{""C"": 0.5}"	0.6019283746556473	0.4586776859504132	0.7321280991735537	500	0.75358161951913	0.2794518344825308	0.48484848484848486	0.7878787878787878	0.18181818181818182	0.7669133541980906	Gopalakrishnan_2018	Lee_2022_family	0	United_States	Netherlands	0	North_America	Europe	0	anti_PD1_only	mixed_ICI_including_combination	0	0.22	0.039999999999999925	3.2188758248682006	4.007333185232471	2.1884513111812445	0.7745689314443972	0.6511689475893659	0.07338528138528139
S1_EXCLUDE_BCN12	ridge	Gopalakrishnan_US	Lee_PRIMM_UK	25	54	14	11	33	21	386	2.5004030649745586e-07	"{""C"": 0.5}"	0.673881673881674	0.4910173160173161	0.8210678210678211	500	0.7367248016924639	0.21915661839463635	0.632034632034632	0.7878787878787878	0.47619047619047616	0.6457323745766973	Gopalakrishnan_2018	Lee_2022_family	0	United_States	United_Kingdom	0	North_America	Europe	0	anti_PD1_only	mixed_ICI_including_combination	0	0.53	0.05111111111111111	3.2188758248682006	3.9889840465642745	2.0629884886791996	0.7029774214674973	0.5924470851118022	0.07848122952884858
S1_EXCLUDE_BCN12	ridge	Gopalakrishnan_US	Matson_US	25	38	14	11	14	24	386	2.5004030649745586e-07	"{""C"": 0.5}"	0.4791666666666667	0.30186011904761906	0.683110119047619	500	0.387483097305908	0.3044173104124931	0.49702380952380953	0.2857142857142857	0.7083333333333334	0.9124618958289425	Gopalakrishnan_2018	Matson_2018	0	United_States	United_States	1	North_America	North_America	1	anti_PD1_only	anti_PD1_only	1	0.0	0.19157894736842113	3.2188758248682006	3.6375861597263857	1.1378781135158458	0.32940473391192715	0.35644838628752057	0.0470108604845447
S1_EXCLUDE_BCN12	ridge	Gopalakrishnan_US	Spencer_US	25	97	14	11	71	26	386	2.5004030649745586e-07	"{""C"": 0.5}"	0.4257854821235103	0.3144501625135428	0.5707340195016251	500	0.7150753811910922	0.34724797972838306	0.4368905742145179	0.4507042253521127	0.4230769230769231	0.9579717409361395	Gopalakrishnan_2018	Spencer_2021	0	United_States	United_States	1	North_America	North_America	1	anti_PD1_only	anti_PD1_based_unspecified_mix	0	nan	0.17195876288659784	3.2188758248682006	4.574710978503383	0.8663222398807107	0.3242323634033718	0.32656385568073787	0.033931879280921985
S1_EXCLUDE_BCN12	ridge	Lee_Barcelona	Frankel_US	11	39	5	6	24	15	492	1.0246076956438827e-07	"{""C"": 0.5}"	0.5083333333333333	0.3346527777777778	0.7236805555555555	500	0.6097734284961597	0.2839056230334076	0.5375	0.875	0.2	0.8125657652787124	Lee_2022_family	Frankel_2017	0	Spain	United_States	0	Europe	North_America	0	mixed_ICI_including_combination	mixed_ICI_including_combination	1	nan	0.1608391608391609	2.3978952727983707	3.6635616461296463	2.148005799674066	0.5625705120362823	0.5030899391825384	0.08056573056573058
S1_EXCLUDE_BCN12	ridge	Lee_Barcelona	Gopalakrishnan_US	11	25	5	6	14	11	492	1.0246076956438827e-07	"{""C"": 0.5}"	0.2532467532467533	0.0939935064935065	0.4610389610389611	500	0.44077496641709285	0.4022867485386359	0.35714285714285715	0.7142857142857143	0.0	1.1212745312636851	Lee_2022_family	Gopalakrishnan_2018	0	Spain	United_States	0	Europe	North_America	0	mixed_ICI_including_combination	anti_PD1_only	0	nan	0.10545454545454552	2.3978952727983707	3.2188758248682006	1.7464261293987988	0.43864029899351553	0.4368346369614659	0.07725321239606954
S1_EXCLUDE_BCN12	ridge	Lee_Barcelona	Lee_Leeds	11	18	5	6	10	8	492	1.0246076956438827e-07	"{""C"": 0.5}"	0.6375000000000001	0.3625	0.8875	500	0.6805984211866564	0.2544611082605355	0.625	0.5	0.75	0.714534095364738	Lee_2022_family	Lee_2022_family	1	Spain	United_Kingdom	0	Europe	Europe	1	mixed_ICI_including_combination	mixed_ICI_including_combination	1	nan	0.10101010101010105	2.3978952727983707	2.8903717578961645	1.900081845184206	0.5949875337870366	0.5175184809533883	0.0664525069286974
S1_EXCLUDE_BCN12	ridge	Lee_Barcelona	Lee_Manchester	11	25	5	6	12	13	492	1.0246076956438827e-07	"{""C"": 0.5}"	0.3974358974358974	0.16666666666666663	0.6443910256410255	500	0.42108669903368046	0.3506895240087248	0.3557692307692308	0.25	0.46153846153846156	0.9360804459357004	Lee_2022_family	Lee_2022_family	1	Spain	United_Kingdom	0	Europe	Europe	1	mixed_ICI_including_combination	mixed_ICI_including_combination	1	nan	0.025454545454545452	2.3978952727983707	3.2188758248682006	2.2125872071199106	0.699237363642387	0.5968096276682744	0.0739697656840514
S1_EXCLUDE_BCN12	ridge	Lee_Barcelona	Lee_PRIMM_NL	11	55	5	6	33	22	492	1.0246076956438827e-07	"{""C"": 0.5}"	0.36363636363636365	0.2224173553719008	0.5331267217630853	500	0.5742375609788997	0.35064395112479924	0.42424242424242425	0.21212121212121213	0.6363636363636364	0.930892752574543	Lee_2022_family	Lee_2022_family	1	Spain	Netherlands	0	Europe	Europe	1	mixed_ICI_including_combination	mixed_ICI_including_combination	1	nan	0.14545454545454545	2.3978952727983707	4.007333185232471	2.2654600312628763	0.7635200611439845	0.6434861265694625	0.0709798666941524
S1_EXCLUDE_BCN12	ridge	Lee_Barcelona	Lee_PRIMM_UK	11	54	5	6	33	21	492	1.0246076956438827e-07	"{""C"": 0.5}"	0.39826839826839827	0.2690836940836941	0.5628427128427128	500	0.5543839715150455	0.3251335560235836	0.47186147186147187	0.5151515151515151	0.42857142857142855	0.8831826968811494	Lee_2022_family	Lee_2022_family	1	Spain	United_Kingdom	0	Europe	Europe	1	mixed_ICI_including_combination	mixed_ICI_including_combination	1	nan	0.15656565656565663	2.3978952727983707	3.9889840465642745	2.1906652798974484	0.6864949908918968	0.594816419606938	0.07321323591164862
S1_EXCLUDE_BCN12	ridge	Lee_Barcelona	Matson_US	11	38	5	6	14	24	492	1.0246076956438827e-07	"{""C"": 0.5}"	0.3333333333333333	0.16964285714285715	0.5029761904761905	500	0.2957982627665743	0.4560159907975787	0.43452380952380953	0.7857142857142857	0.08333333333333333	1.3195825161246861	Lee_2022_family	Matson_2018	0	Spain	United_States	0	Europe	North_America	0	mixed_ICI_including_combination	anti_PD1_only	0	nan	0.0861244019138756	2.3978952727983707	3.6375861597263857	1.9036925455120652	0.5117333886100498	0.4641582272842964	0.07052750924931375
S1_EXCLUDE_BCN12	ridge	Lee_Barcelona	Spencer_US	11	97	5	6	71	26	492	1.0246076956438827e-07	"{""C"": 0.5}"	0.5752979414951246	0.44386511375947996	0.6933911159263272	500	0.8042853787625973	0.22391498566033824	0.537919826652221	0.8450704225352113	0.23076923076923078	0.6421671106124994	Lee_2022_family	Spencer_2021	0	Spain	United_States	0	Europe	North_America	0	mixed_ICI_including_combination	anti_PD1_based_unspecified_mix	0	nan	0.27741330834114336	2.3978952727983707	4.574710978503383	1.391846202645219	0.4289819163420409	0.40151921943678875	0.059569784385690126
S1_EXCLUDE_BCN12	ridge	Lee_Leeds	Frankel_US	18	39	10	8	24	15	500	1.0661815682701918e-07	"{""C"": 0.5}"	0.39722222222222225	0.2179861111111111	0.5820138888888888	500	0.5616035235719032	0.34751304239172487	0.4125	0.625	0.2	1.0225724190984151	Lee_2022_family	Frankel_2017	0	United_Kingdom	United_States	0	Europe	North_America	0	mixed_ICI_including_combination	mixed_ICI_including_combination	1	nan	0.05982905982905984	2.8903717578961645	3.6635616461296463	2.0000659164923533	0.43330674562958954	0.39824176658373817	0.06973855069093164
S1_EXCLUDE_BCN12	ridge	Lee_Leeds	Gopalakrishnan_US	18	25	10	8	14	11	500	1.0661815682701918e-07	"{""C"": 0.5}"	0.4025974025974026	0.17191558441558444	0.6493506493506493	500	0.6062728770437941	0.3921135817280044	0.3668831168831169	0.6428571428571429	0.09090909090909091	1.2026044967221328	Lee_2022_family	Gopalakrishnan_2018	0	United_Kingdom	United_States	0	Europe	North_America	0	mixed_ICI_including_combination	anti_PD1_only	0	nan	0.004444444444444473	2.8903717578961645	3.2188758248682006	2.0440113218725884	0.6134426055677813	0.5216269539720565	0.08646107331821616
S1_EXCLUDE_BCN12	ridge	Lee_Leeds	Lee_Barcelona	18	11	10	8	5	6	500	1.0661815682701918e-07	"{""C"": 0.5}"	0.6333333333333333	0.2825000000000001	1.0	500	0.5449999999999999	0.24831660872823055	0.7333333333333334	0.8	0.6666666666666666	0.7667612312521943	Lee_2022_family	Lee_2022_family	1	United_Kingdom	Spain	0	Europe	Europe	1	mixed_ICI_including_combination	mixed_ICI_including_combination	1	nan	0.10101010101010105	2.8903717578961645	2.3978952727983707	1.900081845184206	0.5949875337870366	0.5175184809533883	0.0664525069286974
S1_EXCLUDE_BCN12	ridge	Lee_Leeds	Lee_Manchester	18	25	10	8	12	13	500	1.0661815682701918e-07	"{""C"": 0.5}"	0.2948717948717948	0.09919871794871793	0.5225961538461537	500	0.3832430563122783	0.39186562857093316	0.3205128205128205	0.3333333333333333	0.3076923076923077	1.055123962334248	Lee_2022_family	Lee_2022_family	1	United_Kingdom	United_Kingdom	1	Europe	Europe	1	mixed_ICI_including_combination	mixed_ICI_including_combination	1	nan	0.0755555555555556	2.8903717578961645	3.2188758248682006	1.5545824937549038	0.47164689705627394	0.4330400701509546	0.05555555555555555
S1_EXCLUDE_BCN12	ridge	Lee_Leeds	Lee_PRIMM_NL	18	55	10	8	33	22	500	1.0661815682701918e-07	"{""C"": 0.5}"	0.4944903581267218	0.3339187327823691	0.652961432506887	500	0.5955850198179058	0.31519189715531143	0.5227272727272727	0.5454545454545454	0.5	0.9111809746097888	Lee_2022_family	Lee_2022_family	1	United_Kingdom	Netherlands	0	Europe	Europe	1	mixed_ICI_including_combination	mixed_ICI_including_combination	1	nan	0.0444444444444444	2.8903717578961645	4.007333185232471	1.5566246650097413	0.4778931549680615	0.43468033313280113	0.058371927895737426
S1_EXCLUDE_BCN12	ridge	Lee_Leeds	Lee_PRIMM_UK	18	54	10	8	33	21	500	1.0661815682701918e-07	"{""C"": 0.5}"	0.4862914862914863	0.3301587301587302	0.6630952380952381	500	0.5866988809621183	0.3303542132979146	0.5281385281385281	0.48484848484848486	0.5714285714285714	0.9639833269367544	Lee_2022_family	Lee_2022_family	1	United_Kingdom	United_Kingdom	1	Europe	Europe	1	mixed_ICI_including_combination	mixed_ICI_including_combination	1	nan	0.05555555555555558	2.8903717578961645	3.9889840465642745	1.4223043524177503	0.4473893542658809	0.4113155539569585	0.05030654237003443
S1_EXCLUDE_BCN12	ridge	Lee_Leeds	Matson_US	18	38	10	8	14	24	500	1.0661815682701918e-07	"{""C"": 0.5}"	0.47916666666666663	0.2454613095238095	0.7039434523809524	500	0.5104358477534063	0.4571767192234139	0.3482142857142857	0.5714285714285714	0.125	1.2809110982378455	Lee_2022_family	Matson_2018	0	United_Kingdom	United_States	0	Europe	North_America	0	mixed_ICI_including_combination	anti_PD1_only	0	nan	0.18713450292397665	2.8903717578961645	3.6375861597263857	1.9771596498918715	0.5811823747640369	0.49020061089929295	0.07011311347150946
S1_EXCLUDE_BCN12	ridge	Lee_Leeds	Spencer_US	18	97	10	8	71	26	500	1.0661815682701918e-07	"{""C"": 0.5}"	0.5308775731310943	0.40947995666305526	0.6492822318526543	500	0.7577329793422909	0.24569870760143783	0.4398699891657638	0.8028169014084507	0.07692307692307693	0.7191840263409036	Lee_2022_family	Spencer_2021	0	United_Kingdom	United_States	0	Europe	North_America	0	mixed_ICI_including_combination	anti_PD1_based_unspecified_mix	0	nan	0.1764032073310423	2.8903717578961645	4.574710978503383	1.8343999907642503	0.5462421632104126	0.47054562970191266	0.0711516832773583
S1_EXCLUDE_BCN12	ridge	Lee_Manchester	Frankel_US	25	39	12	13	24	15	500	5.636676092699121e-08	"{""C"": 0.5}"	0.5138888888888888	0.3179861111111111	0.7070138888888888	500	0.6818540506041374	0.32087968681384055	0.4708333333333333	0.5416666666666666	0.4	0.9064005016269834	Lee_2022_family	Frankel_2017	0	United_Kingdom	United_States	0	Europe	North_America	0	mixed_ICI_including_combination	mixed_ICI_including_combination	1	nan	0.13538461538461544	3.2188758248682006	3.6635616461296463	2.0576633286376182	0.5284366611922444	0.4800730908319456	0.07087714402000117
S1_EXCLUDE_BCN12	ridge	Lee_Manchester	Gopalakrishnan_US	25	25	12	13	14	11	500	5.636676092699121e-08	"{""C"": 0.5}"	0.6103896103896104	0.3701298701298701	0.8116883116883117	500	0.6689699892748274	0.33847130750437626	0.525974025974026	0.14285714285714285	0.9090909090909091	0.9318623650835459	Lee_2022_family	Gopalakrishnan_2018	0	United_Kingdom	United_States	0	Europe	North_America	0	mixed_ICI_including_combination	anti_PD1_only	0	nan	0.08000000000000007	3.2188758248682006	3.2188758248682006	2.156186223234672	0.7155554538377515	0.6032222163102883	0.08168707482993197
S1_EXCLUDE_BCN12	ridge	Lee_Manchester	Lee_Barcelona	25	11	12	13	5	6	500	5.636676092699121e-08	"{""C"": 0.5}"	0.4	0.0	0.8174999999999992	500	0.5792424242424242	0.3431606836008409	0.45	0.4	0.5	1.0159091811421737	Lee_2022_family	Lee_2022_family	1	United_Kingdom	Spain	0	Europe	Europe	1	mixed_ICI_including_combination	mixed_ICI_including_combination	1	nan	0.025454545454545452	3.2188758248682006	2.3978952727983707	2.2125872071199106	0.699237363642387	0.5968096276682744	0.0739697656840514
S1_EXCLUDE_BCN12	ridge	Lee_Manchester	Lee_Leeds	25	18	12	13	10	8	500	5.636676092699121e-08	"{""C"": 0.5}"	0.225	0.037500000000000006	0.47500000000000003	500	0.4356179441473559	0.42073804987710284	0.325	0.4	0.25	1.1591851043124892	Lee_2022_family	Lee_2022_family	1	United_Kingdom	United_Kingdom	1	Europe	Europe	1	mixed_ICI_including_combination	mixed_ICI_including_combination	1	nan	0.0755555555555556	3.2188758248682006	2.8903717578961645	1.5545824937549038	0.47164689705627394	0.4330400701509546	0.05555555555555555
S1_EXCLUDE_BCN12	ridge	Lee_Manchester	Lee_PRIMM_NL	25	55	12	13	33	22	500	5.636676092699121e-08	"{""C"": 0.5}"	0.5123966942148761	0.37052341597796146	0.6652892561983471	500	0.6085528194895701	0.2958142319788375	0.5151515151515151	0.6666666666666666	0.36363636363636365	0.847603550951284	Lee_2022_family	Lee_2022_family	1	United_Kingdom	Netherlands	0	Europe	Europe	1	mixed_ICI_including_combination	mixed_ICI_including_combination	1	nan	0.12	3.2188758248682006	4.007333185232471	1.023240361097451	0.37225480323409776	0.3551927713469969	0.039582766439909295
S1_EXCLUDE_BCN12	ridge	Lee_Manchester	Lee_PRIMM_UK	25	54	12	13	33	21	500	5.636676092699121e-08	"{""C"": 0.5}"	0.5252525252525253	0.3664502164502164	0.6854978354978355	500	0.6585876050680798	0.3024341101386773	0.49567099567099565	0.5151515151515151	0.47619047619047616	0.8319280841836151	Lee_2022_family	Lee_2022_family	1	United_Kingdom	United_Kingdom	1	Europe	Europe	1	mixed_ICI_including_combination	mixed_ICI_including_combination	1	nan	0.13111111111111118	3.2188758248682006	3.9889840465642745	0.9138188960887204	0.3284935922301878	0.31756491921131447	0.036730326698580666
S1_EXCLUDE_BCN12	ridge	Lee_Manchester	Matson_US	25	38	12	13	14	24	500	5.636676092699121e-08	"{""C"": 0.5}"	0.48511904761904756	0.2766369047619048	0.6726190476190477	500	0.4118850054917519	0.2877579835224677	0.49702380952380953	0.2857142857142857	0.7083333333333334	0.8028166431653032	Lee_2022_family	Matson_2018	0	United_Kingdom	United_States	0	Europe	North_America	0	mixed_ICI_including_combination	anti_PD1_only	0	nan	0.11157894736842106	3.2188758248682006	3.6375861597263857	2.0526455035056514	0.652012344550797	0.5576993360744268	0.06928177586824205
S1_EXCLUDE_BCN12	ridge	Lee_Manchester	Spencer_US	25	97	12	13	71	26	500	5.636676092699121e-08	"{""C"": 0.5}"	0.43174431202600216	0.29925514626218847	0.5702735644637053	500	0.6784051427728102	0.44203965354731906	0.488353196099675	0.16901408450704225	0.8076923076923077	1.2375282707189081	Lee_2022_family	Spencer_2021	0	United_Kingdom	United_States	0	Europe	North_America	0	mixed_ICI_including_combination	anti_PD1_based_unspecified_mix	0	nan	0.2519587628865979	3.2188758248682006	4.574710978503383	1.9981247694722843	0.6634308562491238	0.5626092193735298	0.06764326624120438
S1_EXCLUDE_BCN12	ridge	Lee_PRIMM_NL	Frankel_US	55	39	33	22	24	15	462	2.1269490829764473e-07	"{""C"": 0.5}"	0.47777777777777775	0.2916666666666667	0.6514583333333333	500	0.6672209033968083	0.3727580901743274	0.4666666666666667	0.3333333333333333	0.6	1.0894951062213591	Lee_2022_family	Frankel_2017	0	Netherlands	United_States	0	Europe	North_America	0	mixed_ICI_including_combination	mixed_ICI_including_combination	1	nan	0.015384615384615441	4.007333185232471	3.6635616461296463	2.1537283003203482	0.5362672870971259	0.49418965792965314	0.07240103811532383
S1_EXCLUDE_BCN12	ridge	Lee_PRIMM_NL	Gopalakrishnan_US	55	25	33	22	14	11	462	2.1269490829764473e-07	"{""C"": 0.5}"	0.4545454545454546	0.23376623376623376	0.7112012987012986	500	0.5524641372393906	0.3540506381062068	0.461038961038961	0.2857142857142857	0.6363636363636364	1.0468024207850082	Lee_2022_family	Gopalakrishnan_2018	0	Netherlands	United_States	0	Europe	North_America	0	mixed_ICI_including_combination	anti_PD1_only	0	0.22	0.039999999999999925	4.007333185232471	3.2188758248682006	2.1884513111812445	0.7745689314443972	0.6511689475893659	0.07338528138528139
S1_EXCLUDE_BCN12	ridge	Lee_PRIMM_NL	Lee_Barcelona	55	11	33	22	5	6	462	2.1269490829764473e-07	"{""C"": 0.5}"	0.4	0.049166666666666706	0.8	500	0.5566233766233766	0.3400577717745982	0.5166666666666667	0.2	0.8333333333333334	1.2209778819331425	Lee_2022_family	Lee_2022_family	1	Netherlands	Spain	0	Europe	Europe	1	mixed_ICI_including_combination	mixed_ICI_including_combination	1	nan	0.14545454545454545	4.007333185232471	2.3978952727983707	2.2654600312628763	0.7635200611439845	0.6434861265694625	0.0709798666941524
S1_EXCLUDE_BCN12	ridge	Lee_PRIMM_NL	Lee_Leeds	55	18	33	22	10	8	462	2.1269490829764473e-07	"{""C"": 0.5}"	0.4375	0.1559375	0.7375	500	0.5187014292896646	0.3792014975899162	0.5	0.5	0.5	1.2018400744516426	Lee_2022_family	Lee_2022_family	1	Netherlands	United_Kingdom	0	Europe	Europe	1	mixed_ICI_including_combination	mixed_ICI_including_combination	1	nan	0.0444444444444444	4.007333185232471	2.8903717578961645	1.5566246650097413	0.4778931549680615	0.43468033313280113	0.058371927895737426
S1_EXCLUDE_BCN12	ridge	Lee_PRIMM_NL	Lee_Manchester	55	25	33	22	12	13	462	2.1269490829764473e-07	"{""C"": 0.5}"	0.36538461538461536	0.141025641025641	0.5995192307692305	500	0.4071196207902864	0.3855186508609211	0.40064102564102566	0.4166666666666667	0.38461538461538464	1.0738676206645144	Lee_2022_family	Lee_2022_family	1	Netherlands	United_Kingdom	0	Europe	Europe	1	mixed_ICI_including_combination	mixed_ICI_including_combination	1	nan	0.12	4.007333185232471	3.2188758248682006	1.023240361097451	0.37225480323409776	0.3551927713469969	0.039582766439909295
S1_EXCLUDE_BCN12	ridge	Lee_PRIMM_NL	Lee_PRIMM_UK	55	54	33	22	33	21	462	2.1269490829764473e-07	"{""C"": 0.5}"	0.6825396825396826	0.523051948051948	0.8197691197691197	500	0.7604215207258909	0.23447647634432267	0.6190476190476191	0.6666666666666666	0.5714285714285714	0.7334208059729788	Lee_2022_family	Lee_2022_family	1	Netherlands	United_Kingdom	0	Europe	Europe	1	mixed_ICI_including_combination	mixed_ICI_including_combination	1	0.31000000000000005	0.011111111111111183	4.007333185232471	3.9889840465642745	0.979761610673823	0.2947752855170625	0.3098038865253837	0.039137100406941676
S1_EXCLUDE_BCN12	ridge	Lee_PRIMM_NL	Matson_US	55	38	33	22	14	24	462	2.1269490829764473e-07	"{""C"": 0.5}"	0.5386904761904762	0.36607142857142855	0.7247767857142856	500	0.4322133189744027	0.27073527861713137	0.5327380952380952	0.35714285714285715	0.7083333333333334	0.7592428060201505	Lee_2022_family	Matson_2018	0	Netherlands	United_States	0	Europe	North_America	0	mixed_ICI_including_combination	anti_PD1_only	0	0.22	0.23157894736842105	4.007333185232471	3.6375861597263857	2.151580063750936	0.7076207020813287	0.5984839380121251	0.06549751000878819
S1_EXCLUDE_BCN12	ridge	Lee_PRIMM_NL	Spencer_US	55	97	33	22	71	26	462	2.1269490829764473e-07	"{""C"": 0.5}"	0.5292524377031419	0.3994989165763813	0.6668472372697725	500	0.7516367662840324	0.42687112324773113	0.5357529794149513	0.22535211267605634	0.8461538461538461	1.2414341998985032	Lee_2022_family	Spencer_2021	0	Netherlands	United_States	0	Europe	North_America	0	mixed_ICI_including_combination	anti_PD1_based_unspecified_mix	0	nan	0.1319587628865979	4.007333185232471	4.574710978503383	2.056853303314237	0.710936693632596	0.6077592582922652	0.059407540585743816
S1_EXCLUDE_BCN12	ridge	Lee_PRIMM_UK	Frankel_US	54	39	33	21	24	15	500	1.0701941407104337e-07	"{""C"": 0.5}"	0.5166666666666667	0.3222222222222222	0.7001388888888888	500	0.6599279775931387	0.3956822527180824	0.5458333333333334	0.2916666666666667	0.8	1.1839762960975273	Lee_2022_family	Frankel_2017	0	United_Kingdom	United_States	0	Europe	North_America	0	mixed_ICI_including_combination	mixed_ICI_including_combination	1	nan	0.004273504273504258	3.9889840465642745	3.6635616461296463	1.822480321344653	0.5029369678988839	0.44529863877920617	0.06176134271372367
S1_EXCLUDE_BCN12	ridge	Lee_PRIMM_UK	Gopalakrishnan_US	54	25	33	21	14	11	500	1.0701941407104337e-07	"{""C"": 0.5}"	0.7337662337662336	0.4866883116883117	0.922077922077922	500	0.7733111503097129	0.30892167290522066	0.5616883116883117	0.21428571428571427	0.9090909090909091	0.8324069413851088	Lee_2022_family	Gopalakrishnan_2018	0	United_Kingdom	United_States	0	Europe	North_America	0	mixed_ICI_including_combination	anti_PD1_only	0	0.53	0.05111111111111111	3.9889840465642745	3.2188758248682006	2.0629884886791996	0.7029774214674973	0.5924470851118022	0.07848122952884858
S1_EXCLUDE_BCN12	ridge	Lee_PRIMM_UK	Lee_Barcelona	54	11	33	21	5	6	500	1.0701941407104337e-07	"{""C"": 0.5}"	0.2666666666666667	0.0	0.6666666666666667	500	0.5042424242424242	0.39265215226157596	0.3666666666666667	0.4	0.3333333333333333	1.0701713265664843	Lee_2022_family	Lee_2022_family	1	United_Kingdom	Spain	0	Europe	Europe	1	mixed_ICI_including_combination	mixed_ICI_including_combination	1	nan	0.15656565656565663	3.9889840465642745	2.3978952727983707	2.1906652798974484	0.6864949908918968	0.594816419606938	0.07321323591164862
S1_EXCLUDE_BCN12	ridge	Lee_PRIMM_UK	Lee_Leeds	54	18	33	21	10	8	500	1.0701941407104337e-07	"{""C"": 0.5}"	0.575	0.2875	0.8131249999999994	500	0.7120681605975723	0.31679047974156266	0.4875	0.6	0.375	1.0485133656402157	Lee_2022_family	Lee_2022_family	1	United_Kingdom	United_Kingdom	1	Europe	Europe	1	mixed_ICI_including_combination	mixed_ICI_including_combination	1	nan	0.05555555555555558	3.9889840465642745	2.8903717578961645	1.4223043524177503	0.4473893542658809	0.4113155539569585	0.05030654237003443
S1_EXCLUDE_BCN12	ridge	Lee_PRIMM_UK	Lee_Manchester	54	25	33	21	12	13	500	1.0701941407104337e-07	"{""C"": 0.5}"	0.5897435897435896	0.3620192307692308	0.8205128205128205	500	0.5181862484494064	0.32452366156922424	0.6153846153846154	1.0	0.23076923076923078	1.1596342041111598	Lee_2022_family	Lee_2022_family	1	United_Kingdom	United_Kingdom	1	Europe	Europe	1	mixed_ICI_including_combination	mixed_ICI_including_combination	1	nan	0.13111111111111118	3.9889840465642745	3.2188758248682006	0.9138188960887204	0.3284935922301878	0.31756491921131447	0.036730326698580666
S1_EXCLUDE_BCN12	ridge	Lee_PRIMM_UK	Lee_PRIMM_NL	54	55	33	21	33	22	500	1.0701941407104337e-07	"{""C"": 0.5}"	0.5826446280991735	0.4386707988980716	0.7350895316804406	500	0.7605838533941693	0.3043470994867788	0.5454545454545454	0.6363636363636364	0.45454545454545453	0.8529740728652183	Lee_2022_family	Lee_2022_family	1	United_Kingdom	Netherlands	0	Europe	Europe	1	mixed_ICI_including_combination	mixed_ICI_including_combination	1	0.31000000000000005	0.011111111111111183	3.9889840465642745	4.007333185232471	0.979761610673823	0.2947752855170625	0.3098038865253837	0.039137100406941676
S1_EXCLUDE_BCN12	ridge	Lee_PRIMM_UK	Matson_US	54	38	33	21	14	24	500	1.0701941407104337e-07	"{""C"": 0.5}"	0.4285714285714286	0.22306547619047618	0.6160714285714286	500	0.3540946490130921	0.327324776457434	0.47619047619047616	0.2857142857142857	0.6666666666666666	1.0357846243090088	Lee_2022_family	Matson_2018	0	United_Kingdom	United_States	0	Europe	North_America	0	mixed_ICI_including_combination	anti_PD1_only	0	0.53	0.24269005847953223	3.9889840465642745	3.6375861597263857	1.8534931918759978	0.6124204863537068	0.5259206807769226	0.06252182484429769
S1_EXCLUDE_BCN12	ridge	Lee_PRIMM_UK	Spencer_US	54	97	33	21	71	26	500	1.0701941407104337e-07	"{""C"": 0.5}"	0.5222101841820153	0.37341549295774645	0.6357123510292524	500	0.7491481240160585	0.3727512695032372	0.47670639219934996	0.3380281690140845	0.6153846153846154	1.0887147403437116	Lee_2022_family	Spencer_2021	0	United_Kingdom	United_States	0	Europe	North_America	0	mixed_ICI_including_combination	anti_PD1_based_unspecified_mix	0	nan	0.12084765177548673	3.9889840465642745	4.574710978503383	1.8951555363130812	0.6409902283621296	0.5444864834515294	0.06305335421682991
S1_EXCLUDE_BCN12	ridge	Matson_US	Frankel_US	38	39	14	24	24	15	432	1.0642079206855303e-07	"{""C"": 0.5}"	0.375	0.1972222222222222	0.5777777777777777	500	0.5493689469275281	0.42377747535086996	0.4583333333333333	0.25	0.6666666666666666	1.2410635048448209	Matson_2018	Frankel_2017	0	United_States	United_States	1	North_America	North_America	1	anti_PD1_only	mixed_ICI_including_combination	0	nan	0.2469635627530365	3.6375861597263857	3.6635616461296463	1.0679491869084694	0.4539916266983753	0.38945877784631266	0.04694336574035822
S1_EXCLUDE_BCN12	ridge	Matson_US	Gopalakrishnan_US	38	25	14	24	14	11	432	1.0642079206855303e-07	"{""C"": 0.5}"	0.5909090909090908	0.34724025974025974	0.7922077922077922	500	0.7073414628395831	0.315517413477525	0.44155844155844154	0.42857142857142855	0.45454545454545453	0.8712558008006893	Matson_2018	Gopalakrishnan_2018	0	United_States	United_States	1	North_America	North_America	1	anti_PD1_only	anti_PD1_only	1	0.0	0.19157894736842113	3.6375861597263857	3.2188758248682006	1.1378781135158458	0.32940473391192715	0.35644838628752057	0.0470108604845447
S1_EXCLUDE_BCN12	ridge	Matson_US	Lee_Barcelona	38	11	14	24	5	6	432	1.0642079206855303e-07	"{""C"": 0.5}"	0.3	0.0	0.6666666666666667	500	0.3938888888888889	0.4445313892344446	0.3666666666666667	0.4	0.3333333333333333	1.2692119975676257	Matson_2018	Lee_2022_family	0	United_States	Spain	0	North_America	Europe	0	anti_PD1_only	mixed_ICI_including_combination	0	nan	0.0861244019138756	3.6375861597263857	2.3978952727983707	1.9036925455120652	0.5117333886100498	0.4641582272842964	0.07052750924931375
S1_EXCLUDE_BCN12	ridge	Matson_US	Lee_Leeds	38	18	14	24	10	8	432	1.0642079206855303e-07	"{""C"": 0.5}"	0.5249999999999999	0.25	0.8	500	0.6215919701213819	0.3031474457688521	0.475	0.7	0.25	1.0041207761437734	Matson_2018	Lee_2022_family	0	United_States	United_Kingdom	0	North_America	Europe	0	anti_PD1_only	mixed_ICI_including_combination	0	nan	0.18713450292397665	3.6375861597263857	2.8903717578961645	1.9771596498918715	0.5811823747640369	0.49020061089929295	0.07011311347150946
S1_EXCLUDE_BCN12	ridge	Matson_US	Lee_Manchester	38	25	14	24	12	13	432	1.0642079206855303e-07	"{""C"": 0.5}"	0.5512820512820512	0.3171474358974359	0.7854166666666664	500	0.640749733358429	0.42439910926611346	0.3717948717948718	0.6666666666666666	0.07692307692307693	1.3082216677537744	Matson_2018	Lee_2022_family	0	United_States	United_Kingdom	0	North_America	Europe	0	anti_PD1_only	mixed_ICI_including_combination	0	nan	0.11157894736842106	3.6375861597263857	3.2188758248682006	2.0526455035056514	0.652012344550797	0.5576993360744268	0.06928177586824205
S1_EXCLUDE_BCN12	ridge	Matson_US	Lee_PRIMM_NL	38	55	14	24	33	22	432	1.0642079206855303e-07	"{""C"": 0.5}"	0.43250688705234164	0.2871556473829201	0.5819903581267217	500	0.5622920465029706	0.31494246121967406	0.5227272727272727	0.9090909090909091	0.13636363636363635	1.0194497349197162	Matson_2018	Lee_2022_family	0	United_States	Netherlands	0	North_America	Europe	0	anti_PD1_only	mixed_ICI_including_combination	0	0.22	0.23157894736842105	3.6375861597263857	4.007333185232471	2.151580063750936	0.7076207020813287	0.5984839380121251	0.06549751000878819
S1_EXCLUDE_BCN12	ridge	Matson_US	Lee_PRIMM_UK	38	54	14	24	33	21	432	1.0642079206855303e-07	"{""C"": 0.5}"	0.46176046176046176	0.30735930735930733	0.6068903318903318	500	0.6430706571963791	0.3277873268778465	0.42207792207792205	0.6060606060606061	0.23809523809523808	0.9313185141890985	Matson_2018	Lee_2022_family	0	United_States	United_Kingdom	0	North_America	Europe	0	anti_PD1_only	mixed_ICI_including_combination	0	0.53	0.24269005847953223	3.6375861597263857	3.9889840465642745	1.8534931918759978	0.6124204863537068	0.5259206807769226	0.06252182484429769
S1_EXCLUDE_BCN12	ridge	Matson_US	Spencer_US	38	97	14	24	71	26	432	1.0642079206855303e-07	"{""C"": 0.5}"	0.5108342361863489	0.3824485373781148	0.6376489707475622	500	0.7447428433302195	0.3413149682045357	0.4715601300108342	0.36619718309859156	0.5769230769230769	0.9744228680652172	Matson_2018	Spencer_2021	0	United_States	United_States	1	North_America	North_America	1	anti_PD1_only	anti_PD1_based_unspecified_mix	0	nan	0.36353771025501896	3.6375861597263857	4.574710978503383	1.085571598218901	0.2896984855829794	0.3022554757028195	0.03619677568983824
S1_EXCLUDE_BCN12	ridge	Spencer_US	Frankel_US	97	39	71	26	24	15	326	5.144767586148716e-07	"{""C"": 0.5}"	0.49722222222222223	0.28888888888888886	0.6888888888888889	500	0.6115299219679942	0.3169682596039248	0.5416666666666666	0.75	0.3333333333333333	1.1702110550727467	Spencer_2021	Frankel_2017	0	United_States	United_States	1	North_America	North_America	1	anti_PD1_based_unspecified_mix	mixed_ICI_including_combination	0	nan	0.11657414750198247	4.574710978503383	3.6635616461296463	1.37106100772541	0.4428438885729916	0.3915311991633044	0.059063371581780995
S1_EXCLUDE_BCN12	ridge	Spencer_US	Gopalakrishnan_US	97	25	71	26	14	11	326	5.144767586148716e-07	"{""C"": 0.5}"	0.2922077922077922	0.08750000000000002	0.5163961038961037	500	0.469162685140946	0.46308552274679854	0.35714285714285715	0.7142857142857143	0.0	1.5587629925826878	Spencer_2021	Gopalakrishnan_2018	0	United_States	United_States	1	North_America	North_America	1	anti_PD1_based_unspecified_mix	anti_PD1_only	0	nan	0.17195876288659784	4.574710978503383	3.2188758248682006	0.8663222398807107	0.3242323634033718	0.32656385568073787	0.033931879280921985
S1_EXCLUDE_BCN12	ridge	Spencer_US	Lee_Barcelona	97	11	71	26	5	6	326	5.144767586148716e-07	"{""C"": 0.5}"	0.6000000000000001	0.23333333333333334	0.9333333333333333	500	0.6342857142857143	0.38884320930040883	0.48333333333333334	0.8	0.16666666666666666	1.2549195121155892	Spencer_2021	Lee_2022_family	0	United_States	Spain	0	North_America	Europe	0	anti_PD1_based_unspecified_mix	mixed_ICI_including_combination	0	nan	0.27741330834114336	4.574710978503383	2.3978952727983707	1.391846202645219	0.4289819163420409	0.40151921943678875	0.059569784385690126
S1_EXCLUDE_BCN12	ridge	Spencer_US	Lee_Leeds	97	18	71	26	10	8	326	5.144767586148716e-07	"{""C"": 0.5}"	0.4375	0.15000000000000002	0.7	500	0.6350412985707103	0.38887313590316497	0.375	0.5	0.25	1.1429758606686835	Spencer_2021	Lee_2022_family	0	United_States	United_Kingdom	0	North_America	Europe	0	anti_PD1_based_unspecified_mix	mixed_ICI_including_combination	0	nan	0.1764032073310423	4.574710978503383	2.8903717578961645	1.8343999907642503	0.5462421632104126	0.47054562970191266	0.0711516832773583
S1_EXCLUDE_BCN12	ridge	Spencer_US	Lee_Manchester	97	25	71	26	12	13	326	5.144767586148716e-07	"{""C"": 0.5}"	0.3974358974358974	0.16025641025641021	0.6282051282051282	500	0.465828514871034	0.4574200474999367	0.3942307692307692	0.25	0.5384615384615384	1.5976706845609747	Spencer_2021	Lee_2022_family	0	United_States	United_Kingdom	0	North_America	Europe	0	anti_PD1_based_unspecified_mix	mixed_ICI_including_combination	0	nan	0.2519587628865979	4.574710978503383	3.2188758248682006	1.9981247694722843	0.6634308562491238	0.5626092193735298	0.06764326624120438
S1_EXCLUDE_BCN12	ridge	Spencer_US	Lee_PRIMM_NL	97	55	71	26	33	22	326	5.144767586148716e-07	"{""C"": 0.5}"	0.6074380165289256	0.45709366391184575	0.7527892561983471	500	0.7169092621974987	0.33869464327492116	0.5833333333333333	0.3939393939393939	0.7727272727272727	1.036846473098599	Spencer_2021	Lee_2022_family	0	United_States	Netherlands	0	North_America	Europe	0	anti_PD1_based_unspecified_mix	mixed_ICI_including_combination	0	nan	0.1319587628865979	4.574710978503383	4.007333185232471	2.056853303314237	0.710936693632596	0.6077592582922652	0.059407540585743816
S1_EXCLUDE_BCN12	ridge	Spencer_US	Lee_PRIMM_UK	97	54	71	26	33	21	326	5.144767586148716e-07	"{""C"": 0.5}"	0.5252525252525253	0.3492063492063492	0.6782828282828283	500	0.6738298745222497	0.3460206465085283	0.5606060606060606	0.45454545454545453	0.6666666666666666	1.0429011723445445	Spencer_2021	Lee_2022_family	0	United_States	United_Kingdom	0	North_America	Europe	0	anti_PD1_based_unspecified_mix	mixed_ICI_including_combination	0	nan	0.12084765177548673	4.574710978503383	3.9889840465642745	1.8951555363130812	0.6409902283621296	0.5444864834515294	0.06305335421682991
S1_EXCLUDE_BCN12	ridge	Spencer_US	Matson_US	97	38	71	26	14	24	326	5.144767586148716e-07	"{""C"": 0.5}"	0.5922619047619048	0.4031994047619048	0.7680059523809523	500	0.44346035555677304	0.3663786592249384	0.6160714285714286	0.8571428571428571	0.375	1.3519026002984693	Spencer_2021	Matson_2018	0	United_States	United_States	1	North_America	North_America	1	anti_PD1_based_unspecified_mix	anti_PD1_only	0	nan	0.36353771025501896	4.574710978503383	3.6375861597263857	1.085571598218901	0.2896984855829794	0.3022554757028195	0.03619677568983824
S1_EXCLUDE_BCN12	random_forest	Frankel_US	Gopalakrishnan_US	39	25	24	15	14	11	500	1.6488298996136508e-07	"{""max_features"": ""sqrt"", ""min_samples_leaf"": 5}"	0.6688311688311688	0.4056818181818182	0.8865259740259739	500	0.692813556535361	0.23768331963919642	0.6396103896103896	0.6428571428571429	0.6363636363636364	0.6683755299545697	Frankel_2017	Gopalakrishnan_2018	0	United_States	United_States	1	North_America	North_America	1	mixed_ICI_including_combination	anti_PD1_only	0	nan	0.055384615384615365	3.6635616461296463	3.2188758248682006	1.4601102198390727	0.5138555257100887	0.457773044074274	0.0727642304785162
S1_EXCLUDE_BCN12	random_forest	Frankel_US	Lee_Barcelona	39	11	24	15	5	6	500	1.6488298996136508e-07	"{""max_features"": ""sqrt"", ""min_samples_leaf"": 5}"	0.8	0.48250000000000004	1.0	500	0.8211111111111111	0.24982865999097384	0.5833333333333334	1.0	0.16666666666666666	0.6923418643894449	Frankel_2017	Lee_2022_family	0	United_States	Spain	0	North_America	Europe	0	mixed_ICI_including_combination	mixed_ICI_including_combination	1	nan	0.1608391608391609	3.6635616461296463	2.3978952727983707	2.148005799674066	0.5625705120362823	0.5030899391825384	0.08056573056573058
S1_EXCLUDE_BCN12	random_forest	Frankel_US	Lee_Leeds	39	18	24	15	10	8	500	1.6488298996136508e-07	"{""max_features"": ""sqrt"", ""min_samples_leaf"": 5}"	0.325	0.1	0.6000000000000001	500	0.48008061383061384	0.27186993799706904	0.4125	0.7	0.125	0.7386844894992839	Frankel_2017	Lee_2022_family	0	United_States	United_Kingdom	0	North_America	Europe	0	mixed_ICI_including_combination	mixed_ICI_including_combination	1	nan	0.05982905982905984	3.6635616461296463	2.8903717578961645	2.0000659164923533	0.43330674562958954	0.39824176658373817	0.06973855069093164
S1_EXCLUDE_BCN12	random_forest	Frankel_US	Lee_Manchester	39	25	24	15	12	13	500	1.6488298996136508e-07	"{""max_features"": ""sqrt"", ""min_samples_leaf"": 5}"	0.5576923076923076	0.34278846153846154	0.7948717948717948	500	0.5450087637394139	0.2448830590142751	0.5673076923076923	0.75	0.38461538461538464	0.6830247370880267	Frankel_2017	Lee_2022_family	0	United_States	United_Kingdom	0	North_America	Europe	0	mixed_ICI_including_combination	mixed_ICI_including_combination	1	nan	0.13538461538461544	3.6635616461296463	3.2188758248682006	2.0576633286376182	0.5284366611922444	0.4800730908319456	0.07087714402000117
S1_EXCLUDE_BCN12	random_forest	Frankel_US	Lee_PRIMM_NL	39	55	24	15	33	22	500	1.6488298996136508e-07	"{""max_features"": ""sqrt"", ""min_samples_leaf"": 5}"	0.5440771349862259	0.3774104683195592	0.7171143250688704	500	0.6135445967869303	0.24569713096469362	0.6212121212121212	0.696969696969697	0.5454545454545454	0.6850174849413769	Frankel_2017	Lee_2022_family	0	United_States	Netherlands	0	North_America	Europe	0	mixed_ICI_including_combination	mixed_ICI_including_combination	1	nan	0.015384615384615441	3.6635616461296463	4.007333185232471	2.1537283003203482	0.5362672870971259	0.49418965792965314	0.07240103811532383
S1_EXCLUDE_BCN12	random_forest	Frankel_US	Lee_PRIMM_UK	39	54	24	15	33	21	500	1.6488298996136508e-07	"{""max_features"": ""sqrt"", ""min_samples_leaf"": 5}"	0.5382395382395383	0.36940836940836946	0.6854256854256855	500	0.720500458025529	0.24316593045567456	0.4588744588744589	0.7272727272727273	0.19047619047619047	0.678791984032115	Frankel_2017	Lee_2022_family	0	United_States	United_Kingdom	0	North_America	Europe	0	mixed_ICI_including_combination	mixed_ICI_including_combination	1	nan	0.004273504273504258	3.6635616461296463	3.9889840465642745	1.822480321344653	0.5029369678988839	0.44529863877920617	0.06176134271372367
S1_EXCLUDE_BCN12	random_forest	Frankel_US	Matson_US	39	38	24	15	14	24	500	1.6488298996136508e-07	"{""max_features"": ""sqrt"", ""min_samples_leaf"": 5}"	0.2916666666666667	0.14285714285714285	0.48214285714285715	500	0.2808569305858544	0.3065465990902967	0.3898809523809524	0.5714285714285714	0.20833333333333334	0.8118287235250594	Frankel_2017	Matson_2018	0	United_States	United_States	1	North_America	North_America	1	mixed_ICI_including_combination	anti_PD1_only	0	nan	0.2469635627530365	3.6635616461296463	3.6375861597263857	1.0679491869084694	0.4539916266983753	0.38945877784631266	0.04694336574035822
S1_EXCLUDE_BCN12	random_forest	Frankel_US	Spencer_US	39	97	24	15	71	26	500	1.6488298996136508e-07	"{""max_features"": ""sqrt"", ""min_samples_leaf"": 5}"	0.4577464788732395	0.33124322860238353	0.5896668472372698	500	0.741546482180836	0.24544814492767014	0.4721018418201517	0.5211267605633803	0.4230769230769231	0.6833575029272034	Frankel_2017	Spencer_2021	0	United_States	United_States	1	North_America	North_America	1	mixed_ICI_including_combination	anti_PD1_based_unspecified_mix	0	nan	0.11657414750198247	3.6635616461296463	4.574710978503383	1.37106100772541	0.4428438885729916	0.3915311991633044	0.059063371581780995
S1_EXCLUDE_BCN12	random_forest	Gopalakrishnan_US	Frankel_US	25	39	14	11	24	15	386	2.5004030649745586e-07	"{""max_features"": ""sqrt"", ""min_samples_leaf"": 5}"	0.3611111111111111	0.19020833333333334	0.5640277777777777	500	0.5383024395132517	0.25239115548893226	0.4708333333333333	0.875	0.06666666666666667	0.6986242156369804	Gopalakrishnan_2018	Frankel_2017	0	United_States	United_States	1	North_America	North_America	1	anti_PD1_only	mixed_ICI_including_combination	0	nan	0.055384615384615365	3.2188758248682006	3.6635616461296463	1.4601102198390727	0.5138555257100887	0.457773044074274	0.0727642304785162
S1_EXCLUDE_BCN12	random_forest	Gopalakrishnan_US	Lee_Barcelona	25	11	14	11	5	6	386	2.5004030649745586e-07	"{""max_features"": ""sqrt"", ""min_samples_leaf"": 5}"	0.13333333333333333	0.0	0.4	500	0.3447186147186147	0.31990610852603835	0.3	0.6	0.0	0.8396089854020179	Gopalakrishnan_2018	Lee_2022_family	0	United_States	Spain	0	North_America	Europe	0	anti_PD1_only	mixed_ICI_including_combination	0	nan	0.10545454545454552	3.2188758248682006	2.3978952727983707	1.7464261293987988	0.43864029899351553	0.4368346369614659	0.07725321239606954
S1_EXCLUDE_BCN12	random_forest	Gopalakrishnan_US	Lee_Leeds	25	18	14	11	10	8	386	2.5004030649745586e-07	"{""max_features"": ""sqrt"", ""min_samples_leaf"": 5}"	0.35	0.11250000000000002	0.6190624999999997	500	0.5170104405398523	0.2806069368491365	0.4	0.8	0.0	0.7584345113577846	Gopalakrishnan_2018	Lee_2022_family	0	United_States	United_Kingdom	0	North_America	Europe	0	anti_PD1_only	mixed_ICI_including_combination	0	nan	0.004444444444444473	3.2188758248682006	2.8903717578961645	2.0440113218725884	0.6134426055677813	0.5216269539720565	0.08646107331821616
S1_EXCLUDE_BCN12	random_forest	Gopalakrishnan_US	Lee_Manchester	25	25	14	11	12	13	386	2.5004030649745586e-07	"{""max_features"": ""sqrt"", ""min_samples_leaf"": 5}"	0.39743589743589747	0.17275641025641025	0.641025641025641	500	0.44793494152046787	0.2748889213351382	0.5384615384615384	1.0	0.07692307692307693	0.7455584566643807	Gopalakrishnan_2018	Lee_2022_family	0	United_States	United_Kingdom	0	North_America	Europe	0	anti_PD1_only	mixed_ICI_including_combination	0	nan	0.08000000000000007	3.2188758248682006	3.2188758248682006	2.156186223234672	0.7155554538377515	0.6032222163102883	0.08168707482993197
S1_EXCLUDE_BCN12	random_forest	Gopalakrishnan_US	Lee_PRIMM_NL	25	55	14	11	33	22	386	2.5004030649745586e-07	"{""max_features"": ""sqrt"", ""min_samples_leaf"": 5}"	0.6556473829201103	0.5026170798898072	0.8072314049586776	500	0.7311315191611572	0.2244375649116463	0.5909090909090908	0.9090909090909091	0.2727272727272727	0.6409021290899872	Gopalakrishnan_2018	Lee_2022_family	0	United_States	Netherlands	0	North_America	Europe	0	anti_PD1_only	mixed_ICI_including_combination	0	0.22	0.039999999999999925	3.2188758248682006	4.007333185232471	2.1884513111812445	0.7745689314443972	0.6511689475893659	0.07338528138528139
S1_EXCLUDE_BCN12	random_forest	Gopalakrishnan_US	Lee_PRIMM_UK	25	54	14	11	33	21	386	2.5004030649745586e-07	"{""max_features"": ""sqrt"", ""min_samples_leaf"": 5}"	0.6089466089466089	0.455988455988456	0.7605339105339105	500	0.7338062852568674	0.22846753149563542	0.5411255411255411	0.9393939393939394	0.14285714285714285	0.6489458733091479	Gopalakrishnan_2018	Lee_2022_family	0	United_States	United_Kingdom	0	North_America	Europe	0	anti_PD1_only	mixed_ICI_including_combination	0	0.53	0.05111111111111111	3.2188758248682006	3.9889840465642745	2.0629884886791996	0.7029774214674973	0.5924470851118022	0.07848122952884858
S1_EXCLUDE_BCN12	random_forest	Gopalakrishnan_US	Matson_US	25	38	14	11	14	24	386	2.5004030649745586e-07	"{""max_features"": ""sqrt"", ""min_samples_leaf"": 5}"	0.45535714285714285	0.24107142857142855	0.6503720238095237	500	0.4951787134131813	0.2755227088922406	0.45535714285714285	0.7857142857142857	0.125	0.7446720498713693	Gopalakrishnan_2018	Matson_2018	0	United_States	United_States	1	North_America	North_America	1	anti_PD1_only	anti_PD1_only	1	0.0	0.19157894736842113	3.2188758248682006	3.6375861597263857	1.1378781135158458	0.32940473391192715	0.35644838628752057	0.0470108604845447
S1_EXCLUDE_BCN12	random_forest	Gopalakrishnan_US	Spencer_US	25	97	14	11	71	26	386	2.5004030649745586e-07	"{""max_features"": ""sqrt"", ""min_samples_leaf"": 5}"	0.5444203683640304	0.42028710725893825	0.6702600216684722	500	0.7696859786535206	0.2397256991021846	0.5251895991332611	0.704225352112676	0.34615384615384615	0.6728852384551516	Gopalakrishnan_2018	Spencer_2021	0	United_States	United_States	1	North_America	North_America	1	anti_PD1_only	anti_PD1_based_unspecified_mix	0	nan	0.17195876288659784	3.2188758248682006	4.574710978503383	0.8663222398807107	0.3242323634033718	0.32656385568073787	0.033931879280921985
S1_EXCLUDE_BCN12	random_forest	Lee_Barcelona	Frankel_US	11	39	5	6	24	15	492	1.0246076956438827e-07	"{""max_features"": ""sqrt"", ""min_samples_leaf"": 5}"	0.47916666666666674	0.2957638888888889	0.6466319444444444	500	0.6057868158411637	0.2508130349406347	0.4708333333333333	0.20833333333333334	0.7333333333333333	0.6947732741994043	Lee_2022_family	Frankel_2017	0	Spain	United_States	0	Europe	North_America	0	mixed_ICI_including_combination	mixed_ICI_including_combination	1	nan	0.1608391608391609	2.3978952727983707	3.6635616461296463	2.148005799674066	0.5625705120362823	0.5030899391825384	0.08056573056573058
S1_EXCLUDE_BCN12	random_forest	Lee_Barcelona	Gopalakrishnan_US	11	25	5	6	14	11	492	1.0246076956438827e-07	"{""max_features"": ""sqrt"", ""min_samples_leaf"": 5}"	0.36688311688311687	0.21258116883116884	0.5714285714285714	500	0.4982194616977225	0.25110476448352714	0.4707792207792208	0.21428571428571427	0.7272727272727273	0.6953569185830318	Lee_2022_family	Gopalakrishnan_2018	0	Spain	United_States	0	Europe	North_America	0	mixed_ICI_including_combination	anti_PD1_only	0	nan	0.10545454545454552	2.3978952727983707	3.2188758248682006	1.7464261293987988	0.43864029899351553	0.4368346369614659	0.07725321239606954
S1_EXCLUDE_BCN12	random_forest	Lee_Barcelona	Lee_Leeds	11	18	5	6	10	8	492	1.0246076956438827e-07	"{""max_features"": ""sqrt"", ""min_samples_leaf"": 5}"	0.5875	0.30000000000000004	0.81875	500	0.6619352869352869	0.2494031653703464	0.6	0.2	1.0	0.6919532162398352	Lee_2022_family	Lee_2022_family	1	Spain	United_Kingdom	0	Europe	Europe	1	mixed_ICI_including_combination	mixed_ICI_including_combination	1	nan	0.10101010101010105	2.3978952727983707	2.8903717578961645	1.900081845184206	0.5949875337870366	0.5175184809533883	0.0664525069286974
S1_EXCLUDE_BCN12	random_forest	Lee_Barcelona	Lee_Manchester	11	25	5	6	12	13	492	1.0246076956438827e-07	"{""max_features"": ""sqrt"", ""min_samples_leaf"": 5}"	0.5416666666666666	0.375	0.7278846153846151	500	0.5007843137254901	0.24948052738501608	0.5	0.0	1.0	0.6921081287945141	Lee_2022_family	Lee_2022_family	1	Spain	United_Kingdom	0	Europe	Europe	1	mixed_ICI_including_combination	mixed_ICI_including_combination	1	nan	0.025454545454545452	2.3978952727983707	3.2188758248682006	2.2125872071199106	0.699237363642387	0.5968096276682744	0.0739697656840514
S1_EXCLUDE_BCN12	random_forest	Lee_Barcelona	Lee_PRIMM_NL	11	55	5	6	33	22	492	1.0246076956438827e-07	"{""max_features"": ""sqrt"", ""min_samples_leaf"": 5}"	0.4676308539944904	0.34087465564738295	0.5964187327823691	500	0.6070409982174687	0.25127908411119004	0.5303030303030303	0.06060606060606061	1.0	0.695705919084178	Lee_2022_family	Lee_2022_family	1	Spain	Netherlands	0	Europe	Europe	1	mixed_ICI_including_combination	mixed_ICI_including_combination	1	nan	0.14545454545454545	2.3978952727983707	4.007333185232471	2.2654600312628763	0.7635200611439845	0.6434861265694625	0.0709798666941524
S1_EXCLUDE_BCN12	random_forest	Lee_Barcelona	Lee_PRIMM_UK	11	54	5	6	33	21	492	1.0246076956438827e-07	"{""max_features"": ""sqrt"", ""min_samples_leaf"": 5}"	0.38311688311688313	0.25351731601731603	0.5220959595959596	500	0.5711654077131085	0.252027471493154	0.4199134199134199	0.030303030303030304	0.8095238095238095	0.6972027789016385	Lee_2022_family	Lee_2022_family	1	Spain	United_Kingdom	0	Europe	Europe	1	mixed_ICI_including_combination	mixed_ICI_including_combination	1	nan	0.15656565656565663	2.3978952727983707	3.9889840465642745	2.1906652798974484	0.6864949908918968	0.594816419606938	0.07321323591164862
S1_EXCLUDE_BCN12	random_forest	Lee_Barcelona	Matson_US	11	38	5	6	14	24	492	1.0246076956438827e-07	"{""max_features"": ""sqrt"", ""min_samples_leaf"": 5}"	0.44494047619047616	0.25744047619047616	0.625	500	0.3471663730880321	0.2502726723488953	0.4910714285714286	0.35714285714285715	0.625	0.6936924428509935	Lee_2022_family	Matson_2018	0	Spain	United_States	0	Europe	North_America	0	mixed_ICI_including_combination	anti_PD1_only	0	nan	0.0861244019138756	2.3978952727983707	3.6375861597263857	1.9036925455120652	0.5117333886100498	0.4641582272842964	0.07052750924931375
S1_EXCLUDE_BCN12	random_forest	Lee_Barcelona	Spencer_US	11	97	5	6	71	26	492	1.0246076956438827e-07	"{""max_features"": ""sqrt"", ""min_samples_leaf"": 5}"	0.5473997833152763	0.42903575297941493	0.6573943661971832	500	0.7533222447234489	0.2508888453304115	0.5075839653304441	0.16901408450704225	0.8461538461538461	0.694925051947277	Lee_2022_family	Spencer_2021	0	Spain	United_States	0	Europe	North_America	0	mixed_ICI_including_combination	anti_PD1_based_unspecified_mix	0	nan	0.27741330834114336	2.3978952727983707	4.574710978503383	1.391846202645219	0.4289819163420409	0.40151921943678875	0.059569784385690126
S1_EXCLUDE_BCN12	random_forest	Lee_Leeds	Frankel_US	18	39	10	8	24	15	500	1.0661815682701918e-07	"{""max_features"": ""sqrt"", ""min_samples_leaf"": 5}"	0.4361111111111111	0.25687499999999996	0.643125	500	0.6100262686516579	0.25479953285165796	0.46249999999999997	0.7916666666666666	0.13333333333333333	0.7039046107377117	Lee_2022_family	Frankel_2017	0	United_Kingdom	United_States	0	Europe	North_America	0	mixed_ICI_including_combination	mixed_ICI_including_combination	1	nan	0.05982905982905984	2.8903717578961645	3.6635616461296463	2.0000659164923533	0.43330674562958954	0.39824176658373817	0.06973855069093164
S1_EXCLUDE_BCN12	random_forest	Lee_Leeds	Gopalakrishnan_US	18	25	10	8	14	11	500	1.0661815682701918e-07	"{""max_features"": ""sqrt"", ""min_samples_leaf"": 5}"	0.4805194805194805	0.26623376623376627	0.6948051948051949	500	0.6275920471243337	0.245043260681656	0.5454545454545454	1.0	0.09090909090909091	0.6828855504481668	Lee_2022_family	Gopalakrishnan_2018	0	United_Kingdom	United_States	0	Europe	North_America	0	mixed_ICI_including_combination	anti_PD1_only	0	nan	0.004444444444444473	2.8903717578961645	3.2188758248682006	2.0440113218725884	0.6134426055677813	0.5216269539720565	0.08646107331821616
S1_EXCLUDE_BCN12	random_forest	Lee_Leeds	Lee_Barcelona	18	11	10	8	5	6	500	1.0661815682701918e-07	"{""max_features"": ""sqrt"", ""min_samples_leaf"": 5}"	0.30000000000000004	0.0	0.6508333333333325	500	0.39329004329004325	0.2965590809632151	0.4	0.8	0.0	0.7913956962025349	Lee_2022_family	Lee_2022_family	1	United_Kingdom	Spain	0	Europe	Europe	1	mixed_ICI_including_combination	mixed_ICI_including_combination	1	nan	0.10101010101010105	2.8903717578961645	2.3978952727983707	1.900081845184206	0.5949875337870366	0.5175184809533883	0.0664525069286974
S1_EXCLUDE_BCN12	random_forest	Lee_Leeds	Lee_Manchester	18	25	10	8	12	13	500	1.0661815682701918e-07	"{""max_features"": ""sqrt"", ""min_samples_leaf"": 5}"	0.4294871794871795	0.19839743589743591	0.64775641025641	500	0.5520226563418783	0.26056131416566203	0.3717948717948718	0.6666666666666666	0.07692307692307693	0.714092717268271	Lee_2022_family	Lee_2022_family	1	United_Kingdom	United_Kingdom	1	Europe	Europe	1	mixed_ICI_including_combination	mixed_ICI_including_combination	1	nan	0.0755555555555556	2.8903717578961645	3.2188758248682006	1.5545824937549038	0.47164689705627394	0.4330400701509546	0.05555555555555555
S1_EXCLUDE_BCN12	random_forest	Lee_Leeds	Lee_PRIMM_NL	18	55	10	8	33	22	500	1.0661815682701918e-07	"{""max_features"": ""sqrt"", ""min_samples_leaf"": 5}"	0.5110192837465565	0.34493801652892564	0.6660123966942149	500	0.6160158707581599	0.2437247637021845	0.553030303030303	0.8787878787878788	0.22727272727272727	0.6806797425583341	Lee_2022_family	Lee_2022_family	1	United_Kingdom	Netherlands	0	Europe	Europe	1	mixed_ICI_including_combination	mixed_ICI_including_combination	1	nan	0.0444444444444444	2.8903717578961645	4.007333185232471	1.5566246650097413	0.4778931549680615	0.43468033313280113	0.058371927895737426
S1_EXCLUDE_BCN12	random_forest	Lee_Leeds	Lee_PRIMM_UK	18	54	10	8	33	21	500	1.0661815682701918e-07	"{""max_features"": ""sqrt"", ""min_samples_leaf"": 5}"	0.5180375180375181	0.37442279942279943	0.6695526695526696	500	0.6947849565838651	0.23979139595187138	0.487012987012987	0.8787878787878788	0.09523809523809523	0.6720306321739428	Lee_2022_family	Lee_2022_family	1	United_Kingdom	United_Kingdom	1	Europe	Europe	1	mixed_ICI_including_combination	mixed_ICI_including_combination	1	nan	0.05555555555555558	2.8903717578961645	3.9889840465642745	1.4223043524177503	0.4473893542658809	0.4113155539569585	0.05030654237003443
S1_EXCLUDE_BCN12	random_forest	Lee_Leeds	Matson_US	18	38	10	8	14	24	500	1.0661815682701918e-07	"{""max_features"": ""sqrt"", ""min_samples_leaf"": 5}"	0.5297619047619048	0.3347470238095238	0.7247767857142857	500	0.4026854514166544	0.27242887933697363	0.47023809523809523	0.8571428571428571	0.08333333333333333	0.7399152388805067	Lee_2022_family	Matson_2018	0	United_Kingdom	United_States	0	Europe	North_America	0	mixed_ICI_including_combination	anti_PD1_only	0	nan	0.18713450292397665	2.8903717578961645	3.6375861597263857	1.9771596498918715	0.5811823747640369	0.49020061089929295	0.07011311347150946
S1_EXCLUDE_BCN12	random_forest	Lee_Leeds	Spencer_US	18	97	10	8	71	26	500	1.0661815682701918e-07	"{""max_features"": ""sqrt"", ""min_samples_leaf"": 5}"	0.4891657638136511	0.3523699891657638	0.6091955579631636	500	0.7473434340570541	0.2316356679545622	0.5032502708559047	0.9295774647887324	0.07692307692307693	0.6559365547640467	Lee_2022_family	Spencer_2021	0	United_Kingdom	United_States	0	Europe	North_America	0	mixed_ICI_including_combination	anti_PD1_based_unspecified_mix	0	nan	0.1764032073310423	2.8903717578961645	4.574710978503383	1.8343999907642503	0.5462421632104126	0.47054562970191266	0.0711516832773583
S1_EXCLUDE_BCN12	random_forest	Lee_Manchester	Frankel_US	25	39	12	13	24	15	500	5.636676092699121e-08	"{""max_features"": ""sqrt"", ""min_samples_leaf"": 5}"	0.46944444444444444	0.29444444444444445	0.6641666666666665	500	0.6362336391275045	0.2654411706598327	0.55	0.5	0.6	0.7252051397670106	Lee_2022_family	Frankel_2017	0	United_Kingdom	United_States	0	Europe	North_America	0	mixed_ICI_including_combination	mixed_ICI_including_combination	1	nan	0.13538461538461544	3.2188758248682006	3.6635616461296463	2.0576633286376182	0.5284366611922444	0.4800730908319456	0.07087714402000117
S1_EXCLUDE_BCN12	random_forest	Lee_Manchester	Gopalakrishnan_US	25	25	12	13	14	11	500	5.636676092699121e-08	"{""max_features"": ""sqrt"", ""min_samples_leaf"": 5}"	0.577922077922078	0.33425324675324675	0.7857142857142857	500	0.6694744937602081	0.25798950969923473	0.49025974025974023	0.07142857142857142	0.9090909090909091	0.7093339065473043	Lee_2022_family	Gopalakrishnan_2018	0	United_Kingdom	United_States	0	Europe	North_America	0	mixed_ICI_including_combination	anti_PD1_only	0	nan	0.08000000000000007	3.2188758248682006	3.2188758248682006	2.156186223234672	0.7155554538377515	0.6032222163102883	0.08168707482993197
S1_EXCLUDE_BCN12	random_forest	Lee_Manchester	Lee_Barcelona	25	11	12	13	5	6	500	5.636676092699121e-08	"{""max_features"": ""sqrt"", ""min_samples_leaf"": 5}"	0.13333333333333336	0.0	0.4524999999999977	500	0.3542424242424242	0.29462543895246407	0.43333333333333335	0.2	0.6666666666666666	0.7849395145515704	Lee_2022_family	Lee_2022_family	1	United_Kingdom	Spain	0	Europe	Europe	1	mixed_ICI_including_combination	mixed_ICI_including_combination	1	nan	0.025454545454545452	3.2188758248682006	2.3978952727983707	2.2125872071199106	0.699237363642387	0.5968096276682744	0.0739697656840514
S1_EXCLUDE_BCN12	random_forest	Lee_Manchester	Lee_Leeds	25	18	12	13	10	8	500	5.636676092699121e-08	"{""max_features"": ""sqrt"", ""min_samples_leaf"": 5}"	0.2875	0.05	0.5625	500	0.45771061454884987	0.26658042333506765	0.3875	0.4	0.375	0.7264245239043575	Lee_2022_family	Lee_2022_family	1	United_Kingdom	United_Kingdom	1	Europe	Europe	1	mixed_ICI_including_combination	mixed_ICI_including_combination	1	nan	0.0755555555555556	3.2188758248682006	2.8903717578961645	1.5545824937549038	0.47164689705627394	0.4330400701509546	0.05555555555555555
S1_EXCLUDE_BCN12	random_forest	Lee_Manchester	Lee_PRIMM_NL	25	55	12	13	33	22	500	5.636676092699121e-08	"{""max_features"": ""sqrt"", ""min_samples_leaf"": 5}"	0.49449035812672176	0.3236914600550964	0.650137741046832	500	0.6184074575593603	0.2518764086223717	0.46212121212121215	0.5151515151515151	0.4090909090909091	0.6969207493066333	Lee_2022_family	Lee_2022_family	1	United_Kingdom	Netherlands	0	Europe	Europe	1	mixed_ICI_including_combination	mixed_ICI_including_combination	1	nan	0.12	3.2188758248682006	4.007333185232471	1.023240361097451	0.37225480323409776	0.3551927713469969	0.039582766439909295
S1_EXCLUDE_BCN12	random_forest	Lee_Manchester	Lee_PRIMM_UK	25	54	12	13	33	21	500	5.636676092699121e-08	"{""max_features"": ""sqrt"", ""min_samples_leaf"": 5}"	0.5800865800865802	0.4285714285714286	0.7301587301587302	500	0.6971904460257244	0.2435506794967771	0.5952380952380952	0.6666666666666666	0.5238095238095238	0.6802364693459538	Lee_2022_family	Lee_2022_family	1	United_Kingdom	United_Kingdom	1	Europe	Europe	1	mixed_ICI_including_combination	mixed_ICI_including_combination	1	nan	0.13111111111111118	3.2188758248682006	3.9889840465642745	0.9138188960887204	0.3284935922301878	0.31756491921131447	0.036730326698580666
S1_EXCLUDE_BCN12	random_forest	Lee_Manchester	Matson_US	25	38	12	13	14	24	500	5.636676092699121e-08	"{""max_features"": ""sqrt"", ""min_samples_leaf"": 5}"	0.6875	0.5131696428571428	0.8378720238095237	500	0.6035840949282938	0.22196438516003134	0.5386904761904762	0.2857142857142857	0.7916666666666666	0.6359159203652085	Lee_2022_family	Matson_2018	0	United_Kingdom	United_States	0	Europe	North_America	0	mixed_ICI_including_combination	anti_PD1_only	0	nan	0.11157894736842106	3.2188758248682006	3.6375861597263857	2.0526455035056514	0.652012344550797	0.5576993360744268	0.06928177586824205
S1_EXCLUDE_BCN12	random_forest	Lee_Manchester	Spencer_US	25	97	12	13	71	26	500	5.636676092699121e-08	"{""max_features"": ""sqrt"", ""min_samples_leaf"": 5}"	0.43553629469122424	0.30658179848320694	0.5739572047670639	500	0.6860527713801847	0.28716264960570853	0.47941495124593714	0.11267605633802817	0.8461538461538461	0.7688471303858732	Lee_2022_family	Spencer_2021	0	United_Kingdom	United_States	0	Europe	North_America	0	mixed_ICI_including_combination	anti_PD1_based_unspecified_mix	0	nan	0.2519587628865979	3.2188758248682006	4.574710978503383	1.9981247694722843	0.6634308562491238	0.5626092193735298	0.06764326624120438
S1_EXCLUDE_BCN12	random_forest	Lee_PRIMM_NL	Frankel_US	55	39	33	22	24	15	462	2.1269490829764473e-07	"{""max_features"": ""sqrt"", ""min_samples_leaf"": 5}"	0.48888888888888893	0.306875	0.6916666666666667	500	0.5821167104328615	0.2466528926708458	0.6041666666666666	0.875	0.3333333333333333	0.6869905365783617	Lee_2022_family	Frankel_2017	0	Netherlands	United_States	0	Europe	North_America	0	mixed_ICI_including_combination	mixed_ICI_including_combination	1	nan	0.015384615384615441	4.007333185232471	3.6635616461296463	2.1537283003203482	0.5362672870971259	0.49418965792965314	0.07240103811532383
S1_EXCLUDE_BCN12	random_forest	Lee_PRIMM_NL	Gopalakrishnan_US	55	25	33	22	14	11	462	2.1269490829764473e-07	"{""max_features"": ""sqrt"", ""min_samples_leaf"": 5}"	0.6168831168831169	0.36363636363636365	0.7922077922077922	500	0.7392212945784373	0.24489498769030632	0.6038961038961039	0.5714285714285714	0.6363636363636364	0.6837457948706188	Lee_2022_family	Gopalakrishnan_2018	0	Netherlands	United_States	0	Europe	North_America	0	mixed_ICI_including_combination	anti_PD1_only	0	0.22	0.039999999999999925	4.007333185232471	3.2188758248682006	2.1884513111812445	0.7745689314443972	0.6511689475893659	0.07338528138528139
S1_EXCLUDE_BCN12	random_forest	Lee_PRIMM_NL	Lee_Barcelona	55	11	33	22	5	6	462	2.1269490829764473e-07	"{""max_features"": ""sqrt"", ""min_samples_leaf"": 5}"	0.43333333333333335	0.09999999999999998	0.8333333333333334	500	0.4411111111111111	0.2522263971479394	0.4666666666666667	0.6	0.3333333333333333	0.6978109436024384	Lee_2022_family	Lee_2022_family	1	Netherlands	Spain	0	Europe	Europe	1	mixed_ICI_including_combination	mixed_ICI_including_combination	1	nan	0.14545454545454545	4.007333185232471	2.3978952727983707	2.2654600312628763	0.7635200611439845	0.6434861265694625	0.0709798666941524
S1_EXCLUDE_BCN12	random_forest	Lee_PRIMM_NL	Lee_Leeds	55	18	33	22	10	8	462	2.1269490829764473e-07	"{""max_features"": ""sqrt"", ""min_samples_leaf"": 5}"	0.525	0.23093750000000002	0.8125	500	0.5821622740005092	0.25024185315318026	0.5125	0.9	0.125	0.6944284913757219	Lee_2022_family	Lee_2022_family	1	Netherlands	United_Kingdom	0	Europe	Europe	1	mixed_ICI_including_combination	mixed_ICI_including_combination	1	nan	0.0444444444444444	4.007333185232471	2.8903717578961645	1.5566246650097413	0.4778931549680615	0.43468033313280113	0.058371927895737426
S1_EXCLUDE_BCN12	random_forest	Lee_PRIMM_NL	Lee_Manchester	55	25	33	22	12	13	462	2.1269490829764473e-07	"{""max_features"": ""sqrt"", ""min_samples_leaf"": 5}"	0.6282051282051282	0.39407051282051286	0.8366987179487179	500	0.5784991628741629	0.2512242077119204	0.5384615384615384	1.0	0.07692307692307693	0.6966415874835917	Lee_2022_family	Lee_2022_family	1	Netherlands	United_Kingdom	0	Europe	Europe	1	mixed_ICI_including_combination	mixed_ICI_including_combination	1	nan	0.12	4.007333185232471	3.2188758248682006	1.023240361097451	0.37225480323409776	0.3551927713469969	0.039582766439909295
S1_EXCLUDE_BCN12	random_forest	Lee_PRIMM_NL	Lee_PRIMM_UK	55	54	33	22	33	21	462	2.1269490829764473e-07	"{""max_features"": ""sqrt"", ""min_samples_leaf"": 5}"	0.6060606060606061	0.44004329004329007	0.761976911976912	500	0.6695197148844445	0.22461427189322852	0.564935064935065	0.9393939393939394	0.19047619047619047	0.6412797524360546	Lee_2022_family	Lee_2022_family	1	Netherlands	United_Kingdom	0	Europe	Europe	1	mixed_ICI_including_combination	mixed_ICI_including_combination	1	0.31000000000000005	0.011111111111111183	4.007333185232471	3.9889840465642745	0.979761610673823	0.2947752855170625	0.3098038865253837	0.039137100406941676
S1_EXCLUDE_BCN12	random_forest	Lee_PRIMM_NL	Matson_US	55	38	33	22	14	24	462	2.1269490829764473e-07	"{""max_features"": ""sqrt"", ""min_samples_leaf"": 5}"	0.43154761904761907	0.24999999999999997	0.6309523809523809	500	0.39296216448738974	0.27772916765992195	0.4107142857142857	0.5714285714285714	0.25	0.7500614487186326	Lee_2022_family	Matson_2018	0	Netherlands	United_States	0	Europe	North_America	0	mixed_ICI_including_combination	anti_PD1_only	0	0.22	0.23157894736842105	4.007333185232471	3.6375861597263857	2.151580063750936	0.7076207020813287	0.5984839380121251	0.06549751000878819
S1_EXCLUDE_BCN12	random_forest	Lee_PRIMM_NL	Spencer_US	55	97	33	22	71	26	462	2.1269490829764473e-07	"{""max_features"": ""sqrt"", ""min_samples_leaf"": 5}"	0.4848320693391116	0.32881906825568796	0.6068255687973997	500	0.7183728110886649	0.2761291965303082	0.4823943661971831	0.4647887323943662	0.5	0.7491085126878416	Lee_2022_family	Spencer_2021	0	Netherlands	United_States	0	Europe	North_America	0	mixed_ICI_including_combination	anti_PD1_based_unspecified_mix	0	nan	0.1319587628865979	4.007333185232471	4.574710978503383	2.056853303314237	0.710936693632596	0.6077592582922652	0.059407540585743816
S1_EXCLUDE_BCN12	random_forest	Lee_PRIMM_UK	Frankel_US	54	39	33	21	24	15	500	1.0701941407104337e-07	"{""max_features"": ""sqrt"", ""min_samples_leaf"": 5}"	0.4805555555555556	0.29020833333333335	0.6611111111111111	500	0.6326982294932536	0.26446764347474744	0.5	0.3333333333333333	0.6666666666666666	0.722345856783592	Lee_2022_family	Frankel_2017	0	United_Kingdom	United_States	0	Europe	North_America	0	mixed_ICI_including_combination	mixed_ICI_including_combination	1	nan	0.004273504273504258	3.9889840465642745	3.6635616461296463	1.822480321344653	0.5029369678988839	0.44529863877920617	0.06176134271372367
S1_EXCLUDE_BCN12	random_forest	Lee_PRIMM_UK	Gopalakrishnan_US	54	25	33	21	14	11	500	1.0701941407104337e-07	"{""max_features"": ""sqrt"", ""min_samples_leaf"": 5}"	0.5649350649350648	0.3116883116883117	0.769642857142857	500	0.7023291263905989	0.2631668485598714	0.5714285714285714	0.14285714285714285	1.0	0.7206813296837512	Lee_2022_family	Gopalakrishnan_2018	0	United_Kingdom	United_States	0	Europe	North_America	0	mixed_ICI_including_combination	anti_PD1_only	0	0.53	0.05111111111111111	3.9889840465642745	3.2188758248682006	2.0629884886791996	0.7029774214674973	0.5924470851118022	0.07848122952884858
S1_EXCLUDE_BCN12	random_forest	Lee_PRIMM_UK	Lee_Barcelona	54	11	33	21	5	6	500	1.0701941407104337e-07	"{""max_features"": ""sqrt"", ""min_samples_leaf"": 5}"	0.4666666666666666	0.13333333333333333	0.8333333333333334	500	0.4997979797979798	0.26867520225610525	0.4666666666666667	0.6	0.3333333333333333	0.7317765876311544	Lee_2022_family	Lee_2022_family	1	United_Kingdom	Spain	0	Europe	Europe	1	mixed_ICI_including_combination	mixed_ICI_including_combination	1	nan	0.15656565656565663	3.9889840465642745	2.3978952727983707	2.1906652798974484	0.6864949908918968	0.594816419606938	0.07321323591164862
S1_EXCLUDE_BCN12	random_forest	Lee_PRIMM_UK	Lee_Leeds	54	18	33	21	10	8	500	1.0701941407104337e-07	"{""max_features"": ""sqrt"", ""min_samples_leaf"": 5}"	0.41250000000000003	0.1375	0.6690624999999997	500	0.5810042653425006	0.26645554474721744	0.3625	0.6	0.125	0.7270084366931792	Lee_2022_family	Lee_2022_family	1	United_Kingdom	United_Kingdom	1	Europe	Europe	1	mixed_ICI_including_combination	mixed_ICI_including_combination	1	nan	0.05555555555555558	3.9889840465642745	2.8903717578961645	1.4223043524177503	0.4473893542658809	0.4113155539569585	0.05030654237003443
S1_EXCLUDE_BCN12	random_forest	Lee_PRIMM_UK	Lee_Manchester	54	25	33	21	12	13	500	1.0701941407104337e-07	"{""max_features"": ""sqrt"", ""min_samples_leaf"": 5}"	0.4423076923076923	0.23717948717948714	0.7118589743589739	500	0.4611866471734893	0.29032703808428134	0.4903846153846154	0.75	0.23076923076923078	0.7858835583834362	Lee_2022_family	Lee_2022_family	1	United_Kingdom	United_Kingdom	1	Europe	Europe	1	mixed_ICI_including_combination	mixed_ICI_including_combination	1	nan	0.13111111111111118	3.9889840465642745	3.2188758248682006	0.9138188960887204	0.3284935922301878	0.31756491921131447	0.036730326698580666
S1_EXCLUDE_BCN12	random_forest	Lee_PRIMM_UK	Lee_PRIMM_NL	54	55	33	21	33	22	500	1.0701941407104337e-07	"{""max_features"": ""sqrt"", ""min_samples_leaf"": 5}"	0.6707988980716253	0.530957300275482	0.8210055096418732	500	0.7747338287370211	0.22350336287654587	0.5833333333333334	0.7575757575757576	0.4090909090909091	0.6374417998816694	Lee_2022_family	Lee_2022_family	1	United_Kingdom	Netherlands	0	Europe	Europe	1	mixed_ICI_including_combination	mixed_ICI_including_combination	1	0.31000000000000005	0.011111111111111183	3.9889840465642745	4.007333185232471	0.979761610673823	0.2947752855170625	0.3098038865253837	0.039137100406941676
S1_EXCLUDE_BCN12	random_forest	Lee_PRIMM_UK	Matson_US	54	38	33	21	14	24	500	1.0701941407104337e-07	"{""max_features"": ""sqrt"", ""min_samples_leaf"": 5}"	0.5446428571428571	0.36153273809523806	0.7576636904761902	500	0.5291910924012917	0.234663469985061	0.5505952380952381	0.14285714285714285	0.9583333333333334	0.6640035979796112	Lee_2022_family	Matson_2018	0	United_Kingdom	United_States	0	Europe	North_America	0	mixed_ICI_including_combination	anti_PD1_only	0	0.53	0.24269005847953223	3.9889840465642745	3.6375861597263857	1.8534931918759978	0.6124204863537068	0.5259206807769226	0.06252182484429769
S1_EXCLUDE_BCN12	random_forest	Lee_PRIMM_UK	Spencer_US	54	97	33	21	71	26	500	1.0701941407104337e-07	"{""max_features"": ""sqrt"", ""min_samples_leaf"": 5}"	0.485373781148429	0.3506094257854821	0.6003250270855903	500	0.7328894126206824	0.30112801124588334	0.46533044420368364	0.08450704225352113	0.8461538461538461	0.798774547694831	Lee_2022_family	Spencer_2021	0	United_Kingdom	United_States	0	Europe	North_America	0	mixed_ICI_including_combination	anti_PD1_based_unspecified_mix	0	nan	0.12084765177548673	3.9889840465642745	4.574710978503383	1.8951555363130812	0.6409902283621296	0.5444864834515294	0.06305335421682991
S1_EXCLUDE_BCN12	random_forest	Matson_US	Frankel_US	38	39	14	24	24	15	432	1.0642079206855303e-07	"{""max_features"": ""sqrt"", ""min_samples_leaf"": 5}"	0.4388888888888889	0.2748611111111111	0.629236111111111	500	0.5734316747681207	0.3045004183639773	0.4625	0.125	0.8	0.8081446165819856	Matson_2018	Frankel_2017	0	United_States	United_States	1	North_America	North_America	1	anti_PD1_only	mixed_ICI_including_combination	0	nan	0.2469635627530365	3.6375861597263857	3.6635616461296463	1.0679491869084694	0.4539916266983753	0.38945877784631266	0.04694336574035822
S1_EXCLUDE_BCN12	random_forest	Matson_US	Gopalakrishnan_US	38	25	14	24	14	11	432	1.0642079206855303e-07	"{""max_features"": ""sqrt"", ""min_samples_leaf"": 5}"	0.5	0.2532467532467533	0.7467532467532467	500	0.550546776065352	0.2725430728659169	0.461038961038961	0.2857142857142857	0.6363636363636364	0.7390245141181789	Matson_2018	Gopalakrishnan_2018	0	United_States	United_States	1	North_America	North_America	1	anti_PD1_only	anti_PD1_only	1	0.0	0.19157894736842113	3.6375861597263857	3.2188758248682006	1.1378781135158458	0.32940473391192715	0.35644838628752057	0.0470108604845447
S1_EXCLUDE_BCN12	random_forest	Matson_US	Lee_Barcelona	38	11	14	24	5	6	432	1.0642079206855303e-07	"{""max_features"": ""sqrt"", ""min_samples_leaf"": 5}"	0.2333333333333333	0.0	0.5666666666666667	500	0.37103174603174605	0.31328372541651534	0.25	0.0	0.5	0.8238563321721218	Matson_2018	Lee_2022_family	0	United_States	Spain	0	North_America	Europe	0	anti_PD1_only	mixed_ICI_including_combination	0	nan	0.0861244019138756	3.6375861597263857	2.3978952727983707	1.9036925455120652	0.5117333886100498	0.4641582272842964	0.07052750924931375
S1_EXCLUDE_BCN12	random_forest	Matson_US	Lee_Leeds	38	18	14	24	10	8	432	1.0642079206855303e-07	"{""max_features"": ""sqrt"", ""min_samples_leaf"": 5}"	0.375	0.125	0.6625000000000001	500	0.5644596987979341	0.2848388656967075	0.4	0.3	0.5	0.7642901924391983	Matson_2018	Lee_2022_family	0	United_States	United_Kingdom	0	North_America	Europe	0	anti_PD1_only	mixed_ICI_including_combination	0	nan	0.18713450292397665	3.6375861597263857	2.8903717578961645	1.9771596498918715	0.5811823747640369	0.49020061089929295	0.07011311347150946
S1_EXCLUDE_BCN12	random_forest	Matson_US	Lee_Manchester	38	25	14	24	12	13	432	1.0642079206855303e-07	"{""max_features"": ""sqrt"", ""min_samples_leaf"": 5}"	0.5320512820512819	0.27564102564102566	0.7435897435897436	500	0.6298446296901675	0.25237184854197986	0.5128205128205128	0.3333333333333333	0.6923076923076923	0.6987135498712553	Matson_2018	Lee_2022_family	0	United_States	United_Kingdom	0	North_America	Europe	0	anti_PD1_only	mixed_ICI_including_combination	0	nan	0.11157894736842106	3.6375861597263857	3.2188758248682006	2.0526455035056514	0.652012344550797	0.5576993360744268	0.06928177586824205
S1_EXCLUDE_BCN12	random_forest	Matson_US	Lee_PRIMM_NL	38	55	14	24	33	22	432	1.0642079206855303e-07	"{""max_features"": ""sqrt"", ""min_samples_leaf"": 5}"	0.38292011019283745	0.2258953168044077	0.5578512396694215	500	0.5177829057233191	0.28624840756780656	0.3560606060606061	0.21212121212121213	0.5	0.7672615742045126	Matson_2018	Lee_2022_family	0	United_States	Netherlands	0	North_America	Europe	0	anti_PD1_only	mixed_ICI_including_combination	0	0.22	0.23157894736842105	3.6375861597263857	4.007333185232471	2.151580063750936	0.7076207020813287	0.5984839380121251	0.06549751000878819
S1_EXCLUDE_BCN12	random_forest	Matson_US	Lee_PRIMM_UK	38	54	14	24	33	21	432	1.0642079206855303e-07	"{""max_features"": ""sqrt"", ""min_samples_leaf"": 5}"	0.5165945165945166	0.3397907647907648	0.684199134199134	500	0.5970157789863799	0.2779070246324765	0.47186147186147187	0.18181818181818182	0.7619047619047619	0.7507346796444112	Matson_2018	Lee_2022_family	0	United_States	United_Kingdom	0	North_America	Europe	0	anti_PD1_only	mixed_ICI_including_combination	0	0.53	0.24269005847953223	3.6375861597263857	3.9889840465642745	1.8534931918759978	0.6124204863537068	0.5259206807769226	0.06252182484429769
S1_EXCLUDE_BCN12	random_forest	Matson_US	Spencer_US	38	97	14	24	71	26	432	1.0642079206855303e-07	"{""max_features"": ""sqrt"", ""min_samples_leaf"": 5}"	0.48645720476706394	0.35342632719393285	0.6378791982665222	500	0.7121828780044841	0.2978656172304907	0.47291440953412783	0.2535211267605634	0.6923076923076923	0.7934213071209432	Matson_2018	Spencer_2021	0	United_States	United_States	1	North_America	North_America	1	anti_PD1_only	anti_PD1_based_unspecified_mix	0	nan	0.36353771025501896	3.6375861597263857	4.574710978503383	1.085571598218901	0.2896984855829794	0.3022554757028195	0.03619677568983824
S1_EXCLUDE_BCN12	random_forest	Spencer_US	Frankel_US	97	39	71	26	24	15	326	5.144767586148716e-07	"{""max_features"": ""sqrt"", ""min_samples_leaf"": 5}"	0.49444444444444446	0.29562499999999997	0.6986805555555555	500	0.620936651826131	0.24070196030210342	0.5666666666666667	1.0	0.13333333333333333	0.678952474306105	Spencer_2021	Frankel_2017	0	United_States	United_States	1	North_America	North_America	1	anti_PD1_based_unspecified_mix	mixed_ICI_including_combination	0	nan	0.11657414750198247	4.574710978503383	3.6635616461296463	1.37106100772541	0.4428438885729916	0.3915311991633044	0.059063371581780995
S1_EXCLUDE_BCN12	random_forest	Spencer_US	Gopalakrishnan_US	97	25	71	26	14	11	326	5.144767586148716e-07	"{""max_features"": ""sqrt"", ""min_samples_leaf"": 5}"	0.6493506493506493	0.4415584415584415	0.8441558441558442	500	0.71726005797069	0.2404594203411429	0.5909090909090909	1.0	0.18181818181818182	0.6779143067105734	Spencer_2021	Gopalakrishnan_2018	0	United_States	United_States	1	North_America	North_America	1	anti_PD1_based_unspecified_mix	anti_PD1_only	0	nan	0.17195876288659784	4.574710978503383	3.2188758248682006	0.8663222398807107	0.3242323634033718	0.32656385568073787	0.033931879280921985
S1_EXCLUDE_BCN12	random_forest	Spencer_US	Lee_Barcelona	97	11	71	26	5	6	326	5.144767586148716e-07	"{""max_features"": ""sqrt"", ""min_samples_leaf"": 5}"	0.8	0.4666666666666667	1.0	500	0.8392857142857142	0.24423572544831676	0.5	1.0	0.0	0.680049933867214	Spencer_2021	Lee_2022_family	0	United_States	Spain	0	North_America	Europe	0	anti_PD1_based_unspecified_mix	mixed_ICI_including_combination	0	nan	0.27741330834114336	4.574710978503383	2.3978952727983707	1.391846202645219	0.4289819163420409	0.40151921943678875	0.059569784385690126
S1_EXCLUDE_BCN12	random_forest	Spencer_US	Lee_Leeds	97	18	71	26	10	8	326	5.144767586148716e-07	"{""max_features"": ""sqrt"", ""min_samples_leaf"": 5}"	0.4	0.1309375	0.6565624999999997	500	0.6105934343434343	0.25861293478727965	0.5	1.0	0.0	0.7109824551410711	Spencer_2021	Lee_2022_family	0	United_States	United_Kingdom	0	North_America	Europe	0	anti_PD1_based_unspecified_mix	mixed_ICI_including_combination	0	nan	0.1764032073310423	4.574710978503383	2.8903717578961645	1.8343999907642503	0.5462421632104126	0.47054562970191266	0.0711516832773583
S1_EXCLUDE_BCN12	random_forest	Spencer_US	Lee_Manchester	97	25	71	26	12	13	326	5.144767586148716e-07	"{""max_features"": ""sqrt"", ""min_samples_leaf"": 5}"	0.33333333333333326	0.13461538461538458	0.5384615384615384	500	0.4168430973387899	0.2894115994847331	0.3653846153846154	0.5	0.23076923076923078	0.7786045637777914	Spencer_2021	Lee_2022_family	0	United_States	United_Kingdom	0	North_America	Europe	0	anti_PD1_based_unspecified_mix	mixed_ICI_including_combination	0	nan	0.2519587628865979	4.574710978503383	3.2188758248682006	1.9981247694722843	0.6634308562491238	0.5626092193735298	0.06764326624120438
S1_EXCLUDE_BCN12	random_forest	Spencer_US	Lee_PRIMM_NL	97	55	71	26	33	22	326	5.144767586148716e-07	"{""max_features"": ""sqrt"", ""min_samples_leaf"": 5}"	0.5702479338842976	0.4138774104683196	0.7258953168044078	500	0.6923050174052848	0.24129969479184168	0.4696969696969697	0.7575757575757576	0.18181818181818182	0.6744905192335676	Spencer_2021	Lee_2022_family	0	United_States	Netherlands	0	North_America	Europe	0	anti_PD1_based_unspecified_mix	mixed_ICI_including_combination	0	nan	0.1319587628865979	4.574710978503383	4.007333185232471	2.056853303314237	0.710936693632596	0.6077592582922652	0.059407540585743816
S1_EXCLUDE_BCN12	random_forest	Spencer_US	Lee_PRIMM_UK	97	54	71	26	33	21	326	5.144767586148716e-07	"{""max_features"": ""sqrt"", ""min_samples_leaf"": 5}"	0.4444444444444444	0.28639971139971143	0.608946608946609	500	0.5846270425699437	0.24989617655273214	0.48051948051948057	0.8181818181818182	0.14285714285714285	0.696169541844368	Spencer_2021	Lee_2022_family	0	United_States	United_Kingdom	0	North_America	Europe	0	anti_PD1_based_unspecified_mix	mixed_ICI_including_combination	0	nan	0.12084765177548673	4.574710978503383	3.9889840465642745	1.8951555363130812	0.6409902283621296	0.5444864834515294	0.06305335421682991
S1_EXCLUDE_BCN12	random_forest	Spencer_US	Matson_US	97	38	71	26	14	24	326	5.144767586148716e-07	"{""max_features"": ""sqrt"", ""min_samples_leaf"": 5}"	0.4613095238095238	0.2722470238095238	0.6682291666666667	500	0.42139143245000577	0.32005648884217686	0.4851190476190476	0.9285714285714286	0.041666666666666664	0.8447322790392584	Spencer_2021	Matson_2018	0	United_States	United_States	1	North_America	North_America	1	anti_PD1_based_unspecified_mix	anti_PD1_only	0	nan	0.36353771025501896	4.574710978503383	3.6375861597263857	1.085571598218901	0.2896984855829794	0.3022554757028195	0.03619677568983824
S2_BCN12_AS_NR	elastic_net	Frankel_US	Gopalakrishnan_US	39	25	24	15	14	11	500	1.6488298996136508e-07	"{""C"": 0.2, ""l1_ratio"": 0.75}"	0.6298701298701298	0.40259740259740256	0.8605519480519479	500	0.6981695891085733	0.24009008147428879	0.6396103896103896	0.6428571428571429	0.6363636363636364	0.6731098416792811	Frankel_2017	Gopalakrishnan_2018	0	United_States	United_States	1	North_America	North_America	1	mixed_ICI_including_combination	anti_PD1_only	0	nan	0.055384615384615365	3.6635616461296463	3.2188758248682006	1.4601102198390727	0.5138555257100887	0.457773044074274	0.0727642304785162
S2_BCN12_AS_NR	elastic_net	Frankel_US	Lee_Barcelona	39	12	24	15	5	7	500	1.6488298996136508e-07	"{""C"": 0.2, ""l1_ratio"": 0.75}"	0.2	0.0	0.47214285714285653	500	0.3271428571428571	0.33675737267576006	0.24285714285714285	0.2	0.2857142857142857	0.8753730695151033	Frankel_2017	Lee_2022_family	0	United_States	Spain	0	North_America	Europe	0	mixed_ICI_including_combination	mixed_ICI_including_combination	1	nan	0.19871794871794873	3.6635616461296463	2.4849066497880004	2.148005799674066	0.5625705120362823	0.5030899391825384	0.08056573056573058
S2_BCN12_AS_NR	elastic_net	Frankel_US	Lee_Leeds	39	18	24	15	10	8	500	1.6488298996136508e-07	"{""C"": 0.2, ""l1_ratio"": 0.75}"	0.16249999999999998	0.025	0.4065624999999997	500	0.41575863678804853	0.3562943466637336	0.275	0.3	0.25	0.929509602908634	Frankel_2017	Lee_2022_family	0	United_States	United_Kingdom	0	North_America	Europe	0	mixed_ICI_including_combination	mixed_ICI_including_combination	1	nan	0.05982905982905984	3.6635616461296463	2.8903717578961645	2.0000659164923533	0.43330674562958954	0.39824176658373817	0.06973855069093164
S2_BCN12_AS_NR	elastic_net	Frankel_US	Lee_Manchester	39	25	24	15	12	13	500	1.6488298996136508e-07	"{""C"": 0.2, ""l1_ratio"": 0.75}"	0.4935897435897436	0.2594551282051282	0.7341346153846152	500	0.5101589711458132	0.29735839299964906	0.5064102564102564	0.16666666666666666	0.8461538461538461	0.8277600690037106	Frankel_2017	Lee_2022_family	0	United_States	United_Kingdom	0	North_America	Europe	0	mixed_ICI_including_combination	mixed_ICI_including_combination	1	nan	0.13538461538461544	3.6635616461296463	3.2188758248682006	2.0576633286376182	0.5284366611922444	0.4800730908319456	0.07087714402000117
S2_BCN12_AS_NR	elastic_net	Frankel_US	Lee_PRIMM_NL	39	55	24	15	33	22	500	1.6488298996136508e-07	"{""C"": 0.2, ""l1_ratio"": 0.75}"	0.534435261707989	0.37799586776859506	0.7011019283746557	500	0.6038464792259542	0.306222490975435	0.48484848484848486	0.24242424242424243	0.7272727272727273	0.8181737950818558	Frankel_2017	Lee_2022_family	0	United_States	Netherlands	0	North_America	Europe	0	mixed_ICI_including_combination	mixed_ICI_including_combination	1	nan	0.015384615384615441	3.6635616461296463	4.007333185232471	2.1537283003203482	0.5362672870971259	0.49418965792965314	0.07240103811532383
S2_BCN12_AS_NR	elastic_net	Frankel_US	Lee_PRIMM_UK	39	54	24	15	33	21	500	1.6488298996136508e-07	"{""C"": 0.2, ""l1_ratio"": 0.75}"	0.48629148629148633	0.33477633477633484	0.6782828282828283	500	0.588578733022345	0.3207264563697464	0.46320346320346323	0.21212121212121213	0.7142857142857143	0.8518787268980885	Frankel_2017	Lee_2022_family	0	United_States	United_Kingdom	0	North_America	Europe	0	mixed_ICI_including_combination	mixed_ICI_including_combination	1	nan	0.004273504273504258	3.6635616461296463	3.9889840465642745	1.822480321344653	0.5029369678988839	0.44529863877920617	0.06176134271372367
S2_BCN12_AS_NR	elastic_net	Frankel_US	Matson_US	39	38	24	15	14	24	500	1.6488298996136508e-07	"{""C"": 0.2, ""l1_ratio"": 0.75}"	0.3630952380952381	0.16666666666666666	0.5819196428571428	500	0.36601480492103344	0.31439486941857364	0.4017857142857143	0.42857142857142855	0.375	0.8410971929068417	Frankel_2017	Matson_2018	0	United_States	United_States	1	North_America	North_America	1	mixed_ICI_including_combination	anti_PD1_only	0	nan	0.2469635627530365	3.6635616461296463	3.6375861597263857	1.0679491869084694	0.4539916266983753	0.38945877784631266	0.04694336574035822
S2_BCN12_AS_NR	elastic_net	Frankel_US	Spencer_US	39	97	24	15	71	26	500	1.6488298996136508e-07	"{""C"": 0.2, ""l1_ratio"": 0.75}"	0.5314192849404117	0.42627302275189594	0.6514219934994582	500	0.7586992737371958	0.266889936949035	0.5419826652221018	0.5070422535211268	0.5769230769230769	0.7321476965286986	Frankel_2017	Spencer_2021	0	United_States	United_States	1	North_America	North_America	1	mixed_ICI_including_combination	anti_PD1_based_unspecified_mix	0	nan	0.11657414750198247	3.6635616461296463	4.574710978503383	1.37106100772541	0.4428438885729916	0.3915311991633044	0.059063371581780995
S2_BCN12_AS_NR	elastic_net	Gopalakrishnan_US	Frankel_US	25	39	14	11	24	15	386	2.5004030649745586e-07	"{""C"": 0.2, ""l1_ratio"": 0.75}"	0.4666666666666667	0.2735416666666667	0.6460416666666665	500	0.5843114879159322	0.28258342657627333	0.425	0.25	0.6	0.7618111175177325	Gopalakrishnan_2018	Frankel_2017	0	United_States	United_States	1	North_America	North_America	1	anti_PD1_only	mixed_ICI_including_combination	0	nan	0.055384615384615365	3.2188758248682006	3.6635616461296463	1.4601102198390727	0.5138555257100887	0.457773044074274	0.0727642304785162
S2_BCN12_AS_NR	elastic_net	Gopalakrishnan_US	Lee_Barcelona	25	12	14	11	5	7	386	2.5004030649745586e-07	"{""C"": 0.2, ""l1_ratio"": 0.75}"	0.22857142857142856	0.0	0.5714285714285714	500	0.34606060606060607	0.2949048078431733	0.3857142857142857	0.2	0.5714285714285714	0.7875917342870474	Gopalakrishnan_2018	Lee_2022_family	0	United_States	Spain	0	North_America	Europe	0	anti_PD1_only	mixed_ICI_including_combination	0	nan	0.14333333333333337	3.2188758248682006	2.4849066497880004	1.7464261293987988	0.43864029899351553	0.4368346369614659	0.07725321239606954
S2_BCN12_AS_NR	elastic_net	Gopalakrishnan_US	Lee_Leeds	25	18	14	11	10	8	386	2.5004030649745586e-07	"{""C"": 0.2, ""l1_ratio"": 0.75}"	0.35	0.10593750000000002	0.6000000000000001	500	0.5056395891690009	0.289555847625911	0.3	0.6	0.0	0.7754685676149394	Gopalakrishnan_2018	Lee_2022_family	0	United_States	United_Kingdom	0	North_America	Europe	0	anti_PD1_only	mixed_ICI_including_combination	0	nan	0.004444444444444473	3.2188758248682006	2.8903717578961645	2.0440113218725884	0.6134426055677813	0.5216269539720565	0.08646107331821616
S2_BCN12_AS_NR	elastic_net	Gopalakrishnan_US	Lee_Manchester	25	25	14	11	12	13	386	2.5004030649745586e-07	"{""C"": 0.2, ""l1_ratio"": 0.75}"	0.5384615384615384	0.29791666666666666	0.7790064102564102	500	0.6495701587906966	0.25161526715208443	0.40705128205128205	0.5833333333333334	0.23076923076923078	0.6960814187783761	Gopalakrishnan_2018	Lee_2022_family	0	United_States	United_Kingdom	0	North_America	Europe	0	anti_PD1_only	mixed_ICI_including_combination	0	nan	0.08000000000000007	3.2188758248682006	3.2188758248682006	2.156186223234672	0.7155554538377515	0.6032222163102883	0.08168707482993197
S2_BCN12_AS_NR	elastic_net	Gopalakrishnan_US	Lee_PRIMM_NL	25	55	14	11	33	22	386	2.5004030649745586e-07	"{""C"": 0.2, ""l1_ratio"": 0.75}"	0.7066115702479339	0.5502410468319558	0.8360881542699725	500	0.8010136601610743	0.2276980465763665	0.5984848484848485	0.8787878787878788	0.3181818181818182	0.6479079369013413	Gopalakrishnan_2018	Lee_2022_family	0	United_States	Netherlands	0	North_America	Europe	0	anti_PD1_only	mixed_ICI_including_combination	0	0.22	0.039999999999999925	3.2188758248682006	4.007333185232471	2.1884513111812445	0.7745689314443972	0.6511689475893659	0.07338528138528139
S2_BCN12_AS_NR	elastic_net	Gopalakrishnan_US	Lee_PRIMM_UK	25	54	14	11	33	21	386	2.5004030649745586e-07	"{""C"": 0.2, ""l1_ratio"": 0.75}"	0.598845598845599	0.42712842712842713	0.7532467532467533	500	0.7003392759082647	0.23313151928001283	0.577922077922078	0.7272727272727273	0.42857142857142855	0.6584646630827186	Gopalakrishnan_2018	Lee_2022_family	0	United_States	United_Kingdom	0	North_America	Europe	0	anti_PD1_only	mixed_ICI_including_combination	0	0.53	0.05111111111111111	3.2188758248682006	3.9889840465642745	2.0629884886791996	0.7029774214674973	0.5924470851118022	0.07848122952884858
S2_BCN12_AS_NR	elastic_net	Gopalakrishnan_US	Matson_US	25	38	14	11	14	24	386	2.5004030649745586e-07	"{""C"": 0.2, ""l1_ratio"": 0.75}"	0.5595238095238095	0.35104166666666664	0.7426339285714285	500	0.46738188472028697	0.23652912619588415	0.5625	0.5	0.625	0.6647568686063626	Gopalakrishnan_2018	Matson_2018	0	United_States	United_States	1	North_America	North_America	1	anti_PD1_only	anti_PD1_only	1	0.0	0.19157894736842113	3.2188758248682006	3.6375861597263857	1.1378781135158458	0.32940473391192715	0.35644838628752057	0.0470108604845447
S2_BCN12_AS_NR	elastic_net	Gopalakrishnan_US	Spencer_US	25	97	14	11	71	26	386	2.5004030649745586e-07	"{""C"": 0.2, ""l1_ratio"": 0.75}"	0.47833152762730224	0.33740520043336947	0.6127573131094257	500	0.7202832047865091	0.2713459137106096	0.4926868905742145	0.4084507042253521	0.5769230769230769	0.7374443701589533	Gopalakrishnan_2018	Spencer_2021	0	United_States	United_States	1	North_America	North_America	1	anti_PD1_only	anti_PD1_based_unspecified_mix	0	nan	0.17195876288659784	3.2188758248682006	4.574710978503383	0.8663222398807107	0.3242323634033718	0.32656385568073787	0.033931879280921985
S2_BCN12_AS_NR	elastic_net	Lee_Barcelona	Frankel_US	12	39	5	7	24	15	500	1.0246076956438827e-07	"{""C"": 0.2, ""l1_ratio"": 0.75}"	0.4111111111111111	0.23041666666666666	0.5931249999999999	500	0.5627371951157281	0.2562025774714098	0.45	0.5	0.4	0.705624424267973	Lee_2022_family	Frankel_2017	0	Spain	United_States	0	Europe	North_America	0	mixed_ICI_including_combination	mixed_ICI_including_combination	1	nan	0.19871794871794873	2.4849066497880004	3.6635616461296463	2.148005799674066	0.5625705120362823	0.5030899391825384	0.08056573056573058
S2_BCN12_AS_NR	elastic_net	Lee_Barcelona	Gopalakrishnan_US	12	25	5	7	14	11	500	1.0246076956438827e-07	"{""C"": 0.2, ""l1_ratio"": 0.75}"	0.4675324675324675	0.25633116883116885	0.7272727272727273	500	0.5650213867531618	0.2533481093712491	0.5422077922077922	0.35714285714285715	0.7272727272727273	0.699894228972462	Lee_2022_family	Gopalakrishnan_2018	0	Spain	United_States	0	Europe	North_America	0	mixed_ICI_including_combination	anti_PD1_only	0	nan	0.14333333333333337	2.4849066497880004	3.2188758248682006	1.7464261293987988	0.43864029899351553	0.4368346369614659	0.07725321239606954
S2_BCN12_AS_NR	elastic_net	Lee_Barcelona	Lee_Leeds	12	18	5	7	10	8	500	1.0246076956438827e-07	"{""C"": 0.2, ""l1_ratio"": 0.75}"	0.6125	0.325	0.8815624999999997	500	0.682014652014652	0.24924954976440766	0.525	0.3	0.75	0.6915736681350857	Lee_2022_family	Lee_2022_family	1	Spain	United_Kingdom	0	Europe	Europe	1	mixed_ICI_including_combination	mixed_ICI_including_combination	1	nan	0.1388888888888889	2.4849066497880004	2.8903717578961645	1.900081845184206	0.5949875337870366	0.5175184809533883	0.0664525069286974
S2_BCN12_AS_NR	elastic_net	Lee_Barcelona	Lee_Manchester	12	25	5	7	12	13	500	1.0246076956438827e-07	"{""C"": 0.2, ""l1_ratio"": 0.75}"	0.48717948717948717	0.2564102564102564	0.714903846153846	500	0.49376595082477437	0.2521461007794877	0.47115384615384615	0.25	0.6923076923076923	0.6974860296531884	Lee_2022_family	Lee_2022_family	1	Spain	United_Kingdom	0	Europe	Europe	1	mixed_ICI_including_combination	mixed_ICI_including_combination	1	nan	0.0633333333333333	2.4849066497880004	3.2188758248682006	2.2125872071199106	0.699237363642387	0.5968096276682744	0.0739697656840514
S2_BCN12_AS_NR	elastic_net	Lee_Barcelona	Lee_PRIMM_NL	12	55	5	7	33	22	500	1.0246076956438827e-07	"{""C"": 0.2, ""l1_ratio"": 0.75}"	0.3236914600550964	0.1893595041322314	0.46635674931129467	500	0.5076940416295007	0.2665952719133871	0.4015151515151515	0.12121212121212122	0.6818181818181818	0.7264967614183685	Lee_2022_family	Lee_2022_family	1	Spain	Netherlands	0	Europe	Europe	1	mixed_ICI_including_combination	mixed_ICI_including_combination	1	nan	0.1833333333333333	2.4849066497880004	4.007333185232471	2.2654600312628763	0.7635200611439845	0.6434861265694625	0.0709798666941524
S2_BCN12_AS_NR	elastic_net	Lee_Barcelona	Lee_PRIMM_UK	12	54	5	7	33	21	500	1.0246076956438827e-07	"{""C"": 0.2, ""l1_ratio"": 0.75}"	0.5281385281385281	0.3686507936507937	0.7056998556998556	500	0.654241007937745	0.25144401483998635	0.5541125541125541	0.3939393939393939	0.7142857142857143	0.6960611555021246	Lee_2022_family	Lee_2022_family	1	Spain	United_Kingdom	0	Europe	Europe	1	mixed_ICI_including_combination	mixed_ICI_including_combination	1	nan	0.19444444444444448	2.4849066497880004	3.9889840465642745	2.1906652798974484	0.6864949908918968	0.594816419606938	0.07321323591164862
S2_BCN12_AS_NR	elastic_net	Lee_Barcelona	Matson_US	12	38	5	7	14	24	500	1.0246076956438827e-07	"{""C"": 0.2, ""l1_ratio"": 0.75}"	0.47619047619047616	0.28995535714285714	0.6622767857142857	500	0.35171891760428264	0.2568904655718642	0.44940476190476186	0.35714285714285715	0.5416666666666666	0.7070406852679372	Lee_2022_family	Matson_2018	0	Spain	United_States	0	Europe	North_America	0	mixed_ICI_including_combination	anti_PD1_only	0	nan	0.04824561403508776	2.4849066497880004	3.6375861597263857	1.9036925455120652	0.5117333886100498	0.4641582272842964	0.07052750924931375
S2_BCN12_AS_NR	elastic_net	Lee_Barcelona	Spencer_US	12	97	5	7	71	26	500	1.0246076956438827e-07	"{""C"": 0.2, ""l1_ratio"": 0.75}"	0.4875406283856988	0.35262730227518957	0.6018418201516794	500	0.7594961431515836	0.2470236532329979	0.49837486457204766	0.5352112676056338	0.46153846153846156	0.6871383608399935	Lee_2022_family	Spencer_2021	0	Spain	United_States	0	Europe	North_America	0	mixed_ICI_including_combination	anti_PD1_based_unspecified_mix	0	nan	0.3152920962199312	2.4849066497880004	4.574710978503383	1.391846202645219	0.4289819163420409	0.40151921943678875	0.059569784385690126
S2_BCN12_AS_NR	elastic_net	Lee_Leeds	Frankel_US	18	39	10	8	24	15	500	1.0661815682701918e-07	"{""C"": 0.2, ""l1_ratio"": 0.75}"	0.38055555555555554	0.20409722222222224	0.5890277777777777	500	0.5362602682750525	0.26495168757134363	0.44166666666666665	0.75	0.13333333333333333	0.7252730503934506	Lee_2022_family	Frankel_2017	0	United_Kingdom	United_States	0	Europe	North_America	0	mixed_ICI_including_combination	mixed_ICI_including_combination	1	nan	0.05982905982905984	2.8903717578961645	3.6635616461296463	2.0000659164923533	0.43330674562958954	0.39824176658373817	0.06973855069093164
S2_BCN12_AS_NR	elastic_net	Lee_Leeds	Gopalakrishnan_US	18	25	10	8	14	11	500	1.0661815682701918e-07	"{""C"": 0.2, ""l1_ratio"": 0.75}"	0.4805194805194805	0.24334415584415586	0.7272727272727273	500	0.625925380457667	0.2629558932174758	0.44805194805194803	0.7142857142857143	0.18181818181818182	0.719521754467803	Lee_2022_family	Gopalakrishnan_2018	0	United_Kingdom	United_States	0	Europe	North_America	0	mixed_ICI_including_combination	anti_PD1_only	0	nan	0.004444444444444473	2.8903717578961645	3.2188758248682006	2.0440113218725884	0.6134426055677813	0.5216269539720565	0.08646107331821616
S2_BCN12_AS_NR	elastic_net	Lee_Leeds	Lee_Barcelona	18	12	10	8	5	7	500	1.0661815682701918e-07	"{""C"": 0.2, ""l1_ratio"": 0.75}"	0.7142857142857143	0.4	0.9714285714285715	500	0.6866666666666665	0.23855217940974152	0.5428571428571429	0.8	0.2857142857142857	0.670544754841406	Lee_2022_family	Lee_2022_family	1	United_Kingdom	Spain	0	Europe	Europe	1	mixed_ICI_including_combination	mixed_ICI_including_combination	1	nan	0.1388888888888889	2.8903717578961645	2.4849066497880004	1.900081845184206	0.5949875337870366	0.5175184809533883	0.0664525069286974
S2_BCN12_AS_NR	elastic_net	Lee_Leeds	Lee_Manchester	18	25	10	8	12	13	500	1.0661815682701918e-07	"{""C"": 0.2, ""l1_ratio"": 0.75}"	0.49358974358974356	0.24999999999999997	0.7533653846153845	500	0.6277324668085539	0.2748616763103576	0.41025641025641024	0.6666666666666666	0.15384615384615385	0.74379221118329	Lee_2022_family	Lee_2022_family	1	United_Kingdom	United_Kingdom	1	Europe	Europe	1	mixed_ICI_including_combination	mixed_ICI_including_combination	1	nan	0.0755555555555556	2.8903717578961645	3.2188758248682006	1.5545824937549038	0.47164689705627394	0.4330400701509546	0.05555555555555555
S2_BCN12_AS_NR	elastic_net	Lee_Leeds	Lee_PRIMM_NL	18	55	10	8	33	22	500	1.0661815682701918e-07	"{""C"": 0.2, ""l1_ratio"": 0.75}"	0.45041322314049587	0.29941460055096425	0.6178030303030303	500	0.6195092531302205	0.2532208800196868	0.44696969696969696	0.6666666666666666	0.22727272727272727	0.6999557362891595	Lee_2022_family	Lee_2022_family	1	United_Kingdom	Netherlands	0	Europe	Europe	1	mixed_ICI_including_combination	mixed_ICI_including_combination	1	nan	0.0444444444444444	2.8903717578961645	4.007333185232471	1.5566246650097413	0.4778931549680615	0.43468033313280113	0.058371927895737426
S2_BCN12_AS_NR	elastic_net	Lee_Leeds	Lee_PRIMM_UK	18	54	10	8	33	21	500	1.0661815682701918e-07	"{""C"": 0.2, ""l1_ratio"": 0.75}"	0.5252525252525253	0.36356421356421353	0.7028138528138528	500	0.6539260215875312	0.2452291340769557	0.5367965367965368	0.7878787878787878	0.2857142857142857	0.683748965738361	Lee_2022_family	Lee_2022_family	1	United_Kingdom	United_Kingdom	1	Europe	Europe	1	mixed_ICI_including_combination	mixed_ICI_including_combination	1	nan	0.05555555555555558	2.8903717578961645	3.9889840465642745	1.4223043524177503	0.4473893542658809	0.4113155539569585	0.05030654237003443
S2_BCN12_AS_NR	elastic_net	Lee_Leeds	Matson_US	18	38	10	8	14	24	500	1.0661815682701918e-07	"{""C"": 0.2, ""l1_ratio"": 0.75}"	0.34523809523809523	0.17559523809523808	0.5253720238095236	500	0.2969085779915614	0.28618735270540885	0.43154761904761907	0.5714285714285714	0.2916666666666667	0.7685218347916134	Lee_2022_family	Matson_2018	0	United_Kingdom	United_States	0	Europe	North_America	0	mixed_ICI_including_combination	anti_PD1_only	0	nan	0.18713450292397665	2.8903717578961645	3.6375861597263857	1.9771596498918715	0.5811823747640369	0.49020061089929295	0.07011311347150946
S2_BCN12_AS_NR	elastic_net	Lee_Leeds	Spencer_US	18	97	10	8	71	26	500	1.0661815682701918e-07	"{""C"": 0.2, ""l1_ratio"": 0.75}"	0.4761646803900325	0.34504333694474537	0.6079360780065005	500	0.7141617627362885	0.23919404615790793	0.5148970747562297	0.7605633802816901	0.2692307692307692	0.6713718533109788	Lee_2022_family	Spencer_2021	0	United_Kingdom	United_States	0	Europe	North_America	0	mixed_ICI_including_combination	anti_PD1_based_unspecified_mix	0	nan	0.1764032073310423	2.8903717578961645	4.574710978503383	1.8343999907642503	0.5462421632104126	0.47054562970191266	0.0711516832773583
S2_BCN12_AS_NR	elastic_net	Lee_Manchester	Frankel_US	25	39	12	13	24	15	500	5.636676092699121e-08	"{""C"": 0.2, ""l1_ratio"": 0.75}"	0.44166666666666665	0.26243055555555556	0.6153472222222222	500	0.5810984775715324	0.2983973568102038	0.4375	0.20833333333333334	0.6666666666666666	0.8010393373799043	Lee_2022_family	Frankel_2017	0	United_Kingdom	United_States	0	Europe	North_America	0	mixed_ICI_including_combination	mixed_ICI_including_combination	1	nan	0.13538461538461544	3.2188758248682006	3.6635616461296463	2.0576633286376182	0.5284366611922444	0.4800730908319456	0.07087714402000117
S2_BCN12_AS_NR	elastic_net	Lee_Manchester	Gopalakrishnan_US	25	25	12	13	14	11	500	5.636676092699121e-08	"{""C"": 0.2, ""l1_ratio"": 0.75}"	0.5194805194805194	0.2628246753246753	0.7467532467532467	500	0.6085791447846041	0.291317164437755	0.5	0.0	1.0	0.7860222200010631	Lee_2022_family	Gopalakrishnan_2018	0	United_Kingdom	United_States	0	Europe	North_America	0	mixed_ICI_including_combination	anti_PD1_only	0	nan	0.08000000000000007	3.2188758248682006	3.2188758248682006	2.156186223234672	0.7155554538377515	0.6032222163102883	0.08168707482993197
S2_BCN12_AS_NR	elastic_net	Lee_Manchester	Lee_Barcelona	25	12	12	13	5	7	500	5.636676092699121e-08	"{""C"": 0.2, ""l1_ratio"": 0.75}"	0.28571428571428575	0.05714285714285714	0.5714285714285715	500	0.355	0.2706413040921626	0.42857142857142855	0.0	0.8571428571428571	0.7368432322492319	Lee_2022_family	Lee_2022_family	1	United_Kingdom	Spain	0	Europe	Europe	1	mixed_ICI_including_combination	mixed_ICI_including_combination	1	nan	0.0633333333333333	3.2188758248682006	2.4849066497880004	2.2125872071199106	0.699237363642387	0.5968096276682744	0.0739697656840514
S2_BCN12_AS_NR	elastic_net	Lee_Manchester	Lee_Leeds	25	18	12	13	10	8	500	5.636676092699121e-08	"{""C"": 0.2, ""l1_ratio"": 0.75}"	0.35	0.11249999999999999	0.65	500	0.5135513995808114	0.26908042285554473	0.425	0.6	0.25	0.7321175821063881	Lee_2022_family	Lee_2022_family	1	United_Kingdom	United_Kingdom	1	Europe	Europe	1	mixed_ICI_including_combination	mixed_ICI_including_combination	1	nan	0.0755555555555556	3.2188758248682006	2.8903717578961645	1.5545824937549038	0.47164689705627394	0.4330400701509546	0.05555555555555555
S2_BCN12_AS_NR	elastic_net	Lee_Manchester	Lee_PRIMM_NL	25	55	12	13	33	22	500	5.636676092699121e-08	"{""C"": 0.2, ""l1_ratio"": 0.75}"	0.5440771349862259	0.39256198347107435	0.6984159779614325	500	0.6238465674203959	0.2539205269869931	0.5378787878787878	0.6666666666666666	0.4090909090909091	0.7036833239109088	Lee_2022_family	Lee_2022_family	1	United_Kingdom	Netherlands	0	Europe	Europe	1	mixed_ICI_including_combination	mixed_ICI_including_combination	1	nan	0.12	3.2188758248682006	4.007333185232471	1.023240361097451	0.37225480323409776	0.3551927713469969	0.039582766439909295
S2_BCN12_AS_NR	elastic_net	Lee_Manchester	Lee_PRIMM_UK	25	54	12	13	33	21	500	5.636676092699121e-08	"{""C"": 0.2, ""l1_ratio"": 0.75}"	0.6190476190476191	0.4638888888888889	0.7676767676767677	500	0.7504371967245951	0.2367421742893393	0.5865800865800865	0.696969696969697	0.47619047619047616	0.666329647859051	Lee_2022_family	Lee_2022_family	1	United_Kingdom	United_Kingdom	1	Europe	Europe	1	mixed_ICI_including_combination	mixed_ICI_including_combination	1	nan	0.13111111111111118	3.2188758248682006	3.9889840465642745	0.9138188960887204	0.3284935922301878	0.31756491921131447	0.036730326698580666
S2_BCN12_AS_NR	elastic_net	Lee_Manchester	Matson_US	25	38	12	13	14	24	500	5.636676092699121e-08	"{""C"": 0.2, ""l1_ratio"": 0.75}"	0.41964285714285715	0.22462797619047617	0.620610119047619	500	0.3545221056107335	0.24618868543207445	0.5089285714285714	0.14285714285714285	0.875	0.6861565755185273	Lee_2022_family	Matson_2018	0	United_Kingdom	United_States	0	Europe	North_America	0	mixed_ICI_including_combination	anti_PD1_only	0	nan	0.11157894736842106	3.2188758248682006	3.6375861597263857	2.0526455035056514	0.652012344550797	0.5576993360744268	0.06928177586824205
S2_BCN12_AS_NR	elastic_net	Lee_Manchester	Spencer_US	25	97	12	13	71	26	500	5.636676092699121e-08	"{""C"": 0.2, ""l1_ratio"": 0.75}"	0.4561213434452871	0.3263136511375948	0.5915763813651137	500	0.7143942293238384	0.3212651687474412	0.4723726977248104	0.09859154929577464	0.8461538461538461	0.8426623411326372	Lee_2022_family	Spencer_2021	0	United_Kingdom	United_States	0	Europe	North_America	0	mixed_ICI_including_combination	anti_PD1_based_unspecified_mix	0	nan	0.2519587628865979	3.2188758248682006	4.574710978503383	1.9981247694722843	0.6634308562491238	0.5626092193735298	0.06764326624120438
S2_BCN12_AS_NR	elastic_net	Lee_PRIMM_NL	Frankel_US	55	39	33	22	24	15	462	2.1269490829764473e-07	"{""C"": 0.2, ""l1_ratio"": 0.75}"	0.46388888888888885	0.27631944444444445	0.6765972222222221	500	0.5810940493543192	0.3291142552464647	0.5	0.3333333333333333	0.6666666666666666	0.8957540548861107	Lee_2022_family	Frankel_2017	0	Netherlands	United_States	0	Europe	North_America	0	mixed_ICI_including_combination	mixed_ICI_including_combination	1	nan	0.015384615384615441	4.007333185232471	3.6635616461296463	2.1537283003203482	0.5362672870971259	0.49418965792965314	0.07240103811532383
S2_BCN12_AS_NR	elastic_net	Lee_PRIMM_NL	Gopalakrishnan_US	55	25	33	22	14	11	462	2.1269490829764473e-07	"{""C"": 0.2, ""l1_ratio"": 0.75}"	0.44805194805194803	0.23035714285714287	0.6787337662337661	500	0.6166875459011009	0.30529046814989796	0.4253246753246753	0.21428571428571427	0.6363636363636364	0.8321997977446397	Lee_2022_family	Gopalakrishnan_2018	0	Netherlands	United_States	0	Europe	North_America	0	mixed_ICI_including_combination	anti_PD1_only	0	0.22	0.039999999999999925	4.007333185232471	3.2188758248682006	2.1884513111812445	0.7745689314443972	0.6511689475893659	0.07338528138528139
S2_BCN12_AS_NR	elastic_net	Lee_PRIMM_NL	Lee_Barcelona	55	12	33	22	5	7	462	2.1269490829764473e-07	"{""C"": 0.2, ""l1_ratio"": 0.75}"	0.45714285714285713	0.14285714285714285	0.8299999999999987	500	0.47606060606060596	0.27643559615966534	0.5571428571428572	0.4	0.7142857142857143	0.7756263249367858	Lee_2022_family	Lee_2022_family	1	Netherlands	Spain	0	Europe	Europe	1	mixed_ICI_including_combination	mixed_ICI_including_combination	1	nan	0.1833333333333333	4.007333185232471	2.4849066497880004	2.2654600312628763	0.7635200611439845	0.6434861265694625	0.0709798666941524
S2_BCN12_AS_NR	elastic_net	Lee_PRIMM_NL	Lee_Leeds	55	18	33	22	10	8	462	2.1269490829764473e-07	"{""C"": 0.2, ""l1_ratio"": 0.75}"	0.4875	0.2375	0.775	500	0.5864981750275868	0.28731472404782976	0.55	0.6	0.5	0.7860893122761379	Lee_2022_family	Lee_2022_family	1	Netherlands	United_Kingdom	0	Europe	Europe	1	mixed_ICI_including_combination	mixed_ICI_including_combination	1	nan	0.0444444444444444	4.007333185232471	2.8903717578961645	1.5566246650097413	0.4778931549680615	0.43468033313280113	0.058371927895737426
S2_BCN12_AS_NR	elastic_net	Lee_PRIMM_NL	Lee_Manchester	55	25	33	22	12	13	462	2.1269490829764473e-07	"{""C"": 0.2, ""l1_ratio"": 0.75}"	0.3141025641025641	0.10897435897435895	0.5641025641025641	500	0.39405436496767765	0.340061654670013	0.3653846153846154	0.5	0.23076923076923078	0.9034674799044277	Lee_2022_family	Lee_2022_family	1	Netherlands	United_Kingdom	0	Europe	Europe	1	mixed_ICI_including_combination	mixed_ICI_including_combination	1	nan	0.12	4.007333185232471	3.2188758248682006	1.023240361097451	0.37225480323409776	0.3551927713469969	0.039582766439909295
S2_BCN12_AS_NR	elastic_net	Lee_PRIMM_NL	Lee_PRIMM_UK	55	54	33	22	33	21	462	2.1269490829764473e-07	"{""C"": 0.2, ""l1_ratio"": 0.75}"	0.56998556998557	0.41915584415584417	0.728030303030303	500	0.7064944495067518	0.2499624565142772	0.5021645021645021	0.5757575757575758	0.42857142857142855	0.6946450823269641	Lee_2022_family	Lee_2022_family	1	Netherlands	United_Kingdom	0	Europe	Europe	1	mixed_ICI_including_combination	mixed_ICI_including_combination	1	0.31000000000000005	0.011111111111111183	4.007333185232471	3.9889840465642745	0.979761610673823	0.2947752855170625	0.3098038865253837	0.039137100406941676
S2_BCN12_AS_NR	elastic_net	Lee_PRIMM_NL	Matson_US	55	38	33	22	14	24	462	2.1269490829764473e-07	"{""C"": 0.2, ""l1_ratio"": 0.75}"	0.5595238095238095	0.3629464285714286	0.7338541666666665	500	0.41539797487577684	0.24470169219221616	0.5386904761904762	0.2857142857142857	0.7916666666666666	0.6875109406157595	Lee_2022_family	Matson_2018	0	Netherlands	United_States	0	Europe	North_America	0	mixed_ICI_including_combination	anti_PD1_only	0	0.22	0.23157894736842105	4.007333185232471	3.6375861597263857	2.151580063750936	0.7076207020813287	0.5984839380121251	0.06549751000878819
S2_BCN12_AS_NR	elastic_net	Lee_PRIMM_NL	Spencer_US	55	97	33	22	71	26	462	2.1269490829764473e-07	"{""C"": 0.2, ""l1_ratio"": 0.75}"	0.5140845070422535	0.38213705308775725	0.6463163596966414	500	0.7670844364755063	0.3365341697715955	0.5390032502708559	0.15492957746478872	0.9230769230769231	0.886338523466564	Lee_2022_family	Spencer_2021	0	Netherlands	United_States	0	Europe	North_America	0	mixed_ICI_including_combination	anti_PD1_based_unspecified_mix	0	nan	0.1319587628865979	4.007333185232471	4.574710978503383	2.056853303314237	0.710936693632596	0.6077592582922652	0.059407540585743816
S2_BCN12_AS_NR	elastic_net	Lee_PRIMM_UK	Frankel_US	54	39	33	21	24	15	500	1.0701941407104337e-07	"{""C"": 0.2, ""l1_ratio"": 0.75}"	0.4111111111111111	0.2346527777777778	0.6153472222222222	500	0.552176251733494	0.3713665818979467	0.4458333333333333	0.2916666666666667	0.6	1.0026221684509846	Lee_2022_family	Frankel_2017	0	United_Kingdom	United_States	0	Europe	North_America	0	mixed_ICI_including_combination	mixed_ICI_including_combination	1	nan	0.004273504273504258	3.9889840465642745	3.6635616461296463	1.822480321344653	0.5029369678988839	0.44529863877920617	0.06176134271372367
S2_BCN12_AS_NR	elastic_net	Lee_PRIMM_UK	Gopalakrishnan_US	54	25	33	21	14	11	500	1.0701941407104337e-07	"{""C"": 0.2, ""l1_ratio"": 0.75}"	0.6168831168831168	0.3831168831168831	0.8280844155844154	500	0.6729590087783365	0.30380772298394865	0.5162337662337663	0.21428571428571427	0.8181818181818182	0.8344058859786634	Lee_2022_family	Gopalakrishnan_2018	0	United_Kingdom	United_States	0	Europe	North_America	0	mixed_ICI_including_combination	anti_PD1_only	0	0.53	0.05111111111111111	3.9889840465642745	3.2188758248682006	2.0629884886791996	0.7029774214674973	0.5924470851118022	0.07848122952884858
S2_BCN12_AS_NR	elastic_net	Lee_PRIMM_UK	Lee_Barcelona	54	12	33	21	5	7	500	1.0701941407104337e-07	"{""C"": 0.2, ""l1_ratio"": 0.75}"	0.2571428571428572	0.0	0.6435714285714279	500	0.38	0.37408374089816343	0.24285714285714285	0.2	0.2857142857142857	0.9842340417170338	Lee_2022_family	Lee_2022_family	1	United_Kingdom	Spain	0	Europe	Europe	1	mixed_ICI_including_combination	mixed_ICI_including_combination	1	nan	0.19444444444444448	3.9889840465642745	2.4849066497880004	2.1906652798974484	0.6864949908918968	0.594816419606938	0.07321323591164862
S2_BCN12_AS_NR	elastic_net	Lee_PRIMM_UK	Lee_Leeds	54	18	33	21	10	8	500	1.0701941407104337e-07	"{""C"": 0.2, ""l1_ratio"": 0.75}"	0.7375	0.45	0.9625	500	0.7151037851037851	0.2202529732259343	0.625	0.5	0.75	0.6305925611828319	Lee_2022_family	Lee_2022_family	1	United_Kingdom	United_Kingdom	1	Europe	Europe	1	mixed_ICI_including_combination	mixed_ICI_including_combination	1	nan	0.05555555555555558	3.9889840465642745	2.8903717578961645	1.4223043524177503	0.4473893542658809	0.4113155539569585	0.05030654237003443
S2_BCN12_AS_NR	elastic_net	Lee_PRIMM_UK	Lee_Manchester	54	25	33	21	12	13	500	1.0701941407104337e-07	"{""C"": 0.2, ""l1_ratio"": 0.75}"	0.3333333333333333	0.13124999999999998	0.5705128205128205	500	0.40535319834889094	0.3514433489367979	0.3685897435897436	0.5833333333333334	0.15384615384615385	0.9606336822437364	Lee_2022_family	Lee_2022_family	1	United_Kingdom	United_Kingdom	1	Europe	Europe	1	mixed_ICI_including_combination	mixed_ICI_including_combination	1	nan	0.13111111111111118	3.9889840465642745	3.2188758248682006	0.9138188960887204	0.3284935922301878	0.31756491921131447	0.036730326698580666
S2_BCN12_AS_NR	elastic_net	Lee_PRIMM_UK	Lee_PRIMM_NL	54	55	33	21	33	22	500	1.0701941407104337e-07	"{""C"": 0.2, ""l1_ratio"": 0.75}"	0.6584022038567493	0.5134986225895317	0.7879476584022038	500	0.7352956668486339	0.22935022426530627	0.5909090909090909	0.7272727272727273	0.45454545454545453	0.6540263151595344	Lee_2022_family	Lee_2022_family	1	United_Kingdom	Netherlands	0	Europe	Europe	1	mixed_ICI_including_combination	mixed_ICI_including_combination	1	0.31000000000000005	0.011111111111111183	3.9889840465642745	4.007333185232471	0.979761610673823	0.2947752855170625	0.3098038865253837	0.039137100406941676
S2_BCN12_AS_NR	elastic_net	Lee_PRIMM_UK	Matson_US	54	38	33	21	14	24	500	1.0701941407104337e-07	"{""C"": 0.2, ""l1_ratio"": 0.75}"	0.5148809523809523	0.3139136904761905	0.7039434523809524	500	0.41648661067898196	0.2579899742311261	0.5327380952380952	0.35714285714285715	0.7083333333333334	0.7307035342305097	Lee_2022_family	Matson_2018	0	United_Kingdom	United_States	0	Europe	North_America	0	mixed_ICI_including_combination	anti_PD1_only	0	0.53	0.24269005847953223	3.9889840465642745	3.6375861597263857	1.8534931918759978	0.6124204863537068	0.5259206807769226	0.06252182484429769
S2_BCN12_AS_NR	elastic_net	Lee_PRIMM_UK	Spencer_US	54	97	33	21	71	26	500	1.0701941407104337e-07	"{""C"": 0.2, ""l1_ratio"": 0.75}"	0.5471289274106175	0.4135292524377031	0.670747562296858	500	0.7826931263093473	0.3144853076861513	0.5029794149512459	0.352112676056338	0.6538461538461539	0.8535390102267928	Lee_2022_family	Spencer_2021	0	United_Kingdom	United_States	0	Europe	North_America	0	mixed_ICI_including_combination	anti_PD1_based_unspecified_mix	0	nan	0.12084765177548673	3.9889840465642745	4.574710978503383	1.8951555363130812	0.6409902283621296	0.5444864834515294	0.06305335421682991
S2_BCN12_AS_NR	elastic_net	Matson_US	Frankel_US	38	39	14	24	24	15	432	1.0642079206855303e-07	"{""C"": 0.2, ""l1_ratio"": 0.75}"	0.5277777777777778	0.3359722222222222	0.7138888888888889	500	0.6452162560630326	0.3352414829619611	0.5041666666666667	0.20833333333333334	0.8	0.9006684800635011	Matson_2018	Frankel_2017	0	United_States	United_States	1	North_America	North_America	1	anti_PD1_only	mixed_ICI_including_combination	0	nan	0.2469635627530365	3.6375861597263857	3.6635616461296463	1.0679491869084694	0.4539916266983753	0.38945877784631266	0.04694336574035822
S2_BCN12_AS_NR	elastic_net	Matson_US	Gopalakrishnan_US	38	25	14	24	14	11	432	1.0642079206855303e-07	"{""C"": 0.2, ""l1_ratio"": 0.75}"	0.6688311688311688	0.4446428571428571	0.8831168831168832	500	0.7065608576886773	0.2223566917887271	0.6655844155844155	0.7857142857142857	0.5454545454545454	0.6340042044130059	Matson_2018	Gopalakrishnan_2018	0	United_States	United_States	1	North_America	North_America	1	anti_PD1_only	anti_PD1_only	1	0.0	0.19157894736842113	3.6375861597263857	3.2188758248682006	1.1378781135158458	0.32940473391192715	0.35644838628752057	0.0470108604845447
S2_BCN12_AS_NR	elastic_net	Matson_US	Lee_Barcelona	38	12	14	24	5	7	432	1.0642079206855303e-07	"{""C"": 0.2, ""l1_ratio"": 0.75}"	0.31428571428571433	0.0	0.6571428571428571	500	0.48714285714285716	0.3267335275960331	0.4714285714285714	0.8	0.14285714285714285	0.8566986065504811	Matson_2018	Lee_2022_family	0	United_States	Spain	0	North_America	Europe	0	anti_PD1_only	mixed_ICI_including_combination	0	nan	0.04824561403508776	3.6375861597263857	2.4849066497880004	1.9036925455120652	0.5117333886100498	0.4641582272842964	0.07052750924931375
S2_BCN12_AS_NR	elastic_net	Matson_US	Lee_Leeds	38	18	14	24	10	8	432	1.0642079206855303e-07	"{""C"": 0.2, ""l1_ratio"": 0.75}"	0.7375	0.48749999999999993	0.9375	500	0.7906240981240981	0.22072692983238207	0.675	0.6	0.75	0.6306586959812095	Matson_2018	Lee_2022_family	0	United_States	United_Kingdom	0	North_America	Europe	0	anti_PD1_only	mixed_ICI_including_combination	0	nan	0.18713450292397665	3.6375861597263857	2.8903717578961645	1.9771596498918715	0.5811823747640369	0.49020061089929295	0.07011311347150946
S2_BCN12_AS_NR	elastic_net	Matson_US	Lee_Manchester	38	25	14	24	12	13	432	1.0642079206855303e-07	"{""C"": 0.2, ""l1_ratio"": 0.75}"	0.34615384615384615	0.11201923076923076	0.5546474358974358	500	0.4423281318118274	0.32706913757005407	0.40384615384615385	0.5	0.3076923076923077	0.8720020711655628	Matson_2018	Lee_2022_family	0	United_States	United_Kingdom	0	North_America	Europe	0	anti_PD1_only	mixed_ICI_including_combination	0	nan	0.11157894736842106	3.6375861597263857	3.2188758248682006	2.0526455035056514	0.652012344550797	0.5576993360744268	0.06928177586824205
S2_BCN12_AS_NR	elastic_net	Matson_US	Lee_PRIMM_NL	38	55	14	24	33	22	432	1.0642079206855303e-07	"{""C"": 0.2, ""l1_ratio"": 0.75}"	0.36914600550964183	0.20712809917355374	0.5390495867768591	500	0.5180867368418551	0.31257186335923637	0.5075757575757576	0.5151515151515151	0.5	0.834186849262586	Matson_2018	Lee_2022_family	0	United_States	Netherlands	0	North_America	Europe	0	anti_PD1_only	mixed_ICI_including_combination	0	0.22	0.23157894736842105	3.6375861597263857	4.007333185232471	2.151580063750936	0.7076207020813287	0.5984839380121251	0.06549751000878819
S2_BCN12_AS_NR	elastic_net	Matson_US	Lee_PRIMM_UK	38	54	14	24	33	21	432	1.0642079206855303e-07	"{""C"": 0.2, ""l1_ratio"": 0.75}"	0.49494949494949503	0.33044733044733043	0.6681096681096681	500	0.5719049974820529	0.32540352306720133	0.43073593073593075	0.24242424242424243	0.6190476190476191	0.8638312290617717	Matson_2018	Lee_2022_family	0	United_States	United_Kingdom	0	North_America	Europe	0	anti_PD1_only	mixed_ICI_including_combination	0	0.53	0.24269005847953223	3.6375861597263857	3.9889840465642745	1.8534931918759978	0.6124204863537068	0.5259206807769226	0.06252182484429769
S2_BCN12_AS_NR	elastic_net	Matson_US	Spencer_US	38	97	14	24	71	26	432	1.0642079206855303e-07	"{""C"": 0.2, ""l1_ratio"": 0.75}"	0.47562296858071507	0.32857529794149515	0.6113353196099675	500	0.73817949517673	0.2710840372576322	0.5124593716143012	0.5633802816901409	0.46153846153846156	0.7389407789228082	Matson_2018	Spencer_2021	0	United_States	United_States	1	North_America	North_America	1	anti_PD1_only	anti_PD1_based_unspecified_mix	0	nan	0.36353771025501896	3.6375861597263857	4.574710978503383	1.085571598218901	0.2896984855829794	0.3022554757028195	0.03619677568983824
S2_BCN12_AS_NR	elastic_net	Spencer_US	Frankel_US	97	39	71	26	24	15	326	5.144767586148716e-07	"{""C"": 0.2, ""l1_ratio"": 0.75}"	0.44166666666666665	0.28319444444444447	0.6459027777777777	500	0.6483937589999029	0.3027684854939062	0.475	0.75	0.2	0.8254400384212135	Spencer_2021	Frankel_2017	0	United_States	United_States	1	North_America	North_America	1	anti_PD1_based_unspecified_mix	mixed_ICI_including_combination	0	nan	0.11657414750198247	4.574710978503383	3.6635616461296463	1.37106100772541	0.4428438885729916	0.3915311991633044	0.059063371581780995
S2_BCN12_AS_NR	elastic_net	Spencer_US	Gopalakrishnan_US	97	25	71	26	14	11	326	5.144767586148716e-07	"{""C"": 0.2, ""l1_ratio"": 0.75}"	0.4090909090909091	0.1978896103896104	0.6753246753246753	500	0.5630285065277758	0.3213065312793198	0.4025974025974026	0.7142857142857143	0.09090909090909091	0.8725327638052892	Spencer_2021	Gopalakrishnan_2018	0	United_States	United_States	1	North_America	North_America	1	anti_PD1_based_unspecified_mix	anti_PD1_only	0	nan	0.17195876288659784	4.574710978503383	3.2188758248682006	0.8663222398807107	0.3242323634033718	0.32656385568073787	0.033931879280921985
S2_BCN12_AS_NR	elastic_net	Spencer_US	Lee_Barcelona	97	12	71	26	5	7	326	5.144767586148716e-07	"{""C"": 0.2, ""l1_ratio"": 0.75}"	0.6000000000000001	0.2421428571428572	0.9007142857142851	500	0.5385281385281385	0.28143695568643745	0.6142857142857143	0.8	0.42857142857142855	0.771962284163139	Spencer_2021	Lee_2022_family	0	United_States	Spain	0	North_America	Europe	0	anti_PD1_based_unspecified_mix	mixed_ICI_including_combination	0	nan	0.3152920962199312	4.574710978503383	2.4849066497880004	1.391846202645219	0.4289819163420409	0.40151921943678875	0.059569784385690126
S2_BCN12_AS_NR	elastic_net	Spencer_US	Lee_Leeds	97	18	71	26	10	8	326	5.144767586148716e-07	"{""C"": 0.2, ""l1_ratio"": 0.75}"	0.55	0.25	0.8125000000000001	500	0.7105863499245851	0.2747126160372187	0.5375	0.2	0.875	0.7571143932655562	Spencer_2021	Lee_2022_family	0	United_States	United_Kingdom	0	North_America	Europe	0	anti_PD1_based_unspecified_mix	mixed_ICI_including_combination	0	nan	0.1764032073310423	4.574710978503383	2.8903717578961645	1.8343999907642503	0.5462421632104126	0.47054562970191266	0.0711516832773583
S2_BCN12_AS_NR	elastic_net	Spencer_US	Lee_Manchester	97	25	71	26	12	13	326	5.144767586148716e-07	"{""C"": 0.2, ""l1_ratio"": 0.75}"	0.3269230769230769	0.1474358974358974	0.5418269230769229	500	0.4247062788432757	0.3891769044102078	0.35256410256410253	0.16666666666666666	0.5384615384615384	1.0852985376962654	Spencer_2021	Lee_2022_family	0	United_States	United_Kingdom	0	North_America	Europe	0	anti_PD1_based_unspecified_mix	mixed_ICI_including_combination	0	nan	0.2519587628865979	4.574710978503383	3.2188758248682006	1.9981247694722843	0.6634308562491238	0.5626092193735298	0.06764326624120438
S2_BCN12_AS_NR	elastic_net	Spencer_US	Lee_PRIMM_NL	97	55	71	26	33	22	326	5.144767586148716e-07	"{""C"": 0.2, ""l1_ratio"": 0.75}"	0.502754820936639	0.3546487603305785	0.652892561983471	500	0.6541150981680174	0.34299148541597935	0.5303030303030303	0.24242424242424243	0.8181818181818182	0.9634480873224098	Spencer_2021	Lee_2022_family	0	United_States	Netherlands	0	North_America	Europe	0	anti_PD1_based_unspecified_mix	mixed_ICI_including_combination	0	nan	0.1319587628865979	4.574710978503383	4.007333185232471	2.056853303314237	0.710936693632596	0.6077592582922652	0.059407540585743816
S2_BCN12_AS_NR	elastic_net	Spencer_US	Lee_PRIMM_UK	97	54	71	26	33	21	326	5.144767586148716e-07	"{""C"": 0.2, ""l1_ratio"": 0.75}"	0.43001443001443	0.28564213564213564	0.5866161616161616	500	0.5822585344458954	0.3555227720853363	0.461038961038961	0.30303030303030304	0.6190476190476191	0.9828546157898944	Spencer_2021	Lee_2022_family	0	United_States	United_Kingdom	0	North_America	Europe	0	anti_PD1_based_unspecified_mix	mixed_ICI_including_combination	0	nan	0.12084765177548673	4.574710978503383	3.9889840465642745	1.8951555363130812	0.6409902283621296	0.5444864834515294	0.06305335421682991
S2_BCN12_AS_NR	elastic_net	Spencer_US	Matson_US	97	38	71	26	14	24	326	5.144767586148716e-07	"{""C"": 0.2, ""l1_ratio"": 0.75}"	0.6071428571428572	0.4107142857142857	0.7783482142857142	500	0.48715862725955894	0.3072723812026544	0.5535714285714286	0.8571428571428571	0.25	0.8349040497818531	Spencer_2021	Matson_2018	0	United_States	United_States	1	North_America	North_America	1	anti_PD1_based_unspecified_mix	anti_PD1_only	0	nan	0.36353771025501896	4.574710978503383	3.6375861597263857	1.085571598218901	0.2896984855829794	0.3022554757028195	0.03619677568983824
S2_BCN12_AS_NR	ridge	Frankel_US	Gopalakrishnan_US	39	25	24	15	14	11	500	1.6488298996136508e-07	"{""C"": 0.5}"	0.512987012987013	0.26931818181818185	0.756655844155844	500	0.5587723725853977	0.2712804805436165	0.6006493506493507	0.9285714285714286	0.2727272727272727	0.8131906403451018	Frankel_2017	Gopalakrishnan_2018	0	United_States	United_States	1	North_America	North_America	1	mixed_ICI_including_combination	anti_PD1_only	0	nan	0.055384615384615365	3.6635616461296463	3.2188758248682006	1.4601102198390727	0.5138555257100887	0.457773044074274	0.0727642304785162
S2_BCN12_AS_NR	ridge	Frankel_US	Lee_Barcelona	39	12	24	15	5	7	500	1.6488298996136508e-07	"{""C"": 0.5}"	0.22857142857142856	0.0	0.6	500	0.3732034632034632	0.4585822891119138	0.2	0.4	0.0	1.223267335554601	Frankel_2017	Lee_2022_family	0	United_States	Spain	0	North_America	Europe	0	mixed_ICI_including_combination	mixed_ICI_including_combination	1	nan	0.19871794871794873	3.6635616461296463	2.4849066497880004	2.148005799674066	0.5625705120362823	0.5030899391825384	0.08056573056573058
S2_BCN12_AS_NR	ridge	Frankel_US	Lee_Leeds	39	18	24	15	10	8	500	1.6488298996136508e-07	"{""C"": 0.5}"	0.22500000000000003	0.037500000000000006	0.4690624999999997	500	0.43917438770379946	0.4310234707367453	0.3875	0.4	0.375	1.2267442747681654	Frankel_2017	Lee_2022_family	0	United_States	United_Kingdom	0	North_America	Europe	0	mixed_ICI_including_combination	mixed_ICI_including_combination	1	nan	0.05982905982905984	3.6635616461296463	2.8903717578961645	2.0000659164923533	0.43330674562958954	0.39824176658373817	0.06973855069093164
S2_BCN12_AS_NR	ridge	Frankel_US	Lee_Manchester	39	25	24	15	12	13	500	1.6488298996136508e-07	"{""C"": 0.5}"	0.4807692307692307	0.2628205128205128	0.7051282051282052	500	0.4879959751241216	0.36142342042956194	0.5096153846153846	0.25	0.7692307692307693	1.0801091475824578	Frankel_2017	Lee_2022_family	0	United_States	United_Kingdom	0	North_America	Europe	0	mixed_ICI_including_combination	mixed_ICI_including_combination	1	nan	0.13538461538461544	3.6635616461296463	3.2188758248682006	2.0576633286376182	0.5284366611922444	0.4800730908319456	0.07087714402000117
S2_BCN12_AS_NR	ridge	Frankel_US	Lee_PRIMM_NL	39	55	24	15	33	22	500	1.6488298996136508e-07	"{""C"": 0.5}"	0.5123966942148761	0.3477617079889807	0.659194214876033	500	0.5852759656009344	0.39753033899485535	0.4545454545454546	0.09090909090909091	0.8181818181818182	1.1574512672777861	Frankel_2017	Lee_2022_family	0	United_States	Netherlands	0	North_America	Europe	0	mixed_ICI_including_combination	mixed_ICI_including_combination	1	nan	0.015384615384615441	3.6635616461296463	4.007333185232471	2.1537283003203482	0.5362672870971259	0.49418965792965314	0.07240103811532383
S2_BCN12_AS_NR	ridge	Frankel_US	Lee_PRIMM_UK	39	54	24	15	33	21	500	1.6488298996136508e-07	"{""C"": 0.5}"	0.5988455988455988	0.44354256854256857	0.7445887445887447	500	0.6960791489226683	0.3756665013693587	0.5584415584415584	0.21212121212121213	0.9047619047619048	1.139546647665359	Frankel_2017	Lee_2022_family	0	United_States	United_Kingdom	0	North_America	Europe	0	mixed_ICI_including_combination	mixed_ICI_including_combination	1	nan	0.004273504273504258	3.6635616461296463	3.9889840465642745	1.822480321344653	0.5029369678988839	0.44529863877920617	0.06176134271372367
S2_BCN12_AS_NR	ridge	Frankel_US	Matson_US	39	38	24	15	14	24	500	1.6488298996136508e-07	"{""C"": 0.5}"	0.369047619047619	0.17857142857142855	0.5612351190476188	500	0.3191291900864546	0.4209056691609991	0.39583333333333337	0.5	0.2916666666666667	1.2669866938267325	Frankel_2017	Matson_2018	0	United_States	United_States	1	North_America	North_America	1	mixed_ICI_including_combination	anti_PD1_only	0	nan	0.2469635627530365	3.6635616461296463	3.6375861597263857	1.0679491869084694	0.4539916266983753	0.38945877784631266	0.04694336574035822
S2_BCN12_AS_NR	ridge	Frankel_US	Spencer_US	39	97	24	15	71	26	500	1.6488298996136508e-07	"{""C"": 0.5}"	0.49024918743228607	0.37287378114842906	0.6154117009750812	500	0.7588884018946883	0.2885571856693804	0.4233477789815818	0.5774647887323944	0.2692307692307692	0.8297498187621882	Frankel_2017	Spencer_2021	0	United_States	United_States	1	North_America	North_America	1	mixed_ICI_including_combination	anti_PD1_based_unspecified_mix	0	nan	0.11657414750198247	3.6635616461296463	4.574710978503383	1.37106100772541	0.4428438885729916	0.3915311991633044	0.059063371581780995
S2_BCN12_AS_NR	ridge	Gopalakrishnan_US	Frankel_US	25	39	14	11	24	15	386	2.5004030649745586e-07	"{""C"": 0.5}"	0.46944444444444444	0.28465277777777775	0.6444444444444445	500	0.6533005614477182	0.3703847558117925	0.5	0.3333333333333333	0.6666666666666666	1.0318011067967001	Gopalakrishnan_2018	Frankel_2017	0	United_States	United_States	1	North_America	North_America	1	anti_PD1_only	mixed_ICI_including_combination	0	nan	0.055384615384615365	3.2188758248682006	3.6635616461296463	1.4601102198390727	0.5138555257100887	0.457773044074274	0.0727642304785162
S2_BCN12_AS_NR	ridge	Gopalakrishnan_US	Lee_Barcelona	25	12	14	11	5	7	386	2.5004030649745586e-07	"{""C"": 0.5}"	0.14285714285714285	0.0	0.39999999999999997	500	0.3132034632034632	0.45869703171510307	0.24285714285714285	0.2	0.2857142857142857	1.3512505955773289	Gopalakrishnan_2018	Lee_2022_family	0	United_States	Spain	0	North_America	Europe	0	anti_PD1_only	mixed_ICI_including_combination	0	nan	0.14333333333333337	3.2188758248682006	2.4849066497880004	1.7464261293987988	0.43864029899351553	0.4368346369614659	0.07725321239606954
S2_BCN12_AS_NR	ridge	Gopalakrishnan_US	Lee_Leeds	25	18	14	11	10	8	386	2.5004030649745586e-07	"{""C"": 0.5}"	0.45	0.1875	0.7250000000000001	500	0.5900568385862504	0.33733342410273354	0.5875	0.8	0.375	1.0106253170939241	Gopalakrishnan_2018	Lee_2022_family	0	United_States	United_Kingdom	0	North_America	Europe	0	anti_PD1_only	mixed_ICI_including_combination	0	nan	0.004444444444444473	3.2188758248682006	2.8903717578961645	2.0440113218725884	0.6134426055677813	0.5216269539720565	0.08646107331821616
S2_BCN12_AS_NR	ridge	Gopalakrishnan_US	Lee_Manchester	25	25	14	11	12	13	386	2.5004030649745586e-07	"{""C"": 0.5}"	0.5384615384615385	0.29791666666666666	0.7628205128205129	500	0.6336141685448456	0.3106621732096605	0.5288461538461539	0.75	0.3076923076923077	0.8532521738353737	Gopalakrishnan_2018	Lee_2022_family	0	United_States	United_Kingdom	0	North_America	Europe	0	anti_PD1_only	mixed_ICI_including_combination	0	nan	0.08000000000000007	3.2188758248682006	3.2188758248682006	2.156186223234672	0.7155554538377515	0.6032222163102883	0.08168707482993197
S2_BCN12_AS_NR	ridge	Gopalakrishnan_US	Lee_PRIMM_NL	25	55	14	11	33	22	386	2.5004030649745586e-07	"{""C"": 0.5}"	0.6019283746556473	0.4586776859504132	0.7321280991735537	500	0.75358161951913	0.2794518344825308	0.48484848484848486	0.7878787878787878	0.18181818181818182	0.7669133541980906	Gopalakrishnan_2018	Lee_2022_family	0	United_States	Netherlands	0	North_America	Europe	0	anti_PD1_only	mixed_ICI_including_combination	0	0.22	0.039999999999999925	3.2188758248682006	4.007333185232471	2.1884513111812445	0.7745689314443972	0.6511689475893659	0.07338528138528139
S2_BCN12_AS_NR	ridge	Gopalakrishnan_US	Lee_PRIMM_UK	25	54	14	11	33	21	386	2.5004030649745586e-07	"{""C"": 0.5}"	0.673881673881674	0.4910173160173161	0.8210678210678211	500	0.7367248016924639	0.21915661839463635	0.632034632034632	0.7878787878787878	0.47619047619047616	0.6457323745766973	Gopalakrishnan_2018	Lee_2022_family	0	United_States	United_Kingdom	0	North_America	Europe	0	anti_PD1_only	mixed_ICI_including_combination	0	0.53	0.05111111111111111	3.2188758248682006	3.9889840465642745	2.0629884886791996	0.7029774214674973	0.5924470851118022	0.07848122952884858
S2_BCN12_AS_NR	ridge	Gopalakrishnan_US	Matson_US	25	38	14	11	14	24	386	2.5004030649745586e-07	"{""C"": 0.5}"	0.4791666666666667	0.30186011904761906	0.683110119047619	500	0.387483097305908	0.3044173104124931	0.49702380952380953	0.2857142857142857	0.7083333333333334	0.9124618958289425	Gopalakrishnan_2018	Matson_2018	0	United_States	United_States	1	North_America	North_America	1	anti_PD1_only	anti_PD1_only	1	0.0	0.19157894736842113	3.2188758248682006	3.6375861597263857	1.1378781135158458	0.32940473391192715	0.35644838628752057	0.0470108604845447
S2_BCN12_AS_NR	ridge	Gopalakrishnan_US	Spencer_US	25	97	14	11	71	26	386	2.5004030649745586e-07	"{""C"": 0.5}"	0.4257854821235103	0.3144501625135428	0.5707340195016251	500	0.7150753811910922	0.34724797972838306	0.4368905742145179	0.4507042253521127	0.4230769230769231	0.9579717409361395	Gopalakrishnan_2018	Spencer_2021	0	United_States	United_States	1	North_America	North_America	1	anti_PD1_only	anti_PD1_based_unspecified_mix	0	nan	0.17195876288659784	3.2188758248682006	4.574710978503383	0.8663222398807107	0.3242323634033718	0.32656385568073787	0.033931879280921985
S2_BCN12_AS_NR	ridge	Lee_Barcelona	Frankel_US	12	39	5	7	24	15	500	1.0246076956438827e-07	"{""C"": 0.5}"	0.4333333333333333	0.2540972222222222	0.6334722222222221	500	0.5676390206050607	0.28770508516638416	0.48333333333333334	0.8333333333333334	0.13333333333333333	0.8099874090402143	Lee_2022_family	Frankel_2017	0	Spain	United_States	0	Europe	North_America	0	mixed_ICI_including_combination	mixed_ICI_including_combination	1	nan	0.19871794871794873	2.4849066497880004	3.6635616461296463	2.148005799674066	0.5625705120362823	0.5030899391825384	0.08056573056573058
S2_BCN12_AS_NR	ridge	Lee_Barcelona	Gopalakrishnan_US	12	25	5	7	14	11	500	1.0246076956438827e-07	"{""C"": 0.5}"	0.22727272727272724	0.06493506493506493	0.4220779220779221	500	0.4482529751030847	0.39297961892665184	0.35714285714285715	0.7142857142857143	0.0	1.0629810411517433	Lee_2022_family	Gopalakrishnan_2018	0	Spain	United_States	0	Europe	North_America	0	mixed_ICI_including_combination	anti_PD1_only	0	nan	0.14333333333333337	2.4849066497880004	3.2188758248682006	1.7464261293987988	0.43864029899351553	0.4368346369614659	0.07725321239606954
S2_BCN12_AS_NR	ridge	Lee_Barcelona	Lee_Leeds	12	18	5	7	10	8	500	1.0246076956438827e-07	"{""C"": 0.5}"	0.65	0.3625	0.9	500	0.6855434761317114	0.2981183119873154	0.475	0.2	0.75	0.8283206288579602	Lee_2022_family	Lee_2022_family	1	Spain	United_Kingdom	0	Europe	Europe	1	mixed_ICI_including_combination	mixed_ICI_including_combination	1	nan	0.1388888888888889	2.4849066497880004	2.8903717578961645	1.900081845184206	0.5949875337870366	0.5175184809533883	0.0664525069286974
S2_BCN12_AS_NR	ridge	Lee_Barcelona	Lee_Manchester	12	25	5	7	12	13	500	1.0246076956438827e-07	"{""C"": 0.5}"	0.423076923076923	0.1923076923076923	0.673076923076923	500	0.4404936809406623	0.3370143441461791	0.4326923076923077	0.25	0.6153846153846154	0.9059823911146749	Lee_2022_family	Lee_2022_family	1	Spain	United_Kingdom	0	Europe	Europe	1	mixed_ICI_including_combination	mixed_ICI_including_combination	1	nan	0.0633333333333333	2.4849066497880004	3.2188758248682006	2.2125872071199106	0.699237363642387	0.5968096276682744	0.0739697656840514
S2_BCN12_AS_NR	ridge	Lee_Barcelona	Lee_PRIMM_NL	12	55	5	7	33	22	500	1.0246076956438827e-07	"{""C"": 0.5}"	0.33608815426997246	0.19972451790633605	0.5071625344352615	500	0.5391663466633155	0.3638755488254774	0.40151515151515155	0.21212121212121213	0.5909090909090909	0.970134524048301	Lee_2022_family	Lee_2022_family	1	Spain	Netherlands	0	Europe	Europe	1	mixed_ICI_including_combination	mixed_ICI_including_combination	1	nan	0.1833333333333333	2.4849066497880004	4.007333185232471	2.2654600312628763	0.7635200611439845	0.6434861265694625	0.0709798666941524
S2_BCN12_AS_NR	ridge	Lee_Barcelona	Lee_PRIMM_UK	12	54	5	7	33	21	500	1.0246076956438827e-07	"{""C"": 0.5}"	0.3694083694083694	0.24166666666666667	0.5252525252525253	500	0.5398944938775441	0.34524643970658286	0.48917748917748916	0.45454545454545453	0.5238095238095238	0.936412106795926	Lee_2022_family	Lee_2022_family	1	Spain	United_Kingdom	0	Europe	Europe	1	mixed_ICI_including_combination	mixed_ICI_including_combination	1	nan	0.19444444444444448	2.4849066497880004	3.9889840465642745	2.1906652798974484	0.6864949908918968	0.594816419606938	0.07321323591164862
S2_BCN12_AS_NR	ridge	Lee_Barcelona	Matson_US	12	38	5	7	14	24	500	1.0246076956438827e-07	"{""C"": 0.5}"	0.3333333333333333	0.17261904761904762	0.5255208333333331	500	0.3138696196613048	0.42617857995661995	0.43452380952380953	0.7857142857142857	0.08333333333333333	1.1602421665393454	Lee_2022_family	Matson_2018	0	Spain	United_States	0	Europe	North_America	0	mixed_ICI_including_combination	anti_PD1_only	0	nan	0.04824561403508776	2.4849066497880004	3.6375861597263857	1.9036925455120652	0.5117333886100498	0.4641582272842964	0.07052750924931375
S2_BCN12_AS_NR	ridge	Lee_Barcelona	Spencer_US	12	97	5	7	71	26	500	1.0246076956438827e-07	"{""C"": 0.5}"	0.5606717226435536	0.4316901408450704	0.6834913326110508	500	0.7902517565691782	0.23746288673029012	0.5270855904658722	0.7464788732394366	0.3076923076923077	0.6745743083599034	Lee_2022_family	Spencer_2021	0	Spain	United_States	0	Europe	North_America	0	mixed_ICI_including_combination	anti_PD1_based_unspecified_mix	0	nan	0.3152920962199312	2.4849066497880004	4.574710978503383	1.391846202645219	0.4289819163420409	0.40151921943678875	0.059569784385690126
S2_BCN12_AS_NR	ridge	Lee_Leeds	Frankel_US	18	39	10	8	24	15	500	1.0661815682701918e-07	"{""C"": 0.5}"	0.39722222222222225	0.2179861111111111	0.5820138888888888	500	0.5616035235719032	0.34751304239172487	0.4125	0.625	0.2	1.0225724190984151	Lee_2022_family	Frankel_2017	0	United_Kingdom	United_States	0	Europe	North_America	0	mixed_ICI_including_combination	mixed_ICI_including_combination	1	nan	0.05982905982905984	2.8903717578961645	3.6635616461296463	2.0000659164923533	0.43330674562958954	0.39824176658373817	0.06973855069093164
S2_BCN12_AS_NR	ridge	Lee_Leeds	Gopalakrishnan_US	18	25	10	8	14	11	500	1.0661815682701918e-07	"{""C"": 0.5}"	0.4025974025974026	0.17191558441558444	0.6493506493506493	500	0.6062728770437941	0.3921135817280044	0.3668831168831169	0.6428571428571429	0.09090909090909091	1.2026044967221328	Lee_2022_family	Gopalakrishnan_2018	0	United_Kingdom	United_States	0	Europe	North_America	0	mixed_ICI_including_combination	anti_PD1_only	0	nan	0.004444444444444473	2.8903717578961645	3.2188758248682006	2.0440113218725884	0.6134426055677813	0.5216269539720565	0.08646107331821616
S2_BCN12_AS_NR	ridge	Lee_Leeds	Lee_Barcelona	18	12	10	8	5	7	500	1.0661815682701918e-07	"{""C"": 0.5}"	0.5428571428571429	0.1428571428571429	0.8571428571428572	500	0.4553968253968254	0.2916400569468993	0.6857142857142857	0.8	0.5714285714285714	0.8771364210560545	Lee_2022_family	Lee_2022_family	1	United_Kingdom	Spain	0	Europe	Europe	1	mixed_ICI_including_combination	mixed_ICI_including_combination	1	nan	0.1388888888888889	2.8903717578961645	2.4849066497880004	1.900081845184206	0.5949875337870366	0.5175184809533883	0.0664525069286974
S2_BCN12_AS_NR	ridge	Lee_Leeds	Lee_Manchester	18	25	10	8	12	13	500	1.0661815682701918e-07	"{""C"": 0.5}"	0.2948717948717948	0.09919871794871793	0.5225961538461537	500	0.3832430563122783	0.39186562857093316	0.3205128205128205	0.3333333333333333	0.3076923076923077	1.055123962334248	Lee_2022_family	Lee_2022_family	1	United_Kingdom	United_Kingdom	1	Europe	Europe	1	mixed_ICI_including_combination	mixed_ICI_including_combination	1	nan	0.0755555555555556	2.8903717578961645	3.2188758248682006	1.5545824937549038	0.47164689705627394	0.4330400701509546	0.05555555555555555
S2_BCN12_AS_NR	ridge	Lee_Leeds	Lee_PRIMM_NL	18	55	10	8	33	22	500	1.0661815682701918e-07	"{""C"": 0.5}"	0.4944903581267218	0.3339187327823691	0.652961432506887	500	0.5955850198179058	0.31519189715531143	0.5227272727272727	0.5454545454545454	0.5	0.9111809746097888	Lee_2022_family	Lee_2022_family	1	United_Kingdom	Netherlands	0	Europe	Europe	1	mixed_ICI_including_combination	mixed_ICI_including_combination	1	nan	0.0444444444444444	2.8903717578961645	4.007333185232471	1.5566246650097413	0.4778931549680615	0.43468033313280113	0.058371927895737426
S2_BCN12_AS_NR	ridge	Lee_Leeds	Lee_PRIMM_UK	18	54	10	8	33	21	500	1.0661815682701918e-07	"{""C"": 0.5}"	0.4862914862914863	0.3301587301587302	0.6630952380952381	500	0.5866988809621183	0.3303542132979146	0.5281385281385281	0.48484848484848486	0.5714285714285714	0.9639833269367544	Lee_2022_family	Lee_2022_family	1	United_Kingdom	United_Kingdom	1	Europe	Europe	1	mixed_ICI_including_combination	mixed_ICI_including_combination	1	nan	0.05555555555555558	2.8903717578961645	3.9889840465642745	1.4223043524177503	0.4473893542658809	0.4113155539569585	0.05030654237003443
S2_BCN12_AS_NR	ridge	Lee_Leeds	Matson_US	18	38	10	8	14	24	500	1.0661815682701918e-07	"{""C"": 0.5}"	0.47916666666666663	0.2454613095238095	0.7039434523809524	500	0.5104358477534063	0.4571767192234139	0.3482142857142857	0.5714285714285714	0.125	1.2809110982378455	Lee_2022_family	Matson_2018	0	United_Kingdom	United_States	0	Europe	North_America	0	mixed_ICI_including_combination	anti_PD1_only	0	nan	0.18713450292397665	2.8903717578961645	3.6375861597263857	1.9771596498918715	0.5811823747640369	0.49020061089929295	0.07011311347150946
S2_BCN12_AS_NR	ridge	Lee_Leeds	Spencer_US	18	97	10	8	71	26	500	1.0661815682701918e-07	"{""C"": 0.5}"	0.5308775731310943	0.40947995666305526	0.6492822318526543	500	0.7577329793422909	0.24569870760143783	0.4398699891657638	0.8028169014084507	0.07692307692307693	0.7191840263409036	Lee_2022_family	Spencer_2021	0	United_Kingdom	United_States	0	Europe	North_America	0	mixed_ICI_including_combination	anti_PD1_based_unspecified_mix	0	nan	0.1764032073310423	2.8903717578961645	4.574710978503383	1.8343999907642503	0.5462421632104126	0.47054562970191266	0.0711516832773583
S2_BCN12_AS_NR	ridge	Lee_Manchester	Frankel_US	25	39	12	13	24	15	500	5.636676092699121e-08	"{""C"": 0.5}"	0.5138888888888888	0.3179861111111111	0.7070138888888888	500	0.6818540506041374	0.32087968681384055	0.4708333333333333	0.5416666666666666	0.4	0.9064005016269834	Lee_2022_family	Frankel_2017	0	United_Kingdom	United_States	0	Europe	North_America	0	mixed_ICI_including_combination	mixed_ICI_including_combination	1	nan	0.13538461538461544	3.2188758248682006	3.6635616461296463	2.0576633286376182	0.5284366611922444	0.4800730908319456	0.07087714402000117
S2_BCN12_AS_NR	ridge	Lee_Manchester	Gopalakrishnan_US	25	25	12	13	14	11	500	5.636676092699121e-08	"{""C"": 0.5}"	0.6103896103896104	0.3701298701298701	0.8116883116883117	500	0.6689699892748274	0.33847130750437626	0.525974025974026	0.14285714285714285	0.9090909090909091	0.9318623650835459	Lee_2022_family	Gopalakrishnan_2018	0	United_Kingdom	United_States	0	Europe	North_America	0	mixed_ICI_including_combination	anti_PD1_only	0	nan	0.08000000000000007	3.2188758248682006	3.2188758248682006	2.156186223234672	0.7155554538377515	0.6032222163102883	0.08168707482993197
S2_BCN12_AS_NR	ridge	Lee_Manchester	Lee_Barcelona	25	12	12	13	5	7	500	5.636676092699121e-08	"{""C"": 0.5}"	0.4285714285714285	0.05714285714285714	0.8	500	0.5643939393939394	0.31823511342853833	0.4857142857142857	0.4	0.5714285714285714	0.9508820153344598	Lee_2022_family	Lee_2022_family	1	United_Kingdom	Spain	0	Europe	Europe	1	mixed_ICI_including_combination	mixed_ICI_including_combination	1	nan	0.0633333333333333	3.2188758248682006	2.4849066497880004	2.2125872071199106	0.699237363642387	0.5968096276682744	0.0739697656840514
S2_BCN12_AS_NR	ridge	Lee_Manchester	Lee_Leeds	25	18	12	13	10	8	500	5.636676092699121e-08	"{""C"": 0.5}"	0.225	0.037500000000000006	0.47500000000000003	500	0.4356179441473559	0.42073804987710284	0.325	0.4	0.25	1.1591851043124892	Lee_2022_family	Lee_2022_family	1	United_Kingdom	United_Kingdom	1	Europe	Europe	1	mixed_ICI_including_combination	mixed_ICI_including_combination	1	nan	0.0755555555555556	3.2188758248682006	2.8903717578961645	1.5545824937549038	0.47164689705627394	0.4330400701509546	0.05555555555555555
S2_BCN12_AS_NR	ridge	Lee_Manchester	Lee_PRIMM_NL	25	55	12	13	33	22	500	5.636676092699121e-08	"{""C"": 0.5}"	0.5123966942148761	0.37052341597796146	0.6652892561983471	500	0.6085528194895701	0.2958142319788375	0.5151515151515151	0.6666666666666666	0.36363636363636365	0.847603550951284	Lee_2022_family	Lee_2022_family	1	United_Kingdom	Netherlands	0	Europe	Europe	1	mixed_ICI_including_combination	mixed_ICI_including_combination	1	nan	0.12	3.2188758248682006	4.007333185232471	1.023240361097451	0.37225480323409776	0.3551927713469969	0.039582766439909295
S2_BCN12_AS_NR	ridge	Lee_Manchester	Lee_PRIMM_UK	25	54	12	13	33	21	500	5.636676092699121e-08	"{""C"": 0.5}"	0.5252525252525253	0.3664502164502164	0.6854978354978355	500	0.6585876050680798	0.3024341101386773	0.49567099567099565	0.5151515151515151	0.47619047619047616	0.8319280841836151	Lee_2022_family	Lee_2022_family	1	United_Kingdom	United_Kingdom	1	Europe	Europe	1	mixed_ICI_including_combination	mixed_ICI_including_combination	1	nan	0.13111111111111118	3.2188758248682006	3.9889840465642745	0.9138188960887204	0.3284935922301878	0.31756491921131447	0.036730326698580666
S2_BCN12_AS_NR	ridge	Lee_Manchester	Matson_US	25	38	12	13	14	24	500	5.636676092699121e-08	"{""C"": 0.5}"	0.48511904761904756	0.2766369047619048	0.6726190476190477	500	0.4118850054917519	0.2877579835224677	0.49702380952380953	0.2857142857142857	0.7083333333333334	0.8028166431653032	Lee_2022_family	Matson_2018	0	United_Kingdom	United_States	0	Europe	North_America	0	mixed_ICI_including_combination	anti_PD1_only	0	nan	0.11157894736842106	3.2188758248682006	3.6375861597263857	2.0526455035056514	0.652012344550797	0.5576993360744268	0.06928177586824205
S2_BCN12_AS_NR	ridge	Lee_Manchester	Spencer_US	25	97	12	13	71	26	500	5.636676092699121e-08	"{""C"": 0.5}"	0.43174431202600216	0.29925514626218847	0.5702735644637053	500	0.6784051427728102	0.44203965354731906	0.488353196099675	0.16901408450704225	0.8076923076923077	1.2375282707189081	Lee_2022_family	Spencer_2021	0	United_Kingdom	United_States	0	Europe	North_America	0	mixed_ICI_including_combination	anti_PD1_based_unspecified_mix	0	nan	0.2519587628865979	3.2188758248682006	4.574710978503383	1.9981247694722843	0.6634308562491238	0.5626092193735298	0.06764326624120438
S2_BCN12_AS_NR	ridge	Lee_PRIMM_NL	Frankel_US	55	39	33	22	24	15	462	2.1269490829764473e-07	"{""C"": 0.5}"	0.47777777777777775	0.2916666666666667	0.6514583333333333	500	0.6672209033968083	0.3727580901743274	0.4666666666666667	0.3333333333333333	0.6	1.0894951062213591	Lee_2022_family	Frankel_2017	0	Netherlands	United_States	0	Europe	North_America	0	mixed_ICI_including_combination	mixed_ICI_including_combination	1	nan	0.015384615384615441	4.007333185232471	3.6635616461296463	2.1537283003203482	0.5362672870971259	0.49418965792965314	0.07240103811532383
S2_BCN12_AS_NR	ridge	Lee_PRIMM_NL	Gopalakrishnan_US	55	25	33	22	14	11	462	2.1269490829764473e-07	"{""C"": 0.5}"	0.4545454545454546	0.23376623376623376	0.7112012987012986	500	0.5524641372393906	0.3540506381062068	0.461038961038961	0.2857142857142857	0.6363636363636364	1.0468024207850082	Lee_2022_family	Gopalakrishnan_2018	0	Netherlands	United_States	0	Europe	North_America	0	mixed_ICI_including_combination	anti_PD1_only	0	0.22	0.039999999999999925	4.007333185232471	3.2188758248682006	2.1884513111812445	0.7745689314443972	0.6511689475893659	0.07338528138528139
S2_BCN12_AS_NR	ridge	Lee_PRIMM_NL	Lee_Barcelona	55	12	33	22	5	7	462	2.1269490829764473e-07	"{""C"": 0.5}"	0.34285714285714286	0.08571428571428572	0.6857142857142858	500	0.411060606060606	0.3604893829292229	0.4571428571428572	0.2	0.7142857142857143	1.2399133446109623	Lee_2022_family	Lee_2022_family	1	Netherlands	Spain	0	Europe	Europe	1	mixed_ICI_including_combination	mixed_ICI_including_combination	1	nan	0.1833333333333333	4.007333185232471	2.4849066497880004	2.2654600312628763	0.7635200611439845	0.6434861265694625	0.0709798666941524
S2_BCN12_AS_NR	ridge	Lee_PRIMM_NL	Lee_Leeds	55	18	33	22	10	8	462	2.1269490829764473e-07	"{""C"": 0.5}"	0.4375	0.1559375	0.7375	500	0.5187014292896646	0.3792014975899162	0.5	0.5	0.5	1.2018400744516426	Lee_2022_family	Lee_2022_family	1	Netherlands	United_Kingdom	0	Europe	Europe	1	mixed_ICI_including_combination	mixed_ICI_including_combination	1	nan	0.0444444444444444	4.007333185232471	2.8903717578961645	1.5566246650097413	0.4778931549680615	0.43468033313280113	0.058371927895737426
S2_BCN12_AS_NR	ridge	Lee_PRIMM_NL	Lee_Manchester	55	25	33	22	12	13	462	2.1269490829764473e-07	"{""C"": 0.5}"	0.36538461538461536	0.141025641025641	0.5995192307692305	500	0.4071196207902864	0.3855186508609211	0.40064102564102566	0.4166666666666667	0.38461538461538464	1.0738676206645144	Lee_2022_family	Lee_2022_family	1	Netherlands	United_Kingdom	0	Europe	Europe	1	mixed_ICI_including_combination	mixed_ICI_including_combination	1	nan	0.12	4.007333185232471	3.2188758248682006	1.023240361097451	0.37225480323409776	0.3551927713469969	0.039582766439909295
S2_BCN12_AS_NR	ridge	Lee_PRIMM_NL	Lee_PRIMM_UK	55	54	33	22	33	21	462	2.1269490829764473e-07	"{""C"": 0.5}"	0.6825396825396826	0.523051948051948	0.8197691197691197	500	0.7604215207258909	0.23447647634432267	0.6190476190476191	0.6666666666666666	0.5714285714285714	0.7334208059729788	Lee_2022_family	Lee_2022_family	1	Netherlands	United_Kingdom	0	Europe	Europe	1	mixed_ICI_including_combination	mixed_ICI_including_combination	1	0.31000000000000005	0.011111111111111183	4.007333185232471	3.9889840465642745	0.979761610673823	0.2947752855170625	0.3098038865253837	0.039137100406941676
S2_BCN12_AS_NR	ridge	Lee_PRIMM_NL	Matson_US	55	38	33	22	14	24	462	2.1269490829764473e-07	"{""C"": 0.5}"	0.5386904761904762	0.36607142857142855	0.7247767857142856	500	0.4322133189744027	0.27073527861713137	0.5327380952380952	0.35714285714285715	0.7083333333333334	0.7592428060201505	Lee_2022_family	Matson_2018	0	Netherlands	United_States	0	Europe	North_America	0	mixed_ICI_including_combination	anti_PD1_only	0	0.22	0.23157894736842105	4.007333185232471	3.6375861597263857	2.151580063750936	0.7076207020813287	0.5984839380121251	0.06549751000878819
S2_BCN12_AS_NR	ridge	Lee_PRIMM_NL	Spencer_US	55	97	33	22	71	26	462	2.1269490829764473e-07	"{""C"": 0.5}"	0.5292524377031419	0.3994989165763813	0.6668472372697725	500	0.7516367662840324	0.42687112324773113	0.5357529794149513	0.22535211267605634	0.8461538461538461	1.2414341998985032	Lee_2022_family	Spencer_2021	0	Netherlands	United_States	0	Europe	North_America	0	mixed_ICI_including_combination	anti_PD1_based_unspecified_mix	0	nan	0.1319587628865979	4.007333185232471	4.574710978503383	2.056853303314237	0.710936693632596	0.6077592582922652	0.059407540585743816
S2_BCN12_AS_NR	ridge	Lee_PRIMM_UK	Frankel_US	54	39	33	21	24	15	500	1.0701941407104337e-07	"{""C"": 0.5}"	0.5166666666666667	0.3222222222222222	0.7001388888888888	500	0.6599279775931387	0.3956822527180824	0.5458333333333334	0.2916666666666667	0.8	1.1839762960975273	Lee_2022_family	Frankel_2017	0	United_Kingdom	United_States	0	Europe	North_America	0	mixed_ICI_including_combination	mixed_ICI_including_combination	1	nan	0.004273504273504258	3.9889840465642745	3.6635616461296463	1.822480321344653	0.5029369678988839	0.44529863877920617	0.06176134271372367
S2_BCN12_AS_NR	ridge	Lee_PRIMM_UK	Gopalakrishnan_US	54	25	33	21	14	11	500	1.0701941407104337e-07	"{""C"": 0.5}"	0.7337662337662336	0.4866883116883117	0.922077922077922	500	0.7733111503097129	0.30892167290522066	0.5616883116883117	0.21428571428571427	0.9090909090909091	0.8324069413851088	Lee_2022_family	Gopalakrishnan_2018	0	United_Kingdom	United_States	0	Europe	North_America	0	mixed_ICI_including_combination	anti_PD1_only	0	0.53	0.05111111111111111	3.9889840465642745	3.2188758248682006	2.0629884886791996	0.7029774214674973	0.5924470851118022	0.07848122952884858
S2_BCN12_AS_NR	ridge	Lee_PRIMM_UK	Lee_Barcelona	54	12	33	21	5	7	500	1.0701941407104337e-07	"{""C"": 0.5}"	0.2571428571428572	0.0	0.6571428571428571	500	0.47320346320346324	0.39489945718820785	0.34285714285714286	0.4	0.2857142857142857	1.0679488188202153	Lee_2022_family	Lee_2022_family	1	United_Kingdom	Spain	0	Europe	Europe	1	mixed_ICI_including_combination	mixed_ICI_including_combination	1	nan	0.19444444444444448	3.9889840465642745	2.4849066497880004	2.1906652798974484	0.6864949908918968	0.594816419606938	0.07321323591164862
S2_BCN12_AS_NR	ridge	Lee_PRIMM_UK	Lee_Leeds	54	18	33	21	10	8	500	1.0701941407104337e-07	"{""C"": 0.5}"	0.575	0.2875	0.8131249999999994	500	0.7120681605975723	0.31679047974156266	0.4875	0.6	0.375	1.0485133656402157	Lee_2022_family	Lee_2022_family	1	United_Kingdom	United_Kingdom	1	Europe	Europe	1	mixed_ICI_including_combination	mixed_ICI_including_combination	1	nan	0.05555555555555558	3.9889840465642745	2.8903717578961645	1.4223043524177503	0.4473893542658809	0.4113155539569585	0.05030654237003443
S2_BCN12_AS_NR	ridge	Lee_PRIMM_UK	Lee_Manchester	54	25	33	21	12	13	500	1.0701941407104337e-07	"{""C"": 0.5}"	0.5897435897435896	0.3620192307692308	0.8205128205128205	500	0.5181862484494064	0.32452366156922424	0.6153846153846154	1.0	0.23076923076923078	1.1596342041111598	Lee_2022_family	Lee_2022_family	1	United_Kingdom	United_Kingdom	1	Europe	Europe	1	mixed_ICI_including_combination	mixed_ICI_including_combination	1	nan	0.13111111111111118	3.9889840465642745	3.2188758248682006	0.9138188960887204	0.3284935922301878	0.31756491921131447	0.036730326698580666
S2_BCN12_AS_NR	ridge	Lee_PRIMM_UK	Lee_PRIMM_NL	54	55	33	21	33	22	500	1.0701941407104337e-07	"{""C"": 0.5}"	0.5826446280991735	0.4386707988980716	0.7350895316804406	500	0.7605838533941693	0.3043470994867788	0.5454545454545454	0.6363636363636364	0.45454545454545453	0.8529740728652183	Lee_2022_family	Lee_2022_family	1	United_Kingdom	Netherlands	0	Europe	Europe	1	mixed_ICI_including_combination	mixed_ICI_including_combination	1	0.31000000000000005	0.011111111111111183	3.9889840465642745	4.007333185232471	0.979761610673823	0.2947752855170625	0.3098038865253837	0.039137100406941676
S2_BCN12_AS_NR	ridge	Lee_PRIMM_UK	Matson_US	54	38	33	21	14	24	500	1.0701941407104337e-07	"{""C"": 0.5}"	0.4285714285714286	0.22306547619047618	0.6160714285714286	500	0.3540946490130921	0.327324776457434	0.47619047619047616	0.2857142857142857	0.6666666666666666	1.0357846243090088	Lee_2022_family	Matson_2018	0	United_Kingdom	United_States	0	Europe	North_America	0	mixed_ICI_including_combination	anti_PD1_only	0	0.53	0.24269005847953223	3.9889840465642745	3.6375861597263857	1.8534931918759978	0.6124204863537068	0.5259206807769226	0.06252182484429769
S2_BCN12_AS_NR	ridge	Lee_PRIMM_UK	Spencer_US	54	97	33	21	71	26	500	1.0701941407104337e-07	"{""C"": 0.5}"	0.5222101841820153	0.37341549295774645	0.6357123510292524	500	0.7491481240160585	0.3727512695032372	0.47670639219934996	0.3380281690140845	0.6153846153846154	1.0887147403437116	Lee_2022_family	Spencer_2021	0	United_Kingdom	United_States	0	Europe	North_America	0	mixed_ICI_including_combination	anti_PD1_based_unspecified_mix	0	nan	0.12084765177548673	3.9889840465642745	4.574710978503383	1.8951555363130812	0.6409902283621296	0.5444864834515294	0.06305335421682991
S2_BCN12_AS_NR	ridge	Matson_US	Frankel_US	38	39	14	24	24	15	432	1.0642079206855303e-07	"{""C"": 0.5}"	0.375	0.1972222222222222	0.5777777777777777	500	0.5493689469275281	0.42377747535086996	0.4583333333333333	0.25	0.6666666666666666	1.2410635048448209	Matson_2018	Frankel_2017	0	United_States	United_States	1	North_America	North_America	1	anti_PD1_only	mixed_ICI_including_combination	0	nan	0.2469635627530365	3.6375861597263857	3.6635616461296463	1.0679491869084694	0.4539916266983753	0.38945877784631266	0.04694336574035822
S2_BCN12_AS_NR	ridge	Matson_US	Gopalakrishnan_US	38	25	14	24	14	11	432	1.0642079206855303e-07	"{""C"": 0.5}"	0.5909090909090908	0.34724025974025974	0.7922077922077922	500	0.7073414628395831	0.315517413477525	0.44155844155844154	0.42857142857142855	0.45454545454545453	0.8712558008006893	Matson_2018	Gopalakrishnan_2018	0	United_States	United_States	1	North_America	North_America	1	anti_PD1_only	anti_PD1_only	1	0.0	0.19157894736842113	3.6375861597263857	3.2188758248682006	1.1378781135158458	0.32940473391192715	0.35644838628752057	0.0470108604845447
S2_BCN12_AS_NR	ridge	Matson_US	Lee_Barcelona	38	12	14	24	5	7	432	1.0642079206855303e-07	"{""C"": 0.5}"	0.37142857142857144	0.08571428571428572	0.7142857142857143	500	0.38479797979797975	0.41012244337545334	0.41428571428571426	0.4	0.42857142857142855	1.179761823207536	Matson_2018	Lee_2022_family	0	United_States	Spain	0	North_America	Europe	0	anti_PD1_only	mixed_ICI_including_combination	0	nan	0.04824561403508776	3.6375861597263857	2.4849066497880004	1.9036925455120652	0.5117333886100498	0.4641582272842964	0.07052750924931375
S2_BCN12_AS_NR	ridge	Matson_US	Lee_Leeds	38	18	14	24	10	8	432	1.0642079206855303e-07	"{""C"": 0.5}"	0.5249999999999999	0.25	0.8	500	0.6215919701213819	0.3031474457688521	0.475	0.7	0.25	1.0041207761437734	Matson_2018	Lee_2022_family	0	United_States	United_Kingdom	0	North_America	Europe	0	anti_PD1_only	mixed_ICI_including_combination	0	nan	0.18713450292397665	3.6375861597263857	2.8903717578961645	1.9771596498918715	0.5811823747640369	0.49020061089929295	0.07011311347150946
S2_BCN12_AS_NR	ridge	Matson_US	Lee_Manchester	38	25	14	24	12	13	432	1.0642079206855303e-07	"{""C"": 0.5}"	0.5512820512820512	0.3171474358974359	0.7854166666666664	500	0.640749733358429	0.42439910926611346	0.3717948717948718	0.6666666666666666	0.07692307692307693	1.3082216677537744	Matson_2018	Lee_2022_family	0	United_States	United_Kingdom	0	North_America	Europe	0	anti_PD1_only	mixed_ICI_including_combination	0	nan	0.11157894736842106	3.6375861597263857	3.2188758248682006	2.0526455035056514	0.652012344550797	0.5576993360744268	0.06928177586824205
S2_BCN12_AS_NR	ridge	Matson_US	Lee_PRIMM_NL	38	55	14	24	33	22	432	1.0642079206855303e-07	"{""C"": 0.5}"	0.43250688705234164	0.2871556473829201	0.5819903581267217	500	0.5622920465029706	0.31494246121967406	0.5227272727272727	0.9090909090909091	0.13636363636363635	1.0194497349197162	Matson_2018	Lee_2022_family	0	United_States	Netherlands	0	North_America	Europe	0	anti_PD1_only	mixed_ICI_including_combination	0	0.22	0.23157894736842105	3.6375861597263857	4.007333185232471	2.151580063750936	0.7076207020813287	0.5984839380121251	0.06549751000878819
S2_BCN12_AS_NR	ridge	Matson_US	Lee_PRIMM_UK	38	54	14	24	33	21	432	1.0642079206855303e-07	"{""C"": 0.5}"	0.46176046176046176	0.30735930735930733	0.6068903318903318	500	0.6430706571963791	0.3277873268778465	0.42207792207792205	0.6060606060606061	0.23809523809523808	0.9313185141890985	Matson_2018	Lee_2022_family	0	United_States	United_Kingdom	0	North_America	Europe	0	anti_PD1_only	mixed_ICI_including_combination	0	0.53	0.24269005847953223	3.6375861597263857	3.9889840465642745	1.8534931918759978	0.6124204863537068	0.5259206807769226	0.06252182484429769
S2_BCN12_AS_NR	ridge	Matson_US	Spencer_US	38	97	14	24	71	26	432	1.0642079206855303e-07	"{""C"": 0.5}"	0.5108342361863489	0.3824485373781148	0.6376489707475622	500	0.7447428433302195	0.3413149682045357	0.4715601300108342	0.36619718309859156	0.5769230769230769	0.9744228680652172	Matson_2018	Spencer_2021	0	United_States	United_States	1	North_America	North_America	1	anti_PD1_only	anti_PD1_based_unspecified_mix	0	nan	0.36353771025501896	3.6375861597263857	4.574710978503383	1.085571598218901	0.2896984855829794	0.3022554757028195	0.03619677568983824
S2_BCN12_AS_NR	ridge	Spencer_US	Frankel_US	97	39	71	26	24	15	326	5.144767586148716e-07	"{""C"": 0.5}"	0.49722222222222223	0.28888888888888886	0.6888888888888889	500	0.6115299219679942	0.3169682596039248	0.5416666666666666	0.75	0.3333333333333333	1.1702110550727467	Spencer_2021	Frankel_2017	0	United_States	United_States	1	North_America	North_America	1	anti_PD1_based_unspecified_mix	mixed_ICI_including_combination	0	nan	0.11657414750198247	4.574710978503383	3.6635616461296463	1.37106100772541	0.4428438885729916	0.3915311991633044	0.059063371581780995
S2_BCN12_AS_NR	ridge	Spencer_US	Gopalakrishnan_US	97	25	71	26	14	11	326	5.144767586148716e-07	"{""C"": 0.5}"	0.2922077922077922	0.08750000000000002	0.5163961038961037	500	0.469162685140946	0.46308552274679854	0.35714285714285715	0.7142857142857143	0.0	1.5587629925826878	Spencer_2021	Gopalakrishnan_2018	0	United_States	United_States	1	North_America	North_America	1	anti_PD1_based_unspecified_mix	anti_PD1_only	0	nan	0.17195876288659784	4.574710978503383	3.2188758248682006	0.8663222398807107	0.3242323634033718	0.32656385568073787	0.033931879280921985
S2_BCN12_AS_NR	ridge	Spencer_US	Lee_Barcelona	97	12	71	26	5	7	326	5.144767586148716e-07	"{""C"": 0.5}"	0.5714285714285714	0.2285714285714286	0.8857142857142857	500	0.5909090909090908	0.4244801560863853	0.4714285714285714	0.8	0.14285714285714285	1.3452772530358519	Spencer_2021	Lee_2022_family	0	United_States	Spain	0	North_America	Europe	0	anti_PD1_based_unspecified_mix	mixed_ICI_including_combination	0	nan	0.3152920962199312	4.574710978503383	2.4849066497880004	1.391846202645219	0.4289819163420409	0.40151921943678875	0.059569784385690126
S2_BCN12_AS_NR	ridge	Spencer_US	Lee_Leeds	97	18	71	26	10	8	326	5.144767586148716e-07	"{""C"": 0.5}"	0.4375	0.15000000000000002	0.7	500	0.6350412985707103	0.38887313590316497	0.375	0.5	0.25	1.1429758606686835	Spencer_2021	Lee_2022_family	0	United_States	United_Kingdom	0	North_America	Europe	0	anti_PD1_based_unspecified_mix	mixed_ICI_including_combination	0	nan	0.1764032073310423	4.574710978503383	2.8903717578961645	1.8343999907642503	0.5462421632104126	0.47054562970191266	0.0711516832773583
S2_BCN12_AS_NR	ridge	Spencer_US	Lee_Manchester	97	25	71	26	12	13	326	5.144767586148716e-07	"{""C"": 0.5}"	0.3974358974358974	0.16025641025641021	0.6282051282051282	500	0.465828514871034	0.4574200474999367	0.3942307692307692	0.25	0.5384615384615384	1.5976706845609747	Spencer_2021	Lee_2022_family	0	United_States	United_Kingdom	0	North_America	Europe	0	anti_PD1_based_unspecified_mix	mixed_ICI_including_combination	0	nan	0.2519587628865979	4.574710978503383	3.2188758248682006	1.9981247694722843	0.6634308562491238	0.5626092193735298	0.06764326624120438
S2_BCN12_AS_NR	ridge	Spencer_US	Lee_PRIMM_NL	97	55	71	26	33	22	326	5.144767586148716e-07	"{""C"": 0.5}"	0.6074380165289256	0.45709366391184575	0.7527892561983471	500	0.7169092621974987	0.33869464327492116	0.5833333333333333	0.3939393939393939	0.7727272727272727	1.036846473098599	Spencer_2021	Lee_2022_family	0	United_States	Netherlands	0	North_America	Europe	0	anti_PD1_based_unspecified_mix	mixed_ICI_including_combination	0	nan	0.1319587628865979	4.574710978503383	4.007333185232471	2.056853303314237	0.710936693632596	0.6077592582922652	0.059407540585743816
S2_BCN12_AS_NR	ridge	Spencer_US	Lee_PRIMM_UK	97	54	71	26	33	21	326	5.144767586148716e-07	"{""C"": 0.5}"	0.5252525252525253	0.3492063492063492	0.6782828282828283	500	0.6738298745222497	0.3460206465085283	0.5606060606060606	0.45454545454545453	0.6666666666666666	1.0429011723445445	Spencer_2021	Lee_2022_family	0	United_States	United_Kingdom	0	North_America	Europe	0	anti_PD1_based_unspecified_mix	mixed_ICI_including_combination	0	nan	0.12084765177548673	4.574710978503383	3.9889840465642745	1.8951555363130812	0.6409902283621296	0.5444864834515294	0.06305335421682991
S2_BCN12_AS_NR	ridge	Spencer_US	Matson_US	97	38	71	26	14	24	326	5.144767586148716e-07	"{""C"": 0.5}"	0.5922619047619048	0.4031994047619048	0.7680059523809523	500	0.44346035555677304	0.3663786592249384	0.6160714285714286	0.8571428571428571	0.375	1.3519026002984693	Spencer_2021	Matson_2018	0	United_States	United_States	1	North_America	North_America	1	anti_PD1_based_unspecified_mix	anti_PD1_only	0	nan	0.36353771025501896	4.574710978503383	3.6375861597263857	1.085571598218901	0.2896984855829794	0.3022554757028195	0.03619677568983824
S2_BCN12_AS_NR	random_forest	Frankel_US	Gopalakrishnan_US	39	25	24	15	14	11	500	1.6488298996136508e-07	"{""max_features"": ""sqrt"", ""min_samples_leaf"": 5}"	0.577922077922078	0.31477272727272726	0.7922077922077922	500	0.6718815559994193	0.24785832896899493	0.5681818181818181	0.5	0.6363636363636364	0.6885696475035714	Frankel_2017	Gopalakrishnan_2018	0	United_States	United_States	1	North_America	North_America	1	mixed_ICI_including_combination	anti_PD1_only	0	nan	0.055384615384615365	3.6635616461296463	3.2188758248682006	1.4601102198390727	0.5138555257100887	0.457773044074274	0.0727642304785162
S2_BCN12_AS_NR	random_forest	Frankel_US	Lee_Barcelona	39	12	24	15	5	7	500	1.6488298996136508e-07	"{""max_features"": ""sqrt"", ""min_samples_leaf"": 5}"	0.7714285714285715	0.4285714285714286	1.0	500	0.696190476190476	0.2579110220316117	0.5714285714285714	1.0	0.14285714285714285	0.7091118979972298	Frankel_2017	Lee_2022_family	0	United_States	Spain	0	North_America	Europe	0	mixed_ICI_including_combination	mixed_ICI_including_combination	1	nan	0.19871794871794873	3.6635616461296463	2.4849066497880004	2.148005799674066	0.5625705120362823	0.5030899391825384	0.08056573056573058
S2_BCN12_AS_NR	random_forest	Frankel_US	Lee_Leeds	39	18	24	15	10	8	500	1.6488298996136508e-07	"{""max_features"": ""sqrt"", ""min_samples_leaf"": 5}"	0.35	0.125	0.6375000000000001	500	0.49690943043884217	0.2744386254958019	0.3625	0.6	0.125	0.7440528229452025	Frankel_2017	Lee_2022_family	0	United_States	United_Kingdom	0	North_America	Europe	0	mixed_ICI_including_combination	mixed_ICI_including_combination	1	nan	0.05982905982905984	3.6635616461296463	2.8903717578961645	2.0000659164923533	0.43330674562958954	0.39824176658373817	0.06973855069093164
S2_BCN12_AS_NR	random_forest	Frankel_US	Lee_Manchester	39	25	24	15	12	13	500	1.6488298996136508e-07	"{""max_features"": ""sqrt"", ""min_samples_leaf"": 5}"	0.4871794871794871	0.2692307692307692	0.7243589743589745	500	0.5566983887572122	0.2552753143422949	0.48717948717948717	0.6666666666666666	0.3076923076923077	0.703704212752376	Frankel_2017	Lee_2022_family	0	United_States	United_Kingdom	0	North_America	Europe	0	mixed_ICI_including_combination	mixed_ICI_including_combination	1	nan	0.13538461538461544	3.6635616461296463	3.2188758248682006	2.0576633286376182	0.5284366611922444	0.4800730908319456	0.07087714402000117
S2_BCN12_AS_NR	random_forest	Frankel_US	Lee_PRIMM_NL	39	55	24	15	33	22	500	1.6488298996136508e-07	"{""max_features"": ""sqrt"", ""min_samples_leaf"": 5}"	0.5055096418732783	0.34559228650137747	0.6640495867768594	500	0.5816713905078001	0.2506827505650237	0.5681818181818181	0.6363636363636364	0.5	0.6950036015373052	Frankel_2017	Lee_2022_family	0	United_States	Netherlands	0	North_America	Europe	0	mixed_ICI_including_combination	mixed_ICI_including_combination	1	nan	0.015384615384615441	3.6635616461296463	4.007333185232471	2.1537283003203482	0.5362672870971259	0.49418965792965314	0.07240103811532383
S2_BCN12_AS_NR	random_forest	Frankel_US	Lee_PRIMM_UK	39	54	24	15	33	21	500	1.6488298996136508e-07	"{""max_features"": ""sqrt"", ""min_samples_leaf"": 5}"	0.47186147186147187	0.3000721500721501	0.6458513708513708	500	0.6018213844131067	0.25100620545777036	0.512987012987013	0.7878787878787878	0.23809523809523808	0.6957320535788745	Frankel_2017	Lee_2022_family	0	United_States	United_Kingdom	0	North_America	Europe	0	mixed_ICI_including_combination	mixed_ICI_including_combination	1	nan	0.004273504273504258	3.6635616461296463	3.9889840465642745	1.822480321344653	0.5029369678988839	0.44529863877920617	0.06176134271372367
S2_BCN12_AS_NR	random_forest	Frankel_US	Matson_US	39	38	24	15	14	24	500	1.6488298996136508e-07	"{""max_features"": ""sqrt"", ""min_samples_leaf"": 5}"	0.35416666666666663	0.19925595238095237	0.5419642857142855	500	0.3005049641472723	0.2990707327318246	0.4107142857142857	0.5714285714285714	0.25	0.7951752419883941	Frankel_2017	Matson_2018	0	United_States	United_States	1	North_America	North_America	1	mixed_ICI_including_combination	anti_PD1_only	0	nan	0.2469635627530365	3.6635616461296463	3.6375861597263857	1.0679491869084694	0.4539916266983753	0.38945877784631266	0.04694336574035822
S2_BCN12_AS_NR	random_forest	Frankel_US	Spencer_US	39	97	24	15	71	26	500	1.6488298996136508e-07	"{""max_features"": ""sqrt"", ""min_samples_leaf"": 5}"	0.508667388949079	0.3882719393282773	0.6351977248104008	500	0.7853912355833004	0.24492230757586028	0.4894366197183099	0.4788732394366197	0.5	0.6819720880048508	Frankel_2017	Spencer_2021	0	United_States	United_States	1	North_America	North_America	1	mixed_ICI_including_combination	anti_PD1_based_unspecified_mix	0	nan	0.11657414750198247	3.6635616461296463	4.574710978503383	1.37106100772541	0.4428438885729916	0.3915311991633044	0.059063371581780995
S2_BCN12_AS_NR	random_forest	Gopalakrishnan_US	Frankel_US	25	39	14	11	24	15	386	2.5004030649745586e-07	"{""max_features"": ""sqrt"", ""min_samples_leaf"": 5}"	0.5138888888888888	0.325	0.6986805555555555	500	0.6433624078045741	0.24672710998293895	0.525	0.5833333333333334	0.4666666666666667	0.6865134887846515	Gopalakrishnan_2018	Frankel_2017	0	United_States	United_States	1	North_America	North_America	1	anti_PD1_only	mixed_ICI_including_combination	0	nan	0.055384615384615365	3.2188758248682006	3.6635616461296463	1.4601102198390727	0.5138555257100887	0.457773044074274	0.0727642304785162
S2_BCN12_AS_NR	random_forest	Gopalakrishnan_US	Lee_Barcelona	25	12	14	11	5	7	386	2.5004030649745586e-07	"{""max_features"": ""sqrt"", ""min_samples_leaf"": 5}"	0.11428571428571428	0.0	0.37285714285714155	500	0.31050505050505045	0.3118377762804847	0.17142857142857143	0.2	0.14285714285714285	0.8189482286626139	Gopalakrishnan_2018	Lee_2022_family	0	United_States	Spain	0	North_America	Europe	0	anti_PD1_only	mixed_ICI_including_combination	0	nan	0.14333333333333337	3.2188758248682006	2.4849066497880004	1.7464261293987988	0.43864029899351553	0.4368346369614659	0.07725321239606954
S2_BCN12_AS_NR	random_forest	Gopalakrishnan_US	Lee_Leeds	25	18	14	11	10	8	386	2.5004030649745586e-07	"{""max_features"": ""sqrt"", ""min_samples_leaf"": 5}"	0.325	0.0625	0.6065624999999997	500	0.4749621212121212	0.27429620092018864	0.4125	0.7	0.125	0.7449074735600294	Gopalakrishnan_2018	Lee_2022_family	0	United_States	United_Kingdom	0	North_America	Europe	0	anti_PD1_only	mixed_ICI_including_combination	0	nan	0.004444444444444473	3.2188758248682006	2.8903717578961645	2.0440113218725884	0.6134426055677813	0.5216269539720565	0.08646107331821616
S2_BCN12_AS_NR	random_forest	Gopalakrishnan_US	Lee_Manchester	25	25	14	11	12	13	386	2.5004030649745586e-07	"{""max_features"": ""sqrt"", ""min_samples_leaf"": 5}"	0.47435897435897434	0.23381410256410257	0.7307692307692308	500	0.5179510086053698	0.2590926506105191	0.4519230769230769	0.75	0.15384615384615385	0.7117440724834907	Gopalakrishnan_2018	Lee_2022_family	0	United_States	United_Kingdom	0	North_America	Europe	0	anti_PD1_only	mixed_ICI_including_combination	0	nan	0.08000000000000007	3.2188758248682006	3.2188758248682006	2.156186223234672	0.7155554538377515	0.6032222163102883	0.08168707482993197
S2_BCN12_AS_NR	random_forest	Gopalakrishnan_US	Lee_PRIMM_NL	25	55	14	11	33	22	386	2.5004030649745586e-07	"{""max_features"": ""sqrt"", ""min_samples_leaf"": 5}"	0.637741046831956	0.4882575757575758	0.7933884297520662	500	0.6870996697875404	0.22992801570008795	0.5833333333333334	0.9393939393939394	0.22727272727272727	0.652570323323709	Gopalakrishnan_2018	Lee_2022_family	0	United_States	Netherlands	0	North_America	Europe	0	anti_PD1_only	mixed_ICI_including_combination	0	0.22	0.039999999999999925	3.2188758248682006	4.007333185232471	2.1884513111812445	0.7745689314443972	0.6511689475893659	0.07338528138528139
S2_BCN12_AS_NR	random_forest	Gopalakrishnan_US	Lee_PRIMM_UK	25	54	14	11	33	21	386	2.5004030649745586e-07	"{""max_features"": ""sqrt"", ""min_samples_leaf"": 5}"	0.632034632034632	0.46313131313131317	0.7770923520923521	500	0.7107735050068432	0.2339940795952106	0.5346320346320346	0.8787878787878788	0.19047619047619047	0.6613340860839177	Gopalakrishnan_2018	Lee_2022_family	0	United_States	United_Kingdom	0	North_America	Europe	0	anti_PD1_only	mixed_ICI_including_combination	0	0.53	0.05111111111111111	3.2188758248682006	3.9889840465642745	2.0629884886791996	0.7029774214674973	0.5924470851118022	0.07848122952884858
S2_BCN12_AS_NR	random_forest	Gopalakrishnan_US	Matson_US	25	38	14	11	14	24	386	2.5004030649745586e-07	"{""max_features"": ""sqrt"", ""min_samples_leaf"": 5}"	0.5	0.30498511904761905	0.693452380952381	500	0.5012033551688724	0.2507039397245269	0.48809523809523814	0.6428571428571429	0.3333333333333333	0.6942589479959653	Gopalakrishnan_2018	Matson_2018	0	United_States	United_States	1	North_America	North_America	1	anti_PD1_only	anti_PD1_only	1	0.0	0.19157894736842113	3.2188758248682006	3.6375861597263857	1.1378781135158458	0.32940473391192715	0.35644838628752057	0.0470108604845447
S2_BCN12_AS_NR	random_forest	Gopalakrishnan_US	Spencer_US	25	97	14	11	71	26	386	2.5004030649745586e-07	"{""max_features"": ""sqrt"", ""min_samples_leaf"": 5}"	0.45612134344528704	0.3146533044420368	0.5831663055254604	500	0.6999205132218086	0.25346973522635075	0.4739978331527628	0.5633802816901409	0.38461538461538464	0.700327711186575	Gopalakrishnan_2018	Spencer_2021	0	United_States	United_States	1	North_America	North_America	1	anti_PD1_only	anti_PD1_based_unspecified_mix	0	nan	0.17195876288659784	3.2188758248682006	4.574710978503383	0.8663222398807107	0.3242323634033718	0.32656385568073787	0.033931879280921985
S2_BCN12_AS_NR	random_forest	Lee_Barcelona	Frankel_US	12	39	5	7	24	15	500	1.0246076956438827e-07	"{""max_features"": ""sqrt"", ""min_samples_leaf"": 5}"	0.37222222222222223	0.17982638888888886	0.5722222222222222	500	0.542409111899744	0.25164861227875684	0.35416666666666663	0.375	0.3333333333333333	0.69644500750889	Lee_2022_family	Frankel_2017	0	Spain	United_States	0	Europe	North_America	0	mixed_ICI_including_combination	mixed_ICI_including_combination	1	nan	0.19871794871794873	2.4849066497880004	3.6635616461296463	2.148005799674066	0.5625705120362823	0.5030899391825384	0.08056573056573058
S2_BCN12_AS_NR	random_forest	Lee_Barcelona	Gopalakrishnan_US	12	25	5	7	14	11	500	1.0246076956438827e-07	"{""max_features"": ""sqrt"", ""min_samples_leaf"": 5}"	0.3116883116883117	0.15909090909090906	0.5017045454545453	500	0.4727092576160899	0.25181290815394053	0.39285714285714285	0.7857142857142857	0.0	0.6967736272198586	Lee_2022_family	Gopalakrishnan_2018	0	Spain	United_States	0	Europe	North_America	0	mixed_ICI_including_combination	anti_PD1_only	0	nan	0.14333333333333337	2.4849066497880004	3.2188758248682006	1.7464261293987988	0.43864029899351553	0.4368346369614659	0.07725321239606954
S2_BCN12_AS_NR	random_forest	Lee_Barcelona	Lee_Leeds	12	18	5	7	10	8	500	1.0246076956438827e-07	"{""max_features"": ""sqrt"", ""min_samples_leaf"": 5}"	0.45625000000000004	0.1875	0.7407812499999998	500	0.6526716747304984	0.2514019273163852	0.5125	0.4	0.625	0.6959528241288817	Lee_2022_family	Lee_2022_family	1	Spain	United_Kingdom	0	Europe	Europe	1	mixed_ICI_including_combination	mixed_ICI_including_combination	1	nan	0.1388888888888889	2.4849066497880004	2.8903717578961645	1.900081845184206	0.5949875337870366	0.5175184809533883	0.0664525069286974
S2_BCN12_AS_NR	random_forest	Lee_Barcelona	Lee_Manchester	12	25	5	7	12	13	500	1.0246076956438827e-07	"{""max_features"": ""sqrt"", ""min_samples_leaf"": 5}"	0.39423076923076916	0.21794871794871792	0.6283653846153845	500	0.4488768115942029	0.25173819319175667	0.39743589743589747	0.3333333333333333	0.46153846153846156	0.6966244940977672	Lee_2022_family	Lee_2022_family	1	Spain	United_Kingdom	0	Europe	Europe	1	mixed_ICI_including_combination	mixed_ICI_including_combination	1	nan	0.0633333333333333	2.4849066497880004	3.2188758248682006	2.2125872071199106	0.699237363642387	0.5968096276682744	0.0739697656840514
S2_BCN12_AS_NR	random_forest	Lee_Barcelona	Lee_PRIMM_NL	12	55	5	7	33	22	500	1.0246076956438827e-07	"{""max_features"": ""sqrt"", ""min_samples_leaf"": 5}"	0.5048209366391184	0.3381542699724518	0.6773588154269972	500	0.6152254217285048	0.2502350102968819	0.5909090909090908	0.5454545454545454	0.6363636363636364	0.6936179831696486	Lee_2022_family	Lee_2022_family	1	Spain	Netherlands	0	Europe	Europe	1	mixed_ICI_including_combination	mixed_ICI_including_combination	1	nan	0.1833333333333333	2.4849066497880004	4.007333185232471	2.2654600312628763	0.7635200611439845	0.6434861265694625	0.0709798666941524
S2_BCN12_AS_NR	random_forest	Lee_Barcelona	Lee_PRIMM_UK	12	54	5	7	33	21	500	1.0246076956438827e-07	"{""max_features"": ""sqrt"", ""min_samples_leaf"": 5}"	0.3217893217893218	0.1777597402597403	0.461111111111111	500	0.524880874940878	0.2533501971754926	0.36363636363636365	0.3939393939393939	0.3333333333333333	0.6998492332476202	Lee_2022_family	Lee_2022_family	1	Spain	United_Kingdom	0	Europe	Europe	1	mixed_ICI_including_combination	mixed_ICI_including_combination	1	nan	0.19444444444444448	2.4849066497880004	3.9889840465642745	2.1906652798974484	0.6864949908918968	0.594816419606938	0.07321323591164862
S2_BCN12_AS_NR	random_forest	Lee_Barcelona	Matson_US	12	38	5	7	14	24	500	1.0246076956438827e-07	"{""max_features"": ""sqrt"", ""min_samples_leaf"": 5}"	0.3258928571428571	0.17332589285714287	0.5037574404761904	500	0.2997763340910612	0.2531609497284835	0.40476190476190477	0.6428571428571429	0.16666666666666666	0.6994701697781278	Lee_2022_family	Matson_2018	0	Spain	United_States	0	Europe	North_America	0	mixed_ICI_including_combination	anti_PD1_only	0	nan	0.04824561403508776	2.4849066497880004	3.6375861597263857	1.9036925455120652	0.5117333886100498	0.4641582272842964	0.07052750924931375
S2_BCN12_AS_NR	random_forest	Lee_Barcelona	Spencer_US	12	97	5	7	71	26	500	1.0246076956438827e-07	"{""max_features"": ""sqrt"", ""min_samples_leaf"": 5}"	0.5815276273022751	0.46193797399783315	0.7019298483206934	500	0.7736384285643708	0.24660068323342704	0.5693391115926327	0.8309859154929577	0.3076923076923077	0.6863473367401042	Lee_2022_family	Spencer_2021	0	Spain	United_States	0	Europe	North_America	0	mixed_ICI_including_combination	anti_PD1_based_unspecified_mix	0	nan	0.3152920962199312	2.4849066497880004	4.574710978503383	1.391846202645219	0.4289819163420409	0.40151921943678875	0.059569784385690126
S2_BCN12_AS_NR	random_forest	Lee_Leeds	Frankel_US	18	39	10	8	24	15	500	1.0661815682701918e-07	"{""max_features"": ""sqrt"", ""min_samples_leaf"": 5}"	0.40555555555555556	0.22499999999999995	0.6042361111111111	500	0.549571006359577	0.25473367947620895	0.45	0.8333333333333334	0.06666666666666667	0.7046924659390132	Lee_2022_family	Frankel_2017	0	United_Kingdom	United_States	0	Europe	North_America	0	mixed_ICI_including_combination	mixed_ICI_including_combination	1	nan	0.05982905982905984	2.8903717578961645	3.6635616461296463	2.0000659164923533	0.43330674562958954	0.39824176658373817	0.06973855069093164
S2_BCN12_AS_NR	random_forest	Lee_Leeds	Gopalakrishnan_US	18	25	10	8	14	11	500	1.0661815682701918e-07	"{""max_features"": ""sqrt"", ""min_samples_leaf"": 5}"	0.461038961038961	0.21428571428571425	0.6688311688311689	500	0.6237021238007718	0.2480845597665532	0.5	1.0	0.0	0.6892694349725167	Lee_2022_family	Gopalakrishnan_2018	0	United_Kingdom	United_States	0	Europe	North_America	0	mixed_ICI_including_combination	anti_PD1_only	0	nan	0.004444444444444473	2.8903717578961645	3.2188758248682006	2.0440113218725884	0.6134426055677813	0.5216269539720565	0.08646107331821616
S2_BCN12_AS_NR	random_forest	Lee_Leeds	Lee_Barcelona	18	12	10	8	5	7	500	1.0661815682701918e-07	"{""max_features"": ""sqrt"", ""min_samples_leaf"": 5}"	0.4285714285714286	0.07071428571428577	0.7292857142857136	500	0.4046031746031746	0.27814428700895905	0.5714285714285714	1.0	0.14285714285714285	0.7526071403346973	Lee_2022_family	Lee_2022_family	1	United_Kingdom	Spain	0	Europe	Europe	1	mixed_ICI_including_combination	mixed_ICI_including_combination	1	nan	0.1388888888888889	2.8903717578961645	2.4849066497880004	1.900081845184206	0.5949875337870366	0.5175184809533883	0.0664525069286974
S2_BCN12_AS_NR	random_forest	Lee_Leeds	Lee_Manchester	18	25	10	8	12	13	500	1.0661815682701918e-07	"{""max_features"": ""sqrt"", ""min_samples_leaf"": 5}"	0.5064102564102564	0.25945512820512817	0.7213141025641023	500	0.5964011968423734	0.25760808004071295	0.4519230769230769	0.75	0.15384615384615385	0.7080929265584196	Lee_2022_family	Lee_2022_family	1	United_Kingdom	United_Kingdom	1	Europe	Europe	1	mixed_ICI_including_combination	mixed_ICI_including_combination	1	nan	0.0755555555555556	2.8903717578961645	3.2188758248682006	1.5545824937549038	0.47164689705627394	0.4330400701509546	0.05555555555555555
S2_BCN12_AS_NR	random_forest	Lee_Leeds	Lee_PRIMM_NL	18	55	10	8	33	22	500	1.0661815682701918e-07	"{""max_features"": ""sqrt"", ""min_samples_leaf"": 5}"	0.48484848484848486	0.32920110192837465	0.6578856749311294	500	0.609446348589998	0.24499828991714392	0.5151515151515151	0.8484848484848485	0.18181818181818182	0.6833067573555177	Lee_2022_family	Lee_2022_family	1	United_Kingdom	Netherlands	0	Europe	Europe	1	mixed_ICI_including_combination	mixed_ICI_including_combination	1	nan	0.0444444444444444	2.8903717578961645	4.007333185232471	1.5566246650097413	0.4778931549680615	0.43468033313280113	0.058371927895737426
S2_BCN12_AS_NR	random_forest	Lee_Leeds	Lee_PRIMM_UK	18	54	10	8	33	21	500	1.0661815682701918e-07	"{""max_features"": ""sqrt"", ""min_samples_leaf"": 5}"	0.48917748917748927	0.34632034632034636	0.652994227994228	500	0.6654792832915032	0.24784474117916175	0.4632034632034632	0.8787878787878788	0.047619047619047616	0.6886589448046527	Lee_2022_family	Lee_2022_family	1	United_Kingdom	United_Kingdom	1	Europe	Europe	1	mixed_ICI_including_combination	mixed_ICI_including_combination	1	nan	0.05555555555555558	2.8903717578961645	3.9889840465642745	1.4223043524177503	0.4473893542658809	0.4113155539569585	0.05030654237003443
S2_BCN12_AS_NR	random_forest	Lee_Leeds	Matson_US	18	38	10	8	14	24	500	1.0661815682701918e-07	"{""max_features"": ""sqrt"", ""min_samples_leaf"": 5}"	0.5892857142857143	0.3911458333333333	0.7872767857142857	500	0.470187504826492	0.27332791561890446	0.4642857142857143	0.9285714285714286	0.0	0.7409181090252703	Lee_2022_family	Matson_2018	0	United_Kingdom	United_States	0	Europe	North_America	0	mixed_ICI_including_combination	anti_PD1_only	0	nan	0.18713450292397665	2.8903717578961645	3.6375861597263857	1.9771596498918715	0.5811823747640369	0.49020061089929295	0.07011311347150946
S2_BCN12_AS_NR	random_forest	Lee_Leeds	Spencer_US	18	97	10	8	71	26	500	1.0661815682701918e-07	"{""max_features"": ""sqrt"", ""min_samples_leaf"": 5}"	0.46208017334777896	0.3225758396533044	0.5840465872156013	500	0.7186778989267357	0.22305117851337988	0.49295774647887325	0.9859154929577465	0.0	0.6387690220058672	Lee_2022_family	Spencer_2021	0	United_Kingdom	United_States	0	Europe	North_America	0	mixed_ICI_including_combination	anti_PD1_based_unspecified_mix	0	nan	0.1764032073310423	2.8903717578961645	4.574710978503383	1.8343999907642503	0.5462421632104126	0.47054562970191266	0.0711516832773583
S2_BCN12_AS_NR	random_forest	Lee_Manchester	Frankel_US	25	39	12	13	24	15	500	5.636676092699121e-08	"{""max_features"": ""sqrt"", ""min_samples_leaf"": 5}"	0.4472222222222222	0.270625	0.6333333333333334	500	0.6189753594615722	0.25802309686180525	0.35	0.5	0.2	0.7096942497905532	Lee_2022_family	Frankel_2017	0	United_Kingdom	United_States	0	Europe	North_America	0	mixed_ICI_including_combination	mixed_ICI_including_combination	1	nan	0.13538461538461544	3.2188758248682006	3.6635616461296463	2.0576633286376182	0.5284366611922444	0.4800730908319456	0.07087714402000117
S2_BCN12_AS_NR	random_forest	Lee_Manchester	Gopalakrishnan_US	25	25	12	13	14	11	500	5.636676092699121e-08	"{""max_features"": ""sqrt"", ""min_samples_leaf"": 5}"	0.7467532467532467	0.5355519480519481	0.9189935064935063	500	0.8423616264687692	0.24267702123672172	0.6071428571428571	0.21428571428571427	1.0	0.6784904937488789	Lee_2022_family	Gopalakrishnan_2018	0	United_Kingdom	United_States	0	Europe	North_America	0	mixed_ICI_including_combination	anti_PD1_only	0	nan	0.08000000000000007	3.2188758248682006	3.2188758248682006	2.156186223234672	0.7155554538377515	0.6032222163102883	0.08168707482993197
S2_BCN12_AS_NR	random_forest	Lee_Manchester	Lee_Barcelona	25	12	12	13	5	7	500	5.636676092699121e-08	"{""max_features"": ""sqrt"", ""min_samples_leaf"": 5}"	0.14285714285714285	0.0	0.4285714285714286	500	0.3132034632034632	0.291863317592361	0.3142857142857143	0.2	0.42857142857142855	0.7810529518571454	Lee_2022_family	Lee_2022_family	1	United_Kingdom	Spain	0	Europe	Europe	1	mixed_ICI_including_combination	mixed_ICI_including_combination	1	nan	0.0633333333333333	3.2188758248682006	2.4849066497880004	2.2125872071199106	0.699237363642387	0.5968096276682744	0.0739697656840514
S2_BCN12_AS_NR	random_forest	Lee_Manchester	Lee_Leeds	25	18	12	13	10	8	500	5.636676092699121e-08	"{""max_features"": ""sqrt"", ""min_samples_leaf"": 5}"	0.35000000000000003	0.1	0.65	500	0.5129594017094017	0.2639167781277895	0.4125	0.7	0.125	0.7218539994246966	Lee_2022_family	Lee_2022_family	1	United_Kingdom	United_Kingdom	1	Europe	Europe	1	mixed_ICI_including_combination	mixed_ICI_including_combination	1	nan	0.0755555555555556	3.2188758248682006	2.8903717578961645	1.5545824937549038	0.47164689705627394	0.4330400701509546	0.05555555555555555
S2_BCN12_AS_NR	random_forest	Lee_Manchester	Lee_PRIMM_NL	25	55	12	13	33	22	500	5.636676092699121e-08	"{""max_features"": ""sqrt"", ""min_samples_leaf"": 5}"	0.4807162534435262	0.32086776859504135	0.6391184573002755	500	0.6226336915537628	0.2551354736215039	0.5151515151515151	0.5757575757575758	0.45454545454545453	0.7036037051769403	Lee_2022_family	Lee_2022_family	1	United_Kingdom	Netherlands	0	Europe	Europe	1	mixed_ICI_including_combination	mixed_ICI_including_combination	1	nan	0.12	3.2188758248682006	4.007333185232471	1.023240361097451	0.37225480323409776	0.3551927713469969	0.039582766439909295
S2_BCN12_AS_NR	random_forest	Lee_Manchester	Lee_PRIMM_UK	25	54	12	13	33	21	500	5.636676092699121e-08	"{""max_features"": ""sqrt"", ""min_samples_leaf"": 5}"	0.5050505050505052	0.3476911976911977	0.6574675324675323	500	0.6236427316919584	0.24885082067034447	0.5	0.6666666666666666	0.3333333333333333	0.6910808294632722	Lee_2022_family	Lee_2022_family	1	United_Kingdom	United_Kingdom	1	Europe	Europe	1	mixed_ICI_including_combination	mixed_ICI_including_combination	1	nan	0.13111111111111118	3.2188758248682006	3.9889840465642745	0.9138188960887204	0.3284935922301878	0.31756491921131447	0.036730326698580666
S2_BCN12_AS_NR	random_forest	Lee_Manchester	Matson_US	25	38	12	13	14	24	500	5.636676092699121e-08	"{""max_features"": ""sqrt"", ""min_samples_leaf"": 5}"	0.6071428571428571	0.43139880952380955	0.778645833333333	500	0.4366325710297654	0.23898684757361208	0.5327380952380952	0.35714285714285715	0.7083333333333334	0.6707507089293031	Lee_2022_family	Matson_2018	0	United_Kingdom	United_States	0	Europe	North_America	0	mixed_ICI_including_combination	anti_PD1_only	0	nan	0.11157894736842106	3.2188758248682006	3.6375861597263857	2.0526455035056514	0.652012344550797	0.5576993360744268	0.06928177586824205
S2_BCN12_AS_NR	random_forest	Lee_Manchester	Spencer_US	25	97	12	13	71	26	500	5.636676092699121e-08	"{""max_features"": ""sqrt"", ""min_samples_leaf"": 5}"	0.465872156013001	0.3379469122426869	0.5948266522210184	500	0.7108126826384047	0.2838609793463364	0.4672264355362947	0.1267605633802817	0.8076923076923077	0.761802515276589	Lee_2022_family	Spencer_2021	0	United_Kingdom	United_States	0	Europe	North_America	0	mixed_ICI_including_combination	anti_PD1_based_unspecified_mix	0	nan	0.2519587628865979	3.2188758248682006	4.574710978503383	1.9981247694722843	0.6634308562491238	0.5626092193735298	0.06764326624120438
S2_BCN12_AS_NR	random_forest	Lee_PRIMM_NL	Frankel_US	55	39	33	22	24	15	462	2.1269490829764473e-07	"{""max_features"": ""sqrt"", ""min_samples_leaf"": 5}"	0.6583333333333333	0.4735416666666667	0.8305555555555556	500	0.7748781819246872	0.2388177153721704	0.5791666666666666	0.625	0.5333333333333333	0.6707093994526983	Lee_2022_family	Frankel_2017	0	Netherlands	United_States	0	Europe	North_America	0	mixed_ICI_including_combination	mixed_ICI_including_combination	1	nan	0.015384615384615441	4.007333185232471	3.6635616461296463	2.1537283003203482	0.5362672870971259	0.49418965792965314	0.07240103811532383
S2_BCN12_AS_NR	random_forest	Lee_PRIMM_NL	Gopalakrishnan_US	55	25	33	22	14	11	462	2.1269490829764473e-07	"{""max_features"": ""sqrt"", ""min_samples_leaf"": 5}"	0.6558441558441558	0.4056818181818182	0.8246753246753247	500	0.7910390276004999	0.2484708420198761	0.6590909090909092	0.5	0.8181818181818182	0.6921168926950017	Lee_2022_family	Gopalakrishnan_2018	0	Netherlands	United_States	0	Europe	North_America	0	mixed_ICI_including_combination	anti_PD1_only	0	0.22	0.039999999999999925	4.007333185232471	3.2188758248682006	2.1884513111812445	0.7745689314443972	0.6511689475893659	0.07338528138528139
S2_BCN12_AS_NR	random_forest	Lee_PRIMM_NL	Lee_Barcelona	55	12	33	22	5	7	462	2.1269490829764473e-07	"{""max_features"": ""sqrt"", ""min_samples_leaf"": 5}"	0.6285714285714286	0.2285714285714286	0.9142857142857144	500	0.6385281385281385	0.239105931699113	0.5857142857142856	0.6	0.5714285714285714	0.670788505404853	Lee_2022_family	Lee_2022_family	1	Netherlands	Spain	0	Europe	Europe	1	mixed_ICI_including_combination	mixed_ICI_including_combination	1	nan	0.1833333333333333	4.007333185232471	2.4849066497880004	2.2654600312628763	0.7635200611439845	0.6434861265694625	0.0709798666941524
S2_BCN12_AS_NR	random_forest	Lee_PRIMM_NL	Lee_Leeds	55	18	33	22	10	8	462	2.1269490829764473e-07	"{""max_features"": ""sqrt"", ""min_samples_leaf"": 5}"	0.45	0.16843750000000002	0.7125	500	0.5861874236874237	0.2527860510733927	0.475	0.7	0.25	0.6988088677049634	Lee_2022_family	Lee_2022_family	1	Netherlands	United_Kingdom	0	Europe	Europe	1	mixed_ICI_including_combination	mixed_ICI_including_combination	1	nan	0.0444444444444444	4.007333185232471	2.8903717578961645	1.5566246650097413	0.4778931549680615	0.43468033313280113	0.058371927895737426
S2_BCN12_AS_NR	random_forest	Lee_PRIMM_NL	Lee_Manchester	55	25	33	22	12	13	462	2.1269490829764473e-07	"{""max_features"": ""sqrt"", ""min_samples_leaf"": 5}"	0.4423076923076923	0.2243589743589743	0.6767628205128201	500	0.5450296968253625	0.2551375462429372	0.4935897435897436	0.8333333333333334	0.15384615384615385	0.7030569164330087	Lee_2022_family	Lee_2022_family	1	Netherlands	United_Kingdom	0	Europe	Europe	1	mixed_ICI_including_combination	mixed_ICI_including_combination	1	nan	0.12	4.007333185232471	3.2188758248682006	1.023240361097451	0.37225480323409776	0.3551927713469969	0.039582766439909295
S2_BCN12_AS_NR	random_forest	Lee_PRIMM_NL	Lee_PRIMM_UK	55	54	33	22	33	21	462	2.1269490829764473e-07	"{""max_features"": ""sqrt"", ""min_samples_leaf"": 5}"	0.5916305916305916	0.44505772005772004	0.7476911976911975	500	0.7416437804309827	0.22778306036758678	0.5367965367965368	0.7878787878787878	0.2857142857142857	0.6467892058986997	Lee_2022_family	Lee_2022_family	1	Netherlands	United_Kingdom	0	Europe	Europe	1	mixed_ICI_including_combination	mixed_ICI_including_combination	1	0.31000000000000005	0.011111111111111183	4.007333185232471	3.9889840465642745	0.979761610673823	0.2947752855170625	0.3098038865253837	0.039137100406941676
S2_BCN12_AS_NR	random_forest	Lee_PRIMM_NL	Matson_US	55	38	33	22	14	24	462	2.1269490829764473e-07	"{""max_features"": ""sqrt"", ""min_samples_leaf"": 5}"	0.39285714285714285	0.21428571428571427	0.5848958333333333	500	0.33668380231215894	0.2660792448132311	0.4226190476190476	0.42857142857142855	0.4166666666666667	0.7260524522750552	Lee_2022_family	Matson_2018	0	Netherlands	United_States	0	Europe	North_America	0	mixed_ICI_including_combination	anti_PD1_only	0	0.22	0.23157894736842105	4.007333185232471	3.6375861597263857	2.151580063750936	0.7076207020813287	0.5984839380121251	0.06549751000878819
S2_BCN12_AS_NR	random_forest	Lee_PRIMM_NL	Spencer_US	55	97	33	22	71	26	462	2.1269490829764473e-07	"{""max_features"": ""sqrt"", ""min_samples_leaf"": 5}"	0.4810400866738894	0.3309588299024918	0.6193120260021667	500	0.7206148025152722	0.28727464121363144	0.4574756229685807	0.3380281690140845	0.5769230769230769	0.7713230154654342	Lee_2022_family	Spencer_2021	0	Netherlands	United_States	0	Europe	North_America	0	mixed_ICI_including_combination	anti_PD1_based_unspecified_mix	0	nan	0.1319587628865979	4.007333185232471	4.574710978503383	2.056853303314237	0.710936693632596	0.6077592582922652	0.059407540585743816
S2_BCN12_AS_NR	random_forest	Lee_PRIMM_UK	Frankel_US	54	39	33	21	24	15	500	1.0701941407104337e-07	"{""max_features"": ""sqrt"", ""min_samples_leaf"": 5}"	0.5555555555555556	0.3652083333333333	0.7333333333333334	500	0.6944332949262699	0.2531029089397847	0.5208333333333333	0.375	0.6666666666666666	0.6990982890048104	Lee_2022_family	Frankel_2017	0	United_Kingdom	United_States	0	Europe	North_America	0	mixed_ICI_including_combination	mixed_ICI_including_combination	1	nan	0.004273504273504258	3.9889840465642745	3.6635616461296463	1.822480321344653	0.5029369678988839	0.44529863877920617	0.06176134271372367
S2_BCN12_AS_NR	random_forest	Lee_PRIMM_UK	Gopalakrishnan_US	54	25	33	21	14	11	500	1.0701941407104337e-07	"{""max_features"": ""sqrt"", ""min_samples_leaf"": 5}"	0.5454545454545454	0.30178571428571427	0.7402597402597403	500	0.691387775205776	0.2643040337546055	0.5714285714285714	0.14285714285714285	1.0	0.7224469586210419	Lee_2022_family	Gopalakrishnan_2018	0	United_Kingdom	United_States	0	Europe	North_America	0	mixed_ICI_including_combination	anti_PD1_only	0	0.53	0.05111111111111111	3.9889840465642745	3.2188758248682006	2.0629884886791996	0.7029774214674973	0.5924470851118022	0.07848122952884858
S2_BCN12_AS_NR	random_forest	Lee_PRIMM_UK	Lee_Barcelona	54	12	33	21	5	7	500	1.0701941407104337e-07	"{""max_features"": ""sqrt"", ""min_samples_leaf"": 5}"	0.2571428571428572	0.0	0.6	500	0.356060606060606	0.2808989096844901	0.41428571428571426	0.4	0.42857142857142855	0.7560877008252972	Lee_2022_family	Lee_2022_family	1	United_Kingdom	Spain	0	Europe	Europe	1	mixed_ICI_including_combination	mixed_ICI_including_combination	1	nan	0.19444444444444448	3.9889840465642745	2.4849066497880004	2.1906652798974484	0.6864949908918968	0.594816419606938	0.07321323591164862
S2_BCN12_AS_NR	random_forest	Lee_PRIMM_UK	Lee_Leeds	54	18	33	21	10	8	500	1.0701941407104337e-07	"{""max_features"": ""sqrt"", ""min_samples_leaf"": 5}"	0.46249999999999997	0.17500000000000002	0.7315624999999998	500	0.6321260683760684	0.2574750207839456	0.4125	0.7	0.125	0.7072189998106609	Lee_2022_family	Lee_2022_family	1	United_Kingdom	United_Kingdom	1	Europe	Europe	1	mixed_ICI_including_combination	mixed_ICI_including_combination	1	nan	0.05555555555555558	3.9889840465642745	2.8903717578961645	1.4223043524177503	0.4473893542658809	0.4113155539569585	0.05030654237003443
S2_BCN12_AS_NR	random_forest	Lee_PRIMM_UK	Lee_Manchester	54	25	33	21	12	13	500	1.0701941407104337e-07	"{""max_features"": ""sqrt"", ""min_samples_leaf"": 5}"	0.4871794871794871	0.25945512820512817	0.7405448717948716	500	0.4653443212224677	0.28033645392532636	0.5641025641025641	0.6666666666666666	0.46153846153846156	0.7673848415453247	Lee_2022_family	Lee_2022_family	1	United_Kingdom	United_Kingdom	1	Europe	Europe	1	mixed_ICI_including_combination	mixed_ICI_including_combination	1	nan	0.13111111111111118	3.9889840465642745	3.2188758248682006	0.9138188960887204	0.3284935922301878	0.31756491921131447	0.036730326698580666
S2_BCN12_AS_NR	random_forest	Lee_PRIMM_UK	Lee_PRIMM_NL	54	55	33	21	33	22	500	1.0701941407104337e-07	"{""max_features"": ""sqrt"", ""min_samples_leaf"": 5}"	0.5702479338842975	0.43040633608815426	0.731404958677686	500	0.6815843263102404	0.24133954220822318	0.5075757575757576	0.6060606060606061	0.4090909090909091	0.6751413075139664	Lee_2022_family	Lee_2022_family	1	United_Kingdom	Netherlands	0	Europe	Europe	1	mixed_ICI_including_combination	mixed_ICI_including_combination	1	0.31000000000000005	0.011111111111111183	3.9889840465642745	4.007333185232471	0.979761610673823	0.2947752855170625	0.3098038865253837	0.039137100406941676
S2_BCN12_AS_NR	random_forest	Lee_PRIMM_UK	Matson_US	54	38	33	21	14	24	500	1.0701941407104337e-07	"{""max_features"": ""sqrt"", ""min_samples_leaf"": 5}"	0.4255952380952381	0.20833333333333331	0.6444196428571428	500	0.5032200008556815	0.24216492386777322	0.6071428571428571	0.21428571428571427	1.0	0.6793689640817414	Lee_2022_family	Matson_2018	0	United_Kingdom	United_States	0	Europe	North_America	0	mixed_ICI_including_combination	anti_PD1_only	0	0.53	0.24269005847953223	3.9889840465642745	3.6375861597263857	1.8534931918759978	0.6124204863537068	0.5259206807769226	0.06252182484429769
S2_BCN12_AS_NR	random_forest	Lee_PRIMM_UK	Spencer_US	54	97	33	21	71	26	500	1.0701941407104337e-07	"{""max_features"": ""sqrt"", ""min_samples_leaf"": 5}"	0.5319609967497291	0.4016386782231853	0.6625135427952329	500	0.7618407015764647	0.28775652974934723	0.5249187432286024	0.1267605633802817	0.9230769230769231	0.7701936589043331	Lee_2022_family	Spencer_2021	0	United_Kingdom	United_States	0	Europe	North_America	0	mixed_ICI_including_combination	anti_PD1_based_unspecified_mix	0	nan	0.12084765177548673	3.9889840465642745	4.574710978503383	1.8951555363130812	0.6409902283621296	0.5444864834515294	0.06305335421682991
S2_BCN12_AS_NR	random_forest	Matson_US	Frankel_US	38	39	14	24	24	15	432	1.0642079206855303e-07	"{""max_features"": ""sqrt"", ""min_samples_leaf"": 5}"	0.5027777777777778	0.3277777777777778	0.6944444444444445	500	0.6519124535812371	0.2946892800539747	0.49583333333333335	0.125	0.8666666666666667	0.7893029932913963	Matson_2018	Frankel_2017	0	United_States	United_States	1	North_America	North_America	1	anti_PD1_only	mixed_ICI_including_combination	0	nan	0.2469635627530365	3.6375861597263857	3.6635616461296463	1.0679491869084694	0.4539916266983753	0.38945877784631266	0.04694336574035822
S2_BCN12_AS_NR	random_forest	Matson_US	Gopalakrishnan_US	38	25	14	24	14	11	432	1.0642079206855303e-07	"{""max_features"": ""sqrt"", ""min_samples_leaf"": 5}"	0.5194805194805194	0.26623376623376627	0.743668831168831	500	0.5675774855396705	0.26119284552562005	0.43506493506493504	0.14285714285714285	0.7272727272727273	0.7156301814532902	Matson_2018	Gopalakrishnan_2018	0	United_States	United_States	1	North_America	North_America	1	anti_PD1_only	anti_PD1_only	1	0.0	0.19157894736842113	3.6375861597263857	3.2188758248682006	1.1378781135158458	0.32940473391192715	0.35644838628752057	0.0470108604845447
S2_BCN12_AS_NR	random_forest	Matson_US	Lee_Barcelona	38	12	14	24	5	7	432	1.0642079206855303e-07	"{""max_features"": ""sqrt"", ""min_samples_leaf"": 5}"	0.22857142857142856	0.0	0.5714285714285714	500	0.33769841269841266	0.29706143722675765	0.2857142857142857	0.0	0.5714285714285714	0.7892476328449404	Matson_2018	Lee_2022_family	0	United_States	Spain	0	North_America	Europe	0	anti_PD1_only	mixed_ICI_including_combination	0	nan	0.04824561403508776	3.6375861597263857	2.4849066497880004	1.9036925455120652	0.5117333886100498	0.4641582272842964	0.07052750924931375
S2_BCN12_AS_NR	random_forest	Matson_US	Lee_Leeds	38	18	14	24	10	8	432	1.0642079206855303e-07	"{""max_features"": ""sqrt"", ""min_samples_leaf"": 5}"	0.43749999999999994	0.15000000000000002	0.7125	500	0.627396761734997	0.2757801208029301	0.3375	0.3	0.375	0.7464019941188174	Matson_2018	Lee_2022_family	0	United_States	United_Kingdom	0	North_America	Europe	0	anti_PD1_only	mixed_ICI_including_combination	0	nan	0.18713450292397665	3.6375861597263857	2.8903717578961645	1.9771596498918715	0.5811823747640369	0.49020061089929295	0.07011311347150946
S2_BCN12_AS_NR	random_forest	Matson_US	Lee_Manchester	38	25	14	24	12	13	432	1.0642079206855303e-07	"{""max_features"": ""sqrt"", ""min_samples_leaf"": 5}"	0.5256410256410255	0.28846153846153844	0.7564102564102564	500	0.5438176936632314	0.25252266602268636	0.5128205128205128	0.3333333333333333	0.6923076923076923	0.6990484017569899	Matson_2018	Lee_2022_family	0	United_States	United_Kingdom	0	North_America	Europe	0	anti_PD1_only	mixed_ICI_including_combination	0	nan	0.11157894736842106	3.6375861597263857	3.2188758248682006	2.0526455035056514	0.652012344550797	0.5576993360744268	0.06928177586824205
S2_BCN12_AS_NR	random_forest	Matson_US	Lee_PRIMM_NL	38	55	14	24	33	22	432	1.0642079206855303e-07	"{""max_features"": ""sqrt"", ""min_samples_leaf"": 5}"	0.4421487603305786	0.290564738292011	0.6081611570247933	500	0.5548449970588667	0.2706747547565244	0.4696969696969697	0.30303030303030304	0.6363636363636364	0.735128579358018	Matson_2018	Lee_2022_family	0	United_States	Netherlands	0	North_America	Europe	0	anti_PD1_only	mixed_ICI_including_combination	0	0.22	0.23157894736842105	3.6375861597263857	4.007333185232471	2.151580063750936	0.7076207020813287	0.5984839380121251	0.06549751000878819
S2_BCN12_AS_NR	random_forest	Matson_US	Lee_PRIMM_UK	38	54	14	24	33	21	432	1.0642079206855303e-07	"{""max_features"": ""sqrt"", ""min_samples_leaf"": 5}"	0.5367965367965368	0.3708513708513709	0.6898268398268399	500	0.6318985102529022	0.27857629531321415	0.49783549783549785	0.09090909090909091	0.9047619047619048	0.7517427051619064	Matson_2018	Lee_2022_family	0	United_States	United_Kingdom	0	North_America	Europe	0	anti_PD1_only	mixed_ICI_including_combination	0	0.53	0.24269005847953223	3.6375861597263857	3.9889840465642745	1.8534931918759978	0.6124204863537068	0.5259206807769226	0.06252182484429769
S2_BCN12_AS_NR	random_forest	Matson_US	Spencer_US	38	97	14	24	71	26	432	1.0642079206855303e-07	"{""max_features"": ""sqrt"", ""min_samples_leaf"": 5}"	0.45070422535211263	0.3283992416034669	0.5945422535211268	500	0.6915237424405926	0.296704162097308	0.4761646803900325	0.18309859154929578	0.7692307692307693	0.7899242791185056	Matson_2018	Spencer_2021	0	United_States	United_States	1	North_America	North_America	1	anti_PD1_only	anti_PD1_based_unspecified_mix	0	nan	0.36353771025501896	3.6375861597263857	4.574710978503383	1.085571598218901	0.2896984855829794	0.3022554757028195	0.03619677568983824
S2_BCN12_AS_NR	random_forest	Spencer_US	Frankel_US	97	39	71	26	24	15	326	5.144767586148716e-07	"{""max_features"": ""sqrt"", ""min_samples_leaf"": 5}"	0.5472222222222223	0.33187500000000003	0.7472222222222222	500	0.6340095192889142	0.23816203994923357	0.5125000000000001	0.9583333333333334	0.06666666666666667	0.6712874524281075	Spencer_2021	Frankel_2017	0	United_States	United_States	1	North_America	North_America	1	anti_PD1_based_unspecified_mix	mixed_ICI_including_combination	0	nan	0.11657414750198247	4.574710978503383	3.6635616461296463	1.37106100772541	0.4428438885729916	0.3915311991633044	0.059063371581780995
S2_BCN12_AS_NR	random_forest	Spencer_US	Gopalakrishnan_US	97	25	71	26	14	11	326	5.144767586148716e-07	"{""max_features"": ""sqrt"", ""min_samples_leaf"": 5}"	0.6103896103896104	0.3831168831168831	0.8345779220779219	500	0.6468132873318633	0.24487731460524403	0.5909090909090909	1.0	0.18181818181818182	0.6882089191759395	Spencer_2021	Gopalakrishnan_2018	0	United_States	United_States	1	North_America	North_America	1	anti_PD1_based_unspecified_mix	anti_PD1_only	0	nan	0.17195876288659784	4.574710978503383	3.2188758248682006	0.8663222398807107	0.3242323634033718	0.32656385568073787	0.033931879280921985
S2_BCN12_AS_NR	random_forest	Spencer_US	Lee_Barcelona	97	12	71	26	5	7	326	5.144767586148716e-07	"{""max_features"": ""sqrt"", ""min_samples_leaf"": 5}"	0.8	0.48571428571428577	1.0	500	0.7295238095238095	0.26690335955341976	0.5	1.0	0.0	0.7283592112159325	Spencer_2021	Lee_2022_family	0	United_States	Spain	0	North_America	Europe	0	anti_PD1_based_unspecified_mix	mixed_ICI_including_combination	0	nan	0.3152920962199312	4.574710978503383	2.4849066497880004	1.391846202645219	0.4289819163420409	0.40151921943678875	0.059569784385690126
S2_BCN12_AS_NR	random_forest	Spencer_US	Lee_Leeds	97	18	71	26	10	8	326	5.144767586148716e-07	"{""max_features"": ""sqrt"", ""min_samples_leaf"": 5}"	0.5375000000000001	0.25593750000000004	0.7875	500	0.6170436507936508	0.2471000344902968	0.4625	0.8	0.125	0.6875393750624226	Spencer_2021	Lee_2022_family	0	United_States	United_Kingdom	0	North_America	Europe	0	anti_PD1_based_unspecified_mix	mixed_ICI_including_combination	0	nan	0.1764032073310423	4.574710978503383	2.8903717578961645	1.8343999907642503	0.5462421632104126	0.47054562970191266	0.0711516832773583
S2_BCN12_AS_NR	random_forest	Spencer_US	Lee_Manchester	97	25	71	26	12	13	326	5.144767586148716e-07	"{""max_features"": ""sqrt"", ""min_samples_leaf"": 5}"	0.32692307692307687	0.13124999999999998	0.5674679487179486	500	0.4079927779192485	0.29440905368427556	0.4583333333333333	0.9166666666666666	0.0	0.793669187547433	Spencer_2021	Lee_2022_family	0	United_States	United_Kingdom	0	North_America	Europe	0	anti_PD1_based_unspecified_mix	mixed_ICI_including_combination	0	nan	0.2519587628865979	4.574710978503383	3.2188758248682006	1.9981247694722843	0.6634308562491238	0.5626092193735298	0.06764326624120438
S2_BCN12_AS_NR	random_forest	Spencer_US	Lee_PRIMM_NL	97	55	71	26	33	22	326	5.144767586148716e-07	"{""max_features"": ""sqrt"", ""min_samples_leaf"": 5}"	0.5895316804407713	0.42765151515151517	0.7363292011019283	500	0.6773328179776268	0.23547793362788458	0.5378787878787878	0.8484848484848485	0.22727272727272727	0.6632210990856541	Spencer_2021	Lee_2022_family	0	United_States	Netherlands	0	North_America	Europe	0	anti_PD1_based_unspecified_mix	mixed_ICI_including_combination	0	nan	0.1319587628865979	4.574710978503383	4.007333185232471	2.056853303314237	0.710936693632596	0.6077592582922652	0.059407540585743816
S2_BCN12_AS_NR	random_forest	Spencer_US	Lee_PRIMM_UK	97	54	71	26	33	21	326	5.144767586148716e-07	"{""max_features"": ""sqrt"", ""min_samples_leaf"": 5}"	0.5122655122655122	0.3520923520923521	0.6796536796536796	500	0.6344211996148503	0.23838454000473705	0.5562770562770563	0.9696969696969697	0.14285714285714285	0.6709729719024673	Spencer_2021	Lee_2022_family	0	United_States	United_Kingdom	0	North_America	Europe	0	anti_PD1_based_unspecified_mix	mixed_ICI_including_combination	0	nan	0.12084765177548673	4.574710978503383	3.9889840465642745	1.8951555363130812	0.6409902283621296	0.5444864834515294	0.06305335421682991
S2_BCN12_AS_NR	random_forest	Spencer_US	Matson_US	97	38	71	26	14	24	326	5.144767586148716e-07	"{""max_features"": ""sqrt"", ""min_samples_leaf"": 5}"	0.49702380952380953	0.3079613095238095	0.678720238095238	500	0.4190617857134693	0.31064074793605123	0.4851190476190476	0.9285714285714286	0.041666666666666664	0.8243438033192652	Spencer_2021	Matson_2018	0	United_States	United_States	1	North_America	North_America	1	anti_PD1_based_unspecified_mix	anti_PD1_only	0	nan	0.36353771025501896	4.574710978503383	3.6375861597263857	1.085571598218901	0.2896984855829794	0.3022554757028195	0.03619677568983824
S3_EXCLUDE_LEE_SITES	elastic_net	Frankel_US	Gopalakrishnan_US	39	25	24	15	14	11	500	1.6488298996136508e-07	"{""C"": 0.2, ""l1_ratio"": 0.75}"	0.6298701298701298	0.40259740259740256	0.8605519480519479	500	0.6981695891085733	0.2399866850082125	0.6396103896103896	0.6428571428571429	0.6363636363636364	0.6728792854254267	Frankel_2017	Gopalakrishnan_2018	0	United_States	United_States	1	North_America	North_America	1	mixed_ICI_including_combination	anti_PD1_only	0	nan	0.055384615384615365	3.6635616461296463	3.2188758248682006	1.4601102198390727	0.5138555257100887	0.457773044074274	0.0727642304785162
S3_EXCLUDE_LEE_SITES	elastic_net	Frankel_US	Lee_Leeds	39	18	24	15	10	8	500	1.6488298996136508e-07	"{""C"": 0.2, ""l1_ratio"": 0.75}"	0.16249999999999998	0.0125	0.3815624999999997	500	0.41575863678804853	0.35612720629498384	0.275	0.3	0.25	0.9290619201755046	Frankel_2017	Lee_2022_family	0	United_States	United_Kingdom	0	North_America	Europe	0	mixed_ICI_including_combination	mixed_ICI_including_combination	1	nan	0.05982905982905984	3.6635616461296463	2.8903717578961645	2.0000659164923533	0.43330674562958954	0.39824176658373817	0.06973855069093164
S3_EXCLUDE_LEE_SITES	elastic_net	Frankel_US	Lee_PRIMM_NL	39	55	24	15	33	22	500	1.6488298996136508e-07	"{""C"": 0.2, ""l1_ratio"": 0.75}"	0.5358126721763086	0.36356749311294767	0.693560606060606	500	0.6043576639476652	0.30606800995947175	0.48484848484848486	0.24242424242424243	0.7272727272727273	0.8177831602980253	Frankel_2017	Lee_2022_family	0	United_States	Netherlands	0	North_America	Europe	0	mixed_ICI_including_combination	mixed_ICI_including_combination	1	nan	0.015384615384615441	3.6635616461296463	4.007333185232471	2.1537283003203482	0.5362672870971259	0.49418965792965314	0.07240103811532383
S3_EXCLUDE_LEE_SITES	elastic_net	Frankel_US	Lee_PRIMM_UK	39	54	24	15	33	21	500	1.6488298996136508e-07	"{""C"": 0.2, ""l1_ratio"": 0.75}"	0.48629148629148633	0.32391774891774894	0.665981240981241	500	0.588578733022345	0.32047962759751236	0.46320346320346323	0.21212121212121213	0.7142857142857143	0.8513507163197152	Frankel_2017	Lee_2022_family	0	United_States	United_Kingdom	0	North_America	Europe	0	mixed_ICI_including_combination	mixed_ICI_including_combination	1	nan	0.004273504273504258	3.6635616461296463	3.9889840465642745	1.822480321344653	0.5029369678988839	0.44529863877920617	0.06176134271372367
S3_EXCLUDE_LEE_SITES	elastic_net	Frankel_US	Matson_US	39	38	24	15	14	24	500	1.6488298996136508e-07	"{""C"": 0.2, ""l1_ratio"": 0.75}"	0.3630952380952381	0.17998511904761905	0.5507440476190475	500	0.36601480492103344	0.314414325403157	0.4017857142857143	0.42857142857142855	0.375	0.8411780666259393	Frankel_2017	Matson_2018	0	United_States	United_States	1	North_America	North_America	1	mixed_ICI_including_combination	anti_PD1_only	0	nan	0.2469635627530365	3.6635616461296463	3.6375861597263857	1.0679491869084694	0.4539916266983753	0.38945877784631266	0.04694336574035822
S3_EXCLUDE_LEE_SITES	elastic_net	Frankel_US	Spencer_US	39	97	24	15	71	26	500	1.6488298996136508e-07	"{""C"": 0.2, ""l1_ratio"": 0.75}"	0.5314192849404117	0.4021533044420368	0.6557827735644638	500	0.7586992737371958	0.26689321875386296	0.5419826652221018	0.5070422535211268	0.5769230769230769	0.7321504353557013	Frankel_2017	Spencer_2021	0	United_States	United_States	1	North_America	North_America	1	mixed_ICI_including_combination	anti_PD1_based_unspecified_mix	0	nan	0.11657414750198247	3.6635616461296463	4.574710978503383	1.37106100772541	0.4428438885729916	0.3915311991633044	0.059063371581780995
S3_EXCLUDE_LEE_SITES	elastic_net	Gopalakrishnan_US	Frankel_US	25	39	14	11	24	15	386	2.5004030649745586e-07	"{""C"": 0.2, ""l1_ratio"": 0.75}"	0.46944444444444444	0.27631944444444445	0.6416666666666666	500	0.5856272773896165	0.28269322462896446	0.425	0.25	0.6	0.7620530506181674	Gopalakrishnan_2018	Frankel_2017	0	United_States	United_States	1	North_America	North_America	1	anti_PD1_only	mixed_ICI_including_combination	0	nan	0.055384615384615365	3.2188758248682006	3.6635616461296463	1.4601102198390727	0.5138555257100887	0.457773044074274	0.0727642304785162
S3_EXCLUDE_LEE_SITES	elastic_net	Gopalakrishnan_US	Lee_Leeds	25	18	14	11	10	8	386	2.5004030649745586e-07	"{""C"": 0.2, ""l1_ratio"": 0.75}"	0.35	0.11843750000000003	0.6440624999999996	500	0.5056395891690009	0.2894645082464893	0.3	0.6	0.0	0.7752737825965623	Gopalakrishnan_2018	Lee_2022_family	0	United_States	United_Kingdom	0	North_America	Europe	0	anti_PD1_only	mixed_ICI_including_combination	0	nan	0.004444444444444473	3.2188758248682006	2.8903717578961645	2.0440113218725884	0.6134426055677813	0.5216269539720565	0.08646107331821616
S3_EXCLUDE_LEE_SITES	elastic_net	Gopalakrishnan_US	Lee_PRIMM_NL	25	55	14	11	33	22	386	2.5004030649745586e-07	"{""C"": 0.2, ""l1_ratio"": 0.75}"	0.7052341597796143	0.5612603305785123	0.837465564738292	500	0.8060267563275859	0.22756270143456983	0.5984848484848485	0.8787878787878788	0.3181818181818182	0.6476311995991456	Gopalakrishnan_2018	Lee_2022_family	0	United_States	Netherlands	0	North_America	Europe	0	anti_PD1_only	mixed_ICI_including_combination	0	0.22	0.039999999999999925	3.2188758248682006	4.007333185232471	2.1884513111812445	0.7745689314443972	0.6511689475893659	0.07338528138528139
S3_EXCLUDE_LEE_SITES	elastic_net	Gopalakrishnan_US	Lee_PRIMM_UK	25	54	14	11	33	21	386	2.5004030649745586e-07	"{""C"": 0.2, ""l1_ratio"": 0.75}"	0.6002886002886003	0.4509018759018759	0.7641053391053392	500	0.7009418929881545	0.23310601881700757	0.577922077922078	0.7272727272727273	0.42857142857142855	0.6584046201996189	Gopalakrishnan_2018	Lee_2022_family	0	United_States	United_Kingdom	0	North_America	Europe	0	anti_PD1_only	mixed_ICI_including_combination	0	0.53	0.05111111111111111	3.2188758248682006	3.9889840465642745	2.0629884886791996	0.7029774214674973	0.5924470851118022	0.07848122952884858
S3_EXCLUDE_LEE_SITES	elastic_net	Gopalakrishnan_US	Matson_US	25	38	14	11	14	24	386	2.5004030649745586e-07	"{""C"": 0.2, ""l1_ratio"": 0.75}"	0.5535714285714286	0.3660714285714286	0.75	500	0.45914012647852875	0.23667700975061087	0.5625	0.5	0.625	0.6650979982349609	Gopalakrishnan_2018	Matson_2018	0	United_States	United_States	1	North_America	North_America	1	anti_PD1_only	anti_PD1_only	1	0.0	0.19157894736842113	3.2188758248682006	3.6375861597263857	1.1378781135158458	0.32940473391192715	0.35644838628752057	0.0470108604845447
S3_EXCLUDE_LEE_SITES	elastic_net	Gopalakrishnan_US	Spencer_US	25	97	14	11	71	26	386	2.5004030649745586e-07	"{""C"": 0.2, ""l1_ratio"": 0.75}"	0.47778981581798485	0.3376895991332611	0.6170368364030336	500	0.7200711402675506	0.271743894481572	0.4926868905742145	0.4084507042253521	0.5769230769230769	0.7382583621423592	Gopalakrishnan_2018	Spencer_2021	0	United_States	United_States	1	North_America	North_America	1	anti_PD1_only	anti_PD1_based_unspecified_mix	0	nan	0.17195876288659784	3.2188758248682006	4.574710978503383	0.8663222398807107	0.3242323634033718	0.32656385568073787	0.033931879280921985
S3_EXCLUDE_LEE_SITES	elastic_net	Lee_Leeds	Frankel_US	18	39	10	8	24	15	500	1.0661815682701918e-07	"{""C"": 0.2, ""l1_ratio"": 0.75}"	0.38055555555555554	0.21111111111111108	0.5722222222222222	500	0.5362602682750525	0.2650251033354559	0.44166666666666665	0.75	0.13333333333333333	0.7254290411987547	Lee_2022_family	Frankel_2017	0	United_Kingdom	United_States	0	Europe	North_America	0	mixed_ICI_including_combination	mixed_ICI_including_combination	1	nan	0.05982905982905984	2.8903717578961645	3.6635616461296463	2.0000659164923533	0.43330674562958954	0.39824176658373817	0.06973855069093164
S3_EXCLUDE_LEE_SITES	elastic_net	Lee_Leeds	Gopalakrishnan_US	18	25	10	8	14	11	500	1.0661815682701918e-07	"{""C"": 0.2, ""l1_ratio"": 0.75}"	0.4805194805194805	0.24025974025974026	0.6982142857142856	500	0.625925380457667	0.2630701166655027	0.41233766233766234	0.6428571428571429	0.18181818181818182	0.7197535171016531	Lee_2022_family	Gopalakrishnan_2018	0	United_Kingdom	United_States	0	Europe	North_America	0	mixed_ICI_including_combination	anti_PD1_only	0	nan	0.004444444444444473	2.8903717578961645	3.2188758248682006	2.0440113218725884	0.6134426055677813	0.5216269539720565	0.08646107331821616
S3_EXCLUDE_LEE_SITES	elastic_net	Lee_Leeds	Lee_PRIMM_NL	18	55	10	8	33	22	500	1.0661815682701918e-07	"{""C"": 0.2, ""l1_ratio"": 0.75}"	0.4476584022038567	0.2796143250688705	0.6166322314049585	500	0.614761952939372	0.2532935187245719	0.44696969696969696	0.6666666666666666	0.22727272727272727	0.7001027339988872	Lee_2022_family	Lee_2022_family	1	United_Kingdom	Netherlands	0	Europe	Europe	1	mixed_ICI_including_combination	mixed_ICI_including_combination	1	nan	0.0444444444444444	2.8903717578961645	4.007333185232471	1.5566246650097413	0.4778931549680615	0.43468033313280113	0.058371927895737426
S3_EXCLUDE_LEE_SITES	elastic_net	Lee_Leeds	Lee_PRIMM_UK	18	54	10	8	33	21	500	1.0661815682701918e-07	"{""C"": 0.2, ""l1_ratio"": 0.75}"	0.5281385281385281	0.37586580086580085	0.6847402597402598	500	0.6550843908618426	0.24528013447895494	0.5367965367965368	0.7878787878787878	0.2857142857142857	0.6838542465222821	Lee_2022_family	Lee_2022_family	1	United_Kingdom	United_Kingdom	1	Europe	Europe	1	mixed_ICI_including_combination	mixed_ICI_including_combination	1	nan	0.05555555555555558	2.8903717578961645	3.9889840465642745	1.4223043524177503	0.4473893542658809	0.4113155539569585	0.05030654237003443
S3_EXCLUDE_LEE_SITES	elastic_net	Lee_Leeds	Matson_US	18	38	10	8	14	24	500	1.0661815682701918e-07	"{""C"": 0.2, ""l1_ratio"": 0.75}"	0.34523809523809523	0.19345238095238093	0.5253720238095237	500	0.2969085779915614	0.28613138514486647	0.43154761904761907	0.5714285714285714	0.2916666666666667	0.7684043595829376	Lee_2022_family	Matson_2018	0	United_Kingdom	United_States	0	Europe	North_America	0	mixed_ICI_including_combination	anti_PD1_only	0	nan	0.18713450292397665	2.8903717578961645	3.6375861597263857	1.9771596498918715	0.5811823747640369	0.49020061089929295	0.07011311347150946
S3_EXCLUDE_LEE_SITES	elastic_net	Lee_Leeds	Spencer_US	18	97	10	8	71	26	500	1.0661815682701918e-07	"{""C"": 0.2, ""l1_ratio"": 0.75}"	0.4756229685807151	0.34689869989165767	0.5967632719393282	500	0.7140041738463052	0.2392343497513317	0.507854821235103	0.7464788732394366	0.2692307692307692	0.6714565506760825	Lee_2022_family	Spencer_2021	0	United_Kingdom	United_States	0	Europe	North_America	0	mixed_ICI_including_combination	anti_PD1_based_unspecified_mix	0	nan	0.1764032073310423	2.8903717578961645	4.574710978503383	1.8343999907642503	0.5462421632104126	0.47054562970191266	0.0711516832773583
S3_EXCLUDE_LEE_SITES	elastic_net	Lee_PRIMM_NL	Frankel_US	55	39	33	22	24	15	462	2.1269490829764473e-07	"{""C"": 0.2, ""l1_ratio"": 0.75}"	0.4611111111111111	0.2790972222222222	0.6611111111111111	500	0.5781178588781287	0.32883968881991865	0.5	0.3333333333333333	0.6666666666666666	0.8947499483237045	Lee_2022_family	Frankel_2017	0	Netherlands	United_States	0	Europe	North_America	0	mixed_ICI_including_combination	mixed_ICI_including_combination	1	nan	0.015384615384615441	4.007333185232471	3.6635616461296463	2.1537283003203482	0.5362672870971259	0.49418965792965314	0.07240103811532383
S3_EXCLUDE_LEE_SITES	elastic_net	Lee_PRIMM_NL	Gopalakrishnan_US	55	25	33	22	14	11	462	2.1269490829764473e-07	"{""C"": 0.2, ""l1_ratio"": 0.75}"	0.44805194805194803	0.21396103896103896	0.6883116883116883	500	0.6166875459011009	0.30523098778226804	0.4253246753246753	0.21428571428571427	0.6363636363636364	0.8319386428807474	Lee_2022_family	Gopalakrishnan_2018	0	Netherlands	United_States	0	Europe	North_America	0	mixed_ICI_including_combination	anti_PD1_only	0	0.22	0.039999999999999925	4.007333185232471	3.2188758248682006	2.1884513111812445	0.7745689314443972	0.6511689475893659	0.07338528138528139
S3_EXCLUDE_LEE_SITES	elastic_net	Lee_PRIMM_NL	Lee_Leeds	55	18	33	22	10	8	462	2.1269490829764473e-07	"{""C"": 0.2, ""l1_ratio"": 0.75}"	0.4875	0.2	0.7500000000000001	500	0.5864981750275868	0.28697617860569535	0.55	0.6	0.5	0.7852142660274125	Lee_2022_family	Lee_2022_family	1	Netherlands	United_Kingdom	0	Europe	Europe	1	mixed_ICI_including_combination	mixed_ICI_including_combination	1	nan	0.0444444444444444	4.007333185232471	2.8903717578961645	1.5566246650097413	0.4778931549680615	0.43468033313280113	0.058371927895737426
S3_EXCLUDE_LEE_SITES	elastic_net	Lee_PRIMM_NL	Lee_PRIMM_UK	55	54	33	22	33	21	462	2.1269490829764473e-07	"{""C"": 0.2, ""l1_ratio"": 0.75}"	0.5714285714285715	0.38733766233766237	0.7164862914862916	500	0.7072159502282525	0.2499558523386426	0.5021645021645021	0.5757575757575758	0.42857142857142855	0.6947489069532843	Lee_2022_family	Lee_2022_family	1	Netherlands	United_Kingdom	0	Europe	Europe	1	mixed_ICI_including_combination	mixed_ICI_including_combination	1	0.31000000000000005	0.011111111111111183	4.007333185232471	3.9889840465642745	0.979761610673823	0.2947752855170625	0.3098038865253837	0.039137100406941676
S3_EXCLUDE_LEE_SITES	elastic_net	Lee_PRIMM_NL	Matson_US	55	38	33	22	14	24	462	2.1269490829764473e-07	"{""C"": 0.2, ""l1_ratio"": 0.75}"	0.5595238095238095	0.369047619047619	0.739657738095238	500	0.41539797487577684	0.24502093542397463	0.5386904761904762	0.2857142857142857	0.7916666666666666	0.688220968814536	Lee_2022_family	Matson_2018	0	Netherlands	United_States	0	Europe	North_America	0	mixed_ICI_including_combination	anti_PD1_only	0	0.22	0.23157894736842105	4.007333185232471	3.6375861597263857	2.151580063750936	0.7076207020813287	0.5984839380121251	0.06549751000878819
S3_EXCLUDE_LEE_SITES	elastic_net	Lee_PRIMM_NL	Spencer_US	55	97	33	22	71	26	462	2.1269490829764473e-07	"{""C"": 0.2, ""l1_ratio"": 0.75}"	0.5140845070422535	0.3929712892741062	0.6341143011917659	500	0.7673443291649764	0.33628203656827443	0.5530877573131094	0.18309859154929578	0.9230769230769231	0.8857908949701127	Lee_2022_family	Spencer_2021	0	Netherlands	United_States	0	Europe	North_America	0	mixed_ICI_including_combination	anti_PD1_based_unspecified_mix	0	nan	0.1319587628865979	4.007333185232471	4.574710978503383	2.056853303314237	0.710936693632596	0.6077592582922652	0.059407540585743816
S3_EXCLUDE_LEE_SITES	elastic_net	Lee_PRIMM_UK	Frankel_US	54	39	33	21	24	15	500	1.0701941407104337e-07	"{""C"": 0.2, ""l1_ratio"": 0.75}"	0.41388888888888886	0.22354166666666667	0.6097916666666666	500	0.5540701911274335	0.3712170362974133	0.4458333333333333	0.2916666666666667	0.6	1.0022175366427497	Lee_2022_family	Frankel_2017	0	United_Kingdom	United_States	0	Europe	North_America	0	mixed_ICI_including_combination	mixed_ICI_including_combination	1	nan	0.004273504273504258	3.9889840465642745	3.6635616461296463	1.822480321344653	0.5029369678988839	0.44529863877920617	0.06176134271372367
S3_EXCLUDE_LEE_SITES	elastic_net	Lee_PRIMM_UK	Gopalakrishnan_US	54	25	33	21	14	11	500	1.0701941407104337e-07	"{""C"": 0.2, ""l1_ratio"": 0.75}"	0.6168831168831168	0.38961038961038963	0.8345779220779219	500	0.6729590087783365	0.3036536802530889	0.5162337662337663	0.21428571428571427	0.8181818181818182	0.8339428550021887	Lee_2022_family	Gopalakrishnan_2018	0	United_Kingdom	United_States	0	Europe	North_America	0	mixed_ICI_including_combination	anti_PD1_only	0	0.53	0.05111111111111111	3.9889840465642745	3.2188758248682006	2.0629884886791996	0.7029774214674973	0.5924470851118022	0.07848122952884858
S3_EXCLUDE_LEE_SITES	elastic_net	Lee_PRIMM_UK	Lee_Leeds	54	18	33	21	10	8	500	1.0701941407104337e-07	"{""C"": 0.2, ""l1_ratio"": 0.75}"	0.7375	0.45	0.95	500	0.7151037851037851	0.2202986193069678	0.625	0.5	0.75	0.6306254857587458	Lee_2022_family	Lee_2022_family	1	United_Kingdom	United_Kingdom	1	Europe	Europe	1	mixed_ICI_including_combination	mixed_ICI_including_combination	1	nan	0.05555555555555558	3.9889840465642745	2.8903717578961645	1.4223043524177503	0.4473893542658809	0.4113155539569585	0.05030654237003443
S3_EXCLUDE_LEE_SITES	elastic_net	Lee_PRIMM_UK	Lee_PRIMM_NL	54	55	33	21	33	22	500	1.0701941407104337e-07	"{""C"": 0.2, ""l1_ratio"": 0.75}"	0.6584022038567493	0.5019628099173554	0.8023760330578512	500	0.7352956668486339	0.22938520866550294	0.5909090909090909	0.7272727272727273	0.45454545454545453	0.6541083560081228	Lee_2022_family	Lee_2022_family	1	United_Kingdom	Netherlands	0	Europe	Europe	1	mixed_ICI_including_combination	mixed_ICI_including_combination	1	0.31000000000000005	0.011111111111111183	3.9889840465642745	4.007333185232471	0.979761610673823	0.2947752855170625	0.3098038865253837	0.039137100406941676
S3_EXCLUDE_LEE_SITES	elastic_net	Lee_PRIMM_UK	Matson_US	54	38	33	21	14	24	500	1.0701941407104337e-07	"{""C"": 0.2, ""l1_ratio"": 0.75}"	0.5148809523809523	0.34069940476190474	0.7202380952380952	500	0.41648661067898196	0.2581980344940245	0.5327380952380952	0.35714285714285715	0.7083333333333334	0.7310922666639317	Lee_2022_family	Matson_2018	0	United_Kingdom	United_States	0	Europe	North_America	0	mixed_ICI_including_combination	anti_PD1_only	0	0.53	0.24269005847953223	3.9889840465642745	3.6375861597263857	1.8534931918759978	0.6124204863537068	0.5259206807769226	0.06252182484429769
S3_EXCLUDE_LEE_SITES	elastic_net	Lee_PRIMM_UK	Spencer_US	54	97	33	21	71	26	500	1.0701941407104337e-07	"{""C"": 0.2, ""l1_ratio"": 0.75}"	0.5465872156013001	0.4108477789815818	0.6717768147345611	500	0.7824864354303205	0.3147024674070044	0.5029794149512459	0.352112676056338	0.6538461538461539	0.8540237004029084	Lee_2022_family	Spencer_2021	0	United_Kingdom	United_States	0	Europe	North_America	0	mixed_ICI_including_combination	anti_PD1_based_unspecified_mix	0	nan	0.12084765177548673	3.9889840465642745	4.574710978503383	1.8951555363130812	0.6409902283621296	0.5444864834515294	0.06305335421682991
S3_EXCLUDE_LEE_SITES	elastic_net	Matson_US	Frankel_US	38	39	14	24	24	15	432	1.0642079206855303e-07	"{""C"": 0.2, ""l1_ratio"": 0.75}"	0.5277777777777778	0.320625	0.7181249999999999	500	0.6452162560630326	0.335246354261718	0.5041666666666667	0.20833333333333334	0.8	0.9006333893029927	Matson_2018	Frankel_2017	0	United_States	United_States	1	North_America	North_America	1	anti_PD1_only	mixed_ICI_including_combination	0	nan	0.2469635627530365	3.6375861597263857	3.6635616461296463	1.0679491869084694	0.4539916266983753	0.38945877784631266	0.04694336574035822
S3_EXCLUDE_LEE_SITES	elastic_net	Matson_US	Gopalakrishnan_US	38	25	14	24	14	11	432	1.0642079206855303e-07	"{""C"": 0.2, ""l1_ratio"": 0.75}"	0.6688311688311688	0.44155844155844154	0.8961038961038961	500	0.7065608576886773	0.2223535324903091	0.711038961038961	0.7857142857142857	0.6363636363636364	0.6340077287161737	Matson_2018	Gopalakrishnan_2018	0	United_States	United_States	1	North_America	North_America	1	anti_PD1_only	anti_PD1_only	1	0.0	0.19157894736842113	3.6375861597263857	3.2188758248682006	1.1378781135158458	0.32940473391192715	0.35644838628752057	0.0470108604845447
S3_EXCLUDE_LEE_SITES	elastic_net	Matson_US	Lee_Leeds	38	18	14	24	10	8	432	1.0642079206855303e-07	"{""C"": 0.2, ""l1_ratio"": 0.75}"	0.7375	0.45593750000000005	0.95	500	0.7906240981240981	0.2207592770565384	0.675	0.6	0.75	0.6307149915097174	Matson_2018	Lee_2022_family	0	United_States	United_Kingdom	0	North_America	Europe	0	anti_PD1_only	mixed_ICI_including_combination	0	nan	0.18713450292397665	3.6375861597263857	2.8903717578961645	1.9771596498918715	0.5811823747640369	0.49020061089929295	0.07011311347150946
S3_EXCLUDE_LEE_SITES	elastic_net	Matson_US	Lee_PRIMM_NL	38	55	14	24	33	22	432	1.0642079206855303e-07	"{""C"": 0.2, ""l1_ratio"": 0.75}"	0.36914600550964183	0.23612258953168044	0.5131198347107438	500	0.5180867368418551	0.31249885432874047	0.5075757575757576	0.5151515151515151	0.5	0.833988069193097	Matson_2018	Lee_2022_family	0	United_States	Netherlands	0	North_America	Europe	0	anti_PD1_only	mixed_ICI_including_combination	0	0.22	0.23157894736842105	3.6375861597263857	4.007333185232471	2.151580063750936	0.7076207020813287	0.5984839380121251	0.06549751000878819
S3_EXCLUDE_LEE_SITES	elastic_net	Matson_US	Lee_PRIMM_UK	38	54	14	24	33	21	432	1.0642079206855303e-07	"{""C"": 0.2, ""l1_ratio"": 0.75}"	0.49350649350649356	0.3375901875901876	0.6602092352092352	500	0.5712235801339689	0.32532670017115656	0.43073593073593075	0.24242424242424243	0.6190476190476191	0.8636618446584513	Matson_2018	Lee_2022_family	0	United_States	United_Kingdom	0	North_America	Europe	0	anti_PD1_only	mixed_ICI_including_combination	0	0.53	0.24269005847953223	3.6375861597263857	3.9889840465642745	1.8534931918759978	0.6124204863537068	0.5259206807769226	0.06252182484429769
S3_EXCLUDE_LEE_SITES	elastic_net	Matson_US	Spencer_US	38	97	14	24	71	26	432	1.0642079206855303e-07	"{""C"": 0.2, ""l1_ratio"": 0.75}"	0.47562296858071507	0.33124322860238353	0.6062026002166847	500	0.73817949517673	0.2710957903448752	0.5124593716143012	0.5633802816901409	0.46153846153846156	0.7389675540073689	Matson_2018	Spencer_2021	0	United_States	United_States	1	North_America	North_America	1	anti_PD1_only	anti_PD1_based_unspecified_mix	0	nan	0.36353771025501896	3.6375861597263857	4.574710978503383	1.085571598218901	0.2896984855829794	0.3022554757028195	0.03619677568983824
S3_EXCLUDE_LEE_SITES	elastic_net	Spencer_US	Frankel_US	97	39	71	26	24	15	326	5.144767586148716e-07	"{""C"": 0.2, ""l1_ratio"": 0.75}"	0.4444444444444444	0.25131944444444443	0.6264583333333332	500	0.6497724354704911	0.30271084265084713	0.475	0.75	0.2	0.8251584397717406	Spencer_2021	Frankel_2017	0	United_States	United_States	1	North_America	North_America	1	anti_PD1_based_unspecified_mix	mixed_ICI_including_combination	0	nan	0.11657414750198247	4.574710978503383	3.6635616461296463	1.37106100772541	0.4428438885729916	0.3915311991633044	0.059063371581780995
S3_EXCLUDE_LEE_SITES	elastic_net	Spencer_US	Gopalakrishnan_US	97	25	71	26	14	11	326	5.144767586148716e-07	"{""C"": 0.2, ""l1_ratio"": 0.75}"	0.4155844155844156	0.1849025974025974	0.6267857142857142	500	0.5647224647434731	0.3212399069463365	0.4025974025974026	0.7142857142857143	0.09090909090909091	0.8723932548630426	Spencer_2021	Gopalakrishnan_2018	0	United_States	United_States	1	North_America	North_America	1	anti_PD1_based_unspecified_mix	anti_PD1_only	0	nan	0.17195876288659784	4.574710978503383	3.2188758248682006	0.8663222398807107	0.3242323634033718	0.32656385568073787	0.033931879280921985
S3_EXCLUDE_LEE_SITES	elastic_net	Spencer_US	Lee_Leeds	97	18	71	26	10	8	326	5.144767586148716e-07	"{""C"": 0.2, ""l1_ratio"": 0.75}"	0.55	0.225	0.8125000000000001	500	0.7105863499245851	0.27460485631086656	0.5375	0.2	0.875	0.7569594184701341	Spencer_2021	Lee_2022_family	0	United_States	United_Kingdom	0	North_America	Europe	0	anti_PD1_based_unspecified_mix	mixed_ICI_including_combination	0	nan	0.1764032073310423	4.574710978503383	2.8903717578961645	1.8343999907642503	0.5462421632104126	0.47054562970191266	0.0711516832773583
S3_EXCLUDE_LEE_SITES	elastic_net	Spencer_US	Lee_PRIMM_NL	97	55	71	26	33	22	326	5.144767586148716e-07	"{""C"": 0.2, ""l1_ratio"": 0.75}"	0.5041322314049587	0.35051652892561985	0.6475206611570247	500	0.6545130167477541	0.34271847670604594	0.5303030303030303	0.24242424242424243	0.8181818181818182	0.9625345153703686	Spencer_2021	Lee_2022_family	0	United_States	Netherlands	0	North_America	Europe	0	anti_PD1_based_unspecified_mix	mixed_ICI_including_combination	0	nan	0.1319587628865979	4.574710978503383	4.007333185232471	2.056853303314237	0.710936693632596	0.6077592582922652	0.059407540585743816
S3_EXCLUDE_LEE_SITES	elastic_net	Spencer_US	Lee_PRIMM_UK	97	54	71	26	33	21	326	5.144767586148716e-07	"{""C"": 0.2, ""l1_ratio"": 0.75}"	0.4314574314574315	0.2943722943722944	0.5888167388167388	500	0.5826537913628914	0.3554461355274196	0.461038961038961	0.30303030303030304	0.6190476190476191	0.9824281493279166	Spencer_2021	Lee_2022_family	0	United_States	United_Kingdom	0	North_America	Europe	0	anti_PD1_based_unspecified_mix	mixed_ICI_including_combination	0	nan	0.12084765177548673	4.574710978503383	3.9889840465642745	1.8951555363130812	0.6409902283621296	0.5444864834515294	0.06305335421682991
S3_EXCLUDE_LEE_SITES	elastic_net	Spencer_US	Matson_US	97	38	71	26	14	24	326	5.144767586148716e-07	"{""C"": 0.2, ""l1_ratio"": 0.75}"	0.6071428571428572	0.40461309523809524	0.7888392857142856	500	0.48715862725955894	0.30773971820246804	0.5535714285714286	0.8571428571428571	0.25	0.835705797925566	Spencer_2021	Matson_2018	0	United_States	United_States	1	North_America	North_America	1	anti_PD1_based_unspecified_mix	anti_PD1_only	0	nan	0.36353771025501896	4.574710978503383	3.6375861597263857	1.085571598218901	0.2896984855829794	0.3022554757028195	0.03619677568983824
S3_EXCLUDE_LEE_SITES	ridge	Frankel_US	Gopalakrishnan_US	39	25	24	15	14	11	500	1.6488298996136508e-07	"{""C"": 0.5}"	0.512987012987013	0.26931818181818185	0.756655844155844	500	0.5587723725853977	0.2712804805436165	0.6006493506493507	0.9285714285714286	0.2727272727272727	0.8131906403451018	Frankel_2017	Gopalakrishnan_2018	0	United_States	United_States	1	North_America	North_America	1	mixed_ICI_including_combination	anti_PD1_only	0	nan	0.055384615384615365	3.6635616461296463	3.2188758248682006	1.4601102198390727	0.5138555257100887	0.457773044074274	0.0727642304785162
S3_EXCLUDE_LEE_SITES	ridge	Frankel_US	Lee_Leeds	39	18	24	15	10	8	500	1.6488298996136508e-07	"{""C"": 0.5}"	0.22500000000000003	0.037500000000000006	0.4690624999999997	500	0.43917438770379946	0.4310234707367453	0.3875	0.4	0.375	1.2267442747681654	Frankel_2017	Lee_2022_family	0	United_States	United_Kingdom	0	North_America	Europe	0	mixed_ICI_including_combination	mixed_ICI_including_combination	1	nan	0.05982905982905984	3.6635616461296463	2.8903717578961645	2.0000659164923533	0.43330674562958954	0.39824176658373817	0.06973855069093164
S3_EXCLUDE_LEE_SITES	ridge	Frankel_US	Lee_PRIMM_NL	39	55	24	15	33	22	500	1.6488298996136508e-07	"{""C"": 0.5}"	0.5123966942148761	0.3560261707988981	0.6570936639118458	500	0.5852759656009344	0.39753033899485535	0.4545454545454546	0.09090909090909091	0.8181818181818182	1.1574512672777861	Frankel_2017	Lee_2022_family	0	United_States	Netherlands	0	North_America	Europe	0	mixed_ICI_including_combination	mixed_ICI_including_combination	1	nan	0.015384615384615441	3.6635616461296463	4.007333185232471	2.1537283003203482	0.5362672870971259	0.49418965792965314	0.07240103811532383
S3_EXCLUDE_LEE_SITES	ridge	Frankel_US	Lee_PRIMM_UK	39	54	24	15	33	21	500	1.6488298996136508e-07	"{""C"": 0.5}"	0.5988455988455988	0.42629870129870134	0.7519480519480518	500	0.6960791489226683	0.3756665013693587	0.5584415584415584	0.21212121212121213	0.9047619047619048	1.139546647665359	Frankel_2017	Lee_2022_family	0	United_States	United_Kingdom	0	North_America	Europe	0	mixed_ICI_including_combination	mixed_ICI_including_combination	1	nan	0.004273504273504258	3.6635616461296463	3.9889840465642745	1.822480321344653	0.5029369678988839	0.44529863877920617	0.06176134271372367
S3_EXCLUDE_LEE_SITES	ridge	Frankel_US	Matson_US	39	38	24	15	14	24	500	1.6488298996136508e-07	"{""C"": 0.5}"	0.369047619047619	0.1994047619047619	0.5535714285714286	500	0.3191291900864546	0.4209056691609991	0.39583333333333337	0.5	0.2916666666666667	1.2669866938267325	Frankel_2017	Matson_2018	0	United_States	United_States	1	North_America	North_America	1	mixed_ICI_including_combination	anti_PD1_only	0	nan	0.2469635627530365	3.6635616461296463	3.6375861597263857	1.0679491869084694	0.4539916266983753	0.38945877784631266	0.04694336574035822
S3_EXCLUDE_LEE_SITES	ridge	Frankel_US	Spencer_US	39	97	24	15	71	26	500	1.6488298996136508e-07	"{""C"": 0.5}"	0.49024918743228607	0.37640845070422535	0.6070287107258938	500	0.7588884018946883	0.2885571856693804	0.4233477789815818	0.5774647887323944	0.2692307692307692	0.8297498187621882	Frankel_2017	Spencer_2021	0	United_States	United_States	1	North_America	North_America	1	mixed_ICI_including_combination	anti_PD1_based_unspecified_mix	0	nan	0.11657414750198247	3.6635616461296463	4.574710978503383	1.37106100772541	0.4428438885729916	0.3915311991633044	0.059063371581780995
S3_EXCLUDE_LEE_SITES	ridge	Gopalakrishnan_US	Frankel_US	25	39	14	11	24	15	386	2.5004030649745586e-07	"{""C"": 0.5}"	0.46944444444444444	0.29166666666666663	0.6514583333333333	500	0.6533005614477182	0.3703847558117925	0.5	0.3333333333333333	0.6666666666666666	1.0318011067967001	Gopalakrishnan_2018	Frankel_2017	0	United_States	United_States	1	North_America	North_America	1	anti_PD1_only	mixed_ICI_including_combination	0	nan	0.055384615384615365	3.2188758248682006	3.6635616461296463	1.4601102198390727	0.5138555257100887	0.457773044074274	0.0727642304785162
S3_EXCLUDE_LEE_SITES	ridge	Gopalakrishnan_US	Lee_Leeds	25	18	14	11	10	8	386	2.5004030649745586e-07	"{""C"": 0.5}"	0.45	0.1684375	0.7250000000000001	500	0.5900568385862504	0.33733342410273354	0.5875	0.8	0.375	1.0106253170939241	Gopalakrishnan_2018	Lee_2022_family	0	United_States	United_Kingdom	0	North_America	Europe	0	anti_PD1_only	mixed_ICI_including_combination	0	nan	0.004444444444444473	3.2188758248682006	2.8903717578961645	2.0440113218725884	0.6134426055677813	0.5216269539720565	0.08646107331821616
S3_EXCLUDE_LEE_SITES	ridge	Gopalakrishnan_US	Lee_PRIMM_NL	25	55	14	11	33	22	386	2.5004030649745586e-07	"{""C"": 0.5}"	0.6019283746556473	0.4517906336088154	0.7577134986225894	500	0.75358161951913	0.2794518344825308	0.48484848484848486	0.7878787878787878	0.18181818181818182	0.7669133541980906	Gopalakrishnan_2018	Lee_2022_family	0	United_States	Netherlands	0	North_America	Europe	0	anti_PD1_only	mixed_ICI_including_combination	0	0.22	0.039999999999999925	3.2188758248682006	4.007333185232471	2.1884513111812445	0.7745689314443972	0.6511689475893659	0.07338528138528139
S3_EXCLUDE_LEE_SITES	ridge	Gopalakrishnan_US	Lee_PRIMM_UK	25	54	14	11	33	21	386	2.5004030649745586e-07	"{""C"": 0.5}"	0.673881673881674	0.5157647907647909	0.8181818181818182	500	0.7367248016924639	0.21915661839463635	0.632034632034632	0.7878787878787878	0.47619047619047616	0.6457323745766973	Gopalakrishnan_2018	Lee_2022_family	0	United_States	United_Kingdom	0	North_America	Europe	0	anti_PD1_only	mixed_ICI_including_combination	0	0.53	0.05111111111111111	3.2188758248682006	3.9889840465642745	2.0629884886791996	0.7029774214674973	0.5924470851118022	0.07848122952884858
S3_EXCLUDE_LEE_SITES	ridge	Gopalakrishnan_US	Matson_US	25	38	14	11	14	24	386	2.5004030649745586e-07	"{""C"": 0.5}"	0.4791666666666667	0.2990327380952381	0.6920386904761905	500	0.387483097305908	0.3044173104124931	0.49702380952380953	0.2857142857142857	0.7083333333333334	0.9124618958289425	Gopalakrishnan_2018	Matson_2018	0	United_States	United_States	1	North_America	North_America	1	anti_PD1_only	anti_PD1_only	1	0.0	0.19157894736842113	3.2188758248682006	3.6375861597263857	1.1378781135158458	0.32940473391192715	0.35644838628752057	0.0470108604845447
S3_EXCLUDE_LEE_SITES	ridge	Gopalakrishnan_US	Spencer_US	25	97	14	11	71	26	386	2.5004030649745586e-07	"{""C"": 0.5}"	0.4257854821235103	0.3022481040086674	0.5764626218851571	500	0.7150753811910922	0.34724797972838306	0.4368905742145179	0.4507042253521127	0.4230769230769231	0.9579717409361395	Gopalakrishnan_2018	Spencer_2021	0	United_States	United_States	1	North_America	North_America	1	anti_PD1_only	anti_PD1_based_unspecified_mix	0	nan	0.17195876288659784	3.2188758248682006	4.574710978503383	0.8663222398807107	0.3242323634033718	0.32656385568073787	0.033931879280921985
S3_EXCLUDE_LEE_SITES	ridge	Lee_Leeds	Frankel_US	18	39	10	8	24	15	500	1.0661815682701918e-07	"{""C"": 0.5}"	0.39722222222222225	0.22777777777777777	0.5793749999999999	500	0.5616035235719032	0.34751304239172487	0.4125	0.625	0.2	1.0225724190984151	Lee_2022_family	Frankel_2017	0	United_Kingdom	United_States	0	Europe	North_America	0	mixed_ICI_including_combination	mixed_ICI_including_combination	1	nan	0.05982905982905984	2.8903717578961645	3.6635616461296463	2.0000659164923533	0.43330674562958954	0.39824176658373817	0.06973855069093164
S3_EXCLUDE_LEE_SITES	ridge	Lee_Leeds	Gopalakrishnan_US	18	25	10	8	14	11	500	1.0661815682701918e-07	"{""C"": 0.5}"	0.4025974025974026	0.18181818181818182	0.6332792207792206	500	0.6062728770437941	0.3921135817280044	0.3668831168831169	0.6428571428571429	0.09090909090909091	1.2026044967221328	Lee_2022_family	Gopalakrishnan_2018	0	United_Kingdom	United_States	0	Europe	North_America	0	mixed_ICI_including_combination	anti_PD1_only	0	nan	0.004444444444444473	2.8903717578961645	3.2188758248682006	2.0440113218725884	0.6134426055677813	0.5216269539720565	0.08646107331821616
S3_EXCLUDE_LEE_SITES	ridge	Lee_Leeds	Lee_PRIMM_NL	18	55	10	8	33	22	500	1.0661815682701918e-07	"{""C"": 0.5}"	0.4944903581267218	0.32486225895316806	0.6563705234159779	500	0.5955850198179058	0.31519189715531143	0.5227272727272727	0.5454545454545454	0.5	0.9111809746097888	Lee_2022_family	Lee_2022_family	1	United_Kingdom	Netherlands	0	Europe	Europe	1	mixed_ICI_including_combination	mixed_ICI_including_combination	1	nan	0.0444444444444444	2.8903717578961645	4.007333185232471	1.5566246650097413	0.4778931549680615	0.43468033313280113	0.058371927895737426
S3_EXCLUDE_LEE_SITES	ridge	Lee_Leeds	Lee_PRIMM_UK	18	54	10	8	33	21	500	1.0661815682701918e-07	"{""C"": 0.5}"	0.4862914862914863	0.32756132756132755	0.6516233766233765	500	0.5866988809621183	0.3303542132979146	0.5281385281385281	0.48484848484848486	0.5714285714285714	0.9639833269367544	Lee_2022_family	Lee_2022_family	1	United_Kingdom	United_Kingdom	1	Europe	Europe	1	mixed_ICI_including_combination	mixed_ICI_including_combination	1	nan	0.05555555555555558	2.8903717578961645	3.9889840465642745	1.4223043524177503	0.4473893542658809	0.4113155539569585	0.05030654237003443
S3_EXCLUDE_LEE_SITES	ridge	Lee_Leeds	Matson_US	18	38	10	8	14	24	500	1.0661815682701918e-07	"{""C"": 0.5}"	0.47916666666666663	0.26614583333333336	0.6965773809523808	500	0.5104358477534063	0.4571767192234139	0.3482142857142857	0.5714285714285714	0.125	1.2809110982378455	Lee_2022_family	Matson_2018	0	United_Kingdom	United_States	0	Europe	North_America	0	mixed_ICI_including_combination	anti_PD1_only	0	nan	0.18713450292397665	2.8903717578961645	3.6375861597263857	1.9771596498918715	0.5811823747640369	0.49020061089929295	0.07011311347150946
S3_EXCLUDE_LEE_SITES	ridge	Lee_Leeds	Spencer_US	18	97	10	8	71	26	500	1.0661815682701918e-07	"{""C"": 0.5}"	0.5308775731310943	0.40155742145178763	0.6579225352112675	500	0.7577329793422909	0.24569870760143783	0.4398699891657638	0.8028169014084507	0.07692307692307693	0.7191840263409036	Lee_2022_family	Spencer_2021	0	United_Kingdom	United_States	0	Europe	North_America	0	mixed_ICI_including_combination	anti_PD1_based_unspecified_mix	0	nan	0.1764032073310423	2.8903717578961645	4.574710978503383	1.8343999907642503	0.5462421632104126	0.47054562970191266	0.0711516832773583
S3_EXCLUDE_LEE_SITES	ridge	Lee_PRIMM_NL	Frankel_US	55	39	33	22	24	15	462	2.1269490829764473e-07	"{""C"": 0.5}"	0.47777777777777775	0.30409722222222224	0.6669444444444441	500	0.6672209033968083	0.3727580901743274	0.4666666666666667	0.3333333333333333	0.6	1.0894951062213591	Lee_2022_family	Frankel_2017	0	Netherlands	United_States	0	Europe	North_America	0	mixed_ICI_including_combination	mixed_ICI_including_combination	1	nan	0.015384615384615441	4.007333185232471	3.6635616461296463	2.1537283003203482	0.5362672870971259	0.49418965792965314	0.07240103811532383
S3_EXCLUDE_LEE_SITES	ridge	Lee_PRIMM_NL	Gopalakrishnan_US	55	25	33	22	14	11	462	2.1269490829764473e-07	"{""C"": 0.5}"	0.4545454545454546	0.23035714285714287	0.6920454545454541	500	0.5524641372393906	0.3540506381062068	0.461038961038961	0.2857142857142857	0.6363636363636364	1.0468024207850082	Lee_2022_family	Gopalakrishnan_2018	0	Netherlands	United_States	0	Europe	North_America	0	mixed_ICI_including_combination	anti_PD1_only	0	0.22	0.039999999999999925	4.007333185232471	3.2188758248682006	2.1884513111812445	0.7745689314443972	0.6511689475893659	0.07338528138528139
S3_EXCLUDE_LEE_SITES	ridge	Lee_PRIMM_NL	Lee_Leeds	55	18	33	22	10	8	462	2.1269490829764473e-07	"{""C"": 0.5}"	0.4375	0.15000000000000002	0.7250000000000001	500	0.5187014292896646	0.3792014975899162	0.5	0.5	0.5	1.2018400744516426	Lee_2022_family	Lee_2022_family	1	Netherlands	United_Kingdom	0	Europe	Europe	1	mixed_ICI_including_combination	mixed_ICI_including_combination	1	nan	0.0444444444444444	4.007333185232471	2.8903717578961645	1.5566246650097413	0.4778931549680615	0.43468033313280113	0.058371927895737426
S3_EXCLUDE_LEE_SITES	ridge	Lee_PRIMM_NL	Lee_PRIMM_UK	55	54	33	22	33	21	462	2.1269490829764473e-07	"{""C"": 0.5}"	0.6825396825396826	0.541053391053391	0.8139971139971139	500	0.7604215207258909	0.23447647634432267	0.6190476190476191	0.6666666666666666	0.5714285714285714	0.7334208059729788	Lee_2022_family	Lee_2022_family	1	Netherlands	United_Kingdom	0	Europe	Europe	1	mixed_ICI_including_combination	mixed_ICI_including_combination	1	0.31000000000000005	0.011111111111111183	4.007333185232471	3.9889840465642745	0.979761610673823	0.2947752855170625	0.3098038865253837	0.039137100406941676
S3_EXCLUDE_LEE_SITES	ridge	Lee_PRIMM_NL	Matson_US	55	38	33	22	14	24	462	2.1269490829764473e-07	"{""C"": 0.5}"	0.5386904761904762	0.34665178571428573	0.745610119047619	500	0.4322133189744027	0.27073527861713137	0.5327380952380952	0.35714285714285715	0.7083333333333334	0.7592428060201505	Lee_2022_family	Matson_2018	0	Netherlands	United_States	0	Europe	North_America	0	mixed_ICI_including_combination	anti_PD1_only	0	0.22	0.23157894736842105	4.007333185232471	3.6375861597263857	2.151580063750936	0.7076207020813287	0.5984839380121251	0.06549751000878819
S3_EXCLUDE_LEE_SITES	ridge	Lee_PRIMM_NL	Spencer_US	55	97	33	22	71	26	462	2.1269490829764473e-07	"{""C"": 0.5}"	0.5292524377031419	0.4016386782231852	0.6682963163596966	500	0.7516367662840324	0.42687112324773113	0.5357529794149513	0.22535211267605634	0.8461538461538461	1.2414341998985032	Lee_2022_family	Spencer_2021	0	Netherlands	United_States	0	Europe	North_America	0	mixed_ICI_including_combination	anti_PD1_based_unspecified_mix	0	nan	0.1319587628865979	4.007333185232471	4.574710978503383	2.056853303314237	0.710936693632596	0.6077592582922652	0.059407540585743816
S3_EXCLUDE_LEE_SITES	ridge	Lee_PRIMM_UK	Frankel_US	54	39	33	21	24	15	500	1.0701941407104337e-07	"{""C"": 0.5}"	0.5166666666666667	0.3359722222222222	0.7112499999999999	500	0.6599279775931387	0.3956822527180824	0.5458333333333334	0.2916666666666667	0.8	1.1839762960975273	Lee_2022_family	Frankel_2017	0	United_Kingdom	United_States	0	Europe	North_America	0	mixed_ICI_including_combination	mixed_ICI_including_combination	1	nan	0.004273504273504258	3.9889840465642745	3.6635616461296463	1.822480321344653	0.5029369678988839	0.44529863877920617	0.06176134271372367
S3_EXCLUDE_LEE_SITES	ridge	Lee_PRIMM_UK	Gopalakrishnan_US	54	25	33	21	14	11	500	1.0701941407104337e-07	"{""C"": 0.5}"	0.7337662337662336	0.5	0.9254870129870129	500	0.7733111503097129	0.30892167290522066	0.5616883116883117	0.21428571428571427	0.9090909090909091	0.8324069413851088	Lee_2022_family	Gopalakrishnan_2018	0	United_Kingdom	United_States	0	Europe	North_America	0	mixed_ICI_including_combination	anti_PD1_only	0	0.53	0.05111111111111111	3.9889840465642745	3.2188758248682006	2.0629884886791996	0.7029774214674973	0.5924470851118022	0.07848122952884858
S3_EXCLUDE_LEE_SITES	ridge	Lee_PRIMM_UK	Lee_Leeds	54	18	33	21	10	8	500	1.0701941407104337e-07	"{""C"": 0.5}"	0.575	0.28687500000000005	0.8375	500	0.7120681605975723	0.31679047974156266	0.4875	0.6	0.375	1.0485133656402157	Lee_2022_family	Lee_2022_family	1	United_Kingdom	United_Kingdom	1	Europe	Europe	1	mixed_ICI_including_combination	mixed_ICI_including_combination	1	nan	0.05555555555555558	3.9889840465642745	2.8903717578961645	1.4223043524177503	0.4473893542658809	0.4113155539569585	0.05030654237003443
S3_EXCLUDE_LEE_SITES	ridge	Lee_PRIMM_UK	Lee_PRIMM_NL	54	55	33	21	33	22	500	1.0701941407104337e-07	"{""C"": 0.5}"	0.5826446280991735	0.4228650137741047	0.7348829201101928	500	0.7605838533941693	0.3043470994867788	0.5454545454545454	0.6363636363636364	0.45454545454545453	0.8529740728652183	Lee_2022_family	Lee_2022_family	1	United_Kingdom	Netherlands	0	Europe	Europe	1	mixed_ICI_including_combination	mixed_ICI_including_combination	1	0.31000000000000005	0.011111111111111183	3.9889840465642745	4.007333185232471	0.979761610673823	0.2947752855170625	0.3098038865253837	0.039137100406941676
S3_EXCLUDE_LEE_SITES	ridge	Lee_PRIMM_UK	Matson_US	54	38	33	21	14	24	500	1.0701941407104337e-07	"{""C"": 0.5}"	0.4285714285714286	0.22916666666666666	0.6444196428571428	500	0.3540946490130921	0.327324776457434	0.47619047619047616	0.2857142857142857	0.6666666666666666	1.0357846243090088	Lee_2022_family	Matson_2018	0	United_Kingdom	United_States	0	Europe	North_America	0	mixed_ICI_including_combination	anti_PD1_only	0	0.53	0.24269005847953223	3.9889840465642745	3.6375861597263857	1.8534931918759978	0.6124204863537068	0.5259206807769226	0.06252182484429769
S3_EXCLUDE_LEE_SITES	ridge	Lee_PRIMM_UK	Spencer_US	54	97	33	21	71	26	500	1.0701941407104337e-07	"{""C"": 0.5}"	0.5222101841820153	0.3848456121343445	0.6561484290357529	500	0.7491481240160585	0.3727512695032372	0.47670639219934996	0.3380281690140845	0.6153846153846154	1.0887147403437116	Lee_2022_family	Spencer_2021	0	United_Kingdom	United_States	0	Europe	North_America	0	mixed_ICI_including_combination	anti_PD1_based_unspecified_mix	0	nan	0.12084765177548673	3.9889840465642745	4.574710978503383	1.8951555363130812	0.6409902283621296	0.5444864834515294	0.06305335421682991
S3_EXCLUDE_LEE_SITES	ridge	Matson_US	Frankel_US	38	39	14	24	24	15	432	1.0642079206855303e-07	"{""C"": 0.5}"	0.375	0.19576388888888888	0.5570138888888888	500	0.5493689469275281	0.42377747535086996	0.4583333333333333	0.25	0.6666666666666666	1.2410635048448209	Matson_2018	Frankel_2017	0	United_States	United_States	1	North_America	North_America	1	anti_PD1_only	mixed_ICI_including_combination	0	nan	0.2469635627530365	3.6375861597263857	3.6635616461296463	1.0679491869084694	0.4539916266983753	0.38945877784631266	0.04694336574035822
S3_EXCLUDE_LEE_SITES	ridge	Matson_US	Gopalakrishnan_US	38	25	14	24	14	11	432	1.0642079206855303e-07	"{""C"": 0.5}"	0.5909090909090908	0.35373376623376623	0.7987012987012987	500	0.7073414628395831	0.315517413477525	0.44155844155844154	0.42857142857142855	0.45454545454545453	0.8712558008006893	Matson_2018	Gopalakrishnan_2018	0	United_States	United_States	1	North_America	North_America	1	anti_PD1_only	anti_PD1_only	1	0.0	0.19157894736842113	3.6375861597263857	3.2188758248682006	1.1378781135158458	0.32940473391192715	0.35644838628752057	0.0470108604845447
S3_EXCLUDE_LEE_SITES	ridge	Matson_US	Lee_Leeds	38	18	14	24	10	8	432	1.0642079206855303e-07	"{""C"": 0.5}"	0.5249999999999999	0.22500000000000003	0.8	500	0.6215919701213819	0.3031474457688521	0.475	0.7	0.25	1.0041207761437734	Matson_2018	Lee_2022_family	0	United_States	United_Kingdom	0	North_America	Europe	0	anti_PD1_only	mixed_ICI_including_combination	0	nan	0.18713450292397665	3.6375861597263857	2.8903717578961645	1.9771596498918715	0.5811823747640369	0.49020061089929295	0.07011311347150946
S3_EXCLUDE_LEE_SITES	ridge	Matson_US	Lee_PRIMM_NL	38	55	14	24	33	22	432	1.0642079206855303e-07	"{""C"": 0.5}"	0.43250688705234164	0.27114325068870526	0.6088154269972452	500	0.5622920465029706	0.31494246121967406	0.5227272727272727	0.9090909090909091	0.13636363636363635	1.0194497349197162	Matson_2018	Lee_2022_family	0	United_States	Netherlands	0	North_America	Europe	0	anti_PD1_only	mixed_ICI_including_combination	0	0.22	0.23157894736842105	3.6375861597263857	4.007333185232471	2.151580063750936	0.7076207020813287	0.5984839380121251	0.06549751000878819
S3_EXCLUDE_LEE_SITES	ridge	Matson_US	Lee_PRIMM_UK	38	54	14	24	33	21	432	1.0642079206855303e-07	"{""C"": 0.5}"	0.46176046176046176	0.3174603174603175	0.6213924963924963	500	0.6430706571963791	0.3277873268778465	0.42207792207792205	0.6060606060606061	0.23809523809523808	0.9313185141890985	Matson_2018	Lee_2022_family	0	United_States	United_Kingdom	0	North_America	Europe	0	anti_PD1_only	mixed_ICI_including_combination	0	0.53	0.24269005847953223	3.6375861597263857	3.9889840465642745	1.8534931918759978	0.6124204863537068	0.5259206807769226	0.06252182484429769
S3_EXCLUDE_LEE_SITES	ridge	Matson_US	Spencer_US	38	97	14	24	71	26	432	1.0642079206855303e-07	"{""C"": 0.5}"	0.5108342361863489	0.37663867822318525	0.660373781148429	500	0.7447428433302195	0.3413149682045357	0.4715601300108342	0.36619718309859156	0.5769230769230769	0.9744228680652172	Matson_2018	Spencer_2021	0	United_States	United_States	1	North_America	North_America	1	anti_PD1_only	anti_PD1_based_unspecified_mix	0	nan	0.36353771025501896	3.6375861597263857	4.574710978503383	1.085571598218901	0.2896984855829794	0.3022554757028195	0.03619677568983824
S3_EXCLUDE_LEE_SITES	ridge	Spencer_US	Frankel_US	97	39	71	26	24	15	326	5.144767586148716e-07	"{""C"": 0.5}"	0.49722222222222223	0.29854166666666665	0.679236111111111	500	0.6115299219679942	0.3169682596039248	0.5416666666666666	0.75	0.3333333333333333	1.1702110550727467	Spencer_2021	Frankel_2017	0	United_States	United_States	1	North_America	North_America	1	anti_PD1_based_unspecified_mix	mixed_ICI_including_combination	0	nan	0.11657414750198247	4.574710978503383	3.6635616461296463	1.37106100772541	0.4428438885729916	0.3915311991633044	0.059063371581780995
S3_EXCLUDE_LEE_SITES	ridge	Spencer_US	Gopalakrishnan_US	97	25	71	26	14	11	326	5.144767586148716e-07	"{""C"": 0.5}"	0.2922077922077922	0.12337662337662336	0.5	500	0.469162685140946	0.46308552274679854	0.35714285714285715	0.7142857142857143	0.0	1.5587629925826878	Spencer_2021	Gopalakrishnan_2018	0	United_States	United_States	1	North_America	North_America	1	anti_PD1_based_unspecified_mix	anti_PD1_only	0	nan	0.17195876288659784	4.574710978503383	3.2188758248682006	0.8663222398807107	0.3242323634033718	0.32656385568073787	0.033931879280921985
S3_EXCLUDE_LEE_SITES	ridge	Spencer_US	Lee_Leeds	97	18	71	26	10	8	326	5.144767586148716e-07	"{""C"": 0.5}"	0.4375	0.175	0.6940624999999997	500	0.6350412985707103	0.38887313590316497	0.375	0.5	0.25	1.1429758606686835	Spencer_2021	Lee_2022_family	0	United_States	United_Kingdom	0	North_America	Europe	0	anti_PD1_based_unspecified_mix	mixed_ICI_including_combination	0	nan	0.1764032073310423	4.574710978503383	2.8903717578961645	1.8343999907642503	0.5462421632104126	0.47054562970191266	0.0711516832773583
S3_EXCLUDE_LEE_SITES	ridge	Spencer_US	Lee_PRIMM_NL	97	55	71	26	33	22	326	5.144767586148716e-07	"{""C"": 0.5}"	0.6074380165289256	0.45447658402203855	0.7569214876033057	500	0.7169092621974987	0.33869464327492116	0.5833333333333333	0.3939393939393939	0.7727272727272727	1.036846473098599	Spencer_2021	Lee_2022_family	0	United_States	Netherlands	0	North_America	Europe	0	anti_PD1_based_unspecified_mix	mixed_ICI_including_combination	0	nan	0.1319587628865979	4.574710978503383	4.007333185232471	2.056853303314237	0.710936693632596	0.6077592582922652	0.059407540585743816
S3_EXCLUDE_LEE_SITES	ridge	Spencer_US	Lee_PRIMM_UK	97	54	71	26	33	21	326	5.144767586148716e-07	"{""C"": 0.5}"	0.5252525252525253	0.37875180375180373	0.6876984126984126	500	0.6738298745222497	0.3460206465085283	0.5606060606060606	0.45454545454545453	0.6666666666666666	1.0429011723445445	Spencer_2021	Lee_2022_family	0	United_States	United_Kingdom	0	North_America	Europe	0	anti_PD1_based_unspecified_mix	mixed_ICI_including_combination	0	nan	0.12084765177548673	4.574710978503383	3.9889840465642745	1.8951555363130812	0.6409902283621296	0.5444864834515294	0.06305335421682991
S3_EXCLUDE_LEE_SITES	ridge	Spencer_US	Matson_US	97	38	71	26	14	24	326	5.144767586148716e-07	"{""C"": 0.5}"	0.5922619047619048	0.4136904761904762	0.7813244047619047	500	0.44346035555677304	0.3663786592249384	0.6160714285714286	0.8571428571428571	0.375	1.3519026002984693	Spencer_2021	Matson_2018	0	United_States	United_States	1	North_America	North_America	1	anti_PD1_based_unspecified_mix	anti_PD1_only	0	nan	0.36353771025501896	4.574710978503383	3.6375861597263857	1.085571598218901	0.2896984855829794	0.3022554757028195	0.03619677568983824
S3_EXCLUDE_LEE_SITES	random_forest	Frankel_US	Gopalakrishnan_US	39	25	24	15	14	11	500	1.6488298996136508e-07	"{""max_features"": ""sqrt"", ""min_samples_leaf"": 5}"	0.5584415584415584	0.2792207792207792	0.7857142857142857	500	0.6414394156418655	0.2514239350274112	0.5324675324675324	0.42857142857142855	0.6363636363636364	0.696051256921962	Frankel_2017	Gopalakrishnan_2018	0	United_States	United_States	1	North_America	North_America	1	mixed_ICI_including_combination	anti_PD1_only	0	nan	0.055384615384615365	3.6635616461296463	3.2188758248682006	1.4601102198390727	0.5138555257100887	0.457773044074274	0.0727642304785162
S3_EXCLUDE_LEE_SITES	random_forest	Frankel_US	Lee_Leeds	39	18	24	15	10	8	500	1.6488298996136508e-07	"{""max_features"": ""sqrt"", ""min_samples_leaf"": 5}"	0.38749999999999996	0.1625	0.6625	500	0.5214729225023342	0.2663855502617843	0.35	0.7	0.0	0.7281135114787972	Frankel_2017	Lee_2022_family	0	United_States	United_Kingdom	0	North_America	Europe	0	mixed_ICI_including_combination	mixed_ICI_including_combination	1	nan	0.05982905982905984	3.6635616461296463	2.8903717578961645	2.0000659164923533	0.43330674562958954	0.39824176658373817	0.06973855069093164
S3_EXCLUDE_LEE_SITES	random_forest	Frankel_US	Lee_PRIMM_NL	39	55	24	15	33	22	500	1.6488298996136508e-07	"{""max_features"": ""sqrt"", ""min_samples_leaf"": 5}"	0.5564738292011019	0.3863292011019284	0.7128443526170799	500	0.6130648138476948	0.25338876840065905	0.5227272727272727	0.5454545454545454	0.5	0.7011245956275823	Frankel_2017	Lee_2022_family	0	United_States	Netherlands	0	North_America	Europe	0	mixed_ICI_including_combination	mixed_ICI_including_combination	1	nan	0.015384615384615441	3.6635616461296463	4.007333185232471	2.1537283003203482	0.5362672870971259	0.49418965792965314	0.07240103811532383
S3_EXCLUDE_LEE_SITES	random_forest	Frankel_US	Lee_PRIMM_UK	39	54	24	15	33	21	500	1.6488298996136508e-07	"{""max_features"": ""sqrt"", ""min_samples_leaf"": 5}"	0.46464646464646464	0.3130591630591631	0.6161616161616162	500	0.6407834588717077	0.25705694000169566	0.43939393939393934	0.5454545454545454	0.3333333333333333	0.7073556034868174	Frankel_2017	Lee_2022_family	0	United_States	United_Kingdom	0	North_America	Europe	0	mixed_ICI_including_combination	mixed_ICI_including_combination	1	nan	0.004273504273504258	3.6635616461296463	3.9889840465642745	1.822480321344653	0.5029369678988839	0.44529863877920617	0.06176134271372367
S3_EXCLUDE_LEE_SITES	random_forest	Frankel_US	Matson_US	39	38	24	15	14	24	500	1.6488298996136508e-07	"{""max_features"": ""sqrt"", ""min_samples_leaf"": 5}"	0.375	0.20535714285714285	0.5670386904761904	500	0.3122436185136104	0.3102179444774644	0.44642857142857145	0.6428571428571429	0.25	0.8214957316103374	Frankel_2017	Matson_2018	0	United_States	United_States	1	North_America	North_America	1	mixed_ICI_including_combination	anti_PD1_only	0	nan	0.2469635627530365	3.6635616461296463	3.6375861597263857	1.0679491869084694	0.4539916266983753	0.38945877784631266	0.04694336574035822
S3_EXCLUDE_LEE_SITES	random_forest	Frankel_US	Spencer_US	39	97	24	15	71	26	500	1.6488298996136508e-07	"{""max_features"": ""sqrt"", ""min_samples_leaf"": 5}"	0.5335861321776815	0.4162648970747562	0.653358613217768	500	0.7740912133169999	0.2448667441167092	0.49458288190682553	0.4507042253521127	0.5384615384615384	0.6810891707305241	Frankel_2017	Spencer_2021	0	United_States	United_States	1	North_America	North_America	1	mixed_ICI_including_combination	anti_PD1_based_unspecified_mix	0	nan	0.11657414750198247	3.6635616461296463	4.574710978503383	1.37106100772541	0.4428438885729916	0.3915311991633044	0.059063371581780995
S3_EXCLUDE_LEE_SITES	random_forest	Gopalakrishnan_US	Frankel_US	25	39	14	11	24	15	386	2.5004030649745586e-07	"{""max_features"": ""sqrt"", ""min_samples_leaf"": 5}"	0.48055555555555557	0.3	0.679236111111111	500	0.6413655761113011	0.24392938202638959	0.4583333333333333	0.9166666666666666	0.0	0.6810611793131284	Gopalakrishnan_2018	Frankel_2017	0	United_States	United_States	1	North_America	North_America	1	anti_PD1_only	mixed_ICI_including_combination	0	nan	0.055384615384615365	3.2188758248682006	3.6635616461296463	1.4601102198390727	0.5138555257100887	0.457773044074274	0.0727642304785162
S3_EXCLUDE_LEE_SITES	random_forest	Gopalakrishnan_US	Lee_Leeds	25	18	14	11	10	8	386	2.5004030649745586e-07	"{""max_features"": ""sqrt"", ""min_samples_leaf"": 5}"	0.5375	0.25	0.8250000000000001	500	0.6592476477770596	0.2543098683405903	0.5	1.0	0.0	0.702310246374305	Gopalakrishnan_2018	Lee_2022_family	0	United_States	United_Kingdom	0	North_America	Europe	0	anti_PD1_only	mixed_ICI_including_combination	0	nan	0.004444444444444473	3.2188758248682006	2.8903717578961645	2.0440113218725884	0.6134426055677813	0.5216269539720565	0.08646107331821616
S3_EXCLUDE_LEE_SITES	random_forest	Gopalakrishnan_US	Lee_PRIMM_NL	25	55	14	11	33	22	386	2.5004030649745586e-07	"{""max_features"": ""sqrt"", ""min_samples_leaf"": 5}"	0.6143250688705235	0.4482438016528926	0.7680096418732781	500	0.6832692881296446	0.23206222597114545	0.6363636363636364	0.9090909090909091	0.36363636363636365	0.6570229822596613	Gopalakrishnan_2018	Lee_2022_family	0	United_States	Netherlands	0	North_America	Europe	0	anti_PD1_only	mixed_ICI_including_combination	0	0.22	0.039999999999999925	3.2188758248682006	4.007333185232471	2.1884513111812445	0.7745689314443972	0.6511689475893659	0.07338528138528139
S3_EXCLUDE_LEE_SITES	random_forest	Gopalakrishnan_US	Lee_PRIMM_UK	25	54	14	11	33	21	386	2.5004030649745586e-07	"{""max_features"": ""sqrt"", ""min_samples_leaf"": 5}"	0.5541125541125541	0.3953823953823954	0.7092712842712843	500	0.6401990318707521	0.23504144918738248	0.5887445887445888	0.9393939393939394	0.23809523809523808	0.6631602243803448	Gopalakrishnan_2018	Lee_2022_family	0	United_States	United_Kingdom	0	North_America	Europe	0	anti_PD1_only	mixed_ICI_including_combination	0	0.53	0.05111111111111111	3.2188758248682006	3.9889840465642745	2.0629884886791996	0.7029774214674973	0.5924470851118022	0.07848122952884858
S3_EXCLUDE_LEE_SITES	random_forest	Gopalakrishnan_US	Matson_US	25	38	14	11	14	24	386	2.5004030649745586e-07	"{""max_features"": ""sqrt"", ""min_samples_leaf"": 5}"	0.43749999999999994	0.20677083333333332	0.6666666666666667	500	0.43503025926598804	0.28401793488171606	0.3541666666666667	0.5	0.20833333333333334	0.762147778606319	Gopalakrishnan_2018	Matson_2018	0	United_States	United_States	1	North_America	North_America	1	anti_PD1_only	anti_PD1_only	1	0.0	0.19157894736842113	3.2188758248682006	3.6375861597263857	1.1378781135158458	0.32940473391192715	0.35644838628752057	0.0470108604845447
S3_EXCLUDE_LEE_SITES	random_forest	Gopalakrishnan_US	Spencer_US	25	97	14	11	71	26	386	2.5004030649745586e-07	"{""max_features"": ""sqrt"", ""min_samples_leaf"": 5}"	0.6061755146262188	0.4734561213434453	0.7348997833152762	500	0.8148579337259765	0.24063042056060338	0.6053629469122427	0.6338028169014085	0.5769230769230769	0.6741663174755452	Gopalakrishnan_2018	Spencer_2021	0	United_States	United_States	1	North_America	North_America	1	anti_PD1_only	anti_PD1_based_unspecified_mix	0	nan	0.17195876288659784	3.2188758248682006	4.574710978503383	0.8663222398807107	0.3242323634033718	0.32656385568073787	0.033931879280921985
S3_EXCLUDE_LEE_SITES	random_forest	Lee_Leeds	Frankel_US	18	39	10	8	24	15	500	1.0661815682701918e-07	"{""max_features"": ""sqrt"", ""min_samples_leaf"": 5}"	0.42500000000000004	0.24020833333333333	0.6070138888888889	500	0.5690670776197648	0.2502061554525455	0.5041666666666667	0.875	0.13333333333333333	0.6950174930103589	Lee_2022_family	Frankel_2017	0	United_Kingdom	United_States	0	Europe	North_America	0	mixed_ICI_including_combination	mixed_ICI_including_combination	1	nan	0.05982905982905984	2.8903717578961645	3.6635616461296463	2.0000659164923533	0.43330674562958954	0.39824176658373817	0.06973855069093164
S3_EXCLUDE_LEE_SITES	random_forest	Lee_Leeds	Gopalakrishnan_US	18	25	10	8	14	11	500	1.0661815682701918e-07	"{""max_features"": ""sqrt"", ""min_samples_leaf"": 5}"	0.5	0.25633116883116885	0.7467532467532468	500	0.6448931342258409	0.24277241362422344	0.5	1.0	0.0	0.6781225540924699	Lee_2022_family	Gopalakrishnan_2018	0	United_Kingdom	United_States	0	Europe	North_America	0	mixed_ICI_including_combination	anti_PD1_only	0	nan	0.004444444444444473	2.8903717578961645	3.2188758248682006	2.0440113218725884	0.6134426055677813	0.5216269539720565	0.08646107331821616
S3_EXCLUDE_LEE_SITES	random_forest	Lee_Leeds	Lee_PRIMM_NL	18	55	10	8	33	22	500	1.0661815682701918e-07	"{""max_features"": ""sqrt"", ""min_samples_leaf"": 5}"	0.5371900826446281	0.362258953168044	0.6950068870523415	500	0.6308580704626852	0.23924345425999868	0.5151515151515151	0.9393939393939394	0.09090909090909091	0.6714055682417149	Lee_2022_family	Lee_2022_family	1	United_Kingdom	Netherlands	0	Europe	Europe	1	mixed_ICI_including_combination	mixed_ICI_including_combination	1	nan	0.0444444444444444	2.8903717578961645	4.007333185232471	1.5566246650097413	0.4778931549680615	0.43468033313280113	0.058371927895737426
S3_EXCLUDE_LEE_SITES	random_forest	Lee_Leeds	Lee_PRIMM_UK	18	54	10	8	33	21	500	1.0661815682701918e-07	"{""max_features"": ""sqrt"", ""min_samples_leaf"": 5}"	0.5238095238095238	0.35847763347763345	0.6883838383838383	500	0.6652830372992585	0.23988097967348446	0.4632034632034632	0.8787878787878788	0.047619047619047616	0.6724276182058745	Lee_2022_family	Lee_2022_family	1	United_Kingdom	United_Kingdom	1	Europe	Europe	1	mixed_ICI_including_combination	mixed_ICI_including_combination	1	nan	0.05555555555555558	2.8903717578961645	3.9889840465642745	1.4223043524177503	0.4473893542658809	0.4113155539569585	0.05030654237003443
S3_EXCLUDE_LEE_SITES	random_forest	Lee_Leeds	Matson_US	18	38	10	8	14	24	500	1.0661815682701918e-07	"{""max_features"": ""sqrt"", ""min_samples_leaf"": 5}"	0.4375	0.2470238095238095	0.636904761904762	500	0.37729189345490327	0.2836192778964999	0.4642857142857143	0.9285714285714286	0.0	0.7617891089406754	Lee_2022_family	Matson_2018	0	United_Kingdom	United_States	0	Europe	North_America	0	mixed_ICI_including_combination	anti_PD1_only	0	nan	0.18713450292397665	2.8903717578961645	3.6375861597263857	1.9771596498918715	0.5811823747640369	0.49020061089929295	0.07011311347150946
S3_EXCLUDE_LEE_SITES	random_forest	Lee_Leeds	Spencer_US	18	97	10	8	71	26	500	1.0661815682701918e-07	"{""max_features"": ""sqrt"", ""min_samples_leaf"": 5}"	0.4859154929577465	0.34395991332611053	0.6167524377031419	500	0.7283379615606324	0.2198038596868882	0.5	1.0	0.0	0.6321908905873227	Lee_2022_family	Spencer_2021	0	United_Kingdom	United_States	0	Europe	North_America	0	mixed_ICI_including_combination	anti_PD1_based_unspecified_mix	0	nan	0.1764032073310423	2.8903717578961645	4.574710978503383	1.8343999907642503	0.5462421632104126	0.47054562970191266	0.0711516832773583
S3_EXCLUDE_LEE_SITES	random_forest	Lee_PRIMM_NL	Frankel_US	55	39	33	22	24	15	462	2.1269490829764473e-07	"{""max_features"": ""sqrt"", ""min_samples_leaf"": 5}"	0.6527777777777777	0.4622916666666667	0.8194444444444444	500	0.7109641076906357	0.23650547466521452	0.6708333333333334	0.875	0.4666666666666667	0.6660842011822558	Lee_2022_family	Frankel_2017	0	Netherlands	United_States	0	Europe	North_America	0	mixed_ICI_including_combination	mixed_ICI_including_combination	1	nan	0.015384615384615441	4.007333185232471	3.6635616461296463	2.1537283003203482	0.5362672870971259	0.49418965792965314	0.07240103811532383
S3_EXCLUDE_LEE_SITES	random_forest	Lee_PRIMM_NL	Gopalakrishnan_US	55	25	33	22	14	11	462	2.1269490829764473e-07	"{""max_features"": ""sqrt"", ""min_samples_leaf"": 5}"	0.6623376623376624	0.41558441558441556	0.8701298701298702	500	0.803669600915529	0.2542723633098061	0.75	0.5	1.0	0.707485135917183	Lee_2022_family	Gopalakrishnan_2018	0	Netherlands	United_States	0	Europe	North_America	0	mixed_ICI_including_combination	anti_PD1_only	0	0.22	0.039999999999999925	4.007333185232471	3.2188758248682006	2.1884513111812445	0.7745689314443972	0.6511689475893659	0.07338528138528139
S3_EXCLUDE_LEE_SITES	random_forest	Lee_PRIMM_NL	Lee_Leeds	55	18	33	22	10	8	462	2.1269490829764473e-07	"{""max_features"": ""sqrt"", ""min_samples_leaf"": 5}"	0.6375000000000001	0.35	0.9	500	0.6634018759018759	0.2373932369288675	0.575	0.9	0.25	0.6685993303137047	Lee_2022_family	Lee_2022_family	1	Netherlands	United_Kingdom	0	Europe	Europe	1	mixed_ICI_including_combination	mixed_ICI_including_combination	1	nan	0.0444444444444444	4.007333185232471	2.8903717578961645	1.5566246650097413	0.4778931549680615	0.43468033313280113	0.058371927895737426
S3_EXCLUDE_LEE_SITES	random_forest	Lee_PRIMM_NL	Lee_PRIMM_UK	55	54	33	22	33	21	462	2.1269490829764473e-07	"{""max_features"": ""sqrt"", ""min_samples_leaf"": 5}"	0.6435786435786436	0.49783549783549785	0.8045093795093795	500	0.7140767806208631	0.2221540766552389	0.5974025974025974	0.9090909090909091	0.2857142857142857	0.6355678821754681	Lee_2022_family	Lee_2022_family	1	Netherlands	United_Kingdom	0	Europe	Europe	1	mixed_ICI_including_combination	mixed_ICI_including_combination	1	0.31000000000000005	0.011111111111111183	4.007333185232471	3.9889840465642745	0.979761610673823	0.2947752855170625	0.3098038865253837	0.039137100406941676
S3_EXCLUDE_LEE_SITES	random_forest	Lee_PRIMM_NL	Matson_US	55	38	33	22	14	24	462	2.1269490829764473e-07	"{""max_features"": ""sqrt"", ""min_samples_leaf"": 5}"	0.39285714285714285	0.22165178571428573	0.574404761904762	500	0.342667480057367	0.26382266649879693	0.3869047619047619	0.35714285714285715	0.4166666666666667	0.7227390396509452	Lee_2022_family	Matson_2018	0	Netherlands	United_States	0	Europe	North_America	0	mixed_ICI_including_combination	anti_PD1_only	0	0.22	0.23157894736842105	4.007333185232471	3.6375861597263857	2.151580063750936	0.7076207020813287	0.5984839380121251	0.06549751000878819
S3_EXCLUDE_LEE_SITES	random_forest	Lee_PRIMM_NL	Spencer_US	55	97	33	22	71	26	462	2.1269490829764473e-07	"{""max_features"": ""sqrt"", ""min_samples_leaf"": 5}"	0.457204767063922	0.32796587215601297	0.594677681473456	500	0.6897847839974279	0.3088103148306399	0.47670639219934996	0.3380281690140845	0.6153846153846154	0.8223392755615537	Lee_2022_family	Spencer_2021	0	Netherlands	United_States	0	Europe	North_America	0	mixed_ICI_including_combination	anti_PD1_based_unspecified_mix	0	nan	0.1319587628865979	4.007333185232471	4.574710978503383	2.056853303314237	0.710936693632596	0.6077592582922652	0.059407540585743816
S3_EXCLUDE_LEE_SITES	random_forest	Lee_PRIMM_UK	Frankel_US	54	39	33	21	24	15	500	1.0701941407104337e-07	"{""max_features"": ""sqrt"", ""min_samples_leaf"": 5}"	0.5444444444444445	0.3485416666666667	0.7459027777777777	500	0.6723396256815289	0.2577443113998876	0.5208333333333333	0.375	0.6666666666666666	0.7090053827241073	Lee_2022_family	Frankel_2017	0	United_Kingdom	United_States	0	Europe	North_America	0	mixed_ICI_including_combination	mixed_ICI_including_combination	1	nan	0.004273504273504258	3.9889840465642745	3.6635616461296463	1.822480321344653	0.5029369678988839	0.44529863877920617	0.06176134271372367
S3_EXCLUDE_LEE_SITES	random_forest	Lee_PRIMM_UK	Gopalakrishnan_US	54	25	33	21	14	11	500	1.0701941407104337e-07	"{""max_features"": ""sqrt"", ""min_samples_leaf"": 5}"	0.5844155844155844	0.35373376623376623	0.7857142857142857	500	0.7138745254359978	0.26547862054398963	0.6071428571428571	0.21428571428571427	1.0	0.7258503181872205	Lee_2022_family	Gopalakrishnan_2018	0	United_Kingdom	United_States	0	Europe	North_America	0	mixed_ICI_including_combination	anti_PD1_only	0	0.53	0.05111111111111111	3.9889840465642745	3.2188758248682006	2.0629884886791996	0.7029774214674973	0.5924470851118022	0.07848122952884858
S3_EXCLUDE_LEE_SITES	random_forest	Lee_PRIMM_UK	Lee_Leeds	54	18	33	21	10	8	500	1.0701941407104337e-07	"{""max_features"": ""sqrt"", ""min_samples_leaf"": 5}"	0.325	0.0375	0.6	500	0.5795607088989442	0.2746449658397838	0.4125	0.7	0.125	0.7432782235476172	Lee_2022_family	Lee_2022_family	1	United_Kingdom	United_Kingdom	1	Europe	Europe	1	mixed_ICI_including_combination	mixed_ICI_including_combination	1	nan	0.05555555555555558	3.9889840465642745	2.8903717578961645	1.4223043524177503	0.4473893542658809	0.4113155539569585	0.05030654237003443
S3_EXCLUDE_LEE_SITES	random_forest	Lee_PRIMM_UK	Lee_PRIMM_NL	54	55	33	21	33	22	500	1.0701941407104337e-07	"{""max_features"": ""sqrt"", ""min_samples_leaf"": 5}"	0.6005509641873279	0.43794765840220384	0.7555440771349862	500	0.6841029051682104	0.23532105185776156	0.5909090909090909	0.8181818181818182	0.36363636363636365	0.6637716281273995	Lee_2022_family	Lee_2022_family	1	United_Kingdom	Netherlands	0	Europe	Europe	1	mixed_ICI_including_combination	mixed_ICI_including_combination	1	0.31000000000000005	0.011111111111111183	3.9889840465642745	4.007333185232471	0.979761610673823	0.2947752855170625	0.3098038865253837	0.039137100406941676
S3_EXCLUDE_LEE_SITES	random_forest	Lee_PRIMM_UK	Matson_US	54	38	33	21	14	24	500	1.0701941407104337e-07	"{""max_features"": ""sqrt"", ""min_samples_leaf"": 5}"	0.43452380952380953	0.2484375	0.6191964285714284	500	0.44010312683516084	0.24590813117389726	0.5714285714285714	0.14285714285714285	1.0	0.6869650161069069	Lee_2022_family	Matson_2018	0	United_Kingdom	United_States	0	Europe	North_America	0	mixed_ICI_including_combination	anti_PD1_only	0	0.53	0.24269005847953223	3.9889840465642745	3.6375861597263857	1.8534931918759978	0.6124204863537068	0.5259206807769226	0.06252182484429769
S3_EXCLUDE_LEE_SITES	random_forest	Lee_PRIMM_UK	Spencer_US	54	97	33	21	71	26	500	1.0701941407104337e-07	"{""max_features"": ""sqrt"", ""min_samples_leaf"": 5}"	0.5314192849404117	0.4019230769230769	0.6725758396533044	500	0.766141695246774	0.3025606418943911	0.4864572047670639	0.1267605633802817	0.8461538461538461	0.8029996075595807	Lee_2022_family	Spencer_2021	0	United_Kingdom	United_States	0	Europe	North_America	0	mixed_ICI_including_combination	anti_PD1_based_unspecified_mix	0	nan	0.12084765177548673	3.9889840465642745	4.574710978503383	1.8951555363130812	0.6409902283621296	0.5444864834515294	0.06305335421682991
S3_EXCLUDE_LEE_SITES	random_forest	Matson_US	Frankel_US	38	39	14	24	24	15	432	1.0642079206855303e-07	"{""max_features"": ""sqrt"", ""min_samples_leaf"": 5}"	0.475	0.3013194444444444	0.6806944444444444	500	0.603342111534657	0.29179393678187776	0.4625	0.125	0.8	0.7806220073249442	Matson_2018	Frankel_2017	0	United_States	United_States	1	North_America	North_America	1	anti_PD1_only	mixed_ICI_including_combination	0	nan	0.2469635627530365	3.6375861597263857	3.6635616461296463	1.0679491869084694	0.4539916266983753	0.38945877784631266	0.04694336574035822
S3_EXCLUDE_LEE_SITES	random_forest	Matson_US	Gopalakrishnan_US	38	25	14	24	14	11	432	1.0642079206855303e-07	"{""max_features"": ""sqrt"", ""min_samples_leaf"": 5}"	0.47402597402597396	0.24334415584415586	0.7337662337662337	500	0.5669333490972147	0.2723863839631284	0.487012987012987	0.42857142857142855	0.5454545454545454	0.740258724879014	Matson_2018	Gopalakrishnan_2018	0	United_States	United_States	1	North_America	North_America	1	anti_PD1_only	anti_PD1_only	1	0.0	0.19157894736842113	3.6375861597263857	3.2188758248682006	1.1378781135158458	0.32940473391192715	0.35644838628752057	0.0470108604845447
S3_EXCLUDE_LEE_SITES	random_forest	Matson_US	Lee_Leeds	38	18	14	24	10	8	432	1.0642079206855303e-07	"{""max_features"": ""sqrt"", ""min_samples_leaf"": 5}"	0.45	0.1875	0.7125	500	0.6273977411477412	0.2694356378475816	0.35	0.2	0.5	0.7335345437786509	Matson_2018	Lee_2022_family	0	United_States	United_Kingdom	0	North_America	Europe	0	anti_PD1_only	mixed_ICI_including_combination	0	nan	0.18713450292397665	3.6375861597263857	2.8903717578961645	1.9771596498918715	0.5811823747640369	0.49020061089929295	0.07011311347150946
S3_EXCLUDE_LEE_SITES	random_forest	Matson_US	Lee_PRIMM_NL	38	55	14	24	33	22	432	1.0642079206855303e-07	"{""max_features"": ""sqrt"", ""min_samples_leaf"": 5}"	0.4462809917355372	0.28099173553719003	0.6151170798898071	500	0.5556709270731148	0.2697309437593817	0.49242424242424243	0.3939393939393939	0.5909090909090909	0.733918868631097	Matson_2018	Lee_2022_family	0	United_States	Netherlands	0	North_America	Europe	0	anti_PD1_only	mixed_ICI_including_combination	0	0.22	0.23157894736842105	3.6375861597263857	4.007333185232471	2.151580063750936	0.7076207020813287	0.5984839380121251	0.06549751000878819
S3_EXCLUDE_LEE_SITES	random_forest	Matson_US	Lee_PRIMM_UK	38	54	14	24	33	21	432	1.0642079206855303e-07	"{""max_features"": ""sqrt"", ""min_samples_leaf"": 5}"	0.49639249639249644	0.32171717171717173	0.6573953823953823	500	0.6036301782960548	0.27962595340954843	0.5346320346320346	0.21212121212121213	0.8571428571428571	0.7546358816450296	Matson_2018	Lee_2022_family	0	United_States	United_Kingdom	0	North_America	Europe	0	anti_PD1_only	mixed_ICI_including_combination	0	0.53	0.24269005847953223	3.6375861597263857	3.9889840465642745	1.8534931918759978	0.6124204863537068	0.5259206807769226	0.06252182484429769
S3_EXCLUDE_LEE_SITES	random_forest	Matson_US	Spencer_US	38	97	14	24	71	26	432	1.0642079206855303e-07	"{""max_features"": ""sqrt"", ""min_samples_leaf"": 5}"	0.44962080173347774	0.31630552546045504	0.5734154929577465	500	0.6877443679810591	0.2947043443934647	0.4677681473456121	0.28169014084507044	0.6538461538461539	0.7873753088555007	Matson_2018	Spencer_2021	0	United_States	United_States	1	North_America	North_America	1	anti_PD1_only	anti_PD1_based_unspecified_mix	0	nan	0.36353771025501896	3.6375861597263857	4.574710978503383	1.085571598218901	0.2896984855829794	0.3022554757028195	0.03619677568983824
S3_EXCLUDE_LEE_SITES	random_forest	Spencer_US	Frankel_US	97	39	71	26	24	15	326	5.144767586148716e-07	"{""max_features"": ""sqrt"", ""min_samples_leaf"": 5}"	0.4444444444444444	0.26243055555555556	0.6472222222222223	500	0.5773022813798722	0.24834607284563204	0.5	1.0	0.0	0.6972523507258825	Spencer_2021	Frankel_2017	0	United_States	United_States	1	North_America	North_America	1	anti_PD1_based_unspecified_mix	mixed_ICI_including_combination	0	nan	0.11657414750198247	4.574710978503383	3.6635616461296463	1.37106100772541	0.4428438885729916	0.3915311991633044	0.059063371581780995
S3_EXCLUDE_LEE_SITES	random_forest	Spencer_US	Gopalakrishnan_US	97	25	71	26	14	11	326	5.144767586148716e-07	"{""max_features"": ""sqrt"", ""min_samples_leaf"": 5}"	0.6103896103896104	0.3762987012987013	0.8413961038961034	500	0.6388927903177082	0.2471788034618206	0.5909090909090909	1.0	0.18181818181818182	0.6980443468291565	Spencer_2021	Gopalakrishnan_2018	0	United_States	United_States	1	North_America	North_America	1	anti_PD1_based_unspecified_mix	anti_PD1_only	0	nan	0.17195876288659784	4.574710978503383	3.2188758248682006	0.8663222398807107	0.3242323634033718	0.32656385568073787	0.033931879280921985
S3_EXCLUDE_LEE_SITES	random_forest	Spencer_US	Lee_Leeds	97	18	71	26	10	8	326	5.144767586148716e-07	"{""max_features"": ""sqrt"", ""min_samples_leaf"": 5}"	0.5375	0.275	0.7875000000000001	500	0.715718954248366	0.24902645119138653	0.5	1.0	0.0	0.6906907681893292	Spencer_2021	Lee_2022_family	0	United_States	United_Kingdom	0	North_America	Europe	0	anti_PD1_based_unspecified_mix	mixed_ICI_including_combination	0	nan	0.1764032073310423	4.574710978503383	2.8903717578961645	1.8343999907642503	0.5462421632104126	0.47054562970191266	0.0711516832773583
S3_EXCLUDE_LEE_SITES	random_forest	Spencer_US	Lee_PRIMM_NL	97	55	71	26	33	22	326	5.144767586148716e-07	"{""max_features"": ""sqrt"", ""min_samples_leaf"": 5}"	0.5055096418732783	0.36015840220385675	0.6715220385674932	500	0.6506584963198647	0.24375530304521922	0.4696969696969697	0.8484848484848485	0.09090909090909091	0.68021041059885	Spencer_2021	Lee_2022_family	0	United_States	Netherlands	0	North_America	Europe	0	anti_PD1_based_unspecified_mix	mixed_ICI_including_combination	0	nan	0.1319587628865979	4.574710978503383	4.007333185232471	2.056853303314237	0.710936693632596	0.6077592582922652	0.059407540585743816
S3_EXCLUDE_LEE_SITES	random_forest	Spencer_US	Lee_PRIMM_UK	97	54	71	26	33	21	326	5.144767586148716e-07	"{""max_features"": ""sqrt"", ""min_samples_leaf"": 5}"	0.4098124098124098	0.25678210678210683	0.57027417027417	500	0.5603094607582723	0.24823641926535867	0.5324675324675325	0.9696969696969697	0.09523809523809523	0.6918114147048681	Spencer_2021	Lee_2022_family	0	United_States	United_Kingdom	0	North_America	Europe	0	anti_PD1_based_unspecified_mix	mixed_ICI_including_combination	0	nan	0.12084765177548673	4.574710978503383	3.9889840465642745	1.8951555363130812	0.6409902283621296	0.5444864834515294	0.06305335421682991
S3_EXCLUDE_LEE_SITES	random_forest	Spencer_US	Matson_US	97	38	71	26	14	24	326	5.144767586148716e-07	"{""max_features"": ""sqrt"", ""min_samples_leaf"": 5}"	0.4255952380952381	0.22619047619047616	0.6132440476190475	500	0.3871367385991231	0.32180664061987035	0.4851190476190476	0.9285714285714286	0.041666666666666664	0.8462186837691898	Spencer_2021	Matson_2018	0	United_States	United_States	1	North_America	North_America	1	anti_PD1_based_unspecified_mix	anti_PD1_only	0	nan	0.36353771025501896	4.574710978503383	3.6375861597263857	1.085571598218901	0.2896984855829794	0.3022554757028195	0.03619677568983824
