scenario	model	domain_a	domain_b	auc_a_to_b	auc_b_to_a	reciprocal_mean_auc	reciprocal_min_auc	reciprocal_max_auc	absolute_directional_asymmetry	train_size_difference_absolute	response_rate_difference_absolute	same_study_family	same_country	same_treatment_scope_group	aitchison_centroid_distance	bray_curtis_centroid_distance	jensen_shannon_distance	prevalence_l1_distance
PRIMARY	elastic_net	Frankel_US	Gopalakrishnan_US	0.6298701298701298	0.46944444444444444	0.5496572871572871	0.46944444444444444	0.6298701298701298	0.16042568542568536	14	0.055384615384615365	0	1	0	1.4601102198390727	0.5138555257100887	0.457773044074274	0.0727642304785162
PRIMARY	elastic_net	Frankel_US	Lee_Barcelona	0.3055555555555556	0.3416666666666667	0.3236111111111111	0.3055555555555556	0.3416666666666667	0.036111111111111094	27	0.11538461538461542	0	0	1	2.148005799674066	0.5625705120362823	0.5030899391825384	0.08056573056573058
PRIMARY	elastic_net	Frankel_US	Lee_Leeds	0.16249999999999998	0.38055555555555554	0.27152777777777776	0.16249999999999998	0.38055555555555554	0.21805555555555556	21	0.05982905982905984	0	0	1	2.0000659164923533	0.43330674562958954	0.39824176658373817	0.06973855069093164
PRIMARY	elastic_net	Frankel_US	Lee_Manchester	0.4935897435897436	0.4388888888888889	0.46623931623931625	0.4388888888888889	0.4935897435897436	0.05470085470085473	14	0.13538461538461544	0	0	1	2.0576633286376182	0.5284366611922444	0.4800730908319456	0.07087714402000117
PRIMARY	elastic_net	Frankel_US	Lee_PRIMM_NL	0.534435261707989	0.46388888888888885	0.4991620752984389	0.46388888888888885	0.534435261707989	0.0705463728191002	16	0.015384615384615441	0	0	1	2.1537283003203482	0.5362672870971259	0.49418965792965314	0.07240103811532383
PRIMARY	elastic_net	Frankel_US	Lee_PRIMM_UK	0.48773448773448774	0.41388888888888886	0.4508116883116883	0.41388888888888886	0.48773448773448774	0.07384559884559888	15	0.004273504273504258	0	0	1	1.822480321344653	0.5029369678988839	0.44529863877920617	0.06176134271372367
PRIMARY	elastic_net	Frankel_US	Matson_US	0.3630952380952381	0.5277777777777778	0.4454365079365079	0.3630952380952381	0.5277777777777778	0.1646825396825397	1	0.2469635627530365	0	1	0	1.0679491869084694	0.4539916266983753	0.38945877784631266	0.04694336574035822
PRIMARY	elastic_net	Frankel_US	Spencer_US	0.5319609967497291	0.44166666666666665	0.48681383170819786	0.44166666666666665	0.5319609967497291	0.09029433008306242	58	0.11657414750198247	0	1	0	1.37106100772541	0.4428438885729916	0.3915311991633044	0.059063371581780995
PRIMARY	elastic_net	Gopalakrishnan_US	Lee_Barcelona	0.33333333333333337	0.4935064935064935	0.41341991341991347	0.33333333333333337	0.4935064935064935	0.16017316017316013	13	0.06000000000000005	0	0	0	1.7464261293987988	0.43864029899351553	0.4368346369614659	0.07725321239606954
PRIMARY	elastic_net	Gopalakrishnan_US	Lee_Leeds	0.35	0.4805194805194805	0.4152597402597402	0.35	0.4805194805194805	0.13051948051948054	7	0.004444444444444473	0	0	0	2.0440113218725884	0.6134426055677813	0.5216269539720565	0.08646107331821616
PRIMARY	elastic_net	Gopalakrishnan_US	Lee_Manchester	0.5448717948717949	0.512987012987013	0.5289294039294039	0.512987012987013	0.5448717948717949	0.03188478188478194	0	0.08000000000000007	0	0	0	2.156186223234672	0.7155554538377515	0.6032222163102883	0.08168707482993197
PRIMARY	elastic_net	Gopalakrishnan_US	Lee_PRIMM_NL	0.709366391184573	0.44805194805194803	0.5787091696182605	0.44805194805194803	0.709366391184573	0.261314443132625	30	0.039999999999999925	0	0	0	2.1884513111812445	0.7745689314443972	0.6511689475893659	0.07338528138528139
PRIMARY	elastic_net	Gopalakrishnan_US	Lee_PRIMM_UK	0.598845598845599	0.6168831168831168	0.6078643578643579	0.598845598845599	0.6168831168831168	0.018037518037517852	29	0.05111111111111111	0	0	0	2.0629884886791996	0.7029774214674973	0.5924470851118022	0.07848122952884858
PRIMARY	elastic_net	Gopalakrishnan_US	Matson_US	0.5535714285714286	0.6688311688311688	0.6112012987012987	0.5535714285714286	0.6688311688311688	0.11525974025974017	13	0.19157894736842113	0	1	1	1.1378781135158458	0.32940473391192715	0.35644838628752057	0.0470108604845447
PRIMARY	elastic_net	Gopalakrishnan_US	Spencer_US	0.47887323943661975	0.4155844155844156	0.4472288275105177	0.4155844155844156	0.47887323943661975	0.06328882385220413	72	0.17195876288659784	0	1	0	0.8663222398807107	0.3242323634033718	0.32656385568073787	0.033931879280921985
PRIMARY	elastic_net	Lee_Barcelona	Lee_Leeds	0.6875	0.7777777777777779	0.732638888888889	0.6875	0.7777777777777779	0.0902777777777779	6	0.05555555555555558	1	0	1	1.900081845184206	0.5949875337870366	0.5175184809533883	0.0664525069286974
PRIMARY	elastic_net	Lee_Barcelona	Lee_Manchester	0.5641025641025641	0.2222222222222222	0.39316239316239315	0.2222222222222222	0.5641025641025641	0.3418803418803419	13	0.020000000000000018	1	0	1	2.2125872071199106	0.699237363642387	0.5968096276682744	0.0739697656840514
PRIMARY	elastic_net	Lee_Barcelona	Lee_PRIMM_NL	0.4380165289256199	0.5555555555555556	0.49678604224058776	0.4380165289256199	0.5555555555555556	0.1175390266299357	43	0.09999999999999998	1	0	1	2.2654600312628763	0.7635200611439845	0.6434861265694625	0.0709798666941524
PRIMARY	elastic_net	Lee_Barcelona	Lee_PRIMM_UK	0.5512265512265513	0.41666666666666663	0.48394660894660896	0.41666666666666663	0.5512265512265513	0.13455988455988466	42	0.11111111111111116	1	0	1	2.1906652798974484	0.6864949908918968	0.594816419606938	0.07321323591164862
PRIMARY	elastic_net	Lee_Barcelona	Matson_US	0.45535714285714285	0.3611111111111111	0.408234126984127	0.3611111111111111	0.45535714285714285	0.09424603174603174	26	0.13157894736842107	0	0	0	1.9036925455120652	0.5117333886100498	0.4641582272842964	0.07052750924931375
PRIMARY	elastic_net	Lee_Barcelona	Spencer_US	0.4875406283856988	0.75	0.6187703141928493	0.4875406283856988	0.75	0.2624593716143012	85	0.2319587628865979	0	0	0	1.391846202645219	0.4289819163420409	0.40151921943678875	0.059569784385690126
PRIMARY	elastic_net	Lee_Leeds	Lee_Manchester	0.49358974358974356	0.35	0.42179487179487174	0.35	0.49358974358974356	0.14358974358974358	7	0.0755555555555556	1	1	1	1.5545824937549038	0.47164689705627394	0.4330400701509546	0.05555555555555555
PRIMARY	elastic_net	Lee_Leeds	Lee_PRIMM_NL	0.45041322314049587	0.4875	0.4689566115702479	0.45041322314049587	0.4875	0.03708677685950412	37	0.0444444444444444	1	0	1	1.5566246650097413	0.4778931549680615	0.43468033313280113	0.058371927895737426
PRIMARY	elastic_net	Lee_Leeds	Lee_PRIMM_UK	0.5266955266955268	0.7375	0.6320977633477634	0.5266955266955268	0.7375	0.21080447330447327	36	0.05555555555555558	1	1	1	1.4223043524177503	0.4473893542658809	0.4113155539569585	0.05030654237003443
PRIMARY	elastic_net	Lee_Leeds	Matson_US	0.34523809523809523	0.7375	0.5413690476190476	0.34523809523809523	0.7375	0.3922619047619048	20	0.18713450292397665	0	0	0	1.9771596498918715	0.5811823747640369	0.49020061089929295	0.07011311347150946
PRIMARY	elastic_net	Lee_Leeds	Spencer_US	0.4756229685807151	0.55	0.5128114842903576	0.4756229685807151	0.55	0.07437703141928492	79	0.1764032073310423	0	0	0	1.8343999907642503	0.5462421632104126	0.47054562970191266	0.0711516832773583
PRIMARY	elastic_net	Lee_Manchester	Lee_PRIMM_NL	0.5440771349862259	0.3141025641025641	0.429089849544395	0.3141025641025641	0.5440771349862259	0.2299745708836618	30	0.12	1	0	1	1.023240361097451	0.37225480323409776	0.3551927713469969	0.039582766439909295
PRIMARY	elastic_net	Lee_Manchester	Lee_PRIMM_UK	0.6176046176046177	0.3333333333333333	0.4754689754689755	0.3333333333333333	0.6176046176046177	0.2842712842712844	29	0.13111111111111118	1	1	1	0.9138188960887204	0.3284935922301878	0.31756491921131447	0.036730326698580666
PRIMARY	elastic_net	Lee_Manchester	Matson_US	0.4166666666666667	0.34615384615384615	0.3814102564102564	0.34615384615384615	0.4166666666666667	0.07051282051282054	13	0.11157894736842106	0	0	0	2.0526455035056514	0.652012344550797	0.5576993360744268	0.06928177586824205
PRIMARY	elastic_net	Lee_Manchester	Spencer_US	0.45828819068255683	0.3269230769230769	0.3926056338028169	0.3269230769230769	0.45828819068255683	0.1313651137594799	72	0.2519587628865979	0	0	0	1.9981247694722843	0.6634308562491238	0.5626092193735298	0.06764326624120438
PRIMARY	elastic_net	Lee_PRIMM_NL	Lee_PRIMM_UK	0.56998556998557	0.6597796143250688	0.6148825921553194	0.56998556998557	0.6597796143250688	0.08979404433949878	1	0.011111111111111183	1	0	1	0.979761610673823	0.2947752855170625	0.3098038865253837	0.039137100406941676
PRIMARY	elastic_net	Lee_PRIMM_NL	Matson_US	0.5595238095238095	0.36914600550964183	0.4643349075167257	0.36914600550964183	0.5595238095238095	0.1903778040141677	17	0.23157894736842105	0	0	0	2.151580063750936	0.7076207020813287	0.5984839380121251	0.06549751000878819
PRIMARY	elastic_net	Lee_PRIMM_NL	Spencer_US	0.5140845070422535	0.5068870523415977	0.5104857796919255	0.5068870523415977	0.5140845070422535	0.007197454700655803	42	0.1319587628865979	0	0	0	2.056853303314237	0.710936693632596	0.6077592582922652	0.059407540585743816
PRIMARY	elastic_net	Lee_PRIMM_UK	Matson_US	0.5148809523809523	0.49350649350649356	0.504193722943723	0.49350649350649356	0.5148809523809523	0.021374458874458768	16	0.24269005847953223	0	0	0	1.8534931918759978	0.6124204863537068	0.5259206807769226	0.06252182484429769
PRIMARY	elastic_net	Lee_PRIMM_UK	Spencer_US	0.5471289274106175	0.4314574314574315	0.4892931794340245	0.4314574314574315	0.5471289274106175	0.11567149595318599	43	0.12084765177548673	0	0	0	1.8951555363130812	0.6409902283621296	0.5444864834515294	0.06305335421682991
PRIMARY	elastic_net	Matson_US	Spencer_US	0.47616468039003246	0.6041666666666666	0.5401656735283495	0.47616468039003246	0.6041666666666666	0.12800198627663417	59	0.36353771025501896	0	1	0	1.085571598218901	0.2896984855829794	0.3022554757028195	0.03619677568983824
PRIMARY	random_forest	Frankel_US	Gopalakrishnan_US	0.5974025974025974	0.35	0.4737012987012987	0.35	0.5974025974025974	0.2474025974025974	14	0.055384615384615365	0	1	0	1.4601102198390727	0.5138555257100887	0.457773044074274	0.0727642304785162
PRIMARY	random_forest	Frankel_US	Lee_Barcelona	0.6666666666666666	0.5125	0.5895833333333333	0.5125	0.6666666666666666	0.15416666666666667	27	0.11538461538461542	0	0	1	2.148005799674066	0.5625705120362823	0.5030899391825384	0.08056573056573058
PRIMARY	random_forest	Frankel_US	Lee_Leeds	0.23750000000000002	0.4333333333333333	0.33541666666666664	0.23750000000000002	0.4333333333333333	0.19583333333333328	21	0.05982905982905984	0	0	1	2.0000659164923533	0.43330674562958954	0.39824176658373817	0.06973855069093164
PRIMARY	random_forest	Frankel_US	Lee_Manchester	0.45512820512820507	0.4666666666666667	0.46089743589743587	0.45512820512820507	0.4666666666666667	0.011538461538461608	14	0.13538461538461544	0	0	1	2.0576633286376182	0.5284366611922444	0.4800730908319456	0.07087714402000117
PRIMARY	random_forest	Frankel_US	Lee_PRIMM_NL	0.5289256198347108	0.5	0.5144628099173554	0.5	0.5289256198347108	0.02892561983471076	16	0.015384615384615441	0	0	1	2.1537283003203482	0.5362672870971259	0.49418965792965314	0.07240103811532383
PRIMARY	random_forest	Frankel_US	Lee_PRIMM_UK	0.5093795093795094	0.5027777777777778	0.5060786435786435	0.5027777777777778	0.5093795093795094	0.0066017316017316086	15	0.004273504273504258	0	0	1	1.822480321344653	0.5029369678988839	0.44529863877920617	0.06176134271372367
PRIMARY	random_forest	Frankel_US	Matson_US	0.36011904761904767	0.4444444444444444	0.40228174603174605	0.36011904761904767	0.4444444444444444	0.08432539682539675	1	0.2469635627530365	0	1	0	1.0679491869084694	0.4539916266983753	0.38945877784631266	0.04694336574035822
PRIMARY	random_forest	Frankel_US	Spencer_US	0.4609967497291441	0.65	0.5554983748645721	0.4609967497291441	0.65	0.1890032502708559	58	0.11657414750198247	0	1	0	1.37106100772541	0.4428438885729916	0.3915311991633044	0.059063371581780995
PRIMARY	random_forest	Gopalakrishnan_US	Lee_Barcelona	0.05555555555555556	0.24025974025974028	0.14790764790764793	0.05555555555555556	0.24025974025974028	0.18470418470418473	13	0.06000000000000005	0	0	0	1.7464261293987988	0.43864029899351553	0.4368346369614659	0.07725321239606954
PRIMARY	random_forest	Gopalakrishnan_US	Lee_Leeds	0.3125	0.474025974025974	0.393262987012987	0.3125	0.474025974025974	0.16152597402597402	7	0.004444444444444473	0	0	0	2.0440113218725884	0.6134426055677813	0.5216269539720565	0.08646107331821616
PRIMARY	random_forest	Gopalakrishnan_US	Lee_Manchester	0.4807692307692307	0.6753246753246753	0.578046953046953	0.4807692307692307	0.6753246753246753	0.1945554445554446	0	0.08000000000000007	0	0	0	2.156186223234672	0.7155554538377515	0.6032222163102883	0.08168707482993197
PRIMARY	random_forest	Gopalakrishnan_US	Lee_PRIMM_NL	0.6033057851239669	0.6298701298701299	0.6165879574970484	0.6033057851239669	0.6298701298701299	0.026564344746162982	30	0.039999999999999925	0	0	0	2.1884513111812445	0.7745689314443972	0.6511689475893659	0.07338528138528139
PRIMARY	random_forest	Gopalakrishnan_US	Lee_PRIMM_UK	0.621933621933622	0.5194805194805195	0.5707070707070707	0.5194805194805195	0.621933621933622	0.10245310245310246	29	0.05111111111111111	0	0	0	2.0629884886791996	0.7029774214674973	0.5924470851118022	0.07848122952884858
PRIMARY	random_forest	Gopalakrishnan_US	Matson_US	0.4910714285714286	0.5	0.4955357142857143	0.4910714285714286	0.5	0.008928571428571397	13	0.19157894736842113	0	1	1	1.1378781135158458	0.32940473391192715	0.35644838628752057	0.0470108604845447
PRIMARY	random_forest	Gopalakrishnan_US	Spencer_US	0.5736728060671722	0.5974025974025974	0.5855377017348848	0.5736728060671722	0.5974025974025974	0.023729791335425188	72	0.17195876288659784	0	1	0	0.8663222398807107	0.3242323634033718	0.32656385568073787	0.033931879280921985
PRIMARY	random_forest	Lee_Barcelona	Lee_Leeds	0.43749999999999994	0.3333333333333333	0.38541666666666663	0.3333333333333333	0.43749999999999994	0.10416666666666663	6	0.05555555555555558	1	0	1	1.900081845184206	0.5949875337870366	0.5175184809533883	0.0664525069286974
PRIMARY	random_forest	Lee_Barcelona	Lee_Manchester	0.22756410256410253	0.3055555555555555	0.266559829059829	0.22756410256410253	0.3055555555555555	0.07799145299145299	13	0.020000000000000018	1	0	1	2.2125872071199106	0.699237363642387	0.5968096276682744	0.0739697656840514
PRIMARY	random_forest	Lee_Barcelona	Lee_PRIMM_NL	0.5075757575757576	0.8611111111111112	0.6843434343434344	0.5075757575757576	0.8611111111111112	0.3535353535353536	43	0.09999999999999998	1	0	1	2.2654600312628763	0.7635200611439845	0.6434861265694625	0.0709798666941524
PRIMARY	random_forest	Lee_Barcelona	Lee_PRIMM_UK	0.4083694083694084	0.4444444444444445	0.42640692640692646	0.4083694083694084	0.4444444444444445	0.03607503607503609	42	0.11111111111111116	1	0	1	2.1906652798974484	0.6864949908918968	0.594816419606938	0.07321323591164862
PRIMARY	random_forest	Lee_Barcelona	Matson_US	0.2663690476190476	0.13888888888888887	0.20262896825396826	0.13888888888888887	0.2663690476190476	0.12748015873015875	26	0.13157894736842107	0	0	0	1.9036925455120652	0.5117333886100498	0.4641582272842964	0.07052750924931375
PRIMARY	random_forest	Lee_Barcelona	Spencer_US	0.38136511375948	0.6944444444444444	0.5379047791019622	0.38136511375948	0.6944444444444444	0.3130793306849644	85	0.2319587628865979	0	0	0	1.391846202645219	0.4289819163420409	0.40151921943678875	0.059569784385690126
PRIMARY	random_forest	Lee_Leeds	Lee_Manchester	0.5705128205128205	0.175	0.37275641025641026	0.175	0.5705128205128205	0.3955128205128205	7	0.0755555555555556	1	1	1	1.5545824937549038	0.47164689705627394	0.4330400701509546	0.05555555555555555
PRIMARY	random_forest	Lee_Leeds	Lee_PRIMM_NL	0.522038567493113	0.6000000000000001	0.5610192837465565	0.522038567493113	0.6000000000000001	0.07796143250688714	37	0.0444444444444444	1	0	1	1.5566246650097413	0.4778931549680615	0.43468033313280113	0.058371927895737426
PRIMARY	random_forest	Lee_Leeds	Lee_PRIMM_UK	0.5642135642135642	0.3875	0.47585678210678206	0.3875	0.5642135642135642	0.17671356421356416	36	0.05555555555555558	1	1	1	1.4223043524177503	0.4473893542658809	0.4113155539569585	0.05030654237003443
PRIMARY	random_forest	Lee_Leeds	Matson_US	0.5297619047619048	0.48750000000000004	0.5086309523809525	0.48750000000000004	0.5297619047619048	0.04226190476190472	20	0.18713450292397665	0	0	0	1.9771596498918715	0.5811823747640369	0.49020061089929295	0.07011311347150946
PRIMARY	random_forest	Lee_Leeds	Spencer_US	0.46153846153846156	0.5375	0.49951923076923077	0.46153846153846156	0.5375	0.07596153846153841	79	0.1764032073310423	0	0	0	1.8343999907642503	0.5462421632104126	0.47054562970191266	0.0711516832773583
PRIMARY	random_forest	Lee_Manchester	Lee_PRIMM_NL	0.49311294765840225	0.34615384615384615	0.4196333969061242	0.34615384615384615	0.49311294765840225	0.1469591015045561	30	0.12	1	0	1	1.023240361097451	0.37225480323409776	0.3551927713469969	0.039582766439909295
PRIMARY	random_forest	Lee_Manchester	Lee_PRIMM_UK	0.5901875901875901	0.41666666666666663	0.5034271284271283	0.41666666666666663	0.5901875901875901	0.17352092352092352	29	0.13111111111111118	1	1	1	0.9138188960887204	0.3284935922301878	0.31756491921131447	0.036730326698580666
PRIMARY	random_forest	Lee_Manchester	Matson_US	0.5625	0.4807692307692307	0.5216346153846154	0.4807692307692307	0.5625	0.08173076923076927	13	0.11157894736842106	0	0	0	2.0526455035056514	0.652012344550797	0.5576993360744268	0.06928177586824205
PRIMARY	random_forest	Lee_Manchester	Spencer_US	0.5390032502708559	0.36538461538461536	0.4521939328277357	0.36538461538461536	0.5390032502708559	0.17361863488624057	72	0.2519587628865979	0	0	0	1.9981247694722843	0.6634308562491238	0.5626092193735298	0.06764326624120438
PRIMARY	random_forest	Lee_PRIMM_NL	Lee_PRIMM_UK	0.7142857142857143	0.6046831955922864	0.6594844549390004	0.6046831955922864	0.7142857142857143	0.10960251869342785	1	0.011111111111111183	1	0	1	0.979761610673823	0.2947752855170625	0.3098038865253837	0.039137100406941676
PRIMARY	random_forest	Lee_PRIMM_NL	Matson_US	0.44047619047619047	0.4297520661157025	0.4351141282959465	0.4297520661157025	0.44047619047619047	0.010724124360487974	17	0.23157894736842105	0	0	0	2.151580063750936	0.7076207020813287	0.5984839380121251	0.06549751000878819
PRIMARY	random_forest	Lee_PRIMM_NL	Spencer_US	0.44582881906825567	0.5371900826446281	0.4915094508564419	0.44582881906825567	0.5371900826446281	0.09136126357637242	42	0.1319587628865979	0	0	0	2.056853303314237	0.710936693632596	0.6077592582922652	0.059407540585743816
PRIMARY	random_forest	Lee_PRIMM_UK	Matson_US	0.5178571428571429	0.5238095238095238	0.5208333333333334	0.5178571428571429	0.5238095238095238	0.005952380952380931	16	0.24269005847953223	0	0	0	1.8534931918759978	0.6124204863537068	0.5259206807769226	0.06252182484429769
PRIMARY	random_forest	Lee_PRIMM_UK	Spencer_US	0.5357529794149513	0.47186147186147187	0.5038072256382116	0.47186147186147187	0.5357529794149513	0.06389150755347939	43	0.12084765177548673	0	0	0	1.8951555363130812	0.6409902283621296	0.5444864834515294	0.06305335421682991
PRIMARY	random_forest	Matson_US	Spencer_US	0.45774647887323944	0.4583333333333333	0.4580399061032864	0.45774647887323944	0.4583333333333333	0.0005868544600938774	59	0.36353771025501896	0	1	0	1.085571598218901	0.2896984855829794	0.3022554757028195	0.03619677568983824
PRIMARY	ridge	Frankel_US	Gopalakrishnan_US	0.512987012987013	0.46944444444444444	0.4912157287157287	0.46944444444444444	0.512987012987013	0.04354256854256855	14	0.055384615384615365	0	1	0	1.4601102198390727	0.5138555257100887	0.457773044074274	0.0727642304785162
PRIMARY	ridge	Frankel_US	Lee_Barcelona	0.25	0.4388888888888889	0.34444444444444444	0.25	0.4388888888888889	0.18888888888888888	27	0.11538461538461542	0	0	1	2.148005799674066	0.5625705120362823	0.5030899391825384	0.08056573056573058
PRIMARY	ridge	Frankel_US	Lee_Leeds	0.22500000000000003	0.39722222222222225	0.3111111111111111	0.22500000000000003	0.39722222222222225	0.17222222222222222	21	0.05982905982905984	0	0	1	2.0000659164923533	0.43330674562958954	0.39824176658373817	0.06973855069093164
PRIMARY	ridge	Frankel_US	Lee_Manchester	0.4807692307692307	0.5138888888888888	0.4973290598290598	0.4807692307692307	0.5138888888888888	0.03311965811965811	14	0.13538461538461544	0	0	1	2.0576633286376182	0.5284366611922444	0.4800730908319456	0.07087714402000117
PRIMARY	ridge	Frankel_US	Lee_PRIMM_NL	0.5123966942148761	0.47777777777777775	0.4950872359963269	0.47777777777777775	0.5123966942148761	0.03461891643709836	16	0.015384615384615441	0	0	1	2.1537283003203482	0.5362672870971259	0.49418965792965314	0.07240103811532383
PRIMARY	ridge	Frankel_US	Lee_PRIMM_UK	0.5988455988455988	0.5166666666666667	0.5577561327561328	0.5166666666666667	0.5988455988455988	0.08217893217893213	15	0.004273504273504258	0	0	1	1.822480321344653	0.5029369678988839	0.44529863877920617	0.06176134271372367
PRIMARY	ridge	Frankel_US	Matson_US	0.369047619047619	0.375	0.37202380952380953	0.369047619047619	0.375	0.005952380952380987	1	0.2469635627530365	0	1	0	1.0679491869084694	0.4539916266983753	0.38945877784631266	0.04694336574035822
PRIMARY	ridge	Frankel_US	Spencer_US	0.49024918743228607	0.49722222222222223	0.49373570482725415	0.49024918743228607	0.49722222222222223	0.006973034789936161	58	0.11657414750198247	0	1	0	1.37106100772541	0.4428438885729916	0.3915311991633044	0.059063371581780995
PRIMARY	ridge	Gopalakrishnan_US	Lee_Barcelona	0.25	0.2272727272727273	0.23863636363636365	0.2272727272727273	0.25	0.022727272727272707	13	0.06000000000000005	0	0	0	1.7464261293987988	0.43864029899351553	0.4368346369614659	0.07725321239606954
PRIMARY	ridge	Gopalakrishnan_US	Lee_Leeds	0.45	0.4025974025974026	0.4262987012987013	0.4025974025974026	0.45	0.04740259740259739	7	0.004444444444444473	0	0	0	2.0440113218725884	0.6134426055677813	0.5216269539720565	0.08646107331821616
PRIMARY	ridge	Gopalakrishnan_US	Lee_Manchester	0.5384615384615385	0.6103896103896104	0.5744255744255744	0.5384615384615385	0.6103896103896104	0.07192807192807182	0	0.08000000000000007	0	0	0	2.156186223234672	0.7155554538377515	0.6032222163102883	0.08168707482993197
PRIMARY	ridge	Gopalakrishnan_US	Lee_PRIMM_NL	0.6019283746556473	0.4545454545454546	0.528236914600551	0.4545454545454546	0.6019283746556473	0.14738292011019272	30	0.039999999999999925	0	0	0	2.1884513111812445	0.7745689314443972	0.6511689475893659	0.07338528138528139
PRIMARY	ridge	Gopalakrishnan_US	Lee_PRIMM_UK	0.673881673881674	0.7337662337662336	0.7038239538239538	0.673881673881674	0.7337662337662336	0.05988455988455965	29	0.05111111111111111	0	0	0	2.0629884886791996	0.7029774214674973	0.5924470851118022	0.07848122952884858
PRIMARY	ridge	Gopalakrishnan_US	Matson_US	0.4791666666666667	0.5909090909090908	0.5350378787878788	0.4791666666666667	0.5909090909090908	0.11174242424242414	13	0.19157894736842113	0	1	1	1.1378781135158458	0.32940473391192715	0.35644838628752057	0.0470108604845447
PRIMARY	ridge	Gopalakrishnan_US	Spencer_US	0.4257854821235103	0.2922077922077922	0.3589966371656512	0.2922077922077922	0.4257854821235103	0.1335776899157181	72	0.17195876288659784	0	1	0	0.8663222398807107	0.3242323634033718	0.32656385568073787	0.033931879280921985
PRIMARY	ridge	Lee_Barcelona	Lee_Leeds	0.625	0.6666666666666667	0.6458333333333334	0.625	0.6666666666666667	0.04166666666666674	6	0.05555555555555558	1	0	1	1.900081845184206	0.5949875337870366	0.5175184809533883	0.0664525069286974
PRIMARY	ridge	Lee_Barcelona	Lee_Manchester	0.4423076923076923	0.36111111111111105	0.40170940170940167	0.36111111111111105	0.4423076923076923	0.08119658119658124	13	0.020000000000000018	1	0	1	2.2125872071199106	0.699237363642387	0.5968096276682744	0.0739697656840514
PRIMARY	ridge	Lee_Barcelona	Lee_PRIMM_NL	0.40633608815427	0.5	0.453168044077135	0.40633608815427	0.5	0.09366391184572997	43	0.09999999999999998	1	0	1	2.2654600312628763	0.7635200611439845	0.6434861265694625	0.0709798666941524
PRIMARY	ridge	Lee_Barcelona	Lee_PRIMM_UK	0.3982683982683982	0.3611111111111111	0.37968975468975463	0.3611111111111111	0.3982683982683982	0.03715728715728711	42	0.11111111111111116	1	0	1	2.1906652798974484	0.6864949908918968	0.594816419606938	0.07321323591164862
PRIMARY	ridge	Lee_Barcelona	Matson_US	0.39880952380952384	0.27777777777777773	0.3382936507936508	0.27777777777777773	0.39880952380952384	0.1210317460317461	26	0.13157894736842107	0	0	0	1.9036925455120652	0.5117333886100498	0.4641582272842964	0.07052750924931375
PRIMARY	ridge	Lee_Barcelona	Spencer_US	0.5557963163596966	0.6111111111111112	0.5834537137354039	0.5557963163596966	0.6111111111111112	0.05531479475141454	85	0.2319587628865979	0	0	0	1.391846202645219	0.4289819163420409	0.40151921943678875	0.059569784385690126
PRIMARY	ridge	Lee_Leeds	Lee_Manchester	0.2948717948717948	0.225	0.2599358974358974	0.225	0.2948717948717948	0.06987179487179482	7	0.0755555555555556	1	1	1	1.5545824937549038	0.47164689705627394	0.4330400701509546	0.05555555555555555
PRIMARY	ridge	Lee_Leeds	Lee_PRIMM_NL	0.4944903581267218	0.4375	0.4659951790633609	0.4375	0.4944903581267218	0.05699035812672182	37	0.0444444444444444	1	0	1	1.5566246650097413	0.4778931549680615	0.43468033313280113	0.058371927895737426
PRIMARY	ridge	Lee_Leeds	Lee_PRIMM_UK	0.4862914862914863	0.575	0.5306457431457431	0.4862914862914863	0.575	0.08870851370851368	36	0.05555555555555558	1	1	1	1.4223043524177503	0.4473893542658809	0.4113155539569585	0.05030654237003443
PRIMARY	ridge	Lee_Leeds	Matson_US	0.47916666666666663	0.5249999999999999	0.5020833333333332	0.47916666666666663	0.5249999999999999	0.04583333333333328	20	0.18713450292397665	0	0	0	1.9771596498918715	0.5811823747640369	0.49020061089929295	0.07011311347150946
PRIMARY	ridge	Lee_Leeds	Spencer_US	0.5308775731310943	0.4375	0.48418878656554715	0.4375	0.5308775731310943	0.0933775731310943	79	0.1764032073310423	0	0	0	1.8343999907642503	0.5462421632104126	0.47054562970191266	0.0711516832773583
PRIMARY	ridge	Lee_Manchester	Lee_PRIMM_NL	0.5123966942148761	0.36538461538461536	0.43889065479974576	0.36538461538461536	0.5123966942148761	0.14701207883026074	30	0.12	1	0	1	1.023240361097451	0.37225480323409776	0.3551927713469969	0.039582766439909295
PRIMARY	ridge	Lee_Manchester	Lee_PRIMM_UK	0.5252525252525253	0.5897435897435896	0.5574980574980575	0.5252525252525253	0.5897435897435896	0.06449106449106434	29	0.13111111111111118	1	1	1	0.9138188960887204	0.3284935922301878	0.31756491921131447	0.036730326698580666
PRIMARY	ridge	Lee_Manchester	Matson_US	0.48511904761904756	0.5512820512820512	0.5182005494505494	0.48511904761904756	0.5512820512820512	0.06616300366300365	13	0.11157894736842106	0	0	0	2.0526455035056514	0.652012344550797	0.5576993360744268	0.06928177586824205
PRIMARY	ridge	Lee_Manchester	Spencer_US	0.43174431202600216	0.3974358974358974	0.4145901047309498	0.3974358974358974	0.43174431202600216	0.03430841459010475	72	0.2519587628865979	0	0	0	1.9981247694722843	0.6634308562491238	0.5626092193735298	0.06764326624120438
PRIMARY	ridge	Lee_PRIMM_NL	Lee_PRIMM_UK	0.6825396825396826	0.5826446280991735	0.632592155319428	0.5826446280991735	0.6825396825396826	0.09989505444050906	1	0.011111111111111183	1	0	1	0.979761610673823	0.2947752855170625	0.3098038865253837	0.039137100406941676
PRIMARY	ridge	Lee_PRIMM_NL	Matson_US	0.5386904761904762	0.43250688705234164	0.4855986816214089	0.43250688705234164	0.5386904761904762	0.10618358913813453	17	0.23157894736842105	0	0	0	2.151580063750936	0.7076207020813287	0.5984839380121251	0.06549751000878819
PRIMARY	ridge	Lee_PRIMM_NL	Spencer_US	0.5292524377031419	0.6074380165289256	0.5683452271160337	0.5292524377031419	0.6074380165289256	0.0781855788257837	42	0.1319587628865979	0	0	0	2.056853303314237	0.710936693632596	0.6077592582922652	0.059407540585743816
PRIMARY	ridge	Lee_PRIMM_UK	Matson_US	0.4285714285714286	0.46176046176046176	0.4451659451659452	0.4285714285714286	0.46176046176046176	0.03318903318903316	16	0.24269005847953223	0	0	0	1.8534931918759978	0.6124204863537068	0.5259206807769226	0.06252182484429769
PRIMARY	ridge	Lee_PRIMM_UK	Spencer_US	0.5222101841820153	0.5252525252525253	0.5237313547172703	0.5222101841820153	0.5252525252525253	0.003042341070510046	43	0.12084765177548673	0	0	0	1.8951555363130812	0.6409902283621296	0.5444864834515294	0.06305335421682991
PRIMARY	ridge	Matson_US	Spencer_US	0.5108342361863489	0.5922619047619048	0.5515480704741269	0.5108342361863489	0.5922619047619048	0.08142766857555583	59	0.36353771025501896	0	1	0	1.085571598218901	0.2896984855829794	0.3022554757028195	0.03619677568983824
S1_EXCLUDE_BCN12	elastic_net	Frankel_US	Gopalakrishnan_US	0.6298701298701298	0.46944444444444444	0.5496572871572871	0.46944444444444444	0.6298701298701298	0.16042568542568536	14	0.055384615384615365	0	1	0	1.4601102198390727	0.5138555257100887	0.457773044074274	0.0727642304785162
S1_EXCLUDE_BCN12	elastic_net	Frankel_US	Lee_Barcelona	0.23333333333333334	0.35277777777777775	0.2930555555555555	0.23333333333333334	0.35277777777777775	0.11944444444444441	28	0.1608391608391609	0	0	1	2.148005799674066	0.5625705120362823	0.5030899391825384	0.08056573056573058
S1_EXCLUDE_BCN12	elastic_net	Frankel_US	Lee_Leeds	0.16249999999999998	0.38055555555555554	0.27152777777777776	0.16249999999999998	0.38055555555555554	0.21805555555555556	21	0.05982905982905984	0	0	1	2.0000659164923533	0.43330674562958954	0.39824176658373817	0.06973855069093164
S1_EXCLUDE_BCN12	elastic_net	Frankel_US	Lee_Manchester	0.4935897435897436	0.4388888888888889	0.46623931623931625	0.4388888888888889	0.4935897435897436	0.05470085470085473	14	0.13538461538461544	0	0	1	2.0576633286376182	0.5284366611922444	0.4800730908319456	0.07087714402000117
S1_EXCLUDE_BCN12	elastic_net	Frankel_US	Lee_PRIMM_NL	0.534435261707989	0.4611111111111111	0.49777318640955004	0.4611111111111111	0.534435261707989	0.07332415059687797	16	0.015384615384615441	0	0	1	2.1537283003203482	0.5362672870971259	0.49418965792965314	0.07240103811532383
S1_EXCLUDE_BCN12	elastic_net	Frankel_US	Lee_PRIMM_UK	0.48629148629148633	0.4111111111111111	0.4487012987012987	0.4111111111111111	0.48629148629148633	0.07518037518037524	15	0.004273504273504258	0	0	1	1.822480321344653	0.5029369678988839	0.44529863877920617	0.06176134271372367
S1_EXCLUDE_BCN12	elastic_net	Frankel_US	Matson_US	0.3630952380952381	0.5277777777777778	0.4454365079365079	0.3630952380952381	0.5277777777777778	0.1646825396825397	1	0.2469635627530365	0	1	0	1.0679491869084694	0.4539916266983753	0.38945877784631266	0.04694336574035822
S1_EXCLUDE_BCN12	elastic_net	Frankel_US	Spencer_US	0.5319609967497291	0.4444444444444444	0.48820272059708675	0.4444444444444444	0.5319609967497291	0.08751655230528466	58	0.11657414750198247	0	1	0	1.37106100772541	0.4428438885729916	0.3915311991633044	0.059063371581780995
S1_EXCLUDE_BCN12	elastic_net	Gopalakrishnan_US	Lee_Barcelona	0.2666666666666667	0.4610389610389611	0.36385281385281387	0.2666666666666667	0.4610389610389611	0.19437229437229436	14	0.10545454545454552	0	0	0	1.7464261293987988	0.43864029899351553	0.4368346369614659	0.07725321239606954
S1_EXCLUDE_BCN12	elastic_net	Gopalakrishnan_US	Lee_Leeds	0.35	0.4805194805194805	0.4152597402597402	0.35	0.4805194805194805	0.13051948051948054	7	0.004444444444444473	0	0	0	2.0440113218725884	0.6134426055677813	0.5216269539720565	0.08646107331821616
S1_EXCLUDE_BCN12	elastic_net	Gopalakrishnan_US	Lee_Manchester	0.5448717948717949	0.512987012987013	0.5289294039294039	0.512987012987013	0.5448717948717949	0.03188478188478194	0	0.08000000000000007	0	0	0	2.156186223234672	0.7155554538377515	0.6032222163102883	0.08168707482993197
S1_EXCLUDE_BCN12	elastic_net	Gopalakrishnan_US	Lee_PRIMM_NL	0.7066115702479339	0.44805194805194803	0.577331759149941	0.44805194805194803	0.7066115702479339	0.2585596221959858	30	0.039999999999999925	0	0	0	2.1884513111812445	0.7745689314443972	0.6511689475893659	0.07338528138528139
S1_EXCLUDE_BCN12	elastic_net	Gopalakrishnan_US	Lee_PRIMM_UK	0.598845598845599	0.6168831168831168	0.6078643578643579	0.598845598845599	0.6168831168831168	0.018037518037517852	29	0.05111111111111111	0	0	0	2.0629884886791996	0.7029774214674973	0.5924470851118022	0.07848122952884858
S1_EXCLUDE_BCN12	elastic_net	Gopalakrishnan_US	Matson_US	0.5535714285714286	0.6688311688311688	0.6112012987012987	0.5535714285714286	0.6688311688311688	0.11525974025974017	13	0.19157894736842113	0	1	1	1.1378781135158458	0.32940473391192715	0.35644838628752057	0.0470108604845447
S1_EXCLUDE_BCN12	elastic_net	Gopalakrishnan_US	Spencer_US	0.47887323943661975	0.4155844155844156	0.4472288275105177	0.4155844155844156	0.47887323943661975	0.06328882385220413	72	0.17195876288659784	0	1	0	0.8663222398807107	0.3242323634033718	0.32656385568073787	0.033931879280921985
S1_EXCLUDE_BCN12	elastic_net	Lee_Barcelona	Lee_Leeds	0.6625	0.7666666666666667	0.7145833333333333	0.6625	0.7666666666666667	0.10416666666666674	7	0.10101010101010105	1	0	1	1.900081845184206	0.5949875337870366	0.5175184809533883	0.0664525069286974
S1_EXCLUDE_BCN12	elastic_net	Lee_Barcelona	Lee_Manchester	0.5576923076923076	0.23333333333333334	0.39551282051282044	0.23333333333333334	0.5576923076923076	0.32435897435897426	14	0.025454545454545452	1	0	1	2.2125872071199106	0.699237363642387	0.5968096276682744	0.0739697656840514
S1_EXCLUDE_BCN12	elastic_net	Lee_Barcelona	Lee_PRIMM_NL	0.418732782369146	0.5	0.459366391184573	0.418732782369146	0.5	0.08126721763085398	44	0.14545454545454545	1	0	1	2.2654600312628763	0.7635200611439845	0.6434861265694625	0.0709798666941524
S1_EXCLUDE_BCN12	elastic_net	Lee_Barcelona	Lee_PRIMM_UK	0.5411255411255411	0.3	0.4205627705627706	0.3	0.5411255411255411	0.24112554112554113	43	0.15656565656565663	1	0	1	2.1906652798974484	0.6864949908918968	0.594816419606938	0.07321323591164862
S1_EXCLUDE_BCN12	elastic_net	Lee_Barcelona	Matson_US	0.3869047619047619	0.3333333333333333	0.3601190476190476	0.3333333333333333	0.3869047619047619	0.0535714285714286	27	0.0861244019138756	0	0	0	1.9036925455120652	0.5117333886100498	0.4641582272842964	0.07052750924931375
S1_EXCLUDE_BCN12	elastic_net	Lee_Barcelona	Spencer_US	0.4956663055254605	0.7	0.5978331527627302	0.4956663055254605	0.7	0.20433369447453947	86	0.27741330834114336	0	0	0	1.391846202645219	0.4289819163420409	0.40151921943678875	0.059569784385690126
S1_EXCLUDE_BCN12	elastic_net	Lee_Leeds	Lee_Manchester	0.49358974358974356	0.35	0.42179487179487174	0.35	0.49358974358974356	0.14358974358974358	7	0.0755555555555556	1	1	1	1.5545824937549038	0.47164689705627394	0.4330400701509546	0.05555555555555555
S1_EXCLUDE_BCN12	elastic_net	Lee_Leeds	Lee_PRIMM_NL	0.45041322314049587	0.4875	0.4689566115702479	0.45041322314049587	0.4875	0.03708677685950412	37	0.0444444444444444	1	0	1	1.5566246650097413	0.4778931549680615	0.43468033313280113	0.058371927895737426
S1_EXCLUDE_BCN12	elastic_net	Lee_Leeds	Lee_PRIMM_UK	0.5252525252525253	0.7375	0.6313762626262627	0.5252525252525253	0.7375	0.21224747474747474	36	0.05555555555555558	1	1	1	1.4223043524177503	0.4473893542658809	0.4113155539569585	0.05030654237003443
S1_EXCLUDE_BCN12	elastic_net	Lee_Leeds	Matson_US	0.34523809523809523	0.7375	0.5413690476190476	0.34523809523809523	0.7375	0.3922619047619048	20	0.18713450292397665	0	0	0	1.9771596498918715	0.5811823747640369	0.49020061089929295	0.07011311347150946
S1_EXCLUDE_BCN12	elastic_net	Lee_Leeds	Spencer_US	0.4761646803900325	0.55	0.5130823401950163	0.4761646803900325	0.55	0.07383531960996753	79	0.1764032073310423	0	0	0	1.8343999907642503	0.5462421632104126	0.47054562970191266	0.0711516832773583
S1_EXCLUDE_BCN12	elastic_net	Lee_Manchester	Lee_PRIMM_NL	0.5426997245179064	0.30769230769230765	0.42519601610510704	0.30769230769230765	0.5426997245179064	0.23500741682559873	30	0.12	1	0	1	1.023240361097451	0.37225480323409776	0.3551927713469969	0.039582766439909295
S1_EXCLUDE_BCN12	elastic_net	Lee_Manchester	Lee_PRIMM_UK	0.6176046176046177	0.3333333333333333	0.4754689754689755	0.3333333333333333	0.6176046176046177	0.2842712842712844	29	0.13111111111111118	1	1	1	0.9138188960887204	0.3284935922301878	0.31756491921131447	0.036730326698580666
S1_EXCLUDE_BCN12	elastic_net	Lee_Manchester	Matson_US	0.41369047619047616	0.34615384615384615	0.37992216117216115	0.34615384615384615	0.41369047619047616	0.06753663003663002	13	0.11157894736842106	0	0	0	2.0526455035056514	0.652012344550797	0.5576993360744268	0.06928177586824205
S1_EXCLUDE_BCN12	elastic_net	Lee_Manchester	Spencer_US	0.45612134344528704	0.3269230769230769	0.391522210184182	0.3269230769230769	0.45612134344528704	0.12919826652221011	72	0.2519587628865979	0	0	0	1.9981247694722843	0.6634308562491238	0.5626092193735298	0.06764326624120438
S1_EXCLUDE_BCN12	elastic_net	Lee_PRIMM_NL	Lee_PRIMM_UK	0.572871572871573	0.6584022038567493	0.6156368883641612	0.572871572871573	0.6584022038567493	0.08553063098517633	1	0.011111111111111183	1	0	1	0.979761610673823	0.2947752855170625	0.3098038865253837	0.039137100406941676
S1_EXCLUDE_BCN12	elastic_net	Lee_PRIMM_NL	Matson_US	0.5595238095238095	0.36914600550964183	0.4643349075167257	0.36914600550964183	0.5595238095238095	0.1903778040141677	17	0.23157894736842105	0	0	0	2.151580063750936	0.7076207020813287	0.5984839380121251	0.06549751000878819
S1_EXCLUDE_BCN12	elastic_net	Lee_PRIMM_NL	Spencer_US	0.5130010834236186	0.5082644628099173	0.5106327731167679	0.5082644628099173	0.5130010834236186	0.004736620613701281	42	0.1319587628865979	0	0	0	2.056853303314237	0.710936693632596	0.6077592582922652	0.059407540585743816
S1_EXCLUDE_BCN12	elastic_net	Lee_PRIMM_UK	Matson_US	0.5148809523809523	0.49350649350649356	0.504193722943723	0.49350649350649356	0.5148809523809523	0.021374458874458768	16	0.24269005847953223	0	0	0	1.8534931918759978	0.6124204863537068	0.5259206807769226	0.06252182484429769
S1_EXCLUDE_BCN12	elastic_net	Lee_PRIMM_UK	Spencer_US	0.5465872156013001	0.43001443001443007	0.4883008228078651	0.43001443001443007	0.5465872156013001	0.11657278558687001	43	0.12084765177548673	0	0	0	1.8951555363130812	0.6409902283621296	0.5444864834515294	0.06305335421682991
S1_EXCLUDE_BCN12	elastic_net	Matson_US	Spencer_US	0.47724810400866735	0.6041666666666667	0.540707385337667	0.47724810400866735	0.6041666666666667	0.1269185626579994	59	0.36353771025501896	0	1	0	1.085571598218901	0.2896984855829794	0.3022554757028195	0.03619677568983824
S1_EXCLUDE_BCN12	random_forest	Frankel_US	Gopalakrishnan_US	0.6688311688311688	0.3611111111111111	0.51497113997114	0.3611111111111111	0.6688311688311688	0.30772005772005767	14	0.055384615384615365	0	1	0	1.4601102198390727	0.5138555257100887	0.457773044074274	0.0727642304785162
S1_EXCLUDE_BCN12	random_forest	Frankel_US	Lee_Barcelona	0.8	0.47916666666666674	0.6395833333333334	0.47916666666666674	0.8	0.3208333333333333	28	0.1608391608391609	0	0	1	2.148005799674066	0.5625705120362823	0.5030899391825384	0.08056573056573058
S1_EXCLUDE_BCN12	random_forest	Frankel_US	Lee_Leeds	0.325	0.4361111111111111	0.38055555555555554	0.325	0.4361111111111111	0.1111111111111111	21	0.05982905982905984	0	0	1	2.0000659164923533	0.43330674562958954	0.39824176658373817	0.06973855069093164
S1_EXCLUDE_BCN12	random_forest	Frankel_US	Lee_Manchester	0.5576923076923076	0.46944444444444444	0.513568376068376	0.46944444444444444	0.5576923076923076	0.08824786324786316	14	0.13538461538461544	0	0	1	2.0576633286376182	0.5284366611922444	0.4800730908319456	0.07087714402000117
S1_EXCLUDE_BCN12	random_forest	Frankel_US	Lee_PRIMM_NL	0.5440771349862259	0.48888888888888893	0.5164830119375574	0.48888888888888893	0.5440771349862259	0.05518824609733697	16	0.015384615384615441	0	0	1	2.1537283003203482	0.5362672870971259	0.49418965792965314	0.07240103811532383
S1_EXCLUDE_BCN12	random_forest	Frankel_US	Lee_PRIMM_UK	0.5382395382395383	0.4805555555555556	0.5093975468975469	0.4805555555555556	0.5382395382395383	0.05768398268398267	15	0.004273504273504258	0	0	1	1.822480321344653	0.5029369678988839	0.44529863877920617	0.06176134271372367
S1_EXCLUDE_BCN12	random_forest	Frankel_US	Matson_US	0.2916666666666667	0.4388888888888889	0.3652777777777778	0.2916666666666667	0.4388888888888889	0.1472222222222222	1	0.2469635627530365	0	1	0	1.0679491869084694	0.4539916266983753	0.38945877784631266	0.04694336574035822
S1_EXCLUDE_BCN12	random_forest	Frankel_US	Spencer_US	0.4577464788732395	0.49444444444444446	0.476095461658842	0.4577464788732395	0.49444444444444446	0.03669796557120497	58	0.11657414750198247	0	1	0	1.37106100772541	0.4428438885729916	0.3915311991633044	0.059063371581780995
S1_EXCLUDE_BCN12	random_forest	Gopalakrishnan_US	Lee_Barcelona	0.13333333333333333	0.36688311688311687	0.2501082251082251	0.13333333333333333	0.36688311688311687	0.23354978354978354	14	0.10545454545454552	0	0	0	1.7464261293987988	0.43864029899351553	0.4368346369614659	0.07725321239606954
S1_EXCLUDE_BCN12	random_forest	Gopalakrishnan_US	Lee_Leeds	0.35	0.4805194805194805	0.4152597402597402	0.35	0.4805194805194805	0.13051948051948054	7	0.004444444444444473	0	0	0	2.0440113218725884	0.6134426055677813	0.5216269539720565	0.08646107331821616
S1_EXCLUDE_BCN12	random_forest	Gopalakrishnan_US	Lee_Manchester	0.39743589743589747	0.577922077922078	0.4876789876789877	0.39743589743589747	0.577922077922078	0.18048618048618048	0	0.08000000000000007	0	0	0	2.156186223234672	0.7155554538377515	0.6032222163102883	0.08168707482993197
S1_EXCLUDE_BCN12	random_forest	Gopalakrishnan_US	Lee_PRIMM_NL	0.6556473829201103	0.6168831168831169	0.6362652499016136	0.6168831168831169	0.6556473829201103	0.038764266036993344	30	0.039999999999999925	0	0	0	2.1884513111812445	0.7745689314443972	0.6511689475893659	0.07338528138528139
S1_EXCLUDE_BCN12	random_forest	Gopalakrishnan_US	Lee_PRIMM_UK	0.6089466089466089	0.5649350649350648	0.5869408369408369	0.5649350649350648	0.6089466089466089	0.04401154401154406	29	0.05111111111111111	0	0	0	2.0629884886791996	0.7029774214674973	0.5924470851118022	0.07848122952884858
S1_EXCLUDE_BCN12	random_forest	Gopalakrishnan_US	Matson_US	0.45535714285714285	0.5	0.4776785714285714	0.45535714285714285	0.5	0.04464285714285715	13	0.19157894736842113	0	1	1	1.1378781135158458	0.32940473391192715	0.35644838628752057	0.0470108604845447
S1_EXCLUDE_BCN12	random_forest	Gopalakrishnan_US	Spencer_US	0.5444203683640304	0.6493506493506493	0.5968855088573399	0.5444203683640304	0.6493506493506493	0.10493028098661894	72	0.17195876288659784	0	1	0	0.8663222398807107	0.3242323634033718	0.32656385568073787	0.033931879280921985
S1_EXCLUDE_BCN12	random_forest	Lee_Barcelona	Lee_Leeds	0.5875	0.30000000000000004	0.44375000000000003	0.30000000000000004	0.5875	0.2875	7	0.10101010101010105	1	0	1	1.900081845184206	0.5949875337870366	0.5175184809533883	0.0664525069286974
S1_EXCLUDE_BCN12	random_forest	Lee_Barcelona	Lee_Manchester	0.5416666666666666	0.13333333333333336	0.3375	0.13333333333333336	0.5416666666666666	0.40833333333333327	14	0.025454545454545452	1	0	1	2.2125872071199106	0.699237363642387	0.5968096276682744	0.0739697656840514
S1_EXCLUDE_BCN12	random_forest	Lee_Barcelona	Lee_PRIMM_NL	0.4676308539944904	0.43333333333333335	0.4504820936639119	0.43333333333333335	0.4676308539944904	0.034297520661157044	44	0.14545454545454545	1	0	1	2.2654600312628763	0.7635200611439845	0.6434861265694625	0.0709798666941524
S1_EXCLUDE_BCN12	random_forest	Lee_Barcelona	Lee_PRIMM_UK	0.38311688311688313	0.4666666666666666	0.4248917748917749	0.38311688311688313	0.4666666666666666	0.08354978354978349	43	0.15656565656565663	1	0	1	2.1906652798974484	0.6864949908918968	0.594816419606938	0.07321323591164862
S1_EXCLUDE_BCN12	random_forest	Lee_Barcelona	Matson_US	0.44494047619047616	0.2333333333333333	0.3391369047619047	0.2333333333333333	0.44494047619047616	0.21160714285714285	27	0.0861244019138756	0	0	0	1.9036925455120652	0.5117333886100498	0.4641582272842964	0.07052750924931375
S1_EXCLUDE_BCN12	random_forest	Lee_Barcelona	Spencer_US	0.5473997833152763	0.8	0.6736998916576382	0.5473997833152763	0.8	0.25260021668472377	86	0.27741330834114336	0	0	0	1.391846202645219	0.4289819163420409	0.40151921943678875	0.059569784385690126
S1_EXCLUDE_BCN12	random_forest	Lee_Leeds	Lee_Manchester	0.4294871794871795	0.2875	0.35849358974358975	0.2875	0.4294871794871795	0.14198717948717954	7	0.0755555555555556	1	1	1	1.5545824937549038	0.47164689705627394	0.4330400701509546	0.05555555555555555
S1_EXCLUDE_BCN12	random_forest	Lee_Leeds	Lee_PRIMM_NL	0.5110192837465565	0.525	0.5180096418732782	0.5110192837465565	0.525	0.013980716253443548	37	0.0444444444444444	1	0	1	1.5566246650097413	0.4778931549680615	0.43468033313280113	0.058371927895737426
S1_EXCLUDE_BCN12	random_forest	Lee_Leeds	Lee_PRIMM_UK	0.5180375180375181	0.41250000000000003	0.4652687590187591	0.41250000000000003	0.5180375180375181	0.10553751803751804	36	0.05555555555555558	1	1	1	1.4223043524177503	0.4473893542658809	0.4113155539569585	0.05030654237003443
S1_EXCLUDE_BCN12	random_forest	Lee_Leeds	Matson_US	0.5297619047619048	0.375	0.4523809523809524	0.375	0.5297619047619048	0.15476190476190477	20	0.18713450292397665	0	0	0	1.9771596498918715	0.5811823747640369	0.49020061089929295	0.07011311347150946
S1_EXCLUDE_BCN12	random_forest	Lee_Leeds	Spencer_US	0.4891657638136511	0.4	0.4445828819068256	0.4	0.4891657638136511	0.0891657638136511	79	0.1764032073310423	0	0	0	1.8343999907642503	0.5462421632104126	0.47054562970191266	0.0711516832773583
S1_EXCLUDE_BCN12	random_forest	Lee_Manchester	Lee_PRIMM_NL	0.49449035812672176	0.6282051282051282	0.561347743165925	0.49449035812672176	0.6282051282051282	0.13371477007840643	30	0.12	1	0	1	1.023240361097451	0.37225480323409776	0.3551927713469969	0.039582766439909295
S1_EXCLUDE_BCN12	random_forest	Lee_Manchester	Lee_PRIMM_UK	0.5800865800865802	0.4423076923076923	0.5111971361971362	0.4423076923076923	0.5800865800865802	0.13777888777888792	29	0.13111111111111118	1	1	1	0.9138188960887204	0.3284935922301878	0.31756491921131447	0.036730326698580666
S1_EXCLUDE_BCN12	random_forest	Lee_Manchester	Matson_US	0.6875	0.5320512820512819	0.609775641025641	0.5320512820512819	0.6875	0.15544871794871806	13	0.11157894736842106	0	0	0	2.0526455035056514	0.652012344550797	0.5576993360744268	0.06928177586824205
S1_EXCLUDE_BCN12	random_forest	Lee_Manchester	Spencer_US	0.43553629469122424	0.33333333333333326	0.38443481401227875	0.33333333333333326	0.43553629469122424	0.10220296135789098	72	0.2519587628865979	0	0	0	1.9981247694722843	0.6634308562491238	0.5626092193735298	0.06764326624120438
S1_EXCLUDE_BCN12	random_forest	Lee_PRIMM_NL	Lee_PRIMM_UK	0.6060606060606061	0.6707988980716253	0.6384297520661157	0.6060606060606061	0.6707988980716253	0.06473829201101922	1	0.011111111111111183	1	0	1	0.979761610673823	0.2947752855170625	0.3098038865253837	0.039137100406941676
S1_EXCLUDE_BCN12	random_forest	Lee_PRIMM_NL	Matson_US	0.43154761904761907	0.38292011019283745	0.40723386462022826	0.38292011019283745	0.43154761904761907	0.04862750885478162	17	0.23157894736842105	0	0	0	2.151580063750936	0.7076207020813287	0.5984839380121251	0.06549751000878819
S1_EXCLUDE_BCN12	random_forest	Lee_PRIMM_NL	Spencer_US	0.4848320693391116	0.5702479338842976	0.5275400016117047	0.4848320693391116	0.5702479338842976	0.08541586454518602	42	0.1319587628865979	0	0	0	2.056853303314237	0.710936693632596	0.6077592582922652	0.059407540585743816
S1_EXCLUDE_BCN12	random_forest	Lee_PRIMM_UK	Matson_US	0.5446428571428571	0.5165945165945166	0.5306186868686869	0.5165945165945166	0.5446428571428571	0.02804834054834049	16	0.24269005847953223	0	0	0	1.8534931918759978	0.6124204863537068	0.5259206807769226	0.06252182484429769
S1_EXCLUDE_BCN12	random_forest	Lee_PRIMM_UK	Spencer_US	0.485373781148429	0.4444444444444444	0.4649091127964367	0.4444444444444444	0.485373781148429	0.040929336703984576	43	0.12084765177548673	0	0	0	1.8951555363130812	0.6409902283621296	0.5444864834515294	0.06305335421682991
S1_EXCLUDE_BCN12	random_forest	Matson_US	Spencer_US	0.48645720476706394	0.4613095238095238	0.47388336428829386	0.4613095238095238	0.48645720476706394	0.025147680957540164	59	0.36353771025501896	0	1	0	1.085571598218901	0.2896984855829794	0.3022554757028195	0.03619677568983824
S1_EXCLUDE_BCN12	ridge	Frankel_US	Gopalakrishnan_US	0.512987012987013	0.46944444444444444	0.4912157287157287	0.46944444444444444	0.512987012987013	0.04354256854256855	14	0.055384615384615365	0	1	0	1.4601102198390727	0.5138555257100887	0.457773044074274	0.0727642304785162
S1_EXCLUDE_BCN12	ridge	Frankel_US	Lee_Barcelona	0.23333333333333336	0.5083333333333333	0.37083333333333335	0.23333333333333336	0.5083333333333333	0.2749999999999999	28	0.1608391608391609	0	0	1	2.148005799674066	0.5625705120362823	0.5030899391825384	0.08056573056573058
S1_EXCLUDE_BCN12	ridge	Frankel_US	Lee_Leeds	0.22500000000000003	0.39722222222222225	0.3111111111111111	0.22500000000000003	0.39722222222222225	0.17222222222222222	21	0.05982905982905984	0	0	1	2.0000659164923533	0.43330674562958954	0.39824176658373817	0.06973855069093164
S1_EXCLUDE_BCN12	ridge	Frankel_US	Lee_Manchester	0.4807692307692307	0.5138888888888888	0.4973290598290598	0.4807692307692307	0.5138888888888888	0.03311965811965811	14	0.13538461538461544	0	0	1	2.0576633286376182	0.5284366611922444	0.4800730908319456	0.07087714402000117
S1_EXCLUDE_BCN12	ridge	Frankel_US	Lee_PRIMM_NL	0.5123966942148761	0.47777777777777775	0.4950872359963269	0.47777777777777775	0.5123966942148761	0.03461891643709836	16	0.015384615384615441	0	0	1	2.1537283003203482	0.5362672870971259	0.49418965792965314	0.07240103811532383
S1_EXCLUDE_BCN12	ridge	Frankel_US	Lee_PRIMM_UK	0.5988455988455988	0.5166666666666667	0.5577561327561328	0.5166666666666667	0.5988455988455988	0.08217893217893213	15	0.004273504273504258	0	0	1	1.822480321344653	0.5029369678988839	0.44529863877920617	0.06176134271372367
S1_EXCLUDE_BCN12	ridge	Frankel_US	Matson_US	0.369047619047619	0.375	0.37202380952380953	0.369047619047619	0.375	0.005952380952380987	1	0.2469635627530365	0	1	0	1.0679491869084694	0.4539916266983753	0.38945877784631266	0.04694336574035822
S1_EXCLUDE_BCN12	ridge	Frankel_US	Spencer_US	0.49024918743228607	0.49722222222222223	0.49373570482725415	0.49024918743228607	0.49722222222222223	0.006973034789936161	58	0.11657414750198247	0	1	0	1.37106100772541	0.4428438885729916	0.3915311991633044	0.059063371581780995
S1_EXCLUDE_BCN12	ridge	Gopalakrishnan_US	Lee_Barcelona	0.16666666666666669	0.2532467532467533	0.20995670995670998	0.16666666666666669	0.2532467532467533	0.08658008658008659	14	0.10545454545454552	0	0	0	1.7464261293987988	0.43864029899351553	0.4368346369614659	0.07725321239606954
S1_EXCLUDE_BCN12	ridge	Gopalakrishnan_US	Lee_Leeds	0.45	0.4025974025974026	0.4262987012987013	0.4025974025974026	0.45	0.04740259740259739	7	0.004444444444444473	0	0	0	2.0440113218725884	0.6134426055677813	0.5216269539720565	0.08646107331821616
S1_EXCLUDE_BCN12	ridge	Gopalakrishnan_US	Lee_Manchester	0.5384615384615385	0.6103896103896104	0.5744255744255744	0.5384615384615385	0.6103896103896104	0.07192807192807182	0	0.08000000000000007	0	0	0	2.156186223234672	0.7155554538377515	0.6032222163102883	0.08168707482993197
S1_EXCLUDE_BCN12	ridge	Gopalakrishnan_US	Lee_PRIMM_NL	0.6019283746556473	0.4545454545454546	0.528236914600551	0.4545454545454546	0.6019283746556473	0.14738292011019272	30	0.039999999999999925	0	0	0	2.1884513111812445	0.7745689314443972	0.6511689475893659	0.07338528138528139
S1_EXCLUDE_BCN12	ridge	Gopalakrishnan_US	Lee_PRIMM_UK	0.673881673881674	0.7337662337662336	0.7038239538239538	0.673881673881674	0.7337662337662336	0.05988455988455965	29	0.05111111111111111	0	0	0	2.0629884886791996	0.7029774214674973	0.5924470851118022	0.07848122952884858
S1_EXCLUDE_BCN12	ridge	Gopalakrishnan_US	Matson_US	0.4791666666666667	0.5909090909090908	0.5350378787878788	0.4791666666666667	0.5909090909090908	0.11174242424242414	13	0.19157894736842113	0	1	1	1.1378781135158458	0.32940473391192715	0.35644838628752057	0.0470108604845447
S1_EXCLUDE_BCN12	ridge	Gopalakrishnan_US	Spencer_US	0.4257854821235103	0.2922077922077922	0.3589966371656512	0.2922077922077922	0.4257854821235103	0.1335776899157181	72	0.17195876288659784	0	1	0	0.8663222398807107	0.3242323634033718	0.32656385568073787	0.033931879280921985
S1_EXCLUDE_BCN12	ridge	Lee_Barcelona	Lee_Leeds	0.6375000000000001	0.6333333333333333	0.6354166666666667	0.6333333333333333	0.6375000000000001	0.004166666666666763	7	0.10101010101010105	1	0	1	1.900081845184206	0.5949875337870366	0.5175184809533883	0.0664525069286974
S1_EXCLUDE_BCN12	ridge	Lee_Barcelona	Lee_Manchester	0.3974358974358974	0.4	0.39871794871794874	0.3974358974358974	0.4	0.0025641025641026105	14	0.025454545454545452	1	0	1	2.2125872071199106	0.699237363642387	0.5968096276682744	0.0739697656840514
S1_EXCLUDE_BCN12	ridge	Lee_Barcelona	Lee_PRIMM_NL	0.36363636363636365	0.4	0.38181818181818183	0.36363636363636365	0.4	0.036363636363636376	44	0.14545454545454545	1	0	1	2.2654600312628763	0.7635200611439845	0.6434861265694625	0.0709798666941524
S1_EXCLUDE_BCN12	ridge	Lee_Barcelona	Lee_PRIMM_UK	0.39826839826839827	0.2666666666666667	0.33246753246753247	0.2666666666666667	0.39826839826839827	0.13160173160173155	43	0.15656565656565663	1	0	1	2.1906652798974484	0.6864949908918968	0.594816419606938	0.07321323591164862
S1_EXCLUDE_BCN12	ridge	Lee_Barcelona	Matson_US	0.3333333333333333	0.3	0.31666666666666665	0.3	0.3333333333333333	0.033333333333333326	27	0.0861244019138756	0	0	0	1.9036925455120652	0.5117333886100498	0.4641582272842964	0.07052750924931375
S1_EXCLUDE_BCN12	ridge	Lee_Barcelona	Spencer_US	0.5752979414951246	0.6000000000000001	0.5876489707475623	0.5752979414951246	0.6000000000000001	0.0247020585048755	86	0.27741330834114336	0	0	0	1.391846202645219	0.4289819163420409	0.40151921943678875	0.059569784385690126
S1_EXCLUDE_BCN12	ridge	Lee_Leeds	Lee_Manchester	0.2948717948717948	0.225	0.2599358974358974	0.225	0.2948717948717948	0.06987179487179482	7	0.0755555555555556	1	1	1	1.5545824937549038	0.47164689705627394	0.4330400701509546	0.05555555555555555
S1_EXCLUDE_BCN12	ridge	Lee_Leeds	Lee_PRIMM_NL	0.4944903581267218	0.4375	0.4659951790633609	0.4375	0.4944903581267218	0.05699035812672182	37	0.0444444444444444	1	0	1	1.5566246650097413	0.4778931549680615	0.43468033313280113	0.058371927895737426
S1_EXCLUDE_BCN12	ridge	Lee_Leeds	Lee_PRIMM_UK	0.4862914862914863	0.575	0.5306457431457431	0.4862914862914863	0.575	0.08870851370851368	36	0.05555555555555558	1	1	1	1.4223043524177503	0.4473893542658809	0.4113155539569585	0.05030654237003443
S1_EXCLUDE_BCN12	ridge	Lee_Leeds	Matson_US	0.47916666666666663	0.5249999999999999	0.5020833333333332	0.47916666666666663	0.5249999999999999	0.04583333333333328	20	0.18713450292397665	0	0	0	1.9771596498918715	0.5811823747640369	0.49020061089929295	0.07011311347150946
S1_EXCLUDE_BCN12	ridge	Lee_Leeds	Spencer_US	0.5308775731310943	0.4375	0.48418878656554715	0.4375	0.5308775731310943	0.0933775731310943	79	0.1764032073310423	0	0	0	1.8343999907642503	0.5462421632104126	0.47054562970191266	0.0711516832773583
S1_EXCLUDE_BCN12	ridge	Lee_Manchester	Lee_PRIMM_NL	0.5123966942148761	0.36538461538461536	0.43889065479974576	0.36538461538461536	0.5123966942148761	0.14701207883026074	30	0.12	1	0	1	1.023240361097451	0.37225480323409776	0.3551927713469969	0.039582766439909295
S1_EXCLUDE_BCN12	ridge	Lee_Manchester	Lee_PRIMM_UK	0.5252525252525253	0.5897435897435896	0.5574980574980575	0.5252525252525253	0.5897435897435896	0.06449106449106434	29	0.13111111111111118	1	1	1	0.9138188960887204	0.3284935922301878	0.31756491921131447	0.036730326698580666
S1_EXCLUDE_BCN12	ridge	Lee_Manchester	Matson_US	0.48511904761904756	0.5512820512820512	0.5182005494505494	0.48511904761904756	0.5512820512820512	0.06616300366300365	13	0.11157894736842106	0	0	0	2.0526455035056514	0.652012344550797	0.5576993360744268	0.06928177586824205
S1_EXCLUDE_BCN12	ridge	Lee_Manchester	Spencer_US	0.43174431202600216	0.3974358974358974	0.4145901047309498	0.3974358974358974	0.43174431202600216	0.03430841459010475	72	0.2519587628865979	0	0	0	1.9981247694722843	0.6634308562491238	0.5626092193735298	0.06764326624120438
S1_EXCLUDE_BCN12	ridge	Lee_PRIMM_NL	Lee_PRIMM_UK	0.6825396825396826	0.5826446280991735	0.632592155319428	0.5826446280991735	0.6825396825396826	0.09989505444050906	1	0.011111111111111183	1	0	1	0.979761610673823	0.2947752855170625	0.3098038865253837	0.039137100406941676
S1_EXCLUDE_BCN12	ridge	Lee_PRIMM_NL	Matson_US	0.5386904761904762	0.43250688705234164	0.4855986816214089	0.43250688705234164	0.5386904761904762	0.10618358913813453	17	0.23157894736842105	0	0	0	2.151580063750936	0.7076207020813287	0.5984839380121251	0.06549751000878819
S1_EXCLUDE_BCN12	ridge	Lee_PRIMM_NL	Spencer_US	0.5292524377031419	0.6074380165289256	0.5683452271160337	0.5292524377031419	0.6074380165289256	0.0781855788257837	42	0.1319587628865979	0	0	0	2.056853303314237	0.710936693632596	0.6077592582922652	0.059407540585743816
S1_EXCLUDE_BCN12	ridge	Lee_PRIMM_UK	Matson_US	0.4285714285714286	0.46176046176046176	0.4451659451659452	0.4285714285714286	0.46176046176046176	0.03318903318903316	16	0.24269005847953223	0	0	0	1.8534931918759978	0.6124204863537068	0.5259206807769226	0.06252182484429769
S1_EXCLUDE_BCN12	ridge	Lee_PRIMM_UK	Spencer_US	0.5222101841820153	0.5252525252525253	0.5237313547172703	0.5222101841820153	0.5252525252525253	0.003042341070510046	43	0.12084765177548673	0	0	0	1.8951555363130812	0.6409902283621296	0.5444864834515294	0.06305335421682991
S1_EXCLUDE_BCN12	ridge	Matson_US	Spencer_US	0.5108342361863489	0.5922619047619048	0.5515480704741269	0.5108342361863489	0.5922619047619048	0.08142766857555583	59	0.36353771025501896	0	1	0	1.085571598218901	0.2896984855829794	0.3022554757028195	0.03619677568983824
S2_BCN12_AS_NR	elastic_net	Frankel_US	Gopalakrishnan_US	0.6298701298701298	0.4666666666666667	0.5482683982683982	0.4666666666666667	0.6298701298701298	0.16320346320346313	14	0.055384615384615365	0	1	0	1.4601102198390727	0.5138555257100887	0.457773044074274	0.0727642304785162
S2_BCN12_AS_NR	elastic_net	Frankel_US	Lee_Barcelona	0.2	0.4111111111111111	0.3055555555555556	0.2	0.4111111111111111	0.21111111111111108	27	0.19871794871794873	0	0	1	2.148005799674066	0.5625705120362823	0.5030899391825384	0.08056573056573058
S2_BCN12_AS_NR	elastic_net	Frankel_US	Lee_Leeds	0.16249999999999998	0.38055555555555554	0.27152777777777776	0.16249999999999998	0.38055555555555554	0.21805555555555556	21	0.05982905982905984	0	0	1	2.0000659164923533	0.43330674562958954	0.39824176658373817	0.06973855069093164
S2_BCN12_AS_NR	elastic_net	Frankel_US	Lee_Manchester	0.4935897435897436	0.44166666666666665	0.46762820512820513	0.44166666666666665	0.4935897435897436	0.05192307692307696	14	0.13538461538461544	0	0	1	2.0576633286376182	0.5284366611922444	0.4800730908319456	0.07087714402000117
S2_BCN12_AS_NR	elastic_net	Frankel_US	Lee_PRIMM_NL	0.534435261707989	0.46388888888888885	0.4991620752984389	0.46388888888888885	0.534435261707989	0.0705463728191002	16	0.015384615384615441	0	0	1	2.1537283003203482	0.5362672870971259	0.49418965792965314	0.07240103811532383
S2_BCN12_AS_NR	elastic_net	Frankel_US	Lee_PRIMM_UK	0.48629148629148633	0.4111111111111111	0.4487012987012987	0.4111111111111111	0.48629148629148633	0.07518037518037524	15	0.004273504273504258	0	0	1	1.822480321344653	0.5029369678988839	0.44529863877920617	0.06176134271372367
S2_BCN12_AS_NR	elastic_net	Frankel_US	Matson_US	0.3630952380952381	0.5277777777777778	0.4454365079365079	0.3630952380952381	0.5277777777777778	0.1646825396825397	1	0.2469635627530365	0	1	0	1.0679491869084694	0.4539916266983753	0.38945877784631266	0.04694336574035822
S2_BCN12_AS_NR	elastic_net	Frankel_US	Spencer_US	0.5314192849404117	0.44166666666666665	0.48654297580353917	0.44166666666666665	0.5314192849404117	0.08975261827374503	58	0.11657414750198247	0	1	0	1.37106100772541	0.4428438885729916	0.3915311991633044	0.059063371581780995
S2_BCN12_AS_NR	elastic_net	Gopalakrishnan_US	Lee_Barcelona	0.22857142857142856	0.4675324675324675	0.34805194805194806	0.22857142857142856	0.4675324675324675	0.23896103896103896	13	0.14333333333333337	0	0	0	1.7464261293987988	0.43864029899351553	0.4368346369614659	0.07725321239606954
S2_BCN12_AS_NR	elastic_net	Gopalakrishnan_US	Lee_Leeds	0.35	0.4805194805194805	0.4152597402597402	0.35	0.4805194805194805	0.13051948051948054	7	0.004444444444444473	0	0	0	2.0440113218725884	0.6134426055677813	0.5216269539720565	0.08646107331821616
S2_BCN12_AS_NR	elastic_net	Gopalakrishnan_US	Lee_Manchester	0.5384615384615384	0.5194805194805194	0.528971028971029	0.5194805194805194	0.5384615384615384	0.018981018981019004	0	0.08000000000000007	0	0	0	2.156186223234672	0.7155554538377515	0.6032222163102883	0.08168707482993197
S2_BCN12_AS_NR	elastic_net	Gopalakrishnan_US	Lee_PRIMM_NL	0.7066115702479339	0.44805194805194803	0.577331759149941	0.44805194805194803	0.7066115702479339	0.2585596221959858	30	0.039999999999999925	0	0	0	2.1884513111812445	0.7745689314443972	0.6511689475893659	0.07338528138528139
S2_BCN12_AS_NR	elastic_net	Gopalakrishnan_US	Lee_PRIMM_UK	0.598845598845599	0.6168831168831168	0.6078643578643579	0.598845598845599	0.6168831168831168	0.018037518037517852	29	0.05111111111111111	0	0	0	2.0629884886791996	0.7029774214674973	0.5924470851118022	0.07848122952884858
S2_BCN12_AS_NR	elastic_net	Gopalakrishnan_US	Matson_US	0.5595238095238095	0.6688311688311688	0.6141774891774892	0.5595238095238095	0.6688311688311688	0.10930735930735924	13	0.19157894736842113	0	1	1	1.1378781135158458	0.32940473391192715	0.35644838628752057	0.0470108604845447
S2_BCN12_AS_NR	elastic_net	Gopalakrishnan_US	Spencer_US	0.47833152762730224	0.4090909090909091	0.44371121835910565	0.4090909090909091	0.47833152762730224	0.06924061853639313	72	0.17195876288659784	0	1	0	0.8663222398807107	0.3242323634033718	0.32656385568073787	0.033931879280921985
S2_BCN12_AS_NR	elastic_net	Lee_Barcelona	Lee_Leeds	0.6125	0.7142857142857143	0.6633928571428571	0.6125	0.7142857142857143	0.10178571428571426	6	0.1388888888888889	1	0	1	1.900081845184206	0.5949875337870366	0.5175184809533883	0.0664525069286974
S2_BCN12_AS_NR	elastic_net	Lee_Barcelona	Lee_Manchester	0.48717948717948717	0.28571428571428575	0.38644688644688646	0.28571428571428575	0.48717948717948717	0.20146520146520142	13	0.0633333333333333	1	0	1	2.2125872071199106	0.699237363642387	0.5968096276682744	0.0739697656840514
S2_BCN12_AS_NR	elastic_net	Lee_Barcelona	Lee_PRIMM_NL	0.3236914600550964	0.45714285714285713	0.39041715859897674	0.3236914600550964	0.45714285714285713	0.13345139708776071	43	0.1833333333333333	1	0	1	2.2654600312628763	0.7635200611439845	0.6434861265694625	0.0709798666941524
S2_BCN12_AS_NR	elastic_net	Lee_Barcelona	Lee_PRIMM_UK	0.5281385281385281	0.2571428571428572	0.3926406926406927	0.2571428571428572	0.5281385281385281	0.27099567099567096	42	0.19444444444444448	1	0	1	2.1906652798974484	0.6864949908918968	0.594816419606938	0.07321323591164862
S2_BCN12_AS_NR	elastic_net	Lee_Barcelona	Matson_US	0.47619047619047616	0.31428571428571433	0.3952380952380953	0.31428571428571433	0.47619047619047616	0.16190476190476183	26	0.04824561403508776	0	0	0	1.9036925455120652	0.5117333886100498	0.4641582272842964	0.07052750924931375
S2_BCN12_AS_NR	elastic_net	Lee_Barcelona	Spencer_US	0.4875406283856988	0.6000000000000001	0.5437703141928494	0.4875406283856988	0.6000000000000001	0.1124593716143013	85	0.3152920962199312	0	0	0	1.391846202645219	0.4289819163420409	0.40151921943678875	0.059569784385690126
S2_BCN12_AS_NR	elastic_net	Lee_Leeds	Lee_Manchester	0.49358974358974356	0.35	0.42179487179487174	0.35	0.49358974358974356	0.14358974358974358	7	0.0755555555555556	1	1	1	1.5545824937549038	0.47164689705627394	0.4330400701509546	0.05555555555555555
S2_BCN12_AS_NR	elastic_net	Lee_Leeds	Lee_PRIMM_NL	0.45041322314049587	0.4875	0.4689566115702479	0.45041322314049587	0.4875	0.03708677685950412	37	0.0444444444444444	1	0	1	1.5566246650097413	0.4778931549680615	0.43468033313280113	0.058371927895737426
S2_BCN12_AS_NR	elastic_net	Lee_Leeds	Lee_PRIMM_UK	0.5252525252525253	0.7375	0.6313762626262627	0.5252525252525253	0.7375	0.21224747474747474	36	0.05555555555555558	1	1	1	1.4223043524177503	0.4473893542658809	0.4113155539569585	0.05030654237003443
S2_BCN12_AS_NR	elastic_net	Lee_Leeds	Matson_US	0.34523809523809523	0.7375	0.5413690476190476	0.34523809523809523	0.7375	0.3922619047619048	20	0.18713450292397665	0	0	0	1.9771596498918715	0.5811823747640369	0.49020061089929295	0.07011311347150946
S2_BCN12_AS_NR	elastic_net	Lee_Leeds	Spencer_US	0.4761646803900325	0.55	0.5130823401950163	0.4761646803900325	0.55	0.07383531960996753	79	0.1764032073310423	0	0	0	1.8343999907642503	0.5462421632104126	0.47054562970191266	0.0711516832773583
S2_BCN12_AS_NR	elastic_net	Lee_Manchester	Lee_PRIMM_NL	0.5440771349862259	0.3141025641025641	0.429089849544395	0.3141025641025641	0.5440771349862259	0.2299745708836618	30	0.12	1	0	1	1.023240361097451	0.37225480323409776	0.3551927713469969	0.039582766439909295
S2_BCN12_AS_NR	elastic_net	Lee_Manchester	Lee_PRIMM_UK	0.6190476190476191	0.3333333333333333	0.47619047619047616	0.3333333333333333	0.6190476190476191	0.28571428571428575	29	0.13111111111111118	1	1	1	0.9138188960887204	0.3284935922301878	0.31756491921131447	0.036730326698580666
S2_BCN12_AS_NR	elastic_net	Lee_Manchester	Matson_US	0.41964285714285715	0.34615384615384615	0.3828983516483516	0.34615384615384615	0.41964285714285715	0.073489010989011	13	0.11157894736842106	0	0	0	2.0526455035056514	0.652012344550797	0.5576993360744268	0.06928177586824205
S2_BCN12_AS_NR	elastic_net	Lee_Manchester	Spencer_US	0.4561213434452871	0.3269230769230769	0.391522210184182	0.3269230769230769	0.4561213434452871	0.12919826652221017	72	0.2519587628865979	0	0	0	1.9981247694722843	0.6634308562491238	0.5626092193735298	0.06764326624120438
S2_BCN12_AS_NR	elastic_net	Lee_PRIMM_NL	Lee_PRIMM_UK	0.56998556998557	0.6584022038567493	0.6141938869211596	0.56998556998557	0.6584022038567493	0.08841663387117926	1	0.011111111111111183	1	0	1	0.979761610673823	0.2947752855170625	0.3098038865253837	0.039137100406941676
S2_BCN12_AS_NR	elastic_net	Lee_PRIMM_NL	Matson_US	0.5595238095238095	0.36914600550964183	0.4643349075167257	0.36914600550964183	0.5595238095238095	0.1903778040141677	17	0.23157894736842105	0	0	0	2.151580063750936	0.7076207020813287	0.5984839380121251	0.06549751000878819
S2_BCN12_AS_NR	elastic_net	Lee_PRIMM_NL	Spencer_US	0.5140845070422535	0.502754820936639	0.5084196639894463	0.502754820936639	0.5140845070422535	0.011329686105614467	42	0.1319587628865979	0	0	0	2.056853303314237	0.710936693632596	0.6077592582922652	0.059407540585743816
S2_BCN12_AS_NR	elastic_net	Lee_PRIMM_UK	Matson_US	0.5148809523809523	0.49494949494949503	0.5049152236652237	0.49494949494949503	0.5148809523809523	0.0199314574314573	16	0.24269005847953223	0	0	0	1.8534931918759978	0.6124204863537068	0.5259206807769226	0.06252182484429769
S2_BCN12_AS_NR	elastic_net	Lee_PRIMM_UK	Spencer_US	0.5471289274106175	0.43001443001443	0.4885716787125237	0.43001443001443	0.5471289274106175	0.11711449739618746	43	0.12084765177548673	0	0	0	1.8951555363130812	0.6409902283621296	0.5444864834515294	0.06305335421682991
S2_BCN12_AS_NR	elastic_net	Matson_US	Spencer_US	0.47562296858071507	0.6071428571428572	0.5413829128617862	0.47562296858071507	0.6071428571428572	0.13151988856214214	59	0.36353771025501896	0	1	0	1.085571598218901	0.2896984855829794	0.3022554757028195	0.03619677568983824
S2_BCN12_AS_NR	random_forest	Frankel_US	Gopalakrishnan_US	0.577922077922078	0.5138888888888888	0.5459054834054834	0.5138888888888888	0.577922077922078	0.06403318903318911	14	0.055384615384615365	0	1	0	1.4601102198390727	0.5138555257100887	0.457773044074274	0.0727642304785162
S2_BCN12_AS_NR	random_forest	Frankel_US	Lee_Barcelona	0.7714285714285715	0.37222222222222223	0.5718253968253968	0.37222222222222223	0.7714285714285715	0.39920634920634923	27	0.19871794871794873	0	0	1	2.148005799674066	0.5625705120362823	0.5030899391825384	0.08056573056573058
S2_BCN12_AS_NR	random_forest	Frankel_US	Lee_Leeds	0.35	0.40555555555555556	0.37777777777777777	0.35	0.40555555555555556	0.05555555555555558	21	0.05982905982905984	0	0	1	2.0000659164923533	0.43330674562958954	0.39824176658373817	0.06973855069093164
S2_BCN12_AS_NR	random_forest	Frankel_US	Lee_Manchester	0.4871794871794871	0.4472222222222222	0.46720085470085465	0.4472222222222222	0.4871794871794871	0.039957264957264926	14	0.13538461538461544	0	0	1	2.0576633286376182	0.5284366611922444	0.4800730908319456	0.07087714402000117
S2_BCN12_AS_NR	random_forest	Frankel_US	Lee_PRIMM_NL	0.5055096418732783	0.6583333333333333	0.5819214876033059	0.5055096418732783	0.6583333333333333	0.15282369146005503	16	0.015384615384615441	0	0	1	2.1537283003203482	0.5362672870971259	0.49418965792965314	0.07240103811532383
S2_BCN12_AS_NR	random_forest	Frankel_US	Lee_PRIMM_UK	0.47186147186147187	0.5555555555555556	0.5137085137085138	0.47186147186147187	0.5555555555555556	0.08369408369408371	15	0.004273504273504258	0	0	1	1.822480321344653	0.5029369678988839	0.44529863877920617	0.06176134271372367
S2_BCN12_AS_NR	random_forest	Frankel_US	Matson_US	0.35416666666666663	0.5027777777777778	0.4284722222222222	0.35416666666666663	0.5027777777777778	0.14861111111111114	1	0.2469635627530365	0	1	0	1.0679491869084694	0.4539916266983753	0.38945877784631266	0.04694336574035822
S2_BCN12_AS_NR	random_forest	Frankel_US	Spencer_US	0.508667388949079	0.5472222222222223	0.5279448055856506	0.508667388949079	0.5472222222222223	0.03855483327314324	58	0.11657414750198247	0	1	0	1.37106100772541	0.4428438885729916	0.3915311991633044	0.059063371581780995
S2_BCN12_AS_NR	random_forest	Gopalakrishnan_US	Lee_Barcelona	0.11428571428571428	0.3116883116883117	0.21298701298701297	0.11428571428571428	0.3116883116883117	0.1974025974025974	13	0.14333333333333337	0	0	0	1.7464261293987988	0.43864029899351553	0.4368346369614659	0.07725321239606954
S2_BCN12_AS_NR	random_forest	Gopalakrishnan_US	Lee_Leeds	0.325	0.461038961038961	0.39301948051948055	0.325	0.461038961038961	0.13603896103896101	7	0.004444444444444473	0	0	0	2.0440113218725884	0.6134426055677813	0.5216269539720565	0.08646107331821616
S2_BCN12_AS_NR	random_forest	Gopalakrishnan_US	Lee_Manchester	0.47435897435897434	0.7467532467532467	0.6105561105561106	0.47435897435897434	0.7467532467532467	0.2723942723942724	0	0.08000000000000007	0	0	0	2.156186223234672	0.7155554538377515	0.6032222163102883	0.08168707482993197
S2_BCN12_AS_NR	random_forest	Gopalakrishnan_US	Lee_PRIMM_NL	0.637741046831956	0.6558441558441558	0.6467926013380558	0.637741046831956	0.6558441558441558	0.018103109012199803	30	0.039999999999999925	0	0	0	2.1884513111812445	0.7745689314443972	0.6511689475893659	0.07338528138528139
S2_BCN12_AS_NR	random_forest	Gopalakrishnan_US	Lee_PRIMM_UK	0.632034632034632	0.5454545454545454	0.5887445887445887	0.5454545454545454	0.632034632034632	0.08658008658008653	29	0.05111111111111111	0	0	0	2.0629884886791996	0.7029774214674973	0.5924470851118022	0.07848122952884858
S2_BCN12_AS_NR	random_forest	Gopalakrishnan_US	Matson_US	0.5	0.5194805194805194	0.5097402597402597	0.5	0.5194805194805194	0.01948051948051943	13	0.19157894736842113	0	1	1	1.1378781135158458	0.32940473391192715	0.35644838628752057	0.0470108604845447
S2_BCN12_AS_NR	random_forest	Gopalakrishnan_US	Spencer_US	0.45612134344528704	0.6103896103896104	0.5332554769174487	0.45612134344528704	0.6103896103896104	0.15426826694432333	72	0.17195876288659784	0	1	0	0.8663222398807107	0.3242323634033718	0.32656385568073787	0.033931879280921985
S2_BCN12_AS_NR	random_forest	Lee_Barcelona	Lee_Leeds	0.45625000000000004	0.4285714285714286	0.4424107142857143	0.4285714285714286	0.45625000000000004	0.02767857142857144	6	0.1388888888888889	1	0	1	1.900081845184206	0.5949875337870366	0.5175184809533883	0.0664525069286974
S2_BCN12_AS_NR	random_forest	Lee_Barcelona	Lee_Manchester	0.39423076923076916	0.14285714285714285	0.268543956043956	0.14285714285714285	0.39423076923076916	0.2513736263736263	13	0.0633333333333333	1	0	1	2.2125872071199106	0.699237363642387	0.5968096276682744	0.0739697656840514
S2_BCN12_AS_NR	random_forest	Lee_Barcelona	Lee_PRIMM_NL	0.5048209366391184	0.6285714285714286	0.5666961826052734	0.5048209366391184	0.6285714285714286	0.12375049193231014	43	0.1833333333333333	1	0	1	2.2654600312628763	0.7635200611439845	0.6434861265694625	0.0709798666941524
S2_BCN12_AS_NR	random_forest	Lee_Barcelona	Lee_PRIMM_UK	0.3217893217893218	0.2571428571428572	0.2894660894660895	0.2571428571428572	0.3217893217893218	0.06464646464646462	42	0.19444444444444448	1	0	1	2.1906652798974484	0.6864949908918968	0.594816419606938	0.07321323591164862
S2_BCN12_AS_NR	random_forest	Lee_Barcelona	Matson_US	0.3258928571428571	0.22857142857142856	0.2772321428571428	0.22857142857142856	0.3258928571428571	0.09732142857142853	26	0.04824561403508776	0	0	0	1.9036925455120652	0.5117333886100498	0.4641582272842964	0.07052750924931375
S2_BCN12_AS_NR	random_forest	Lee_Barcelona	Spencer_US	0.5815276273022751	0.8	0.6907638136511376	0.5815276273022751	0.8	0.2184723726977249	85	0.3152920962199312	0	0	0	1.391846202645219	0.4289819163420409	0.40151921943678875	0.059569784385690126
S2_BCN12_AS_NR	random_forest	Lee_Leeds	Lee_Manchester	0.5064102564102564	0.35000000000000003	0.42820512820512824	0.35000000000000003	0.5064102564102564	0.15641025641025635	7	0.0755555555555556	1	1	1	1.5545824937549038	0.47164689705627394	0.4330400701509546	0.05555555555555555
S2_BCN12_AS_NR	random_forest	Lee_Leeds	Lee_PRIMM_NL	0.48484848484848486	0.45	0.4674242424242424	0.45	0.48484848484848486	0.03484848484848485	37	0.0444444444444444	1	0	1	1.5566246650097413	0.4778931549680615	0.43468033313280113	0.058371927895737426
S2_BCN12_AS_NR	random_forest	Lee_Leeds	Lee_PRIMM_UK	0.48917748917748927	0.46249999999999997	0.47583874458874464	0.46249999999999997	0.48917748917748927	0.0266774891774893	36	0.05555555555555558	1	1	1	1.4223043524177503	0.4473893542658809	0.4113155539569585	0.05030654237003443
S2_BCN12_AS_NR	random_forest	Lee_Leeds	Matson_US	0.5892857142857143	0.43749999999999994	0.5133928571428571	0.43749999999999994	0.5892857142857143	0.15178571428571436	20	0.18713450292397665	0	0	0	1.9771596498918715	0.5811823747640369	0.49020061089929295	0.07011311347150946
S2_BCN12_AS_NR	random_forest	Lee_Leeds	Spencer_US	0.46208017334777896	0.5375000000000001	0.4997900866738895	0.46208017334777896	0.5375000000000001	0.07541982665222113	79	0.1764032073310423	0	0	0	1.8343999907642503	0.5462421632104126	0.47054562970191266	0.0711516832773583
S2_BCN12_AS_NR	random_forest	Lee_Manchester	Lee_PRIMM_NL	0.4807162534435262	0.4423076923076923	0.46151197287560924	0.4423076923076923	0.4807162534435262	0.03840856113583391	30	0.12	1	0	1	1.023240361097451	0.37225480323409776	0.3551927713469969	0.039582766439909295
S2_BCN12_AS_NR	random_forest	Lee_Manchester	Lee_PRIMM_UK	0.5050505050505052	0.4871794871794871	0.49611499611499615	0.4871794871794871	0.5050505050505052	0.01787101787101808	29	0.13111111111111118	1	1	1	0.9138188960887204	0.3284935922301878	0.31756491921131447	0.036730326698580666
S2_BCN12_AS_NR	random_forest	Lee_Manchester	Matson_US	0.6071428571428571	0.5256410256410255	0.5663919413919414	0.5256410256410255	0.6071428571428571	0.08150183150183155	13	0.11157894736842106	0	0	0	2.0526455035056514	0.652012344550797	0.5576993360744268	0.06928177586824205
S2_BCN12_AS_NR	random_forest	Lee_Manchester	Spencer_US	0.465872156013001	0.32692307692307687	0.39639761646803895	0.32692307692307687	0.465872156013001	0.13894907908992415	72	0.2519587628865979	0	0	0	1.9981247694722843	0.6634308562491238	0.5626092193735298	0.06764326624120438
S2_BCN12_AS_NR	random_forest	Lee_PRIMM_NL	Lee_PRIMM_UK	0.5916305916305916	0.5702479338842975	0.5809392627574446	0.5702479338842975	0.5916305916305916	0.02138265774629411	1	0.011111111111111183	1	0	1	0.979761610673823	0.2947752855170625	0.3098038865253837	0.039137100406941676
S2_BCN12_AS_NR	random_forest	Lee_PRIMM_NL	Matson_US	0.39285714285714285	0.4421487603305786	0.41750295159386075	0.39285714285714285	0.4421487603305786	0.049291617473435745	17	0.23157894736842105	0	0	0	2.151580063750936	0.7076207020813287	0.5984839380121251	0.06549751000878819
S2_BCN12_AS_NR	random_forest	Lee_PRIMM_NL	Spencer_US	0.4810400866738894	0.5895316804407713	0.5352858835573304	0.4810400866738894	0.5895316804407713	0.10849159376688189	42	0.1319587628865979	0	0	0	2.056853303314237	0.710936693632596	0.6077592582922652	0.059407540585743816
S2_BCN12_AS_NR	random_forest	Lee_PRIMM_UK	Matson_US	0.4255952380952381	0.5367965367965368	0.4811958874458875	0.4255952380952381	0.5367965367965368	0.11120129870129875	16	0.24269005847953223	0	0	0	1.8534931918759978	0.6124204863537068	0.5259206807769226	0.06252182484429769
S2_BCN12_AS_NR	random_forest	Lee_PRIMM_UK	Spencer_US	0.5319609967497291	0.5122655122655122	0.5221132545076206	0.5122655122655122	0.5319609967497291	0.019695484484216874	43	0.12084765177548673	0	0	0	1.8951555363130812	0.6409902283621296	0.5444864834515294	0.06305335421682991
S2_BCN12_AS_NR	random_forest	Matson_US	Spencer_US	0.45070422535211263	0.49702380952380953	0.4738640174379611	0.45070422535211263	0.49702380952380953	0.046319584171696904	59	0.36353771025501896	0	1	0	1.085571598218901	0.2896984855829794	0.3022554757028195	0.03619677568983824
S2_BCN12_AS_NR	ridge	Frankel_US	Gopalakrishnan_US	0.512987012987013	0.46944444444444444	0.4912157287157287	0.46944444444444444	0.512987012987013	0.04354256854256855	14	0.055384615384615365	0	1	0	1.4601102198390727	0.5138555257100887	0.457773044074274	0.0727642304785162
S2_BCN12_AS_NR	ridge	Frankel_US	Lee_Barcelona	0.22857142857142856	0.4333333333333333	0.33095238095238094	0.22857142857142856	0.4333333333333333	0.20476190476190473	27	0.19871794871794873	0	0	1	2.148005799674066	0.5625705120362823	0.5030899391825384	0.08056573056573058
S2_BCN12_AS_NR	ridge	Frankel_US	Lee_Leeds	0.22500000000000003	0.39722222222222225	0.3111111111111111	0.22500000000000003	0.39722222222222225	0.17222222222222222	21	0.05982905982905984	0	0	1	2.0000659164923533	0.43330674562958954	0.39824176658373817	0.06973855069093164
S2_BCN12_AS_NR	ridge	Frankel_US	Lee_Manchester	0.4807692307692307	0.5138888888888888	0.4973290598290598	0.4807692307692307	0.5138888888888888	0.03311965811965811	14	0.13538461538461544	0	0	1	2.0576633286376182	0.5284366611922444	0.4800730908319456	0.07087714402000117
S2_BCN12_AS_NR	ridge	Frankel_US	Lee_PRIMM_NL	0.5123966942148761	0.47777777777777775	0.4950872359963269	0.47777777777777775	0.5123966942148761	0.03461891643709836	16	0.015384615384615441	0	0	1	2.1537283003203482	0.5362672870971259	0.49418965792965314	0.07240103811532383
S2_BCN12_AS_NR	ridge	Frankel_US	Lee_PRIMM_UK	0.5988455988455988	0.5166666666666667	0.5577561327561328	0.5166666666666667	0.5988455988455988	0.08217893217893213	15	0.004273504273504258	0	0	1	1.822480321344653	0.5029369678988839	0.44529863877920617	0.06176134271372367
S2_BCN12_AS_NR	ridge	Frankel_US	Matson_US	0.369047619047619	0.375	0.37202380952380953	0.369047619047619	0.375	0.005952380952380987	1	0.2469635627530365	0	1	0	1.0679491869084694	0.4539916266983753	0.38945877784631266	0.04694336574035822
S2_BCN12_AS_NR	ridge	Frankel_US	Spencer_US	0.49024918743228607	0.49722222222222223	0.49373570482725415	0.49024918743228607	0.49722222222222223	0.006973034789936161	58	0.11657414750198247	0	1	0	1.37106100772541	0.4428438885729916	0.3915311991633044	0.059063371581780995
S2_BCN12_AS_NR	ridge	Gopalakrishnan_US	Lee_Barcelona	0.14285714285714285	0.22727272727272724	0.18506493506493504	0.14285714285714285	0.22727272727272724	0.08441558441558439	13	0.14333333333333337	0	0	0	1.7464261293987988	0.43864029899351553	0.4368346369614659	0.07725321239606954
S2_BCN12_AS_NR	ridge	Gopalakrishnan_US	Lee_Leeds	0.45	0.4025974025974026	0.4262987012987013	0.4025974025974026	0.45	0.04740259740259739	7	0.004444444444444473	0	0	0	2.0440113218725884	0.6134426055677813	0.5216269539720565	0.08646107331821616
S2_BCN12_AS_NR	ridge	Gopalakrishnan_US	Lee_Manchester	0.5384615384615385	0.6103896103896104	0.5744255744255744	0.5384615384615385	0.6103896103896104	0.07192807192807182	0	0.08000000000000007	0	0	0	2.156186223234672	0.7155554538377515	0.6032222163102883	0.08168707482993197
S2_BCN12_AS_NR	ridge	Gopalakrishnan_US	Lee_PRIMM_NL	0.6019283746556473	0.4545454545454546	0.528236914600551	0.4545454545454546	0.6019283746556473	0.14738292011019272	30	0.039999999999999925	0	0	0	2.1884513111812445	0.7745689314443972	0.6511689475893659	0.07338528138528139
S2_BCN12_AS_NR	ridge	Gopalakrishnan_US	Lee_PRIMM_UK	0.673881673881674	0.7337662337662336	0.7038239538239538	0.673881673881674	0.7337662337662336	0.05988455988455965	29	0.05111111111111111	0	0	0	2.0629884886791996	0.7029774214674973	0.5924470851118022	0.07848122952884858
S2_BCN12_AS_NR	ridge	Gopalakrishnan_US	Matson_US	0.4791666666666667	0.5909090909090908	0.5350378787878788	0.4791666666666667	0.5909090909090908	0.11174242424242414	13	0.19157894736842113	0	1	1	1.1378781135158458	0.32940473391192715	0.35644838628752057	0.0470108604845447
S2_BCN12_AS_NR	ridge	Gopalakrishnan_US	Spencer_US	0.4257854821235103	0.2922077922077922	0.3589966371656512	0.2922077922077922	0.4257854821235103	0.1335776899157181	72	0.17195876288659784	0	1	0	0.8663222398807107	0.3242323634033718	0.32656385568073787	0.033931879280921985
S2_BCN12_AS_NR	ridge	Lee_Barcelona	Lee_Leeds	0.65	0.5428571428571429	0.5964285714285715	0.5428571428571429	0.65	0.1071428571428571	6	0.1388888888888889	1	0	1	1.900081845184206	0.5949875337870366	0.5175184809533883	0.0664525069286974
S2_BCN12_AS_NR	ridge	Lee_Barcelona	Lee_Manchester	0.423076923076923	0.4285714285714285	0.42582417582417575	0.423076923076923	0.4285714285714285	0.005494505494505475	13	0.0633333333333333	1	0	1	2.2125872071199106	0.699237363642387	0.5968096276682744	0.0739697656840514
S2_BCN12_AS_NR	ridge	Lee_Barcelona	Lee_PRIMM_NL	0.33608815426997246	0.34285714285714286	0.33947264856355763	0.33608815426997246	0.34285714285714286	0.006768988587170399	43	0.1833333333333333	1	0	1	2.2654600312628763	0.7635200611439845	0.6434861265694625	0.0709798666941524
S2_BCN12_AS_NR	ridge	Lee_Barcelona	Lee_PRIMM_UK	0.3694083694083694	0.2571428571428572	0.31327561327561326	0.2571428571428572	0.3694083694083694	0.11226551226551224	42	0.19444444444444448	1	0	1	2.1906652798974484	0.6864949908918968	0.594816419606938	0.07321323591164862
S2_BCN12_AS_NR	ridge	Lee_Barcelona	Matson_US	0.3333333333333333	0.37142857142857144	0.35238095238095235	0.3333333333333333	0.37142857142857144	0.038095238095238126	26	0.04824561403508776	0	0	0	1.9036925455120652	0.5117333886100498	0.4641582272842964	0.07052750924931375
S2_BCN12_AS_NR	ridge	Lee_Barcelona	Spencer_US	0.5606717226435536	0.5714285714285714	0.5660501470360625	0.5606717226435536	0.5714285714285714	0.010756848785017814	85	0.3152920962199312	0	0	0	1.391846202645219	0.4289819163420409	0.40151921943678875	0.059569784385690126
S2_BCN12_AS_NR	ridge	Lee_Leeds	Lee_Manchester	0.2948717948717948	0.225	0.2599358974358974	0.225	0.2948717948717948	0.06987179487179482	7	0.0755555555555556	1	1	1	1.5545824937549038	0.47164689705627394	0.4330400701509546	0.05555555555555555
S2_BCN12_AS_NR	ridge	Lee_Leeds	Lee_PRIMM_NL	0.4944903581267218	0.4375	0.4659951790633609	0.4375	0.4944903581267218	0.05699035812672182	37	0.0444444444444444	1	0	1	1.5566246650097413	0.4778931549680615	0.43468033313280113	0.058371927895737426
S2_BCN12_AS_NR	ridge	Lee_Leeds	Lee_PRIMM_UK	0.4862914862914863	0.575	0.5306457431457431	0.4862914862914863	0.575	0.08870851370851368	36	0.05555555555555558	1	1	1	1.4223043524177503	0.4473893542658809	0.4113155539569585	0.05030654237003443
S2_BCN12_AS_NR	ridge	Lee_Leeds	Matson_US	0.47916666666666663	0.5249999999999999	0.5020833333333332	0.47916666666666663	0.5249999999999999	0.04583333333333328	20	0.18713450292397665	0	0	0	1.9771596498918715	0.5811823747640369	0.49020061089929295	0.07011311347150946
S2_BCN12_AS_NR	ridge	Lee_Leeds	Spencer_US	0.5308775731310943	0.4375	0.48418878656554715	0.4375	0.5308775731310943	0.0933775731310943	79	0.1764032073310423	0	0	0	1.8343999907642503	0.5462421632104126	0.47054562970191266	0.0711516832773583
S2_BCN12_AS_NR	ridge	Lee_Manchester	Lee_PRIMM_NL	0.5123966942148761	0.36538461538461536	0.43889065479974576	0.36538461538461536	0.5123966942148761	0.14701207883026074	30	0.12	1	0	1	1.023240361097451	0.37225480323409776	0.3551927713469969	0.039582766439909295
S2_BCN12_AS_NR	ridge	Lee_Manchester	Lee_PRIMM_UK	0.5252525252525253	0.5897435897435896	0.5574980574980575	0.5252525252525253	0.5897435897435896	0.06449106449106434	29	0.13111111111111118	1	1	1	0.9138188960887204	0.3284935922301878	0.31756491921131447	0.036730326698580666
S2_BCN12_AS_NR	ridge	Lee_Manchester	Matson_US	0.48511904761904756	0.5512820512820512	0.5182005494505494	0.48511904761904756	0.5512820512820512	0.06616300366300365	13	0.11157894736842106	0	0	0	2.0526455035056514	0.652012344550797	0.5576993360744268	0.06928177586824205
S2_BCN12_AS_NR	ridge	Lee_Manchester	Spencer_US	0.43174431202600216	0.3974358974358974	0.4145901047309498	0.3974358974358974	0.43174431202600216	0.03430841459010475	72	0.2519587628865979	0	0	0	1.9981247694722843	0.6634308562491238	0.5626092193735298	0.06764326624120438
S2_BCN12_AS_NR	ridge	Lee_PRIMM_NL	Lee_PRIMM_UK	0.6825396825396826	0.5826446280991735	0.632592155319428	0.5826446280991735	0.6825396825396826	0.09989505444050906	1	0.011111111111111183	1	0	1	0.979761610673823	0.2947752855170625	0.3098038865253837	0.039137100406941676
S2_BCN12_AS_NR	ridge	Lee_PRIMM_NL	Matson_US	0.5386904761904762	0.43250688705234164	0.4855986816214089	0.43250688705234164	0.5386904761904762	0.10618358913813453	17	0.23157894736842105	0	0	0	2.151580063750936	0.7076207020813287	0.5984839380121251	0.06549751000878819
S2_BCN12_AS_NR	ridge	Lee_PRIMM_NL	Spencer_US	0.5292524377031419	0.6074380165289256	0.5683452271160337	0.5292524377031419	0.6074380165289256	0.0781855788257837	42	0.1319587628865979	0	0	0	2.056853303314237	0.710936693632596	0.6077592582922652	0.059407540585743816
S2_BCN12_AS_NR	ridge	Lee_PRIMM_UK	Matson_US	0.4285714285714286	0.46176046176046176	0.4451659451659452	0.4285714285714286	0.46176046176046176	0.03318903318903316	16	0.24269005847953223	0	0	0	1.8534931918759978	0.6124204863537068	0.5259206807769226	0.06252182484429769
S2_BCN12_AS_NR	ridge	Lee_PRIMM_UK	Spencer_US	0.5222101841820153	0.5252525252525253	0.5237313547172703	0.5222101841820153	0.5252525252525253	0.003042341070510046	43	0.12084765177548673	0	0	0	1.8951555363130812	0.6409902283621296	0.5444864834515294	0.06305335421682991
S2_BCN12_AS_NR	ridge	Matson_US	Spencer_US	0.5108342361863489	0.5922619047619048	0.5515480704741269	0.5108342361863489	0.5922619047619048	0.08142766857555583	59	0.36353771025501896	0	1	0	1.085571598218901	0.2896984855829794	0.3022554757028195	0.03619677568983824
S3_EXCLUDE_LEE_SITES	elastic_net	Frankel_US	Gopalakrishnan_US	0.6298701298701298	0.46944444444444444	0.5496572871572871	0.46944444444444444	0.6298701298701298	0.16042568542568536	14	0.055384615384615365	0	1	0	1.4601102198390727	0.5138555257100887	0.457773044074274	0.0727642304785162
S3_EXCLUDE_LEE_SITES	elastic_net	Frankel_US	Lee_Leeds	0.16249999999999998	0.38055555555555554	0.27152777777777776	0.16249999999999998	0.38055555555555554	0.21805555555555556	21	0.05982905982905984	0	0	1	2.0000659164923533	0.43330674562958954	0.39824176658373817	0.06973855069093164
S3_EXCLUDE_LEE_SITES	elastic_net	Frankel_US	Lee_PRIMM_NL	0.5358126721763086	0.4611111111111111	0.4984618916437098	0.4611111111111111	0.5358126721763086	0.07470156106519749	16	0.015384615384615441	0	0	1	2.1537283003203482	0.5362672870971259	0.49418965792965314	0.07240103811532383
S3_EXCLUDE_LEE_SITES	elastic_net	Frankel_US	Lee_PRIMM_UK	0.48629148629148633	0.41388888888888886	0.4500901875901876	0.41388888888888886	0.48629148629148633	0.07240259740259747	15	0.004273504273504258	0	0	1	1.822480321344653	0.5029369678988839	0.44529863877920617	0.06176134271372367
S3_EXCLUDE_LEE_SITES	elastic_net	Frankel_US	Matson_US	0.3630952380952381	0.5277777777777778	0.4454365079365079	0.3630952380952381	0.5277777777777778	0.1646825396825397	1	0.2469635627530365	0	1	0	1.0679491869084694	0.4539916266983753	0.38945877784631266	0.04694336574035822
S3_EXCLUDE_LEE_SITES	elastic_net	Frankel_US	Spencer_US	0.5314192849404117	0.4444444444444444	0.48793186469242805	0.4444444444444444	0.5314192849404117	0.08697484049596726	58	0.11657414750198247	0	1	0	1.37106100772541	0.4428438885729916	0.3915311991633044	0.059063371581780995
S3_EXCLUDE_LEE_SITES	elastic_net	Gopalakrishnan_US	Lee_Leeds	0.35	0.4805194805194805	0.4152597402597402	0.35	0.4805194805194805	0.13051948051948054	7	0.004444444444444473	0	0	0	2.0440113218725884	0.6134426055677813	0.5216269539720565	0.08646107331821616
S3_EXCLUDE_LEE_SITES	elastic_net	Gopalakrishnan_US	Lee_PRIMM_NL	0.7052341597796143	0.44805194805194803	0.5766430539157812	0.44805194805194803	0.7052341597796143	0.2571822117276663	30	0.039999999999999925	0	0	0	2.1884513111812445	0.7745689314443972	0.6511689475893659	0.07338528138528139
S3_EXCLUDE_LEE_SITES	elastic_net	Gopalakrishnan_US	Lee_PRIMM_UK	0.6002886002886003	0.6168831168831168	0.6085858585858586	0.6002886002886003	0.6168831168831168	0.016594516594516495	29	0.05111111111111111	0	0	0	2.0629884886791996	0.7029774214674973	0.5924470851118022	0.07848122952884858
S3_EXCLUDE_LEE_SITES	elastic_net	Gopalakrishnan_US	Matson_US	0.5535714285714286	0.6688311688311688	0.6112012987012987	0.5535714285714286	0.6688311688311688	0.11525974025974017	13	0.19157894736842113	0	1	1	1.1378781135158458	0.32940473391192715	0.35644838628752057	0.0470108604845447
S3_EXCLUDE_LEE_SITES	elastic_net	Gopalakrishnan_US	Spencer_US	0.47778981581798485	0.4155844155844156	0.44668711570120023	0.4155844155844156	0.47778981581798485	0.06220540023356924	72	0.17195876288659784	0	1	0	0.8663222398807107	0.3242323634033718	0.32656385568073787	0.033931879280921985
S3_EXCLUDE_LEE_SITES	elastic_net	Lee_Leeds	Lee_PRIMM_NL	0.4476584022038567	0.4875	0.46757920110192835	0.4476584022038567	0.4875	0.03984159779614327	37	0.0444444444444444	1	0	1	1.5566246650097413	0.4778931549680615	0.43468033313280113	0.058371927895737426
S3_EXCLUDE_LEE_SITES	elastic_net	Lee_Leeds	Lee_PRIMM_UK	0.5281385281385281	0.7375	0.632819264069264	0.5281385281385281	0.7375	0.20936147186147192	36	0.05555555555555558	1	1	1	1.4223043524177503	0.4473893542658809	0.4113155539569585	0.05030654237003443
S3_EXCLUDE_LEE_SITES	elastic_net	Lee_Leeds	Matson_US	0.34523809523809523	0.7375	0.5413690476190476	0.34523809523809523	0.7375	0.3922619047619048	20	0.18713450292397665	0	0	0	1.9771596498918715	0.5811823747640369	0.49020061089929295	0.07011311347150946
S3_EXCLUDE_LEE_SITES	elastic_net	Lee_Leeds	Spencer_US	0.4756229685807151	0.55	0.5128114842903576	0.4756229685807151	0.55	0.07437703141928492	79	0.1764032073310423	0	0	0	1.8343999907642503	0.5462421632104126	0.47054562970191266	0.0711516832773583
S3_EXCLUDE_LEE_SITES	elastic_net	Lee_PRIMM_NL	Lee_PRIMM_UK	0.5714285714285715	0.6584022038567493	0.6149153876426604	0.5714285714285715	0.6584022038567493	0.0869736324281778	1	0.011111111111111183	1	0	1	0.979761610673823	0.2947752855170625	0.3098038865253837	0.039137100406941676
S3_EXCLUDE_LEE_SITES	elastic_net	Lee_PRIMM_NL	Matson_US	0.5595238095238095	0.36914600550964183	0.4643349075167257	0.36914600550964183	0.5595238095238095	0.1903778040141677	17	0.23157894736842105	0	0	0	2.151580063750936	0.7076207020813287	0.5984839380121251	0.06549751000878819
S3_EXCLUDE_LEE_SITES	elastic_net	Lee_PRIMM_NL	Spencer_US	0.5140845070422535	0.5041322314049587	0.509108369223606	0.5041322314049587	0.5140845070422535	0.009952275637294838	42	0.1319587628865979	0	0	0	2.056853303314237	0.710936693632596	0.6077592582922652	0.059407540585743816
S3_EXCLUDE_LEE_SITES	elastic_net	Lee_PRIMM_UK	Matson_US	0.5148809523809523	0.49350649350649356	0.504193722943723	0.49350649350649356	0.5148809523809523	0.021374458874458768	16	0.24269005847953223	0	0	0	1.8534931918759978	0.6124204863537068	0.5259206807769226	0.06252182484429769
S3_EXCLUDE_LEE_SITES	elastic_net	Lee_PRIMM_UK	Spencer_US	0.5465872156013001	0.4314574314574315	0.4890223235293658	0.4314574314574315	0.5465872156013001	0.1151297841438686	43	0.12084765177548673	0	0	0	1.8951555363130812	0.6409902283621296	0.5444864834515294	0.06305335421682991
S3_EXCLUDE_LEE_SITES	elastic_net	Matson_US	Spencer_US	0.47562296858071507	0.6071428571428572	0.5413829128617862	0.47562296858071507	0.6071428571428572	0.13151988856214214	59	0.36353771025501896	0	1	0	1.085571598218901	0.2896984855829794	0.3022554757028195	0.03619677568983824
S3_EXCLUDE_LEE_SITES	random_forest	Frankel_US	Gopalakrishnan_US	0.5584415584415584	0.48055555555555557	0.519498556998557	0.48055555555555557	0.5584415584415584	0.07788600288600284	14	0.055384615384615365	0	1	0	1.4601102198390727	0.5138555257100887	0.457773044074274	0.0727642304785162
S3_EXCLUDE_LEE_SITES	random_forest	Frankel_US	Lee_Leeds	0.38749999999999996	0.42500000000000004	0.40625	0.38749999999999996	0.42500000000000004	0.03750000000000009	21	0.05982905982905984	0	0	1	2.0000659164923533	0.43330674562958954	0.39824176658373817	0.06973855069093164
S3_EXCLUDE_LEE_SITES	random_forest	Frankel_US	Lee_PRIMM_NL	0.5564738292011019	0.6527777777777777	0.6046258034894398	0.5564738292011019	0.6527777777777777	0.09630394857667579	16	0.015384615384615441	0	0	1	2.1537283003203482	0.5362672870971259	0.49418965792965314	0.07240103811532383
S3_EXCLUDE_LEE_SITES	random_forest	Frankel_US	Lee_PRIMM_UK	0.46464646464646464	0.5444444444444445	0.5045454545454546	0.46464646464646464	0.5444444444444445	0.07979797979797987	15	0.004273504273504258	0	0	1	1.822480321344653	0.5029369678988839	0.44529863877920617	0.06176134271372367
S3_EXCLUDE_LEE_SITES	random_forest	Frankel_US	Matson_US	0.375	0.475	0.425	0.375	0.475	0.09999999999999998	1	0.2469635627530365	0	1	0	1.0679491869084694	0.4539916266983753	0.38945877784631266	0.04694336574035822
S3_EXCLUDE_LEE_SITES	random_forest	Frankel_US	Spencer_US	0.5335861321776815	0.4444444444444444	0.48901528831106295	0.4444444444444444	0.5335861321776815	0.08914168773323705	58	0.11657414750198247	0	1	0	1.37106100772541	0.4428438885729916	0.3915311991633044	0.059063371581780995
S3_EXCLUDE_LEE_SITES	random_forest	Gopalakrishnan_US	Lee_Leeds	0.5375	0.5	0.51875	0.5	0.5375	0.03749999999999998	7	0.004444444444444473	0	0	0	2.0440113218725884	0.6134426055677813	0.5216269539720565	0.08646107331821616
S3_EXCLUDE_LEE_SITES	random_forest	Gopalakrishnan_US	Lee_PRIMM_NL	0.6143250688705235	0.6623376623376624	0.638331365604093	0.6143250688705235	0.6623376623376624	0.04801259346713893	30	0.039999999999999925	0	0	0	2.1884513111812445	0.7745689314443972	0.6511689475893659	0.07338528138528139
S3_EXCLUDE_LEE_SITES	random_forest	Gopalakrishnan_US	Lee_PRIMM_UK	0.5541125541125541	0.5844155844155844	0.5692640692640693	0.5541125541125541	0.5844155844155844	0.030303030303030276	29	0.05111111111111111	0	0	0	2.0629884886791996	0.7029774214674973	0.5924470851118022	0.07848122952884858
S3_EXCLUDE_LEE_SITES	random_forest	Gopalakrishnan_US	Matson_US	0.43749999999999994	0.47402597402597396	0.45576298701298695	0.43749999999999994	0.47402597402597396	0.03652597402597402	13	0.19157894736842113	0	1	1	1.1378781135158458	0.32940473391192715	0.35644838628752057	0.0470108604845447
S3_EXCLUDE_LEE_SITES	random_forest	Gopalakrishnan_US	Spencer_US	0.6061755146262188	0.6103896103896104	0.6082825625079146	0.6061755146262188	0.6103896103896104	0.004214095763391601	72	0.17195876288659784	0	1	0	0.8663222398807107	0.3242323634033718	0.32656385568073787	0.033931879280921985
S3_EXCLUDE_LEE_SITES	random_forest	Lee_Leeds	Lee_PRIMM_NL	0.5371900826446281	0.6375000000000001	0.587345041322314	0.5371900826446281	0.6375000000000001	0.10030991735537198	37	0.0444444444444444	1	0	1	1.5566246650097413	0.4778931549680615	0.43468033313280113	0.058371927895737426
S3_EXCLUDE_LEE_SITES	random_forest	Lee_Leeds	Lee_PRIMM_UK	0.5238095238095238	0.325	0.42440476190476195	0.325	0.5238095238095238	0.19880952380952382	36	0.05555555555555558	1	1	1	1.4223043524177503	0.4473893542658809	0.4113155539569585	0.05030654237003443
S3_EXCLUDE_LEE_SITES	random_forest	Lee_Leeds	Matson_US	0.4375	0.45	0.44375	0.4375	0.45	0.012500000000000011	20	0.18713450292397665	0	0	0	1.9771596498918715	0.5811823747640369	0.49020061089929295	0.07011311347150946
S3_EXCLUDE_LEE_SITES	random_forest	Lee_Leeds	Spencer_US	0.4859154929577465	0.5375	0.5117077464788733	0.4859154929577465	0.5375	0.05158450704225348	79	0.1764032073310423	0	0	0	1.8343999907642503	0.5462421632104126	0.47054562970191266	0.0711516832773583
S3_EXCLUDE_LEE_SITES	random_forest	Lee_PRIMM_NL	Lee_PRIMM_UK	0.6435786435786436	0.6005509641873279	0.6220648038829857	0.6005509641873279	0.6435786435786436	0.04302767939131569	1	0.011111111111111183	1	0	1	0.979761610673823	0.2947752855170625	0.3098038865253837	0.039137100406941676
S3_EXCLUDE_LEE_SITES	random_forest	Lee_PRIMM_NL	Matson_US	0.39285714285714285	0.4462809917355372	0.41956906729634	0.39285714285714285	0.4462809917355372	0.05342384887839435	17	0.23157894736842105	0	0	0	2.151580063750936	0.7076207020813287	0.5984839380121251	0.06549751000878819
S3_EXCLUDE_LEE_SITES	random_forest	Lee_PRIMM_NL	Spencer_US	0.457204767063922	0.5055096418732783	0.48135720446860014	0.457204767063922	0.5055096418732783	0.0483048748093563	42	0.1319587628865979	0	0	0	2.056853303314237	0.710936693632596	0.6077592582922652	0.059407540585743816
S3_EXCLUDE_LEE_SITES	random_forest	Lee_PRIMM_UK	Matson_US	0.43452380952380953	0.49639249639249644	0.46545815295815296	0.43452380952380953	0.49639249639249644	0.061868686868686906	16	0.24269005847953223	0	0	0	1.8534931918759978	0.6124204863537068	0.5259206807769226	0.06252182484429769
S3_EXCLUDE_LEE_SITES	random_forest	Lee_PRIMM_UK	Spencer_US	0.5314192849404117	0.4098124098124098	0.4706158473764107	0.4098124098124098	0.5314192849404117	0.12160687512800189	43	0.12084765177548673	0	0	0	1.8951555363130812	0.6409902283621296	0.5444864834515294	0.06305335421682991
S3_EXCLUDE_LEE_SITES	random_forest	Matson_US	Spencer_US	0.44962080173347774	0.4255952380952381	0.43760801991435794	0.4255952380952381	0.44962080173347774	0.024025563638239655	59	0.36353771025501896	0	1	0	1.085571598218901	0.2896984855829794	0.3022554757028195	0.03619677568983824
S3_EXCLUDE_LEE_SITES	ridge	Frankel_US	Gopalakrishnan_US	0.512987012987013	0.46944444444444444	0.4912157287157287	0.46944444444444444	0.512987012987013	0.04354256854256855	14	0.055384615384615365	0	1	0	1.4601102198390727	0.5138555257100887	0.457773044074274	0.0727642304785162
S3_EXCLUDE_LEE_SITES	ridge	Frankel_US	Lee_Leeds	0.22500000000000003	0.39722222222222225	0.3111111111111111	0.22500000000000003	0.39722222222222225	0.17222222222222222	21	0.05982905982905984	0	0	1	2.0000659164923533	0.43330674562958954	0.39824176658373817	0.06973855069093164
S3_EXCLUDE_LEE_SITES	ridge	Frankel_US	Lee_PRIMM_NL	0.5123966942148761	0.47777777777777775	0.4950872359963269	0.47777777777777775	0.5123966942148761	0.03461891643709836	16	0.015384615384615441	0	0	1	2.1537283003203482	0.5362672870971259	0.49418965792965314	0.07240103811532383
S3_EXCLUDE_LEE_SITES	ridge	Frankel_US	Lee_PRIMM_UK	0.5988455988455988	0.5166666666666667	0.5577561327561328	0.5166666666666667	0.5988455988455988	0.08217893217893213	15	0.004273504273504258	0	0	1	1.822480321344653	0.5029369678988839	0.44529863877920617	0.06176134271372367
S3_EXCLUDE_LEE_SITES	ridge	Frankel_US	Matson_US	0.369047619047619	0.375	0.37202380952380953	0.369047619047619	0.375	0.005952380952380987	1	0.2469635627530365	0	1	0	1.0679491869084694	0.4539916266983753	0.38945877784631266	0.04694336574035822
S3_EXCLUDE_LEE_SITES	ridge	Frankel_US	Spencer_US	0.49024918743228607	0.49722222222222223	0.49373570482725415	0.49024918743228607	0.49722222222222223	0.006973034789936161	58	0.11657414750198247	0	1	0	1.37106100772541	0.4428438885729916	0.3915311991633044	0.059063371581780995
S3_EXCLUDE_LEE_SITES	ridge	Gopalakrishnan_US	Lee_Leeds	0.45	0.4025974025974026	0.4262987012987013	0.4025974025974026	0.45	0.04740259740259739	7	0.004444444444444473	0	0	0	2.0440113218725884	0.6134426055677813	0.5216269539720565	0.08646107331821616
S3_EXCLUDE_LEE_SITES	ridge	Gopalakrishnan_US	Lee_PRIMM_NL	0.6019283746556473	0.4545454545454546	0.528236914600551	0.4545454545454546	0.6019283746556473	0.14738292011019272	30	0.039999999999999925	0	0	0	2.1884513111812445	0.7745689314443972	0.6511689475893659	0.07338528138528139
S3_EXCLUDE_LEE_SITES	ridge	Gopalakrishnan_US	Lee_PRIMM_UK	0.673881673881674	0.7337662337662336	0.7038239538239538	0.673881673881674	0.7337662337662336	0.05988455988455965	29	0.05111111111111111	0	0	0	2.0629884886791996	0.7029774214674973	0.5924470851118022	0.07848122952884858
S3_EXCLUDE_LEE_SITES	ridge	Gopalakrishnan_US	Matson_US	0.4791666666666667	0.5909090909090908	0.5350378787878788	0.4791666666666667	0.5909090909090908	0.11174242424242414	13	0.19157894736842113	0	1	1	1.1378781135158458	0.32940473391192715	0.35644838628752057	0.0470108604845447
S3_EXCLUDE_LEE_SITES	ridge	Gopalakrishnan_US	Spencer_US	0.4257854821235103	0.2922077922077922	0.3589966371656512	0.2922077922077922	0.4257854821235103	0.1335776899157181	72	0.17195876288659784	0	1	0	0.8663222398807107	0.3242323634033718	0.32656385568073787	0.033931879280921985
S3_EXCLUDE_LEE_SITES	ridge	Lee_Leeds	Lee_PRIMM_NL	0.4944903581267218	0.4375	0.4659951790633609	0.4375	0.4944903581267218	0.05699035812672182	37	0.0444444444444444	1	0	1	1.5566246650097413	0.4778931549680615	0.43468033313280113	0.058371927895737426
S3_EXCLUDE_LEE_SITES	ridge	Lee_Leeds	Lee_PRIMM_UK	0.4862914862914863	0.575	0.5306457431457431	0.4862914862914863	0.575	0.08870851370851368	36	0.05555555555555558	1	1	1	1.4223043524177503	0.4473893542658809	0.4113155539569585	0.05030654237003443
S3_EXCLUDE_LEE_SITES	ridge	Lee_Leeds	Matson_US	0.47916666666666663	0.5249999999999999	0.5020833333333332	0.47916666666666663	0.5249999999999999	0.04583333333333328	20	0.18713450292397665	0	0	0	1.9771596498918715	0.5811823747640369	0.49020061089929295	0.07011311347150946
S3_EXCLUDE_LEE_SITES	ridge	Lee_Leeds	Spencer_US	0.5308775731310943	0.4375	0.48418878656554715	0.4375	0.5308775731310943	0.0933775731310943	79	0.1764032073310423	0	0	0	1.8343999907642503	0.5462421632104126	0.47054562970191266	0.0711516832773583
S3_EXCLUDE_LEE_SITES	ridge	Lee_PRIMM_NL	Lee_PRIMM_UK	0.6825396825396826	0.5826446280991735	0.632592155319428	0.5826446280991735	0.6825396825396826	0.09989505444050906	1	0.011111111111111183	1	0	1	0.979761610673823	0.2947752855170625	0.3098038865253837	0.039137100406941676
S3_EXCLUDE_LEE_SITES	ridge	Lee_PRIMM_NL	Matson_US	0.5386904761904762	0.43250688705234164	0.4855986816214089	0.43250688705234164	0.5386904761904762	0.10618358913813453	17	0.23157894736842105	0	0	0	2.151580063750936	0.7076207020813287	0.5984839380121251	0.06549751000878819
S3_EXCLUDE_LEE_SITES	ridge	Lee_PRIMM_NL	Spencer_US	0.5292524377031419	0.6074380165289256	0.5683452271160337	0.5292524377031419	0.6074380165289256	0.0781855788257837	42	0.1319587628865979	0	0	0	2.056853303314237	0.710936693632596	0.6077592582922652	0.059407540585743816
S3_EXCLUDE_LEE_SITES	ridge	Lee_PRIMM_UK	Matson_US	0.4285714285714286	0.46176046176046176	0.4451659451659452	0.4285714285714286	0.46176046176046176	0.03318903318903316	16	0.24269005847953223	0	0	0	1.8534931918759978	0.6124204863537068	0.5259206807769226	0.06252182484429769
S3_EXCLUDE_LEE_SITES	ridge	Lee_PRIMM_UK	Spencer_US	0.5222101841820153	0.5252525252525253	0.5237313547172703	0.5222101841820153	0.5252525252525253	0.003042341070510046	43	0.12084765177548673	0	0	0	1.8951555363130812	0.6409902283621296	0.5444864834515294	0.06305335421682991
S3_EXCLUDE_LEE_SITES	ridge	Matson_US	Spencer_US	0.5108342361863489	0.5922619047619048	0.5515480704741269	0.5108342361863489	0.5922619047619048	0.08142766857555583	59	0.36353771025501896	0	1	0	1.085571598218901	0.2896984855829794	0.3022554757028195	0.03619677568983824
