scheme	held_out_group	mode	seed	manifest_id	domain_id	y	locked_downstream_probability	embedded_DEBIASM_probability
LODO	Frankel_US	online_adaptive	20260802	V2A0001	Frankel_US	0	0.1676289027031179	0.6502734422683716
LODO	Frankel_US	online_adaptive	20260802	V2A0002	Frankel_US	1	0.41560993456422146	0.5902462601661682
LODO	Frankel_US	online_adaptive	20260802	V2A0003	Frankel_US	1	0.4553658433926446	0.6071564555168152
LODO	Frankel_US	online_adaptive	20260802	V2A0004	Frankel_US	1	0.15453789993860925	0.6595758199691772
LODO	Frankel_US	online_adaptive	20260802	V2A0005	Frankel_US	1	0.7141729984383433	0.6023915410041809
LODO	Frankel_US	online_adaptive	20260802	V2A0006	Frankel_US	1	0.8026774477733498	0.5544610619544983
LODO	Frankel_US	online_adaptive	20260802	V2A0007	Frankel_US	0	0.1917897046412289	0.6671055555343628
LODO	Frankel_US	online_adaptive	20260802	V2A0008	Frankel_US	1	0.048586005172545105	0.6103739142417908
LODO	Frankel_US	online_adaptive	20260802	V2A0009	Frankel_US	1	0.6801585859901443	0.6178133487701416
LODO	Frankel_US	online_adaptive	20260802	V2A0010	Frankel_US	1	0.2039978864890595	0.6152575612068176
LODO	Frankel_US	online_adaptive	20260802	V2A0011	Frankel_US	1	0.02316610547776278	0.6214413046836853
LODO	Frankel_US	online_adaptive	20260802	V2A0012	Frankel_US	1	0.6352240614988867	0.6240721344947815
LODO	Frankel_US	online_adaptive	20260802	V2A0013	Frankel_US	0	0.8058022764498824	0.6540679931640625
LODO	Frankel_US	online_adaptive	20260802	V2A0014	Frankel_US	0	0.8689683138815092	0.5791205167770386
LODO	Frankel_US	online_adaptive	20260802	V2A0015	Frankel_US	0	0.022093634012247915	0.510856568813324
LODO	Frankel_US	online_adaptive	20260802	V2A0016	Frankel_US	0	0.16786356641884995	0.6470527648925781
LODO	Frankel_US	online_adaptive	20260802	V2A0017	Frankel_US	1	0.6945517083610545	0.6336476802825928
LODO	Frankel_US	online_adaptive	20260802	V2A0018	Frankel_US	1	0.47133763957335273	0.659948468208313
LODO	Frankel_US	online_adaptive	20260802	V2A0019	Frankel_US	1	0.008179052845625348	0.6109672784805298
LODO	Frankel_US	online_adaptive	20260802	V2A0020	Frankel_US	1	0.31982986859030216	0.6744491457939148
LODO	Frankel_US	online_adaptive	20260802	V2A0021	Frankel_US	0	0.4714914860602251	0.5779814124107361
LODO	Frankel_US	online_adaptive	20260802	V2A0022	Frankel_US	1	0.25257669291662915	0.6184495091438293
LODO	Frankel_US	online_adaptive	20260802	V2A0023	Frankel_US	0	0.08889334758996943	0.6423050761222839
LODO	Frankel_US	online_adaptive	20260802	V2A0024	Frankel_US	0	0.10544483335623332	0.6021732091903687
LODO	Frankel_US	online_adaptive	20260802	V2A0025	Frankel_US	0	0.29692539363641585	0.5432941913604736
LODO	Frankel_US	online_adaptive	20260802	V2A0026	Frankel_US	0	0.8293086687795062	0.6043115258216858
LODO	Frankel_US	online_adaptive	20260802	V2A0027	Frankel_US	0	0.03880875491687262	0.6035885810852051
LODO	Frankel_US	online_adaptive	20260802	V2A0028	Frankel_US	0	0.030357256975079183	0.5392895340919495
LODO	Frankel_US	online_adaptive	20260802	V2A0029	Frankel_US	1	0.26622231533239166	0.5717973709106445
LODO	Frankel_US	online_adaptive	20260802	V2A0030	Frankel_US	0	0.4418244798268964	0.5664138197898865
LODO	Frankel_US	online_adaptive	20260802	V2A0031	Frankel_US	1	0.5561787271330461	0.6037200093269348
LODO	Frankel_US	online_adaptive	20260802	V2A0032	Frankel_US	0	0.6837658517390826	0.6254670023918152
LODO	Frankel_US	online_adaptive	20260802	V2A0033	Frankel_US	1	0.4430848698329501	0.5936198234558105
LODO	Frankel_US	online_adaptive	20260802	V2A0034	Frankel_US	1	0.9737961249446788	0.6512674689292908
LODO	Frankel_US	online_adaptive	20260802	V2A0035	Frankel_US	1	0.04454574623267209	0.6107804775238037
LODO	Frankel_US	online_adaptive	20260802	V2A0036	Frankel_US	1	0.024973875561450132	0.5727760195732117
LODO	Frankel_US	online_adaptive	20260802	V2A0037	Frankel_US	1	0.042732963338637846	0.5982393622398376
LODO	Frankel_US	online_adaptive	20260802	V2A0038	Frankel_US	1	0.053534455403742506	0.6359913945198059
LODO	Frankel_US	online_adaptive	20260802	V2A0039	Frankel_US	1	0.35977018289663654	0.6584287881851196
LODO	Frankel_US	online_adaptive	20260803	V2A0001	Frankel_US	0	0.1637573015726242	0.6582311987876892
LODO	Frankel_US	online_adaptive	20260803	V2A0002	Frankel_US	1	0.4067965417028203	0.5956022143363953
LODO	Frankel_US	online_adaptive	20260803	V2A0003	Frankel_US	1	0.4512284118451406	0.6039579510688782
LODO	Frankel_US	online_adaptive	20260803	V2A0004	Frankel_US	1	0.1612917985101712	0.6635873317718506
LODO	Frankel_US	online_adaptive	20260803	V2A0005	Frankel_US	1	0.718674986673053	0.6097232103347778
LODO	Frankel_US	online_adaptive	20260803	V2A0006	Frankel_US	1	0.8041246766051273	0.5593590140342712
LODO	Frankel_US	online_adaptive	20260803	V2A0007	Frankel_US	0	0.20158250562406374	0.6742429137229919
LODO	Frankel_US	online_adaptive	20260803	V2A0008	Frankel_US	1	0.05001840131471693	0.6037656664848328
LODO	Frankel_US	online_adaptive	20260803	V2A0009	Frankel_US	1	0.6861624619023066	0.6279160976409912
LODO	Frankel_US	online_adaptive	20260803	V2A0010	Frankel_US	1	0.20733151015787638	0.619960606098175
LODO	Frankel_US	online_adaptive	20260803	V2A0011	Frankel_US	1	0.023186826414770996	0.6209697127342224
LODO	Frankel_US	online_adaptive	20260803	V2A0012	Frankel_US	1	0.6296528721820704	0.6285018920898438
LODO	Frankel_US	online_adaptive	20260803	V2A0013	Frankel_US	0	0.8160245828387027	0.6612347960472107
LODO	Frankel_US	online_adaptive	20260803	V2A0014	Frankel_US	0	0.8661271824941922	0.5835479497909546
LODO	Frankel_US	online_adaptive	20260803	V2A0015	Frankel_US	0	0.022500650411497323	0.5172629356384277
LODO	Frankel_US	online_adaptive	20260803	V2A0016	Frankel_US	0	0.17346482057875337	0.6525071263313293
LODO	Frankel_US	online_adaptive	20260803	V2A0017	Frankel_US	1	0.6932358266606755	0.641097366809845
LODO	Frankel_US	online_adaptive	20260803	V2A0018	Frankel_US	1	0.48328787250868604	0.6664212346076965
LODO	Frankel_US	online_adaptive	20260803	V2A0019	Frankel_US	1	0.00810582071679243	0.6109837889671326
LODO	Frankel_US	online_adaptive	20260803	V2A0020	Frankel_US	1	0.3234567674728553	0.681039571762085
LODO	Frankel_US	online_adaptive	20260803	V2A0021	Frankel_US	0	0.45817962446663457	0.5700620412826538
LODO	Frankel_US	online_adaptive	20260803	V2A0022	Frankel_US	1	0.2478898386752786	0.6265580058097839
LODO	Frankel_US	online_adaptive	20260803	V2A0023	Frankel_US	0	0.08884692123244796	0.6458917260169983
LODO	Frankel_US	online_adaptive	20260803	V2A0024	Frankel_US	0	0.11159906623728066	0.6028938889503479
LODO	Frankel_US	online_adaptive	20260803	V2A0025	Frankel_US	0	0.29735259025001226	0.5412479639053345
LODO	Frankel_US	online_adaptive	20260803	V2A0026	Frankel_US	0	0.8328560942750397	0.6112233400344849
LODO	Frankel_US	online_adaptive	20260803	V2A0027	Frankel_US	0	0.03883524964238686	0.5992118716239929
LODO	Frankel_US	online_adaptive	20260803	V2A0028	Frankel_US	0	0.030175820256954047	0.5444356799125671
LODO	Frankel_US	online_adaptive	20260803	V2A0029	Frankel_US	1	0.2672547687154619	0.5789086818695068
LODO	Frankel_US	online_adaptive	20260803	V2A0030	Frankel_US	0	0.44587438517254924	0.5742899775505066
LODO	Frankel_US	online_adaptive	20260803	V2A0031	Frankel_US	1	0.5731752965510627	0.6051315069198608
LODO	Frankel_US	online_adaptive	20260803	V2A0032	Frankel_US	0	0.6831458931680174	0.6275479793548584
LODO	Frankel_US	online_adaptive	20260803	V2A0033	Frankel_US	1	0.4524738686742976	0.5938506722450256
LODO	Frankel_US	online_adaptive	20260803	V2A0034	Frankel_US	1	0.9745666929832908	0.6554781794548035
LODO	Frankel_US	online_adaptive	20260803	V2A0035	Frankel_US	1	0.04506497588140782	0.6130000948905945
LODO	Frankel_US	online_adaptive	20260803	V2A0036	Frankel_US	1	0.025046709114630902	0.573226809501648
LODO	Frankel_US	online_adaptive	20260803	V2A0037	Frankel_US	1	0.04739073489707866	0.6005100011825562
LODO	Frankel_US	online_adaptive	20260803	V2A0038	Frankel_US	1	0.05757420640238986	0.639914870262146
LODO	Frankel_US	online_adaptive	20260803	V2A0039	Frankel_US	1	0.3603715010448062	0.6581615805625916
LODO	Frankel_US	online_adaptive	20260804	V2A0001	Frankel_US	0	0.16866346609055025	0.6453806757926941
LODO	Frankel_US	online_adaptive	20260804	V2A0002	Frankel_US	1	0.41858700688486855	0.5920963287353516
LODO	Frankel_US	online_adaptive	20260804	V2A0003	Frankel_US	1	0.46305607879654687	0.6031935214996338
LODO	Frankel_US	online_adaptive	20260804	V2A0004	Frankel_US	1	0.1591797961679323	0.6547289490699768
LODO	Frankel_US	online_adaptive	20260804	V2A0005	Frankel_US	1	0.706926734578984	0.5933101177215576
LODO	Frankel_US	online_adaptive	20260804	V2A0006	Frankel_US	1	0.7977991614920269	0.5486351847648621
LODO	Frankel_US	online_adaptive	20260804	V2A0007	Frankel_US	0	0.19656539939854203	0.6620786190032959
LODO	Frankel_US	online_adaptive	20260804	V2A0008	Frankel_US	1	0.048962684621779655	0.600797712802887
LODO	Frankel_US	online_adaptive	20260804	V2A0009	Frankel_US	1	0.6746944006920113	0.6125351786613464
LODO	Frankel_US	online_adaptive	20260804	V2A0010	Frankel_US	1	0.20824283678859684	0.6077998280525208
LODO	Frankel_US	online_adaptive	20260804	V2A0011	Frankel_US	1	0.02192625758960655	0.617031991481781
LODO	Frankel_US	online_adaptive	20260804	V2A0012	Frankel_US	1	0.646822403997895	0.6199430227279663
LODO	Frankel_US	online_adaptive	20260804	V2A0013	Frankel_US	0	0.8019656206195603	0.6501709222793579
LODO	Frankel_US	online_adaptive	20260804	V2A0014	Frankel_US	0	0.8670256637513768	0.5745009779930115
LODO	Frankel_US	online_adaptive	20260804	V2A0015	Frankel_US	0	0.021483809143682232	0.5062670707702637
LODO	Frankel_US	online_adaptive	20260804	V2A0016	Frankel_US	0	0.1753066236402371	0.6435680985450745
LODO	Frankel_US	online_adaptive	20260804	V2A0017	Frankel_US	1	0.6804275539521375	0.6309131979942322
LODO	Frankel_US	online_adaptive	20260804	V2A0018	Frankel_US	1	0.4784410591176759	0.6633121967315674
LODO	Frankel_US	online_adaptive	20260804	V2A0019	Frankel_US	1	0.007996327618983397	0.6068721413612366
LODO	Frankel_US	online_adaptive	20260804	V2A0020	Frankel_US	1	0.3388797255086215	0.6632577180862427
LODO	Frankel_US	online_adaptive	20260804	V2A0021	Frankel_US	0	0.4792560035444909	0.5738375186920166
LODO	Frankel_US	online_adaptive	20260804	V2A0022	Frankel_US	1	0.25237735403038614	0.6142091155052185
LODO	Frankel_US	online_adaptive	20260804	V2A0023	Frankel_US	0	0.0874310104734087	0.6319819688796997
LODO	Frankel_US	online_adaptive	20260804	V2A0024	Frankel_US	0	0.10586471199822213	0.596825361251831
LODO	Frankel_US	online_adaptive	20260804	V2A0025	Frankel_US	0	0.298814279978134	0.5322449207305908
LODO	Frankel_US	online_adaptive	20260804	V2A0026	Frankel_US	0	0.8309139244749427	0.6026759743690491
LODO	Frankel_US	online_adaptive	20260804	V2A0027	Frankel_US	0	0.03635035462519417	0.593532383441925
LODO	Frankel_US	online_adaptive	20260804	V2A0028	Frankel_US	0	0.030180109809709924	0.5303752422332764
LODO	Frankel_US	online_adaptive	20260804	V2A0029	Frankel_US	1	0.2758699858510577	0.5639522671699524
LODO	Frankel_US	online_adaptive	20260804	V2A0030	Frankel_US	0	0.44095648357191664	0.5584298968315125
LODO	Frankel_US	online_adaptive	20260804	V2A0031	Frankel_US	1	0.5624252569464008	0.5994777083396912
LODO	Frankel_US	online_adaptive	20260804	V2A0032	Frankel_US	0	0.6863173202052366	0.6160717606544495
LODO	Frankel_US	online_adaptive	20260804	V2A0033	Frankel_US	1	0.4427152046698071	0.5932464599609375
LODO	Frankel_US	online_adaptive	20260804	V2A0034	Frankel_US	1	0.9731794128795264	0.6428930163383484
LODO	Frankel_US	online_adaptive	20260804	V2A0035	Frankel_US	1	0.04575189888680795	0.60592120885849
LODO	Frankel_US	online_adaptive	20260804	V2A0036	Frankel_US	1	0.024148578912124165	0.5658735632896423
LODO	Frankel_US	online_adaptive	20260804	V2A0037	Frankel_US	1	0.042581105407566426	0.6005619764328003
LODO	Frankel_US	online_adaptive	20260804	V2A0038	Frankel_US	1	0.05390464885912085	0.6308614015579224
LODO	Frankel_US	online_adaptive	20260804	V2A0039	Frankel_US	1	0.3495656696671791	0.650921642780304
LODO	Frankel_US	online_adaptive	20260805	V2A0001	Frankel_US	0	0.1743183170360431	0.6470096111297607
LODO	Frankel_US	online_adaptive	20260805	V2A0002	Frankel_US	1	0.4145213106334581	0.5859602093696594
LODO	Frankel_US	online_adaptive	20260805	V2A0003	Frankel_US	1	0.4550650706071896	0.5962666869163513
LODO	Frankel_US	online_adaptive	20260805	V2A0004	Frankel_US	1	0.15477422954023712	0.6567878127098083
LODO	Frankel_US	online_adaptive	20260805	V2A0005	Frankel_US	1	0.7136120433898441	0.5997297167778015
LODO	Frankel_US	online_adaptive	20260805	V2A0006	Frankel_US	1	0.7974363278808101	0.552932620048523
LODO	Frankel_US	online_adaptive	20260805	V2A0007	Frankel_US	0	0.19297943805077364	0.6624634861946106
LODO	Frankel_US	online_adaptive	20260805	V2A0008	Frankel_US	1	0.051321660890937607	0.6029928922653198
LODO	Frankel_US	online_adaptive	20260805	V2A0009	Frankel_US	1	0.6840221633624651	0.6133241057395935
LODO	Frankel_US	online_adaptive	20260805	V2A0010	Frankel_US	1	0.20216289280562866	0.6101149916648865
LODO	Frankel_US	online_adaptive	20260805	V2A0011	Frankel_US	1	0.023046154100659435	0.615521252155304
LODO	Frankel_US	online_adaptive	20260805	V2A0012	Frankel_US	1	0.6241249514521594	0.6209679841995239
LODO	Frankel_US	online_adaptive	20260805	V2A0013	Frankel_US	0	0.8099276103150079	0.6497743725776672
LODO	Frankel_US	online_adaptive	20260805	V2A0014	Frankel_US	0	0.8656043617660596	0.5762924551963806
LODO	Frankel_US	online_adaptive	20260805	V2A0015	Frankel_US	0	0.02227268726139823	0.5054206848144531
LODO	Frankel_US	online_adaptive	20260805	V2A0016	Frankel_US	0	0.1745142874214614	0.6449485421180725
LODO	Frankel_US	online_adaptive	20260805	V2A0017	Frankel_US	1	0.6896187385667546	0.6315768361091614
LODO	Frankel_US	online_adaptive	20260805	V2A0018	Frankel_US	1	0.47824419983884586	0.6602609157562256
LODO	Frankel_US	online_adaptive	20260805	V2A0019	Frankel_US	1	0.007968604315865699	0.6113702654838562
LODO	Frankel_US	online_adaptive	20260805	V2A0020	Frankel_US	1	0.3237933584304139	0.6719907522201538
LODO	Frankel_US	online_adaptive	20260805	V2A0021	Frankel_US	0	0.47338041928072444	0.5664847493171692
LODO	Frankel_US	online_adaptive	20260805	V2A0022	Frankel_US	1	0.25752920176949984	0.6147942543029785
LODO	Frankel_US	online_adaptive	20260805	V2A0023	Frankel_US	0	0.08562991413498568	0.6421581506729126
LODO	Frankel_US	online_adaptive	20260805	V2A0024	Frankel_US	0	0.10336973919970681	0.5941258668899536
LODO	Frankel_US	online_adaptive	20260805	V2A0025	Frankel_US	0	0.28375104571687315	0.5346148014068604
LODO	Frankel_US	online_adaptive	20260805	V2A0026	Frankel_US	0	0.8376423336662505	0.6022974252700806
LODO	Frankel_US	online_adaptive	20260805	V2A0027	Frankel_US	0	0.038370744479653746	0.5965599417686462
LODO	Frankel_US	online_adaptive	20260805	V2A0028	Frankel_US	0	0.029252808739686133	0.5340413451194763
LODO	Frankel_US	online_adaptive	20260805	V2A0029	Frankel_US	1	0.2621084556597319	0.568107008934021
LODO	Frankel_US	online_adaptive	20260805	V2A0030	Frankel_US	0	0.4434424564756116	0.5621106624603271
LODO	Frankel_US	online_adaptive	20260805	V2A0031	Frankel_US	1	0.5607357835810163	0.6001194715499878
LODO	Frankel_US	online_adaptive	20260805	V2A0032	Frankel_US	0	0.681419030687041	0.6171351671218872
LODO	Frankel_US	online_adaptive	20260805	V2A0033	Frankel_US	1	0.4453845678963188	0.5831784009933472
LODO	Frankel_US	online_adaptive	20260805	V2A0034	Frankel_US	1	0.9737046749334827	0.6453409790992737
LODO	Frankel_US	online_adaptive	20260805	V2A0035	Frankel_US	1	0.042532324980928155	0.6014217138290405
LODO	Frankel_US	online_adaptive	20260805	V2A0036	Frankel_US	1	0.024557365101087435	0.56395423412323
LODO	Frankel_US	online_adaptive	20260805	V2A0037	Frankel_US	1	0.04519233343023183	0.5965445637702942
LODO	Frankel_US	online_adaptive	20260805	V2A0038	Frankel_US	1	0.05470930310107802	0.6317102313041687
LODO	Frankel_US	online_adaptive	20260805	V2A0039	Frankel_US	1	0.36045450255117634	0.6550021171569824
LODO	Frankel_US	online_adaptive	20260806	V2A0001	Frankel_US	0	0.16327202792402884	0.6551756858825684
LODO	Frankel_US	online_adaptive	20260806	V2A0002	Frankel_US	1	0.4280963703795341	0.5958910584449768
LODO	Frankel_US	online_adaptive	20260806	V2A0003	Frankel_US	1	0.44915309060105263	0.6117475032806396
LODO	Frankel_US	online_adaptive	20260806	V2A0004	Frankel_US	1	0.1490083417601313	0.6628804802894592
LODO	Frankel_US	online_adaptive	20260806	V2A0005	Frankel_US	1	0.712516042373093	0.6067075729370117
LODO	Frankel_US	online_adaptive	20260806	V2A0006	Frankel_US	1	0.8021779763063751	0.5567519068717957
LODO	Frankel_US	online_adaptive	20260806	V2A0007	Frankel_US	0	0.19306352154798792	0.6718268394470215
LODO	Frankel_US	online_adaptive	20260806	V2A0008	Frankel_US	1	0.04955446673902676	0.6120468974113464
LODO	Frankel_US	online_adaptive	20260806	V2A0009	Frankel_US	1	0.6689841313409179	0.6221977472305298
LODO	Frankel_US	online_adaptive	20260806	V2A0010	Frankel_US	1	0.2079840087266896	0.6197551488876343
LODO	Frankel_US	online_adaptive	20260806	V2A0011	Frankel_US	1	0.023226511775068463	0.6238120794296265
LODO	Frankel_US	online_adaptive	20260806	V2A0012	Frankel_US	1	0.6313022743619653	0.6320048570632935
LODO	Frankel_US	online_adaptive	20260806	V2A0013	Frankel_US	0	0.8005026857576029	0.6602373719215393
LODO	Frankel_US	online_adaptive	20260806	V2A0014	Frankel_US	0	0.8753841725279445	0.5814468264579773
LODO	Frankel_US	online_adaptive	20260806	V2A0015	Frankel_US	0	0.022398958625718595	0.5117888450622559
LODO	Frankel_US	online_adaptive	20260806	V2A0016	Frankel_US	0	0.17406675108303518	0.6509003043174744
LODO	Frankel_US	online_adaptive	20260806	V2A0017	Frankel_US	1	0.6902003928661872	0.6400337219238281
LODO	Frankel_US	online_adaptive	20260806	V2A0018	Frankel_US	1	0.4793056659004851	0.6734879016876221
LODO	Frankel_US	online_adaptive	20260806	V2A0019	Frankel_US	1	0.008428265838042247	0.6197593212127686
LODO	Frankel_US	online_adaptive	20260806	V2A0020	Frankel_US	1	0.32327271872852315	0.6728070378303528
LODO	Frankel_US	online_adaptive	20260806	V2A0021	Frankel_US	0	0.4722423282886542	0.5794820785522461
LODO	Frankel_US	online_adaptive	20260806	V2A0022	Frankel_US	1	0.2531167090271015	0.6193477511405945
LODO	Frankel_US	online_adaptive	20260806	V2A0023	Frankel_US	0	0.08511669293079953	0.6425248384475708
LODO	Frankel_US	online_adaptive	20260806	V2A0024	Frankel_US	0	0.10325977951869458	0.6042495369911194
LODO	Frankel_US	online_adaptive	20260806	V2A0025	Frankel_US	0	0.3052738967928747	0.5385902523994446
LODO	Frankel_US	online_adaptive	20260806	V2A0026	Frankel_US	0	0.8213995413987542	0.6104896068572998
LODO	Frankel_US	online_adaptive	20260806	V2A0027	Frankel_US	0	0.040090146442455725	0.6035599112510681
LODO	Frankel_US	online_adaptive	20260806	V2A0028	Frankel_US	0	0.0305331732920944	0.5422214865684509
LODO	Frankel_US	online_adaptive	20260806	V2A0029	Frankel_US	1	0.2637366799274322	0.57539302110672
LODO	Frankel_US	online_adaptive	20260806	V2A0030	Frankel_US	0	0.440584379895621	0.5740333795547485
LODO	Frankel_US	online_adaptive	20260806	V2A0031	Frankel_US	1	0.5553000519056364	0.6083793044090271
LODO	Frankel_US	online_adaptive	20260806	V2A0032	Frankel_US	0	0.6841938949213033	0.6268594264984131
LODO	Frankel_US	online_adaptive	20260806	V2A0033	Frankel_US	1	0.45206640756484084	0.5950543284416199
LODO	Frankel_US	online_adaptive	20260806	V2A0034	Frankel_US	1	0.9755192508666578	0.6507538557052612
LODO	Frankel_US	online_adaptive	20260806	V2A0035	Frankel_US	1	0.04250193032925166	0.6102620363235474
LODO	Frankel_US	online_adaptive	20260806	V2A0036	Frankel_US	1	0.025591217316575245	0.5711073875427246
LODO	Frankel_US	online_adaptive	20260806	V2A0037	Frankel_US	1	0.043702270790420064	0.6000000834465027
LODO	Frankel_US	online_adaptive	20260806	V2A0038	Frankel_US	1	0.053439028874902844	0.6359216570854187
LODO	Frankel_US	online_adaptive	20260806	V2A0039	Frankel_US	1	0.35613035059363485	0.6643651723861694
LODO	Frankel_US	standard_transductive	20260802	V2A0001	Frankel_US	0	0.26784971617838416	0.7083839774131775
LODO	Frankel_US	standard_transductive	20260802	V2A0002	Frankel_US	1	0.6346683701793577	0.6458777189254761
LODO	Frankel_US	standard_transductive	20260802	V2A0003	Frankel_US	1	0.4122969331443569	0.7194315791130066
LODO	Frankel_US	standard_transductive	20260802	V2A0004	Frankel_US	1	0.27407331786701555	0.6769163012504578
LODO	Frankel_US	standard_transductive	20260802	V2A0005	Frankel_US	1	0.7260324196140282	0.5624695420265198
LODO	Frankel_US	standard_transductive	20260802	V2A0006	Frankel_US	1	0.836309299974305	0.6503872871398926
LODO	Frankel_US	standard_transductive	20260802	V2A0007	Frankel_US	0	0.3673477607495052	0.736354649066925
LODO	Frankel_US	standard_transductive	20260802	V2A0008	Frankel_US	1	0.10397711468828612	0.6588860750198364
LODO	Frankel_US	standard_transductive	20260802	V2A0009	Frankel_US	1	0.727898976432635	0.6454636454582214
LODO	Frankel_US	standard_transductive	20260802	V2A0010	Frankel_US	1	0.3774681275137402	0.6607703566551208
LODO	Frankel_US	standard_transductive	20260802	V2A0011	Frankel_US	1	0.05089052306874547	0.6247074604034424
LODO	Frankel_US	standard_transductive	20260802	V2A0012	Frankel_US	1	0.7154909973268266	0.5903618335723877
LODO	Frankel_US	standard_transductive	20260802	V2A0013	Frankel_US	0	0.7965431863468252	0.7083106637001038
LODO	Frankel_US	standard_transductive	20260802	V2A0014	Frankel_US	0	0.9195270570090344	0.6134512424468994
LODO	Frankel_US	standard_transductive	20260802	V2A0015	Frankel_US	0	0.06560550210690909	0.48185965418815613
LODO	Frankel_US	standard_transductive	20260802	V2A0016	Frankel_US	0	0.37383419469348805	0.7074392437934875
LODO	Frankel_US	standard_transductive	20260802	V2A0017	Frankel_US	1	0.8089495345381172	0.664269208908081
LODO	Frankel_US	standard_transductive	20260802	V2A0018	Frankel_US	1	0.5257401171444482	0.693479597568512
LODO	Frankel_US	standard_transductive	20260802	V2A0019	Frankel_US	1	0.019571866436827918	0.6510545611381531
LODO	Frankel_US	standard_transductive	20260802	V2A0020	Frankel_US	1	0.4772960253766101	0.7043474316596985
LODO	Frankel_US	standard_transductive	20260802	V2A0021	Frankel_US	0	0.5715344459544456	0.4971315860748291
LODO	Frankel_US	standard_transductive	20260802	V2A0022	Frankel_US	1	0.5601903922110583	0.509594738483429
LODO	Frankel_US	standard_transductive	20260802	V2A0023	Frankel_US	0	0.24380297855404368	0.848407506942749
LODO	Frankel_US	standard_transductive	20260802	V2A0024	Frankel_US	0	0.1926794436057654	0.6409983038902283
LODO	Frankel_US	standard_transductive	20260802	V2A0025	Frankel_US	0	0.38137377094243585	0.5608124732971191
LODO	Frankel_US	standard_transductive	20260802	V2A0026	Frankel_US	0	0.8863416065374536	0.6455940008163452
LODO	Frankel_US	standard_transductive	20260802	V2A0027	Frankel_US	0	0.08307364828961677	0.6882331371307373
LODO	Frankel_US	standard_transductive	20260802	V2A0028	Frankel_US	0	0.08113544295402342	0.5546897053718567
LODO	Frankel_US	standard_transductive	20260802	V2A0029	Frankel_US	1	0.26035171433286713	0.53571617603302
LODO	Frankel_US	standard_transductive	20260802	V2A0030	Frankel_US	0	0.5948622960155725	0.5490545034408569
LODO	Frankel_US	standard_transductive	20260802	V2A0031	Frankel_US	1	0.6677755637874068	0.6027837991714478
LODO	Frankel_US	standard_transductive	20260802	V2A0032	Frankel_US	0	0.7204355752099574	0.6951732039451599
LODO	Frankel_US	standard_transductive	20260802	V2A0033	Frankel_US	1	0.5867147935730175	0.5934268832206726
LODO	Frankel_US	standard_transductive	20260802	V2A0034	Frankel_US	1	0.9754471093085607	0.6687106490135193
LODO	Frankel_US	standard_transductive	20260802	V2A0035	Frankel_US	1	0.11367983314709264	0.44922539591789246
LODO	Frankel_US	standard_transductive	20260802	V2A0036	Frankel_US	1	0.043336146841714274	0.6098415851593018
LODO	Frankel_US	standard_transductive	20260802	V2A0037	Frankel_US	1	0.11120017143104305	0.6538419723510742
LODO	Frankel_US	standard_transductive	20260802	V2A0038	Frankel_US	1	0.14782875605930315	0.6818963885307312
LODO	Frankel_US	standard_transductive	20260802	V2A0039	Frankel_US	1	0.44443194119926643	0.7005999088287354
LODO	Frankel_US	standard_transductive	20260803	V2A0001	Frankel_US	0	0.2597304978432721	0.7154032588005066
LODO	Frankel_US	standard_transductive	20260803	V2A0002	Frankel_US	1	0.6352899292995524	0.6505549550056458
LODO	Frankel_US	standard_transductive	20260803	V2A0003	Frankel_US	1	0.40677472985291274	0.7197570204734802
LODO	Frankel_US	standard_transductive	20260803	V2A0004	Frankel_US	1	0.2764030466778047	0.6832311153411865
LODO	Frankel_US	standard_transductive	20260803	V2A0005	Frankel_US	1	0.7312774082721114	0.5699950456619263
LODO	Frankel_US	standard_transductive	20260803	V2A0006	Frankel_US	1	0.8343880669556415	0.6553961634635925
LODO	Frankel_US	standard_transductive	20260803	V2A0007	Frankel_US	0	0.37606245091243146	0.7398514151573181
LODO	Frankel_US	standard_transductive	20260803	V2A0008	Frankel_US	1	0.10535640879319458	0.657921552658081
LODO	Frankel_US	standard_transductive	20260803	V2A0009	Frankel_US	1	0.7325443966612168	0.6571206450462341
LODO	Frankel_US	standard_transductive	20260803	V2A0010	Frankel_US	1	0.3817705804389768	0.6694203615188599
LODO	Frankel_US	standard_transductive	20260803	V2A0011	Frankel_US	1	0.05133410042753666	0.6350939273834229
LODO	Frankel_US	standard_transductive	20260803	V2A0012	Frankel_US	1	0.7151079521810462	0.594109296798706
LODO	Frankel_US	standard_transductive	20260803	V2A0013	Frankel_US	0	0.8018402329414425	0.7161977887153625
LODO	Frankel_US	standard_transductive	20260803	V2A0014	Frankel_US	0	0.9181518462009233	0.6243194937705994
LODO	Frankel_US	standard_transductive	20260803	V2A0015	Frankel_US	0	0.06588318930953539	0.4838216006755829
LODO	Frankel_US	standard_transductive	20260803	V2A0016	Frankel_US	0	0.3767298685396566	0.7147471904754639
LODO	Frankel_US	standard_transductive	20260803	V2A0017	Frankel_US	1	0.8066104910718228	0.6744351387023926
LODO	Frankel_US	standard_transductive	20260803	V2A0018	Frankel_US	1	0.5344334469107023	0.7006738781929016
LODO	Frankel_US	standard_transductive	20260803	V2A0019	Frankel_US	1	0.019403667882959556	0.6522176265716553
LODO	Frankel_US	standard_transductive	20260803	V2A0020	Frankel_US	1	0.47687212624234643	0.7130858898162842
LODO	Frankel_US	standard_transductive	20260803	V2A0021	Frankel_US	0	0.5606042245475971	0.49607372283935547
LODO	Frankel_US	standard_transductive	20260803	V2A0022	Frankel_US	1	0.5546816561905409	0.515643298625946
LODO	Frankel_US	standard_transductive	20260803	V2A0023	Frankel_US	0	0.24564660770699123	0.8520512580871582
LODO	Frankel_US	standard_transductive	20260803	V2A0024	Frankel_US	0	0.19985771356112722	0.6454722881317139
LODO	Frankel_US	standard_transductive	20260803	V2A0025	Frankel_US	0	0.3807141403951567	0.5633334517478943
LODO	Frankel_US	standard_transductive	20260803	V2A0026	Frankel_US	0	0.8837689222551774	0.6546573638916016
LODO	Frankel_US	standard_transductive	20260803	V2A0027	Frankel_US	0	0.08253169787098757	0.6876490712165833
LODO	Frankel_US	standard_transductive	20260803	V2A0028	Frankel_US	0	0.079308782136506	0.5629743933677673
LODO	Frankel_US	standard_transductive	20260803	V2A0029	Frankel_US	1	0.2640091047571947	0.5443793535232544
LODO	Frankel_US	standard_transductive	20260803	V2A0030	Frankel_US	0	0.598420855639462	0.5596956014633179
LODO	Frankel_US	standard_transductive	20260803	V2A0031	Frankel_US	1	0.6742564379085846	0.6071172952651978
LODO	Frankel_US	standard_transductive	20260803	V2A0032	Frankel_US	0	0.7172123577176025	0.6906015276908875
LODO	Frankel_US	standard_transductive	20260803	V2A0033	Frankel_US	1	0.5933641742059972	0.5968070030212402
LODO	Frankel_US	standard_transductive	20260803	V2A0034	Frankel_US	1	0.9757224676552868	0.6740735769271851
LODO	Frankel_US	standard_transductive	20260803	V2A0035	Frankel_US	1	0.11518063124627935	0.44782206416130066
LODO	Frankel_US	standard_transductive	20260803	V2A0036	Frankel_US	1	0.04333599523072005	0.6167638897895813
LODO	Frankel_US	standard_transductive	20260803	V2A0037	Frankel_US	1	0.11855460886335115	0.6644675731658936
LODO	Frankel_US	standard_transductive	20260803	V2A0038	Frankel_US	1	0.15417354551980933	0.6881289482116699
LODO	Frankel_US	standard_transductive	20260803	V2A0039	Frankel_US	1	0.4465029977462431	0.7043893933296204
LODO	Frankel_US	standard_transductive	20260804	V2A0001	Frankel_US	0	0.267564200423543	0.7058313488960266
LODO	Frankel_US	standard_transductive	20260804	V2A0002	Frankel_US	1	0.6406227252140222	0.641379177570343
LODO	Frankel_US	standard_transductive	20260804	V2A0003	Frankel_US	1	0.4148935260946779	0.7101331949234009
LODO	Frankel_US	standard_transductive	20260804	V2A0004	Frankel_US	1	0.27475032319293774	0.6709341406822205
LODO	Frankel_US	standard_transductive	20260804	V2A0005	Frankel_US	1	0.7241786880887581	0.5565153956413269
LODO	Frankel_US	standard_transductive	20260804	V2A0006	Frankel_US	1	0.8351748771816907	0.6372676491737366
LODO	Frankel_US	standard_transductive	20260804	V2A0007	Frankel_US	0	0.369296054479761	0.7279407382011414
LODO	Frankel_US	standard_transductive	20260804	V2A0008	Frankel_US	1	0.10481263599243247	0.6515053510665894
LODO	Frankel_US	standard_transductive	20260804	V2A0009	Frankel_US	1	0.7251472016739555	0.6356426477432251
LODO	Frankel_US	standard_transductive	20260804	V2A0010	Frankel_US	1	0.3815854060978854	0.6554186940193176
LODO	Frankel_US	standard_transductive	20260804	V2A0011	Frankel_US	1	0.04873802680249441	0.6240714192390442
LODO	Frankel_US	standard_transductive	20260804	V2A0012	Frankel_US	1	0.7234865393910181	0.5831795334815979
LODO	Frankel_US	standard_transductive	20260804	V2A0013	Frankel_US	0	0.7917622912920926	0.7021676898002625
LODO	Frankel_US	standard_transductive	20260804	V2A0014	Frankel_US	0	0.9185704471192557	0.6150622963905334
LODO	Frankel_US	standard_transductive	20260804	V2A0015	Frankel_US	0	0.06425916181990841	0.4798510670661926
LODO	Frankel_US	standard_transductive	20260804	V2A0016	Frankel_US	0	0.37937704868864075	0.7047580480575562
LODO	Frankel_US	standard_transductive	20260804	V2A0017	Frankel_US	1	0.8006145684855538	0.6631744503974915
LODO	Frankel_US	standard_transductive	20260804	V2A0018	Frankel_US	1	0.5334639747621471	0.6971069574356079
LODO	Frankel_US	standard_transductive	20260804	V2A0019	Frankel_US	1	0.01912433474286419	0.6496053338050842
LODO	Frankel_US	standard_transductive	20260804	V2A0020	Frankel_US	1	0.49082616543705615	0.6928835511207581
LODO	Frankel_US	standard_transductive	20260804	V2A0021	Frankel_US	0	0.5774109670071659	0.49856099486351013
LODO	Frankel_US	standard_transductive	20260804	V2A0022	Frankel_US	1	0.5614903797678034	0.5087406039237976
LODO	Frankel_US	standard_transductive	20260804	V2A0023	Frankel_US	0	0.24156047648663806	0.8348508477210999
LODO	Frankel_US	standard_transductive	20260804	V2A0024	Frankel_US	0	0.19134825110976011	0.6384274959564209
LODO	Frankel_US	standard_transductive	20260804	V2A0025	Frankel_US	0	0.3812660677185756	0.5544717311859131
LODO	Frankel_US	standard_transductive	20260804	V2A0026	Frankel_US	0	0.8862221077918597	0.643323540687561
LODO	Frankel_US	standard_transductive	20260804	V2A0027	Frankel_US	0	0.08009188897938582	0.6798079013824463
LODO	Frankel_US	standard_transductive	20260804	V2A0028	Frankel_US	0	0.08051057705070493	0.5494057536125183
LODO	Frankel_US	standard_transductive	20260804	V2A0029	Frankel_US	1	0.2673552269021504	0.5274781584739685
LODO	Frankel_US	standard_transductive	20260804	V2A0030	Frankel_US	0	0.596215225133515	0.5465736985206604
LODO	Frankel_US	standard_transductive	20260804	V2A0031	Frankel_US	1	0.667924299290658	0.595850944519043
LODO	Frankel_US	standard_transductive	20260804	V2A0032	Frankel_US	0	0.7222798489069376	0.681739866733551
LODO	Frankel_US	standard_transductive	20260804	V2A0033	Frankel_US	1	0.5881136645809403	0.5926252603530884
LODO	Frankel_US	standard_transductive	20260804	V2A0034	Frankel_US	1	0.975455379974151	0.6591529846191406
LODO	Frankel_US	standard_transductive	20260804	V2A0035	Frankel_US	1	0.11473326202272077	0.4479013979434967
LODO	Frankel_US	standard_transductive	20260804	V2A0036	Frankel_US	1	0.04199101548501352	0.6009359359741211
LODO	Frankel_US	standard_transductive	20260804	V2A0037	Frankel_US	1	0.11080332095328917	0.6568092703819275
LODO	Frankel_US	standard_transductive	20260804	V2A0038	Frankel_US	1	0.14803119711627624	0.6769189834594727
LODO	Frankel_US	standard_transductive	20260804	V2A0039	Frankel_US	1	0.4393765003734427	0.6938677430152893
LODO	Frankel_US	standard_transductive	20260805	V2A0001	Frankel_US	0	0.26956995843357184	0.7058379650115967
LODO	Frankel_US	standard_transductive	20260805	V2A0002	Frankel_US	1	0.6454059464663435	0.6411808133125305
LODO	Frankel_US	standard_transductive	20260805	V2A0003	Frankel_US	1	0.40780251774890397	0.7161534428596497
LODO	Frankel_US	standard_transductive	20260805	V2A0004	Frankel_US	1	0.2656544417192951	0.6710146069526672
LODO	Frankel_US	standard_transductive	20260805	V2A0005	Frankel_US	1	0.7282537799520294	0.5597085952758789
LODO	Frankel_US	standard_transductive	20260805	V2A0006	Frankel_US	1	0.836256787224617	0.6463601589202881
LODO	Frankel_US	standard_transductive	20260805	V2A0007	Frankel_US	0	0.3675670308091429	0.7295262217521667
LODO	Frankel_US	standard_transductive	20260805	V2A0008	Frankel_US	1	0.10661808864244618	0.6602178812026978
LODO	Frankel_US	standard_transductive	20260805	V2A0009	Frankel_US	1	0.7323472046632059	0.6368343830108643
LODO	Frankel_US	standard_transductive	20260805	V2A0010	Frankel_US	1	0.3737001562439662	0.6629025936126709
LODO	Frankel_US	standard_transductive	20260805	V2A0011	Frankel_US	1	0.05088325065044982	0.6240483522415161
LODO	Frankel_US	standard_transductive	20260805	V2A0012	Frankel_US	1	0.7139466991637686	0.5858167409896851
LODO	Frankel_US	standard_transductive	20260805	V2A0013	Frankel_US	0	0.79679997140699	0.7040724158287048
LODO	Frankel_US	standard_transductive	20260805	V2A0014	Frankel_US	0	0.9184213075616513	0.616362988948822
LODO	Frankel_US	standard_transductive	20260805	V2A0015	Frankel_US	0	0.06577171176893758	0.4805848002433777
LODO	Frankel_US	standard_transductive	20260805	V2A0016	Frankel_US	0	0.3806129360161637	0.7070611715316772
LODO	Frankel_US	standard_transductive	20260805	V2A0017	Frankel_US	1	0.8048640930986593	0.6613438129425049
LODO	Frankel_US	standard_transductive	20260805	V2A0018	Frankel_US	1	0.533030197353429	0.6912029385566711
LODO	Frankel_US	standard_transductive	20260805	V2A0019	Frankel_US	1	0.01932085398522701	0.6558906435966492
LODO	Frankel_US	standard_transductive	20260805	V2A0020	Frankel_US	1	0.4808874767196412	0.6959030628204346
LODO	Frankel_US	standard_transductive	20260805	V2A0021	Frankel_US	0	0.5749734761850356	0.4958058297634125
LODO	Frankel_US	standard_transductive	20260805	V2A0022	Frankel_US	1	0.5659764568987186	0.500092089176178
LODO	Frankel_US	standard_transductive	20260805	V2A0023	Frankel_US	0	0.23950471270854468	0.8480513095855713
LODO	Frankel_US	standard_transductive	20260805	V2A0024	Frankel_US	0	0.18995168788447767	0.6407274603843689
LODO	Frankel_US	standard_transductive	20260805	V2A0025	Frankel_US	0	0.3763204076578939	0.5573558807373047
LODO	Frankel_US	standard_transductive	20260805	V2A0026	Frankel_US	0	0.8868061508024687	0.6445231437683105
LODO	Frankel_US	standard_transductive	20260805	V2A0027	Frankel_US	0	0.08350873531936838	0.6905584335327148
LODO	Frankel_US	standard_transductive	20260805	V2A0028	Frankel_US	0	0.07865713875433768	0.5560239553451538
LODO	Frankel_US	standard_transductive	20260805	V2A0029	Frankel_US	1	0.26264427590493733	0.5334141254425049
LODO	Frankel_US	standard_transductive	20260805	V2A0030	Frankel_US	0	0.5967486563083735	0.5488625168800354
LODO	Frankel_US	standard_transductive	20260805	V2A0031	Frankel_US	1	0.6664551730254041	0.597446620464325
LODO	Frankel_US	standard_transductive	20260805	V2A0032	Frankel_US	0	0.714849672912947	0.6834681034088135
LODO	Frankel_US	standard_transductive	20260805	V2A0033	Frankel_US	1	0.5907547892291544	0.5903613567352295
LODO	Frankel_US	standard_transductive	20260805	V2A0034	Frankel_US	1	0.976089598849348	0.663245439529419
LODO	Frankel_US	standard_transductive	20260805	V2A0035	Frankel_US	1	0.1105808358364358	0.43538931012153625
LODO	Frankel_US	standard_transductive	20260805	V2A0036	Frankel_US	1	0.043616674497615346	0.5963691473007202
LODO	Frankel_US	standard_transductive	20260805	V2A0037	Frankel_US	1	0.11572692643672775	0.6559450030326843
LODO	Frankel_US	standard_transductive	20260805	V2A0038	Frankel_US	1	0.14959564844469425	0.6823492050170898
LODO	Frankel_US	standard_transductive	20260805	V2A0039	Frankel_US	1	0.44779720988278876	0.6954244375228882
LODO	Frankel_US	standard_transductive	20260806	V2A0001	Frankel_US	0	0.2623396120714174	0.7162013649940491
LODO	Frankel_US	standard_transductive	20260806	V2A0002	Frankel_US	1	0.6444110540082431	0.6499375104904175
LODO	Frankel_US	standard_transductive	20260806	V2A0003	Frankel_US	1	0.40474109104229783	0.7174792289733887
LODO	Frankel_US	standard_transductive	20260806	V2A0004	Frankel_US	1	0.2649785853208315	0.6786946654319763
LODO	Frankel_US	standard_transductive	20260806	V2A0005	Frankel_US	1	0.7246196258675175	0.5673663020133972
LODO	Frankel_US	standard_transductive	20260806	V2A0006	Frankel_US	1	0.8375372339061639	0.6433327198028564
LODO	Frankel_US	standard_transductive	20260806	V2A0007	Frankel_US	0	0.3691080524351585	0.74017733335495
LODO	Frankel_US	standard_transductive	20260806	V2A0008	Frankel_US	1	0.10375881509644319	0.6617320775985718
LODO	Frankel_US	standard_transductive	20260806	V2A0009	Frankel_US	1	0.7231931997127473	0.6510791778564453
LODO	Frankel_US	standard_transductive	20260806	V2A0010	Frankel_US	1	0.3809337637937653	0.6676396727561951
LODO	Frankel_US	standard_transductive	20260806	V2A0011	Frankel_US	1	0.052485398109314	0.6287093162536621
LODO	Frankel_US	standard_transductive	20260806	V2A0012	Frankel_US	1	0.7167642962061834	0.5974692702293396
LODO	Frankel_US	standard_transductive	20260806	V2A0013	Frankel_US	0	0.791830718938543	0.7153260111808777
LODO	Frankel_US	standard_transductive	20260806	V2A0014	Frankel_US	0	0.9223250401164736	0.6205946207046509
LODO	Frankel_US	standard_transductive	20260806	V2A0015	Frankel_US	0	0.06558295873988199	0.47942638397216797
LODO	Frankel_US	standard_transductive	20260806	V2A0016	Frankel_US	0	0.38012267380353204	0.7137575745582581
LODO	Frankel_US	standard_transductive	20260806	V2A0017	Frankel_US	1	0.805388866880374	0.672477126121521
LODO	Frankel_US	standard_transductive	20260806	V2A0018	Frankel_US	1	0.5327677417689329	0.7035080790519714
LODO	Frankel_US	standard_transductive	20260806	V2A0019	Frankel_US	1	0.019835803013090878	0.6628438234329224
LODO	Frankel_US	standard_transductive	20260806	V2A0020	Frankel_US	1	0.48412517156062923	0.705447256565094
LODO	Frankel_US	standard_transductive	20260806	V2A0021	Frankel_US	0	0.5748602064412183	0.5000193119049072
LODO	Frankel_US	standard_transductive	20260806	V2A0022	Frankel_US	1	0.5627556606452416	0.5011827945709229
LODO	Frankel_US	standard_transductive	20260806	V2A0023	Frankel_US	0	0.23760782952543444	0.8437421917915344
LODO	Frankel_US	standard_transductive	20260806	V2A0024	Frankel_US	0	0.19143264835679444	0.6472193002700806
LODO	Frankel_US	standard_transductive	20260806	V2A0025	Frankel_US	0	0.3869745902684359	0.5591742992401123
LODO	Frankel_US	standard_transductive	20260806	V2A0026	Frankel_US	0	0.8812856960730717	0.6532250046730042
LODO	Frankel_US	standard_transductive	20260806	V2A0027	Frankel_US	0	0.08417018277375535	0.6883350014686584
LODO	Frankel_US	standard_transductive	20260806	V2A0028	Frankel_US	0	0.08227696752905674	0.5623190402984619
LODO	Frankel_US	standard_transductive	20260806	V2A0029	Frankel_US	1	0.2599839794170035	0.5401782989501953
LODO	Frankel_US	standard_transductive	20260806	V2A0030	Frankel_US	0	0.5939993342611883	0.5525972843170166
LODO	Frankel_US	standard_transductive	20260806	V2A0031	Frankel_US	1	0.6677406329087248	0.60764080286026
LODO	Frankel_US	standard_transductive	20260806	V2A0032	Frankel_US	0	0.7205702392188091	0.6920797824859619
LODO	Frankel_US	standard_transductive	20260806	V2A0033	Frankel_US	1	0.5938593141123054	0.5924845933914185
LODO	Frankel_US	standard_transductive	20260806	V2A0034	Frankel_US	1	0.9764910816154623	0.6681495904922485
LODO	Frankel_US	standard_transductive	20260806	V2A0035	Frankel_US	1	0.11065127794558606	0.43335938453674316
LODO	Frankel_US	standard_transductive	20260806	V2A0036	Frankel_US	1	0.04401900202048064	0.6094617247581482
LODO	Frankel_US	standard_transductive	20260806	V2A0037	Frankel_US	1	0.11268361534935445	0.6542420387268066
LODO	Frankel_US	standard_transductive	20260806	V2A0038	Frankel_US	1	0.14762665513245052	0.6814208030700684
LODO	Frankel_US	standard_transductive	20260806	V2A0039	Frankel_US	1	0.4440902121214422	0.7062187790870667
LODO	Gopalakrishnan_US	online_adaptive	20260802	V2A0040	Gopalakrishnan_US	0	0.9170636964083019	0.6373041868209839
LODO	Gopalakrishnan_US	online_adaptive	20260802	V2A0041	Gopalakrishnan_US	1	0.8463581280023947	0.6708444356918335
LODO	Gopalakrishnan_US	online_adaptive	20260802	V2A0042	Gopalakrishnan_US	0	0.4340908080625607	0.595954954624176
LODO	Gopalakrishnan_US	online_adaptive	20260802	V2A0043	Gopalakrishnan_US	1	0.6738220166131	0.6407312750816345
LODO	Gopalakrishnan_US	online_adaptive	20260802	V2A0044	Gopalakrishnan_US	0	0.18232650464069786	0.624639093875885
LODO	Gopalakrishnan_US	online_adaptive	20260802	V2A0045	Gopalakrishnan_US	1	0.7302659481104998	0.6273125410079956
LODO	Gopalakrishnan_US	online_adaptive	20260802	V2A0046	Gopalakrishnan_US	1	0.7360318774223437	0.5419102907180786
LODO	Gopalakrishnan_US	online_adaptive	20260802	V2A0047	Gopalakrishnan_US	0	0.44505964191715514	0.6643969416618347
LODO	Gopalakrishnan_US	online_adaptive	20260802	V2A0048	Gopalakrishnan_US	0	0.9440341539678417	0.5869967937469482
LODO	Gopalakrishnan_US	online_adaptive	20260802	V2A0049	Gopalakrishnan_US	0	0.24047772989435756	0.563020646572113
LODO	Gopalakrishnan_US	online_adaptive	20260802	V2A0050	Gopalakrishnan_US	0	0.6256902730746522	0.6075065732002258
LODO	Gopalakrishnan_US	online_adaptive	20260802	V2A0051	Gopalakrishnan_US	1	0.8853377740900319	0.5954463481903076
LODO	Gopalakrishnan_US	online_adaptive	20260802	V2A0052	Gopalakrishnan_US	1	0.16121142765668225	0.6215029358863831
LODO	Gopalakrishnan_US	online_adaptive	20260802	V2A0053	Gopalakrishnan_US	0	0.7100916960558041	0.6889984011650085
LODO	Gopalakrishnan_US	online_adaptive	20260802	V2A0054	Gopalakrishnan_US	1	0.9403170614583052	0.6662395596504211
LODO	Gopalakrishnan_US	online_adaptive	20260802	V2A0055	Gopalakrishnan_US	0	0.9817148706079706	0.6283643245697021
LODO	Gopalakrishnan_US	online_adaptive	20260802	V2A0056	Gopalakrishnan_US	1	0.8358485481172734	0.5178499817848206
LODO	Gopalakrishnan_US	online_adaptive	20260802	V2A0057	Gopalakrishnan_US	1	0.37694132112588924	0.561722993850708
LODO	Gopalakrishnan_US	online_adaptive	20260802	V2A0058	Gopalakrishnan_US	0	0.5289441264756035	0.5764256119728088
LODO	Gopalakrishnan_US	online_adaptive	20260802	V2A0059	Gopalakrishnan_US	1	0.6283904139959252	0.6590644717216492
LODO	Gopalakrishnan_US	online_adaptive	20260802	V2A0060	Gopalakrishnan_US	1	0.524952500712	0.6060583591461182
LODO	Gopalakrishnan_US	online_adaptive	20260802	V2A0061	Gopalakrishnan_US	1	0.15394595349960236	0.6704596281051636
LODO	Gopalakrishnan_US	online_adaptive	20260802	V2A0062	Gopalakrishnan_US	1	0.5741219474463237	0.6233418583869934
LODO	Gopalakrishnan_US	online_adaptive	20260802	V2A0063	Gopalakrishnan_US	0	0.1961715250670939	0.5384382009506226
LODO	Gopalakrishnan_US	online_adaptive	20260802	V2A0064	Gopalakrishnan_US	1	0.9331062560806306	0.6200574636459351
LODO	Gopalakrishnan_US	online_adaptive	20260803	V2A0040	Gopalakrishnan_US	0	0.9188540204255294	0.6445777416229248
LODO	Gopalakrishnan_US	online_adaptive	20260803	V2A0041	Gopalakrishnan_US	1	0.8302024884709114	0.6811380386352539
LODO	Gopalakrishnan_US	online_adaptive	20260803	V2A0042	Gopalakrishnan_US	0	0.4335209003687805	0.6037493944168091
LODO	Gopalakrishnan_US	online_adaptive	20260803	V2A0043	Gopalakrishnan_US	1	0.6712673908035899	0.6508123278617859
LODO	Gopalakrishnan_US	online_adaptive	20260803	V2A0044	Gopalakrishnan_US	0	0.18773041212411828	0.6288714408874512
LODO	Gopalakrishnan_US	online_adaptive	20260803	V2A0045	Gopalakrishnan_US	1	0.7311214834863328	0.6242891550064087
LODO	Gopalakrishnan_US	online_adaptive	20260803	V2A0046	Gopalakrishnan_US	1	0.7334789434832172	0.5547208786010742
LODO	Gopalakrishnan_US	online_adaptive	20260803	V2A0047	Gopalakrishnan_US	0	0.44645679147752515	0.6697843074798584
LODO	Gopalakrishnan_US	online_adaptive	20260803	V2A0048	Gopalakrishnan_US	0	0.9374969606575686	0.5854836702346802
LODO	Gopalakrishnan_US	online_adaptive	20260803	V2A0049	Gopalakrishnan_US	0	0.23757640157220208	0.5796729922294617
LODO	Gopalakrishnan_US	online_adaptive	20260803	V2A0050	Gopalakrishnan_US	0	0.6294529259071489	0.6055711507797241
LODO	Gopalakrishnan_US	online_adaptive	20260803	V2A0051	Gopalakrishnan_US	1	0.8868174203500887	0.5996865630149841
LODO	Gopalakrishnan_US	online_adaptive	20260803	V2A0052	Gopalakrishnan_US	1	0.16540788252022973	0.6295027136802673
LODO	Gopalakrishnan_US	online_adaptive	20260803	V2A0053	Gopalakrishnan_US	0	0.7103638127928729	0.6832407712936401
LODO	Gopalakrishnan_US	online_adaptive	20260803	V2A0054	Gopalakrishnan_US	1	0.9401258037617894	0.6699817776679993
LODO	Gopalakrishnan_US	online_adaptive	20260803	V2A0055	Gopalakrishnan_US	0	0.9814602687095344	0.6283309459686279
LODO	Gopalakrishnan_US	online_adaptive	20260803	V2A0056	Gopalakrishnan_US	1	0.8402379688045999	0.5317678451538086
LODO	Gopalakrishnan_US	online_adaptive	20260803	V2A0057	Gopalakrishnan_US	1	0.3797411928375813	0.5756949782371521
LODO	Gopalakrishnan_US	online_adaptive	20260803	V2A0058	Gopalakrishnan_US	0	0.5370598017107391	0.5896208882331848
LODO	Gopalakrishnan_US	online_adaptive	20260803	V2A0059	Gopalakrishnan_US	1	0.6445764943061993	0.6644803881645203
LODO	Gopalakrishnan_US	online_adaptive	20260803	V2A0060	Gopalakrishnan_US	1	0.5353253608926366	0.6106767654418945
LODO	Gopalakrishnan_US	online_adaptive	20260803	V2A0061	Gopalakrishnan_US	1	0.1477393585122084	0.6731870174407959
LODO	Gopalakrishnan_US	online_adaptive	20260803	V2A0062	Gopalakrishnan_US	1	0.580570327481371	0.634692370891571
LODO	Gopalakrishnan_US	online_adaptive	20260803	V2A0063	Gopalakrishnan_US	0	0.18931446368897725	0.545070230960846
LODO	Gopalakrishnan_US	online_adaptive	20260803	V2A0064	Gopalakrishnan_US	1	0.9335595729593251	0.6384129524230957
LODO	Gopalakrishnan_US	online_adaptive	20260804	V2A0040	Gopalakrishnan_US	0	0.9172018008890764	0.6550273895263672
LODO	Gopalakrishnan_US	online_adaptive	20260804	V2A0041	Gopalakrishnan_US	1	0.8309486974834773	0.6923493146896362
LODO	Gopalakrishnan_US	online_adaptive	20260804	V2A0042	Gopalakrishnan_US	0	0.42574985055107434	0.5973246693611145
LODO	Gopalakrishnan_US	online_adaptive	20260804	V2A0043	Gopalakrishnan_US	1	0.6754752429720284	0.6560457348823547
LODO	Gopalakrishnan_US	online_adaptive	20260804	V2A0044	Gopalakrishnan_US	0	0.17990038314874673	0.6434071063995361
LODO	Gopalakrishnan_US	online_adaptive	20260804	V2A0045	Gopalakrishnan_US	1	0.7222365973101135	0.6365820169448853
LODO	Gopalakrishnan_US	online_adaptive	20260804	V2A0046	Gopalakrishnan_US	1	0.7346916943254991	0.5561577677726746
LODO	Gopalakrishnan_US	online_adaptive	20260804	V2A0047	Gopalakrishnan_US	0	0.4498351363269896	0.6769556999206543
LODO	Gopalakrishnan_US	online_adaptive	20260804	V2A0048	Gopalakrishnan_US	0	0.938223355514511	0.5932358503341675
LODO	Gopalakrishnan_US	online_adaptive	20260804	V2A0049	Gopalakrishnan_US	0	0.24391137424808051	0.5808433890342712
LODO	Gopalakrishnan_US	online_adaptive	20260804	V2A0050	Gopalakrishnan_US	0	0.6284807694855247	0.6152985095977783
LODO	Gopalakrishnan_US	online_adaptive	20260804	V2A0051	Gopalakrishnan_US	1	0.8820332394546518	0.6022686958312988
LODO	Gopalakrishnan_US	online_adaptive	20260804	V2A0052	Gopalakrishnan_US	1	0.14638237304526505	0.6353015899658203
LODO	Gopalakrishnan_US	online_adaptive	20260804	V2A0053	Gopalakrishnan_US	0	0.7226883590148827	0.6969317197799683
LODO	Gopalakrishnan_US	online_adaptive	20260804	V2A0054	Gopalakrishnan_US	1	0.9376969512608105	0.6816476583480835
LODO	Gopalakrishnan_US	online_adaptive	20260804	V2A0055	Gopalakrishnan_US	0	0.9819832698928315	0.6283541321754456
LODO	Gopalakrishnan_US	online_adaptive	20260804	V2A0056	Gopalakrishnan_US	1	0.8381080384866695	0.5351828932762146
LODO	Gopalakrishnan_US	online_adaptive	20260804	V2A0057	Gopalakrishnan_US	1	0.38504605294356303	0.5764597654342651
LODO	Gopalakrishnan_US	online_adaptive	20260804	V2A0058	Gopalakrishnan_US	0	0.541483153746544	0.593863308429718
LODO	Gopalakrishnan_US	online_adaptive	20260804	V2A0059	Gopalakrishnan_US	1	0.6508730577425362	0.6764860153198242
LODO	Gopalakrishnan_US	online_adaptive	20260804	V2A0060	Gopalakrishnan_US	1	0.5292184931240791	0.6197746992111206
LODO	Gopalakrishnan_US	online_adaptive	20260804	V2A0061	Gopalakrishnan_US	1	0.14437498837162627	0.6770887970924377
LODO	Gopalakrishnan_US	online_adaptive	20260804	V2A0062	Gopalakrishnan_US	1	0.5852146169707911	0.6507634520530701
LODO	Gopalakrishnan_US	online_adaptive	20260804	V2A0063	Gopalakrishnan_US	0	0.1866983430007805	0.5586486458778381
LODO	Gopalakrishnan_US	online_adaptive	20260804	V2A0064	Gopalakrishnan_US	1	0.9353338822697005	0.6412165760993958
LODO	Gopalakrishnan_US	online_adaptive	20260805	V2A0040	Gopalakrishnan_US	0	0.9164648424795879	0.6487507820129395
LODO	Gopalakrishnan_US	online_adaptive	20260805	V2A0041	Gopalakrishnan_US	1	0.8287624458828889	0.6703193187713623
LODO	Gopalakrishnan_US	online_adaptive	20260805	V2A0042	Gopalakrishnan_US	0	0.45079158485497606	0.6091032028198242
LODO	Gopalakrishnan_US	online_adaptive	20260805	V2A0043	Gopalakrishnan_US	1	0.6814243888674982	0.636420726776123
LODO	Gopalakrishnan_US	online_adaptive	20260805	V2A0044	Gopalakrishnan_US	0	0.17673003166008258	0.6263664960861206
LODO	Gopalakrishnan_US	online_adaptive	20260805	V2A0045	Gopalakrishnan_US	1	0.7307998964902247	0.6264727711677551
LODO	Gopalakrishnan_US	online_adaptive	20260805	V2A0046	Gopalakrishnan_US	1	0.7331655438142007	0.557456910610199
LODO	Gopalakrishnan_US	online_adaptive	20260805	V2A0047	Gopalakrishnan_US	0	0.4512986630806594	0.6658707857131958
LODO	Gopalakrishnan_US	online_adaptive	20260805	V2A0048	Gopalakrishnan_US	0	0.9378269071069256	0.5845421552658081
LODO	Gopalakrishnan_US	online_adaptive	20260805	V2A0049	Gopalakrishnan_US	0	0.24277561493255453	0.580680251121521
LODO	Gopalakrishnan_US	online_adaptive	20260805	V2A0050	Gopalakrishnan_US	0	0.6294805312607135	0.6057025194168091
LODO	Gopalakrishnan_US	online_adaptive	20260805	V2A0051	Gopalakrishnan_US	1	0.8814377711310482	0.5986612439155579
LODO	Gopalakrishnan_US	online_adaptive	20260805	V2A0052	Gopalakrishnan_US	1	0.1668170333200285	0.6235600709915161
LODO	Gopalakrishnan_US	online_adaptive	20260805	V2A0053	Gopalakrishnan_US	0	0.7103916764892454	0.6809700727462769
LODO	Gopalakrishnan_US	online_adaptive	20260805	V2A0054	Gopalakrishnan_US	1	0.9401923261569857	0.6641168594360352
LODO	Gopalakrishnan_US	online_adaptive	20260805	V2A0055	Gopalakrishnan_US	0	0.9819133772940131	0.6328238248825073
LODO	Gopalakrishnan_US	online_adaptive	20260805	V2A0056	Gopalakrishnan_US	1	0.8475581314938049	0.5312930345535278
LODO	Gopalakrishnan_US	online_adaptive	20260805	V2A0057	Gopalakrishnan_US	1	0.3797641357633274	0.5620550513267517
LODO	Gopalakrishnan_US	online_adaptive	20260805	V2A0058	Gopalakrishnan_US	0	0.5370712280234634	0.5867441892623901
LODO	Gopalakrishnan_US	online_adaptive	20260805	V2A0059	Gopalakrishnan_US	1	0.6469028104214734	0.6547830104827881
LODO	Gopalakrishnan_US	online_adaptive	20260805	V2A0060	Gopalakrishnan_US	1	0.5437373896917836	0.6055244207382202
LODO	Gopalakrishnan_US	online_adaptive	20260805	V2A0061	Gopalakrishnan_US	1	0.15179636593355683	0.6646727323532104
LODO	Gopalakrishnan_US	online_adaptive	20260805	V2A0062	Gopalakrishnan_US	1	0.5579196212323223	0.622774600982666
LODO	Gopalakrishnan_US	online_adaptive	20260805	V2A0063	Gopalakrishnan_US	0	0.1922879021742634	0.5499745011329651
LODO	Gopalakrishnan_US	online_adaptive	20260805	V2A0064	Gopalakrishnan_US	1	0.9370541809768146	0.6330636739730835
LODO	Gopalakrishnan_US	online_adaptive	20260806	V2A0040	Gopalakrishnan_US	0	0.9227645552570843	0.6533091068267822
LODO	Gopalakrishnan_US	online_adaptive	20260806	V2A0041	Gopalakrishnan_US	1	0.834708615767261	0.6872041821479797
LODO	Gopalakrishnan_US	online_adaptive	20260806	V2A0042	Gopalakrishnan_US	0	0.44053970529621045	0.6127975583076477
LODO	Gopalakrishnan_US	online_adaptive	20260806	V2A0043	Gopalakrishnan_US	1	0.667021900027126	0.6568173766136169
LODO	Gopalakrishnan_US	online_adaptive	20260806	V2A0044	Gopalakrishnan_US	0	0.17342256483196716	0.6481348276138306
LODO	Gopalakrishnan_US	online_adaptive	20260806	V2A0045	Gopalakrishnan_US	1	0.7340151049649118	0.643871545791626
LODO	Gopalakrishnan_US	online_adaptive	20260806	V2A0046	Gopalakrishnan_US	1	0.7251188472592189	0.5654228925704956
LODO	Gopalakrishnan_US	online_adaptive	20260806	V2A0047	Gopalakrishnan_US	0	0.47477940740741936	0.6830124855041504
LODO	Gopalakrishnan_US	online_adaptive	20260806	V2A0048	Gopalakrishnan_US	0	0.9356064523404263	0.6013966798782349
LODO	Gopalakrishnan_US	online_adaptive	20260806	V2A0049	Gopalakrishnan_US	0	0.24322338394718146	0.5795192122459412
LODO	Gopalakrishnan_US	online_adaptive	20260806	V2A0050	Gopalakrishnan_US	0	0.6211340327837672	0.6237044334411621
LODO	Gopalakrishnan_US	online_adaptive	20260806	V2A0051	Gopalakrishnan_US	1	0.878696942366744	0.6029546856880188
LODO	Gopalakrishnan_US	online_adaptive	20260806	V2A0052	Gopalakrishnan_US	1	0.1670783862992796	0.6423320770263672
LODO	Gopalakrishnan_US	online_adaptive	20260806	V2A0053	Gopalakrishnan_US	0	0.7112651549940534	0.6979199051856995
LODO	Gopalakrishnan_US	online_adaptive	20260806	V2A0054	Gopalakrishnan_US	1	0.9386326518614122	0.6825432181358337
LODO	Gopalakrishnan_US	online_adaptive	20260806	V2A0055	Gopalakrishnan_US	0	0.9812121979386962	0.6408103704452515
LODO	Gopalakrishnan_US	online_adaptive	20260806	V2A0056	Gopalakrishnan_US	1	0.8461317207424847	0.5447607636451721
LODO	Gopalakrishnan_US	online_adaptive	20260806	V2A0057	Gopalakrishnan_US	1	0.3778873149291524	0.5816508531570435
LODO	Gopalakrishnan_US	online_adaptive	20260806	V2A0058	Gopalakrishnan_US	0	0.5306102029230029	0.594734251499176
LODO	Gopalakrishnan_US	online_adaptive	20260806	V2A0059	Gopalakrishnan_US	1	0.6546868541133898	0.6816026568412781
LODO	Gopalakrishnan_US	online_adaptive	20260806	V2A0060	Gopalakrishnan_US	1	0.5601205417967141	0.6148542165756226
LODO	Gopalakrishnan_US	online_adaptive	20260806	V2A0061	Gopalakrishnan_US	1	0.15572589781488835	0.6826552748680115
LODO	Gopalakrishnan_US	online_adaptive	20260806	V2A0062	Gopalakrishnan_US	1	0.5556964951748173	0.6430991291999817
LODO	Gopalakrishnan_US	online_adaptive	20260806	V2A0063	Gopalakrishnan_US	0	0.18630946497590564	0.5639262199401855
LODO	Gopalakrishnan_US	online_adaptive	20260806	V2A0064	Gopalakrishnan_US	1	0.9336000782636232	0.6341625452041626
LODO	Gopalakrishnan_US	standard_transductive	20260802	V2A0040	Gopalakrishnan_US	0	0.9053159093993282	0.648514449596405
LODO	Gopalakrishnan_US	standard_transductive	20260802	V2A0041	Gopalakrishnan_US	1	0.7774168422042655	0.6507136225700378
LODO	Gopalakrishnan_US	standard_transductive	20260802	V2A0042	Gopalakrishnan_US	0	0.5708559442931442	0.7069814801216125
LODO	Gopalakrishnan_US	standard_transductive	20260802	V2A0043	Gopalakrishnan_US	1	0.7859416840142236	0.6973868012428284
LODO	Gopalakrishnan_US	standard_transductive	20260802	V2A0044	Gopalakrishnan_US	0	0.2946840841747576	0.6237920522689819
LODO	Gopalakrishnan_US	standard_transductive	20260802	V2A0045	Gopalakrishnan_US	1	0.7219211885747364	0.5879256725311279
LODO	Gopalakrishnan_US	standard_transductive	20260802	V2A0046	Gopalakrishnan_US	1	0.6872111370895359	0.6070075631141663
LODO	Gopalakrishnan_US	standard_transductive	20260802	V2A0047	Gopalakrishnan_US	0	0.47634350894055744	0.6164752244949341
LODO	Gopalakrishnan_US	standard_transductive	20260802	V2A0048	Gopalakrishnan_US	0	0.9208238416505414	0.45605748891830444
LODO	Gopalakrishnan_US	standard_transductive	20260802	V2A0049	Gopalakrishnan_US	0	0.2757214061152498	0.6761838793754578
LODO	Gopalakrishnan_US	standard_transductive	20260802	V2A0050	Gopalakrishnan_US	0	0.7094091941806534	0.580578088760376
LODO	Gopalakrishnan_US	standard_transductive	20260802	V2A0051	Gopalakrishnan_US	1	0.8407537893717217	0.6125736236572266
LODO	Gopalakrishnan_US	standard_transductive	20260802	V2A0052	Gopalakrishnan_US	1	0.31630643935754404	0.6481431722640991
LODO	Gopalakrishnan_US	standard_transductive	20260802	V2A0053	Gopalakrishnan_US	0	0.827387203812965	0.6837037205696106
LODO	Gopalakrishnan_US	standard_transductive	20260802	V2A0054	Gopalakrishnan_US	1	0.9334422270014198	0.6863721013069153
LODO	Gopalakrishnan_US	standard_transductive	20260802	V2A0055	Gopalakrishnan_US	0	0.9736810841759396	0.684009850025177
LODO	Gopalakrishnan_US	standard_transductive	20260802	V2A0056	Gopalakrishnan_US	1	0.7975849831372844	0.48661908507347107
LODO	Gopalakrishnan_US	standard_transductive	20260802	V2A0057	Gopalakrishnan_US	1	0.29813117461492367	0.4469955265522003
LODO	Gopalakrishnan_US	standard_transductive	20260802	V2A0058	Gopalakrishnan_US	0	0.6571913536399387	0.5320307612419128
LODO	Gopalakrishnan_US	standard_transductive	20260802	V2A0059	Gopalakrishnan_US	1	0.711039654287377	0.6515454053878784
LODO	Gopalakrishnan_US	standard_transductive	20260802	V2A0060	Gopalakrishnan_US	1	0.5096842657557902	0.5855376720428467
LODO	Gopalakrishnan_US	standard_transductive	20260802	V2A0061	Gopalakrishnan_US	1	0.29750059028427034	0.6191688179969788
LODO	Gopalakrishnan_US	standard_transductive	20260802	V2A0062	Gopalakrishnan_US	1	0.643538667410175	0.6020280718803406
LODO	Gopalakrishnan_US	standard_transductive	20260802	V2A0063	Gopalakrishnan_US	0	0.27075903924452915	0.593243420124054
LODO	Gopalakrishnan_US	standard_transductive	20260802	V2A0064	Gopalakrishnan_US	1	0.9070462109741356	0.7664583921432495
LODO	Gopalakrishnan_US	standard_transductive	20260803	V2A0040	Gopalakrishnan_US	0	0.9055896146683973	0.6626049876213074
LODO	Gopalakrishnan_US	standard_transductive	20260803	V2A0041	Gopalakrishnan_US	1	0.767951277349954	0.664753258228302
LODO	Gopalakrishnan_US	standard_transductive	20260803	V2A0042	Gopalakrishnan_US	0	0.5709061089208287	0.7092980742454529
LODO	Gopalakrishnan_US	standard_transductive	20260803	V2A0043	Gopalakrishnan_US	1	0.7828777927526922	0.705512523651123
LODO	Gopalakrishnan_US	standard_transductive	20260803	V2A0044	Gopalakrishnan_US	0	0.30424778082681114	0.6386109590530396
LODO	Gopalakrishnan_US	standard_transductive	20260803	V2A0045	Gopalakrishnan_US	1	0.7222911280648725	0.5869746804237366
LODO	Gopalakrishnan_US	standard_transductive	20260803	V2A0046	Gopalakrishnan_US	1	0.6874130246166887	0.6124272346496582
LODO	Gopalakrishnan_US	standard_transductive	20260803	V2A0047	Gopalakrishnan_US	0	0.4813984246407999	0.6234592199325562
LODO	Gopalakrishnan_US	standard_transductive	20260803	V2A0048	Gopalakrishnan_US	0	0.9146860946336068	0.460811972618103
LODO	Gopalakrishnan_US	standard_transductive	20260803	V2A0049	Gopalakrishnan_US	0	0.2733051400771029	0.6899921894073486
LODO	Gopalakrishnan_US	standard_transductive	20260803	V2A0050	Gopalakrishnan_US	0	0.7072403303812466	0.5762538313865662
LODO	Gopalakrishnan_US	standard_transductive	20260803	V2A0051	Gopalakrishnan_US	1	0.8407616117320779	0.6272786259651184
LODO	Gopalakrishnan_US	standard_transductive	20260803	V2A0052	Gopalakrishnan_US	1	0.3189448376276979	0.6573998332023621
LODO	Gopalakrishnan_US	standard_transductive	20260803	V2A0053	Gopalakrishnan_US	0	0.8268822365284213	0.6924636960029602
LODO	Gopalakrishnan_US	standard_transductive	20260803	V2A0054	Gopalakrishnan_US	1	0.932047310117604	0.7287399768829346
LODO	Gopalakrishnan_US	standard_transductive	20260803	V2A0055	Gopalakrishnan_US	0	0.9734480211016479	0.6971736550331116
LODO	Gopalakrishnan_US	standard_transductive	20260803	V2A0056	Gopalakrishnan_US	1	0.8031548173739984	0.48992782831192017
LODO	Gopalakrishnan_US	standard_transductive	20260803	V2A0057	Gopalakrishnan_US	1	0.2965373124031636	0.4804624319076538
LODO	Gopalakrishnan_US	standard_transductive	20260803	V2A0058	Gopalakrishnan_US	0	0.6639322547308141	0.5323182940483093
LODO	Gopalakrishnan_US	standard_transductive	20260803	V2A0059	Gopalakrishnan_US	1	0.7191474292480111	0.6569728255271912
LODO	Gopalakrishnan_US	standard_transductive	20260803	V2A0060	Gopalakrishnan_US	1	0.5170123934119989	0.5961284041404724
LODO	Gopalakrishnan_US	standard_transductive	20260803	V2A0061	Gopalakrishnan_US	1	0.29424554737073694	0.6215213537216187
LODO	Gopalakrishnan_US	standard_transductive	20260803	V2A0062	Gopalakrishnan_US	1	0.6500732586185913	0.6260510087013245
LODO	Gopalakrishnan_US	standard_transductive	20260803	V2A0063	Gopalakrishnan_US	0	0.2665335781907918	0.6034895777702332
LODO	Gopalakrishnan_US	standard_transductive	20260803	V2A0064	Gopalakrishnan_US	1	0.9078014585937535	0.765400767326355
LODO	Gopalakrishnan_US	standard_transductive	20260804	V2A0040	Gopalakrishnan_US	0	0.9058280961128565	0.6673652529716492
LODO	Gopalakrishnan_US	standard_transductive	20260804	V2A0041	Gopalakrishnan_US	1	0.7640038151613607	0.6706908345222473
LODO	Gopalakrishnan_US	standard_transductive	20260804	V2A0042	Gopalakrishnan_US	0	0.5646000340610712	0.7082788944244385
LODO	Gopalakrishnan_US	standard_transductive	20260804	V2A0043	Gopalakrishnan_US	1	0.7846573998723874	0.7208274602890015
LODO	Gopalakrishnan_US	standard_transductive	20260804	V2A0044	Gopalakrishnan_US	0	0.29555874012449657	0.6558867692947388
LODO	Gopalakrishnan_US	standard_transductive	20260804	V2A0045	Gopalakrishnan_US	1	0.7147073847646362	0.5968505144119263
LODO	Gopalakrishnan_US	standard_transductive	20260804	V2A0046	Gopalakrishnan_US	1	0.6854103052522518	0.6116191148757935
LODO	Gopalakrishnan_US	standard_transductive	20260804	V2A0047	Gopalakrishnan_US	0	0.48187195474907046	0.6350969076156616
LODO	Gopalakrishnan_US	standard_transductive	20260804	V2A0048	Gopalakrishnan_US	0	0.9176038270539421	0.46269381046295166
LODO	Gopalakrishnan_US	standard_transductive	20260804	V2A0049	Gopalakrishnan_US	0	0.2762801473547226	0.687323808670044
LODO	Gopalakrishnan_US	standard_transductive	20260804	V2A0050	Gopalakrishnan_US	0	0.709258465464597	0.5859441757202148
LODO	Gopalakrishnan_US	standard_transductive	20260804	V2A0051	Gopalakrishnan_US	1	0.8355979221175175	0.61031174659729
LODO	Gopalakrishnan_US	standard_transductive	20260804	V2A0052	Gopalakrishnan_US	1	0.29538344937331107	0.6677607297897339
LODO	Gopalakrishnan_US	standard_transductive	20260804	V2A0053	Gopalakrishnan_US	0	0.8346805234828865	0.6906996369361877
LODO	Gopalakrishnan_US	standard_transductive	20260804	V2A0054	Gopalakrishnan_US	1	0.9311756388735613	0.7297676801681519
LODO	Gopalakrishnan_US	standard_transductive	20260804	V2A0055	Gopalakrishnan_US	0	0.9740480617889675	0.6954732537269592
LODO	Gopalakrishnan_US	standard_transductive	20260804	V2A0056	Gopalakrishnan_US	1	0.8010372586675751	0.5009799599647522
LODO	Gopalakrishnan_US	standard_transductive	20260804	V2A0057	Gopalakrishnan_US	1	0.30117696363121765	0.4715075194835663
LODO	Gopalakrishnan_US	standard_transductive	20260804	V2A0058	Gopalakrishnan_US	0	0.670026150466508	0.5481322407722473
LODO	Gopalakrishnan_US	standard_transductive	20260804	V2A0059	Gopalakrishnan_US	1	0.719027333722405	0.6668177843093872
LODO	Gopalakrishnan_US	standard_transductive	20260804	V2A0060	Gopalakrishnan_US	1	0.5098157103819203	0.6054808497428894
LODO	Gopalakrishnan_US	standard_transductive	20260804	V2A0061	Gopalakrishnan_US	1	0.2877665721368045	0.6266049742698669
LODO	Gopalakrishnan_US	standard_transductive	20260804	V2A0062	Gopalakrishnan_US	1	0.650184056589227	0.6414067149162292
LODO	Gopalakrishnan_US	standard_transductive	20260804	V2A0063	Gopalakrishnan_US	0	0.2624207420244057	0.6238998174667358
LODO	Gopalakrishnan_US	standard_transductive	20260804	V2A0064	Gopalakrishnan_US	1	0.9105603229487333	0.782194197177887
LODO	Gopalakrishnan_US	standard_transductive	20260805	V2A0040	Gopalakrishnan_US	0	0.9051411708721308	0.6663466691970825
LODO	Gopalakrishnan_US	standard_transductive	20260805	V2A0041	Gopalakrishnan_US	1	0.7651550653102951	0.6562355160713196
LODO	Gopalakrishnan_US	standard_transductive	20260805	V2A0042	Gopalakrishnan_US	0	0.5813782303781971	0.7278074026107788
LODO	Gopalakrishnan_US	standard_transductive	20260805	V2A0043	Gopalakrishnan_US	1	0.7881302118981005	0.7040971517562866
LODO	Gopalakrishnan_US	standard_transductive	20260805	V2A0044	Gopalakrishnan_US	0	0.2944531946102907	0.6408701539039612
LODO	Gopalakrishnan_US	standard_transductive	20260805	V2A0045	Gopalakrishnan_US	1	0.722007160792524	0.5933393239974976
LODO	Gopalakrishnan_US	standard_transductive	20260805	V2A0046	Gopalakrishnan_US	1	0.68560715165646	0.6199657320976257
LODO	Gopalakrishnan_US	standard_transductive	20260805	V2A0047	Gopalakrishnan_US	0	0.4872718595665742	0.6226230263710022
LODO	Gopalakrishnan_US	standard_transductive	20260805	V2A0048	Gopalakrishnan_US	0	0.9173950073938149	0.45851707458496094
LODO	Gopalakrishnan_US	standard_transductive	20260805	V2A0049	Gopalakrishnan_US	0	0.27936719156912665	0.6864699125289917
LODO	Gopalakrishnan_US	standard_transductive	20260805	V2A0050	Gopalakrishnan_US	0	0.7058789216789011	0.5779327154159546
LODO	Gopalakrishnan_US	standard_transductive	20260805	V2A0051	Gopalakrishnan_US	1	0.8338787951863231	0.621573805809021
LODO	Gopalakrishnan_US	standard_transductive	20260805	V2A0052	Gopalakrishnan_US	1	0.3207741480069371	0.6513336896896362
LODO	Gopalakrishnan_US	standard_transductive	20260805	V2A0053	Gopalakrishnan_US	0	0.8262352175793296	0.6970455050468445
LODO	Gopalakrishnan_US	standard_transductive	20260805	V2A0054	Gopalakrishnan_US	1	0.9326206230025885	0.7226711511611938
LODO	Gopalakrishnan_US	standard_transductive	20260805	V2A0055	Gopalakrishnan_US	0	0.9740203789485001	0.7007504105567932
LODO	Gopalakrishnan_US	standard_transductive	20260805	V2A0056	Gopalakrishnan_US	1	0.8093513121216387	0.4992581903934479
LODO	Gopalakrishnan_US	standard_transductive	20260805	V2A0057	Gopalakrishnan_US	1	0.29766271405910577	0.46177011728286743
LODO	Gopalakrishnan_US	standard_transductive	20260805	V2A0058	Gopalakrishnan_US	0	0.669389337731102	0.5360278487205505
LODO	Gopalakrishnan_US	standard_transductive	20260805	V2A0059	Gopalakrishnan_US	1	0.7218678879468555	0.6467481255531311
LODO	Gopalakrishnan_US	standard_transductive	20260805	V2A0060	Gopalakrishnan_US	1	0.5225947165336997	0.5926631689071655
LODO	Gopalakrishnan_US	standard_transductive	20260805	V2A0061	Gopalakrishnan_US	1	0.30188471244917037	0.6246472001075745
LODO	Gopalakrishnan_US	standard_transductive	20260805	V2A0062	Gopalakrishnan_US	1	0.6345452961061123	0.618116021156311
LODO	Gopalakrishnan_US	standard_transductive	20260805	V2A0063	Gopalakrishnan_US	0	0.26921401332740474	0.6086053252220154
LODO	Gopalakrishnan_US	standard_transductive	20260805	V2A0064	Gopalakrishnan_US	1	0.9106286672677499	0.7737599015235901
LODO	Gopalakrishnan_US	standard_transductive	20260806	V2A0040	Gopalakrishnan_US	0	0.9109372235501985	0.6754694581031799
LODO	Gopalakrishnan_US	standard_transductive	20260806	V2A0041	Gopalakrishnan_US	1	0.7651766070080527	0.666546106338501
LODO	Gopalakrishnan_US	standard_transductive	20260806	V2A0042	Gopalakrishnan_US	0	0.5742394853517553	0.7436839938163757
LODO	Gopalakrishnan_US	standard_transductive	20260806	V2A0043	Gopalakrishnan_US	1	0.7816087036340328	0.7151486873626709
LODO	Gopalakrishnan_US	standard_transductive	20260806	V2A0044	Gopalakrishnan_US	0	0.28885928496880725	0.6555017232894897
LODO	Gopalakrishnan_US	standard_transductive	20260806	V2A0045	Gopalakrishnan_US	1	0.7256278276243925	0.6030510663986206
LODO	Gopalakrishnan_US	standard_transductive	20260806	V2A0046	Gopalakrishnan_US	1	0.67893588078357	0.6292799711227417
LODO	Gopalakrishnan_US	standard_transductive	20260806	V2A0047	Gopalakrishnan_US	0	0.5005290101049747	0.6330486536026001
LODO	Gopalakrishnan_US	standard_transductive	20260806	V2A0048	Gopalakrishnan_US	0	0.9133372903880874	0.4684047996997833
LODO	Gopalakrishnan_US	standard_transductive	20260806	V2A0049	Gopalakrishnan_US	0	0.27984864258874553	0.6864699125289917
LODO	Gopalakrishnan_US	standard_transductive	20260806	V2A0050	Gopalakrishnan_US	0	0.7010003551310161	0.5947765111923218
LODO	Gopalakrishnan_US	standard_transductive	20260806	V2A0051	Gopalakrishnan_US	1	0.8337494696916897	0.6283758878707886
LODO	Gopalakrishnan_US	standard_transductive	20260806	V2A0052	Gopalakrishnan_US	1	0.32095863955853676	0.6699888110160828
LODO	Gopalakrishnan_US	standard_transductive	20260806	V2A0053	Gopalakrishnan_US	0	0.8280420817239876	0.6970399022102356
LODO	Gopalakrishnan_US	standard_transductive	20260806	V2A0054	Gopalakrishnan_US	1	0.9318327858970924	0.7324265241622925
LODO	Gopalakrishnan_US	standard_transductive	20260806	V2A0055	Gopalakrishnan_US	0	0.9736361428196729	0.702731192111969
LODO	Gopalakrishnan_US	standard_transductive	20260806	V2A0056	Gopalakrishnan_US	1	0.8115040795159579	0.5087899565696716
LODO	Gopalakrishnan_US	standard_transductive	20260806	V2A0057	Gopalakrishnan_US	1	0.29828530206652765	0.4645342528820038
LODO	Gopalakrishnan_US	standard_transductive	20260806	V2A0058	Gopalakrishnan_US	0	0.6687716908714798	0.5529119968414307
LODO	Gopalakrishnan_US	standard_transductive	20260806	V2A0059	Gopalakrishnan_US	1	0.7200533354005212	0.6660144329071045
LODO	Gopalakrishnan_US	standard_transductive	20260806	V2A0060	Gopalakrishnan_US	1	0.5337819681474982	0.5955658555030823
LODO	Gopalakrishnan_US	standard_transductive	20260806	V2A0061	Gopalakrishnan_US	1	0.2970855094108757	0.6344166994094849
LODO	Gopalakrishnan_US	standard_transductive	20260806	V2A0062	Gopalakrishnan_US	1	0.6313397277942698	0.622167706489563
LODO	Gopalakrishnan_US	standard_transductive	20260806	V2A0063	Gopalakrishnan_US	0	0.26335533655903226	0.6311358213424683
LODO	Gopalakrishnan_US	standard_transductive	20260806	V2A0064	Gopalakrishnan_US	1	0.9089636721532843	0.7728287577629089
LODO	Lee_Barcelona	online_adaptive	20260802	V2A0065	Lee_Barcelona	0	0.07447545670838028	0.6811330318450928
LODO	Lee_Barcelona	online_adaptive	20260802	V2A0066	Lee_Barcelona	1	0.9589373339688142	0.6633111238479614
LODO	Lee_Barcelona	online_adaptive	20260802	V2A0067	Lee_Barcelona	0	0.2995325989254387	0.5859649777412415
LODO	Lee_Barcelona	online_adaptive	20260802	V2A0068	Lee_Barcelona	0	0.8836480839773282	0.6677079200744629
LODO	Lee_Barcelona	online_adaptive	20260802	V2A0069	Lee_Barcelona	1	0.09485696501774334	0.5534231066703796
LODO	Lee_Barcelona	online_adaptive	20260802	V2A0070	Lee_Barcelona	1	0.8734395925427162	0.6059077978134155
LODO	Lee_Barcelona	online_adaptive	20260802	V2A0071	Lee_Barcelona	0	0.5584489721340699	0.7114435434341431
LODO	Lee_Barcelona	online_adaptive	20260802	V2A0072	Lee_Barcelona	1	0.6288857871558693	0.6590073704719543
LODO	Lee_Barcelona	online_adaptive	20260802	V2A0073	Lee_Barcelona	1	0.6358020893479278	0.6753522157669067
LODO	Lee_Barcelona	online_adaptive	20260802	V2A0074	Lee_Barcelona	0	0.8867657630870127	0.6739847660064697
LODO	Lee_Barcelona	online_adaptive	20260802	V2A0075	Lee_Barcelona	1	0.15877873133681292	0.6120890974998474
LODO	Lee_Barcelona	online_adaptive	20260802	V2A0076	Lee_Barcelona	0	0.5211084648223188	0.6489954590797424
LODO	Lee_Barcelona	online_adaptive	20260803	V2A0065	Lee_Barcelona	0	0.07328867324348647	0.6817640662193298
LODO	Lee_Barcelona	online_adaptive	20260803	V2A0066	Lee_Barcelona	1	0.95924699212686	0.6645111441612244
LODO	Lee_Barcelona	online_adaptive	20260803	V2A0067	Lee_Barcelona	0	0.2958844375638011	0.5879392027854919
LODO	Lee_Barcelona	online_adaptive	20260803	V2A0068	Lee_Barcelona	0	0.8770994020619608	0.6648606657981873
LODO	Lee_Barcelona	online_adaptive	20260803	V2A0069	Lee_Barcelona	1	0.09756545994607792	0.5534461736679077
LODO	Lee_Barcelona	online_adaptive	20260803	V2A0070	Lee_Barcelona	1	0.8827426511558968	0.6065271496772766
LODO	Lee_Barcelona	online_adaptive	20260803	V2A0071	Lee_Barcelona	0	0.5552698458969022	0.7122602462768555
LODO	Lee_Barcelona	online_adaptive	20260803	V2A0072	Lee_Barcelona	1	0.6357065725237009	0.6611874103546143
LODO	Lee_Barcelona	online_adaptive	20260803	V2A0073	Lee_Barcelona	1	0.635944588840688	0.6782568097114563
LODO	Lee_Barcelona	online_adaptive	20260803	V2A0074	Lee_Barcelona	0	0.8829742944113425	0.676426351070404
LODO	Lee_Barcelona	online_adaptive	20260803	V2A0075	Lee_Barcelona	1	0.15715906659377185	0.6118175387382507
LODO	Lee_Barcelona	online_adaptive	20260803	V2A0076	Lee_Barcelona	0	0.5170850791816248	0.6482042670249939
LODO	Lee_Barcelona	online_adaptive	20260804	V2A0065	Lee_Barcelona	0	0.07999430776596642	0.6835304498672485
LODO	Lee_Barcelona	online_adaptive	20260804	V2A0066	Lee_Barcelona	1	0.9591291558861681	0.6662209033966064
LODO	Lee_Barcelona	online_adaptive	20260804	V2A0067	Lee_Barcelona	0	0.31186278512183213	0.5878708362579346
LODO	Lee_Barcelona	online_adaptive	20260804	V2A0068	Lee_Barcelona	0	0.8820544529152738	0.6710973978042603
LODO	Lee_Barcelona	online_adaptive	20260804	V2A0069	Lee_Barcelona	1	0.09329731207860328	0.5528924465179443
LODO	Lee_Barcelona	online_adaptive	20260804	V2A0070	Lee_Barcelona	1	0.8865181720838683	0.6100967526435852
LODO	Lee_Barcelona	online_adaptive	20260804	V2A0071	Lee_Barcelona	0	0.565475160110586	0.7178857922554016
LODO	Lee_Barcelona	online_adaptive	20260804	V2A0072	Lee_Barcelona	1	0.6422589295007485	0.661418080329895
LODO	Lee_Barcelona	online_adaptive	20260804	V2A0073	Lee_Barcelona	1	0.6443134906666844	0.6818596720695496
LODO	Lee_Barcelona	online_adaptive	20260804	V2A0074	Lee_Barcelona	0	0.8838645667635934	0.6768739819526672
LODO	Lee_Barcelona	online_adaptive	20260804	V2A0075	Lee_Barcelona	1	0.16924351678111849	0.6174590587615967
LODO	Lee_Barcelona	online_adaptive	20260804	V2A0076	Lee_Barcelona	0	0.5135621010429889	0.6502258777618408
LODO	Lee_Barcelona	online_adaptive	20260805	V2A0065	Lee_Barcelona	0	0.08193205960745031	0.6806652545928955
LODO	Lee_Barcelona	online_adaptive	20260805	V2A0066	Lee_Barcelona	1	0.9586077411962967	0.6666689515113831
LODO	Lee_Barcelona	online_adaptive	20260805	V2A0067	Lee_Barcelona	0	0.32019066380581607	0.5849338173866272
LODO	Lee_Barcelona	online_adaptive	20260805	V2A0068	Lee_Barcelona	0	0.8769550593903738	0.666090190410614
LODO	Lee_Barcelona	online_adaptive	20260805	V2A0069	Lee_Barcelona	1	0.09881759635792628	0.5524300336837769
LODO	Lee_Barcelona	online_adaptive	20260805	V2A0070	Lee_Barcelona	1	0.8750119579788628	0.6032311320304871
LODO	Lee_Barcelona	online_adaptive	20260805	V2A0071	Lee_Barcelona	0	0.5639313787035768	0.715333104133606
LODO	Lee_Barcelona	online_adaptive	20260805	V2A0072	Lee_Barcelona	1	0.6331546100163761	0.6603960394859314
LODO	Lee_Barcelona	online_adaptive	20260805	V2A0073	Lee_Barcelona	1	0.6427420440252517	0.6792594790458679
LODO	Lee_Barcelona	online_adaptive	20260805	V2A0074	Lee_Barcelona	0	0.8899508739302655	0.67325359582901
LODO	Lee_Barcelona	online_adaptive	20260805	V2A0075	Lee_Barcelona	1	0.17156329362516956	0.6129961013793945
LODO	Lee_Barcelona	online_adaptive	20260805	V2A0076	Lee_Barcelona	0	0.5106830096279686	0.6491244435310364
LODO	Lee_Barcelona	online_adaptive	20260806	V2A0065	Lee_Barcelona	0	0.07733168915588566	0.6828547120094299
LODO	Lee_Barcelona	online_adaptive	20260806	V2A0066	Lee_Barcelona	1	0.9583711750066336	0.6669510006904602
LODO	Lee_Barcelona	online_adaptive	20260806	V2A0067	Lee_Barcelona	0	0.2963885679416043	0.5894832015037537
LODO	Lee_Barcelona	online_adaptive	20260806	V2A0068	Lee_Barcelona	0	0.8808063960266385	0.6685829758644104
LODO	Lee_Barcelona	online_adaptive	20260806	V2A0069	Lee_Barcelona	1	0.09796597518368852	0.5563952922821045
LODO	Lee_Barcelona	online_adaptive	20260806	V2A0070	Lee_Barcelona	1	0.8819358413873691	0.6096720695495605
LODO	Lee_Barcelona	online_adaptive	20260806	V2A0071	Lee_Barcelona	0	0.5510118947814405	0.7151159644126892
LODO	Lee_Barcelona	online_adaptive	20260806	V2A0072	Lee_Barcelona	1	0.63581963906706	0.6633024215698242
LODO	Lee_Barcelona	online_adaptive	20260806	V2A0073	Lee_Barcelona	1	0.6369302855959127	0.6813046932220459
LODO	Lee_Barcelona	online_adaptive	20260806	V2A0074	Lee_Barcelona	0	0.8794370174838018	0.6766923069953918
LODO	Lee_Barcelona	online_adaptive	20260806	V2A0075	Lee_Barcelona	1	0.15946992576740793	0.6147175431251526
LODO	Lee_Barcelona	online_adaptive	20260806	V2A0076	Lee_Barcelona	0	0.5126750990679996	0.6492759585380554
LODO	Lee_Barcelona	standard_transductive	20260802	V2A0065	Lee_Barcelona	0	0.2232103148264676	0.7195490598678589
LODO	Lee_Barcelona	standard_transductive	20260802	V2A0066	Lee_Barcelona	1	0.9227429424809728	0.7725616693496704
LODO	Lee_Barcelona	standard_transductive	20260802	V2A0067	Lee_Barcelona	0	0.42653503241650753	0.6104728579521179
LODO	Lee_Barcelona	standard_transductive	20260802	V2A0068	Lee_Barcelona	0	0.8510037745113541	0.6850820183753967
LODO	Lee_Barcelona	standard_transductive	20260802	V2A0069	Lee_Barcelona	1	0.16306959947439437	0.5358096957206726
LODO	Lee_Barcelona	standard_transductive	20260802	V2A0070	Lee_Barcelona	1	0.8166196216676274	0.6983305215835571
LODO	Lee_Barcelona	standard_transductive	20260802	V2A0071	Lee_Barcelona	0	0.7077575644744584	0.7337855696678162
LODO	Lee_Barcelona	standard_transductive	20260802	V2A0072	Lee_Barcelona	1	0.6869183452632773	0.6687551140785217
LODO	Lee_Barcelona	standard_transductive	20260802	V2A0073	Lee_Barcelona	1	0.641329901352573	0.7407041788101196
LODO	Lee_Barcelona	standard_transductive	20260802	V2A0074	Lee_Barcelona	0	0.8614843628262477	0.6011586785316467
LODO	Lee_Barcelona	standard_transductive	20260802	V2A0075	Lee_Barcelona	1	0.22957197512006491	0.5686878561973572
LODO	Lee_Barcelona	standard_transductive	20260802	V2A0076	Lee_Barcelona	0	0.6764416705555877	0.6608052253723145
LODO	Lee_Barcelona	standard_transductive	20260803	V2A0065	Lee_Barcelona	0	0.22182050720044622	0.7205820679664612
LODO	Lee_Barcelona	standard_transductive	20260803	V2A0066	Lee_Barcelona	1	0.9225540883789375	0.7709908485412598
LODO	Lee_Barcelona	standard_transductive	20260803	V2A0067	Lee_Barcelona	0	0.42431664195172336	0.611260175704956
LODO	Lee_Barcelona	standard_transductive	20260803	V2A0068	Lee_Barcelona	0	0.844198656986513	0.6840109825134277
LODO	Lee_Barcelona	standard_transductive	20260803	V2A0069	Lee_Barcelona	1	0.1655796991439305	0.5298288464546204
LODO	Lee_Barcelona	standard_transductive	20260803	V2A0070	Lee_Barcelona	1	0.8266418510618266	0.6961514353752136
LODO	Lee_Barcelona	standard_transductive	20260803	V2A0071	Lee_Barcelona	0	0.7060192341946693	0.7329230904579163
LODO	Lee_Barcelona	standard_transductive	20260803	V2A0072	Lee_Barcelona	1	0.6894750260405457	0.6706752777099609
LODO	Lee_Barcelona	standard_transductive	20260803	V2A0073	Lee_Barcelona	1	0.6406563776126972	0.7428070306777954
LODO	Lee_Barcelona	standard_transductive	20260803	V2A0074	Lee_Barcelona	0	0.8549912419358142	0.6012918949127197
LODO	Lee_Barcelona	standard_transductive	20260803	V2A0075	Lee_Barcelona	1	0.23109511767613314	0.5694761872291565
LODO	Lee_Barcelona	standard_transductive	20260803	V2A0076	Lee_Barcelona	0	0.6722349585689757	0.6606554388999939
LODO	Lee_Barcelona	standard_transductive	20260804	V2A0065	Lee_Barcelona	0	0.22812823536880877	0.7218120694160461
LODO	Lee_Barcelona	standard_transductive	20260804	V2A0066	Lee_Barcelona	1	0.922017249010061	0.7744715213775635
LODO	Lee_Barcelona	standard_transductive	20260804	V2A0067	Lee_Barcelona	0	0.436889844470413	0.6114950776100159
LODO	Lee_Barcelona	standard_transductive	20260804	V2A0068	Lee_Barcelona	0	0.8487839122840081	0.6890923976898193
LODO	Lee_Barcelona	standard_transductive	20260804	V2A0069	Lee_Barcelona	1	0.16056541468896224	0.5320294499397278
LODO	Lee_Barcelona	standard_transductive	20260804	V2A0070	Lee_Barcelona	1	0.8281701977339969	0.7008644342422485
LODO	Lee_Barcelona	standard_transductive	20260804	V2A0071	Lee_Barcelona	0	0.7092712148860546	0.7386833429336548
LODO	Lee_Barcelona	standard_transductive	20260804	V2A0072	Lee_Barcelona	1	0.6915079592488893	0.6707752346992493
LODO	Lee_Barcelona	standard_transductive	20260804	V2A0073	Lee_Barcelona	1	0.6445860280019579	0.7469328045845032
LODO	Lee_Barcelona	standard_transductive	20260804	V2A0074	Lee_Barcelona	0	0.85716379252038	0.6040381789207458
LODO	Lee_Barcelona	standard_transductive	20260804	V2A0075	Lee_Barcelona	1	0.23846374530735995	0.5740863084793091
LODO	Lee_Barcelona	standard_transductive	20260804	V2A0076	Lee_Barcelona	0	0.671760010594713	0.6618432998657227
LODO	Lee_Barcelona	standard_transductive	20260805	V2A0065	Lee_Barcelona	0	0.23082056556249428	0.7171962261199951
LODO	Lee_Barcelona	standard_transductive	20260805	V2A0066	Lee_Barcelona	1	0.9223388084917766	0.7740224599838257
LODO	Lee_Barcelona	standard_transductive	20260805	V2A0067	Lee_Barcelona	0	0.4367800626989117	0.6101630926132202
LODO	Lee_Barcelona	standard_transductive	20260805	V2A0068	Lee_Barcelona	0	0.8454016963871566	0.6852954626083374
LODO	Lee_Barcelona	standard_transductive	20260805	V2A0069	Lee_Barcelona	1	0.16536647529798407	0.5314865708351135
LODO	Lee_Barcelona	standard_transductive	20260805	V2A0070	Lee_Barcelona	1	0.8234211036307295	0.6967744827270508
LODO	Lee_Barcelona	standard_transductive	20260805	V2A0071	Lee_Barcelona	0	0.7120319320250952	0.7371468544006348
LODO	Lee_Barcelona	standard_transductive	20260805	V2A0072	Lee_Barcelona	1	0.6894133881557288	0.6703622937202454
LODO	Lee_Barcelona	standard_transductive	20260805	V2A0073	Lee_Barcelona	1	0.6415143071016233	0.7424852252006531
LODO	Lee_Barcelona	standard_transductive	20260805	V2A0074	Lee_Barcelona	0	0.859832432068331	0.599624514579773
LODO	Lee_Barcelona	standard_transductive	20260805	V2A0075	Lee_Barcelona	1	0.23815262035825924	0.5702093243598938
LODO	Lee_Barcelona	standard_transductive	20260805	V2A0076	Lee_Barcelona	0	0.6751203906323101	0.6610507965087891
LODO	Lee_Barcelona	standard_transductive	20260806	V2A0065	Lee_Barcelona	0	0.22636985088756495	0.7195932269096375
LODO	Lee_Barcelona	standard_transductive	20260806	V2A0066	Lee_Barcelona	1	0.9214583279445602	0.774604856967926
LODO	Lee_Barcelona	standard_transductive	20260806	V2A0067	Lee_Barcelona	0	0.42867294778241727	0.6123706698417664
LODO	Lee_Barcelona	standard_transductive	20260806	V2A0068	Lee_Barcelona	0	0.846861190898865	0.6866801977157593
LODO	Lee_Barcelona	standard_transductive	20260806	V2A0069	Lee_Barcelona	1	0.1664068657982446	0.536703884601593
LODO	Lee_Barcelona	standard_transductive	20260806	V2A0070	Lee_Barcelona	1	0.8241631154261	0.7012026309967041
LODO	Lee_Barcelona	standard_transductive	20260806	V2A0071	Lee_Barcelona	0	0.70276062798151	0.7382194995880127
LODO	Lee_Barcelona	standard_transductive	20260806	V2A0072	Lee_Barcelona	1	0.6910857872619528	0.6723825931549072
LODO	Lee_Barcelona	standard_transductive	20260806	V2A0073	Lee_Barcelona	1	0.6386004814312345	0.7450450658798218
LODO	Lee_Barcelona	standard_transductive	20260806	V2A0074	Lee_Barcelona	0	0.8545720184076828	0.6055030822753906
LODO	Lee_Barcelona	standard_transductive	20260806	V2A0075	Lee_Barcelona	1	0.2302590363361292	0.572492778301239
LODO	Lee_Barcelona	standard_transductive	20260806	V2A0076	Lee_Barcelona	0	0.6743226495369504	0.6619049310684204
LODO	Lee_Leeds	online_adaptive	20260802	V2A0077	Lee_Leeds	1	0.6687361367880261	0.6386494636535645
LODO	Lee_Leeds	online_adaptive	20260802	V2A0078	Lee_Leeds	1	0.8958602580863504	0.6644911170005798
LODO	Lee_Leeds	online_adaptive	20260802	V2A0079	Lee_Leeds	0	0.6461982389265167	0.6577841639518738
LODO	Lee_Leeds	online_adaptive	20260802	V2A0080	Lee_Leeds	1	0.043011199427814346	0.6270801424980164
LODO	Lee_Leeds	online_adaptive	20260802	V2A0081	Lee_Leeds	0	0.2325252114605211	0.6557363271713257
LODO	Lee_Leeds	online_adaptive	20260802	V2A0082	Lee_Leeds	1	0.5550580130584452	0.6461513042449951
LODO	Lee_Leeds	online_adaptive	20260802	V2A0083	Lee_Leeds	0	0.9815221754490221	0.62933349609375
LODO	Lee_Leeds	online_adaptive	20260802	V2A0084	Lee_Leeds	1	0.579912475937931	0.6280272006988525
LODO	Lee_Leeds	online_adaptive	20260802	V2A0085	Lee_Leeds	0	0.021336862017456066	0.6565495133399963
LODO	Lee_Leeds	online_adaptive	20260802	V2A0086	Lee_Leeds	1	0.4217276758912566	0.679071307182312
LODO	Lee_Leeds	online_adaptive	20260802	V2A0087	Lee_Leeds	1	0.9773664901674102	0.6747105717658997
LODO	Lee_Leeds	online_adaptive	20260802	V2A0088	Lee_Leeds	0	0.7340447289616097	0.6711550354957581
LODO	Lee_Leeds	online_adaptive	20260802	V2A0089	Lee_Leeds	0	0.06195647436339047	0.6131724715232849
LODO	Lee_Leeds	online_adaptive	20260802	V2A0090	Lee_Leeds	0	0.975169025865074	0.6787278056144714
LODO	Lee_Leeds	online_adaptive	20260802	V2A0091	Lee_Leeds	1	0.4330527120537523	0.5436137318611145
LODO	Lee_Leeds	online_adaptive	20260802	V2A0092	Lee_Leeds	1	0.4783199986955874	0.5975868701934814
LODO	Lee_Leeds	online_adaptive	20260802	V2A0093	Lee_Leeds	0	0.22041660986752074	0.5912145376205444
LODO	Lee_Leeds	online_adaptive	20260802	V2A0094	Lee_Leeds	1	0.24715755483660673	0.6705567240715027
LODO	Lee_Leeds	online_adaptive	20260803	V2A0077	Lee_Leeds	1	0.6688610488527632	0.6356379985809326
LODO	Lee_Leeds	online_adaptive	20260803	V2A0078	Lee_Leeds	1	0.8902292742582416	0.6646612882614136
LODO	Lee_Leeds	online_adaptive	20260803	V2A0079	Lee_Leeds	0	0.6268441408668112	0.6577141880989075
LODO	Lee_Leeds	online_adaptive	20260803	V2A0080	Lee_Leeds	1	0.04501846125388314	0.6284695267677307
LODO	Lee_Leeds	online_adaptive	20260803	V2A0081	Lee_Leeds	0	0.22594154750770792	0.6566737294197083
LODO	Lee_Leeds	online_adaptive	20260803	V2A0082	Lee_Leeds	1	0.5541791779197702	0.6435441374778748
LODO	Lee_Leeds	online_adaptive	20260803	V2A0083	Lee_Leeds	0	0.98223626888659	0.6297455430030823
LODO	Lee_Leeds	online_adaptive	20260803	V2A0084	Lee_Leeds	1	0.5916306283993106	0.6267035603523254
LODO	Lee_Leeds	online_adaptive	20260803	V2A0085	Lee_Leeds	0	0.021151325236976846	0.6541885137557983
LODO	Lee_Leeds	online_adaptive	20260803	V2A0086	Lee_Leeds	1	0.4170586933248238	0.6779614686965942
LODO	Lee_Leeds	online_adaptive	20260803	V2A0087	Lee_Leeds	1	0.9749418980131261	0.6697973608970642
LODO	Lee_Leeds	online_adaptive	20260803	V2A0088	Lee_Leeds	0	0.7383752770708522	0.6674867868423462
LODO	Lee_Leeds	online_adaptive	20260803	V2A0089	Lee_Leeds	0	0.06090004387214132	0.6085442900657654
LODO	Lee_Leeds	online_adaptive	20260803	V2A0090	Lee_Leeds	0	0.9749474824079217	0.6765118837356567
LODO	Lee_Leeds	online_adaptive	20260803	V2A0091	Lee_Leeds	1	0.41989818272093216	0.5374889969825745
LODO	Lee_Leeds	online_adaptive	20260803	V2A0092	Lee_Leeds	1	0.48323312131914287	0.5946323275566101
LODO	Lee_Leeds	online_adaptive	20260803	V2A0093	Lee_Leeds	0	0.22284347832869675	0.5912870168685913
LODO	Lee_Leeds	online_adaptive	20260803	V2A0094	Lee_Leeds	1	0.245021761263276	0.6692479252815247
LODO	Lee_Leeds	online_adaptive	20260804	V2A0077	Lee_Leeds	1	0.651647129888071	0.6319283246994019
LODO	Lee_Leeds	online_adaptive	20260804	V2A0078	Lee_Leeds	1	0.8992552266927206	0.6618601083755493
LODO	Lee_Leeds	online_adaptive	20260804	V2A0079	Lee_Leeds	0	0.6370688399295842	0.6538438200950623
LODO	Lee_Leeds	online_adaptive	20260804	V2A0080	Lee_Leeds	1	0.048316688843821474	0.6270101070404053
LODO	Lee_Leeds	online_adaptive	20260804	V2A0081	Lee_Leeds	0	0.22560954428093916	0.6465237140655518
LODO	Lee_Leeds	online_adaptive	20260804	V2A0082	Lee_Leeds	1	0.5421536862788658	0.6392831206321716
LODO	Lee_Leeds	online_adaptive	20260804	V2A0083	Lee_Leeds	0	0.9813631797984169	0.6231611371040344
LODO	Lee_Leeds	online_adaptive	20260804	V2A0084	Lee_Leeds	1	0.5889011294728368	0.6216862797737122
LODO	Lee_Leeds	online_adaptive	20260804	V2A0085	Lee_Leeds	0	0.020765944826542274	0.6541802883148193
LODO	Lee_Leeds	online_adaptive	20260804	V2A0086	Lee_Leeds	1	0.42335768187461686	0.6731007099151611
LODO	Lee_Leeds	online_adaptive	20260804	V2A0087	Lee_Leeds	1	0.9746114399490828	0.6685448884963989
LODO	Lee_Leeds	online_adaptive	20260804	V2A0088	Lee_Leeds	0	0.7340249897585591	0.6644855737686157
LODO	Lee_Leeds	online_adaptive	20260804	V2A0089	Lee_Leeds	0	0.0611097123876864	0.6037641763687134
LODO	Lee_Leeds	online_adaptive	20260804	V2A0090	Lee_Leeds	0	0.974780776947086	0.6777450442314148
LODO	Lee_Leeds	online_adaptive	20260804	V2A0091	Lee_Leeds	1	0.4184018210266982	0.5392534136772156
LODO	Lee_Leeds	online_adaptive	20260804	V2A0092	Lee_Leeds	1	0.4770788782513762	0.5927925109863281
LODO	Lee_Leeds	online_adaptive	20260804	V2A0093	Lee_Leeds	0	0.2223807837107965	0.5901780724525452
LODO	Lee_Leeds	online_adaptive	20260804	V2A0094	Lee_Leeds	1	0.2521611378867009	0.6611858606338501
LODO	Lee_Leeds	online_adaptive	20260805	V2A0077	Lee_Leeds	1	0.6579055485548625	0.6327670812606812
LODO	Lee_Leeds	online_adaptive	20260805	V2A0078	Lee_Leeds	1	0.895432691136448	0.6569889783859253
LODO	Lee_Leeds	online_adaptive	20260805	V2A0079	Lee_Leeds	0	0.6317810347266468	0.6507432460784912
LODO	Lee_Leeds	online_adaptive	20260805	V2A0080	Lee_Leeds	1	0.049104058251858894	0.6198839545249939
LODO	Lee_Leeds	online_adaptive	20260805	V2A0081	Lee_Leeds	0	0.2289949266086422	0.6488947868347168
LODO	Lee_Leeds	online_adaptive	20260805	V2A0082	Lee_Leeds	1	0.5365486680275301	0.6390995383262634
LODO	Lee_Leeds	online_adaptive	20260805	V2A0083	Lee_Leeds	0	0.9806767657734196	0.6209896802902222
LODO	Lee_Leeds	online_adaptive	20260805	V2A0084	Lee_Leeds	1	0.5917682076188892	0.6195980310440063
LODO	Lee_Leeds	online_adaptive	20260805	V2A0085	Lee_Leeds	0	0.02027243604348487	0.6471061706542969
LODO	Lee_Leeds	online_adaptive	20260805	V2A0086	Lee_Leeds	1	0.41912272702646586	0.6723229885101318
LODO	Lee_Leeds	online_adaptive	20260805	V2A0087	Lee_Leeds	1	0.9746465084613477	0.6659097671508789
LODO	Lee_Leeds	online_adaptive	20260805	V2A0088	Lee_Leeds	0	0.7304786528366883	0.6587806344032288
LODO	Lee_Leeds	online_adaptive	20260805	V2A0089	Lee_Leeds	0	0.06108829578373296	0.6025975942611694
LODO	Lee_Leeds	online_adaptive	20260805	V2A0090	Lee_Leeds	0	0.9749671811399836	0.6721180081367493
LODO	Lee_Leeds	online_adaptive	20260805	V2A0091	Lee_Leeds	1	0.4104350743141928	0.533810555934906
LODO	Lee_Leeds	online_adaptive	20260805	V2A0092	Lee_Leeds	1	0.48436236576192443	0.5871414542198181
LODO	Lee_Leeds	online_adaptive	20260805	V2A0093	Lee_Leeds	0	0.21874434609144736	0.5859496593475342
LODO	Lee_Leeds	online_adaptive	20260805	V2A0094	Lee_Leeds	1	0.24803830802238852	0.6615316271781921
LODO	Lee_Leeds	online_adaptive	20260806	V2A0077	Lee_Leeds	1	0.6633749146066659	0.6361631751060486
LODO	Lee_Leeds	online_adaptive	20260806	V2A0078	Lee_Leeds	1	0.8891244175222661	0.6652852296829224
LODO	Lee_Leeds	online_adaptive	20260806	V2A0079	Lee_Leeds	0	0.6528181298758703	0.6551288962364197
LODO	Lee_Leeds	online_adaptive	20260806	V2A0080	Lee_Leeds	1	0.04455974703862839	0.6283326745033264
LODO	Lee_Leeds	online_adaptive	20260806	V2A0081	Lee_Leeds	0	0.2275626052578332	0.6517776250839233
LODO	Lee_Leeds	online_adaptive	20260806	V2A0082	Lee_Leeds	1	0.5372753087162959	0.6395302414894104
LODO	Lee_Leeds	online_adaptive	20260806	V2A0083	Lee_Leeds	0	0.9806099593956922	0.6285337805747986
LODO	Lee_Leeds	online_adaptive	20260806	V2A0084	Lee_Leeds	1	0.5926300927168608	0.6229283809661865
LODO	Lee_Leeds	online_adaptive	20260806	V2A0085	Lee_Leeds	0	0.021348073418030983	0.6563668847084045
LODO	Lee_Leeds	online_adaptive	20260806	V2A0086	Lee_Leeds	1	0.4290624850028362	0.6764147877693176
LODO	Lee_Leeds	online_adaptive	20260806	V2A0087	Lee_Leeds	1	0.975379853873711	0.6719711422920227
LODO	Lee_Leeds	online_adaptive	20260806	V2A0088	Lee_Leeds	0	0.7430712443004676	0.6657905578613281
LODO	Lee_Leeds	online_adaptive	20260806	V2A0089	Lee_Leeds	0	0.06105662957600862	0.6094392538070679
LODO	Lee_Leeds	online_adaptive	20260806	V2A0090	Lee_Leeds	0	0.974667991940466	0.6774478554725647
LODO	Lee_Leeds	online_adaptive	20260806	V2A0091	Lee_Leeds	1	0.43343988662223387	0.5446831583976746
LODO	Lee_Leeds	online_adaptive	20260806	V2A0092	Lee_Leeds	1	0.48659550322466233	0.5973103046417236
LODO	Lee_Leeds	online_adaptive	20260806	V2A0093	Lee_Leeds	0	0.2190747399324389	0.5936110019683838
LODO	Lee_Leeds	online_adaptive	20260806	V2A0094	Lee_Leeds	1	0.2514843788340444	0.6641848087310791
LODO	Lee_Leeds	standard_transductive	20260802	V2A0077	Lee_Leeds	1	0.7545132875565115	0.6442996263504028
LODO	Lee_Leeds	standard_transductive	20260802	V2A0078	Lee_Leeds	1	0.8367417269206933	0.7355871200561523
LODO	Lee_Leeds	standard_transductive	20260802	V2A0079	Lee_Leeds	0	0.7479032314032378	0.6995643973350525
LODO	Lee_Leeds	standard_transductive	20260802	V2A0080	Lee_Leeds	1	0.09057454326197134	0.683022141456604
LODO	Lee_Leeds	standard_transductive	20260802	V2A0081	Lee_Leeds	0	0.33812574684608315	0.7025944590568542
LODO	Lee_Leeds	standard_transductive	20260802	V2A0082	Lee_Leeds	1	0.6137406625035764	0.6304599046707153
LODO	Lee_Leeds	standard_transductive	20260802	V2A0083	Lee_Leeds	0	0.9797912448715592	0.6342687010765076
LODO	Lee_Leeds	standard_transductive	20260802	V2A0084	Lee_Leeds	1	0.5994081304068932	0.6529456377029419
LODO	Lee_Leeds	standard_transductive	20260802	V2A0085	Lee_Leeds	0	0.1319223909302016	0.6874048709869385
LODO	Lee_Leeds	standard_transductive	20260802	V2A0086	Lee_Leeds	1	0.3677728704954307	0.6898217797279358
LODO	Lee_Leeds	standard_transductive	20260802	V2A0087	Lee_Leeds	1	0.9749874820891903	0.7503936886787415
LODO	Lee_Leeds	standard_transductive	20260802	V2A0088	Lee_Leeds	0	0.7584307315918218	0.6735146045684814
LODO	Lee_Leeds	standard_transductive	20260802	V2A0089	Lee_Leeds	0	0.09812751905950375	0.6510589122772217
LODO	Lee_Leeds	standard_transductive	20260802	V2A0090	Lee_Leeds	0	0.9670865470917843	0.6976034045219421
LODO	Lee_Leeds	standard_transductive	20260802	V2A0091	Lee_Leeds	1	0.5068108159574947	0.5254563093185425
LODO	Lee_Leeds	standard_transductive	20260802	V2A0092	Lee_Leeds	1	0.6045600546612349	0.5112689137458801
LODO	Lee_Leeds	standard_transductive	20260802	V2A0093	Lee_Leeds	0	0.4036563104114832	0.6190659403800964
LODO	Lee_Leeds	standard_transductive	20260802	V2A0094	Lee_Leeds	1	0.4447785177563449	0.6476673483848572
LODO	Lee_Leeds	standard_transductive	20260803	V2A0077	Lee_Leeds	1	0.7532446999277841	0.6436758041381836
LODO	Lee_Leeds	standard_transductive	20260803	V2A0078	Lee_Leeds	1	0.829484059636263	0.738827645778656
LODO	Lee_Leeds	standard_transductive	20260803	V2A0079	Lee_Leeds	0	0.7413491597656372	0.6995786428451538
LODO	Lee_Leeds	standard_transductive	20260803	V2A0080	Lee_Leeds	1	0.0909829786288649	0.6915115118026733
LODO	Lee_Leeds	standard_transductive	20260803	V2A0081	Lee_Leeds	0	0.33023982565478516	0.7069987654685974
LODO	Lee_Leeds	standard_transductive	20260803	V2A0082	Lee_Leeds	1	0.6142823851293255	0.6326185464859009
LODO	Lee_Leeds	standard_transductive	20260803	V2A0083	Lee_Leeds	0	0.980331344933832	0.6353558301925659
LODO	Lee_Leeds	standard_transductive	20260803	V2A0084	Lee_Leeds	1	0.6043292113343901	0.6552966237068176
LODO	Lee_Leeds	standard_transductive	20260803	V2A0085	Lee_Leeds	0	0.13278675510644186	0.6866838335990906
LODO	Lee_Leeds	standard_transductive	20260803	V2A0086	Lee_Leeds	1	0.3773217902187449	0.690096914768219
LODO	Lee_Leeds	standard_transductive	20260803	V2A0087	Lee_Leeds	1	0.9739216834312441	0.750872790813446
LODO	Lee_Leeds	standard_transductive	20260803	V2A0088	Lee_Leeds	0	0.7600272761542355	0.6714363694190979
LODO	Lee_Leeds	standard_transductive	20260803	V2A0089	Lee_Leeds	0	0.10045107084637746	0.6501743197441101
LODO	Lee_Leeds	standard_transductive	20260803	V2A0090	Lee_Leeds	0	0.9671085416083818	0.696764349937439
LODO	Lee_Leeds	standard_transductive	20260803	V2A0091	Lee_Leeds	1	0.507563596605966	0.5216654539108276
LODO	Lee_Leeds	standard_transductive	20260803	V2A0092	Lee_Leeds	1	0.6092517420989847	0.5064608454704285
LODO	Lee_Leeds	standard_transductive	20260803	V2A0093	Lee_Leeds	0	0.4048918364716766	0.6222730278968811
LODO	Lee_Leeds	standard_transductive	20260803	V2A0094	Lee_Leeds	1	0.43984707453527633	0.6523345708847046
LODO	Lee_Leeds	standard_transductive	20260804	V2A0077	Lee_Leeds	1	0.7438308724329251	0.6391142010688782
LODO	Lee_Leeds	standard_transductive	20260804	V2A0078	Lee_Leeds	1	0.8397361129264665	0.7334165573120117
LODO	Lee_Leeds	standard_transductive	20260804	V2A0079	Lee_Leeds	0	0.7454194641520621	0.6956191658973694
LODO	Lee_Leeds	standard_transductive	20260804	V2A0080	Lee_Leeds	1	0.09575005067795238	0.6834733486175537
LODO	Lee_Leeds	standard_transductive	20260804	V2A0081	Lee_Leeds	0	0.33352599467071287	0.6967377662658691
LODO	Lee_Leeds	standard_transductive	20260804	V2A0082	Lee_Leeds	1	0.6084794410950963	0.6251481175422668
LODO	Lee_Leeds	standard_transductive	20260804	V2A0083	Lee_Leeds	0	0.9795544895112396	0.6261160969734192
LODO	Lee_Leeds	standard_transductive	20260804	V2A0084	Lee_Leeds	1	0.6033446984205507	0.6478316783905029
LODO	Lee_Leeds	standard_transductive	20260804	V2A0085	Lee_Leeds	0	0.12933138576132955	0.6848563551902771
LODO	Lee_Leeds	standard_transductive	20260804	V2A0086	Lee_Leeds	1	0.3759219348350297	0.6846580505371094
LODO	Lee_Leeds	standard_transductive	20260804	V2A0087	Lee_Leeds	1	0.9738326777021439	0.7509787082672119
LODO	Lee_Leeds	standard_transductive	20260804	V2A0088	Lee_Leeds	0	0.7561369080758487	0.6670481562614441
LODO	Lee_Leeds	standard_transductive	20260804	V2A0089	Lee_Leeds	0	0.09966760881679076	0.642868161201477
LODO	Lee_Leeds	standard_transductive	20260804	V2A0090	Lee_Leeds	0	0.9669234667601748	0.6977570056915283
LODO	Lee_Leeds	standard_transductive	20260804	V2A0091	Lee_Leeds	1	0.4983863860878269	0.5182175636291504
LODO	Lee_Leeds	standard_transductive	20260804	V2A0092	Lee_Leeds	1	0.6099646001166438	0.5045017600059509
LODO	Lee_Leeds	standard_transductive	20260804	V2A0093	Lee_Leeds	0	0.4057854446344939	0.6185020804405212
LODO	Lee_Leeds	standard_transductive	20260804	V2A0094	Lee_Leeds	1	0.445691587885731	0.638832688331604
LODO	Lee_Leeds	standard_transductive	20260805	V2A0077	Lee_Leeds	1	0.7505330262978821	0.6375730037689209
LODO	Lee_Leeds	standard_transductive	20260805	V2A0078	Lee_Leeds	1	0.836688329318544	0.7299620509147644
LODO	Lee_Leeds	standard_transductive	20260805	V2A0079	Lee_Leeds	0	0.7440393630375042	0.692572295665741
LODO	Lee_Leeds	standard_transductive	20260805	V2A0080	Lee_Leeds	1	0.09633612100248698	0.6767021417617798
LODO	Lee_Leeds	standard_transductive	20260805	V2A0081	Lee_Leeds	0	0.33704618143969245	0.6984918713569641
LODO	Lee_Leeds	standard_transductive	20260805	V2A0082	Lee_Leeds	1	0.6013525029732217	0.626125156879425
LODO	Lee_Leeds	standard_transductive	20260805	V2A0083	Lee_Leeds	0	0.9791361272254896	0.6261151432991028
LODO	Lee_Leeds	standard_transductive	20260805	V2A0084	Lee_Leeds	1	0.6101696768455078	0.6458451151847839
LODO	Lee_Leeds	standard_transductive	20260805	V2A0085	Lee_Leeds	0	0.1292685809286556	0.6794677376747131
LODO	Lee_Leeds	standard_transductive	20260805	V2A0086	Lee_Leeds	1	0.3674786680470685	0.6829703450202942
LODO	Lee_Leeds	standard_transductive	20260805	V2A0087	Lee_Leeds	1	0.9737327964297355	0.7466577291488647
LODO	Lee_Leeds	standard_transductive	20260805	V2A0088	Lee_Leeds	0	0.7538746202641258	0.6625472903251648
LODO	Lee_Leeds	standard_transductive	20260805	V2A0089	Lee_Leeds	0	0.10053189004828045	0.6443215608596802
LODO	Lee_Leeds	standard_transductive	20260805	V2A0090	Lee_Leeds	0	0.9666525592307136	0.6900821328163147
LODO	Lee_Leeds	standard_transductive	20260805	V2A0091	Lee_Leeds	1	0.4986774161699833	0.5179675221443176
LODO	Lee_Leeds	standard_transductive	20260805	V2A0092	Lee_Leeds	1	0.6128904845394514	0.5014001131057739
LODO	Lee_Leeds	standard_transductive	20260805	V2A0093	Lee_Leeds	0	0.4021664415925943	0.6165816187858582
LODO	Lee_Leeds	standard_transductive	20260805	V2A0094	Lee_Leeds	1	0.4483561304106259	0.6412630081176758
LODO	Lee_Leeds	standard_transductive	20260806	V2A0077	Lee_Leeds	1	0.7570776700719302	0.64454585313797
LODO	Lee_Leeds	standard_transductive	20260806	V2A0078	Lee_Leeds	1	0.8334419345009189	0.7364358305931091
LODO	Lee_Leeds	standard_transductive	20260806	V2A0079	Lee_Leeds	0	0.7491057524231519	0.6958751678466797
LODO	Lee_Leeds	standard_transductive	20260806	V2A0080	Lee_Leeds	1	0.09273288961936262	0.6881118416786194
LODO	Lee_Leeds	standard_transductive	20260806	V2A0081	Lee_Leeds	0	0.3322912995746292	0.7009974122047424
LODO	Lee_Leeds	standard_transductive	20260806	V2A0082	Lee_Leeds	1	0.6047221571953812	0.6296078562736511
LODO	Lee_Leeds	standard_transductive	20260806	V2A0083	Lee_Leeds	0	0.9797506919031417	0.6315210461616516
LODO	Lee_Leeds	standard_transductive	20260806	V2A0084	Lee_Leeds	1	0.6017650706233747	0.648657500743866
LODO	Lee_Leeds	standard_transductive	20260806	V2A0085	Lee_Leeds	0	0.1310470953324601	0.6894476413726807
LODO	Lee_Leeds	standard_transductive	20260806	V2A0086	Lee_Leeds	1	0.37412474890750935	0.6867573857307434
LODO	Lee_Leeds	standard_transductive	20260806	V2A0087	Lee_Leeds	1	0.9738287067424058	0.7520537376403809
LODO	Lee_Leeds	standard_transductive	20260806	V2A0088	Lee_Leeds	0	0.7617929784610051	0.6682726740837097
LODO	Lee_Leeds	standard_transductive	20260806	V2A0089	Lee_Leeds	0	0.09810533075432154	0.6467365622520447
LODO	Lee_Leeds	standard_transductive	20260806	V2A0090	Lee_Leeds	0	0.9668324717081306	0.6962767243385315
LODO	Lee_Leeds	standard_transductive	20260806	V2A0091	Lee_Leeds	1	0.503966211275008	0.5237559080123901
LODO	Lee_Leeds	standard_transductive	20260806	V2A0092	Lee_Leeds	1	0.6082495092685077	0.5087063312530518
LODO	Lee_Leeds	standard_transductive	20260806	V2A0093	Lee_Leeds	0	0.4006629590069059	0.6210703253746033
LODO	Lee_Leeds	standard_transductive	20260806	V2A0094	Lee_Leeds	1	0.44245330402628585	0.6470783948898315
LODO	Lee_Manchester	online_adaptive	20260802	V2A0095	Lee_Manchester	0	0.5858612150497222	0.6339268088340759
LODO	Lee_Manchester	online_adaptive	20260802	V2A0096	Lee_Manchester	1	0.7688845589012572	0.6809719800949097
LODO	Lee_Manchester	online_adaptive	20260802	V2A0097	Lee_Manchester	1	0.1986113515359306	0.6562440991401672
LODO	Lee_Manchester	online_adaptive	20260802	V2A0098	Lee_Manchester	0	0.22326895723786777	0.6193554997444153
LODO	Lee_Manchester	online_adaptive	20260802	V2A0099	Lee_Manchester	0	0.8416509580689917	0.6512951850891113
LODO	Lee_Manchester	online_adaptive	20260802	V2A0100	Lee_Manchester	0	0.5759977812690228	0.6590729355812073
LODO	Lee_Manchester	online_adaptive	20260802	V2A0101	Lee_Manchester	0	0.9509204631097046	0.73176509141922
LODO	Lee_Manchester	online_adaptive	20260802	V2A0102	Lee_Manchester	0	0.9362016970705521	0.6492540240287781
LODO	Lee_Manchester	online_adaptive	20260802	V2A0103	Lee_Manchester	1	0.49662143687396687	0.6867814064025879
LODO	Lee_Manchester	online_adaptive	20260802	V2A0104	Lee_Manchester	1	0.3560320817688943	0.6728535294532776
LODO	Lee_Manchester	online_adaptive	20260802	V2A0105	Lee_Manchester	0	0.5737334130411128	0.5749396085739136
LODO	Lee_Manchester	online_adaptive	20260802	V2A0106	Lee_Manchester	0	0.9732213753225842	0.6916571259498596
LODO	Lee_Manchester	online_adaptive	20260802	V2A0107	Lee_Manchester	1	0.7022144611438997	0.6512312293052673
LODO	Lee_Manchester	online_adaptive	20260802	V2A0108	Lee_Manchester	0	0.806957494473229	0.7289407849311829
LODO	Lee_Manchester	online_adaptive	20260802	V2A0109	Lee_Manchester	1	0.47316521734279526	0.5862171649932861
LODO	Lee_Manchester	online_adaptive	20260802	V2A0110	Lee_Manchester	1	0.7610023490172197	0.5934582948684692
LODO	Lee_Manchester	online_adaptive	20260802	V2A0111	Lee_Manchester	1	0.9858150657391547	0.6009052991867065
LODO	Lee_Manchester	online_adaptive	20260802	V2A0112	Lee_Manchester	0	0.11868522158654558	0.6524409651756287
LODO	Lee_Manchester	online_adaptive	20260802	V2A0113	Lee_Manchester	1	0.3280366040011557	0.6630138754844666
LODO	Lee_Manchester	online_adaptive	20260802	V2A0114	Lee_Manchester	0	0.01132518351767791	0.6114029884338379
LODO	Lee_Manchester	online_adaptive	20260802	V2A0115	Lee_Manchester	1	0.04749688553245305	0.6455210447311401
LODO	Lee_Manchester	online_adaptive	20260802	V2A0116	Lee_Manchester	0	0.8801889598325477	0.6022431254386902
LODO	Lee_Manchester	online_adaptive	20260802	V2A0117	Lee_Manchester	1	0.8290921171512248	0.632437527179718
LODO	Lee_Manchester	online_adaptive	20260802	V2A0118	Lee_Manchester	1	0.9298769710701281	0.6462777853012085
LODO	Lee_Manchester	online_adaptive	20260802	V2A0119	Lee_Manchester	0	0.2983769965187576	0.6872913241386414
LODO	Lee_Manchester	online_adaptive	20260803	V2A0095	Lee_Manchester	0	0.5734588766942498	0.6234476566314697
LODO	Lee_Manchester	online_adaptive	20260803	V2A0096	Lee_Manchester	1	0.7692112955071577	0.675172746181488
LODO	Lee_Manchester	online_adaptive	20260803	V2A0097	Lee_Manchester	1	0.19261729316035003	0.6553312540054321
LODO	Lee_Manchester	online_adaptive	20260803	V2A0098	Lee_Manchester	0	0.2328965147597532	0.6175792813301086
LODO	Lee_Manchester	online_adaptive	20260803	V2A0099	Lee_Manchester	0	0.8372334786283037	0.6582863926887512
LODO	Lee_Manchester	online_adaptive	20260803	V2A0100	Lee_Manchester	0	0.5412508021639	0.652771532535553
LODO	Lee_Manchester	online_adaptive	20260803	V2A0101	Lee_Manchester	0	0.9506767879406477	0.7274184823036194
LODO	Lee_Manchester	online_adaptive	20260803	V2A0102	Lee_Manchester	0	0.9384405285822485	0.630424976348877
LODO	Lee_Manchester	online_adaptive	20260803	V2A0103	Lee_Manchester	1	0.529423721554724	0.6914682984352112
LODO	Lee_Manchester	online_adaptive	20260803	V2A0104	Lee_Manchester	1	0.3631772909636798	0.6721473932266235
LODO	Lee_Manchester	online_adaptive	20260803	V2A0105	Lee_Manchester	0	0.5928936196614657	0.566624641418457
LODO	Lee_Manchester	online_adaptive	20260803	V2A0106	Lee_Manchester	0	0.9753974985400357	0.6957670450210571
LODO	Lee_Manchester	online_adaptive	20260803	V2A0107	Lee_Manchester	1	0.6987260546678837	0.660052478313446
LODO	Lee_Manchester	online_adaptive	20260803	V2A0108	Lee_Manchester	0	0.812583889464332	0.7314535975456238
LODO	Lee_Manchester	online_adaptive	20260803	V2A0109	Lee_Manchester	1	0.484849343706408	0.5795375108718872
LODO	Lee_Manchester	online_adaptive	20260803	V2A0110	Lee_Manchester	1	0.7495066436388619	0.5804343819618225
LODO	Lee_Manchester	online_adaptive	20260803	V2A0111	Lee_Manchester	1	0.9848548674465278	0.5954222679138184
LODO	Lee_Manchester	online_adaptive	20260803	V2A0112	Lee_Manchester	0	0.12372107970142963	0.6562984585762024
LODO	Lee_Manchester	online_adaptive	20260803	V2A0113	Lee_Manchester	1	0.33312587283061224	0.6646298170089722
LODO	Lee_Manchester	online_adaptive	20260803	V2A0114	Lee_Manchester	0	0.011192399074367993	0.6086615920066833
LODO	Lee_Manchester	online_adaptive	20260803	V2A0115	Lee_Manchester	1	0.046628696836186	0.6377463936805725
LODO	Lee_Manchester	online_adaptive	20260803	V2A0116	Lee_Manchester	0	0.8816490540219746	0.5985069870948792
LODO	Lee_Manchester	online_adaptive	20260803	V2A0117	Lee_Manchester	1	0.835437902396228	0.6277885437011719
LODO	Lee_Manchester	online_adaptive	20260803	V2A0118	Lee_Manchester	1	0.9318586542607863	0.6431395411491394
LODO	Lee_Manchester	online_adaptive	20260803	V2A0119	Lee_Manchester	0	0.3075945832662547	0.6837066411972046
LODO	Lee_Manchester	online_adaptive	20260804	V2A0095	Lee_Manchester	0	0.5832495800598936	0.6461961269378662
LODO	Lee_Manchester	online_adaptive	20260804	V2A0096	Lee_Manchester	1	0.7656277675709475	0.6951470971107483
LODO	Lee_Manchester	online_adaptive	20260804	V2A0097	Lee_Manchester	1	0.20757201156385013	0.6749579310417175
LODO	Lee_Manchester	online_adaptive	20260804	V2A0098	Lee_Manchester	0	0.23684580096586372	0.6262359619140625
LODO	Lee_Manchester	online_adaptive	20260804	V2A0099	Lee_Manchester	0	0.8335168220882364	0.6696537733078003
LODO	Lee_Manchester	online_adaptive	20260804	V2A0100	Lee_Manchester	0	0.5587277952459584	0.6687161326408386
LODO	Lee_Manchester	online_adaptive	20260804	V2A0101	Lee_Manchester	0	0.9524137359416658	0.7420748472213745
LODO	Lee_Manchester	online_adaptive	20260804	V2A0102	Lee_Manchester	0	0.9413420528049101	0.6481114625930786
LODO	Lee_Manchester	online_adaptive	20260804	V2A0103	Lee_Manchester	1	0.5254147526095483	0.7066563963890076
LODO	Lee_Manchester	online_adaptive	20260804	V2A0104	Lee_Manchester	1	0.3711269026110332	0.6927505731582642
LODO	Lee_Manchester	online_adaptive	20260804	V2A0105	Lee_Manchester	0	0.5836792135197562	0.5852361917495728
LODO	Lee_Manchester	online_adaptive	20260804	V2A0106	Lee_Manchester	0	0.9750235321377619	0.7099559307098389
LODO	Lee_Manchester	online_adaptive	20260804	V2A0107	Lee_Manchester	1	0.7033677769778117	0.6789328455924988
LODO	Lee_Manchester	online_adaptive	20260804	V2A0108	Lee_Manchester	0	0.8059401111362074	0.7342501282691956
LODO	Lee_Manchester	online_adaptive	20260804	V2A0109	Lee_Manchester	1	0.49932960847525987	0.5981363654136658
LODO	Lee_Manchester	online_adaptive	20260804	V2A0110	Lee_Manchester	1	0.7629409280168921	0.5897767543792725
LODO	Lee_Manchester	online_adaptive	20260804	V2A0111	Lee_Manchester	1	0.9849259323539014	0.6111432909965515
LODO	Lee_Manchester	online_adaptive	20260804	V2A0112	Lee_Manchester	0	0.11804658415169968	0.6717944741249084
LODO	Lee_Manchester	online_adaptive	20260804	V2A0113	Lee_Manchester	1	0.3611823818675979	0.6770004034042358
LODO	Lee_Manchester	online_adaptive	20260804	V2A0114	Lee_Manchester	0	0.011965197914894449	0.6227337121963501
LODO	Lee_Manchester	online_adaptive	20260804	V2A0115	Lee_Manchester	1	0.046357960340922794	0.6578628420829773
LODO	Lee_Manchester	online_adaptive	20260804	V2A0116	Lee_Manchester	0	0.8828135832718348	0.6172382235527039
LODO	Lee_Manchester	online_adaptive	20260804	V2A0117	Lee_Manchester	1	0.8363089204382933	0.6461408734321594
LODO	Lee_Manchester	online_adaptive	20260804	V2A0118	Lee_Manchester	1	0.9286515106971681	0.65955650806427
LODO	Lee_Manchester	online_adaptive	20260804	V2A0119	Lee_Manchester	0	0.30606255497123386	0.7000462412834167
LODO	Lee_Manchester	online_adaptive	20260805	V2A0095	Lee_Manchester	0	0.5795597987349804	0.630621075630188
LODO	Lee_Manchester	online_adaptive	20260805	V2A0096	Lee_Manchester	1	0.7729654932381138	0.6803062558174133
LODO	Lee_Manchester	online_adaptive	20260805	V2A0097	Lee_Manchester	1	0.19666484311296784	0.6543152332305908
LODO	Lee_Manchester	online_adaptive	20260805	V2A0098	Lee_Manchester	0	0.23045826563040608	0.6200750470161438
LODO	Lee_Manchester	online_adaptive	20260805	V2A0099	Lee_Manchester	0	0.8364153554044486	0.65473473072052
LODO	Lee_Manchester	online_adaptive	20260805	V2A0100	Lee_Manchester	0	0.5657871985459413	0.6585747599601746
LODO	Lee_Manchester	online_adaptive	20260805	V2A0101	Lee_Manchester	0	0.9511922187473943	0.7347874641418457
LODO	Lee_Manchester	online_adaptive	20260805	V2A0102	Lee_Manchester	0	0.9374850927699894	0.6459574103355408
LODO	Lee_Manchester	online_adaptive	20260805	V2A0103	Lee_Manchester	1	0.5132198385377893	0.6987916231155396
LODO	Lee_Manchester	online_adaptive	20260805	V2A0104	Lee_Manchester	1	0.3638243206030579	0.6780388951301575
LODO	Lee_Manchester	online_adaptive	20260805	V2A0105	Lee_Manchester	0	0.572852513741934	0.5749598741531372
LODO	Lee_Manchester	online_adaptive	20260805	V2A0106	Lee_Manchester	0	0.9751375243308061	0.7073000073432922
LODO	Lee_Manchester	online_adaptive	20260805	V2A0107	Lee_Manchester	1	0.6975941033147887	0.6620272994041443
LODO	Lee_Manchester	online_adaptive	20260805	V2A0108	Lee_Manchester	0	0.8052593843597311	0.7317534685134888
LODO	Lee_Manchester	online_adaptive	20260805	V2A0109	Lee_Manchester	1	0.4866223069188237	0.5947436094284058
LODO	Lee_Manchester	online_adaptive	20260805	V2A0110	Lee_Manchester	1	0.7451031925143686	0.5857967138290405
LODO	Lee_Manchester	online_adaptive	20260805	V2A0111	Lee_Manchester	1	0.985243611146473	0.5998023152351379
LODO	Lee_Manchester	online_adaptive	20260805	V2A0112	Lee_Manchester	0	0.11930388118118454	0.667606770992279
LODO	Lee_Manchester	online_adaptive	20260805	V2A0113	Lee_Manchester	1	0.3324516907898197	0.6607674360275269
LODO	Lee_Manchester	online_adaptive	20260805	V2A0114	Lee_Manchester	0	0.012158046415339352	0.6156006455421448
LODO	Lee_Manchester	online_adaptive	20260805	V2A0115	Lee_Manchester	1	0.04547143017680473	0.6572794914245605
LODO	Lee_Manchester	online_adaptive	20260805	V2A0116	Lee_Manchester	0	0.8860078320744401	0.6078119874000549
LODO	Lee_Manchester	online_adaptive	20260805	V2A0117	Lee_Manchester	1	0.8430047461273962	0.6385782361030579
LODO	Lee_Manchester	online_adaptive	20260805	V2A0118	Lee_Manchester	1	0.9335529492805513	0.6502307057380676
LODO	Lee_Manchester	online_adaptive	20260805	V2A0119	Lee_Manchester	0	0.29032553175444725	0.6851643323898315
LODO	Lee_Manchester	online_adaptive	20260806	V2A0095	Lee_Manchester	0	0.5737135927963858	0.6258270144462585
LODO	Lee_Manchester	online_adaptive	20260806	V2A0096	Lee_Manchester	1	0.7599653947092887	0.6798819899559021
LODO	Lee_Manchester	online_adaptive	20260806	V2A0097	Lee_Manchester	1	0.18745189761825246	0.6600655317306519
LODO	Lee_Manchester	online_adaptive	20260806	V2A0098	Lee_Manchester	0	0.2335149985164927	0.6132205128669739
LODO	Lee_Manchester	online_adaptive	20260806	V2A0099	Lee_Manchester	0	0.8375007608319353	0.663382887840271
LODO	Lee_Manchester	online_adaptive	20260806	V2A0100	Lee_Manchester	0	0.5464737844676417	0.6444404721260071
LODO	Lee_Manchester	online_adaptive	20260806	V2A0101	Lee_Manchester	0	0.9513138852455023	0.7307054400444031
LODO	Lee_Manchester	online_adaptive	20260806	V2A0102	Lee_Manchester	0	0.9430283075882467	0.6386837959289551
LODO	Lee_Manchester	online_adaptive	20260806	V2A0103	Lee_Manchester	1	0.5314415233600192	0.6988475322723389
LODO	Lee_Manchester	online_adaptive	20260806	V2A0104	Lee_Manchester	1	0.35853787893103956	0.6802659034729004
LODO	Lee_Manchester	online_adaptive	20260806	V2A0105	Lee_Manchester	0	0.5749199804373852	0.5853729248046875
LODO	Lee_Manchester	online_adaptive	20260806	V2A0106	Lee_Manchester	0	0.9744980824443884	0.701454758644104
LODO	Lee_Manchester	online_adaptive	20260806	V2A0107	Lee_Manchester	1	0.6839509595457411	0.6656759977340698
LODO	Lee_Manchester	online_adaptive	20260806	V2A0108	Lee_Manchester	0	0.8153607938791934	0.7296373844146729
LODO	Lee_Manchester	online_adaptive	20260806	V2A0109	Lee_Manchester	1	0.4835191377923378	0.5910140872001648
LODO	Lee_Manchester	online_adaptive	20260806	V2A0110	Lee_Manchester	1	0.749163359232249	0.5799798965454102
LODO	Lee_Manchester	online_adaptive	20260806	V2A0111	Lee_Manchester	1	0.984883922907847	0.6130459308624268
LODO	Lee_Manchester	online_adaptive	20260806	V2A0112	Lee_Manchester	0	0.11286547185491438	0.6618916392326355
LODO	Lee_Manchester	online_adaptive	20260806	V2A0113	Lee_Manchester	1	0.3395365426214455	0.6761217713356018
LODO	Lee_Manchester	online_adaptive	20260806	V2A0114	Lee_Manchester	0	0.011731528529595752	0.619875967502594
LODO	Lee_Manchester	online_adaptive	20260806	V2A0115	Lee_Manchester	1	0.04680146222338993	0.6460373401641846
LODO	Lee_Manchester	online_adaptive	20260806	V2A0116	Lee_Manchester	0	0.8766701276252526	0.6161012053489685
LODO	Lee_Manchester	online_adaptive	20260806	V2A0117	Lee_Manchester	1	0.8335077950193963	0.6457252502441406
LODO	Lee_Manchester	online_adaptive	20260806	V2A0118	Lee_Manchester	1	0.9243181581162382	0.6573052406311035
LODO	Lee_Manchester	online_adaptive	20260806	V2A0119	Lee_Manchester	0	0.29494991076347876	0.6848779320716858
LODO	Lee_Manchester	standard_transductive	20260802	V2A0095	Lee_Manchester	0	0.5743146818609162	0.5643795728683472
LODO	Lee_Manchester	standard_transductive	20260802	V2A0096	Lee_Manchester	1	0.7890731990530863	0.7527240514755249
LODO	Lee_Manchester	standard_transductive	20260802	V2A0097	Lee_Manchester	1	0.3216968524330191	0.7616338133811951
LODO	Lee_Manchester	standard_transductive	20260802	V2A0098	Lee_Manchester	0	0.7285703101972661	0.7311288714408875
LODO	Lee_Manchester	standard_transductive	20260802	V2A0099	Lee_Manchester	0	0.7755940590312871	0.6234967708587646
LODO	Lee_Manchester	standard_transductive	20260802	V2A0100	Lee_Manchester	0	0.6070379433758537	0.6729581356048584
LODO	Lee_Manchester	standard_transductive	20260802	V2A0101	Lee_Manchester	0	0.9631946249213332	0.7240898013114929
LODO	Lee_Manchester	standard_transductive	20260802	V2A0102	Lee_Manchester	0	0.9401223289640201	0.5818410515785217
LODO	Lee_Manchester	standard_transductive	20260802	V2A0103	Lee_Manchester	1	0.4320366290849492	0.7104948163032532
LODO	Lee_Manchester	standard_transductive	20260802	V2A0104	Lee_Manchester	1	0.3488662858597818	0.6871156096458435
LODO	Lee_Manchester	standard_transductive	20260802	V2A0105	Lee_Manchester	0	0.6683470105306963	0.5481917858123779
LODO	Lee_Manchester	standard_transductive	20260802	V2A0106	Lee_Manchester	0	0.9608463334276511	0.6975342035293579
LODO	Lee_Manchester	standard_transductive	20260802	V2A0107	Lee_Manchester	1	0.629731793756981	0.539506196975708
LODO	Lee_Manchester	standard_transductive	20260802	V2A0108	Lee_Manchester	0	0.7907953648605067	0.763898491859436
LODO	Lee_Manchester	standard_transductive	20260802	V2A0109	Lee_Manchester	1	0.4691224154195902	0.5347908139228821
LODO	Lee_Manchester	standard_transductive	20260802	V2A0110	Lee_Manchester	1	0.746031238863767	0.6462430953979492
LODO	Lee_Manchester	standard_transductive	20260802	V2A0111	Lee_Manchester	1	0.962199623840186	0.5696337819099426
LODO	Lee_Manchester	standard_transductive	20260802	V2A0112	Lee_Manchester	0	0.18881834855903185	0.6997568607330322
LODO	Lee_Manchester	standard_transductive	20260802	V2A0113	Lee_Manchester	1	0.3825438188444543	0.5801181793212891
LODO	Lee_Manchester	standard_transductive	20260802	V2A0114	Lee_Manchester	0	0.02737700326687639	0.6951886415481567
LODO	Lee_Manchester	standard_transductive	20260802	V2A0115	Lee_Manchester	1	0.17706827633417133	0.5260295867919922
LODO	Lee_Manchester	standard_transductive	20260802	V2A0116	Lee_Manchester	0	0.8727696869487866	0.44658124446868896
LODO	Lee_Manchester	standard_transductive	20260802	V2A0117	Lee_Manchester	1	0.7971450848581897	0.6289637088775635
LODO	Lee_Manchester	standard_transductive	20260802	V2A0118	Lee_Manchester	1	0.9327817664491602	0.6954250335693359
LODO	Lee_Manchester	standard_transductive	20260802	V2A0119	Lee_Manchester	0	0.40585144363252146	0.7424148917198181
LODO	Lee_Manchester	standard_transductive	20260803	V2A0095	Lee_Manchester	0	0.5634748712768819	0.5672466158866882
LODO	Lee_Manchester	standard_transductive	20260803	V2A0096	Lee_Manchester	1	0.7896487339383189	0.7467700242996216
LODO	Lee_Manchester	standard_transductive	20260803	V2A0097	Lee_Manchester	1	0.3211911587980766	0.7640321254730225
LODO	Lee_Manchester	standard_transductive	20260803	V2A0098	Lee_Manchester	0	0.7369887443924324	0.7323336601257324
LODO	Lee_Manchester	standard_transductive	20260803	V2A0099	Lee_Manchester	0	0.7735096257524348	0.6293901801109314
LODO	Lee_Manchester	standard_transductive	20260803	V2A0100	Lee_Manchester	0	0.5862821488319369	0.6776708364486694
LODO	Lee_Manchester	standard_transductive	20260803	V2A0101	Lee_Manchester	0	0.9630992042570918	0.7368388175964355
LODO	Lee_Manchester	standard_transductive	20260803	V2A0102	Lee_Manchester	0	0.9421651206589772	0.5626354813575745
LODO	Lee_Manchester	standard_transductive	20260803	V2A0103	Lee_Manchester	1	0.4557255368748325	0.7268375158309937
LODO	Lee_Manchester	standard_transductive	20260803	V2A0104	Lee_Manchester	1	0.3505126955387027	0.6857008337974548
LODO	Lee_Manchester	standard_transductive	20260803	V2A0105	Lee_Manchester	0	0.6830849233066836	0.5421094298362732
LODO	Lee_Manchester	standard_transductive	20260803	V2A0106	Lee_Manchester	0	0.9640519897788398	0.7111307382583618
LODO	Lee_Manchester	standard_transductive	20260803	V2A0107	Lee_Manchester	1	0.6275561904793899	0.560949981212616
LODO	Lee_Manchester	standard_transductive	20260803	V2A0108	Lee_Manchester	0	0.795741647100266	0.7703436017036438
LODO	Lee_Manchester	standard_transductive	20260803	V2A0109	Lee_Manchester	1	0.47685769019679586	0.5171807408332825
LODO	Lee_Manchester	standard_transductive	20260803	V2A0110	Lee_Manchester	1	0.73831194774158	0.6376519203186035
LODO	Lee_Manchester	standard_transductive	20260803	V2A0111	Lee_Manchester	1	0.9601655585455904	0.572712242603302
LODO	Lee_Manchester	standard_transductive	20260803	V2A0112	Lee_Manchester	0	0.19451278797346166	0.7025692462921143
LODO	Lee_Manchester	standard_transductive	20260803	V2A0113	Lee_Manchester	1	0.3877978754088066	0.5865973830223083
LODO	Lee_Manchester	standard_transductive	20260803	V2A0114	Lee_Manchester	0	0.027493739207865135	0.6977506875991821
LODO	Lee_Manchester	standard_transductive	20260803	V2A0115	Lee_Manchester	1	0.17706701479377918	0.5508346557617188
LODO	Lee_Manchester	standard_transductive	20260803	V2A0116	Lee_Manchester	0	0.8753221358958847	0.4492948055267334
LODO	Lee_Manchester	standard_transductive	20260803	V2A0117	Lee_Manchester	1	0.8062163474044417	0.6188600063323975
LODO	Lee_Manchester	standard_transductive	20260803	V2A0118	Lee_Manchester	1	0.9350278274811088	0.7052524089813232
LODO	Lee_Manchester	standard_transductive	20260803	V2A0119	Lee_Manchester	0	0.41815567779910384	0.7497275471687317
LODO	Lee_Manchester	standard_transductive	20260804	V2A0095	Lee_Manchester	0	0.5730013418358845	0.5751814842224121
LODO	Lee_Manchester	standard_transductive	20260804	V2A0096	Lee_Manchester	1	0.7878911281304859	0.7586281299591064
LODO	Lee_Manchester	standard_transductive	20260804	V2A0097	Lee_Manchester	1	0.33232494580619465	0.77513587474823
LODO	Lee_Manchester	standard_transductive	20260804	V2A0098	Lee_Manchester	0	0.7391900217840353	0.7491942644119263
LODO	Lee_Manchester	standard_transductive	20260804	V2A0099	Lee_Manchester	0	0.7695728857256275	0.6413752436637878
LODO	Lee_Manchester	standard_transductive	20260804	V2A0100	Lee_Manchester	0	0.5958365558594008	0.6689302921295166
LODO	Lee_Manchester	standard_transductive	20260804	V2A0101	Lee_Manchester	0	0.9640862982742209	0.7405440807342529
LODO	Lee_Manchester	standard_transductive	20260804	V2A0102	Lee_Manchester	0	0.942583186205572	0.5604638457298279
LODO	Lee_Manchester	standard_transductive	20260804	V2A0103	Lee_Manchester	1	0.45474601005410925	0.7342842817306519
LODO	Lee_Manchester	standard_transductive	20260804	V2A0104	Lee_Manchester	1	0.3581660970675601	0.7026063203811646
LODO	Lee_Manchester	standard_transductive	20260804	V2A0105	Lee_Manchester	0	0.6746474360292932	0.5614211559295654
LODO	Lee_Manchester	standard_transductive	20260804	V2A0106	Lee_Manchester	0	0.9639830422710444	0.7165363430976868
LODO	Lee_Manchester	standard_transductive	20260804	V2A0107	Lee_Manchester	1	0.6314727674928926	0.5808559060096741
LODO	Lee_Manchester	standard_transductive	20260804	V2A0108	Lee_Manchester	0	0.7874010006430887	0.7712119221687317
LODO	Lee_Manchester	standard_transductive	20260804	V2A0109	Lee_Manchester	1	0.4869661634667243	0.5399091243743896
LODO	Lee_Manchester	standard_transductive	20260804	V2A0110	Lee_Manchester	1	0.7473703083041239	0.6401573419570923
LODO	Lee_Manchester	standard_transductive	20260804	V2A0111	Lee_Manchester	1	0.9603231919941105	0.5918717384338379
LODO	Lee_Manchester	standard_transductive	20260804	V2A0112	Lee_Manchester	0	0.19018806763243692	0.7178422212600708
LODO	Lee_Manchester	standard_transductive	20260804	V2A0113	Lee_Manchester	1	0.3978011863234854	0.6008296608924866
LODO	Lee_Manchester	standard_transductive	20260804	V2A0114	Lee_Manchester	0	0.028684226388141186	0.7118580341339111
LODO	Lee_Manchester	standard_transductive	20260804	V2A0115	Lee_Manchester	1	0.17906983180570119	0.5540608763694763
LODO	Lee_Manchester	standard_transductive	20260804	V2A0116	Lee_Manchester	0	0.8757048414914002	0.4788591265678406
LODO	Lee_Manchester	standard_transductive	20260804	V2A0117	Lee_Manchester	1	0.8053413832719704	0.6439893841743469
LODO	Lee_Manchester	standard_transductive	20260804	V2A0118	Lee_Manchester	1	0.9336823963958638	0.7192767858505249
LODO	Lee_Manchester	standard_transductive	20260804	V2A0119	Lee_Manchester	0	0.41450946301525965	0.7534216046333313
LODO	Lee_Manchester	standard_transductive	20260805	V2A0095	Lee_Manchester	0	0.5662368590046468	0.5684444904327393
LODO	Lee_Manchester	standard_transductive	20260805	V2A0096	Lee_Manchester	1	0.7947867485029819	0.747417688369751
LODO	Lee_Manchester	standard_transductive	20260805	V2A0097	Lee_Manchester	1	0.3207622652791997	0.7647067904472351
LODO	Lee_Manchester	standard_transductive	20260805	V2A0098	Lee_Manchester	0	0.7365654809277294	0.7426597476005554
LODO	Lee_Manchester	standard_transductive	20260805	V2A0099	Lee_Manchester	0	0.7690515368429488	0.6260416507720947
LODO	Lee_Manchester	standard_transductive	20260805	V2A0100	Lee_Manchester	0	0.5994701536159192	0.6748452186584473
LODO	Lee_Manchester	standard_transductive	20260805	V2A0101	Lee_Manchester	0	0.9632017831653475	0.7372612953186035
LODO	Lee_Manchester	standard_transductive	20260805	V2A0102	Lee_Manchester	0	0.9406086872014591	0.5736969113349915
LODO	Lee_Manchester	standard_transductive	20260805	V2A0103	Lee_Manchester	1	0.44734593755781127	0.7234174013137817
LODO	Lee_Manchester	standard_transductive	20260805	V2A0104	Lee_Manchester	1	0.35219433054706684	0.6859850883483887
LODO	Lee_Manchester	standard_transductive	20260805	V2A0105	Lee_Manchester	0	0.6763502869485845	0.552416205406189
LODO	Lee_Manchester	standard_transductive	20260805	V2A0106	Lee_Manchester	0	0.963868671289459	0.7134867906570435
LODO	Lee_Manchester	standard_transductive	20260805	V2A0107	Lee_Manchester	1	0.6258181448965056	0.5489761233329773
LODO	Lee_Manchester	standard_transductive	20260805	V2A0108	Lee_Manchester	0	0.7892984880556707	0.7652231454849243
LODO	Lee_Manchester	standard_transductive	20260805	V2A0109	Lee_Manchester	1	0.47964480161468726	0.5321832895278931
LODO	Lee_Manchester	standard_transductive	20260805	V2A0110	Lee_Manchester	1	0.7377850261492691	0.6438952684402466
LODO	Lee_Manchester	standard_transductive	20260805	V2A0111	Lee_Manchester	1	0.9613313274115785	0.5667874813079834
LODO	Lee_Manchester	standard_transductive	20260805	V2A0112	Lee_Manchester	0	0.19048070665017652	0.7228716015815735
LODO	Lee_Manchester	standard_transductive	20260805	V2A0113	Lee_Manchester	1	0.3812863686055882	0.5680874586105347
LODO	Lee_Manchester	standard_transductive	20260805	V2A0114	Lee_Manchester	0	0.029132076444194802	0.7107006311416626
LODO	Lee_Manchester	standard_transductive	20260805	V2A0115	Lee_Manchester	1	0.17679879710144486	0.5519066452980042
LODO	Lee_Manchester	standard_transductive	20260805	V2A0116	Lee_Manchester	0	0.8779867030550944	0.4382283389568329
LODO	Lee_Manchester	standard_transductive	20260805	V2A0117	Lee_Manchester	1	0.8071334849157786	0.6296440362930298
LODO	Lee_Manchester	standard_transductive	20260805	V2A0118	Lee_Manchester	1	0.937000536141285	0.709848940372467
LODO	Lee_Manchester	standard_transductive	20260805	V2A0119	Lee_Manchester	0	0.4091321153903346	0.7414130568504333
LODO	Lee_Manchester	standard_transductive	20260806	V2A0095	Lee_Manchester	0	0.5614502703981561	0.5566848516464233
LODO	Lee_Manchester	standard_transductive	20260806	V2A0096	Lee_Manchester	1	0.7874229531171055	0.7408666610717773
LODO	Lee_Manchester	standard_transductive	20260806	V2A0097	Lee_Manchester	1	0.315035445850228	0.7566511631011963
LODO	Lee_Manchester	standard_transductive	20260806	V2A0098	Lee_Manchester	0	0.7317262329669297	0.7127957344055176
LODO	Lee_Manchester	standard_transductive	20260806	V2A0099	Lee_Manchester	0	0.7699563106438309	0.6328237652778625
LODO	Lee_Manchester	standard_transductive	20260806	V2A0100	Lee_Manchester	0	0.5882718367486827	0.6631039381027222
LODO	Lee_Manchester	standard_transductive	20260806	V2A0101	Lee_Manchester	0	0.9630083436252549	0.7352961301803589
LODO	Lee_Manchester	standard_transductive	20260806	V2A0102	Lee_Manchester	0	0.9440392811768049	0.5601049661636353
LODO	Lee_Manchester	standard_transductive	20260806	V2A0103	Lee_Manchester	1	0.45742139219310723	0.7200426459312439
LODO	Lee_Manchester	standard_transductive	20260806	V2A0104	Lee_Manchester	1	0.34980838755874355	0.6853280067443848
LODO	Lee_Manchester	standard_transductive	20260806	V2A0105	Lee_Manchester	0	0.6762222921051523	0.5641446709632874
LODO	Lee_Manchester	standard_transductive	20260806	V2A0106	Lee_Manchester	0	0.9632921797119647	0.7069212794303894
LODO	Lee_Manchester	standard_transductive	20260806	V2A0107	Lee_Manchester	1	0.6184482455430987	0.562388002872467
LODO	Lee_Manchester	standard_transductive	20260806	V2A0108	Lee_Manchester	0	0.7954061257610419	0.7557384967803955
LODO	Lee_Manchester	standard_transductive	20260806	V2A0109	Lee_Manchester	1	0.4795973515462018	0.5296332836151123
LODO	Lee_Manchester	standard_transductive	20260806	V2A0110	Lee_Manchester	1	0.7398814192858061	0.634585976600647
LODO	Lee_Manchester	standard_transductive	20260806	V2A0111	Lee_Manchester	1	0.9607903352008706	0.5726687908172607
LODO	Lee_Manchester	standard_transductive	20260806	V2A0112	Lee_Manchester	0	0.1844702663548903	0.7053346037864685
LODO	Lee_Manchester	standard_transductive	20260806	V2A0113	Lee_Manchester	1	0.3862284979557826	0.5867084860801697
LODO	Lee_Manchester	standard_transductive	20260806	V2A0114	Lee_Manchester	0	0.0279933783165298	0.7013143301010132
LODO	Lee_Manchester	standard_transductive	20260806	V2A0115	Lee_Manchester	1	0.17607734683909712	0.5425832867622375
LODO	Lee_Manchester	standard_transductive	20260806	V2A0116	Lee_Manchester	0	0.8722509372463408	0.4647689163684845
LODO	Lee_Manchester	standard_transductive	20260806	V2A0117	Lee_Manchester	1	0.801452807530368	0.6353627443313599
LODO	Lee_Manchester	standard_transductive	20260806	V2A0118	Lee_Manchester	1	0.9317577330627349	0.7051672339439392
LODO	Lee_Manchester	standard_transductive	20260806	V2A0119	Lee_Manchester	0	0.40907924963525977	0.7367933392524719
LODO	Lee_PRIMM_NL	online_adaptive	20260802	V2A0120	Lee_PRIMM_NL	1	0.7320316074525519	0.6236564517021179
LODO	Lee_PRIMM_NL	online_adaptive	20260802	V2A0121	Lee_PRIMM_NL	1	0.19764222076692886	0.6424268484115601
LODO	Lee_PRIMM_NL	online_adaptive	20260802	V2A0122	Lee_PRIMM_NL	0	0.272916018896862	0.5555646419525146
LODO	Lee_PRIMM_NL	online_adaptive	20260802	V2A0123	Lee_PRIMM_NL	1	0.7030355485945151	0.6764035224914551
LODO	Lee_PRIMM_NL	online_adaptive	20260802	V2A0124	Lee_PRIMM_NL	0	0.957543715935932	0.614870011806488
LODO	Lee_PRIMM_NL	online_adaptive	20260802	V2A0125	Lee_PRIMM_NL	0	0.7283348142354761	0.6194899082183838
LODO	Lee_PRIMM_NL	online_adaptive	20260802	V2A0126	Lee_PRIMM_NL	1	0.5707234295989239	0.6319671273231506
LODO	Lee_PRIMM_NL	online_adaptive	20260802	V2A0127	Lee_PRIMM_NL	0	0.15744083185570695	0.6386430263519287
LODO	Lee_PRIMM_NL	online_adaptive	20260802	V2A0128	Lee_PRIMM_NL	0	0.4985115057185038	0.5632215142250061
LODO	Lee_PRIMM_NL	online_adaptive	20260802	V2A0129	Lee_PRIMM_NL	1	0.9223705126671782	0.5794290900230408
LODO	Lee_PRIMM_NL	online_adaptive	20260802	V2A0130	Lee_PRIMM_NL	0	0.5601714519257183	0.7294331192970276
LODO	Lee_PRIMM_NL	online_adaptive	20260802	V2A0131	Lee_PRIMM_NL	1	0.42547260793762587	0.5946693420410156
LODO	Lee_PRIMM_NL	online_adaptive	20260802	V2A0132	Lee_PRIMM_NL	0	0.5144498260596355	0.6759764552116394
LODO	Lee_PRIMM_NL	online_adaptive	20260802	V2A0133	Lee_PRIMM_NL	1	0.3837754188228723	0.5598727464675903
LODO	Lee_PRIMM_NL	online_adaptive	20260802	V2A0134	Lee_PRIMM_NL	1	0.8910676081003185	0.6689191460609436
LODO	Lee_PRIMM_NL	online_adaptive	20260802	V2A0135	Lee_PRIMM_NL	0	0.15975053469670855	0.6716268062591553
LODO	Lee_PRIMM_NL	online_adaptive	20260802	V2A0136	Lee_PRIMM_NL	0	0.15831636970563231	0.4535665810108185
LODO	Lee_PRIMM_NL	online_adaptive	20260802	V2A0137	Lee_PRIMM_NL	1	0.8999033371714121	0.7429618239402771
LODO	Lee_PRIMM_NL	online_adaptive	20260802	V2A0138	Lee_PRIMM_NL	1	0.9066243774500367	0.6370910406112671
LODO	Lee_PRIMM_NL	online_adaptive	20260802	V2A0139	Lee_PRIMM_NL	1	0.44443757731454	0.6274473071098328
LODO	Lee_PRIMM_NL	online_adaptive	20260802	V2A0140	Lee_PRIMM_NL	0	0.04555521888261466	0.604248046875
LODO	Lee_PRIMM_NL	online_adaptive	20260802	V2A0141	Lee_PRIMM_NL	1	0.9578181863630334	0.6465625166893005
LODO	Lee_PRIMM_NL	online_adaptive	20260802	V2A0142	Lee_PRIMM_NL	1	0.5494477529049884	0.6638619303703308
LODO	Lee_PRIMM_NL	online_adaptive	20260802	V2A0143	Lee_PRIMM_NL	1	0.6445110720698463	0.6893908977508545
LODO	Lee_PRIMM_NL	online_adaptive	20260802	V2A0144	Lee_PRIMM_NL	1	0.9812075988233345	0.6470332145690918
LODO	Lee_PRIMM_NL	online_adaptive	20260802	V2A0145	Lee_PRIMM_NL	0	0.4953296111187378	0.5197123885154724
LODO	Lee_PRIMM_NL	online_adaptive	20260802	V2A0146	Lee_PRIMM_NL	0	0.9871284339103177	0.7058985829353333
LODO	Lee_PRIMM_NL	online_adaptive	20260802	V2A0147	Lee_PRIMM_NL	0	0.6327473926712461	0.5323688983917236
LODO	Lee_PRIMM_NL	online_adaptive	20260802	V2A0148	Lee_PRIMM_NL	0	0.6445110178516807	0.676619291305542
LODO	Lee_PRIMM_NL	online_adaptive	20260802	V2A0149	Lee_PRIMM_NL	0	0.8931166469393428	0.6424044370651245
LODO	Lee_PRIMM_NL	online_adaptive	20260802	V2A0150	Lee_PRIMM_NL	1	0.6311196843413738	0.6505368947982788
LODO	Lee_PRIMM_NL	online_adaptive	20260802	V2A0151	Lee_PRIMM_NL	1	0.5182266827841778	0.6625669598579407
LODO	Lee_PRIMM_NL	online_adaptive	20260802	V2A0152	Lee_PRIMM_NL	1	0.9067967051458722	0.6611608862876892
LODO	Lee_PRIMM_NL	online_adaptive	20260802	V2A0153	Lee_PRIMM_NL	0	0.04935500323987729	0.6301484107971191
LODO	Lee_PRIMM_NL	online_adaptive	20260802	V2A0154	Lee_PRIMM_NL	1	0.3091475683386815	0.6335265636444092
LODO	Lee_PRIMM_NL	online_adaptive	20260802	V2A0155	Lee_PRIMM_NL	1	0.41884243203803573	0.4668910801410675
LODO	Lee_PRIMM_NL	online_adaptive	20260802	V2A0156	Lee_PRIMM_NL	1	0.18815665970108322	0.6954681873321533
LODO	Lee_PRIMM_NL	online_adaptive	20260802	V2A0157	Lee_PRIMM_NL	1	0.1751603857371023	0.5432753562927246
LODO	Lee_PRIMM_NL	online_adaptive	20260802	V2A0158	Lee_PRIMM_NL	0	0.7659948834490016	0.6171696782112122
LODO	Lee_PRIMM_NL	online_adaptive	20260802	V2A0159	Lee_PRIMM_NL	1	0.713627902254335	0.5192288160324097
LODO	Lee_PRIMM_NL	online_adaptive	20260802	V2A0160	Lee_PRIMM_NL	0	0.9502594955474968	0.674254298210144
LODO	Lee_PRIMM_NL	online_adaptive	20260802	V2A0161	Lee_PRIMM_NL	1	0.09959522428633413	0.6579172015190125
LODO	Lee_PRIMM_NL	online_adaptive	20260802	V2A0162	Lee_PRIMM_NL	1	0.5972538491494525	0.6548269391059875
LODO	Lee_PRIMM_NL	online_adaptive	20260802	V2A0163	Lee_PRIMM_NL	0	0.49022201653332725	0.6413440108299255
LODO	Lee_PRIMM_NL	online_adaptive	20260802	V2A0164	Lee_PRIMM_NL	0	0.07395506119178055	0.6409665942192078
LODO	Lee_PRIMM_NL	online_adaptive	20260802	V2A0165	Lee_PRIMM_NL	1	0.07886572828703677	0.6577051281929016
LODO	Lee_PRIMM_NL	online_adaptive	20260802	V2A0166	Lee_PRIMM_NL	0	0.5331881905138964	0.6943601965904236
LODO	Lee_PRIMM_NL	online_adaptive	20260802	V2A0167	Lee_PRIMM_NL	0	0.2964630392195638	0.6678463220596313
LODO	Lee_PRIMM_NL	online_adaptive	20260802	V2A0168	Lee_PRIMM_NL	1	0.3092572966014855	0.6816306710243225
LODO	Lee_PRIMM_NL	online_adaptive	20260802	V2A0169	Lee_PRIMM_NL	1	0.7327976128145587	0.5946416258811951
LODO	Lee_PRIMM_NL	online_adaptive	20260802	V2A0170	Lee_PRIMM_NL	1	0.31186502614999567	0.6651501655578613
LODO	Lee_PRIMM_NL	online_adaptive	20260802	V2A0171	Lee_PRIMM_NL	1	0.5065279285119931	0.6489978432655334
LODO	Lee_PRIMM_NL	online_adaptive	20260802	V2A0172	Lee_PRIMM_NL	1	0.9179282705742727	0.6661354899406433
LODO	Lee_PRIMM_NL	online_adaptive	20260802	V2A0173	Lee_PRIMM_NL	1	0.5254376103704017	0.6914206743240356
LODO	Lee_PRIMM_NL	online_adaptive	20260802	V2A0174	Lee_PRIMM_NL	1	0.9746514356159379	0.5691326856613159
LODO	Lee_PRIMM_NL	online_adaptive	20260803	V2A0120	Lee_PRIMM_NL	1	0.7206474383812006	0.6382620334625244
LODO	Lee_PRIMM_NL	online_adaptive	20260803	V2A0121	Lee_PRIMM_NL	1	0.19821101529697416	0.6582707166671753
LODO	Lee_PRIMM_NL	online_adaptive	20260803	V2A0122	Lee_PRIMM_NL	0	0.2702810084493062	0.5653631687164307
LODO	Lee_PRIMM_NL	online_adaptive	20260803	V2A0123	Lee_PRIMM_NL	1	0.7003501240746648	0.6899821162223816
LODO	Lee_PRIMM_NL	online_adaptive	20260803	V2A0124	Lee_PRIMM_NL	0	0.9580028674779516	0.6218773722648621
LODO	Lee_PRIMM_NL	online_adaptive	20260803	V2A0125	Lee_PRIMM_NL	0	0.7276034306424992	0.6355559825897217
LODO	Lee_PRIMM_NL	online_adaptive	20260803	V2A0126	Lee_PRIMM_NL	1	0.5736343586452194	0.6459574699401855
LODO	Lee_PRIMM_NL	online_adaptive	20260803	V2A0127	Lee_PRIMM_NL	0	0.15161138502138286	0.6519076228141785
LODO	Lee_PRIMM_NL	online_adaptive	20260803	V2A0128	Lee_PRIMM_NL	0	0.48437915848257634	0.5758544206619263
LODO	Lee_PRIMM_NL	online_adaptive	20260803	V2A0129	Lee_PRIMM_NL	1	0.9212729320876011	0.5940147638320923
LODO	Lee_PRIMM_NL	online_adaptive	20260803	V2A0130	Lee_PRIMM_NL	0	0.5533938006624151	0.7354791164398193
LODO	Lee_PRIMM_NL	online_adaptive	20260803	V2A0131	Lee_PRIMM_NL	1	0.4150883803839408	0.6080320477485657
LODO	Lee_PRIMM_NL	online_adaptive	20260803	V2A0132	Lee_PRIMM_NL	0	0.5096585077185277	0.6847482323646545
LODO	Lee_PRIMM_NL	online_adaptive	20260803	V2A0133	Lee_PRIMM_NL	1	0.3621003444353988	0.566387951374054
LODO	Lee_PRIMM_NL	online_adaptive	20260803	V2A0134	Lee_PRIMM_NL	1	0.8840518746457808	0.6803930401802063
LODO	Lee_PRIMM_NL	online_adaptive	20260803	V2A0135	Lee_PRIMM_NL	0	0.16041674611281082	0.6826923489570618
LODO	Lee_PRIMM_NL	online_adaptive	20260803	V2A0136	Lee_PRIMM_NL	0	0.16113306639907335	0.4665714502334595
LODO	Lee_PRIMM_NL	online_adaptive	20260803	V2A0137	Lee_PRIMM_NL	1	0.900610822651752	0.7456350922584534
LODO	Lee_PRIMM_NL	online_adaptive	20260803	V2A0138	Lee_PRIMM_NL	1	0.9093185237657446	0.6541210412979126
LODO	Lee_PRIMM_NL	online_adaptive	20260803	V2A0139	Lee_PRIMM_NL	1	0.45059424269322007	0.6421332359313965
LODO	Lee_PRIMM_NL	online_adaptive	20260803	V2A0140	Lee_PRIMM_NL	0	0.04489817714963975	0.6149663925170898
LODO	Lee_PRIMM_NL	online_adaptive	20260803	V2A0141	Lee_PRIMM_NL	1	0.9576911473957505	0.6573246717453003
LODO	Lee_PRIMM_NL	online_adaptive	20260803	V2A0142	Lee_PRIMM_NL	1	0.5664395580886812	0.6736788153648376
LODO	Lee_PRIMM_NL	online_adaptive	20260803	V2A0143	Lee_PRIMM_NL	1	0.6453475845199593	0.6997024416923523
LODO	Lee_PRIMM_NL	online_adaptive	20260803	V2A0144	Lee_PRIMM_NL	1	0.9805786812758185	0.6605527997016907
LODO	Lee_PRIMM_NL	online_adaptive	20260803	V2A0145	Lee_PRIMM_NL	0	0.47694517282109566	0.52887362241745
LODO	Lee_PRIMM_NL	online_adaptive	20260803	V2A0146	Lee_PRIMM_NL	0	0.9871604695434015	0.7136272192001343
LODO	Lee_PRIMM_NL	online_adaptive	20260803	V2A0147	Lee_PRIMM_NL	0	0.6431951884821107	0.5477555394172668
LODO	Lee_PRIMM_NL	online_adaptive	20260803	V2A0148	Lee_PRIMM_NL	0	0.6384713859021209	0.6862841844558716
LODO	Lee_PRIMM_NL	online_adaptive	20260803	V2A0149	Lee_PRIMM_NL	0	0.8868419447756238	0.6566166877746582
LODO	Lee_PRIMM_NL	online_adaptive	20260803	V2A0150	Lee_PRIMM_NL	1	0.6153758506533911	0.6624430418014526
LODO	Lee_PRIMM_NL	online_adaptive	20260803	V2A0151	Lee_PRIMM_NL	1	0.5219271968385046	0.6777876019477844
LODO	Lee_PRIMM_NL	online_adaptive	20260803	V2A0152	Lee_PRIMM_NL	1	0.9056800385893373	0.6707754731178284
LODO	Lee_PRIMM_NL	online_adaptive	20260803	V2A0153	Lee_PRIMM_NL	0	0.05382388722110921	0.6364130973815918
LODO	Lee_PRIMM_NL	online_adaptive	20260803	V2A0154	Lee_PRIMM_NL	1	0.3033879856052387	0.64410400390625
LODO	Lee_PRIMM_NL	online_adaptive	20260803	V2A0155	Lee_PRIMM_NL	1	0.408509525350454	0.4833768606185913
LODO	Lee_PRIMM_NL	online_adaptive	20260803	V2A0156	Lee_PRIMM_NL	1	0.1884312214290245	0.7046269774436951
LODO	Lee_PRIMM_NL	online_adaptive	20260803	V2A0157	Lee_PRIMM_NL	1	0.17017372734507957	0.5564831495285034
LODO	Lee_PRIMM_NL	online_adaptive	20260803	V2A0158	Lee_PRIMM_NL	0	0.7665618944984359	0.633634090423584
LODO	Lee_PRIMM_NL	online_adaptive	20260803	V2A0159	Lee_PRIMM_NL	1	0.7064649390131781	0.5328527092933655
LODO	Lee_PRIMM_NL	online_adaptive	20260803	V2A0160	Lee_PRIMM_NL	0	0.9537097427048491	0.6860611438751221
LODO	Lee_PRIMM_NL	online_adaptive	20260803	V2A0161	Lee_PRIMM_NL	1	0.09369908332152144	0.6688880324363708
LODO	Lee_PRIMM_NL	online_adaptive	20260803	V2A0162	Lee_PRIMM_NL	1	0.5951107236333885	0.6611066460609436
LODO	Lee_PRIMM_NL	online_adaptive	20260803	V2A0163	Lee_PRIMM_NL	0	0.4810310633844048	0.6495897173881531
LODO	Lee_PRIMM_NL	online_adaptive	20260803	V2A0164	Lee_PRIMM_NL	0	0.07123068906226904	0.6523409485816956
LODO	Lee_PRIMM_NL	online_adaptive	20260803	V2A0165	Lee_PRIMM_NL	1	0.0756428014316899	0.6729418635368347
LODO	Lee_PRIMM_NL	online_adaptive	20260803	V2A0166	Lee_PRIMM_NL	0	0.5215966326260261	0.7080844044685364
LODO	Lee_PRIMM_NL	online_adaptive	20260803	V2A0167	Lee_PRIMM_NL	0	0.28411621201993037	0.6814225912094116
LODO	Lee_PRIMM_NL	online_adaptive	20260803	V2A0168	Lee_PRIMM_NL	1	0.30635501723714165	0.6959491968154907
LODO	Lee_PRIMM_NL	online_adaptive	20260803	V2A0169	Lee_PRIMM_NL	1	0.7196535268321052	0.6062813997268677
LODO	Lee_PRIMM_NL	online_adaptive	20260803	V2A0170	Lee_PRIMM_NL	1	0.3233183070235253	0.677565336227417
LODO	Lee_PRIMM_NL	online_adaptive	20260803	V2A0171	Lee_PRIMM_NL	1	0.5043985594940903	0.6634848117828369
LODO	Lee_PRIMM_NL	online_adaptive	20260803	V2A0172	Lee_PRIMM_NL	1	0.9112643416935869	0.6802882552146912
LODO	Lee_PRIMM_NL	online_adaptive	20260803	V2A0173	Lee_PRIMM_NL	1	0.5249477303885018	0.7038914561271667
LODO	Lee_PRIMM_NL	online_adaptive	20260803	V2A0174	Lee_PRIMM_NL	1	0.9753749430760029	0.5789234638214111
LODO	Lee_PRIMM_NL	online_adaptive	20260804	V2A0120	Lee_PRIMM_NL	1	0.7174152007374325	0.6290731430053711
LODO	Lee_PRIMM_NL	online_adaptive	20260804	V2A0121	Lee_PRIMM_NL	1	0.19727045627036907	0.6528244018554688
LODO	Lee_PRIMM_NL	online_adaptive	20260804	V2A0122	Lee_PRIMM_NL	0	0.2603972540935778	0.5649117827415466
LODO	Lee_PRIMM_NL	online_adaptive	20260804	V2A0123	Lee_PRIMM_NL	1	0.6905108093289384	0.6812132000923157
LODO	Lee_PRIMM_NL	online_adaptive	20260804	V2A0124	Lee_PRIMM_NL	0	0.9568644746914321	0.6246258020401001
LODO	Lee_PRIMM_NL	online_adaptive	20260804	V2A0125	Lee_PRIMM_NL	0	0.7146181788482324	0.6293023824691772
LODO	Lee_PRIMM_NL	online_adaptive	20260804	V2A0126	Lee_PRIMM_NL	1	0.5573282333400502	0.640160322189331
LODO	Lee_PRIMM_NL	online_adaptive	20260804	V2A0127	Lee_PRIMM_NL	0	0.15697553419052437	0.6492416262626648
LODO	Lee_PRIMM_NL	online_adaptive	20260804	V2A0128	Lee_PRIMM_NL	0	0.4788993046442613	0.5765488147735596
LODO	Lee_PRIMM_NL	online_adaptive	20260804	V2A0129	Lee_PRIMM_NL	1	0.9207894983150174	0.5914285778999329
LODO	Lee_PRIMM_NL	online_adaptive	20260804	V2A0130	Lee_PRIMM_NL	0	0.5482969616497116	0.7348160147666931
LODO	Lee_PRIMM_NL	online_adaptive	20260804	V2A0131	Lee_PRIMM_NL	1	0.4261516138576192	0.6060241460800171
LODO	Lee_PRIMM_NL	online_adaptive	20260804	V2A0132	Lee_PRIMM_NL	0	0.4984457765065259	0.6792394518852234
LODO	Lee_PRIMM_NL	online_adaptive	20260804	V2A0133	Lee_PRIMM_NL	1	0.36972411430141267	0.5676237940788269
LODO	Lee_PRIMM_NL	online_adaptive	20260804	V2A0134	Lee_PRIMM_NL	1	0.8859578664846197	0.6798603534698486
LODO	Lee_PRIMM_NL	online_adaptive	20260804	V2A0135	Lee_PRIMM_NL	0	0.15494012761547177	0.675247848033905
LODO	Lee_PRIMM_NL	online_adaptive	20260804	V2A0136	Lee_PRIMM_NL	0	0.15570159694359506	0.48354971408843994
LODO	Lee_PRIMM_NL	online_adaptive	20260804	V2A0137	Lee_PRIMM_NL	1	0.8987090847206235	0.7457035779953003
LODO	Lee_PRIMM_NL	online_adaptive	20260804	V2A0138	Lee_PRIMM_NL	1	0.9030862077451859	0.6463226079940796
LODO	Lee_PRIMM_NL	online_adaptive	20260804	V2A0139	Lee_PRIMM_NL	1	0.440895262511015	0.6369149684906006
LODO	Lee_PRIMM_NL	online_adaptive	20260804	V2A0140	Lee_PRIMM_NL	0	0.04528019508286443	0.6112155318260193
LODO	Lee_PRIMM_NL	online_adaptive	20260804	V2A0141	Lee_PRIMM_NL	1	0.9592453903932565	0.6565653085708618
LODO	Lee_PRIMM_NL	online_adaptive	20260804	V2A0142	Lee_PRIMM_NL	1	0.5497563530484609	0.6731069087982178
LODO	Lee_PRIMM_NL	online_adaptive	20260804	V2A0143	Lee_PRIMM_NL	1	0.6465787838430205	0.6984043121337891
LODO	Lee_PRIMM_NL	online_adaptive	20260804	V2A0144	Lee_PRIMM_NL	1	0.9793571247992117	0.6587772965431213
LODO	Lee_PRIMM_NL	online_adaptive	20260804	V2A0145	Lee_PRIMM_NL	0	0.48268805377313345	0.5357183218002319
LODO	Lee_PRIMM_NL	online_adaptive	20260804	V2A0146	Lee_PRIMM_NL	0	0.9874787552372177	0.7158790826797485
LODO	Lee_PRIMM_NL	online_adaptive	20260804	V2A0147	Lee_PRIMM_NL	0	0.6320440560258209	0.5434228777885437
LODO	Lee_PRIMM_NL	online_adaptive	20260804	V2A0148	Lee_PRIMM_NL	0	0.6412072666813374	0.6814382076263428
LODO	Lee_PRIMM_NL	online_adaptive	20260804	V2A0149	Lee_PRIMM_NL	0	0.8857008088113332	0.6523536443710327
LODO	Lee_PRIMM_NL	online_adaptive	20260804	V2A0150	Lee_PRIMM_NL	1	0.6147676753848491	0.6563315987586975
LODO	Lee_PRIMM_NL	online_adaptive	20260804	V2A0151	Lee_PRIMM_NL	1	0.511512185478467	0.675888180732727
LODO	Lee_PRIMM_NL	online_adaptive	20260804	V2A0152	Lee_PRIMM_NL	1	0.9143159258937834	0.6690922379493713
LODO	Lee_PRIMM_NL	online_adaptive	20260804	V2A0153	Lee_PRIMM_NL	0	0.05221735667486881	0.6395297646522522
LODO	Lee_PRIMM_NL	online_adaptive	20260804	V2A0154	Lee_PRIMM_NL	1	0.3045002234014663	0.643132746219635
LODO	Lee_PRIMM_NL	online_adaptive	20260804	V2A0155	Lee_PRIMM_NL	1	0.41505673484074485	0.48509129881858826
LODO	Lee_PRIMM_NL	online_adaptive	20260804	V2A0156	Lee_PRIMM_NL	1	0.17869264397668344	0.6989333629608154
LODO	Lee_PRIMM_NL	online_adaptive	20260804	V2A0157	Lee_PRIMM_NL	1	0.1638868844463093	0.5501179695129395
LODO	Lee_PRIMM_NL	online_adaptive	20260804	V2A0158	Lee_PRIMM_NL	0	0.7555561932690965	0.6279116868972778
LODO	Lee_PRIMM_NL	online_adaptive	20260804	V2A0159	Lee_PRIMM_NL	1	0.7191660412119231	0.5215399861335754
LODO	Lee_PRIMM_NL	online_adaptive	20260804	V2A0160	Lee_PRIMM_NL	0	0.951686694990522	0.6833557486534119
LODO	Lee_PRIMM_NL	online_adaptive	20260804	V2A0161	Lee_PRIMM_NL	1	0.09841446686163798	0.6646666526794434
LODO	Lee_PRIMM_NL	online_adaptive	20260804	V2A0162	Lee_PRIMM_NL	1	0.5914210956473261	0.6631341576576233
LODO	Lee_PRIMM_NL	online_adaptive	20260804	V2A0163	Lee_PRIMM_NL	0	0.4717544987575039	0.6538224816322327
LODO	Lee_PRIMM_NL	online_adaptive	20260804	V2A0164	Lee_PRIMM_NL	0	0.07356084208665237	0.648865282535553
LODO	Lee_PRIMM_NL	online_adaptive	20260804	V2A0165	Lee_PRIMM_NL	1	0.07068012298386936	0.6668967604637146
LODO	Lee_PRIMM_NL	online_adaptive	20260804	V2A0166	Lee_PRIMM_NL	0	0.5343198224868067	0.6994594931602478
LODO	Lee_PRIMM_NL	online_adaptive	20260804	V2A0167	Lee_PRIMM_NL	0	0.2859869615196315	0.6837881803512573
LODO	Lee_PRIMM_NL	online_adaptive	20260804	V2A0168	Lee_PRIMM_NL	1	0.2946297481204917	0.6851732134819031
LODO	Lee_PRIMM_NL	online_adaptive	20260804	V2A0169	Lee_PRIMM_NL	1	0.731031218600936	0.6038888692855835
LODO	Lee_PRIMM_NL	online_adaptive	20260804	V2A0170	Lee_PRIMM_NL	1	0.3042541202345695	0.671934187412262
LODO	Lee_PRIMM_NL	online_adaptive	20260804	V2A0171	Lee_PRIMM_NL	1	0.49312932927451425	0.6529960632324219
LODO	Lee_PRIMM_NL	online_adaptive	20260804	V2A0172	Lee_PRIMM_NL	1	0.9142193562600669	0.6763139963150024
LODO	Lee_PRIMM_NL	online_adaptive	20260804	V2A0173	Lee_PRIMM_NL	1	0.5134204713346129	0.6999626159667969
LODO	Lee_PRIMM_NL	online_adaptive	20260804	V2A0174	Lee_PRIMM_NL	1	0.9753674892169939	0.5782474875450134
LODO	Lee_PRIMM_NL	online_adaptive	20260805	V2A0120	Lee_PRIMM_NL	1	0.716226303416294	0.6294313073158264
LODO	Lee_PRIMM_NL	online_adaptive	20260805	V2A0121	Lee_PRIMM_NL	1	0.19025021163971664	0.6551055312156677
LODO	Lee_PRIMM_NL	online_adaptive	20260805	V2A0122	Lee_PRIMM_NL	0	0.2752009617080484	0.563973605632782
LODO	Lee_PRIMM_NL	online_adaptive	20260805	V2A0123	Lee_PRIMM_NL	1	0.6950699915695874	0.6857479810714722
LODO	Lee_PRIMM_NL	online_adaptive	20260805	V2A0124	Lee_PRIMM_NL	0	0.9577561171290795	0.6212111711502075
LODO	Lee_PRIMM_NL	online_adaptive	20260805	V2A0125	Lee_PRIMM_NL	0	0.7265382062693176	0.6308136582374573
LODO	Lee_PRIMM_NL	online_adaptive	20260805	V2A0126	Lee_PRIMM_NL	1	0.5603699534575104	0.6399727463722229
LODO	Lee_PRIMM_NL	online_adaptive	20260805	V2A0127	Lee_PRIMM_NL	0	0.15281978902004015	0.6495373845100403
LODO	Lee_PRIMM_NL	online_adaptive	20260805	V2A0128	Lee_PRIMM_NL	0	0.48758234977913567	0.5715571045875549
LODO	Lee_PRIMM_NL	online_adaptive	20260805	V2A0129	Lee_PRIMM_NL	1	0.9201501496999922	0.5924779772758484
LODO	Lee_PRIMM_NL	online_adaptive	20260805	V2A0130	Lee_PRIMM_NL	0	0.542524839975045	0.7358033657073975
LODO	Lee_PRIMM_NL	online_adaptive	20260805	V2A0131	Lee_PRIMM_NL	1	0.40808246589831604	0.6049137115478516
LODO	Lee_PRIMM_NL	online_adaptive	20260805	V2A0132	Lee_PRIMM_NL	0	0.5024912064522329	0.6799445152282715
LODO	Lee_PRIMM_NL	online_adaptive	20260805	V2A0133	Lee_PRIMM_NL	1	0.3672529878573145	0.5683261156082153
LODO	Lee_PRIMM_NL	online_adaptive	20260805	V2A0134	Lee_PRIMM_NL	1	0.8877845677247389	0.6798101663589478
LODO	Lee_PRIMM_NL	online_adaptive	20260805	V2A0135	Lee_PRIMM_NL	0	0.1556339894325744	0.6770042777061462
LODO	Lee_PRIMM_NL	online_adaptive	20260805	V2A0136	Lee_PRIMM_NL	0	0.15832567643999423	0.47583043575286865
LODO	Lee_PRIMM_NL	online_adaptive	20260805	V2A0137	Lee_PRIMM_NL	1	0.8972465670840888	0.7481068968772888
LODO	Lee_PRIMM_NL	online_adaptive	20260805	V2A0138	Lee_PRIMM_NL	1	0.9074819693821785	0.6522365212440491
LODO	Lee_PRIMM_NL	online_adaptive	20260805	V2A0139	Lee_PRIMM_NL	1	0.450772351836787	0.6368822455406189
LODO	Lee_PRIMM_NL	online_adaptive	20260805	V2A0140	Lee_PRIMM_NL	0	0.041295581156700144	0.6141373515129089
LODO	Lee_PRIMM_NL	online_adaptive	20260805	V2A0141	Lee_PRIMM_NL	1	0.9594210751572713	0.657005786895752
LODO	Lee_PRIMM_NL	online_adaptive	20260805	V2A0142	Lee_PRIMM_NL	1	0.5577215238120782	0.6766491532325745
LODO	Lee_PRIMM_NL	online_adaptive	20260805	V2A0143	Lee_PRIMM_NL	1	0.6296381976945825	0.6983276605606079
LODO	Lee_PRIMM_NL	online_adaptive	20260805	V2A0144	Lee_PRIMM_NL	1	0.9799333591426147	0.6597390174865723
LODO	Lee_PRIMM_NL	online_adaptive	20260805	V2A0145	Lee_PRIMM_NL	0	0.4957744248873831	0.5309566259384155
LODO	Lee_PRIMM_NL	online_adaptive	20260805	V2A0146	Lee_PRIMM_NL	0	0.98641744679094	0.7125827670097351
LODO	Lee_PRIMM_NL	online_adaptive	20260805	V2A0147	Lee_PRIMM_NL	0	0.627745207557586	0.547370195388794
LODO	Lee_PRIMM_NL	online_adaptive	20260805	V2A0148	Lee_PRIMM_NL	0	0.6374914414905023	0.6829642653465271
LODO	Lee_PRIMM_NL	online_adaptive	20260805	V2A0149	Lee_PRIMM_NL	0	0.8952384417408211	0.6499848365783691
LODO	Lee_PRIMM_NL	online_adaptive	20260805	V2A0150	Lee_PRIMM_NL	1	0.6168539200018387	0.6517418026924133
LODO	Lee_PRIMM_NL	online_adaptive	20260805	V2A0151	Lee_PRIMM_NL	1	0.5012740361362155	0.6713021397590637
LODO	Lee_PRIMM_NL	online_adaptive	20260805	V2A0152	Lee_PRIMM_NL	1	0.912207165598445	0.6672496795654297
LODO	Lee_PRIMM_NL	online_adaptive	20260805	V2A0153	Lee_PRIMM_NL	0	0.0491125156208405	0.630917489528656
LODO	Lee_PRIMM_NL	online_adaptive	20260805	V2A0154	Lee_PRIMM_NL	1	0.2979547865624687	0.6421188116073608
LODO	Lee_PRIMM_NL	online_adaptive	20260805	V2A0155	Lee_PRIMM_NL	1	0.4150893507223707	0.4815611243247986
LODO	Lee_PRIMM_NL	online_adaptive	20260805	V2A0156	Lee_PRIMM_NL	1	0.18618867856838892	0.7014360427856445
LODO	Lee_PRIMM_NL	online_adaptive	20260805	V2A0157	Lee_PRIMM_NL	1	0.16977314805434504	0.5544978976249695
LODO	Lee_PRIMM_NL	online_adaptive	20260805	V2A0158	Lee_PRIMM_NL	0	0.7615949993317567	0.6285498142242432
LODO	Lee_PRIMM_NL	online_adaptive	20260805	V2A0159	Lee_PRIMM_NL	1	0.7065983079439122	0.5253305435180664
LODO	Lee_PRIMM_NL	online_adaptive	20260805	V2A0160	Lee_PRIMM_NL	0	0.9533028475416289	0.6819458603858948
LODO	Lee_PRIMM_NL	online_adaptive	20260805	V2A0161	Lee_PRIMM_NL	1	0.09874863129817761	0.6615008115768433
LODO	Lee_PRIMM_NL	online_adaptive	20260805	V2A0162	Lee_PRIMM_NL	1	0.5927136598630505	0.6601821184158325
LODO	Lee_PRIMM_NL	online_adaptive	20260805	V2A0163	Lee_PRIMM_NL	0	0.4810877828554143	0.6484445333480835
LODO	Lee_PRIMM_NL	online_adaptive	20260805	V2A0164	Lee_PRIMM_NL	0	0.07510120787556884	0.6474288105964661
LODO	Lee_PRIMM_NL	online_adaptive	20260805	V2A0165	Lee_PRIMM_NL	1	0.07525997229694983	0.6643396019935608
LODO	Lee_PRIMM_NL	online_adaptive	20260805	V2A0166	Lee_PRIMM_NL	0	0.5196220099738916	0.7037287354469299
LODO	Lee_PRIMM_NL	online_adaptive	20260805	V2A0167	Lee_PRIMM_NL	0	0.2871888845517795	0.6836118698120117
LODO	Lee_PRIMM_NL	online_adaptive	20260805	V2A0168	Lee_PRIMM_NL	1	0.3149716153790081	0.6872687935829163
LODO	Lee_PRIMM_NL	online_adaptive	20260805	V2A0169	Lee_PRIMM_NL	1	0.7331227805132164	0.6023834347724915
LODO	Lee_PRIMM_NL	online_adaptive	20260805	V2A0170	Lee_PRIMM_NL	1	0.30082319968285115	0.6758471131324768
LODO	Lee_PRIMM_NL	online_adaptive	20260805	V2A0171	Lee_PRIMM_NL	1	0.5107741501239196	0.6575602293014526
LODO	Lee_PRIMM_NL	online_adaptive	20260805	V2A0172	Lee_PRIMM_NL	1	0.9112030284619284	0.6760196089744568
LODO	Lee_PRIMM_NL	online_adaptive	20260805	V2A0173	Lee_PRIMM_NL	1	0.522151620672731	0.6978437900543213
LODO	Lee_PRIMM_NL	online_adaptive	20260805	V2A0174	Lee_PRIMM_NL	1	0.9742284221605222	0.5790165066719055
LODO	Lee_PRIMM_NL	online_adaptive	20260806	V2A0120	Lee_PRIMM_NL	1	0.7306922023519742	0.6312114000320435
LODO	Lee_PRIMM_NL	online_adaptive	20260806	V2A0121	Lee_PRIMM_NL	1	0.19575948051872022	0.6514682769775391
LODO	Lee_PRIMM_NL	online_adaptive	20260806	V2A0122	Lee_PRIMM_NL	0	0.25835410920584373	0.5684342980384827
LODO	Lee_PRIMM_NL	online_adaptive	20260806	V2A0123	Lee_PRIMM_NL	1	0.681522085886478	0.6873698830604553
LODO	Lee_PRIMM_NL	online_adaptive	20260806	V2A0124	Lee_PRIMM_NL	0	0.9595787587507335	0.6237574219703674
LODO	Lee_PRIMM_NL	online_adaptive	20260806	V2A0125	Lee_PRIMM_NL	0	0.715089589869733	0.6261512637138367
LODO	Lee_PRIMM_NL	online_adaptive	20260806	V2A0126	Lee_PRIMM_NL	1	0.5692756317493023	0.6400514245033264
LODO	Lee_PRIMM_NL	online_adaptive	20260806	V2A0127	Lee_PRIMM_NL	0	0.1611145415384762	0.6436522603034973
LODO	Lee_PRIMM_NL	online_adaptive	20260806	V2A0128	Lee_PRIMM_NL	0	0.4899182074935029	0.5764623880386353
LODO	Lee_PRIMM_NL	online_adaptive	20260806	V2A0129	Lee_PRIMM_NL	1	0.920451775365596	0.5887458324432373
LODO	Lee_PRIMM_NL	online_adaptive	20260806	V2A0130	Lee_PRIMM_NL	0	0.5597574029593259	0.7377277612686157
LODO	Lee_PRIMM_NL	online_adaptive	20260806	V2A0131	Lee_PRIMM_NL	1	0.43574220324756424	0.606248676776886
LODO	Lee_PRIMM_NL	online_adaptive	20260806	V2A0132	Lee_PRIMM_NL	0	0.5071525005832785	0.6833012104034424
LODO	Lee_PRIMM_NL	online_adaptive	20260806	V2A0133	Lee_PRIMM_NL	1	0.37626755976974874	0.5690719485282898
LODO	Lee_PRIMM_NL	online_adaptive	20260806	V2A0134	Lee_PRIMM_NL	1	0.8896776685567787	0.6815365552902222
LODO	Lee_PRIMM_NL	online_adaptive	20260806	V2A0135	Lee_PRIMM_NL	0	0.15521871583727415	0.6777268052101135
LODO	Lee_PRIMM_NL	online_adaptive	20260806	V2A0136	Lee_PRIMM_NL	0	0.15207218070466325	0.47243309020996094
LODO	Lee_PRIMM_NL	online_adaptive	20260806	V2A0137	Lee_PRIMM_NL	1	0.9018994873314728	0.7508126497268677
LODO	Lee_PRIMM_NL	online_adaptive	20260806	V2A0138	Lee_PRIMM_NL	1	0.908957111153253	0.6509763598442078
LODO	Lee_PRIMM_NL	online_adaptive	20260806	V2A0139	Lee_PRIMM_NL	1	0.45794594240877956	0.6354857683181763
LODO	Lee_PRIMM_NL	online_adaptive	20260806	V2A0140	Lee_PRIMM_NL	0	0.049082955657546216	0.614385724067688
LODO	Lee_PRIMM_NL	online_adaptive	20260806	V2A0141	Lee_PRIMM_NL	1	0.9602891916618032	0.6552872657775879
LODO	Lee_PRIMM_NL	online_adaptive	20260806	V2A0142	Lee_PRIMM_NL	1	0.5529288215095262	0.6777493953704834
LODO	Lee_PRIMM_NL	online_adaptive	20260806	V2A0143	Lee_PRIMM_NL	1	0.6534707561732469	0.699112057685852
LODO	Lee_PRIMM_NL	online_adaptive	20260806	V2A0144	Lee_PRIMM_NL	1	0.9806812389352223	0.6562955975532532
LODO	Lee_PRIMM_NL	online_adaptive	20260806	V2A0145	Lee_PRIMM_NL	0	0.478949009794872	0.532977283000946
LODO	Lee_PRIMM_NL	online_adaptive	20260806	V2A0146	Lee_PRIMM_NL	0	0.9870188701075534	0.7156860828399658
LODO	Lee_PRIMM_NL	online_adaptive	20260806	V2A0147	Lee_PRIMM_NL	0	0.6364262759197058	0.543454647064209
LODO	Lee_PRIMM_NL	online_adaptive	20260806	V2A0148	Lee_PRIMM_NL	0	0.6591768448903483	0.683469831943512
LODO	Lee_PRIMM_NL	online_adaptive	20260806	V2A0149	Lee_PRIMM_NL	0	0.8820544731899372	0.6509302258491516
LODO	Lee_PRIMM_NL	online_adaptive	20260806	V2A0150	Lee_PRIMM_NL	1	0.6119959797507873	0.6594351530075073
LODO	Lee_PRIMM_NL	online_adaptive	20260806	V2A0151	Lee_PRIMM_NL	1	0.5246751700098362	0.6673126816749573
LODO	Lee_PRIMM_NL	online_adaptive	20260806	V2A0152	Lee_PRIMM_NL	1	0.912967109829987	0.6706179976463318
LODO	Lee_PRIMM_NL	online_adaptive	20260806	V2A0153	Lee_PRIMM_NL	0	0.05012879791672285	0.6323673725128174
LODO	Lee_PRIMM_NL	online_adaptive	20260806	V2A0154	Lee_PRIMM_NL	1	0.3151477359037717	0.6423404812812805
LODO	Lee_PRIMM_NL	online_adaptive	20260806	V2A0155	Lee_PRIMM_NL	1	0.4194728764113836	0.4797409772872925
LODO	Lee_PRIMM_NL	online_adaptive	20260806	V2A0156	Lee_PRIMM_NL	1	0.1822910804617188	0.7059429883956909
LODO	Lee_PRIMM_NL	online_adaptive	20260806	V2A0157	Lee_PRIMM_NL	1	0.16420259446357263	0.5531966686248779
LODO	Lee_PRIMM_NL	online_adaptive	20260806	V2A0158	Lee_PRIMM_NL	0	0.7587651445846956	0.6278737187385559
LODO	Lee_PRIMM_NL	online_adaptive	20260806	V2A0159	Lee_PRIMM_NL	1	0.72062277541401	0.5253229141235352
LODO	Lee_PRIMM_NL	online_adaptive	20260806	V2A0160	Lee_PRIMM_NL	0	0.9511471898476934	0.6856582164764404
LODO	Lee_PRIMM_NL	online_adaptive	20260806	V2A0161	Lee_PRIMM_NL	1	0.09588248038960777	0.6678765416145325
LODO	Lee_PRIMM_NL	online_adaptive	20260806	V2A0162	Lee_PRIMM_NL	1	0.582615440617055	0.6635788679122925
LODO	Lee_PRIMM_NL	online_adaptive	20260806	V2A0163	Lee_PRIMM_NL	0	0.4814670202534883	0.6535977125167847
LODO	Lee_PRIMM_NL	online_adaptive	20260806	V2A0164	Lee_PRIMM_NL	0	0.07279504223058157	0.6490455269813538
LODO	Lee_PRIMM_NL	online_adaptive	20260806	V2A0165	Lee_PRIMM_NL	1	0.07489021590061194	0.662996768951416
LODO	Lee_PRIMM_NL	online_adaptive	20260806	V2A0166	Lee_PRIMM_NL	0	0.5509987185305862	0.7027595639228821
LODO	Lee_PRIMM_NL	online_adaptive	20260806	V2A0167	Lee_PRIMM_NL	0	0.2870272975377654	0.6858404874801636
LODO	Lee_PRIMM_NL	online_adaptive	20260806	V2A0168	Lee_PRIMM_NL	1	0.2930894414667726	0.6896654963493347
LODO	Lee_PRIMM_NL	online_adaptive	20260806	V2A0169	Lee_PRIMM_NL	1	0.7254003171007707	0.6056709289550781
LODO	Lee_PRIMM_NL	online_adaptive	20260806	V2A0170	Lee_PRIMM_NL	1	0.3093160424447847	0.6729279160499573
LODO	Lee_PRIMM_NL	online_adaptive	20260806	V2A0171	Lee_PRIMM_NL	1	0.48938345884846796	0.6577069759368896
LODO	Lee_PRIMM_NL	online_adaptive	20260806	V2A0172	Lee_PRIMM_NL	1	0.9166537764479733	0.676848828792572
LODO	Lee_PRIMM_NL	online_adaptive	20260806	V2A0173	Lee_PRIMM_NL	1	0.5272120495366761	0.7027462124824524
LODO	Lee_PRIMM_NL	online_adaptive	20260806	V2A0174	Lee_PRIMM_NL	1	0.9761875226981193	0.5779721736907959
LODO	Lee_PRIMM_NL	standard_transductive	20260802	V2A0120	Lee_PRIMM_NL	1	0.6727899132189921	0.6388172507286072
LODO	Lee_PRIMM_NL	standard_transductive	20260802	V2A0121	Lee_PRIMM_NL	1	0.16503242966970955	0.6850081086158752
LODO	Lee_PRIMM_NL	standard_transductive	20260802	V2A0122	Lee_PRIMM_NL	0	0.26556755533798543	0.5047280788421631
LODO	Lee_PRIMM_NL	standard_transductive	20260802	V2A0123	Lee_PRIMM_NL	1	0.6947090879133818	0.723849892616272
LODO	Lee_PRIMM_NL	standard_transductive	20260802	V2A0124	Lee_PRIMM_NL	0	0.8982957122557488	0.6115427017211914
LODO	Lee_PRIMM_NL	standard_transductive	20260802	V2A0125	Lee_PRIMM_NL	0	0.6914500888918654	0.6673718690872192
LODO	Lee_PRIMM_NL	standard_transductive	20260802	V2A0126	Lee_PRIMM_NL	1	0.5462354432233405	0.657921552658081
LODO	Lee_PRIMM_NL	standard_transductive	20260802	V2A0127	Lee_PRIMM_NL	0	0.14684678905196813	0.670319676399231
LODO	Lee_PRIMM_NL	standard_transductive	20260802	V2A0128	Lee_PRIMM_NL	0	0.49323189377237614	0.4050837755203247
LODO	Lee_PRIMM_NL	standard_transductive	20260802	V2A0129	Lee_PRIMM_NL	1	0.9079329616676706	0.5895487666130066
LODO	Lee_PRIMM_NL	standard_transductive	20260802	V2A0130	Lee_PRIMM_NL	0	0.5489473996242787	0.7597684264183044
LODO	Lee_PRIMM_NL	standard_transductive	20260802	V2A0131	Lee_PRIMM_NL	1	0.31160280808778185	0.6168653964996338
LODO	Lee_PRIMM_NL	standard_transductive	20260802	V2A0132	Lee_PRIMM_NL	0	0.5136660983613838	0.6591581702232361
LODO	Lee_PRIMM_NL	standard_transductive	20260802	V2A0133	Lee_PRIMM_NL	1	0.3672706997888946	0.5647844672203064
LODO	Lee_PRIMM_NL	standard_transductive	20260802	V2A0134	Lee_PRIMM_NL	1	0.8435123762701396	0.6692849397659302
LODO	Lee_PRIMM_NL	standard_transductive	20260802	V2A0135	Lee_PRIMM_NL	0	0.12991671411705114	0.7042929530143738
LODO	Lee_PRIMM_NL	standard_transductive	20260802	V2A0136	Lee_PRIMM_NL	0	0.19965011058261423	0.4811580181121826
LODO	Lee_PRIMM_NL	standard_transductive	20260802	V2A0137	Lee_PRIMM_NL	1	0.8885046984067408	0.7732596397399902
LODO	Lee_PRIMM_NL	standard_transductive	20260802	V2A0138	Lee_PRIMM_NL	1	0.8482640898731213	0.620876133441925
LODO	Lee_PRIMM_NL	standard_transductive	20260802	V2A0139	Lee_PRIMM_NL	1	0.4733020400603273	0.6140475273132324
LODO	Lee_PRIMM_NL	standard_transductive	20260802	V2A0140	Lee_PRIMM_NL	0	0.2069313400904034	0.6355943083763123
LODO	Lee_PRIMM_NL	standard_transductive	20260802	V2A0141	Lee_PRIMM_NL	1	0.9171107222580239	0.7448363304138184
LODO	Lee_PRIMM_NL	standard_transductive	20260802	V2A0142	Lee_PRIMM_NL	1	0.49949032269986665	0.7297455668449402
LODO	Lee_PRIMM_NL	standard_transductive	20260802	V2A0143	Lee_PRIMM_NL	1	0.6563716440893491	0.7085338234901428
LODO	Lee_PRIMM_NL	standard_transductive	20260802	V2A0144	Lee_PRIMM_NL	1	0.9718249334136533	0.6660069823265076
LODO	Lee_PRIMM_NL	standard_transductive	20260802	V2A0145	Lee_PRIMM_NL	0	0.5033130099078833	0.46630680561065674
LODO	Lee_PRIMM_NL	standard_transductive	20260802	V2A0146	Lee_PRIMM_NL	0	0.9766417290362628	0.7037995457649231
LODO	Lee_PRIMM_NL	standard_transductive	20260802	V2A0147	Lee_PRIMM_NL	0	0.5248120748312664	0.4754157066345215
LODO	Lee_PRIMM_NL	standard_transductive	20260802	V2A0148	Lee_PRIMM_NL	0	0.5347491199503044	0.6139792203903198
LODO	Lee_PRIMM_NL	standard_transductive	20260802	V2A0149	Lee_PRIMM_NL	0	0.8225565531473115	0.5830544829368591
LODO	Lee_PRIMM_NL	standard_transductive	20260802	V2A0150	Lee_PRIMM_NL	1	0.6368315831787614	0.5271561145782471
LODO	Lee_PRIMM_NL	standard_transductive	20260802	V2A0151	Lee_PRIMM_NL	1	0.4613035683384787	0.6282448768615723
LODO	Lee_PRIMM_NL	standard_transductive	20260802	V2A0152	Lee_PRIMM_NL	1	0.8627437438180712	0.6511525511741638
LODO	Lee_PRIMM_NL	standard_transductive	20260802	V2A0153	Lee_PRIMM_NL	0	0.11772638376119754	0.6465960144996643
LODO	Lee_PRIMM_NL	standard_transductive	20260802	V2A0154	Lee_PRIMM_NL	1	0.6475209093447412	0.6287841200828552
LODO	Lee_PRIMM_NL	standard_transductive	20260802	V2A0155	Lee_PRIMM_NL	1	0.4775948202008828	0.5789530873298645
LODO	Lee_PRIMM_NL	standard_transductive	20260802	V2A0156	Lee_PRIMM_NL	1	0.296920376874113	0.730474054813385
LODO	Lee_PRIMM_NL	standard_transductive	20260802	V2A0157	Lee_PRIMM_NL	1	0.13320378214435843	0.47466763854026794
LODO	Lee_PRIMM_NL	standard_transductive	20260802	V2A0158	Lee_PRIMM_NL	0	0.6372738398787297	0.6304948329925537
LODO	Lee_PRIMM_NL	standard_transductive	20260802	V2A0159	Lee_PRIMM_NL	1	0.6707912396988774	0.5628970265388489
LODO	Lee_PRIMM_NL	standard_transductive	20260802	V2A0160	Lee_PRIMM_NL	0	0.9268161938765851	0.6714054346084595
LODO	Lee_PRIMM_NL	standard_transductive	20260802	V2A0161	Lee_PRIMM_NL	1	0.13040266081160665	0.6609057188034058
LODO	Lee_PRIMM_NL	standard_transductive	20260802	V2A0162	Lee_PRIMM_NL	1	0.5157587256800844	0.6125532984733582
LODO	Lee_PRIMM_NL	standard_transductive	20260802	V2A0163	Lee_PRIMM_NL	0	0.46185879242951017	0.6793312430381775
LODO	Lee_PRIMM_NL	standard_transductive	20260802	V2A0164	Lee_PRIMM_NL	0	0.11013161938978207	0.6550270915031433
LODO	Lee_PRIMM_NL	standard_transductive	20260802	V2A0165	Lee_PRIMM_NL	1	0.07645704050881495	0.6629209518432617
LODO	Lee_PRIMM_NL	standard_transductive	20260802	V2A0166	Lee_PRIMM_NL	0	0.4801472227188189	0.6613234281539917
LODO	Lee_PRIMM_NL	standard_transductive	20260802	V2A0167	Lee_PRIMM_NL	0	0.36491263701389337	0.6603872179985046
LODO	Lee_PRIMM_NL	standard_transductive	20260802	V2A0168	Lee_PRIMM_NL	1	0.2363862747753776	0.6537870168685913
LODO	Lee_PRIMM_NL	standard_transductive	20260802	V2A0169	Lee_PRIMM_NL	1	0.6224222897408277	0.6090714931488037
LODO	Lee_PRIMM_NL	standard_transductive	20260802	V2A0170	Lee_PRIMM_NL	1	0.2316431925759949	0.6917427778244019
LODO	Lee_PRIMM_NL	standard_transductive	20260802	V2A0171	Lee_PRIMM_NL	1	0.5768523896108715	0.6329809427261353
LODO	Lee_PRIMM_NL	standard_transductive	20260802	V2A0172	Lee_PRIMM_NL	1	0.8692314751119785	0.6496683955192566
LODO	Lee_PRIMM_NL	standard_transductive	20260802	V2A0173	Lee_PRIMM_NL	1	0.5166459657874328	0.6696091890335083
LODO	Lee_PRIMM_NL	standard_transductive	20260802	V2A0174	Lee_PRIMM_NL	1	0.9585143787549216	0.6659011840820312
LODO	Lee_PRIMM_NL	standard_transductive	20260803	V2A0120	Lee_PRIMM_NL	1	0.6681957854915808	0.6515158414840698
LODO	Lee_PRIMM_NL	standard_transductive	20260803	V2A0121	Lee_PRIMM_NL	1	0.16530780572882364	0.6978720426559448
LODO	Lee_PRIMM_NL	standard_transductive	20260803	V2A0122	Lee_PRIMM_NL	0	0.2617915776771836	0.5217427015304565
LODO	Lee_PRIMM_NL	standard_transductive	20260803	V2A0123	Lee_PRIMM_NL	1	0.6951801540813858	0.7358495593070984
LODO	Lee_PRIMM_NL	standard_transductive	20260803	V2A0124	Lee_PRIMM_NL	0	0.8972052399338396	0.6196650266647339
LODO	Lee_PRIMM_NL	standard_transductive	20260803	V2A0125	Lee_PRIMM_NL	0	0.6910464860884618	0.6847538352012634
LODO	Lee_PRIMM_NL	standard_transductive	20260803	V2A0126	Lee_PRIMM_NL	1	0.5466903293050406	0.6715028285980225
LODO	Lee_PRIMM_NL	standard_transductive	20260803	V2A0127	Lee_PRIMM_NL	0	0.1451865293188163	0.6819374561309814
LODO	Lee_PRIMM_NL	standard_transductive	20260803	V2A0128	Lee_PRIMM_NL	0	0.4839103083318542	0.41694819927215576
LODO	Lee_PRIMM_NL	standard_transductive	20260803	V2A0129	Lee_PRIMM_NL	1	0.904433206527585	0.6050980091094971
LODO	Lee_PRIMM_NL	standard_transductive	20260803	V2A0130	Lee_PRIMM_NL	0	0.545960795103074	0.7624661326408386
LODO	Lee_PRIMM_NL	standard_transductive	20260803	V2A0131	Lee_PRIMM_NL	1	0.30618350686645507	0.6326253414154053
LODO	Lee_PRIMM_NL	standard_transductive	20260803	V2A0132	Lee_PRIMM_NL	0	0.5120548919451637	0.6640211939811707
LODO	Lee_PRIMM_NL	standard_transductive	20260803	V2A0133	Lee_PRIMM_NL	1	0.35263745305685973	0.5675072073936462
LODO	Lee_PRIMM_NL	standard_transductive	20260803	V2A0134	Lee_PRIMM_NL	1	0.841074825034579	0.6810991764068604
LODO	Lee_PRIMM_NL	standard_transductive	20260803	V2A0135	Lee_PRIMM_NL	0	0.1315232518001527	0.7123706936836243
LODO	Lee_PRIMM_NL	standard_transductive	20260803	V2A0136	Lee_PRIMM_NL	0	0.2019652410668943	0.492207407951355
LODO	Lee_PRIMM_NL	standard_transductive	20260803	V2A0137	Lee_PRIMM_NL	1	0.8878601469995656	0.7774547934532166
LODO	Lee_PRIMM_NL	standard_transductive	20260803	V2A0138	Lee_PRIMM_NL	1	0.850169382089375	0.6396046280860901
LODO	Lee_PRIMM_NL	standard_transductive	20260803	V2A0139	Lee_PRIMM_NL	1	0.4696847852895879	0.6306712627410889
LODO	Lee_PRIMM_NL	standard_transductive	20260803	V2A0140	Lee_PRIMM_NL	0	0.20131107501856071	0.645972728729248
LODO	Lee_PRIMM_NL	standard_transductive	20260803	V2A0141	Lee_PRIMM_NL	1	0.9176253085952257	0.7593186497688293
LODO	Lee_PRIMM_NL	standard_transductive	20260803	V2A0142	Lee_PRIMM_NL	1	0.5031529545688653	0.7438305616378784
LODO	Lee_PRIMM_NL	standard_transductive	20260803	V2A0143	Lee_PRIMM_NL	1	0.6552015447995357	0.7175173163414001
LODO	Lee_PRIMM_NL	standard_transductive	20260803	V2A0144	Lee_PRIMM_NL	1	0.9714551396039142	0.6814055442810059
LODO	Lee_PRIMM_NL	standard_transductive	20260803	V2A0145	Lee_PRIMM_NL	0	0.4891105189891571	0.4795483648777008
LODO	Lee_PRIMM_NL	standard_transductive	20260803	V2A0146	Lee_PRIMM_NL	0	0.9770964531654929	0.7156363725662231
LODO	Lee_PRIMM_NL	standard_transductive	20260803	V2A0147	Lee_PRIMM_NL	0	0.5347748046504613	0.4912237823009491
LODO	Lee_PRIMM_NL	standard_transductive	20260803	V2A0148	Lee_PRIMM_NL	0	0.5317576026419704	0.6257115602493286
LODO	Lee_PRIMM_NL	standard_transductive	20260803	V2A0149	Lee_PRIMM_NL	0	0.8158577991131364	0.6006873846054077
LODO	Lee_PRIMM_NL	standard_transductive	20260803	V2A0150	Lee_PRIMM_NL	1	0.6391706620906887	0.5398276448249817
LODO	Lee_PRIMM_NL	standard_transductive	20260803	V2A0151	Lee_PRIMM_NL	1	0.46395031517079294	0.6438738703727722
LODO	Lee_PRIMM_NL	standard_transductive	20260803	V2A0152	Lee_PRIMM_NL	1	0.8596274740223532	0.6632981896400452
LODO	Lee_PRIMM_NL	standard_transductive	20260803	V2A0153	Lee_PRIMM_NL	0	0.12346099183543079	0.6599023938179016
LODO	Lee_PRIMM_NL	standard_transductive	20260803	V2A0154	Lee_PRIMM_NL	1	0.6331863056494753	0.6432264447212219
LODO	Lee_PRIMM_NL	standard_transductive	20260803	V2A0155	Lee_PRIMM_NL	1	0.4705343917272236	0.591921865940094
LODO	Lee_PRIMM_NL	standard_transductive	20260803	V2A0156	Lee_PRIMM_NL	1	0.2948541931523585	0.7402783632278442
LODO	Lee_PRIMM_NL	standard_transductive	20260803	V2A0157	Lee_PRIMM_NL	1	0.13013554190560922	0.4844733774662018
LODO	Lee_PRIMM_NL	standard_transductive	20260803	V2A0158	Lee_PRIMM_NL	0	0.6349617554090284	0.6452006101608276
LODO	Lee_PRIMM_NL	standard_transductive	20260803	V2A0159	Lee_PRIMM_NL	1	0.6712814116895075	0.5810231566429138
LODO	Lee_PRIMM_NL	standard_transductive	20260803	V2A0160	Lee_PRIMM_NL	0	0.9280008801581787	0.6862800121307373
LODO	Lee_PRIMM_NL	standard_transductive	20260803	V2A0161	Lee_PRIMM_NL	1	0.126450494199787	0.6739664077758789
LODO	Lee_PRIMM_NL	standard_transductive	20260803	V2A0162	Lee_PRIMM_NL	1	0.5227878776339234	0.6189737319946289
LODO	Lee_PRIMM_NL	standard_transductive	20260803	V2A0163	Lee_PRIMM_NL	0	0.45381441304698844	0.687210738658905
LODO	Lee_PRIMM_NL	standard_transductive	20260803	V2A0164	Lee_PRIMM_NL	0	0.10818665942485982	0.6678791046142578
LODO	Lee_PRIMM_NL	standard_transductive	20260803	V2A0165	Lee_PRIMM_NL	1	0.07348281751768762	0.6792287826538086
LODO	Lee_PRIMM_NL	standard_transductive	20260803	V2A0166	Lee_PRIMM_NL	0	0.4735196707923898	0.6775424480438232
LODO	Lee_PRIMM_NL	standard_transductive	20260803	V2A0167	Lee_PRIMM_NL	0	0.3516179046588891	0.6764103770256042
LODO	Lee_PRIMM_NL	standard_transductive	20260803	V2A0168	Lee_PRIMM_NL	1	0.2332677821780281	0.6652901768684387
LODO	Lee_PRIMM_NL	standard_transductive	20260803	V2A0169	Lee_PRIMM_NL	1	0.6142973989352762	0.6240529417991638
LODO	Lee_PRIMM_NL	standard_transductive	20260803	V2A0170	Lee_PRIMM_NL	1	0.23626416675052003	0.7027403712272644
LODO	Lee_PRIMM_NL	standard_transductive	20260803	V2A0171	Lee_PRIMM_NL	1	0.5782398063656534	0.6481447219848633
LODO	Lee_PRIMM_NL	standard_transductive	20260803	V2A0172	Lee_PRIMM_NL	1	0.8648405927932111	0.6655638217926025
LODO	Lee_PRIMM_NL	standard_transductive	20260803	V2A0173	Lee_PRIMM_NL	1	0.5188072316362802	0.6837093830108643
LODO	Lee_PRIMM_NL	standard_transductive	20260803	V2A0174	Lee_PRIMM_NL	1	0.9578344790589066	0.681368350982666
LODO	Lee_PRIMM_NL	standard_transductive	20260804	V2A0120	Lee_PRIMM_NL	1	0.6610547311857455	0.6444941163063049
LODO	Lee_PRIMM_NL	standard_transductive	20260804	V2A0121	Lee_PRIMM_NL	1	0.16385229373999088	0.6918622255325317
LODO	Lee_PRIMM_NL	standard_transductive	20260804	V2A0122	Lee_PRIMM_NL	0	0.25526563616119036	0.5191148519515991
LODO	Lee_PRIMM_NL	standard_transductive	20260804	V2A0123	Lee_PRIMM_NL	1	0.6855732228952254	0.7306499481201172
LODO	Lee_PRIMM_NL	standard_transductive	20260804	V2A0124	Lee_PRIMM_NL	0	0.8958995726314511	0.6183481812477112
LODO	Lee_PRIMM_NL	standard_transductive	20260804	V2A0125	Lee_PRIMM_NL	0	0.6786180677806867	0.6721317172050476
LODO	Lee_PRIMM_NL	standard_transductive	20260804	V2A0126	Lee_PRIMM_NL	1	0.536340920559068	0.6654700636863708
LODO	Lee_PRIMM_NL	standard_transductive	20260804	V2A0127	Lee_PRIMM_NL	0	0.1444402868916415	0.6782872676849365
LODO	Lee_PRIMM_NL	standard_transductive	20260804	V2A0128	Lee_PRIMM_NL	0	0.4801240579127876	0.41686201095581055
LODO	Lee_PRIMM_NL	standard_transductive	20260804	V2A0129	Lee_PRIMM_NL	1	0.9070768512017405	0.6001912355422974
LODO	Lee_PRIMM_NL	standard_transductive	20260804	V2A0130	Lee_PRIMM_NL	0	0.5403875114794374	0.7624697089195251
LODO	Lee_PRIMM_NL	standard_transductive	20260804	V2A0131	Lee_PRIMM_NL	1	0.30712029384768497	0.6313570737838745
LODO	Lee_PRIMM_NL	standard_transductive	20260804	V2A0132	Lee_PRIMM_NL	0	0.5049861342995244	0.6599560379981995
LODO	Lee_PRIMM_NL	standard_transductive	20260804	V2A0133	Lee_PRIMM_NL	1	0.35533994187566176	0.5692108273506165
LODO	Lee_PRIMM_NL	standard_transductive	20260804	V2A0134	Lee_PRIMM_NL	1	0.8396374371945228	0.6799311637878418
LODO	Lee_PRIMM_NL	standard_transductive	20260804	V2A0135	Lee_PRIMM_NL	0	0.12760703683314298	0.7083533406257629
LODO	Lee_PRIMM_NL	standard_transductive	20260804	V2A0136	Lee_PRIMM_NL	0	0.19997227451520908	0.5022974610328674
LODO	Lee_PRIMM_NL	standard_transductive	20260804	V2A0137	Lee_PRIMM_NL	1	0.8878035613288476	0.7738295793533325
LODO	Lee_PRIMM_NL	standard_transductive	20260804	V2A0138	Lee_PRIMM_NL	1	0.8440820506492427	0.6318157315254211
LODO	Lee_PRIMM_NL	standard_transductive	20260804	V2A0139	Lee_PRIMM_NL	1	0.46460177775285527	0.6250048875808716
LODO	Lee_PRIMM_NL	standard_transductive	20260804	V2A0140	Lee_PRIMM_NL	0	0.20511369919249078	0.6414276361465454
LODO	Lee_PRIMM_NL	standard_transductive	20260804	V2A0141	Lee_PRIMM_NL	1	0.9195338788611324	0.7626041769981384
LODO	Lee_PRIMM_NL	standard_transductive	20260804	V2A0142	Lee_PRIMM_NL	1	0.4935748367921691	0.7441984415054321
LODO	Lee_PRIMM_NL	standard_transductive	20260804	V2A0143	Lee_PRIMM_NL	1	0.6580939611288827	0.7187521457672119
LODO	Lee_PRIMM_NL	standard_transductive	20260804	V2A0144	Lee_PRIMM_NL	1	0.9697944342667228	0.6762486100196838
LODO	Lee_PRIMM_NL	standard_transductive	20260804	V2A0145	Lee_PRIMM_NL	0	0.49492807950845646	0.47360196709632874
LODO	Lee_PRIMM_NL	standard_transductive	20260804	V2A0146	Lee_PRIMM_NL	0	0.9772655357947356	0.7155470252037048
LODO	Lee_PRIMM_NL	standard_transductive	20260804	V2A0147	Lee_PRIMM_NL	0	0.5256862308282166	0.48812004923820496
LODO	Lee_PRIMM_NL	standard_transductive	20260804	V2A0148	Lee_PRIMM_NL	0	0.5327767914449824	0.619075357913971
LODO	Lee_PRIMM_NL	standard_transductive	20260804	V2A0149	Lee_PRIMM_NL	0	0.8182274259631115	0.5954469442367554
LODO	Lee_PRIMM_NL	standard_transductive	20260804	V2A0150	Lee_PRIMM_NL	1	0.6315217159823611	0.523919403553009
LODO	Lee_PRIMM_NL	standard_transductive	20260804	V2A0151	Lee_PRIMM_NL	1	0.4568194810622733	0.6385047435760498
LODO	Lee_PRIMM_NL	standard_transductive	20260804	V2A0152	Lee_PRIMM_NL	1	0.8668990064444527	0.6619577407836914
LODO	Lee_PRIMM_NL	standard_transductive	20260804	V2A0153	Lee_PRIMM_NL	0	0.12095153663949397	0.6546986699104309
LODO	Lee_PRIMM_NL	standard_transductive	20260804	V2A0154	Lee_PRIMM_NL	1	0.6375239222385087	0.6374714374542236
LODO	Lee_PRIMM_NL	standard_transductive	20260804	V2A0155	Lee_PRIMM_NL	1	0.47301266169817824	0.5849565267562866
LODO	Lee_PRIMM_NL	standard_transductive	20260804	V2A0156	Lee_PRIMM_NL	1	0.289243901152357	0.7367010712623596
LODO	Lee_PRIMM_NL	standard_transductive	20260804	V2A0157	Lee_PRIMM_NL	1	0.12818079069866736	0.4803868532180786
LODO	Lee_PRIMM_NL	standard_transductive	20260804	V2A0158	Lee_PRIMM_NL	0	0.6331810348546112	0.6402031779289246
LODO	Lee_PRIMM_NL	standard_transductive	20260804	V2A0159	Lee_PRIMM_NL	1	0.6751735603746118	0.5739198327064514
LODO	Lee_PRIMM_NL	standard_transductive	20260804	V2A0160	Lee_PRIMM_NL	0	0.9264007391396314	0.6796311140060425
LODO	Lee_PRIMM_NL	standard_transductive	20260804	V2A0161	Lee_PRIMM_NL	1	0.12908091924727708	0.6683812737464905
LODO	Lee_PRIMM_NL	standard_transductive	20260804	V2A0162	Lee_PRIMM_NL	1	0.5169716888182263	0.618389368057251
LODO	Lee_PRIMM_NL	standard_transductive	20260804	V2A0163	Lee_PRIMM_NL	0	0.4484452738123211	0.6897208094596863
LODO	Lee_PRIMM_NL	standard_transductive	20260804	V2A0164	Lee_PRIMM_NL	0	0.11002978738358213	0.6620392799377441
LODO	Lee_PRIMM_NL	standard_transductive	20260804	V2A0165	Lee_PRIMM_NL	1	0.07094183586163842	0.6716023683547974
LODO	Lee_PRIMM_NL	standard_transductive	20260804	V2A0166	Lee_PRIMM_NL	0	0.47792957918531564	0.6686212420463562
LODO	Lee_PRIMM_NL	standard_transductive	20260804	V2A0167	Lee_PRIMM_NL	0	0.3539908933558384	0.6772587895393372
LODO	Lee_PRIMM_NL	standard_transductive	20260804	V2A0168	Lee_PRIMM_NL	1	0.22718399139865736	0.6589381098747253
LODO	Lee_PRIMM_NL	standard_transductive	20260804	V2A0169	Lee_PRIMM_NL	1	0.6160223534746834	0.6250441074371338
LODO	Lee_PRIMM_NL	standard_transductive	20260804	V2A0170	Lee_PRIMM_NL	1	0.2281547238950046	0.6979607939720154
LODO	Lee_PRIMM_NL	standard_transductive	20260804	V2A0171	Lee_PRIMM_NL	1	0.5700536150669385	0.6367300152778625
LODO	Lee_PRIMM_NL	standard_transductive	20260804	V2A0172	Lee_PRIMM_NL	1	0.8662987471203815	0.659762442111969
LODO	Lee_PRIMM_NL	standard_transductive	20260804	V2A0173	Lee_PRIMM_NL	1	0.508348295012986	0.6807984113693237
LODO	Lee_PRIMM_NL	standard_transductive	20260804	V2A0174	Lee_PRIMM_NL	1	0.9589970341830675	0.6831731796264648
LODO	Lee_PRIMM_NL	standard_transductive	20260805	V2A0120	Lee_PRIMM_NL	1	0.6636321131035814	0.6464126706123352
LODO	Lee_PRIMM_NL	standard_transductive	20260805	V2A0121	Lee_PRIMM_NL	1	0.16222126426953393	0.6934958100318909
LODO	Lee_PRIMM_NL	standard_transductive	20260805	V2A0122	Lee_PRIMM_NL	0	0.26466544115010504	0.5177729725837708
LODO	Lee_PRIMM_NL	standard_transductive	20260805	V2A0123	Lee_PRIMM_NL	1	0.6900229160731296	0.7330307364463806
LODO	Lee_PRIMM_NL	standard_transductive	20260805	V2A0124	Lee_PRIMM_NL	0	0.8963679317271729	0.6189679503440857
LODO	Lee_PRIMM_NL	standard_transductive	20260805	V2A0125	Lee_PRIMM_NL	0	0.6866304627101385	0.6797822117805481
LODO	Lee_PRIMM_NL	standard_transductive	20260805	V2A0126	Lee_PRIMM_NL	1	0.5376442457166151	0.6672963500022888
LODO	Lee_PRIMM_NL	standard_transductive	20260805	V2A0127	Lee_PRIMM_NL	0	0.14270499541688406	0.6774246096611023
LODO	Lee_PRIMM_NL	standard_transductive	20260805	V2A0128	Lee_PRIMM_NL	0	0.48566307334986314	0.40819159150123596
LODO	Lee_PRIMM_NL	standard_transductive	20260805	V2A0129	Lee_PRIMM_NL	1	0.9066518358336545	0.603185772895813
LODO	Lee_PRIMM_NL	standard_transductive	20260805	V2A0130	Lee_PRIMM_NL	0	0.5346229386529393	0.7623535990715027
LODO	Lee_PRIMM_NL	standard_transductive	20260805	V2A0131	Lee_PRIMM_NL	1	0.3018394969088283	0.6336448788642883
LODO	Lee_PRIMM_NL	standard_transductive	20260805	V2A0132	Lee_PRIMM_NL	0	0.5063770376374709	0.6639922261238098
LODO	Lee_PRIMM_NL	standard_transductive	20260805	V2A0133	Lee_PRIMM_NL	1	0.35699670276392875	0.571951687335968
LODO	Lee_PRIMM_NL	standard_transductive	20260805	V2A0134	Lee_PRIMM_NL	1	0.8400947796996973	0.6814094185829163
LODO	Lee_PRIMM_NL	standard_transductive	20260805	V2A0135	Lee_PRIMM_NL	0	0.12790233489800118	0.7102214097976685
LODO	Lee_PRIMM_NL	standard_transductive	20260805	V2A0136	Lee_PRIMM_NL	0	0.19888570571089836	0.4949544668197632
LODO	Lee_PRIMM_NL	standard_transductive	20260805	V2A0137	Lee_PRIMM_NL	1	0.8859347597506786	0.7736029624938965
LODO	Lee_PRIMM_NL	standard_transductive	20260805	V2A0138	Lee_PRIMM_NL	1	0.8474944346891676	0.6387034058570862
LODO	Lee_PRIMM_NL	standard_transductive	20260805	V2A0139	Lee_PRIMM_NL	1	0.474627214415486	0.6290662288665771
LODO	Lee_PRIMM_NL	standard_transductive	20260805	V2A0140	Lee_PRIMM_NL	0	0.1962569217075529	0.6474066972732544
LODO	Lee_PRIMM_NL	standard_transductive	20260805	V2A0141	Lee_PRIMM_NL	1	0.919879001788923	0.7673239707946777
LODO	Lee_PRIMM_NL	standard_transductive	20260805	V2A0142	Lee_PRIMM_NL	1	0.5023981762283201	0.7488821744918823
LODO	Lee_PRIMM_NL	standard_transductive	20260805	V2A0143	Lee_PRIMM_NL	1	0.6466302456213381	0.718409538269043
LODO	Lee_PRIMM_NL	standard_transductive	20260805	V2A0144	Lee_PRIMM_NL	1	0.9703468708904274	0.6798735857009888
LODO	Lee_PRIMM_NL	standard_transductive	20260805	V2A0145	Lee_PRIMM_NL	0	0.5041788977809621	0.48478928208351135
LODO	Lee_PRIMM_NL	standard_transductive	20260805	V2A0146	Lee_PRIMM_NL	0	0.9759031579628314	0.7147840857505798
LODO	Lee_PRIMM_NL	standard_transductive	20260805	V2A0147	Lee_PRIMM_NL	0	0.5207779880800572	0.49307000637054443
LODO	Lee_PRIMM_NL	standard_transductive	20260805	V2A0148	Lee_PRIMM_NL	0	0.533382067477308	0.6216570734977722
LODO	Lee_PRIMM_NL	standard_transductive	20260805	V2A0149	Lee_PRIMM_NL	0	0.8252387091968251	0.6002652645111084
LODO	Lee_PRIMM_NL	standard_transductive	20260805	V2A0150	Lee_PRIMM_NL	1	0.6302644026114526	0.5339248776435852
LODO	Lee_PRIMM_NL	standard_transductive	20260805	V2A0151	Lee_PRIMM_NL	1	0.45354995157453476	0.6355395317077637
LODO	Lee_PRIMM_NL	standard_transductive	20260805	V2A0152	Lee_PRIMM_NL	1	0.8663909999081901	0.6580629944801331
LODO	Lee_PRIMM_NL	standard_transductive	20260805	V2A0153	Lee_PRIMM_NL	0	0.11840223617735655	0.6536940932273865
LODO	Lee_PRIMM_NL	standard_transductive	20260805	V2A0154	Lee_PRIMM_NL	1	0.636718756360183	0.6416411399841309
LODO	Lee_PRIMM_NL	standard_transductive	20260805	V2A0155	Lee_PRIMM_NL	1	0.4737728831924409	0.5871833562850952
LODO	Lee_PRIMM_NL	standard_transductive	20260805	V2A0156	Lee_PRIMM_NL	1	0.29566090044071597	0.7419224977493286
LODO	Lee_PRIMM_NL	standard_transductive	20260805	V2A0157	Lee_PRIMM_NL	1	0.1288184210679995	0.4864543378353119
LODO	Lee_PRIMM_NL	standard_transductive	20260805	V2A0158	Lee_PRIMM_NL	0	0.6305015905226349	0.6428130269050598
LODO	Lee_PRIMM_NL	standard_transductive	20260805	V2A0159	Lee_PRIMM_NL	1	0.668393610446937	0.5767709612846375
LODO	Lee_PRIMM_NL	standard_transductive	20260805	V2A0160	Lee_PRIMM_NL	0	0.9287664728185683	0.6804203391075134
LODO	Lee_PRIMM_NL	standard_transductive	20260805	V2A0161	Lee_PRIMM_NL	1	0.12884715440701727	0.6693960428237915
LODO	Lee_PRIMM_NL	standard_transductive	20260805	V2A0162	Lee_PRIMM_NL	1	0.5134158170994905	0.6140618324279785
LODO	Lee_PRIMM_NL	standard_transductive	20260805	V2A0163	Lee_PRIMM_NL	0	0.4549977971830643	0.6865553855895996
LODO	Lee_PRIMM_NL	standard_transductive	20260805	V2A0164	Lee_PRIMM_NL	0	0.11035391877469451	0.6641601324081421
LODO	Lee_PRIMM_NL	standard_transductive	20260805	V2A0165	Lee_PRIMM_NL	1	0.07339833207976654	0.6718448400497437
LODO	Lee_PRIMM_NL	standard_transductive	20260805	V2A0166	Lee_PRIMM_NL	0	0.471023503562859	0.6738693118095398
LODO	Lee_PRIMM_NL	standard_transductive	20260805	V2A0167	Lee_PRIMM_NL	0	0.35731236610382333	0.6809071898460388
LODO	Lee_PRIMM_NL	standard_transductive	20260805	V2A0168	Lee_PRIMM_NL	1	0.23606831605638012	0.6643364429473877
LODO	Lee_PRIMM_NL	standard_transductive	20260805	V2A0169	Lee_PRIMM_NL	1	0.6185305370216234	0.6267473697662354
LODO	Lee_PRIMM_NL	standard_transductive	20260805	V2A0170	Lee_PRIMM_NL	1	0.22529871497709145	0.701926589012146
LODO	Lee_PRIMM_NL	standard_transductive	20260805	V2A0171	Lee_PRIMM_NL	1	0.5811906252150117	0.6431036591529846
LODO	Lee_PRIMM_NL	standard_transductive	20260805	V2A0172	Lee_PRIMM_NL	1	0.8651386402188632	0.6627774238586426
LODO	Lee_PRIMM_NL	standard_transductive	20260805	V2A0173	Lee_PRIMM_NL	1	0.5137167503808137	0.680013120174408
LODO	Lee_PRIMM_NL	standard_transductive	20260805	V2A0174	Lee_PRIMM_NL	1	0.9581720340753543	0.689318060874939
LODO	Lee_PRIMM_NL	standard_transductive	20260806	V2A0120	Lee_PRIMM_NL	1	0.6732124304680046	0.6483178734779358
LODO	Lee_PRIMM_NL	standard_transductive	20260806	V2A0121	Lee_PRIMM_NL	1	0.16326770303903593	0.6914584040641785
LODO	Lee_PRIMM_NL	standard_transductive	20260806	V2A0122	Lee_PRIMM_NL	0	0.2562677917515532	0.5185057520866394
LODO	Lee_PRIMM_NL	standard_transductive	20260806	V2A0123	Lee_PRIMM_NL	1	0.6788482486092305	0.7354282736778259
LODO	Lee_PRIMM_NL	standard_transductive	20260806	V2A0124	Lee_PRIMM_NL	0	0.9012553913329544	0.6203245520591736
LODO	Lee_PRIMM_NL	standard_transductive	20260806	V2A0125	Lee_PRIMM_NL	0	0.6804983991782788	0.6763498187065125
LODO	Lee_PRIMM_NL	standard_transductive	20260806	V2A0126	Lee_PRIMM_NL	1	0.5440974882219757	0.6661853790283203
LODO	Lee_PRIMM_NL	standard_transductive	20260806	V2A0127	Lee_PRIMM_NL	0	0.14716332866250142	0.6760228276252747
LODO	Lee_PRIMM_NL	standard_transductive	20260806	V2A0128	Lee_PRIMM_NL	0	0.49084276488409867	0.423007607460022
LODO	Lee_PRIMM_NL	standard_transductive	20260806	V2A0129	Lee_PRIMM_NL	1	0.9074941590550093	0.6001251339912415
LODO	Lee_PRIMM_NL	standard_transductive	20260806	V2A0130	Lee_PRIMM_NL	0	0.5491907207796535	0.7648964524269104
LODO	Lee_PRIMM_NL	standard_transductive	20260806	V2A0131	Lee_PRIMM_NL	1	0.3168294161752828	0.6303468942642212
LODO	Lee_PRIMM_NL	standard_transductive	20260806	V2A0132	Lee_PRIMM_NL	0	0.5113301531521981	0.6691316962242126
LODO	Lee_PRIMM_NL	standard_transductive	20260806	V2A0133	Lee_PRIMM_NL	1	0.36086761614900775	0.5706263780593872
LODO	Lee_PRIMM_NL	standard_transductive	20260806	V2A0134	Lee_PRIMM_NL	1	0.8447492116828147	0.6800202131271362
LODO	Lee_PRIMM_NL	standard_transductive	20260806	V2A0135	Lee_PRIMM_NL	0	0.12906105030732265	0.7085242867469788
LODO	Lee_PRIMM_NL	standard_transductive	20260806	V2A0136	Lee_PRIMM_NL	0	0.19541315994581826	0.503518283367157
LODO	Lee_PRIMM_NL	standard_transductive	20260806	V2A0137	Lee_PRIMM_NL	1	0.8901113893931244	0.7810379266738892
LODO	Lee_PRIMM_NL	standard_transductive	20260806	V2A0138	Lee_PRIMM_NL	1	0.8524864170762553	0.6364821195602417
LODO	Lee_PRIMM_NL	standard_transductive	20260806	V2A0139	Lee_PRIMM_NL	1	0.4803340183224865	0.621624231338501
LODO	Lee_PRIMM_NL	standard_transductive	20260806	V2A0140	Lee_PRIMM_NL	0	0.2119022455345472	0.6419772505760193
LODO	Lee_PRIMM_NL	standard_transductive	20260806	V2A0141	Lee_PRIMM_NL	1	0.9211882298821148	0.7567569613456726
LODO	Lee_PRIMM_NL	standard_transductive	20260806	V2A0142	Lee_PRIMM_NL	1	0.49987638498477716	0.7442680597305298
LODO	Lee_PRIMM_NL	standard_transductive	20260806	V2A0143	Lee_PRIMM_NL	1	0.6599273048058537	0.7162628173828125
LODO	Lee_PRIMM_NL	standard_transductive	20260806	V2A0144	Lee_PRIMM_NL	1	0.9718566421286641	0.6757574677467346
LODO	Lee_PRIMM_NL	standard_transductive	20260806	V2A0145	Lee_PRIMM_NL	0	0.4909178996128463	0.4879436790943146
LODO	Lee_PRIMM_NL	standard_transductive	20260806	V2A0146	Lee_PRIMM_NL	0	0.9763616237303042	0.7142854332923889
LODO	Lee_PRIMM_NL	standard_transductive	20260806	V2A0147	Lee_PRIMM_NL	0	0.5303652088302803	0.4886154532432556
LODO	Lee_PRIMM_NL	standard_transductive	20260806	V2A0148	Lee_PRIMM_NL	0	0.5488608173117703	0.6209203600883484
LODO	Lee_PRIMM_NL	standard_transductive	20260806	V2A0149	Lee_PRIMM_NL	0	0.8138288403990963	0.5970541834831238
LODO	Lee_PRIMM_NL	standard_transductive	20260806	V2A0150	Lee_PRIMM_NL	1	0.6277209699129469	0.5431475639343262
LODO	Lee_PRIMM_NL	standard_transductive	20260806	V2A0151	Lee_PRIMM_NL	1	0.4671471761942724	0.6342118978500366
LODO	Lee_PRIMM_NL	standard_transductive	20260806	V2A0152	Lee_PRIMM_NL	1	0.8669121081334541	0.6613309979438782
LODO	Lee_PRIMM_NL	standard_transductive	20260806	V2A0153	Lee_PRIMM_NL	0	0.11645338102008923	0.6515440940856934
LODO	Lee_PRIMM_NL	standard_transductive	20260806	V2A0154	Lee_PRIMM_NL	1	0.6448796704453946	0.6370226144790649
LODO	Lee_PRIMM_NL	standard_transductive	20260806	V2A0155	Lee_PRIMM_NL	1	0.47757685306040465	0.5851885676383972
LODO	Lee_PRIMM_NL	standard_transductive	20260806	V2A0156	Lee_PRIMM_NL	1	0.2924411287950907	0.7420603632926941
LODO	Lee_PRIMM_NL	standard_transductive	20260806	V2A0157	Lee_PRIMM_NL	1	0.12884945295685732	0.4826321601867676
LODO	Lee_PRIMM_NL	standard_transductive	20260806	V2A0158	Lee_PRIMM_NL	0	0.6360749249081581	0.6388977766036987
LODO	Lee_PRIMM_NL	standard_transductive	20260806	V2A0159	Lee_PRIMM_NL	1	0.6744508168314719	0.5710668563842773
LODO	Lee_PRIMM_NL	standard_transductive	20260806	V2A0160	Lee_PRIMM_NL	0	0.9257760447184721	0.6853107810020447
LODO	Lee_PRIMM_NL	standard_transductive	20260806	V2A0161	Lee_PRIMM_NL	1	0.1262571320890865	0.673194408416748
LODO	Lee_PRIMM_NL	standard_transductive	20260806	V2A0162	Lee_PRIMM_NL	1	0.5117260970463621	0.6208467483520508
LODO	Lee_PRIMM_NL	standard_transductive	20260806	V2A0163	Lee_PRIMM_NL	0	0.4564720464476797	0.6864433288574219
LODO	Lee_PRIMM_NL	standard_transductive	20260806	V2A0164	Lee_PRIMM_NL	0	0.10921028542688428	0.6648616194725037
LODO	Lee_PRIMM_NL	standard_transductive	20260806	V2A0165	Lee_PRIMM_NL	1	0.07494875410406679	0.6689685583114624
LODO	Lee_PRIMM_NL	standard_transductive	20260806	V2A0166	Lee_PRIMM_NL	0	0.4886842997646252	0.6735738515853882
LODO	Lee_PRIMM_NL	standard_transductive	20260806	V2A0167	Lee_PRIMM_NL	0	0.35685943027760125	0.6811553239822388
LODO	Lee_PRIMM_NL	standard_transductive	20260806	V2A0168	Lee_PRIMM_NL	1	0.22848649504450333	0.661059558391571
LODO	Lee_PRIMM_NL	standard_transductive	20260806	V2A0169	Lee_PRIMM_NL	1	0.610536676134768	0.6188632249832153
LODO	Lee_PRIMM_NL	standard_transductive	20260806	V2A0170	Lee_PRIMM_NL	1	0.232037122352179	0.6974332928657532
LODO	Lee_PRIMM_NL	standard_transductive	20260806	V2A0171	Lee_PRIMM_NL	1	0.5656621548979966	0.6421365737915039
LODO	Lee_PRIMM_NL	standard_transductive	20260806	V2A0172	Lee_PRIMM_NL	1	0.8676484711335483	0.6601799726486206
LODO	Lee_PRIMM_NL	standard_transductive	20260806	V2A0173	Lee_PRIMM_NL	1	0.5194507816503579	0.682040274143219
LODO	Lee_PRIMM_NL	standard_transductive	20260806	V2A0174	Lee_PRIMM_NL	1	0.9599355421060312	0.6778810024261475
LODO	Lee_PRIMM_UK	online_adaptive	20260802	V2A0175	Lee_PRIMM_UK	1	0.006223350603358616	0.6308544874191284
LODO	Lee_PRIMM_UK	online_adaptive	20260802	V2A0176	Lee_PRIMM_UK	1	0.9660800033849878	0.553913414478302
LODO	Lee_PRIMM_UK	online_adaptive	20260802	V2A0177	Lee_PRIMM_UK	1	0.0985471069274309	0.6333438158035278
LODO	Lee_PRIMM_UK	online_adaptive	20260802	V2A0178	Lee_PRIMM_UK	1	0.2784122692821168	0.6288002133369446
LODO	Lee_PRIMM_UK	online_adaptive	20260802	V2A0179	Lee_PRIMM_UK	1	0.8822998582940199	0.6426107287406921
LODO	Lee_PRIMM_UK	online_adaptive	20260802	V2A0180	Lee_PRIMM_UK	1	0.6683403043741544	0.6199851632118225
LODO	Lee_PRIMM_UK	online_adaptive	20260802	V2A0181	Lee_PRIMM_UK	1	0.9780430182282808	0.6530331373214722
LODO	Lee_PRIMM_UK	online_adaptive	20260802	V2A0182	Lee_PRIMM_UK	0	0.10127477402043415	0.6450845003128052
LODO	Lee_PRIMM_UK	online_adaptive	20260802	V2A0183	Lee_PRIMM_UK	0	0.017870650918649922	0.5365034341812134
LODO	Lee_PRIMM_UK	online_adaptive	20260802	V2A0184	Lee_PRIMM_UK	0	0.010919794168930295	0.6145883798599243
LODO	Lee_PRIMM_UK	online_adaptive	20260802	V2A0185	Lee_PRIMM_UK	1	0.8437479069279235	0.6446845531463623
LODO	Lee_PRIMM_UK	online_adaptive	20260802	V2A0186	Lee_PRIMM_UK	0	0.6706970115442722	0.5783712267875671
LODO	Lee_PRIMM_UK	online_adaptive	20260802	V2A0187	Lee_PRIMM_UK	1	0.9723591300870189	0.6127086281776428
LODO	Lee_PRIMM_UK	online_adaptive	20260802	V2A0188	Lee_PRIMM_UK	1	0.9019251807666098	0.6256004571914673
LODO	Lee_PRIMM_UK	online_adaptive	20260802	V2A0189	Lee_PRIMM_UK	1	0.9716266800340732	0.5828458666801453
LODO	Lee_PRIMM_UK	online_adaptive	20260802	V2A0190	Lee_PRIMM_UK	1	0.516708813708504	0.5192661285400391
LODO	Lee_PRIMM_UK	online_adaptive	20260802	V2A0191	Lee_PRIMM_UK	1	0.4759484535474572	0.5594706535339355
LODO	Lee_PRIMM_UK	online_adaptive	20260802	V2A0192	Lee_PRIMM_UK	1	0.2630970887566813	0.6246031522750854
LODO	Lee_PRIMM_UK	online_adaptive	20260802	V2A0193	Lee_PRIMM_UK	0	0.2833273295882589	0.5101232528686523
LODO	Lee_PRIMM_UK	online_adaptive	20260802	V2A0194	Lee_PRIMM_UK	1	0.5990158617563678	0.6406031847000122
LODO	Lee_PRIMM_UK	online_adaptive	20260802	V2A0195	Lee_PRIMM_UK	0	0.42752616348922545	0.6287869811058044
LODO	Lee_PRIMM_UK	online_adaptive	20260802	V2A0196	Lee_PRIMM_UK	0	0.5499845656937892	0.5724844932556152
LODO	Lee_PRIMM_UK	online_adaptive	20260802	V2A0197	Lee_PRIMM_UK	1	0.11066220349803532	0.5739872455596924
LODO	Lee_PRIMM_UK	online_adaptive	20260802	V2A0198	Lee_PRIMM_UK	0	0.06573520615377962	0.6105683445930481
LODO	Lee_PRIMM_UK	online_adaptive	20260802	V2A0199	Lee_PRIMM_UK	1	0.021333980721528433	0.5519742965698242
LODO	Lee_PRIMM_UK	online_adaptive	20260802	V2A0200	Lee_PRIMM_UK	1	0.8885121953597733	0.5417914986610413
LODO	Lee_PRIMM_UK	online_adaptive	20260802	V2A0201	Lee_PRIMM_UK	0	0.04163146500961412	0.5929370522499084
LODO	Lee_PRIMM_UK	online_adaptive	20260802	V2A0202	Lee_PRIMM_UK	1	0.4559166698801759	0.5507034659385681
LODO	Lee_PRIMM_UK	online_adaptive	20260802	V2A0203	Lee_PRIMM_UK	1	0.6143602825443858	0.6287131309509277
LODO	Lee_PRIMM_UK	online_adaptive	20260802	V2A0204	Lee_PRIMM_UK	1	0.9519630480523525	0.5874933004379272
LODO	Lee_PRIMM_UK	online_adaptive	20260802	V2A0205	Lee_PRIMM_UK	0	0.3193305848259435	0.5822047591209412
LODO	Lee_PRIMM_UK	online_adaptive	20260802	V2A0206	Lee_PRIMM_UK	0	0.1250510079632403	0.5901282429695129
LODO	Lee_PRIMM_UK	online_adaptive	20260802	V2A0207	Lee_PRIMM_UK	1	0.5236018291646538	0.6326825022697449
LODO	Lee_PRIMM_UK	online_adaptive	20260802	V2A0208	Lee_PRIMM_UK	1	0.02270824725424884	0.5689430832862854
LODO	Lee_PRIMM_UK	online_adaptive	20260802	V2A0209	Lee_PRIMM_UK	1	0.9538058443142877	0.6298028230667114
LODO	Lee_PRIMM_UK	online_adaptive	20260802	V2A0210	Lee_PRIMM_UK	1	0.15580124566787035	0.5853785276412964
LODO	Lee_PRIMM_UK	online_adaptive	20260802	V2A0211	Lee_PRIMM_UK	0	0.33530753449598005	0.5923977494239807
LODO	Lee_PRIMM_UK	online_adaptive	20260802	V2A0212	Lee_PRIMM_UK	0	0.12257903570965295	0.5786027312278748
LODO	Lee_PRIMM_UK	online_adaptive	20260802	V2A0213	Lee_PRIMM_UK	1	0.0034004285665468086	0.5702566504478455
LODO	Lee_PRIMM_UK	online_adaptive	20260802	V2A0214	Lee_PRIMM_UK	0	0.24130687258608377	0.5947318077087402
LODO	Lee_PRIMM_UK	online_adaptive	20260802	V2A0215	Lee_PRIMM_UK	1	0.008061053725782402	0.4947797358036041
LODO	Lee_PRIMM_UK	online_adaptive	20260802	V2A0216	Lee_PRIMM_UK	1	0.20436985416600317	0.6042578816413879
LODO	Lee_PRIMM_UK	online_adaptive	20260802	V2A0217	Lee_PRIMM_UK	1	0.3170365454818038	0.6479208469390869
LODO	Lee_PRIMM_UK	online_adaptive	20260802	V2A0218	Lee_PRIMM_UK	0	0.02397103382701914	0.43179935216903687
LODO	Lee_PRIMM_UK	online_adaptive	20260802	V2A0219	Lee_PRIMM_UK	1	0.058329767054284706	0.6514789462089539
LODO	Lee_PRIMM_UK	online_adaptive	20260802	V2A0220	Lee_PRIMM_UK	0	0.004056916268830172	0.6093851327896118
LODO	Lee_PRIMM_UK	online_adaptive	20260802	V2A0221	Lee_PRIMM_UK	1	0.90134593310784	0.5947974324226379
LODO	Lee_PRIMM_UK	online_adaptive	20260802	V2A0222	Lee_PRIMM_UK	1	0.28856401808796495	0.637452244758606
LODO	Lee_PRIMM_UK	online_adaptive	20260802	V2A0223	Lee_PRIMM_UK	0	0.2410881382353691	0.5662481784820557
LODO	Lee_PRIMM_UK	online_adaptive	20260802	V2A0224	Lee_PRIMM_UK	0	0.04710563400285014	0.5917022824287415
LODO	Lee_PRIMM_UK	online_adaptive	20260802	V2A0225	Lee_PRIMM_UK	0	0.4146536790816791	0.6222637295722961
LODO	Lee_PRIMM_UK	online_adaptive	20260802	V2A0226	Lee_PRIMM_UK	1	0.3910623983956505	0.6229853630065918
LODO	Lee_PRIMM_UK	online_adaptive	20260802	V2A0227	Lee_PRIMM_UK	0	0.012914398821958075	0.5198073983192444
LODO	Lee_PRIMM_UK	online_adaptive	20260802	V2A0228	Lee_PRIMM_UK	0	0.049159484094071455	0.6117655634880066
LODO	Lee_PRIMM_UK	online_adaptive	20260803	V2A0175	Lee_PRIMM_UK	1	0.006483755349277859	0.6422812342643738
LODO	Lee_PRIMM_UK	online_adaptive	20260803	V2A0176	Lee_PRIMM_UK	1	0.967150618250637	0.5709037780761719
LODO	Lee_PRIMM_UK	online_adaptive	20260803	V2A0177	Lee_PRIMM_UK	1	0.09937248929884639	0.6454408168792725
LODO	Lee_PRIMM_UK	online_adaptive	20260803	V2A0178	Lee_PRIMM_UK	1	0.2956590064644422	0.6415736675262451
LODO	Lee_PRIMM_UK	online_adaptive	20260803	V2A0179	Lee_PRIMM_UK	1	0.8814064724935553	0.6576489210128784
LODO	Lee_PRIMM_UK	online_adaptive	20260803	V2A0180	Lee_PRIMM_UK	1	0.6636249292478033	0.6401486992835999
LODO	Lee_PRIMM_UK	online_adaptive	20260803	V2A0181	Lee_PRIMM_UK	1	0.9792690835880232	0.6677511930465698
LODO	Lee_PRIMM_UK	online_adaptive	20260803	V2A0182	Lee_PRIMM_UK	0	0.10990832546804782	0.6529329419136047
LODO	Lee_PRIMM_UK	online_adaptive	20260803	V2A0183	Lee_PRIMM_UK	0	0.017484288000787242	0.5517510175704956
LODO	Lee_PRIMM_UK	online_adaptive	20260803	V2A0184	Lee_PRIMM_UK	0	0.010296224979254991	0.6270144581794739
LODO	Lee_PRIMM_UK	online_adaptive	20260803	V2A0185	Lee_PRIMM_UK	1	0.8455511148890621	0.6662490367889404
LODO	Lee_PRIMM_UK	online_adaptive	20260803	V2A0186	Lee_PRIMM_UK	0	0.6761937482063585	0.5928218364715576
LODO	Lee_PRIMM_UK	online_adaptive	20260803	V2A0187	Lee_PRIMM_UK	1	0.9719419323989686	0.6270383596420288
LODO	Lee_PRIMM_UK	online_adaptive	20260803	V2A0188	Lee_PRIMM_UK	1	0.8962133287939318	0.6366406679153442
LODO	Lee_PRIMM_UK	online_adaptive	20260803	V2A0189	Lee_PRIMM_UK	1	0.973113531570347	0.5988327264785767
LODO	Lee_PRIMM_UK	online_adaptive	20260803	V2A0190	Lee_PRIMM_UK	1	0.5340252051363008	0.5406306982040405
LODO	Lee_PRIMM_UK	online_adaptive	20260803	V2A0191	Lee_PRIMM_UK	1	0.47066646283255276	0.5762397646903992
LODO	Lee_PRIMM_UK	online_adaptive	20260803	V2A0192	Lee_PRIMM_UK	1	0.26843511293433486	0.6427655816078186
LODO	Lee_PRIMM_UK	online_adaptive	20260803	V2A0193	Lee_PRIMM_UK	0	0.29208245104694697	0.5312468409538269
LODO	Lee_PRIMM_UK	online_adaptive	20260803	V2A0194	Lee_PRIMM_UK	1	0.5853319398031422	0.6553522944450378
LODO	Lee_PRIMM_UK	online_adaptive	20260803	V2A0195	Lee_PRIMM_UK	0	0.4408225066313124	0.6400620341300964
LODO	Lee_PRIMM_UK	online_adaptive	20260803	V2A0196	Lee_PRIMM_UK	0	0.5686438910671655	0.5849034190177917
LODO	Lee_PRIMM_UK	online_adaptive	20260803	V2A0197	Lee_PRIMM_UK	1	0.10728082686281115	0.5902366042137146
LODO	Lee_PRIMM_UK	online_adaptive	20260803	V2A0198	Lee_PRIMM_UK	0	0.062050483689538166	0.6195247769355774
LODO	Lee_PRIMM_UK	online_adaptive	20260803	V2A0199	Lee_PRIMM_UK	1	0.021487986172957448	0.5664045810699463
LODO	Lee_PRIMM_UK	online_adaptive	20260803	V2A0200	Lee_PRIMM_UK	1	0.8892588341215331	0.5608409643173218
LODO	Lee_PRIMM_UK	online_adaptive	20260803	V2A0201	Lee_PRIMM_UK	0	0.0419364493320751	0.6038991212844849
LODO	Lee_PRIMM_UK	online_adaptive	20260803	V2A0202	Lee_PRIMM_UK	1	0.4440396763602298	0.5635588765144348
LODO	Lee_PRIMM_UK	online_adaptive	20260803	V2A0203	Lee_PRIMM_UK	1	0.6057719428840146	0.6323492527008057
LODO	Lee_PRIMM_UK	online_adaptive	20260803	V2A0204	Lee_PRIMM_UK	1	0.9520527562252395	0.602480411529541
LODO	Lee_PRIMM_UK	online_adaptive	20260803	V2A0205	Lee_PRIMM_UK	0	0.31680241330625963	0.5947068929672241
LODO	Lee_PRIMM_UK	online_adaptive	20260803	V2A0206	Lee_PRIMM_UK	0	0.1252392530306081	0.6034213304519653
LODO	Lee_PRIMM_UK	online_adaptive	20260803	V2A0207	Lee_PRIMM_UK	1	0.5403678121277382	0.6481541395187378
LODO	Lee_PRIMM_UK	online_adaptive	20260803	V2A0208	Lee_PRIMM_UK	1	0.02281003443930007	0.5808496475219727
LODO	Lee_PRIMM_UK	online_adaptive	20260803	V2A0209	Lee_PRIMM_UK	1	0.9540376465875429	0.6471147537231445
LODO	Lee_PRIMM_UK	online_adaptive	20260803	V2A0210	Lee_PRIMM_UK	1	0.1605625370445977	0.6005582809448242
LODO	Lee_PRIMM_UK	online_adaptive	20260803	V2A0211	Lee_PRIMM_UK	0	0.341854904041213	0.6067849397659302
LODO	Lee_PRIMM_UK	online_adaptive	20260803	V2A0212	Lee_PRIMM_UK	0	0.12741827210626794	0.5923506021499634
LODO	Lee_PRIMM_UK	online_adaptive	20260803	V2A0213	Lee_PRIMM_UK	1	0.003343874882365765	0.5827391743659973
LODO	Lee_PRIMM_UK	online_adaptive	20260803	V2A0214	Lee_PRIMM_UK	0	0.23572347912346417	0.6094952821731567
LODO	Lee_PRIMM_UK	online_adaptive	20260803	V2A0215	Lee_PRIMM_UK	1	0.007987438852623705	0.512563943862915
LODO	Lee_PRIMM_UK	online_adaptive	20260803	V2A0216	Lee_PRIMM_UK	1	0.21095042650864704	0.61359703540802
LODO	Lee_PRIMM_UK	online_adaptive	20260803	V2A0217	Lee_PRIMM_UK	1	0.3180054492374334	0.6597489714622498
LODO	Lee_PRIMM_UK	online_adaptive	20260803	V2A0218	Lee_PRIMM_UK	0	0.023229052982363944	0.4448980987071991
LODO	Lee_PRIMM_UK	online_adaptive	20260803	V2A0219	Lee_PRIMM_UK	1	0.06030491826548111	0.663917601108551
LODO	Lee_PRIMM_UK	online_adaptive	20260803	V2A0220	Lee_PRIMM_UK	0	0.0042718233806158	0.6229200959205627
LODO	Lee_PRIMM_UK	online_adaptive	20260803	V2A0221	Lee_PRIMM_UK	1	0.9008280864124494	0.6044015884399414
LODO	Lee_PRIMM_UK	online_adaptive	20260803	V2A0222	Lee_PRIMM_UK	1	0.2894719347050266	0.6491621136665344
LODO	Lee_PRIMM_UK	online_adaptive	20260803	V2A0223	Lee_PRIMM_UK	0	0.25031867176135136	0.5840215682983398
LODO	Lee_PRIMM_UK	online_adaptive	20260803	V2A0224	Lee_PRIMM_UK	0	0.048063092869742766	0.6038331985473633
LODO	Lee_PRIMM_UK	online_adaptive	20260803	V2A0225	Lee_PRIMM_UK	0	0.40760451294428396	0.6363193988800049
LODO	Lee_PRIMM_UK	online_adaptive	20260803	V2A0226	Lee_PRIMM_UK	1	0.3834208724323876	0.6325898766517639
LODO	Lee_PRIMM_UK	online_adaptive	20260803	V2A0227	Lee_PRIMM_UK	0	0.013432138767557694	0.5407301187515259
LODO	Lee_PRIMM_UK	online_adaptive	20260803	V2A0228	Lee_PRIMM_UK	0	0.049969388613842904	0.6260403990745544
LODO	Lee_PRIMM_UK	online_adaptive	20260804	V2A0175	Lee_PRIMM_UK	1	0.006209574865668603	0.6427860260009766
LODO	Lee_PRIMM_UK	online_adaptive	20260804	V2A0176	Lee_PRIMM_UK	1	0.9677253001405479	0.5648992657661438
LODO	Lee_PRIMM_UK	online_adaptive	20260804	V2A0177	Lee_PRIMM_UK	1	0.10186897812731138	0.6446525454521179
LODO	Lee_PRIMM_UK	online_adaptive	20260804	V2A0178	Lee_PRIMM_UK	1	0.28162598823720186	0.6360394358634949
LODO	Lee_PRIMM_UK	online_adaptive	20260804	V2A0179	Lee_PRIMM_UK	1	0.8827188336538765	0.6503955125808716
LODO	Lee_PRIMM_UK	online_adaptive	20260804	V2A0180	Lee_PRIMM_UK	1	0.6600030944083566	0.6306711435317993
LODO	Lee_PRIMM_UK	online_adaptive	20260804	V2A0181	Lee_PRIMM_UK	1	0.9776872140224351	0.6619247794151306
LODO	Lee_PRIMM_UK	online_adaptive	20260804	V2A0182	Lee_PRIMM_UK	0	0.10689530222155921	0.6483221650123596
LODO	Lee_PRIMM_UK	online_adaptive	20260804	V2A0183	Lee_PRIMM_UK	0	0.01838131840834283	0.5462667942047119
LODO	Lee_PRIMM_UK	online_adaptive	20260804	V2A0184	Lee_PRIMM_UK	0	0.010700793937221051	0.6204397082328796
LODO	Lee_PRIMM_UK	online_adaptive	20260804	V2A0185	Lee_PRIMM_UK	1	0.8454404738104722	0.6564683318138123
LODO	Lee_PRIMM_UK	online_adaptive	20260804	V2A0186	Lee_PRIMM_UK	0	0.6621394701844111	0.5852328538894653
LODO	Lee_PRIMM_UK	online_adaptive	20260804	V2A0187	Lee_PRIMM_UK	1	0.9715164126698085	0.6197924613952637
LODO	Lee_PRIMM_UK	online_adaptive	20260804	V2A0188	Lee_PRIMM_UK	1	0.8987057784694065	0.6297639608383179
LODO	Lee_PRIMM_UK	online_adaptive	20260804	V2A0189	Lee_PRIMM_UK	1	0.9720637377540982	0.5905399322509766
LODO	Lee_PRIMM_UK	online_adaptive	20260804	V2A0190	Lee_PRIMM_UK	1	0.5185445947461501	0.5309151411056519
LODO	Lee_PRIMM_UK	online_adaptive	20260804	V2A0191	Lee_PRIMM_UK	1	0.4884515359726286	0.5715328454971313
LODO	Lee_PRIMM_UK	online_adaptive	20260804	V2A0192	Lee_PRIMM_UK	1	0.27243159608626755	0.6352468132972717
LODO	Lee_PRIMM_UK	online_adaptive	20260804	V2A0193	Lee_PRIMM_UK	0	0.2887055868869729	0.5309928059577942
LODO	Lee_PRIMM_UK	online_adaptive	20260804	V2A0194	Lee_PRIMM_UK	1	0.5886647024847311	0.644524097442627
LODO	Lee_PRIMM_UK	online_adaptive	20260804	V2A0195	Lee_PRIMM_UK	0	0.42375664847063743	0.6324601769447327
LODO	Lee_PRIMM_UK	online_adaptive	20260804	V2A0196	Lee_PRIMM_UK	0	0.5451432041200281	0.5783523917198181
LODO	Lee_PRIMM_UK	online_adaptive	20260804	V2A0197	Lee_PRIMM_UK	1	0.1083026294210293	0.5849025249481201
LODO	Lee_PRIMM_UK	online_adaptive	20260804	V2A0198	Lee_PRIMM_UK	0	0.06761268921120281	0.6132445931434631
LODO	Lee_PRIMM_UK	online_adaptive	20260804	V2A0199	Lee_PRIMM_UK	1	0.020730372459364002	0.5578421950340271
LODO	Lee_PRIMM_UK	online_adaptive	20260804	V2A0200	Lee_PRIMM_UK	1	0.8923490554201374	0.5501199960708618
LODO	Lee_PRIMM_UK	online_adaptive	20260804	V2A0201	Lee_PRIMM_UK	0	0.041772450909316854	0.5976487398147583
LODO	Lee_PRIMM_UK	online_adaptive	20260804	V2A0202	Lee_PRIMM_UK	1	0.4681862855841442	0.557555615901947
LODO	Lee_PRIMM_UK	online_adaptive	20260804	V2A0203	Lee_PRIMM_UK	1	0.603632513085718	0.6340054273605347
LODO	Lee_PRIMM_UK	online_adaptive	20260804	V2A0204	Lee_PRIMM_UK	1	0.9512107297010716	0.5931732654571533
LODO	Lee_PRIMM_UK	online_adaptive	20260804	V2A0205	Lee_PRIMM_UK	0	0.32048597417214475	0.5829417705535889
LODO	Lee_PRIMM_UK	online_adaptive	20260804	V2A0206	Lee_PRIMM_UK	0	0.1270598455166423	0.5935310125350952
LODO	Lee_PRIMM_UK	online_adaptive	20260804	V2A0207	Lee_PRIMM_UK	1	0.5245374824800927	0.6416587829589844
LODO	Lee_PRIMM_UK	online_adaptive	20260804	V2A0208	Lee_PRIMM_UK	1	0.02282105745976124	0.5736604928970337
LODO	Lee_PRIMM_UK	online_adaptive	20260804	V2A0209	Lee_PRIMM_UK	1	0.95542120366655	0.6405487060546875
LODO	Lee_PRIMM_UK	online_adaptive	20260804	V2A0210	Lee_PRIMM_UK	1	0.1544654359152568	0.5940242409706116
LODO	Lee_PRIMM_UK	online_adaptive	20260804	V2A0211	Lee_PRIMM_UK	0	0.3505086542887379	0.5990357995033264
LODO	Lee_PRIMM_UK	online_adaptive	20260804	V2A0212	Lee_PRIMM_UK	0	0.12546602255691963	0.5849562883377075
LODO	Lee_PRIMM_UK	online_adaptive	20260804	V2A0213	Lee_PRIMM_UK	1	0.0035929207729421897	0.5754661560058594
LODO	Lee_PRIMM_UK	online_adaptive	20260804	V2A0214	Lee_PRIMM_UK	0	0.238027866769367	0.5996708869934082
LODO	Lee_PRIMM_UK	online_adaptive	20260804	V2A0215	Lee_PRIMM_UK	1	0.007778718782926217	0.5031586289405823
LODO	Lee_PRIMM_UK	online_adaptive	20260804	V2A0216	Lee_PRIMM_UK	1	0.2075159976766417	0.6039443612098694
LODO	Lee_PRIMM_UK	online_adaptive	20260804	V2A0217	Lee_PRIMM_UK	1	0.312736833535635	0.6526536345481873
LODO	Lee_PRIMM_UK	online_adaptive	20260804	V2A0218	Lee_PRIMM_UK	0	0.02295898926721139	0.43874385952949524
LODO	Lee_PRIMM_UK	online_adaptive	20260804	V2A0219	Lee_PRIMM_UK	1	0.06279718070241783	0.6587715148925781
LODO	Lee_PRIMM_UK	online_adaptive	20260804	V2A0220	Lee_PRIMM_UK	0	0.004154824973782326	0.6138161420822144
LODO	Lee_PRIMM_UK	online_adaptive	20260804	V2A0221	Lee_PRIMM_UK	1	0.9013774333281217	0.6001636385917664
LODO	Lee_PRIMM_UK	online_adaptive	20260804	V2A0222	Lee_PRIMM_UK	1	0.27217499115303145	0.6444587707519531
LODO	Lee_PRIMM_UK	online_adaptive	20260804	V2A0223	Lee_PRIMM_UK	0	0.2455308247084099	0.5748148560523987
LODO	Lee_PRIMM_UK	online_adaptive	20260804	V2A0224	Lee_PRIMM_UK	0	0.04846007214176791	0.6015149354934692
LODO	Lee_PRIMM_UK	online_adaptive	20260804	V2A0225	Lee_PRIMM_UK	0	0.4208313785603311	0.6268187165260315
LODO	Lee_PRIMM_UK	online_adaptive	20260804	V2A0226	Lee_PRIMM_UK	1	0.3795146606453454	0.6295823454856873
LODO	Lee_PRIMM_UK	online_adaptive	20260804	V2A0227	Lee_PRIMM_UK	0	0.012885890394548558	0.5298264622688293
LODO	Lee_PRIMM_UK	online_adaptive	20260804	V2A0228	Lee_PRIMM_UK	0	0.050024986350308255	0.618308424949646
LODO	Lee_PRIMM_UK	online_adaptive	20260805	V2A0175	Lee_PRIMM_UK	1	0.006198492291693073	0.640455961227417
LODO	Lee_PRIMM_UK	online_adaptive	20260805	V2A0176	Lee_PRIMM_UK	1	0.9680716436433688	0.5629894137382507
LODO	Lee_PRIMM_UK	online_adaptive	20260805	V2A0177	Lee_PRIMM_UK	1	0.09929560834335893	0.6444500088691711
LODO	Lee_PRIMM_UK	online_adaptive	20260805	V2A0178	Lee_PRIMM_UK	1	0.28226491054900954	0.6403651237487793
LODO	Lee_PRIMM_UK	online_adaptive	20260805	V2A0179	Lee_PRIMM_UK	1	0.8844892196607336	0.6510655283927917
LODO	Lee_PRIMM_UK	online_adaptive	20260805	V2A0180	Lee_PRIMM_UK	1	0.6547012004139083	0.6314578652381897
LODO	Lee_PRIMM_UK	online_adaptive	20260805	V2A0181	Lee_PRIMM_UK	1	0.9772772980116078	0.6603583693504333
LODO	Lee_PRIMM_UK	online_adaptive	20260805	V2A0182	Lee_PRIMM_UK	0	0.104350210417454	0.6487758159637451
LODO	Lee_PRIMM_UK	online_adaptive	20260805	V2A0183	Lee_PRIMM_UK	0	0.01718426588960238	0.5452142357826233
LODO	Lee_PRIMM_UK	online_adaptive	20260805	V2A0184	Lee_PRIMM_UK	0	0.010581614925457214	0.6246865391731262
LODO	Lee_PRIMM_UK	online_adaptive	20260805	V2A0185	Lee_PRIMM_UK	1	0.8423410971567058	0.6575490832328796
LODO	Lee_PRIMM_UK	online_adaptive	20260805	V2A0186	Lee_PRIMM_UK	0	0.6651771276158219	0.5776059627532959
LODO	Lee_PRIMM_UK	online_adaptive	20260805	V2A0187	Lee_PRIMM_UK	1	0.9714163029276139	0.6221555471420288
LODO	Lee_PRIMM_UK	online_adaptive	20260805	V2A0188	Lee_PRIMM_UK	1	0.8948406985238307	0.6343218088150024
LODO	Lee_PRIMM_UK	online_adaptive	20260805	V2A0189	Lee_PRIMM_UK	1	0.9725663772611873	0.5939950346946716
LODO	Lee_PRIMM_UK	online_adaptive	20260805	V2A0190	Lee_PRIMM_UK	1	0.5227825568673815	0.5299032926559448
LODO	Lee_PRIMM_UK	online_adaptive	20260805	V2A0191	Lee_PRIMM_UK	1	0.48509029723222646	0.5712551474571228
LODO	Lee_PRIMM_UK	online_adaptive	20260805	V2A0192	Lee_PRIMM_UK	1	0.2657916779526633	0.6330133676528931
LODO	Lee_PRIMM_UK	online_adaptive	20260805	V2A0193	Lee_PRIMM_UK	0	0.2839533470682134	0.526613175868988
LODO	Lee_PRIMM_UK	online_adaptive	20260805	V2A0194	Lee_PRIMM_UK	1	0.5784578607720557	0.6451923251152039
LODO	Lee_PRIMM_UK	online_adaptive	20260805	V2A0195	Lee_PRIMM_UK	0	0.43630163876167993	0.6317123174667358
LODO	Lee_PRIMM_UK	online_adaptive	20260805	V2A0196	Lee_PRIMM_UK	0	0.5421329034956045	0.5807037353515625
LODO	Lee_PRIMM_UK	online_adaptive	20260805	V2A0197	Lee_PRIMM_UK	1	0.11348155025032866	0.5854043364524841
LODO	Lee_PRIMM_UK	online_adaptive	20260805	V2A0198	Lee_PRIMM_UK	0	0.0639705839144994	0.6169760823249817
LODO	Lee_PRIMM_UK	online_adaptive	20260805	V2A0199	Lee_PRIMM_UK	1	0.0218032757957008	0.5639076828956604
LODO	Lee_PRIMM_UK	online_adaptive	20260805	V2A0200	Lee_PRIMM_UK	1	0.8890656932543688	0.5555412173271179
LODO	Lee_PRIMM_UK	online_adaptive	20260805	V2A0201	Lee_PRIMM_UK	0	0.04114747518875876	0.6016561985015869
LODO	Lee_PRIMM_UK	online_adaptive	20260805	V2A0202	Lee_PRIMM_UK	1	0.43982698684156707	0.5550022125244141
LODO	Lee_PRIMM_UK	online_adaptive	20260805	V2A0203	Lee_PRIMM_UK	1	0.6045657847691787	0.6344923973083496
LODO	Lee_PRIMM_UK	online_adaptive	20260805	V2A0204	Lee_PRIMM_UK	1	0.9492177601894712	0.5973316431045532
LODO	Lee_PRIMM_UK	online_adaptive	20260805	V2A0205	Lee_PRIMM_UK	0	0.31496426753240303	0.5885573625564575
LODO	Lee_PRIMM_UK	online_adaptive	20260805	V2A0206	Lee_PRIMM_UK	0	0.12506120806139842	0.5975335240364075
LODO	Lee_PRIMM_UK	online_adaptive	20260805	V2A0207	Lee_PRIMM_UK	1	0.5217530695315603	0.6429162621498108
LODO	Lee_PRIMM_UK	online_adaptive	20260805	V2A0208	Lee_PRIMM_UK	1	0.02479745560790251	0.5800088047981262
LODO	Lee_PRIMM_UK	online_adaptive	20260805	V2A0209	Lee_PRIMM_UK	1	0.9553424433177732	0.6331200003623962
LODO	Lee_PRIMM_UK	online_adaptive	20260805	V2A0210	Lee_PRIMM_UK	1	0.1529637702021026	0.5974497199058533
LODO	Lee_PRIMM_UK	online_adaptive	20260805	V2A0211	Lee_PRIMM_UK	0	0.3357019644423896	0.5997834801673889
LODO	Lee_PRIMM_UK	online_adaptive	20260805	V2A0212	Lee_PRIMM_UK	0	0.12171278135997325	0.5842732787132263
LODO	Lee_PRIMM_UK	online_adaptive	20260805	V2A0213	Lee_PRIMM_UK	1	0.00342776654590144	0.5814377069473267
LODO	Lee_PRIMM_UK	online_adaptive	20260805	V2A0214	Lee_PRIMM_UK	0	0.24290894403168573	0.60524582862854
LODO	Lee_PRIMM_UK	online_adaptive	20260805	V2A0215	Lee_PRIMM_UK	1	0.007809985071123682	0.5056180357933044
LODO	Lee_PRIMM_UK	online_adaptive	20260805	V2A0216	Lee_PRIMM_UK	1	0.2182560298373848	0.6118528842926025
LODO	Lee_PRIMM_UK	online_adaptive	20260805	V2A0217	Lee_PRIMM_UK	1	0.3129023342854488	0.6551445126533508
LODO	Lee_PRIMM_UK	online_adaptive	20260805	V2A0218	Lee_PRIMM_UK	0	0.022545202992925704	0.4388017952442169
LODO	Lee_PRIMM_UK	online_adaptive	20260805	V2A0219	Lee_PRIMM_UK	1	0.058202281188690294	0.6615428924560547
LODO	Lee_PRIMM_UK	online_adaptive	20260805	V2A0220	Lee_PRIMM_UK	0	0.004315228929341653	0.6149848699569702
LODO	Lee_PRIMM_UK	online_adaptive	20260805	V2A0221	Lee_PRIMM_UK	1	0.8991233403785664	0.6023019552230835
LODO	Lee_PRIMM_UK	online_adaptive	20260805	V2A0222	Lee_PRIMM_UK	1	0.2761177256358747	0.6458130478858948
LODO	Lee_PRIMM_UK	online_adaptive	20260805	V2A0223	Lee_PRIMM_UK	0	0.24306616341564707	0.5766162276268005
LODO	Lee_PRIMM_UK	online_adaptive	20260805	V2A0224	Lee_PRIMM_UK	0	0.04687709678922712	0.6019361019134521
LODO	Lee_PRIMM_UK	online_adaptive	20260805	V2A0225	Lee_PRIMM_UK	0	0.41329258495582477	0.6277508735656738
LODO	Lee_PRIMM_UK	online_adaptive	20260805	V2A0226	Lee_PRIMM_UK	1	0.38064264625288863	0.6296856999397278
LODO	Lee_PRIMM_UK	online_adaptive	20260805	V2A0227	Lee_PRIMM_UK	0	0.012922772020423426	0.5350985527038574
LODO	Lee_PRIMM_UK	online_adaptive	20260805	V2A0228	Lee_PRIMM_UK	0	0.050314538918217924	0.6198537349700928
LODO	Lee_PRIMM_UK	online_adaptive	20260806	V2A0175	Lee_PRIMM_UK	1	0.006318115576379548	0.6281839609146118
LODO	Lee_PRIMM_UK	online_adaptive	20260806	V2A0176	Lee_PRIMM_UK	1	0.9683240139431837	0.551946759223938
LODO	Lee_PRIMM_UK	online_adaptive	20260806	V2A0177	Lee_PRIMM_UK	1	0.10003354797934762	0.6335625052452087
LODO	Lee_PRIMM_UK	online_adaptive	20260806	V2A0178	Lee_PRIMM_UK	1	0.2759168638406713	0.6290542483329773
LODO	Lee_PRIMM_UK	online_adaptive	20260806	V2A0179	Lee_PRIMM_UK	1	0.8814984179510493	0.640285849571228
LODO	Lee_PRIMM_UK	online_adaptive	20260806	V2A0180	Lee_PRIMM_UK	1	0.6603826992317403	0.6193772554397583
LODO	Lee_PRIMM_UK	online_adaptive	20260806	V2A0181	Lee_PRIMM_UK	1	0.9786733580937783	0.6495677828788757
LODO	Lee_PRIMM_UK	online_adaptive	20260806	V2A0182	Lee_PRIMM_UK	0	0.10199895948431534	0.6428821086883545
LODO	Lee_PRIMM_UK	online_adaptive	20260806	V2A0183	Lee_PRIMM_UK	0	0.01767623575637256	0.5385583639144897
LODO	Lee_PRIMM_UK	online_adaptive	20260806	V2A0184	Lee_PRIMM_UK	0	0.010489798190333615	0.6109381318092346
LODO	Lee_PRIMM_UK	online_adaptive	20260806	V2A0185	Lee_PRIMM_UK	1	0.8481639628038509	0.6471326351165771
LODO	Lee_PRIMM_UK	online_adaptive	20260806	V2A0186	Lee_PRIMM_UK	0	0.665220564142475	0.5711694359779358
LODO	Lee_PRIMM_UK	online_adaptive	20260806	V2A0187	Lee_PRIMM_UK	1	0.972778065178769	0.6129544973373413
LODO	Lee_PRIMM_UK	online_adaptive	20260806	V2A0188	Lee_PRIMM_UK	1	0.8935305303442849	0.6224310398101807
LODO	Lee_PRIMM_UK	online_adaptive	20260806	V2A0189	Lee_PRIMM_UK	1	0.9708563155215834	0.5849981904029846
LODO	Lee_PRIMM_UK	online_adaptive	20260806	V2A0190	Lee_PRIMM_UK	1	0.523489394000175	0.5252143740653992
LODO	Lee_PRIMM_UK	online_adaptive	20260806	V2A0191	Lee_PRIMM_UK	1	0.4905198881755077	0.5625465512275696
LODO	Lee_PRIMM_UK	online_adaptive	20260806	V2A0192	Lee_PRIMM_UK	1	0.2728907047118378	0.6210817098617554
LODO	Lee_PRIMM_UK	online_adaptive	20260806	V2A0193	Lee_PRIMM_UK	0	0.29386838638805934	0.5193158984184265
LODO	Lee_PRIMM_UK	online_adaptive	20260806	V2A0194	Lee_PRIMM_UK	1	0.5913247289986846	0.6372088193893433
LODO	Lee_PRIMM_UK	online_adaptive	20260806	V2A0195	Lee_PRIMM_UK	0	0.42625634295837317	0.63092041015625
LODO	Lee_PRIMM_UK	online_adaptive	20260806	V2A0196	Lee_PRIMM_UK	0	0.5501963951800795	0.569875955581665
LODO	Lee_PRIMM_UK	online_adaptive	20260806	V2A0197	Lee_PRIMM_UK	1	0.11245840498177762	0.5756471157073975
LODO	Lee_PRIMM_UK	online_adaptive	20260806	V2A0198	Lee_PRIMM_UK	0	0.06455382571835477	0.6075831651687622
LODO	Lee_PRIMM_UK	online_adaptive	20260806	V2A0199	Lee_PRIMM_UK	1	0.021360778481587246	0.5501295328140259
LODO	Lee_PRIMM_UK	online_adaptive	20260806	V2A0200	Lee_PRIMM_UK	1	0.8882922567520666	0.5451030135154724
LODO	Lee_PRIMM_UK	online_adaptive	20260806	V2A0201	Lee_PRIMM_UK	0	0.04201593619031215	0.5924970507621765
LODO	Lee_PRIMM_UK	online_adaptive	20260806	V2A0202	Lee_PRIMM_UK	1	0.4530346522395537	0.5475756525993347
LODO	Lee_PRIMM_UK	online_adaptive	20260806	V2A0203	Lee_PRIMM_UK	1	0.608829684478741	0.6247313022613525
LODO	Lee_PRIMM_UK	online_adaptive	20260806	V2A0204	Lee_PRIMM_UK	1	0.9520391711858743	0.5870732665061951
LODO	Lee_PRIMM_UK	online_adaptive	20260806	V2A0205	Lee_PRIMM_UK	0	0.3210804162186766	0.5795175433158875
LODO	Lee_PRIMM_UK	online_adaptive	20260806	V2A0206	Lee_PRIMM_UK	0	0.12925986662206376	0.5890675783157349
LODO	Lee_PRIMM_UK	online_adaptive	20260806	V2A0207	Lee_PRIMM_UK	1	0.5330406219672762	0.6333388686180115
LODO	Lee_PRIMM_UK	online_adaptive	20260806	V2A0208	Lee_PRIMM_UK	1	0.02326632722852384	0.569463849067688
LODO	Lee_PRIMM_UK	online_adaptive	20260806	V2A0209	Lee_PRIMM_UK	1	0.9542488122623611	0.6334781050682068
LODO	Lee_PRIMM_UK	online_adaptive	20260806	V2A0210	Lee_PRIMM_UK	1	0.1600726629358218	0.5860258340835571
LODO	Lee_PRIMM_UK	online_adaptive	20260806	V2A0211	Lee_PRIMM_UK	0	0.34660143129936727	0.5899437069892883
LODO	Lee_PRIMM_UK	online_adaptive	20260806	V2A0212	Lee_PRIMM_UK	0	0.12754951473634685	0.573121964931488
LODO	Lee_PRIMM_UK	online_adaptive	20260806	V2A0213	Lee_PRIMM_UK	1	0.003577290344805178	0.5720427632331848
LODO	Lee_PRIMM_UK	online_adaptive	20260806	V2A0214	Lee_PRIMM_UK	0	0.24138078957217987	0.5934610962867737
LODO	Lee_PRIMM_UK	online_adaptive	20260806	V2A0215	Lee_PRIMM_UK	1	0.007942861357455503	0.4949010908603668
LODO	Lee_PRIMM_UK	online_adaptive	20260806	V2A0216	Lee_PRIMM_UK	1	0.2070981187757905	0.6016609072685242
LODO	Lee_PRIMM_UK	online_adaptive	20260806	V2A0217	Lee_PRIMM_UK	1	0.3204990980362368	0.6478525996208191
LODO	Lee_PRIMM_UK	online_adaptive	20260806	V2A0218	Lee_PRIMM_UK	0	0.023145280787575242	0.42311641573905945
LODO	Lee_PRIMM_UK	online_adaptive	20260806	V2A0219	Lee_PRIMM_UK	1	0.06013911442998964	0.6516516208648682
LODO	Lee_PRIMM_UK	online_adaptive	20260806	V2A0220	Lee_PRIMM_UK	0	0.0043588343278050095	0.6061499714851379
LODO	Lee_PRIMM_UK	online_adaptive	20260806	V2A0221	Lee_PRIMM_UK	1	0.8955852069121291	0.5899543166160583
LODO	Lee_PRIMM_UK	online_adaptive	20260806	V2A0222	Lee_PRIMM_UK	1	0.29046881604767466	0.6386522650718689
LODO	Lee_PRIMM_UK	online_adaptive	20260806	V2A0223	Lee_PRIMM_UK	0	0.24148922674723358	0.5662670135498047
LODO	Lee_PRIMM_UK	online_adaptive	20260806	V2A0224	Lee_PRIMM_UK	0	0.04813816663092075	0.5892308950424194
LODO	Lee_PRIMM_UK	online_adaptive	20260806	V2A0225	Lee_PRIMM_UK	0	0.4094705287717456	0.6199469566345215
LODO	Lee_PRIMM_UK	online_adaptive	20260806	V2A0226	Lee_PRIMM_UK	1	0.389203239013629	0.6230250000953674
LODO	Lee_PRIMM_UK	online_adaptive	20260806	V2A0227	Lee_PRIMM_UK	0	0.013509648961565469	0.5232198238372803
LODO	Lee_PRIMM_UK	online_adaptive	20260806	V2A0228	Lee_PRIMM_UK	0	0.05234759414449603	0.6094237565994263
LODO	Lee_PRIMM_UK	standard_transductive	20260802	V2A0175	Lee_PRIMM_UK	1	0.023867003272101426	0.634933352470398
LODO	Lee_PRIMM_UK	standard_transductive	20260802	V2A0176	Lee_PRIMM_UK	1	0.9398023157873518	0.6600174903869629
LODO	Lee_PRIMM_UK	standard_transductive	20260802	V2A0177	Lee_PRIMM_UK	1	0.11862645004032214	0.7218596339225769
LODO	Lee_PRIMM_UK	standard_transductive	20260802	V2A0178	Lee_PRIMM_UK	1	0.542808663923242	0.6079562306404114
LODO	Lee_PRIMM_UK	standard_transductive	20260802	V2A0179	Lee_PRIMM_UK	1	0.8646934612335049	0.659239649772644
LODO	Lee_PRIMM_UK	standard_transductive	20260802	V2A0180	Lee_PRIMM_UK	1	0.8069935003043773	0.7005289793014526
LODO	Lee_PRIMM_UK	standard_transductive	20260802	V2A0181	Lee_PRIMM_UK	1	0.9722040945013056	0.7267862558364868
LODO	Lee_PRIMM_UK	standard_transductive	20260802	V2A0182	Lee_PRIMM_UK	0	0.3103498247935196	0.6965340971946716
LODO	Lee_PRIMM_UK	standard_transductive	20260802	V2A0183	Lee_PRIMM_UK	0	0.030724731858564645	0.49496179819107056
LODO	Lee_PRIMM_UK	standard_transductive	20260802	V2A0184	Lee_PRIMM_UK	0	0.04499578722975803	0.6292526721954346
LODO	Lee_PRIMM_UK	standard_transductive	20260802	V2A0185	Lee_PRIMM_UK	1	0.8503241135611279	0.6471306681632996
LODO	Lee_PRIMM_UK	standard_transductive	20260802	V2A0186	Lee_PRIMM_UK	0	0.7069821803713945	0.7757539749145508
LODO	Lee_PRIMM_UK	standard_transductive	20260802	V2A0187	Lee_PRIMM_UK	1	0.9658367578642648	0.6905332803726196
LODO	Lee_PRIMM_UK	standard_transductive	20260802	V2A0188	Lee_PRIMM_UK	1	0.9474448390836899	0.6383758783340454
LODO	Lee_PRIMM_UK	standard_transductive	20260802	V2A0189	Lee_PRIMM_UK	1	0.9588962263458234	0.622662365436554
LODO	Lee_PRIMM_UK	standard_transductive	20260802	V2A0190	Lee_PRIMM_UK	1	0.6542857889127388	0.5585171580314636
LODO	Lee_PRIMM_UK	standard_transductive	20260802	V2A0191	Lee_PRIMM_UK	1	0.7034902686125211	0.5716321468353271
LODO	Lee_PRIMM_UK	standard_transductive	20260802	V2A0192	Lee_PRIMM_UK	1	0.38862072684235693	0.7034693956375122
LODO	Lee_PRIMM_UK	standard_transductive	20260802	V2A0193	Lee_PRIMM_UK	0	0.29757694475395347	0.657295286655426
LODO	Lee_PRIMM_UK	standard_transductive	20260802	V2A0194	Lee_PRIMM_UK	1	0.7021304717397153	0.6698005795478821
LODO	Lee_PRIMM_UK	standard_transductive	20260802	V2A0195	Lee_PRIMM_UK	0	0.6438587381143651	0.6804580688476562
LODO	Lee_PRIMM_UK	standard_transductive	20260802	V2A0196	Lee_PRIMM_UK	0	0.5398898841310041	0.6028570532798767
LODO	Lee_PRIMM_UK	standard_transductive	20260802	V2A0197	Lee_PRIMM_UK	1	0.2267074754839582	0.6035904288291931
LODO	Lee_PRIMM_UK	standard_transductive	20260802	V2A0198	Lee_PRIMM_UK	0	0.24189422689648707	0.6412646770477295
LODO	Lee_PRIMM_UK	standard_transductive	20260802	V2A0199	Lee_PRIMM_UK	1	0.05698672808268868	0.5589346885681152
LODO	Lee_PRIMM_UK	standard_transductive	20260802	V2A0200	Lee_PRIMM_UK	1	0.838961934694776	0.5490738749504089
LODO	Lee_PRIMM_UK	standard_transductive	20260802	V2A0201	Lee_PRIMM_UK	0	0.13210495955425797	0.6079265475273132
LODO	Lee_PRIMM_UK	standard_transductive	20260802	V2A0202	Lee_PRIMM_UK	1	0.5728563116496288	0.627692699432373
LODO	Lee_PRIMM_UK	standard_transductive	20260802	V2A0203	Lee_PRIMM_UK	1	0.7216758515949444	0.6566939353942871
LODO	Lee_PRIMM_UK	standard_transductive	20260802	V2A0204	Lee_PRIMM_UK	1	0.956613856558915	0.5354408621788025
LODO	Lee_PRIMM_UK	standard_transductive	20260802	V2A0205	Lee_PRIMM_UK	0	0.4525136534225133	0.5988122224807739
LODO	Lee_PRIMM_UK	standard_transductive	20260802	V2A0206	Lee_PRIMM_UK	0	0.13435939972383182	0.6272627711296082
LODO	Lee_PRIMM_UK	standard_transductive	20260802	V2A0207	Lee_PRIMM_UK	1	0.7487670424818242	0.6716969013214111
LODO	Lee_PRIMM_UK	standard_transductive	20260802	V2A0208	Lee_PRIMM_UK	1	0.06075938067371242	0.5966679453849792
LODO	Lee_PRIMM_UK	standard_transductive	20260802	V2A0209	Lee_PRIMM_UK	1	0.9447363152541582	0.6960261464118958
LODO	Lee_PRIMM_UK	standard_transductive	20260802	V2A0210	Lee_PRIMM_UK	1	0.22043912023408485	0.5751943588256836
LODO	Lee_PRIMM_UK	standard_transductive	20260802	V2A0211	Lee_PRIMM_UK	0	0.6002587065271757	0.5074426531791687
LODO	Lee_PRIMM_UK	standard_transductive	20260802	V2A0212	Lee_PRIMM_UK	0	0.3711621640650192	0.5807768702507019
LODO	Lee_PRIMM_UK	standard_transductive	20260802	V2A0213	Lee_PRIMM_UK	1	0.029624777214290767	0.4706265330314636
LODO	Lee_PRIMM_UK	standard_transductive	20260802	V2A0214	Lee_PRIMM_UK	0	0.27539136915017653	0.6559286117553711
LODO	Lee_PRIMM_UK	standard_transductive	20260802	V2A0215	Lee_PRIMM_UK	1	0.03989484595841278	0.5203915238380432
LODO	Lee_PRIMM_UK	standard_transductive	20260802	V2A0216	Lee_PRIMM_UK	1	0.26912528366494437	0.6334520578384399
LODO	Lee_PRIMM_UK	standard_transductive	20260802	V2A0217	Lee_PRIMM_UK	1	0.359450617315273	0.6830388307571411
LODO	Lee_PRIMM_UK	standard_transductive	20260802	V2A0218	Lee_PRIMM_UK	0	0.07607524542661917	0.44394755363464355
LODO	Lee_PRIMM_UK	standard_transductive	20260802	V2A0219	Lee_PRIMM_UK	1	0.13167926152612072	0.6254973411560059
LODO	Lee_PRIMM_UK	standard_transductive	20260802	V2A0220	Lee_PRIMM_UK	0	0.01218996418256801	0.6867880821228027
LODO	Lee_PRIMM_UK	standard_transductive	20260802	V2A0221	Lee_PRIMM_UK	1	0.9286484476445128	0.5834739804267883
LODO	Lee_PRIMM_UK	standard_transductive	20260802	V2A0222	Lee_PRIMM_UK	1	0.5150403745853053	0.6586081981658936
LODO	Lee_PRIMM_UK	standard_transductive	20260802	V2A0223	Lee_PRIMM_UK	0	0.33202098520603407	0.6443526148796082
LODO	Lee_PRIMM_UK	standard_transductive	20260802	V2A0224	Lee_PRIMM_UK	0	0.10927047661324452	0.5490946173667908
LODO	Lee_PRIMM_UK	standard_transductive	20260802	V2A0225	Lee_PRIMM_UK	0	0.5474282031288153	0.6527413129806519
LODO	Lee_PRIMM_UK	standard_transductive	20260802	V2A0226	Lee_PRIMM_UK	1	0.581365495367312	0.7433999180793762
LODO	Lee_PRIMM_UK	standard_transductive	20260802	V2A0227	Lee_PRIMM_UK	0	0.04307102237097565	0.51748126745224
LODO	Lee_PRIMM_UK	standard_transductive	20260802	V2A0228	Lee_PRIMM_UK	0	0.1737493074350787	0.6120967864990234
LODO	Lee_PRIMM_UK	standard_transductive	20260803	V2A0175	Lee_PRIMM_UK	1	0.024411927956925154	0.6479015350341797
LODO	Lee_PRIMM_UK	standard_transductive	20260803	V2A0176	Lee_PRIMM_UK	1	0.940467542260428	0.6742879748344421
LODO	Lee_PRIMM_UK	standard_transductive	20260803	V2A0177	Lee_PRIMM_UK	1	0.12064557442159334	0.7341347336769104
LODO	Lee_PRIMM_UK	standard_transductive	20260803	V2A0178	Lee_PRIMM_UK	1	0.5562105968906322	0.6232569217681885
LODO	Lee_PRIMM_UK	standard_transductive	20260803	V2A0179	Lee_PRIMM_UK	1	0.8643669968361047	0.6749807596206665
LODO	Lee_PRIMM_UK	standard_transductive	20260803	V2A0180	Lee_PRIMM_UK	1	0.8057091710695133	0.7188095450401306
LODO	Lee_PRIMM_UK	standard_transductive	20260803	V2A0181	Lee_PRIMM_UK	1	0.9731879633348415	0.742457926273346
LODO	Lee_PRIMM_UK	standard_transductive	20260803	V2A0182	Lee_PRIMM_UK	0	0.32187463594155113	0.7068798542022705
LODO	Lee_PRIMM_UK	standard_transductive	20260803	V2A0183	Lee_PRIMM_UK	0	0.030464496693094045	0.5110660791397095
LODO	Lee_PRIMM_UK	standard_transductive	20260803	V2A0184	Lee_PRIMM_UK	0	0.04227038638161598	0.6441877484321594
LODO	Lee_PRIMM_UK	standard_transductive	20260803	V2A0185	Lee_PRIMM_UK	1	0.8496088435043682	0.6688413619995117
LODO	Lee_PRIMM_UK	standard_transductive	20260803	V2A0186	Lee_PRIMM_UK	0	0.7073431049638998	0.7873532772064209
LODO	Lee_PRIMM_UK	standard_transductive	20260803	V2A0187	Lee_PRIMM_UK	1	0.9657305027028324	0.7059049010276794
LODO	Lee_PRIMM_UK	standard_transductive	20260803	V2A0188	Lee_PRIMM_UK	1	0.9457953653296225	0.6511504054069519
LODO	Lee_PRIMM_UK	standard_transductive	20260803	V2A0189	Lee_PRIMM_UK	1	0.9603185634418583	0.6425033211708069
LODO	Lee_PRIMM_UK	standard_transductive	20260803	V2A0190	Lee_PRIMM_UK	1	0.6626364549533184	0.5822693705558777
LODO	Lee_PRIMM_UK	standard_transductive	20260803	V2A0191	Lee_PRIMM_UK	1	0.6983847990450299	0.5908273458480835
LODO	Lee_PRIMM_UK	standard_transductive	20260803	V2A0192	Lee_PRIMM_UK	1	0.3970440598287237	0.7197968363761902
LODO	Lee_PRIMM_UK	standard_transductive	20260803	V2A0193	Lee_PRIMM_UK	0	0.3045016012624652	0.6815032362937927
LODO	Lee_PRIMM_UK	standard_transductive	20260803	V2A0194	Lee_PRIMM_UK	1	0.6913503413318878	0.6859063506126404
LODO	Lee_PRIMM_UK	standard_transductive	20260803	V2A0195	Lee_PRIMM_UK	0	0.6491724283100133	0.6957173943519592
LODO	Lee_PRIMM_UK	standard_transductive	20260803	V2A0196	Lee_PRIMM_UK	0	0.5496502886734739	0.6169357895851135
LODO	Lee_PRIMM_UK	standard_transductive	20260803	V2A0197	Lee_PRIMM_UK	1	0.22365434648404126	0.6232209801673889
LODO	Lee_PRIMM_UK	standard_transductive	20260803	V2A0198	Lee_PRIMM_UK	0	0.2347255171646245	0.6501725316047668
LODO	Lee_PRIMM_UK	standard_transductive	20260803	V2A0199	Lee_PRIMM_UK	1	0.055573187542002925	0.5769936442375183
LODO	Lee_PRIMM_UK	standard_transductive	20260803	V2A0200	Lee_PRIMM_UK	1	0.840136436314025	0.5705647468566895
LODO	Lee_PRIMM_UK	standard_transductive	20260803	V2A0201	Lee_PRIMM_UK	0	0.13025058879504783	0.6218421459197998
LODO	Lee_PRIMM_UK	standard_transductive	20260803	V2A0202	Lee_PRIMM_UK	1	0.5668343248267168	0.6409903168678284
LODO	Lee_PRIMM_UK	standard_transductive	20260803	V2A0203	Lee_PRIMM_UK	1	0.7131919809989254	0.6618840098381042
LODO	Lee_PRIMM_UK	standard_transductive	20260803	V2A0204	Lee_PRIMM_UK	1	0.9556994077575347	0.5573267340660095
LODO	Lee_PRIMM_UK	standard_transductive	20260803	V2A0205	Lee_PRIMM_UK	0	0.4481155446438447	0.6109529137611389
LODO	Lee_PRIMM_UK	standard_transductive	20260803	V2A0206	Lee_PRIMM_UK	0	0.1337719680403862	0.6434614658355713
LODO	Lee_PRIMM_UK	standard_transductive	20260803	V2A0207	Lee_PRIMM_UK	1	0.756022757748857	0.6876591444015503
LODO	Lee_PRIMM_UK	standard_transductive	20260803	V2A0208	Lee_PRIMM_UK	1	0.060509649262923536	0.6120724081993103
LODO	Lee_PRIMM_UK	standard_transductive	20260803	V2A0209	Lee_PRIMM_UK	1	0.9451818517844177	0.7152036428451538
LODO	Lee_PRIMM_UK	standard_transductive	20260803	V2A0210	Lee_PRIMM_UK	1	0.22237835257144434	0.5899002552032471
LODO	Lee_PRIMM_UK	standard_transductive	20260803	V2A0211	Lee_PRIMM_UK	0	0.605590438612898	0.5267373919487
LODO	Lee_PRIMM_UK	standard_transductive	20260803	V2A0212	Lee_PRIMM_UK	0	0.3728342653775884	0.593906819820404
LODO	Lee_PRIMM_UK	standard_transductive	20260803	V2A0213	Lee_PRIMM_UK	1	0.028844005409841594	0.4854075312614441
LODO	Lee_PRIMM_UK	standard_transductive	20260803	V2A0214	Lee_PRIMM_UK	0	0.2721001680456328	0.6713195443153381
LODO	Lee_PRIMM_UK	standard_transductive	20260803	V2A0215	Lee_PRIMM_UK	1	0.03967085992675787	0.5463852286338806
LODO	Lee_PRIMM_UK	standard_transductive	20260803	V2A0216	Lee_PRIMM_UK	1	0.27199150527016586	0.6480628848075867
LODO	Lee_PRIMM_UK	standard_transductive	20260803	V2A0217	Lee_PRIMM_UK	1	0.3584794874786166	0.6983392834663391
LODO	Lee_PRIMM_UK	standard_transductive	20260803	V2A0218	Lee_PRIMM_UK	0	0.07338589194367588	0.45949387550354004
LODO	Lee_PRIMM_UK	standard_transductive	20260803	V2A0219	Lee_PRIMM_UK	1	0.13240505250092036	0.6416248083114624
LODO	Lee_PRIMM_UK	standard_transductive	20260803	V2A0220	Lee_PRIMM_UK	0	0.01254577073304802	0.6999084949493408
LODO	Lee_PRIMM_UK	standard_transductive	20260803	V2A0221	Lee_PRIMM_UK	1	0.9279272443718966	0.5976406335830688
LODO	Lee_PRIMM_UK	standard_transductive	20260803	V2A0222	Lee_PRIMM_UK	1	0.5172090300945228	0.6690837144851685
LODO	Lee_PRIMM_UK	standard_transductive	20260803	V2A0223	Lee_PRIMM_UK	0	0.33688749203866064	0.6622808575630188
LODO	Lee_PRIMM_UK	standard_transductive	20260803	V2A0224	Lee_PRIMM_UK	0	0.11004328413686726	0.5626303553581238
LODO	Lee_PRIMM_UK	standard_transductive	20260803	V2A0225	Lee_PRIMM_UK	0	0.5428168298030229	0.6658946871757507
LODO	Lee_PRIMM_UK	standard_transductive	20260803	V2A0226	Lee_PRIMM_UK	1	0.573137972472482	0.7531904578208923
LODO	Lee_PRIMM_UK	standard_transductive	20260803	V2A0227	Lee_PRIMM_UK	0	0.044064900566207814	0.5434872508049011
LODO	Lee_PRIMM_UK	standard_transductive	20260803	V2A0228	Lee_PRIMM_UK	0	0.1727953682415875	0.6284657120704651
LODO	Lee_PRIMM_UK	standard_transductive	20260804	V2A0175	Lee_PRIMM_UK	1	0.023951354171229438	0.6450418829917908
LODO	Lee_PRIMM_UK	standard_transductive	20260804	V2A0176	Lee_PRIMM_UK	1	0.9413865605038185	0.6706129908561707
LODO	Lee_PRIMM_UK	standard_transductive	20260804	V2A0177	Lee_PRIMM_UK	1	0.12060384347258217	0.7294725775718689
LODO	Lee_PRIMM_UK	standard_transductive	20260804	V2A0178	Lee_PRIMM_UK	1	0.5459401563603918	0.6169336438179016
LODO	Lee_PRIMM_UK	standard_transductive	20260804	V2A0179	Lee_PRIMM_UK	1	0.8647991597847793	0.6661661267280579
LODO	Lee_PRIMM_UK	standard_transductive	20260804	V2A0180	Lee_PRIMM_UK	1	0.8036760970015877	0.7086477875709534
LODO	Lee_PRIMM_UK	standard_transductive	20260804	V2A0181	Lee_PRIMM_UK	1	0.9718820614383242	0.7343279123306274
LODO	Lee_PRIMM_UK	standard_transductive	20260804	V2A0182	Lee_PRIMM_UK	0	0.3227091314890402	0.7017477750778198
LODO	Lee_PRIMM_UK	standard_transductive	20260804	V2A0183	Lee_PRIMM_UK	0	0.03100454918434948	0.5049425959587097
LODO	Lee_PRIMM_UK	standard_transductive	20260804	V2A0184	Lee_PRIMM_UK	0	0.043782284153039176	0.6351673007011414
LODO	Lee_PRIMM_UK	standard_transductive	20260804	V2A0185	Lee_PRIMM_UK	1	0.8503895936998662	0.6568208932876587
LODO	Lee_PRIMM_UK	standard_transductive	20260804	V2A0186	Lee_PRIMM_UK	0	0.7008790591141427	0.7823237776756287
LODO	Lee_PRIMM_UK	standard_transductive	20260804	V2A0187	Lee_PRIMM_UK	1	0.9649985230445242	0.6963515877723694
LODO	Lee_PRIMM_UK	standard_transductive	20260804	V2A0188	Lee_PRIMM_UK	1	0.9477077073143032	0.6432891488075256
LODO	Lee_PRIMM_UK	standard_transductive	20260804	V2A0189	Lee_PRIMM_UK	1	0.9598957931600739	0.6308308243751526
LODO	Lee_PRIMM_UK	standard_transductive	20260804	V2A0190	Lee_PRIMM_UK	1	0.6569740514477679	0.5693816542625427
LODO	Lee_PRIMM_UK	standard_transductive	20260804	V2A0191	Lee_PRIMM_UK	1	0.7114065119745554	0.5844448208808899
LODO	Lee_PRIMM_UK	standard_transductive	20260804	V2A0192	Lee_PRIMM_UK	1	0.4000913615121727	0.7118374705314636
LODO	Lee_PRIMM_UK	standard_transductive	20260804	V2A0193	Lee_PRIMM_UK	0	0.3042242907712745	0.684561550617218
LODO	Lee_PRIMM_UK	standard_transductive	20260804	V2A0194	Lee_PRIMM_UK	1	0.692674056421166	0.6741713881492615
LODO	Lee_PRIMM_UK	standard_transductive	20260804	V2A0195	Lee_PRIMM_UK	0	0.6433812744544161	0.6846490502357483
LODO	Lee_PRIMM_UK	standard_transductive	20260804	V2A0196	Lee_PRIMM_UK	0	0.5336935429231192	0.6084099411964417
LODO	Lee_PRIMM_UK	standard_transductive	20260804	V2A0197	Lee_PRIMM_UK	1	0.22555072094293716	0.6142788529396057
LODO	Lee_PRIMM_UK	standard_transductive	20260804	V2A0198	Lee_PRIMM_UK	0	0.2473641974854926	0.644197404384613
LODO	Lee_PRIMM_UK	standard_transductive	20260804	V2A0199	Lee_PRIMM_UK	1	0.05557162310221282	0.5637672543525696
LODO	Lee_PRIMM_UK	standard_transductive	20260804	V2A0200	Lee_PRIMM_UK	1	0.8434005499700817	0.5580688714981079
LODO	Lee_PRIMM_UK	standard_transductive	20260804	V2A0201	Lee_PRIMM_UK	0	0.13084323494309005	0.6130635738372803
LODO	Lee_PRIMM_UK	standard_transductive	20260804	V2A0202	Lee_PRIMM_UK	1	0.5815210955238161	0.6314867734909058
LODO	Lee_PRIMM_UK	standard_transductive	20260804	V2A0203	Lee_PRIMM_UK	1	0.7176680241730731	0.6617776155471802
LODO	Lee_PRIMM_UK	standard_transductive	20260804	V2A0204	Lee_PRIMM_UK	1	0.9559868681397757	0.5432073473930359
LODO	Lee_PRIMM_UK	standard_transductive	20260804	V2A0205	Lee_PRIMM_UK	0	0.4537891663532821	0.5990685224533081
LODO	Lee_PRIMM_UK	standard_transductive	20260804	V2A0206	Lee_PRIMM_UK	0	0.13482645881115607	0.6305135488510132
LODO	Lee_PRIMM_UK	standard_transductive	20260804	V2A0207	Lee_PRIMM_UK	1	0.750818384145407	0.6813200116157532
LODO	Lee_PRIMM_UK	standard_transductive	20260804	V2A0208	Lee_PRIMM_UK	1	0.0606426973114198	0.6033780574798584
LODO	Lee_PRIMM_UK	standard_transductive	20260804	V2A0209	Lee_PRIMM_UK	1	0.9460322593948524	0.702380895614624
LODO	Lee_PRIMM_UK	standard_transductive	20260804	V2A0210	Lee_PRIMM_UK	1	0.22072868463238007	0.584707498550415
LODO	Lee_PRIMM_UK	standard_transductive	20260804	V2A0211	Lee_PRIMM_UK	0	0.615320438124473	0.5115486979484558
LODO	Lee_PRIMM_UK	standard_transductive	20260804	V2A0212	Lee_PRIMM_UK	0	0.37185287171413745	0.5863153338432312
LODO	Lee_PRIMM_UK	standard_transductive	20260804	V2A0213	Lee_PRIMM_UK	1	0.031237223253135635	0.47312575578689575
LODO	Lee_PRIMM_UK	standard_transductive	20260804	V2A0214	Lee_PRIMM_UK	0	0.273933563341944	0.6595646739006042
LODO	Lee_PRIMM_UK	standard_transductive	20260804	V2A0215	Lee_PRIMM_UK	1	0.03906494126229861	0.5310738682746887
LODO	Lee_PRIMM_UK	standard_transductive	20260804	V2A0216	Lee_PRIMM_UK	1	0.27083428870707055	0.6400107145309448
LODO	Lee_PRIMM_UK	standard_transductive	20260804	V2A0217	Lee_PRIMM_UK	1	0.35546734112973766	0.6922828555107117
LODO	Lee_PRIMM_UK	standard_transductive	20260804	V2A0218	Lee_PRIMM_UK	0	0.07447837239617239	0.4476214349269867
LODO	Lee_PRIMM_UK	standard_transductive	20260804	V2A0219	Lee_PRIMM_UK	1	0.13674994493474324	0.6310274600982666
LODO	Lee_PRIMM_UK	standard_transductive	20260804	V2A0220	Lee_PRIMM_UK	0	0.01256031683209762	0.6902939677238464
LODO	Lee_PRIMM_UK	standard_transductive	20260804	V2A0221	Lee_PRIMM_UK	1	0.9289870514183678	0.5901275873184204
LODO	Lee_PRIMM_UK	standard_transductive	20260804	V2A0222	Lee_PRIMM_UK	1	0.5017659584219986	0.664716899394989
LODO	Lee_PRIMM_UK	standard_transductive	20260804	V2A0223	Lee_PRIMM_UK	0	0.3347657831235027	0.6530597805976868
LODO	Lee_PRIMM_UK	standard_transductive	20260804	V2A0224	Lee_PRIMM_UK	0	0.10999162502516777	0.5594416260719299
LODO	Lee_PRIMM_UK	standard_transductive	20260804	V2A0225	Lee_PRIMM_UK	0	0.5498534277920949	0.6544303297996521
LODO	Lee_PRIMM_UK	standard_transductive	20260804	V2A0226	Lee_PRIMM_UK	1	0.5719655226793029	0.7512256503105164
LODO	Lee_PRIMM_UK	standard_transductive	20260804	V2A0227	Lee_PRIMM_UK	0	0.043627485797933456	0.5277377963066101
LODO	Lee_PRIMM_UK	standard_transductive	20260804	V2A0228	Lee_PRIMM_UK	0	0.17060566859995982	0.619799792766571
LODO	Lee_PRIMM_UK	standard_transductive	20260805	V2A0175	Lee_PRIMM_UK	1	0.02379811137483136	0.6467352509498596
LODO	Lee_PRIMM_UK	standard_transductive	20260805	V2A0176	Lee_PRIMM_UK	1	0.9427172154522868	0.6673122644424438
LODO	Lee_PRIMM_UK	standard_transductive	20260805	V2A0177	Lee_PRIMM_UK	1	0.11944896552510414	0.7299053072929382
LODO	Lee_PRIMM_UK	standard_transductive	20260805	V2A0178	Lee_PRIMM_UK	1	0.5483443238658098	0.6224552392959595
LODO	Lee_PRIMM_UK	standard_transductive	20260805	V2A0179	Lee_PRIMM_UK	1	0.8697985648758173	0.6681077480316162
LODO	Lee_PRIMM_UK	standard_transductive	20260805	V2A0180	Lee_PRIMM_UK	1	0.8000384323405415	0.7114104628562927
LODO	Lee_PRIMM_UK	standard_transductive	20260805	V2A0181	Lee_PRIMM_UK	1	0.9713720441536903	0.7328342199325562
LODO	Lee_PRIMM_UK	standard_transductive	20260805	V2A0182	Lee_PRIMM_UK	0	0.3200073307437222	0.7032452821731567
LODO	Lee_PRIMM_UK	standard_transductive	20260805	V2A0183	Lee_PRIMM_UK	0	0.03004604277980325	0.5062853097915649
LODO	Lee_PRIMM_UK	standard_transductive	20260805	V2A0184	Lee_PRIMM_UK	0	0.04370825274448133	0.6422075033187866
LODO	Lee_PRIMM_UK	standard_transductive	20260805	V2A0185	Lee_PRIMM_UK	1	0.8487507290034438	0.6595958471298218
LODO	Lee_PRIMM_UK	standard_transductive	20260805	V2A0186	Lee_PRIMM_UK	0	0.700744648347622	0.7718673348426819
LODO	Lee_PRIMM_UK	standard_transductive	20260805	V2A0187	Lee_PRIMM_UK	1	0.9656213916472619	0.7052112817764282
LODO	Lee_PRIMM_UK	standard_transductive	20260805	V2A0188	Lee_PRIMM_UK	1	0.9453673654932805	0.6491419076919556
LODO	Lee_PRIMM_UK	standard_transductive	20260805	V2A0189	Lee_PRIMM_UK	1	0.9600727080836	0.638253927230835
LODO	Lee_PRIMM_UK	standard_transductive	20260805	V2A0190	Lee_PRIMM_UK	1	0.6593091705275201	0.56874018907547
LODO	Lee_PRIMM_UK	standard_transductive	20260805	V2A0191	Lee_PRIMM_UK	1	0.7078012844930427	0.5848411917686462
LODO	Lee_PRIMM_UK	standard_transductive	20260805	V2A0192	Lee_PRIMM_UK	1	0.39296320123578543	0.7080826759338379
LODO	Lee_PRIMM_UK	standard_transductive	20260805	V2A0193	Lee_PRIMM_UK	0	0.2978924486445031	0.6775084137916565
LODO	Lee_PRIMM_UK	standard_transductive	20260805	V2A0194	Lee_PRIMM_UK	1	0.6842065210461216	0.6771861910820007
LODO	Lee_PRIMM_UK	standard_transductive	20260805	V2A0195	Lee_PRIMM_UK	0	0.6520786008789068	0.6920257210731506
LODO	Lee_PRIMM_UK	standard_transductive	20260805	V2A0196	Lee_PRIMM_UK	0	0.528786705993644	0.6129717826843262
LODO	Lee_PRIMM_UK	standard_transductive	20260805	V2A0197	Lee_PRIMM_UK	1	0.2316802831250451	0.6163071393966675
LODO	Lee_PRIMM_UK	standard_transductive	20260805	V2A0198	Lee_PRIMM_UK	0	0.24004428933726965	0.6482484340667725
LODO	Lee_PRIMM_UK	standard_transductive	20260805	V2A0199	Lee_PRIMM_UK	1	0.05758389315312514	0.5724111199378967
LODO	Lee_PRIMM_UK	standard_transductive	20260805	V2A0200	Lee_PRIMM_UK	1	0.8406316760014045	0.5665659308433533
LODO	Lee_PRIMM_UK	standard_transductive	20260805	V2A0201	Lee_PRIMM_UK	0	0.1310594237625822	0.6198598742485046
LODO	Lee_PRIMM_UK	standard_transductive	20260805	V2A0202	Lee_PRIMM_UK	1	0.5648944953692214	0.6305100321769714
LODO	Lee_PRIMM_UK	standard_transductive	20260805	V2A0203	Lee_PRIMM_UK	1	0.7193722518466221	0.6650232672691345
LODO	Lee_PRIMM_UK	standard_transductive	20260805	V2A0204	Lee_PRIMM_UK	1	0.9555228213672936	0.5564581155776978
LODO	Lee_PRIMM_UK	standard_transductive	20260805	V2A0205	Lee_PRIMM_UK	0	0.4479783837600532	0.6064324378967285
LODO	Lee_PRIMM_UK	standard_transductive	20260805	V2A0206	Lee_PRIMM_UK	0	0.1339442322628779	0.634795606136322
LODO	Lee_PRIMM_UK	standard_transductive	20260805	V2A0207	Lee_PRIMM_UK	1	0.7489291907337184	0.6836817860603333
LODO	Lee_PRIMM_UK	standard_transductive	20260805	V2A0208	Lee_PRIMM_UK	1	0.064227560404791	0.6099198460578918
LODO	Lee_PRIMM_UK	standard_transductive	20260805	V2A0209	Lee_PRIMM_UK	1	0.9471226857328173	0.6996648907661438
LODO	Lee_PRIMM_UK	standard_transductive	20260805	V2A0210	Lee_PRIMM_UK	1	0.22040610511677197	0.5876076221466064
LODO	Lee_PRIMM_UK	standard_transductive	20260805	V2A0211	Lee_PRIMM_UK	0	0.6001108880094406	0.5220933556556702
LODO	Lee_PRIMM_UK	standard_transductive	20260805	V2A0212	Lee_PRIMM_UK	0	0.36635477777241815	0.5852932929992676
LODO	Lee_PRIMM_UK	standard_transductive	20260805	V2A0213	Lee_PRIMM_UK	1	0.03012323148545136	0.4852592945098877
LODO	Lee_PRIMM_UK	standard_transductive	20260805	V2A0214	Lee_PRIMM_UK	0	0.27979311937057944	0.6665858030319214
LODO	Lee_PRIMM_UK	standard_transductive	20260805	V2A0215	Lee_PRIMM_UK	1	0.03874582351164195	0.5365563035011292
LODO	Lee_PRIMM_UK	standard_transductive	20260805	V2A0216	Lee_PRIMM_UK	1	0.2782423300433269	0.6443151235580444
LODO	Lee_PRIMM_UK	standard_transductive	20260805	V2A0217	Lee_PRIMM_UK	1	0.35612784519577867	0.6940458416938782
LODO	Lee_PRIMM_UK	standard_transductive	20260805	V2A0218	Lee_PRIMM_UK	0	0.07301812117987981	0.4529592990875244
LODO	Lee_PRIMM_UK	standard_transductive	20260805	V2A0219	Lee_PRIMM_UK	1	0.1321433772559948	0.63677579164505
LODO	Lee_PRIMM_UK	standard_transductive	20260805	V2A0220	Lee_PRIMM_UK	0	0.012735075225366925	0.6912007331848145
LODO	Lee_PRIMM_UK	standard_transductive	20260805	V2A0221	Lee_PRIMM_UK	1	0.9277030813074013	0.5951709747314453
LODO	Lee_PRIMM_UK	standard_transductive	20260805	V2A0222	Lee_PRIMM_UK	1	0.5101358611706539	0.6663792729377747
LODO	Lee_PRIMM_UK	standard_transductive	20260805	V2A0223	Lee_PRIMM_UK	0	0.33477833550893416	0.6536074876785278
LODO	Lee_PRIMM_UK	standard_transductive	20260805	V2A0224	Lee_PRIMM_UK	0	0.10783790251685098	0.5622151494026184
LODO	Lee_PRIMM_UK	standard_transductive	20260805	V2A0225	Lee_PRIMM_UK	0	0.5442556874657987	0.6587693095207214
LODO	Lee_PRIMM_UK	standard_transductive	20260805	V2A0226	Lee_PRIMM_UK	1	0.570850544639636	0.7449995279312134
LODO	Lee_PRIMM_UK	standard_transductive	20260805	V2A0227	Lee_PRIMM_UK	0	0.042539544617942134	0.5369467735290527
LODO	Lee_PRIMM_UK	standard_transductive	20260805	V2A0228	Lee_PRIMM_UK	0	0.1733331022615805	0.6251825094223022
LODO	Lee_PRIMM_UK	standard_transductive	20260806	V2A0175	Lee_PRIMM_UK	1	0.02396653955020237	0.6314421892166138
LODO	Lee_PRIMM_UK	standard_transductive	20260806	V2A0176	Lee_PRIMM_UK	1	0.9428959126947801	0.6549474596977234
LODO	Lee_PRIMM_UK	standard_transductive	20260806	V2A0177	Lee_PRIMM_UK	1	0.1191205908332802	0.7179231643676758
LODO	Lee_PRIMM_UK	standard_transductive	20260806	V2A0178	Lee_PRIMM_UK	1	0.5434643985354853	0.6095079779624939
LODO	Lee_PRIMM_UK	standard_transductive	20260806	V2A0179	Lee_PRIMM_UK	1	0.8655470845657653	0.6589632034301758
LODO	Lee_PRIMM_UK	standard_transductive	20260806	V2A0180	Lee_PRIMM_UK	1	0.800597366585639	0.7001197338104248
LODO	Lee_PRIMM_UK	standard_transductive	20260806	V2A0181	Lee_PRIMM_UK	1	0.9727310041730654	0.7213641405105591
LODO	Lee_PRIMM_UK	standard_transductive	20260806	V2A0182	Lee_PRIMM_UK	0	0.3138014271851321	0.6967189908027649
LODO	Lee_PRIMM_UK	standard_transductive	20260806	V2A0183	Lee_PRIMM_UK	0	0.03045102005857487	0.4967779815196991
LODO	Lee_PRIMM_UK	standard_transductive	20260806	V2A0184	Lee_PRIMM_UK	0	0.042674911358331125	0.6288484334945679
LODO	Lee_PRIMM_UK	standard_transductive	20260806	V2A0185	Lee_PRIMM_UK	1	0.8541803771232989	0.6503884196281433
LODO	Lee_PRIMM_UK	standard_transductive	20260806	V2A0186	Lee_PRIMM_UK	0	0.7028717075832429	0.7634133696556091
LODO	Lee_PRIMM_UK	standard_transductive	20260806	V2A0187	Lee_PRIMM_UK	1	0.9666251984312629	0.6896865367889404
LODO	Lee_PRIMM_UK	standard_transductive	20260806	V2A0188	Lee_PRIMM_UK	1	0.9452054017610754	0.6378365755081177
LODO	Lee_PRIMM_UK	standard_transductive	20260806	V2A0189	Lee_PRIMM_UK	1	0.9585947695399804	0.6249758005142212
LODO	Lee_PRIMM_UK	standard_transductive	20260806	V2A0190	Lee_PRIMM_UK	1	0.6609637177620693	0.5640667080879211
LODO	Lee_PRIMM_UK	standard_transductive	20260806	V2A0191	Lee_PRIMM_UK	1	0.7125757088886143	0.5771402716636658
LODO	Lee_PRIMM_UK	standard_transductive	20260806	V2A0192	Lee_PRIMM_UK	1	0.3986675416093463	0.6985340714454651
LODO	Lee_PRIMM_UK	standard_transductive	20260806	V2A0193	Lee_PRIMM_UK	0	0.30620819037817054	0.6779235005378723
LODO	Lee_PRIMM_UK	standard_transductive	20260806	V2A0194	Lee_PRIMM_UK	1	0.6897220904761274	0.6690751910209656
LODO	Lee_PRIMM_UK	standard_transductive	20260806	V2A0195	Lee_PRIMM_UK	0	0.6413350418451412	0.6844007968902588
LODO	Lee_PRIMM_UK	standard_transductive	20260806	V2A0196	Lee_PRIMM_UK	0	0.5363333719992537	0.5984379649162292
LODO	Lee_PRIMM_UK	standard_transductive	20260806	V2A0197	Lee_PRIMM_UK	1	0.2275106952320056	0.6115071773529053
LODO	Lee_PRIMM_UK	standard_transductive	20260806	V2A0198	Lee_PRIMM_UK	0	0.2404463110354412	0.6392804384231567
LODO	Lee_PRIMM_UK	standard_transductive	20260806	V2A0199	Lee_PRIMM_UK	1	0.05568451075507931	0.5578204989433289
LODO	Lee_PRIMM_UK	standard_transductive	20260806	V2A0200	Lee_PRIMM_UK	1	0.8411103890232389	0.5595774054527283
LODO	Lee_PRIMM_UK	standard_transductive	20260806	V2A0201	Lee_PRIMM_UK	0	0.1303347642838196	0.611255943775177
LODO	Lee_PRIMM_UK	standard_transductive	20260806	V2A0202	Lee_PRIMM_UK	1	0.5669063438885136	0.6198995113372803
LODO	Lee_PRIMM_UK	standard_transductive	20260806	V2A0203	Lee_PRIMM_UK	1	0.7190333738132885	0.6529099941253662
LODO	Lee_PRIMM_UK	standard_transductive	20260806	V2A0204	Lee_PRIMM_UK	1	0.9565032107297408	0.542512834072113
LODO	Lee_PRIMM_UK	standard_transductive	20260806	V2A0205	Lee_PRIMM_UK	0	0.4520488835914137	0.5962910652160645
LODO	Lee_PRIMM_UK	standard_transductive	20260806	V2A0206	Lee_PRIMM_UK	0	0.13638104363357834	0.6305174827575684
LODO	Lee_PRIMM_UK	standard_transductive	20260806	V2A0207	Lee_PRIMM_UK	1	0.7519670018117305	0.6751158833503723
LODO	Lee_PRIMM_UK	standard_transductive	20260806	V2A0208	Lee_PRIMM_UK	1	0.0611700693906035	0.6006015539169312
LODO	Lee_PRIMM_UK	standard_transductive	20260806	V2A0209	Lee_PRIMM_UK	1	0.9457011028633551	0.7029844522476196
LODO	Lee_PRIMM_UK	standard_transductive	20260806	V2A0210	Lee_PRIMM_UK	1	0.22584659678761226	0.5773692727088928
LODO	Lee_PRIMM_UK	standard_transductive	20260806	V2A0211	Lee_PRIMM_UK	0	0.607543221673285	0.5099231004714966
LODO	Lee_PRIMM_UK	standard_transductive	20260806	V2A0212	Lee_PRIMM_UK	0	0.3739123072141283	0.5749291777610779
LODO	Lee_PRIMM_UK	standard_transductive	20260806	V2A0213	Lee_PRIMM_UK	1	0.030819232556520068	0.4701901376247406
LODO	Lee_PRIMM_UK	standard_transductive	20260806	V2A0214	Lee_PRIMM_UK	0	0.2747837978246314	0.6519101858139038
LODO	Lee_PRIMM_UK	standard_transductive	20260806	V2A0215	Lee_PRIMM_UK	1	0.03908150146149715	0.523011326789856
LODO	Lee_PRIMM_UK	standard_transductive	20260806	V2A0216	Lee_PRIMM_UK	1	0.2661547281350572	0.6352798938751221
LODO	Lee_PRIMM_UK	standard_transductive	20260806	V2A0217	Lee_PRIMM_UK	1	0.36003783499404163	0.6857144832611084
LODO	Lee_PRIMM_UK	standard_transductive	20260806	V2A0218	Lee_PRIMM_UK	0	0.07373126757256303	0.42975717782974243
LODO	Lee_PRIMM_UK	standard_transductive	20260806	V2A0219	Lee_PRIMM_UK	1	0.1346465008818604	0.6213154792785645
LODO	Lee_PRIMM_UK	standard_transductive	20260806	V2A0220	Lee_PRIMM_UK	0	0.012602709759213964	0.686042845249176
LODO	Lee_PRIMM_UK	standard_transductive	20260806	V2A0221	Lee_PRIMM_UK	1	0.9263361969718984	0.5802929997444153
LODO	Lee_PRIMM_UK	standard_transductive	20260806	V2A0222	Lee_PRIMM_UK	1	0.5161286523961667	0.6598078012466431
LODO	Lee_PRIMM_UK	standard_transductive	20260806	V2A0223	Lee_PRIMM_UK	0	0.33216301198760007	0.6436948776245117
LODO	Lee_PRIMM_UK	standard_transductive	20260806	V2A0224	Lee_PRIMM_UK	0	0.11007819442741275	0.5463095903396606
LODO	Lee_PRIMM_UK	standard_transductive	20260806	V2A0225	Lee_PRIMM_UK	0	0.5409852346987747	0.6507169604301453
LODO	Lee_PRIMM_UK	standard_transductive	20260806	V2A0226	Lee_PRIMM_UK	1	0.5778794367707758	0.7392523288726807
LODO	Lee_PRIMM_UK	standard_transductive	20260806	V2A0227	Lee_PRIMM_UK	0	0.044288216663164945	0.5286492705345154
LODO	Lee_PRIMM_UK	standard_transductive	20260806	V2A0228	Lee_PRIMM_UK	0	0.17630132918231262	0.6129443645477295
LODO	Matson_US	online_adaptive	20260802	V2A0229	Matson_US	0	0.954164309790392	0.6328597068786621
LODO	Matson_US	online_adaptive	20260802	V2A0230	Matson_US	1	0.7270810219718518	0.6461778283119202
LODO	Matson_US	online_adaptive	20260802	V2A0231	Matson_US	1	0.8736474850866108	0.7254244685173035
LODO	Matson_US	online_adaptive	20260802	V2A0232	Matson_US	0	0.7080797085765463	0.6376256346702576
LODO	Matson_US	online_adaptive	20260802	V2A0233	Matson_US	0	0.9151820403917121	0.7526615858078003
LODO	Matson_US	online_adaptive	20260802	V2A0234	Matson_US	0	0.2740141779003685	0.6406263113021851
LODO	Matson_US	online_adaptive	20260802	V2A0235	Matson_US	0	0.12184518820666691	0.6140941381454468
LODO	Matson_US	online_adaptive	20260802	V2A0236	Matson_US	0	0.8800588028034068	0.7078878879547119
LODO	Matson_US	online_adaptive	20260802	V2A0237	Matson_US	0	0.34206965724012	0.6707926392555237
LODO	Matson_US	online_adaptive	20260802	V2A0238	Matson_US	0	0.48574502354056315	0.7233549952507019
LODO	Matson_US	online_adaptive	20260802	V2A0239	Matson_US	1	0.5658010405193026	0.7212140560150146
LODO	Matson_US	online_adaptive	20260802	V2A0240	Matson_US	0	0.566161088822259	0.6287906169891357
LODO	Matson_US	online_adaptive	20260802	V2A0241	Matson_US	0	0.4682837309038747	0.7122440338134766
LODO	Matson_US	online_adaptive	20260802	V2A0242	Matson_US	0	0.5197697089811582	0.7285076379776001
LODO	Matson_US	online_adaptive	20260802	V2A0243	Matson_US	0	0.8847759060308937	0.6922028660774231
LODO	Matson_US	online_adaptive	20260802	V2A0244	Matson_US	1	0.41441924920645146	0.5159580111503601
LODO	Matson_US	online_adaptive	20260802	V2A0245	Matson_US	1	0.986664885572508	0.6354597806930542
LODO	Matson_US	online_adaptive	20260802	V2A0246	Matson_US	0	0.9397250765257315	0.6868494153022766
LODO	Matson_US	online_adaptive	20260802	V2A0247	Matson_US	1	0.20500475363738815	0.6693876385688782
LODO	Matson_US	online_adaptive	20260802	V2A0248	Matson_US	0	0.6605629962535842	0.7077345848083496
LODO	Matson_US	online_adaptive	20260802	V2A0249	Matson_US	1	0.6126004191062802	0.6802390217781067
LODO	Matson_US	online_adaptive	20260802	V2A0250	Matson_US	0	0.679321112557277	0.6597418189048767
LODO	Matson_US	online_adaptive	20260802	V2A0251	Matson_US	1	0.663585024658227	0.6620737314224243
LODO	Matson_US	online_adaptive	20260802	V2A0252	Matson_US	0	0.6624740852328852	0.7152299880981445
LODO	Matson_US	online_adaptive	20260802	V2A0253	Matson_US	0	0.9008704417811275	0.6874679923057556
LODO	Matson_US	online_adaptive	20260802	V2A0254	Matson_US	1	0.8569081603107761	0.7416558861732483
LODO	Matson_US	online_adaptive	20260802	V2A0255	Matson_US	1	0.8292980824832993	0.6993936896324158
LODO	Matson_US	online_adaptive	20260802	V2A0256	Matson_US	1	0.33257464279808246	0.615717887878418
LODO	Matson_US	online_adaptive	20260802	V2A0257	Matson_US	0	0.7368276289873943	0.6747044324874878
LODO	Matson_US	online_adaptive	20260802	V2A0258	Matson_US	1	0.16587846975416237	0.6461410522460938
LODO	Matson_US	online_adaptive	20260802	V2A0259	Matson_US	1	0.14889938033865516	0.6989340782165527
LODO	Matson_US	online_adaptive	20260802	V2A0260	Matson_US	0	0.23187337127335753	0.6161671280860901
LODO	Matson_US	online_adaptive	20260802	V2A0261	Matson_US	0	0.7566405754820403	0.5807115435600281
LODO	Matson_US	online_adaptive	20260802	V2A0262	Matson_US	0	0.23510634967997518	0.6578137278556824
LODO	Matson_US	online_adaptive	20260802	V2A0263	Matson_US	0	0.036592242531954575	0.5440854430198669
LODO	Matson_US	online_adaptive	20260802	V2A0264	Matson_US	1	0.2432999007927379	0.6477797627449036
LODO	Matson_US	online_adaptive	20260802	V2A0265	Matson_US	0	0.8926450129580341	0.719935417175293
LODO	Matson_US	online_adaptive	20260802	V2A0266	Matson_US	0	0.6732346176891938	0.6695131063461304
LODO	Matson_US	online_adaptive	20260803	V2A0229	Matson_US	0	0.9518051209106964	0.6253539323806763
LODO	Matson_US	online_adaptive	20260803	V2A0230	Matson_US	1	0.7242504995577314	0.6394486427307129
LODO	Matson_US	online_adaptive	20260803	V2A0231	Matson_US	1	0.8705102012335921	0.7165380120277405
LODO	Matson_US	online_adaptive	20260803	V2A0232	Matson_US	0	0.7172919471943434	0.6337742209434509
LODO	Matson_US	online_adaptive	20260803	V2A0233	Matson_US	0	0.9117918215571719	0.7464435696601868
LODO	Matson_US	online_adaptive	20260803	V2A0234	Matson_US	0	0.275047862799823	0.6376630663871765
LODO	Matson_US	online_adaptive	20260803	V2A0235	Matson_US	0	0.11714712168318649	0.6064011454582214
LODO	Matson_US	online_adaptive	20260803	V2A0236	Matson_US	0	0.8798373013064411	0.6972814202308655
LODO	Matson_US	online_adaptive	20260803	V2A0237	Matson_US	0	0.34167184521684846	0.6629108786582947
LODO	Matson_US	online_adaptive	20260803	V2A0238	Matson_US	0	0.491101668968765	0.7192375659942627
LODO	Matson_US	online_adaptive	20260803	V2A0239	Matson_US	1	0.5653549741654468	0.7152215838432312
LODO	Matson_US	online_adaptive	20260803	V2A0240	Matson_US	0	0.5593166232301262	0.6209104061126709
LODO	Matson_US	online_adaptive	20260803	V2A0241	Matson_US	0	0.461768263219311	0.7050053477287292
LODO	Matson_US	online_adaptive	20260803	V2A0242	Matson_US	0	0.5181940304525718	0.7206363677978516
LODO	Matson_US	online_adaptive	20260803	V2A0243	Matson_US	0	0.8875657423983832	0.6814568042755127
LODO	Matson_US	online_adaptive	20260803	V2A0244	Matson_US	1	0.4260478551102302	0.5050005912780762
LODO	Matson_US	online_adaptive	20260803	V2A0245	Matson_US	1	0.9865097934478642	0.625091016292572
LODO	Matson_US	online_adaptive	20260803	V2A0246	Matson_US	0	0.9423169928905653	0.6794308423995972
LODO	Matson_US	online_adaptive	20260803	V2A0247	Matson_US	1	0.21564002463174192	0.6543641686439514
LODO	Matson_US	online_adaptive	20260803	V2A0248	Matson_US	0	0.6551616443763355	0.7031697034835815
LODO	Matson_US	online_adaptive	20260803	V2A0249	Matson_US	1	0.6175880961800382	0.6763949394226074
LODO	Matson_US	online_adaptive	20260803	V2A0250	Matson_US	0	0.6955519095880803	0.6422525644302368
LODO	Matson_US	online_adaptive	20260803	V2A0251	Matson_US	1	0.6541721705667028	0.6526237726211548
LODO	Matson_US	online_adaptive	20260803	V2A0252	Matson_US	0	0.6585685554838604	0.7035601735115051
LODO	Matson_US	online_adaptive	20260803	V2A0253	Matson_US	0	0.9034552598292243	0.6838556528091431
LODO	Matson_US	online_adaptive	20260803	V2A0254	Matson_US	1	0.8584787300998763	0.7364072799682617
LODO	Matson_US	online_adaptive	20260803	V2A0255	Matson_US	1	0.8338113454912498	0.6908736824989319
LODO	Matson_US	online_adaptive	20260803	V2A0256	Matson_US	1	0.34953993833391156	0.6102432608604431
LODO	Matson_US	online_adaptive	20260803	V2A0257	Matson_US	0	0.739638275213704	0.6656196117401123
LODO	Matson_US	online_adaptive	20260803	V2A0258	Matson_US	1	0.16966060613601067	0.6386367082595825
LODO	Matson_US	online_adaptive	20260803	V2A0259	Matson_US	1	0.1508543165758329	0.6954349875450134
LODO	Matson_US	online_adaptive	20260803	V2A0260	Matson_US	0	0.23157569858262403	0.6075302958488464
LODO	Matson_US	online_adaptive	20260803	V2A0261	Matson_US	0	0.7507889265048583	0.5719413161277771
LODO	Matson_US	online_adaptive	20260803	V2A0262	Matson_US	0	0.23590724185219283	0.6541256308555603
LODO	Matson_US	online_adaptive	20260803	V2A0263	Matson_US	0	0.03425457459820593	0.5342427492141724
LODO	Matson_US	online_adaptive	20260803	V2A0264	Matson_US	1	0.24218525313958617	0.6366515159606934
LODO	Matson_US	online_adaptive	20260803	V2A0265	Matson_US	0	0.8927685829623271	0.7161185145378113
LODO	Matson_US	online_adaptive	20260803	V2A0266	Matson_US	0	0.6810678531400692	0.6667128801345825
LODO	Matson_US	online_adaptive	20260804	V2A0229	Matson_US	0	0.9530017577595	0.6287906765937805
LODO	Matson_US	online_adaptive	20260804	V2A0230	Matson_US	1	0.7384731918643828	0.6438474059104919
LODO	Matson_US	online_adaptive	20260804	V2A0231	Matson_US	1	0.8721682512533366	0.7210365533828735
LODO	Matson_US	online_adaptive	20260804	V2A0232	Matson_US	0	0.7179325625749607	0.6350270509719849
LODO	Matson_US	online_adaptive	20260804	V2A0233	Matson_US	0	0.9134082241112411	0.7518701553344727
LODO	Matson_US	online_adaptive	20260804	V2A0234	Matson_US	0	0.27370706249045984	0.6317814588546753
LODO	Matson_US	online_adaptive	20260804	V2A0235	Matson_US	0	0.12081867429281143	0.6103561520576477
LODO	Matson_US	online_adaptive	20260804	V2A0236	Matson_US	0	0.8710051972382946	0.6981828212738037
LODO	Matson_US	online_adaptive	20260804	V2A0237	Matson_US	0	0.3546593906628843	0.662445604801178
LODO	Matson_US	online_adaptive	20260804	V2A0238	Matson_US	0	0.4979907722407875	0.7154269218444824
LODO	Matson_US	online_adaptive	20260804	V2A0239	Matson_US	1	0.5617008220735263	0.7175650596618652
LODO	Matson_US	online_adaptive	20260804	V2A0240	Matson_US	0	0.5771116085233917	0.625093400478363
LODO	Matson_US	online_adaptive	20260804	V2A0241	Matson_US	0	0.46345471818678907	0.7087724208831787
LODO	Matson_US	online_adaptive	20260804	V2A0242	Matson_US	0	0.5192339227236702	0.7232218980789185
LODO	Matson_US	online_adaptive	20260804	V2A0243	Matson_US	0	0.8894835855474384	0.6853249073028564
LODO	Matson_US	online_adaptive	20260804	V2A0244	Matson_US	1	0.43969955504749336	0.5013206005096436
LODO	Matson_US	online_adaptive	20260804	V2A0245	Matson_US	1	0.9865801727826635	0.6256462335586548
LODO	Matson_US	online_adaptive	20260804	V2A0246	Matson_US	0	0.9379553164484391	0.6823273301124573
LODO	Matson_US	online_adaptive	20260804	V2A0247	Matson_US	1	0.22150277589713288	0.6597329378128052
LODO	Matson_US	online_adaptive	20260804	V2A0248	Matson_US	0	0.6582330828721297	0.7028958201408386
LODO	Matson_US	online_adaptive	20260804	V2A0249	Matson_US	1	0.6199015703109051	0.6820483803749084
LODO	Matson_US	online_adaptive	20260804	V2A0250	Matson_US	0	0.6832597255240822	0.6426432132720947
LODO	Matson_US	online_adaptive	20260804	V2A0251	Matson_US	1	0.6595443387265264	0.6514414548873901
LODO	Matson_US	online_adaptive	20260804	V2A0252	Matson_US	0	0.6641106374907527	0.7046155333518982
LODO	Matson_US	online_adaptive	20260804	V2A0253	Matson_US	0	0.9030939109498745	0.6888023614883423
LODO	Matson_US	online_adaptive	20260804	V2A0254	Matson_US	1	0.8525414885579359	0.7405701279640198
LODO	Matson_US	online_adaptive	20260804	V2A0255	Matson_US	1	0.8358489429833174	0.6894945502281189
LODO	Matson_US	online_adaptive	20260804	V2A0256	Matson_US	1	0.3528762383576179	0.6139905452728271
LODO	Matson_US	online_adaptive	20260804	V2A0257	Matson_US	0	0.7430489918979201	0.6717531681060791
LODO	Matson_US	online_adaptive	20260804	V2A0258	Matson_US	1	0.16975772311131215	0.6438318490982056
LODO	Matson_US	online_adaptive	20260804	V2A0259	Matson_US	1	0.15547629812963204	0.6972891688346863
LODO	Matson_US	online_adaptive	20260804	V2A0260	Matson_US	0	0.22693626731499034	0.6002382636070251
LODO	Matson_US	online_adaptive	20260804	V2A0261	Matson_US	0	0.7674999662859109	0.5734890699386597
LODO	Matson_US	online_adaptive	20260804	V2A0262	Matson_US	0	0.23751612489152577	0.6587854623794556
LODO	Matson_US	online_adaptive	20260804	V2A0263	Matson_US	0	0.033839654027550264	0.529204249382019
LODO	Matson_US	online_adaptive	20260804	V2A0264	Matson_US	1	0.24385831196172905	0.6363939046859741
LODO	Matson_US	online_adaptive	20260804	V2A0265	Matson_US	0	0.894369955175131	0.7195336818695068
LODO	Matson_US	online_adaptive	20260804	V2A0266	Matson_US	0	0.6803015749756681	0.6701822280883789
LODO	Matson_US	online_adaptive	20260805	V2A0229	Matson_US	0	0.9529431007985487	0.6309064626693726
LODO	Matson_US	online_adaptive	20260805	V2A0230	Matson_US	1	0.7355224291414167	0.6438055038452148
LODO	Matson_US	online_adaptive	20260805	V2A0231	Matson_US	1	0.8726495714848665	0.7228907346725464
LODO	Matson_US	online_adaptive	20260805	V2A0232	Matson_US	0	0.7165780340062499	0.6350883841514587
LODO	Matson_US	online_adaptive	20260805	V2A0233	Matson_US	0	0.9155863481780342	0.7544609904289246
LODO	Matson_US	online_adaptive	20260805	V2A0234	Matson_US	0	0.2742593426807602	0.6407902240753174
LODO	Matson_US	online_adaptive	20260805	V2A0235	Matson_US	0	0.1191434731723775	0.61068195104599
LODO	Matson_US	online_adaptive	20260805	V2A0236	Matson_US	0	0.8785158298811239	0.7011252045631409
LODO	Matson_US	online_adaptive	20260805	V2A0237	Matson_US	0	0.3401885148709032	0.6651613712310791
LODO	Matson_US	online_adaptive	20260805	V2A0238	Matson_US	0	0.49499146503250807	0.7217563986778259
LODO	Matson_US	online_adaptive	20260805	V2A0239	Matson_US	1	0.5506211597905416	0.7203779816627502
LODO	Matson_US	online_adaptive	20260805	V2A0240	Matson_US	0	0.5650437384169787	0.622014582157135
LODO	Matson_US	online_adaptive	20260805	V2A0241	Matson_US	0	0.4705579515388661	0.7092090249061584
LODO	Matson_US	online_adaptive	20260805	V2A0242	Matson_US	0	0.5233599779189558	0.7251478433609009
LODO	Matson_US	online_adaptive	20260805	V2A0243	Matson_US	0	0.8888225140680446	0.6897603869438171
LODO	Matson_US	online_adaptive	20260805	V2A0244	Matson_US	1	0.41268685921709186	0.5075723528862
LODO	Matson_US	online_adaptive	20260805	V2A0245	Matson_US	1	0.9870217286018175	0.6327328085899353
LODO	Matson_US	online_adaptive	20260805	V2A0246	Matson_US	0	0.9374821444564092	0.6843286752700806
LODO	Matson_US	online_adaptive	20260805	V2A0247	Matson_US	1	0.21482094823112968	0.669131338596344
LODO	Matson_US	online_adaptive	20260805	V2A0248	Matson_US	0	0.6688029177376354	0.706954300403595
LODO	Matson_US	online_adaptive	20260805	V2A0249	Matson_US	1	0.6192211205536691	0.683191180229187
LODO	Matson_US	online_adaptive	20260805	V2A0250	Matson_US	0	0.6968346602623545	0.6514986753463745
LODO	Matson_US	online_adaptive	20260805	V2A0251	Matson_US	1	0.6602360987361219	0.6536135077476501
LODO	Matson_US	online_adaptive	20260805	V2A0252	Matson_US	0	0.6684424178152774	0.7044414281845093
LODO	Matson_US	online_adaptive	20260805	V2A0253	Matson_US	0	0.9050827480543604	0.6885991096496582
LODO	Matson_US	online_adaptive	20260805	V2A0254	Matson_US	1	0.8564833569319978	0.7429027557373047
LODO	Matson_US	online_adaptive	20260805	V2A0255	Matson_US	1	0.8357866937950406	0.6961724758148193
LODO	Matson_US	online_adaptive	20260805	V2A0256	Matson_US	1	0.3586773499627923	0.6108425855636597
LODO	Matson_US	online_adaptive	20260805	V2A0257	Matson_US	0	0.7425338478151479	0.6728987097740173
LODO	Matson_US	online_adaptive	20260805	V2A0258	Matson_US	1	0.1763794360053903	0.6430984139442444
LODO	Matson_US	online_adaptive	20260805	V2A0259	Matson_US	1	0.14994289154202148	0.7013799548149109
LODO	Matson_US	online_adaptive	20260805	V2A0260	Matson_US	0	0.22312762576577916	0.6030541658401489
LODO	Matson_US	online_adaptive	20260805	V2A0261	Matson_US	0	0.7607431445532569	0.5750110745429993
LODO	Matson_US	online_adaptive	20260805	V2A0262	Matson_US	0	0.2277328869244118	0.6581907272338867
LODO	Matson_US	online_adaptive	20260805	V2A0263	Matson_US	0	0.03547762625057968	0.5405455231666565
LODO	Matson_US	online_adaptive	20260805	V2A0264	Matson_US	1	0.2440791429788666	0.6446769833564758
LODO	Matson_US	online_adaptive	20260805	V2A0265	Matson_US	0	0.8952972778809624	0.7216329574584961
LODO	Matson_US	online_adaptive	20260805	V2A0266	Matson_US	0	0.6753127832401131	0.6677052974700928
LODO	Matson_US	online_adaptive	20260806	V2A0229	Matson_US	0	0.9528845078879156	0.6264095306396484
LODO	Matson_US	online_adaptive	20260806	V2A0230	Matson_US	1	0.7320546074884569	0.6394365429878235
LODO	Matson_US	online_adaptive	20260806	V2A0231	Matson_US	1	0.8721862857265497	0.722952127456665
LODO	Matson_US	online_adaptive	20260806	V2A0232	Matson_US	0	0.723293880799893	0.6298360824584961
LODO	Matson_US	online_adaptive	20260806	V2A0233	Matson_US	0	0.9165870643949692	0.7466335892677307
LODO	Matson_US	online_adaptive	20260806	V2A0234	Matson_US	0	0.2751318565503482	0.6413496136665344
LODO	Matson_US	online_adaptive	20260806	V2A0235	Matson_US	0	0.11505374165606357	0.6061456203460693
LODO	Matson_US	online_adaptive	20260806	V2A0236	Matson_US	0	0.8807907635167009	0.6954611539840698
LODO	Matson_US	online_adaptive	20260806	V2A0237	Matson_US	0	0.3416963016718724	0.6633220314979553
LODO	Matson_US	online_adaptive	20260806	V2A0238	Matson_US	0	0.5076750896770342	0.7235936522483826
LODO	Matson_US	online_adaptive	20260806	V2A0239	Matson_US	1	0.5586234359055162	0.7176024317741394
LODO	Matson_US	online_adaptive	20260806	V2A0240	Matson_US	0	0.5771895786013225	0.6236047148704529
LODO	Matson_US	online_adaptive	20260806	V2A0241	Matson_US	0	0.47551560635093776	0.7063353657722473
LODO	Matson_US	online_adaptive	20260806	V2A0242	Matson_US	0	0.5259480259774348	0.7248853445053101
LODO	Matson_US	online_adaptive	20260806	V2A0243	Matson_US	0	0.8932700505554543	0.6866257190704346
LODO	Matson_US	online_adaptive	20260806	V2A0244	Matson_US	1	0.41675374722098746	0.5110804438591003
LODO	Matson_US	online_adaptive	20260806	V2A0245	Matson_US	1	0.9870056841994721	0.6294345855712891
LODO	Matson_US	online_adaptive	20260806	V2A0246	Matson_US	0	0.9394482402650971	0.6785768866539001
LODO	Matson_US	online_adaptive	20260806	V2A0247	Matson_US	1	0.2138219526691493	0.6619746685028076
LODO	Matson_US	online_adaptive	20260806	V2A0248	Matson_US	0	0.6671928092937862	0.7026492953300476
LODO	Matson_US	online_adaptive	20260806	V2A0249	Matson_US	1	0.6372154322961399	0.6757104992866516
LODO	Matson_US	online_adaptive	20260806	V2A0250	Matson_US	0	0.6979633964906039	0.6483802795410156
LODO	Matson_US	online_adaptive	20260806	V2A0251	Matson_US	1	0.6627256729727787	0.6515977382659912
LODO	Matson_US	online_adaptive	20260806	V2A0252	Matson_US	0	0.6727624563991037	0.7056792378425598
LODO	Matson_US	online_adaptive	20260806	V2A0253	Matson_US	0	0.9062648574783588	0.681584894657135
LODO	Matson_US	online_adaptive	20260806	V2A0254	Matson_US	1	0.8547785492295363	0.7391272187232971
LODO	Matson_US	online_adaptive	20260806	V2A0255	Matson_US	1	0.8366488589864005	0.6914069056510925
LODO	Matson_US	online_adaptive	20260806	V2A0256	Matson_US	1	0.35271560631013854	0.609967827796936
LODO	Matson_US	online_adaptive	20260806	V2A0257	Matson_US	0	0.7447198839346206	0.662401556968689
LODO	Matson_US	online_adaptive	20260806	V2A0258	Matson_US	1	0.16782669663734662	0.6395784020423889
LODO	Matson_US	online_adaptive	20260806	V2A0259	Matson_US	1	0.1565049005247358	0.6964454054832458
LODO	Matson_US	online_adaptive	20260806	V2A0260	Matson_US	0	0.2342476652690458	0.6058676838874817
LODO	Matson_US	online_adaptive	20260806	V2A0261	Matson_US	0	0.763687378878448	0.5740139484405518
LODO	Matson_US	online_adaptive	20260806	V2A0262	Matson_US	0	0.23501341223589395	0.6497629880905151
LODO	Matson_US	online_adaptive	20260806	V2A0263	Matson_US	0	0.03462348258170507	0.5317830443382263
LODO	Matson_US	online_adaptive	20260806	V2A0264	Matson_US	1	0.2414948761490669	0.6429508328437805
LODO	Matson_US	online_adaptive	20260806	V2A0265	Matson_US	0	0.8998008089278571	0.7167816758155823
LODO	Matson_US	online_adaptive	20260806	V2A0266	Matson_US	0	0.683659957456971	0.6644336581230164
LODO	Matson_US	standard_transductive	20260802	V2A0229	Matson_US	0	0.94281881845912	0.6608786582946777
LODO	Matson_US	standard_transductive	20260802	V2A0230	Matson_US	1	0.8028812026141701	0.6518142223358154
LODO	Matson_US	standard_transductive	20260802	V2A0231	Matson_US	1	0.850152267540766	0.8882770538330078
LODO	Matson_US	standard_transductive	20260802	V2A0232	Matson_US	0	0.6228470079264439	0.6494225263595581
LODO	Matson_US	standard_transductive	20260802	V2A0233	Matson_US	0	0.919041747228488	0.7680157423019409
LODO	Matson_US	standard_transductive	20260802	V2A0234	Matson_US	0	0.34180586107376065	0.7278876304626465
LODO	Matson_US	standard_transductive	20260802	V2A0235	Matson_US	0	0.19831935100263667	0.6575806736946106
LODO	Matson_US	standard_transductive	20260802	V2A0236	Matson_US	0	0.8800649398468068	0.755563497543335
LODO	Matson_US	standard_transductive	20260802	V2A0237	Matson_US	0	0.4087083552936436	0.7681643962860107
LODO	Matson_US	standard_transductive	20260802	V2A0238	Matson_US	0	0.44783417493135763	0.8201298713684082
LODO	Matson_US	standard_transductive	20260802	V2A0239	Matson_US	1	0.5579670177539614	0.7662426829338074
LODO	Matson_US	standard_transductive	20260802	V2A0240	Matson_US	0	0.7525846477333725	0.6947491765022278
LODO	Matson_US	standard_transductive	20260802	V2A0241	Matson_US	0	0.3768823739728511	0.7293244004249573
LODO	Matson_US	standard_transductive	20260802	V2A0242	Matson_US	0	0.654677397286573	0.7885520458221436
LODO	Matson_US	standard_transductive	20260802	V2A0243	Matson_US	0	0.8859077471692485	0.7179160118103027
LODO	Matson_US	standard_transductive	20260802	V2A0244	Matson_US	1	0.40790658017953024	0.6654706001281738
LODO	Matson_US	standard_transductive	20260802	V2A0245	Matson_US	1	0.9794310755121036	0.736899733543396
LODO	Matson_US	standard_transductive	20260802	V2A0246	Matson_US	0	0.9350537248501652	0.7011774182319641
LODO	Matson_US	standard_transductive	20260802	V2A0247	Matson_US	1	0.33667153956242646	0.7281869053840637
LODO	Matson_US	standard_transductive	20260802	V2A0248	Matson_US	0	0.7354083904880995	0.7867041826248169
LODO	Matson_US	standard_transductive	20260802	V2A0249	Matson_US	1	0.607831780319158	0.7359936237335205
LODO	Matson_US	standard_transductive	20260802	V2A0250	Matson_US	0	0.6741430567849387	0.7097087502479553
LODO	Matson_US	standard_transductive	20260802	V2A0251	Matson_US	1	0.6496432325894543	0.7260439395904541
LODO	Matson_US	standard_transductive	20260802	V2A0252	Matson_US	0	0.8134806695369621	0.7589483857154846
LODO	Matson_US	standard_transductive	20260802	V2A0253	Matson_US	0	0.9127750425220678	0.7158283591270447
LODO	Matson_US	standard_transductive	20260802	V2A0254	Matson_US	1	0.8587098889334261	0.7817822694778442
LODO	Matson_US	standard_transductive	20260802	V2A0255	Matson_US	1	0.826416707575383	0.7586140036582947
LODO	Matson_US	standard_transductive	20260802	V2A0256	Matson_US	1	0.4622263532537119	0.6636030077934265
LODO	Matson_US	standard_transductive	20260802	V2A0257	Matson_US	0	0.8197904687581535	0.6934623718261719
LODO	Matson_US	standard_transductive	20260802	V2A0258	Matson_US	1	0.2816796662537928	0.6554851531982422
LODO	Matson_US	standard_transductive	20260802	V2A0259	Matson_US	1	0.13152388470617704	0.7165922522544861
LODO	Matson_US	standard_transductive	20260802	V2A0260	Matson_US	0	0.3798225691222615	0.6311209797859192
LODO	Matson_US	standard_transductive	20260802	V2A0261	Matson_US	0	0.7361353889528354	0.621256947517395
LODO	Matson_US	standard_transductive	20260802	V2A0262	Matson_US	0	0.25053090518260873	0.6774206757545471
LODO	Matson_US	standard_transductive	20260802	V2A0263	Matson_US	0	0.04591676640432444	0.6500589847564697
LODO	Matson_US	standard_transductive	20260802	V2A0264	Matson_US	1	0.49590447875594057	0.7017080783843994
LODO	Matson_US	standard_transductive	20260802	V2A0265	Matson_US	0	0.8727014736408357	0.7466374635696411
LODO	Matson_US	standard_transductive	20260802	V2A0266	Matson_US	0	0.6902985804321257	0.5722078084945679
LODO	Matson_US	standard_transductive	20260803	V2A0229	Matson_US	0	0.9399121554097718	0.6539497375488281
LODO	Matson_US	standard_transductive	20260803	V2A0230	Matson_US	1	0.7978684146637026	0.6460604667663574
LODO	Matson_US	standard_transductive	20260803	V2A0231	Matson_US	1	0.8467300077221683	0.8836688995361328
LODO	Matson_US	standard_transductive	20260803	V2A0232	Matson_US	0	0.6305697544396408	0.6494070887565613
LODO	Matson_US	standard_transductive	20260803	V2A0233	Matson_US	0	0.9161835853132215	0.7644657492637634
LODO	Matson_US	standard_transductive	20260803	V2A0234	Matson_US	0	0.34238980057380597	0.7226093411445618
LODO	Matson_US	standard_transductive	20260803	V2A0235	Matson_US	0	0.19279823270588026	0.6480181217193604
LODO	Matson_US	standard_transductive	20260803	V2A0236	Matson_US	0	0.877455494094423	0.7471413016319275
LODO	Matson_US	standard_transductive	20260803	V2A0237	Matson_US	0	0.40960384652258197	0.7690920829772949
LODO	Matson_US	standard_transductive	20260803	V2A0238	Matson_US	0	0.44462500459280063	0.8181523680686951
LODO	Matson_US	standard_transductive	20260803	V2A0239	Matson_US	1	0.5548918465026528	0.7609137296676636
LODO	Matson_US	standard_transductive	20260803	V2A0240	Matson_US	0	0.7470884589148303	0.6905010938644409
LODO	Matson_US	standard_transductive	20260803	V2A0241	Matson_US	0	0.3724220129597412	0.7230259776115417
LODO	Matson_US	standard_transductive	20260803	V2A0242	Matson_US	0	0.6536770407352792	0.7825970649719238
LODO	Matson_US	standard_transductive	20260803	V2A0243	Matson_US	0	0.8870801494693978	0.711790919303894
LODO	Matson_US	standard_transductive	20260803	V2A0244	Matson_US	1	0.4163012534314917	0.6548174619674683
LODO	Matson_US	standard_transductive	20260803	V2A0245	Matson_US	1	0.9791948350836608	0.7272635698318481
LODO	Matson_US	standard_transductive	20260803	V2A0246	Matson_US	0	0.9364233675411249	0.697997510433197
LODO	Matson_US	standard_transductive	20260803	V2A0247	Matson_US	1	0.34612248132414564	0.7171080708503723
LODO	Matson_US	standard_transductive	20260803	V2A0248	Matson_US	0	0.7328560231960706	0.7825021147727966
LODO	Matson_US	standard_transductive	20260803	V2A0249	Matson_US	1	0.6002082293256074	0.7261577844619751
LODO	Matson_US	standard_transductive	20260803	V2A0250	Matson_US	0	0.6802257050654806	0.6913059949874878
LODO	Matson_US	standard_transductive	20260803	V2A0251	Matson_US	1	0.6370301403552383	0.7192349433898926
LODO	Matson_US	standard_transductive	20260803	V2A0252	Matson_US	0	0.8066885197304834	0.7497438192367554
LODO	Matson_US	standard_transductive	20260803	V2A0253	Matson_US	0	0.9129923692914005	0.7144613862037659
LODO	Matson_US	standard_transductive	20260803	V2A0254	Matson_US	1	0.8557919330704741	0.7817354202270508
LODO	Matson_US	standard_transductive	20260803	V2A0255	Matson_US	1	0.8296840806720204	0.7508912682533264
LODO	Matson_US	standard_transductive	20260803	V2A0256	Matson_US	1	0.4666849768555976	0.6607323288917542
LODO	Matson_US	standard_transductive	20260803	V2A0257	Matson_US	0	0.8203890621425968	0.6844740509986877
LODO	Matson_US	standard_transductive	20260803	V2A0258	Matson_US	1	0.27919379901300706	0.6489000916481018
LODO	Matson_US	standard_transductive	20260803	V2A0259	Matson_US	1	0.1343789859101172	0.7145374417304993
LODO	Matson_US	standard_transductive	20260803	V2A0260	Matson_US	0	0.377660240404454	0.6250094175338745
LODO	Matson_US	standard_transductive	20260803	V2A0261	Matson_US	0	0.7304772050654443	0.6170981526374817
LODO	Matson_US	standard_transductive	20260803	V2A0262	Matson_US	0	0.24991818120844872	0.6740254759788513
LODO	Matson_US	standard_transductive	20260803	V2A0263	Matson_US	0	0.04331132458089477	0.6382946968078613
LODO	Matson_US	standard_transductive	20260803	V2A0264	Matson_US	1	0.49145507330277877	0.6944875121116638
LODO	Matson_US	standard_transductive	20260803	V2A0265	Matson_US	0	0.8722037823760626	0.7468881011009216
LODO	Matson_US	standard_transductive	20260803	V2A0266	Matson_US	0	0.6938352466336722	0.5674042105674744
LODO	Matson_US	standard_transductive	20260804	V2A0229	Matson_US	0	0.9414383299611334	0.6592732071876526
LODO	Matson_US	standard_transductive	20260804	V2A0230	Matson_US	1	0.8076070709242528	0.6514160633087158
LODO	Matson_US	standard_transductive	20260804	V2A0231	Matson_US	1	0.8471685457249137	0.8845860362052917
LODO	Matson_US	standard_transductive	20260804	V2A0232	Matson_US	0	0.629576270617736	0.6516225934028625
LODO	Matson_US	standard_transductive	20260804	V2A0233	Matson_US	0	0.9174733544069912	0.7684998512268066
LODO	Matson_US	standard_transductive	20260804	V2A0234	Matson_US	0	0.34087750905425823	0.717989444732666
LODO	Matson_US	standard_transductive	20260804	V2A0235	Matson_US	0	0.19485214009836815	0.6563088893890381
LODO	Matson_US	standard_transductive	20260804	V2A0236	Matson_US	0	0.8729145128104739	0.748036801815033
LODO	Matson_US	standard_transductive	20260804	V2A0237	Matson_US	0	0.41613063300688713	0.768558919429779
LODO	Matson_US	standard_transductive	20260804	V2A0238	Matson_US	0	0.450100430221958	0.8151321411132812
LODO	Matson_US	standard_transductive	20260804	V2A0239	Matson_US	1	0.5532064137866478	0.7649436593055725
LODO	Matson_US	standard_transductive	20260804	V2A0240	Matson_US	0	0.7527541266732718	0.6943211555480957
LODO	Matson_US	standard_transductive	20260804	V2A0241	Matson_US	0	0.3774784245510306	0.7262473106384277
LODO	Matson_US	standard_transductive	20260804	V2A0242	Matson_US	0	0.6528036480218031	0.7829264998435974
LODO	Matson_US	standard_transductive	20260804	V2A0243	Matson_US	0	0.8889371477141553	0.7144599556922913
LODO	Matson_US	standard_transductive	20260804	V2A0244	Matson_US	1	0.42198174603215727	0.6572518348693848
LODO	Matson_US	standard_transductive	20260804	V2A0245	Matson_US	1	0.9794746064977738	0.730130136013031
LODO	Matson_US	standard_transductive	20260804	V2A0246	Matson_US	0	0.9328719597757245	0.7027467489242554
LODO	Matson_US	standard_transductive	20260804	V2A0247	Matson_US	1	0.349706755022037	0.7178106307983398
LODO	Matson_US	standard_transductive	20260804	V2A0248	Matson_US	0	0.7349579148701306	0.7831477522850037
LODO	Matson_US	standard_transductive	20260804	V2A0249	Matson_US	1	0.6031375819052799	0.7338337302207947
LODO	Matson_US	standard_transductive	20260804	V2A0250	Matson_US	0	0.6742519583704437	0.6992735862731934
LODO	Matson_US	standard_transductive	20260804	V2A0251	Matson_US	1	0.6449844888870951	0.7228906154632568
LODO	Matson_US	standard_transductive	20260804	V2A0252	Matson_US	0	0.81248039744821	0.7523524761199951
LODO	Matson_US	standard_transductive	20260804	V2A0253	Matson_US	0	0.9131899054433139	0.7171450853347778
LODO	Matson_US	standard_transductive	20260804	V2A0254	Matson_US	1	0.8534550406460509	0.7846032977104187
LODO	Matson_US	standard_transductive	20260804	V2A0255	Matson_US	1	0.8311172809777394	0.7459895014762878
LODO	Matson_US	standard_transductive	20260804	V2A0256	Matson_US	1	0.46843918266896195	0.668246865272522
LODO	Matson_US	standard_transductive	20260804	V2A0257	Matson_US	0	0.8223328764630092	0.6943655610084534
LODO	Matson_US	standard_transductive	20260804	V2A0258	Matson_US	1	0.28649713524314413	0.65626060962677
LODO	Matson_US	standard_transductive	20260804	V2A0259	Matson_US	1	0.13451552391474225	0.7171865105628967
LODO	Matson_US	standard_transductive	20260804	V2A0260	Matson_US	0	0.374477647210385	0.6236202716827393
LODO	Matson_US	standard_transductive	20260804	V2A0261	Matson_US	0	0.7403059185340443	0.6192165017127991
LODO	Matson_US	standard_transductive	20260804	V2A0262	Matson_US	0	0.25189454509760634	0.6786386370658875
LODO	Matson_US	standard_transductive	20260804	V2A0263	Matson_US	0	0.04340441564089733	0.6298519372940063
LODO	Matson_US	standard_transductive	20260804	V2A0264	Matson_US	1	0.49087645421223935	0.693825900554657
LODO	Matson_US	standard_transductive	20260804	V2A0265	Matson_US	0	0.8740787109990145	0.7465853691101074
LODO	Matson_US	standard_transductive	20260804	V2A0266	Matson_US	0	0.6931055974109601	0.5639209747314453
LODO	Matson_US	standard_transductive	20260805	V2A0229	Matson_US	0	0.9414243245315839	0.66221022605896
LODO	Matson_US	standard_transductive	20260805	V2A0230	Matson_US	1	0.8075768220871193	0.6498699188232422
LODO	Matson_US	standard_transductive	20260805	V2A0231	Matson_US	1	0.8490363224110422	0.8875095248222351
LODO	Matson_US	standard_transductive	20260805	V2A0232	Matson_US	0	0.6290032684176396	0.6552118062973022
LODO	Matson_US	standard_transductive	20260805	V2A0233	Matson_US	0	0.9193526800580305	0.7704782485961914
LODO	Matson_US	standard_transductive	20260805	V2A0234	Matson_US	0	0.34076080092196687	0.7369900345802307
LODO	Matson_US	standard_transductive	20260805	V2A0235	Matson_US	0	0.19590155499548684	0.6581627726554871
LODO	Matson_US	standard_transductive	20260805	V2A0236	Matson_US	0	0.8766170096371814	0.7489052414894104
LODO	Matson_US	standard_transductive	20260805	V2A0237	Matson_US	0	0.4085045184313829	0.7694501876831055
LODO	Matson_US	standard_transductive	20260805	V2A0238	Matson_US	0	0.4491906026078375	0.8246016502380371
LODO	Matson_US	standard_transductive	20260805	V2A0239	Matson_US	1	0.5449233930599595	0.7660694718360901
LODO	Matson_US	standard_transductive	20260805	V2A0240	Matson_US	0	0.7511520599524698	0.6939281225204468
LODO	Matson_US	standard_transductive	20260805	V2A0241	Matson_US	0	0.3817580443231055	0.7262882590293884
LODO	Matson_US	standard_transductive	20260805	V2A0242	Matson_US	0	0.6562223595251461	0.7853710651397705
LODO	Matson_US	standard_transductive	20260805	V2A0243	Matson_US	0	0.8888213990655124	0.717129111289978
LODO	Matson_US	standard_transductive	20260805	V2A0244	Matson_US	1	0.40732373470954036	0.6545354127883911
LODO	Matson_US	standard_transductive	20260805	V2A0245	Matson_US	1	0.9799311808457224	0.7400954961776733
LODO	Matson_US	standard_transductive	20260805	V2A0246	Matson_US	0	0.9324056450097247	0.701078474521637
LODO	Matson_US	standard_transductive	20260805	V2A0247	Matson_US	1	0.34581189672462004	0.7242100834846497
LODO	Matson_US	standard_transductive	20260805	V2A0248	Matson_US	0	0.7408279870245171	0.7891144752502441
LODO	Matson_US	standard_transductive	20260805	V2A0249	Matson_US	1	0.6076252250398253	0.7364069223403931
LODO	Matson_US	standard_transductive	20260805	V2A0250	Matson_US	0	0.6839941580446987	0.7027768492698669
LODO	Matson_US	standard_transductive	20260805	V2A0251	Matson_US	1	0.64650699722875	0.7218713164329529
LODO	Matson_US	standard_transductive	20260805	V2A0252	Matson_US	0	0.8117253690454808	0.7525590658187866
LODO	Matson_US	standard_transductive	20260805	V2A0253	Matson_US	0	0.9148185370429676	0.7197436094284058
LODO	Matson_US	standard_transductive	20260805	V2A0254	Matson_US	1	0.8554250443502607	0.7881424427032471
LODO	Matson_US	standard_transductive	20260805	V2A0255	Matson_US	1	0.8309280515820646	0.7584407329559326
LODO	Matson_US	standard_transductive	20260805	V2A0256	Matson_US	1	0.4732892005280649	0.6670049428939819
LODO	Matson_US	standard_transductive	20260805	V2A0257	Matson_US	0	0.8227357857744761	0.6919122338294983
LODO	Matson_US	standard_transductive	20260805	V2A0258	Matson_US	1	0.2908965488047761	0.6536689400672913
LODO	Matson_US	standard_transductive	20260805	V2A0259	Matson_US	1	0.13349502704830776	0.7183569073677063
LODO	Matson_US	standard_transductive	20260805	V2A0260	Matson_US	0	0.36966462135754574	0.621306836605072
LODO	Matson_US	standard_transductive	20260805	V2A0261	Matson_US	0	0.7385043993560958	0.6195006370544434
LODO	Matson_US	standard_transductive	20260805	V2A0262	Matson_US	0	0.24743018549638568	0.6809548735618591
LODO	Matson_US	standard_transductive	20260805	V2A0263	Matson_US	0	0.044610964696929996	0.6454517245292664
LODO	Matson_US	standard_transductive	20260805	V2A0264	Matson_US	1	0.4943961415097593	0.7016506195068359
LODO	Matson_US	standard_transductive	20260805	V2A0265	Matson_US	0	0.8742471944714999	0.7476704716682434
LODO	Matson_US	standard_transductive	20260805	V2A0266	Matson_US	0	0.6916590539129618	0.5765143632888794
LODO	Matson_US	standard_transductive	20260806	V2A0229	Matson_US	0	0.9405102273749911	0.6544447541236877
LODO	Matson_US	standard_transductive	20260806	V2A0230	Matson_US	1	0.8042632205069524	0.6431517601013184
LODO	Matson_US	standard_transductive	20260806	V2A0231	Matson_US	1	0.847970802547282	0.8910381197929382
LODO	Matson_US	standard_transductive	20260806	V2A0232	Matson_US	0	0.632768000501468	0.6469829678535461
LODO	Matson_US	standard_transductive	20260806	V2A0233	Matson_US	0	0.9196757479588653	0.7629287838935852
LODO	Matson_US	standard_transductive	20260806	V2A0234	Matson_US	0	0.34113790341614375	0.7336444854736328
LODO	Matson_US	standard_transductive	20260806	V2A0235	Matson_US	0	0.19210195575182148	0.6465085744857788
LODO	Matson_US	standard_transductive	20260806	V2A0236	Matson_US	0	0.8785754166962667	0.7459372282028198
LODO	Matson_US	standard_transductive	20260806	V2A0237	Matson_US	0	0.40736716541938633	0.7653785347938538
LODO	Matson_US	standard_transductive	20260806	V2A0238	Matson_US	0	0.45598434754358574	0.8262685537338257
LODO	Matson_US	standard_transductive	20260806	V2A0239	Matson_US	1	0.5493370517338033	0.7626419067382812
LODO	Matson_US	standard_transductive	20260806	V2A0240	Matson_US	0	0.7564552472380304	0.6904258728027344
LODO	Matson_US	standard_transductive	20260806	V2A0241	Matson_US	0	0.38236491123077626	0.7275850772857666
LODO	Matson_US	standard_transductive	20260806	V2A0242	Matson_US	0	0.6570806482773722	0.787936806678772
LODO	Matson_US	standard_transductive	20260806	V2A0243	Matson_US	0	0.890272247660502	0.7154502272605896
LODO	Matson_US	standard_transductive	20260806	V2A0244	Matson_US	1	0.408833445231863	0.6647192239761353
LODO	Matson_US	standard_transductive	20260806	V2A0245	Matson_US	1	0.9795979267052818	0.7411709427833557
LODO	Matson_US	standard_transductive	20260806	V2A0246	Matson_US	0	0.9333834846069943	0.6958013772964478
LODO	Matson_US	standard_transductive	20260806	V2A0247	Matson_US	1	0.3454513982614644	0.7149861454963684
LODO	Matson_US	standard_transductive	20260806	V2A0248	Matson_US	0	0.7381034970929397	0.7862833142280579
LODO	Matson_US	standard_transductive	20260806	V2A0249	Matson_US	1	0.6131912073805854	0.7294538021087646
LODO	Matson_US	standard_transductive	20260806	V2A0250	Matson_US	0	0.6835077433958958	0.7010868787765503
LODO	Matson_US	standard_transductive	20260806	V2A0251	Matson_US	1	0.6477387721486919	0.7190576791763306
LODO	Matson_US	standard_transductive	20260806	V2A0252	Matson_US	0	0.8133124904043596	0.7501499056816101
LODO	Matson_US	standard_transductive	20260806	V2A0253	Matson_US	0	0.9149240385014152	0.7105964422225952
LODO	Matson_US	standard_transductive	20260806	V2A0254	Matson_US	1	0.8541526415301564	0.7832064032554626
LODO	Matson_US	standard_transductive	20260806	V2A0255	Matson_US	1	0.829465013321611	0.7505645155906677
LODO	Matson_US	standard_transductive	20260806	V2A0256	Matson_US	1	0.46981109446311736	0.6618227958679199
LODO	Matson_US	standard_transductive	20260806	V2A0257	Matson_US	0	0.8231016707108462	0.6848583221435547
LODO	Matson_US	standard_transductive	20260806	V2A0258	Matson_US	1	0.2827134915123505	0.647301971912384
LODO	Matson_US	standard_transductive	20260806	V2A0259	Matson_US	1	0.13553224918152582	0.7147483229637146
LODO	Matson_US	standard_transductive	20260806	V2A0260	Matson_US	0	0.381534535145672	0.6240535974502563
LODO	Matson_US	standard_transductive	20260806	V2A0261	Matson_US	0	0.7386641867924562	0.6192666888237
LODO	Matson_US	standard_transductive	20260806	V2A0262	Matson_US	0	0.24952851267011705	0.6709159016609192
LODO	Matson_US	standard_transductive	20260806	V2A0263	Matson_US	0	0.04361705955544048	0.6394844055175781
LODO	Matson_US	standard_transductive	20260806	V2A0264	Matson_US	1	0.48946782994208965	0.7012197375297546
LODO	Matson_US	standard_transductive	20260806	V2A0265	Matson_US	0	0.8757757628930923	0.7422292828559875
LODO	Matson_US	standard_transductive	20260806	V2A0266	Matson_US	0	0.6939714558235464	0.5733096599578857
LODO	Spencer_US	online_adaptive	20260802	V2A0267	Spencer_US	0	0.3523267371222978	0.5430562496185303
LODO	Spencer_US	online_adaptive	20260802	V2A0268	Spencer_US	1	0.4022723704250432	0.5725458860397339
LODO	Spencer_US	online_adaptive	20260802	V2A0269	Spencer_US	1	0.004092669440712383	0.5777395367622375
LODO	Spencer_US	online_adaptive	20260802	V2A0270	Spencer_US	1	0.23911322009743632	0.5184919834136963
LODO	Spencer_US	online_adaptive	20260802	V2A0271	Spencer_US	0	0.19902348382043852	0.5164084434509277
LODO	Spencer_US	online_adaptive	20260802	V2A0272	Spencer_US	1	0.45669791736383425	0.4915512204170227
LODO	Spencer_US	online_adaptive	20260802	V2A0273	Spencer_US	1	0.10508498218838655	0.5324171185493469
LODO	Spencer_US	online_adaptive	20260802	V2A0274	Spencer_US	1	0.050115863089880364	0.5315988063812256
LODO	Spencer_US	online_adaptive	20260802	V2A0275	Spencer_US	1	0.39518444328419133	0.5254783034324646
LODO	Spencer_US	online_adaptive	20260802	V2A0276	Spencer_US	0	0.03608059235543488	0.4911576807498932
LODO	Spencer_US	online_adaptive	20260802	V2A0277	Spencer_US	1	0.8569070129798976	0.5870431065559387
LODO	Spencer_US	online_adaptive	20260802	V2A0278	Spencer_US	1	0.8508972502406053	0.5712593793869019
LODO	Spencer_US	online_adaptive	20260802	V2A0279	Spencer_US	0	0.27433630648449026	0.5438438653945923
LODO	Spencer_US	online_adaptive	20260802	V2A0280	Spencer_US	1	0.30582596000626666	0.6032503247261047
LODO	Spencer_US	online_adaptive	20260802	V2A0281	Spencer_US	1	0.10825733922990757	0.5815748572349548
LODO	Spencer_US	online_adaptive	20260802	V2A0282	Spencer_US	1	0.1642952019333751	0.5752597451210022
LODO	Spencer_US	online_adaptive	20260802	V2A0283	Spencer_US	1	0.6883076674963949	0.5371810793876648
LODO	Spencer_US	online_adaptive	20260802	V2A0284	Spencer_US	0	0.6691550688473834	0.6325664520263672
LODO	Spencer_US	online_adaptive	20260802	V2A0285	Spencer_US	0	0.6257006169590872	0.5286070704460144
LODO	Spencer_US	online_adaptive	20260802	V2A0286	Spencer_US	0	0.8045070611389126	0.7090106010437012
LODO	Spencer_US	online_adaptive	20260802	V2A0287	Spencer_US	1	0.31995030632078547	0.5320693254470825
LODO	Spencer_US	online_adaptive	20260802	V2A0288	Spencer_US	1	0.4642384168039638	0.5593520998954773
LODO	Spencer_US	online_adaptive	20260802	V2A0289	Spencer_US	0	0.43107201976848214	0.6150825619697571
LODO	Spencer_US	online_adaptive	20260802	V2A0290	Spencer_US	1	0.6480127041390221	0.5642356276512146
LODO	Spencer_US	online_adaptive	20260802	V2A0291	Spencer_US	0	0.2503878276417319	0.3675956428050995
LODO	Spencer_US	online_adaptive	20260802	V2A0292	Spencer_US	1	0.7134048295772473	0.6148907542228699
LODO	Spencer_US	online_adaptive	20260802	V2A0293	Spencer_US	0	0.25880725885913936	0.5731096267700195
LODO	Spencer_US	online_adaptive	20260802	V2A0294	Spencer_US	1	0.5549007455581648	0.5975989699363708
LODO	Spencer_US	online_adaptive	20260802	V2A0295	Spencer_US	1	0.16052321661706576	0.5340797901153564
LODO	Spencer_US	online_adaptive	20260802	V2A0296	Spencer_US	0	0.07279811343740318	0.532482922077179
LODO	Spencer_US	online_adaptive	20260802	V2A0297	Spencer_US	1	0.1843911406890798	0.540494441986084
LODO	Spencer_US	online_adaptive	20260802	V2A0298	Spencer_US	1	0.1539769889559959	0.5665552616119385
LODO	Spencer_US	online_adaptive	20260802	V2A0299	Spencer_US	1	0.15514527236726502	0.490580677986145
LODO	Spencer_US	online_adaptive	20260802	V2A0300	Spencer_US	1	0.49352699916181897	0.5809398889541626
LODO	Spencer_US	online_adaptive	20260802	V2A0301	Spencer_US	0	0.29885612713350085	0.5246766805648804
LODO	Spencer_US	online_adaptive	20260802	V2A0302	Spencer_US	1	0.49648671261802474	0.5698404908180237
LODO	Spencer_US	online_adaptive	20260802	V2A0303	Spencer_US	1	0.7127436586289797	0.5550040006637573
LODO	Spencer_US	online_adaptive	20260802	V2A0304	Spencer_US	1	0.9087379535598599	0.5901193618774414
LODO	Spencer_US	online_adaptive	20260802	V2A0305	Spencer_US	1	0.6291677648950023	0.5463898181915283
LODO	Spencer_US	online_adaptive	20260802	V2A0306	Spencer_US	1	0.5359453581641772	0.5767450332641602
LODO	Spencer_US	online_adaptive	20260802	V2A0307	Spencer_US	1	0.5848616832449021	0.5650091767311096
LODO	Spencer_US	online_adaptive	20260802	V2A0308	Spencer_US	0	0.4465337038765674	0.5582571625709534
LODO	Spencer_US	online_adaptive	20260802	V2A0309	Spencer_US	1	0.574795205496436	0.5943046808242798
LODO	Spencer_US	online_adaptive	20260802	V2A0310	Spencer_US	0	0.10699807027636163	0.516806960105896
LODO	Spencer_US	online_adaptive	20260802	V2A0311	Spencer_US	1	0.18088562114511908	0.5901864767074585
LODO	Spencer_US	online_adaptive	20260802	V2A0312	Spencer_US	1	0.2985727866050583	0.5772104859352112
LODO	Spencer_US	online_adaptive	20260802	V2A0313	Spencer_US	1	0.34079277208030745	0.5683026909828186
LODO	Spencer_US	online_adaptive	20260802	V2A0314	Spencer_US	0	0.5164610322220534	0.6309536099433899
LODO	Spencer_US	online_adaptive	20260802	V2A0315	Spencer_US	1	0.32649738359208563	0.591517448425293
LODO	Spencer_US	online_adaptive	20260802	V2A0316	Spencer_US	0	0.12295642979689177	0.5453251600265503
LODO	Spencer_US	online_adaptive	20260802	V2A0317	Spencer_US	1	0.8916752352439522	0.6222524046897888
LODO	Spencer_US	online_adaptive	20260802	V2A0318	Spencer_US	1	0.39728049345959415	0.568388044834137
LODO	Spencer_US	online_adaptive	20260802	V2A0319	Spencer_US	1	0.3727725487582987	0.5172749757766724
LODO	Spencer_US	online_adaptive	20260802	V2A0320	Spencer_US	1	0.1614594702958107	0.5447573661804199
LODO	Spencer_US	online_adaptive	20260802	V2A0321	Spencer_US	1	0.7021902329746934	0.5307462811470032
LODO	Spencer_US	online_adaptive	20260802	V2A0322	Spencer_US	0	0.5360364613136192	0.533155083656311
LODO	Spencer_US	online_adaptive	20260802	V2A0323	Spencer_US	1	0.621007683727936	0.5695977807044983
LODO	Spencer_US	online_adaptive	20260802	V2A0324	Spencer_US	1	0.6677280535211119	0.5451247692108154
LODO	Spencer_US	online_adaptive	20260802	V2A0325	Spencer_US	1	0.16122566945526232	0.4980708360671997
LODO	Spencer_US	online_adaptive	20260802	V2A0326	Spencer_US	1	0.5464236979145602	0.5137121081352234
LODO	Spencer_US	online_adaptive	20260802	V2A0327	Spencer_US	0	0.6250182132720955	0.4936978816986084
LODO	Spencer_US	online_adaptive	20260802	V2A0328	Spencer_US	1	0.6415622640732017	0.5581066608428955
LODO	Spencer_US	online_adaptive	20260802	V2A0329	Spencer_US	1	0.5402332572773708	0.5420693159103394
LODO	Spencer_US	online_adaptive	20260802	V2A0330	Spencer_US	1	0.8551578923522021	0.6540257930755615
LODO	Spencer_US	online_adaptive	20260802	V2A0331	Spencer_US	1	0.14571432733605655	0.5831937193870544
LODO	Spencer_US	online_adaptive	20260802	V2A0332	Spencer_US	1	0.5353051238519485	0.49356508255004883
LODO	Spencer_US	online_adaptive	20260802	V2A0333	Spencer_US	1	0.238516305541778	0.5606245994567871
LODO	Spencer_US	online_adaptive	20260802	V2A0334	Spencer_US	1	0.6818681223921089	0.4497603178024292
LODO	Spencer_US	online_adaptive	20260802	V2A0335	Spencer_US	0	0.25571052255343957	0.6148784160614014
LODO	Spencer_US	online_adaptive	20260802	V2A0336	Spencer_US	1	0.16479701148020187	0.4703637361526489
LODO	Spencer_US	online_adaptive	20260802	V2A0337	Spencer_US	1	0.7623261307560751	0.5497338175773621
LODO	Spencer_US	online_adaptive	20260802	V2A0338	Spencer_US	0	0.17684266921302913	0.544241726398468
LODO	Spencer_US	online_adaptive	20260802	V2A0339	Spencer_US	1	0.19711158473836995	0.5340443849563599
LODO	Spencer_US	online_adaptive	20260802	V2A0340	Spencer_US	0	0.28989735496362085	0.6269540786743164
LODO	Spencer_US	online_adaptive	20260802	V2A0341	Spencer_US	0	0.20083870108097646	0.6147882342338562
LODO	Spencer_US	online_adaptive	20260802	V2A0342	Spencer_US	0	0.4622368444639849	0.5538578629493713
LODO	Spencer_US	online_adaptive	20260802	V2A0343	Spencer_US	0	0.2517540272429188	0.4974256455898285
LODO	Spencer_US	online_adaptive	20260802	V2A0344	Spencer_US	1	0.9741628166766226	0.6621316075325012
LODO	Spencer_US	online_adaptive	20260802	V2A0345	Spencer_US	1	0.9224023177843347	0.6180276870727539
LODO	Spencer_US	online_adaptive	20260802	V2A0346	Spencer_US	1	0.49842654603922026	0.5302428603172302
LODO	Spencer_US	online_adaptive	20260802	V2A0347	Spencer_US	1	0.30673989504674665	0.6191316843032837
LODO	Spencer_US	online_adaptive	20260802	V2A0348	Spencer_US	1	0.37232299486976383	0.5379486083984375
LODO	Spencer_US	online_adaptive	20260802	V2A0349	Spencer_US	1	0.72912865011707	0.590406596660614
LODO	Spencer_US	online_adaptive	20260802	V2A0350	Spencer_US	1	0.8050421371094302	0.6146033406257629
LODO	Spencer_US	online_adaptive	20260802	V2A0351	Spencer_US	1	0.1606563498788343	0.6048533320426941
LODO	Spencer_US	online_adaptive	20260802	V2A0352	Spencer_US	1	0.6944577142341983	0.4973481297492981
LODO	Spencer_US	online_adaptive	20260802	V2A0353	Spencer_US	1	0.1710239527325171	0.6069809794425964
LODO	Spencer_US	online_adaptive	20260802	V2A0354	Spencer_US	1	0.40789261572453345	0.6097407341003418
LODO	Spencer_US	online_adaptive	20260802	V2A0355	Spencer_US	1	0.13109439381460453	0.5095675587654114
LODO	Spencer_US	online_adaptive	20260802	V2A0356	Spencer_US	1	0.7475417575735637	0.5777010917663574
LODO	Spencer_US	online_adaptive	20260802	V2A0357	Spencer_US	1	0.6618057700779055	0.6158972978591919
LODO	Spencer_US	online_adaptive	20260802	V2A0358	Spencer_US	0	0.9490430350903011	0.5896756052970886
LODO	Spencer_US	online_adaptive	20260802	V2A0359	Spencer_US	1	0.12858861659475126	0.529389500617981
LODO	Spencer_US	online_adaptive	20260802	V2A0360	Spencer_US	1	0.204963711747912	0.4991675317287445
LODO	Spencer_US	online_adaptive	20260802	V2A0361	Spencer_US	0	0.18841289087851915	0.5487191081047058
LODO	Spencer_US	online_adaptive	20260802	V2A0362	Spencer_US	1	0.6939757859854563	0.555319607257843
LODO	Spencer_US	online_adaptive	20260802	V2A0363	Spencer_US	1	0.19434346852049386	0.5820817947387695
LODO	Spencer_US	online_adaptive	20260803	V2A0267	Spencer_US	0	0.36202018466125946	0.5474669337272644
LODO	Spencer_US	online_adaptive	20260803	V2A0268	Spencer_US	1	0.3946768485036706	0.5781648755073547
LODO	Spencer_US	online_adaptive	20260803	V2A0269	Spencer_US	1	0.004224376219315447	0.5832164287567139
LODO	Spencer_US	online_adaptive	20260803	V2A0270	Spencer_US	1	0.23717081493463474	0.5178784132003784
LODO	Spencer_US	online_adaptive	20260803	V2A0271	Spencer_US	0	0.19544870664993252	0.5168052315711975
LODO	Spencer_US	online_adaptive	20260803	V2A0272	Spencer_US	1	0.4608939210217911	0.4905204176902771
LODO	Spencer_US	online_adaptive	20260803	V2A0273	Spencer_US	1	0.10588656755063514	0.5350704193115234
LODO	Spencer_US	online_adaptive	20260803	V2A0274	Spencer_US	1	0.052070211112971755	0.5335468649864197
LODO	Spencer_US	online_adaptive	20260803	V2A0275	Spencer_US	1	0.3882253518566853	0.5299215316772461
LODO	Spencer_US	online_adaptive	20260803	V2A0276	Spencer_US	0	0.03588654474790371	0.4955928325653076
LODO	Spencer_US	online_adaptive	20260803	V2A0277	Spencer_US	1	0.8544373696471513	0.5852604508399963
LODO	Spencer_US	online_adaptive	20260803	V2A0278	Spencer_US	1	0.8537454222295844	0.5750589370727539
LODO	Spencer_US	online_adaptive	20260803	V2A0279	Spencer_US	0	0.2772626514406969	0.5503020286560059
LODO	Spencer_US	online_adaptive	20260803	V2A0280	Spencer_US	1	0.29857681172556416	0.6061503291130066
LODO	Spencer_US	online_adaptive	20260803	V2A0281	Spencer_US	1	0.10773158755137612	0.583309531211853
LODO	Spencer_US	online_adaptive	20260803	V2A0282	Spencer_US	1	0.16837536323151253	0.5757952928543091
LODO	Spencer_US	online_adaptive	20260803	V2A0283	Spencer_US	1	0.6915599448032407	0.5435211658477783
LODO	Spencer_US	online_adaptive	20260803	V2A0284	Spencer_US	0	0.6632667787960895	0.6259611248970032
LODO	Spencer_US	online_adaptive	20260803	V2A0285	Spencer_US	0	0.6334578326548198	0.5290728211402893
LODO	Spencer_US	online_adaptive	20260803	V2A0286	Spencer_US	0	0.8019136465201003	0.7105286717414856
LODO	Spencer_US	online_adaptive	20260803	V2A0287	Spencer_US	1	0.3224606600746522	0.5344916582107544
LODO	Spencer_US	online_adaptive	20260803	V2A0288	Spencer_US	1	0.4682767339447254	0.5642524361610413
LODO	Spencer_US	online_adaptive	20260803	V2A0289	Spencer_US	0	0.4306943864755788	0.6182867288589478
LODO	Spencer_US	online_adaptive	20260803	V2A0290	Spencer_US	1	0.6543135133799659	0.5685153007507324
LODO	Spencer_US	online_adaptive	20260803	V2A0291	Spencer_US	0	0.24925661242091673	0.3669874668121338
LODO	Spencer_US	online_adaptive	20260803	V2A0292	Spencer_US	1	0.7069489312419234	0.6158021688461304
LODO	Spencer_US	online_adaptive	20260803	V2A0293	Spencer_US	0	0.264021296870158	0.5769528150558472
LODO	Spencer_US	online_adaptive	20260803	V2A0294	Spencer_US	1	0.5552062065759938	0.5998715162277222
LODO	Spencer_US	online_adaptive	20260803	V2A0295	Spencer_US	1	0.1640325243938607	0.5372011661529541
LODO	Spencer_US	online_adaptive	20260803	V2A0296	Spencer_US	0	0.0724305560056452	0.52509605884552
LODO	Spencer_US	online_adaptive	20260803	V2A0297	Spencer_US	1	0.17829039434460842	0.5373119711875916
LODO	Spencer_US	online_adaptive	20260803	V2A0298	Spencer_US	1	0.15482211011776945	0.5655282139778137
LODO	Spencer_US	online_adaptive	20260803	V2A0299	Spencer_US	1	0.1587792917007941	0.4972950220108032
LODO	Spencer_US	online_adaptive	20260803	V2A0300	Spencer_US	1	0.4903719230736782	0.5843334197998047
LODO	Spencer_US	online_adaptive	20260803	V2A0301	Spencer_US	0	0.2997625304220559	0.5227437019348145
LODO	Spencer_US	online_adaptive	20260803	V2A0302	Spencer_US	1	0.49135067796540244	0.571408748626709
LODO	Spencer_US	online_adaptive	20260803	V2A0303	Spencer_US	1	0.7131093183313951	0.5564653873443604
LODO	Spencer_US	online_adaptive	20260803	V2A0304	Spencer_US	1	0.9038138495971377	0.5887680649757385
LODO	Spencer_US	online_adaptive	20260803	V2A0305	Spencer_US	1	0.6229099764131649	0.545101523399353
LODO	Spencer_US	online_adaptive	20260803	V2A0306	Spencer_US	1	0.5336425592059301	0.579434871673584
LODO	Spencer_US	online_adaptive	20260803	V2A0307	Spencer_US	1	0.5770861030591798	0.5661969780921936
LODO	Spencer_US	online_adaptive	20260803	V2A0308	Spencer_US	0	0.4462370268931126	0.5571107864379883
LODO	Spencer_US	online_adaptive	20260803	V2A0309	Spencer_US	1	0.579498676446977	0.5946994423866272
LODO	Spencer_US	online_adaptive	20260803	V2A0310	Spencer_US	0	0.10776342968600579	0.5206698775291443
LODO	Spencer_US	online_adaptive	20260803	V2A0311	Spencer_US	1	0.17440206169526076	0.592603862285614
LODO	Spencer_US	online_adaptive	20260803	V2A0312	Spencer_US	1	0.3076100696549011	0.5781475901603699
LODO	Spencer_US	online_adaptive	20260803	V2A0313	Spencer_US	1	0.347461644082597	0.570022463798523
LODO	Spencer_US	online_adaptive	20260803	V2A0314	Spencer_US	0	0.5179076885882699	0.6313408017158508
LODO	Spencer_US	online_adaptive	20260803	V2A0315	Spencer_US	1	0.3202948750116637	0.5920896530151367
LODO	Spencer_US	online_adaptive	20260803	V2A0316	Spencer_US	0	0.12595175840594272	0.551657497882843
LODO	Spencer_US	online_adaptive	20260803	V2A0317	Spencer_US	1	0.8935292637848116	0.623937726020813
LODO	Spencer_US	online_adaptive	20260803	V2A0318	Spencer_US	1	0.3983690604717358	0.5685962438583374
LODO	Spencer_US	online_adaptive	20260803	V2A0319	Spencer_US	1	0.37511862836196375	0.5117417573928833
LODO	Spencer_US	online_adaptive	20260803	V2A0320	Spencer_US	1	0.16084443442025884	0.5450277328491211
LODO	Spencer_US	online_adaptive	20260803	V2A0321	Spencer_US	1	0.7053491248742919	0.5367942452430725
LODO	Spencer_US	online_adaptive	20260803	V2A0322	Spencer_US	0	0.5437664583841483	0.5372681021690369
LODO	Spencer_US	online_adaptive	20260803	V2A0323	Spencer_US	1	0.6232468601526077	0.5721874833106995
LODO	Spencer_US	online_adaptive	20260803	V2A0324	Spencer_US	1	0.6718359705393171	0.5513302087783813
LODO	Spencer_US	online_adaptive	20260803	V2A0325	Spencer_US	1	0.16325138330913752	0.5004339218139648
LODO	Spencer_US	online_adaptive	20260803	V2A0326	Spencer_US	1	0.5441594195253096	0.5179727673530579
LODO	Spencer_US	online_adaptive	20260803	V2A0327	Spencer_US	0	0.6340612057625973	0.4963845908641815
LODO	Spencer_US	online_adaptive	20260803	V2A0328	Spencer_US	1	0.6513780150493239	0.5614714026451111
LODO	Spencer_US	online_adaptive	20260803	V2A0329	Spencer_US	1	0.5550017979096938	0.5446534156799316
LODO	Spencer_US	online_adaptive	20260803	V2A0330	Spencer_US	1	0.8497397658734644	0.6589078307151794
LODO	Spencer_US	online_adaptive	20260803	V2A0331	Spencer_US	1	0.14641348620829522	0.5840155482292175
LODO	Spencer_US	online_adaptive	20260803	V2A0332	Spencer_US	1	0.5439981918668712	0.4976421296596527
LODO	Spencer_US	online_adaptive	20260803	V2A0333	Spencer_US	1	0.23953752899518235	0.5616158843040466
LODO	Spencer_US	online_adaptive	20260803	V2A0334	Spencer_US	1	0.6810670466225933	0.44882798194885254
LODO	Spencer_US	online_adaptive	20260803	V2A0335	Spencer_US	0	0.25232439048535654	0.6168020367622375
LODO	Spencer_US	online_adaptive	20260803	V2A0336	Spencer_US	1	0.16403147013866695	0.4754737615585327
LODO	Spencer_US	online_adaptive	20260803	V2A0337	Spencer_US	1	0.7667403538313962	0.5524066090583801
LODO	Spencer_US	online_adaptive	20260803	V2A0338	Spencer_US	0	0.16985690451783467	0.5477871894836426
LODO	Spencer_US	online_adaptive	20260803	V2A0339	Spencer_US	1	0.20246959055779287	0.5355381369590759
LODO	Spencer_US	online_adaptive	20260803	V2A0340	Spencer_US	0	0.28948258197106685	0.6310904026031494
LODO	Spencer_US	online_adaptive	20260803	V2A0341	Spencer_US	0	0.19798333209332533	0.6104483008384705
LODO	Spencer_US	online_adaptive	20260803	V2A0342	Spencer_US	0	0.4596873142055595	0.5524346232414246
LODO	Spencer_US	online_adaptive	20260803	V2A0343	Spencer_US	0	0.251112320622749	0.4999459981918335
LODO	Spencer_US	online_adaptive	20260803	V2A0344	Spencer_US	1	0.9746145788902693	0.6584751009941101
LODO	Spencer_US	online_adaptive	20260803	V2A0345	Spencer_US	1	0.9258428101548416	0.6238238215446472
LODO	Spencer_US	online_adaptive	20260803	V2A0346	Spencer_US	1	0.49941968001838777	0.5315976738929749
LODO	Spencer_US	online_adaptive	20260803	V2A0347	Spencer_US	1	0.30749621923245074	0.622024655342102
LODO	Spencer_US	online_adaptive	20260803	V2A0348	Spencer_US	1	0.37505697064707993	0.5373792052268982
LODO	Spencer_US	online_adaptive	20260803	V2A0349	Spencer_US	1	0.7257934169742271	0.5929069519042969
LODO	Spencer_US	online_adaptive	20260803	V2A0350	Spencer_US	1	0.8031150959815005	0.6151455044746399
LODO	Spencer_US	online_adaptive	20260803	V2A0351	Spencer_US	1	0.16524462339903587	0.6077337861061096
LODO	Spencer_US	online_adaptive	20260803	V2A0352	Spencer_US	1	0.6992277669690014	0.4960867166519165
LODO	Spencer_US	online_adaptive	20260803	V2A0353	Spencer_US	1	0.1744128126498657	0.6094948649406433
LODO	Spencer_US	online_adaptive	20260803	V2A0354	Spencer_US	1	0.39924720385143814	0.6129087805747986
LODO	Spencer_US	online_adaptive	20260803	V2A0355	Spencer_US	1	0.13143892803581936	0.5136019587516785
LODO	Spencer_US	online_adaptive	20260803	V2A0356	Spencer_US	1	0.7446654159345446	0.5731160044670105
LODO	Spencer_US	online_adaptive	20260803	V2A0357	Spencer_US	1	0.6679115181459182	0.6195720434188843
LODO	Spencer_US	online_adaptive	20260803	V2A0358	Spencer_US	0	0.9492002393356536	0.5945589542388916
LODO	Spencer_US	online_adaptive	20260803	V2A0359	Spencer_US	1	0.1308187666503911	0.5320212841033936
LODO	Spencer_US	online_adaptive	20260803	V2A0360	Spencer_US	1	0.20175778283001228	0.5063549280166626
LODO	Spencer_US	online_adaptive	20260803	V2A0361	Spencer_US	0	0.19114205215704197	0.5541950464248657
LODO	Spencer_US	online_adaptive	20260803	V2A0362	Spencer_US	1	0.7013043871346335	0.5577365159988403
LODO	Spencer_US	online_adaptive	20260803	V2A0363	Spencer_US	1	0.19930402225017868	0.5879175066947937
LODO	Spencer_US	online_adaptive	20260804	V2A0267	Spencer_US	0	0.36909648240393494	0.5476445555686951
LODO	Spencer_US	online_adaptive	20260804	V2A0268	Spencer_US	1	0.3824897590051016	0.5817108750343323
LODO	Spencer_US	online_adaptive	20260804	V2A0269	Spencer_US	1	0.004103574213176133	0.5841981172561646
LODO	Spencer_US	online_adaptive	20260804	V2A0270	Spencer_US	1	0.23910149787560206	0.5180413722991943
LODO	Spencer_US	online_adaptive	20260804	V2A0271	Spencer_US	0	0.19339675480623078	0.5178961157798767
LODO	Spencer_US	online_adaptive	20260804	V2A0272	Spencer_US	1	0.46860520734907896	0.4889126718044281
LODO	Spencer_US	online_adaptive	20260804	V2A0273	Spencer_US	1	0.10693355111011316	0.5331597924232483
LODO	Spencer_US	online_adaptive	20260804	V2A0274	Spencer_US	1	0.05389231521681035	0.5347068309783936
LODO	Spencer_US	online_adaptive	20260804	V2A0275	Spencer_US	1	0.39163370236242795	0.5290995836257935
LODO	Spencer_US	online_adaptive	20260804	V2A0276	Spencer_US	0	0.0357813801325016	0.4955780804157257
LODO	Spencer_US	online_adaptive	20260804	V2A0277	Spencer_US	1	0.8541009158105488	0.5852913856506348
LODO	Spencer_US	online_adaptive	20260804	V2A0278	Spencer_US	1	0.8516176902165749	0.5739070177078247
LODO	Spencer_US	online_adaptive	20260804	V2A0279	Spencer_US	0	0.2817482351210379	0.5398173332214355
LODO	Spencer_US	online_adaptive	20260804	V2A0280	Spencer_US	1	0.30850573587955515	0.606614351272583
LODO	Spencer_US	online_adaptive	20260804	V2A0281	Spencer_US	1	0.10795114459042905	0.5889795422554016
LODO	Spencer_US	online_adaptive	20260804	V2A0282	Spencer_US	1	0.1683585713841157	0.5776728391647339
LODO	Spencer_US	online_adaptive	20260804	V2A0283	Spencer_US	1	0.6911611141097799	0.538136899471283
LODO	Spencer_US	online_adaptive	20260804	V2A0284	Spencer_US	0	0.6682788700265155	0.634157121181488
LODO	Spencer_US	online_adaptive	20260804	V2A0285	Spencer_US	0	0.6369302886964394	0.5323032140731812
LODO	Spencer_US	online_adaptive	20260804	V2A0286	Spencer_US	0	0.8024578759437413	0.7112173438072205
LODO	Spencer_US	online_adaptive	20260804	V2A0287	Spencer_US	1	0.3237541083603228	0.5340644717216492
LODO	Spencer_US	online_adaptive	20260804	V2A0288	Spencer_US	1	0.45677941729757465	0.5646606683731079
LODO	Spencer_US	online_adaptive	20260804	V2A0289	Spencer_US	0	0.41988119404503266	0.619221568107605
LODO	Spencer_US	online_adaptive	20260804	V2A0290	Spencer_US	1	0.6518076199571491	0.568570077419281
LODO	Spencer_US	online_adaptive	20260804	V2A0291	Spencer_US	0	0.24955569803973207	0.3618929982185364
LODO	Spencer_US	online_adaptive	20260804	V2A0292	Spencer_US	1	0.704150906339099	0.6151496767997742
LODO	Spencer_US	online_adaptive	20260804	V2A0293	Spencer_US	0	0.2600257906782166	0.5773471593856812
LODO	Spencer_US	online_adaptive	20260804	V2A0294	Spencer_US	1	0.5564509085064876	0.6007013320922852
LODO	Spencer_US	online_adaptive	20260804	V2A0295	Spencer_US	1	0.16391955602026057	0.5378885865211487
LODO	Spencer_US	online_adaptive	20260804	V2A0296	Spencer_US	0	0.06960561393175184	0.5307046175003052
LODO	Spencer_US	online_adaptive	20260804	V2A0297	Spencer_US	1	0.17770214947201995	0.5400689244270325
LODO	Spencer_US	online_adaptive	20260804	V2A0298	Spencer_US	1	0.15008113122125796	0.5674482583999634
LODO	Spencer_US	online_adaptive	20260804	V2A0299	Spencer_US	1	0.1582125770285916	0.4920496642589569
LODO	Spencer_US	online_adaptive	20260804	V2A0300	Spencer_US	1	0.4982590611341123	0.5830491781234741
LODO	Spencer_US	online_adaptive	20260804	V2A0301	Spencer_US	0	0.2948956156878825	0.522403359413147
LODO	Spencer_US	online_adaptive	20260804	V2A0302	Spencer_US	1	0.4892950393527126	0.5719532370567322
LODO	Spencer_US	online_adaptive	20260804	V2A0303	Spencer_US	1	0.7236154738539856	0.5558887124061584
LODO	Spencer_US	online_adaptive	20260804	V2A0304	Spencer_US	1	0.9046777386053564	0.5913722515106201
LODO	Spencer_US	online_adaptive	20260804	V2A0305	Spencer_US	1	0.620518096105262	0.548581600189209
LODO	Spencer_US	online_adaptive	20260804	V2A0306	Spencer_US	1	0.5416006401396993	0.5792193412780762
LODO	Spencer_US	online_adaptive	20260804	V2A0307	Spencer_US	1	0.5887177663703376	0.5682632923126221
LODO	Spencer_US	online_adaptive	20260804	V2A0308	Spencer_US	0	0.4424495814757458	0.5621509552001953
LODO	Spencer_US	online_adaptive	20260804	V2A0309	Spencer_US	1	0.5696401661904357	0.594205379486084
LODO	Spencer_US	online_adaptive	20260804	V2A0310	Spencer_US	0	0.10700137309335084	0.5193859338760376
LODO	Spencer_US	online_adaptive	20260804	V2A0311	Spencer_US	1	0.18073682876986896	0.5924441814422607
LODO	Spencer_US	online_adaptive	20260804	V2A0312	Spencer_US	1	0.3100140047050755	0.5797749757766724
LODO	Spencer_US	online_adaptive	20260804	V2A0313	Spencer_US	1	0.34270540066649174	0.5718175172805786
LODO	Spencer_US	online_adaptive	20260804	V2A0314	Spencer_US	0	0.5324365710749963	0.6367756724357605
LODO	Spencer_US	online_adaptive	20260804	V2A0315	Spencer_US	1	0.3154157741201755	0.5940426588058472
LODO	Spencer_US	online_adaptive	20260804	V2A0316	Spencer_US	0	0.12629939655269645	0.5491992235183716
LODO	Spencer_US	online_adaptive	20260804	V2A0317	Spencer_US	1	0.8903196923871708	0.6253541111946106
LODO	Spencer_US	online_adaptive	20260804	V2A0318	Spencer_US	1	0.39967991427775407	0.5700015425682068
LODO	Spencer_US	online_adaptive	20260804	V2A0319	Spencer_US	1	0.37122015484763926	0.5110772252082825
LODO	Spencer_US	online_adaptive	20260804	V2A0320	Spencer_US	1	0.1592397044095023	0.5464031100273132
LODO	Spencer_US	online_adaptive	20260804	V2A0321	Spencer_US	1	0.7075230225356532	0.531836986541748
LODO	Spencer_US	online_adaptive	20260804	V2A0322	Spencer_US	0	0.546990714914161	0.5352376699447632
LODO	Spencer_US	online_adaptive	20260804	V2A0323	Spencer_US	1	0.6198771633935156	0.5699512958526611
LODO	Spencer_US	online_adaptive	20260804	V2A0324	Spencer_US	1	0.6652300160914653	0.549841046333313
LODO	Spencer_US	online_adaptive	20260804	V2A0325	Spencer_US	1	0.16521753770495445	0.49941447377204895
LODO	Spencer_US	online_adaptive	20260804	V2A0326	Spencer_US	1	0.5409363780308518	0.5154697299003601
LODO	Spencer_US	online_adaptive	20260804	V2A0327	Spencer_US	0	0.638641797114958	0.49756693840026855
LODO	Spencer_US	online_adaptive	20260804	V2A0328	Spencer_US	1	0.6530009059819712	0.5618343949317932
LODO	Spencer_US	online_adaptive	20260804	V2A0329	Spencer_US	1	0.5544356159196289	0.5435242652893066
LODO	Spencer_US	online_adaptive	20260804	V2A0330	Spencer_US	1	0.8496569496639882	0.6639988422393799
LODO	Spencer_US	online_adaptive	20260804	V2A0331	Spencer_US	1	0.14617601648007372	0.5867815017700195
LODO	Spencer_US	online_adaptive	20260804	V2A0332	Spencer_US	1	0.5489484007602423	0.4953990578651428
LODO	Spencer_US	online_adaptive	20260804	V2A0333	Spencer_US	1	0.23615833368287498	0.5628438591957092
LODO	Spencer_US	online_adaptive	20260804	V2A0334	Spencer_US	1	0.6752443388896662	0.44880640506744385
LODO	Spencer_US	online_adaptive	20260804	V2A0335	Spencer_US	0	0.2523495547039121	0.6178761720657349
LODO	Spencer_US	online_adaptive	20260804	V2A0336	Spencer_US	1	0.1662984747329785	0.4782402813434601
LODO	Spencer_US	online_adaptive	20260804	V2A0337	Spencer_US	1	0.7674005488847138	0.5503970980644226
LODO	Spencer_US	online_adaptive	20260804	V2A0338	Spencer_US	0	0.16622512396275657	0.5462484955787659
LODO	Spencer_US	online_adaptive	20260804	V2A0339	Spencer_US	1	0.19952333804016076	0.5367798805236816
LODO	Spencer_US	online_adaptive	20260804	V2A0340	Spencer_US	0	0.2897815772205444	0.6332712173461914
LODO	Spencer_US	online_adaptive	20260804	V2A0341	Spencer_US	0	0.19820255869090772	0.6126858592033386
LODO	Spencer_US	online_adaptive	20260804	V2A0342	Spencer_US	0	0.4648322341177949	0.554654061794281
LODO	Spencer_US	online_adaptive	20260804	V2A0343	Spencer_US	0	0.2517368275175443	0.4954904615879059
LODO	Spencer_US	online_adaptive	20260804	V2A0344	Spencer_US	1	0.9746916602304816	0.6616554260253906
LODO	Spencer_US	online_adaptive	20260804	V2A0345	Spencer_US	1	0.9270870184431769	0.6244534254074097
LODO	Spencer_US	online_adaptive	20260804	V2A0346	Spencer_US	1	0.5051901243562931	0.5309860110282898
LODO	Spencer_US	online_adaptive	20260804	V2A0347	Spencer_US	1	0.299386496161292	0.6227293610572815
LODO	Spencer_US	online_adaptive	20260804	V2A0348	Spencer_US	1	0.3729527960021219	0.5409444570541382
LODO	Spencer_US	online_adaptive	20260804	V2A0349	Spencer_US	1	0.7249490361755137	0.5954906940460205
LODO	Spencer_US	online_adaptive	20260804	V2A0350	Spencer_US	1	0.8072969734443166	0.6208179593086243
LODO	Spencer_US	online_adaptive	20260804	V2A0351	Spencer_US	1	0.16834963237328548	0.6067671179771423
LODO	Spencer_US	online_adaptive	20260804	V2A0352	Spencer_US	1	0.6970485671398436	0.4926888942718506
LODO	Spencer_US	online_adaptive	20260804	V2A0353	Spencer_US	1	0.17221936516400724	0.6048192977905273
LODO	Spencer_US	online_adaptive	20260804	V2A0354	Spencer_US	1	0.4042485941719849	0.6123107075691223
LODO	Spencer_US	online_adaptive	20260804	V2A0355	Spencer_US	1	0.13074710645355897	0.5158772468566895
LODO	Spencer_US	online_adaptive	20260804	V2A0356	Spencer_US	1	0.7403069555831076	0.5737119317054749
LODO	Spencer_US	online_adaptive	20260804	V2A0357	Spencer_US	1	0.6627262555087743	0.6189191341400146
LODO	Spencer_US	online_adaptive	20260804	V2A0358	Spencer_US	0	0.9510740934094958	0.5939844846725464
LODO	Spencer_US	online_adaptive	20260804	V2A0359	Spencer_US	1	0.13499916532649703	0.5310531854629517
LODO	Spencer_US	online_adaptive	20260804	V2A0360	Spencer_US	1	0.20253287218928362	0.5028084516525269
LODO	Spencer_US	online_adaptive	20260804	V2A0361	Spencer_US	0	0.18886631586286728	0.5511248707771301
LODO	Spencer_US	online_adaptive	20260804	V2A0362	Spencer_US	1	0.7053722704249091	0.5572829246520996
LODO	Spencer_US	online_adaptive	20260804	V2A0363	Spencer_US	1	0.2030886704673367	0.5887417793273926
LODO	Spencer_US	online_adaptive	20260805	V2A0267	Spencer_US	0	0.3637314051340058	0.5388209223747253
LODO	Spencer_US	online_adaptive	20260805	V2A0268	Spencer_US	1	0.39842901222495897	0.5731721520423889
LODO	Spencer_US	online_adaptive	20260805	V2A0269	Spencer_US	1	0.004102845177432732	0.5816582441329956
LODO	Spencer_US	online_adaptive	20260805	V2A0270	Spencer_US	1	0.24048546526175157	0.5123893618583679
LODO	Spencer_US	online_adaptive	20260805	V2A0271	Spencer_US	0	0.19315300213281844	0.5137317776679993
LODO	Spencer_US	online_adaptive	20260805	V2A0272	Spencer_US	1	0.4676254666183921	0.48752355575561523
LODO	Spencer_US	online_adaptive	20260805	V2A0273	Spencer_US	1	0.10651179909977482	0.5308262705802917
LODO	Spencer_US	online_adaptive	20260805	V2A0274	Spencer_US	1	0.05470825341471819	0.5298159122467041
LODO	Spencer_US	online_adaptive	20260805	V2A0275	Spencer_US	1	0.3942016189662282	0.529561460018158
LODO	Spencer_US	online_adaptive	20260805	V2A0276	Spencer_US	0	0.03607034635469671	0.4962737262248993
LODO	Spencer_US	online_adaptive	20260805	V2A0277	Spencer_US	1	0.8519149094947163	0.582915186882019
LODO	Spencer_US	online_adaptive	20260805	V2A0278	Spencer_US	1	0.8526861140269372	0.5685064196586609
LODO	Spencer_US	online_adaptive	20260805	V2A0279	Spencer_US	0	0.27588349782233185	0.5401012301445007
LODO	Spencer_US	online_adaptive	20260805	V2A0280	Spencer_US	1	0.3041148432726278	0.6026192307472229
LODO	Spencer_US	online_adaptive	20260805	V2A0281	Spencer_US	1	0.1081159245087201	0.581660270690918
LODO	Spencer_US	online_adaptive	20260805	V2A0282	Spencer_US	1	0.172221631302679	0.5768055319786072
LODO	Spencer_US	online_adaptive	20260805	V2A0283	Spencer_US	1	0.6937532750042773	0.536310613155365
LODO	Spencer_US	online_adaptive	20260805	V2A0284	Spencer_US	0	0.6631372605730009	0.6274200081825256
LODO	Spencer_US	online_adaptive	20260805	V2A0285	Spencer_US	0	0.6361522457507551	0.5270324349403381
LODO	Spencer_US	online_adaptive	20260805	V2A0286	Spencer_US	0	0.8030869733982912	0.7108534574508667
LODO	Spencer_US	online_adaptive	20260805	V2A0287	Spencer_US	1	0.3261691209596593	0.5317941308021545
LODO	Spencer_US	online_adaptive	20260805	V2A0288	Spencer_US	1	0.46570999840086397	0.5636753439903259
LODO	Spencer_US	online_adaptive	20260805	V2A0289	Spencer_US	0	0.43066301252784045	0.6144439578056335
LODO	Spencer_US	online_adaptive	20260805	V2A0290	Spencer_US	1	0.6555427515926675	0.5637232065200806
LODO	Spencer_US	online_adaptive	20260805	V2A0291	Spencer_US	0	0.2499404307368936	0.36727192997932434
LODO	Spencer_US	online_adaptive	20260805	V2A0292	Spencer_US	1	0.708006602178934	0.615235447883606
LODO	Spencer_US	online_adaptive	20260805	V2A0293	Spencer_US	0	0.2674616763353532	0.5746239423751831
LODO	Spencer_US	online_adaptive	20260805	V2A0294	Spencer_US	1	0.5604165193036791	0.5982617735862732
LODO	Spencer_US	online_adaptive	20260805	V2A0295	Spencer_US	1	0.16812213261946268	0.5364689230918884
LODO	Spencer_US	online_adaptive	20260805	V2A0296	Spencer_US	0	0.07098563296488303	0.5240525007247925
LODO	Spencer_US	online_adaptive	20260805	V2A0297	Spencer_US	1	0.17888024356981017	0.5345073342323303
LODO	Spencer_US	online_adaptive	20260805	V2A0298	Spencer_US	1	0.15420257689007516	0.5612687468528748
LODO	Spencer_US	online_adaptive	20260805	V2A0299	Spencer_US	1	0.15839139866281668	0.49099135398864746
LODO	Spencer_US	online_adaptive	20260805	V2A0300	Spencer_US	1	0.49436247886369566	0.5785748958587646
LODO	Spencer_US	online_adaptive	20260805	V2A0301	Spencer_US	0	0.29903108813010265	0.520880401134491
LODO	Spencer_US	online_adaptive	20260805	V2A0302	Spencer_US	1	0.49746915662299795	0.5704379081726074
LODO	Spencer_US	online_adaptive	20260805	V2A0303	Spencer_US	1	0.7151456072747808	0.5523133277893066
LODO	Spencer_US	online_adaptive	20260805	V2A0304	Spencer_US	1	0.9043596772635839	0.5919764041900635
LODO	Spencer_US	online_adaptive	20260805	V2A0305	Spencer_US	1	0.6228387017041973	0.5464276671409607
LODO	Spencer_US	online_adaptive	20260805	V2A0306	Spencer_US	1	0.5328910328789928	0.5759464502334595
LODO	Spencer_US	online_adaptive	20260805	V2A0307	Spencer_US	1	0.5810923993527621	0.5624316930770874
LODO	Spencer_US	online_adaptive	20260805	V2A0308	Spencer_US	0	0.45805896045550504	0.5612379908561707
LODO	Spencer_US	online_adaptive	20260805	V2A0309	Spencer_US	1	0.578441560445171	0.595366358757019
LODO	Spencer_US	online_adaptive	20260805	V2A0310	Spencer_US	0	0.10647310908990516	0.5146292448043823
LODO	Spencer_US	online_adaptive	20260805	V2A0311	Spencer_US	1	0.17542514526343536	0.5929838418960571
LODO	Spencer_US	online_adaptive	20260805	V2A0312	Spencer_US	1	0.30455403022008204	0.5723369717597961
LODO	Spencer_US	online_adaptive	20260805	V2A0313	Spencer_US	1	0.34484380814084686	0.5672635436058044
LODO	Spencer_US	online_adaptive	20260805	V2A0314	Spencer_US	0	0.522804483062562	0.6327154040336609
LODO	Spencer_US	online_adaptive	20260805	V2A0315	Spencer_US	1	0.3257560852107138	0.5871994495391846
LODO	Spencer_US	online_adaptive	20260805	V2A0316	Spencer_US	0	0.1262351414859836	0.5461763739585876
LODO	Spencer_US	online_adaptive	20260805	V2A0317	Spencer_US	1	0.8912065462151223	0.6229603886604309
LODO	Spencer_US	online_adaptive	20260805	V2A0318	Spencer_US	1	0.40529541208893055	0.5665344595909119
LODO	Spencer_US	online_adaptive	20260805	V2A0319	Spencer_US	1	0.3766848474573521	0.5090857744216919
LODO	Spencer_US	online_adaptive	20260805	V2A0320	Spencer_US	1	0.15529217549980276	0.5421484708786011
LODO	Spencer_US	online_adaptive	20260805	V2A0321	Spencer_US	1	0.7067364461814482	0.5319310426712036
LODO	Spencer_US	online_adaptive	20260805	V2A0322	Spencer_US	0	0.5352616888695669	0.5302088260650635
LODO	Spencer_US	online_adaptive	20260805	V2A0323	Spencer_US	1	0.6288174445164406	0.5710376501083374
LODO	Spencer_US	online_adaptive	20260805	V2A0324	Spencer_US	1	0.6693291981910883	0.5446029305458069
LODO	Spencer_US	online_adaptive	20260805	V2A0325	Spencer_US	1	0.15967271171270248	0.49661433696746826
LODO	Spencer_US	online_adaptive	20260805	V2A0326	Spencer_US	1	0.5400927288719687	0.5128822922706604
LODO	Spencer_US	online_adaptive	20260805	V2A0327	Spencer_US	0	0.6265454342415271	0.493551641702652
LODO	Spencer_US	online_adaptive	20260805	V2A0328	Spencer_US	1	0.6415353387496731	0.5593042969703674
LODO	Spencer_US	online_adaptive	20260805	V2A0329	Spencer_US	1	0.5480169178974165	0.5397299528121948
LODO	Spencer_US	online_adaptive	20260805	V2A0330	Spencer_US	1	0.8483250711125767	0.6571705341339111
LODO	Spencer_US	online_adaptive	20260805	V2A0331	Spencer_US	1	0.1486219791868549	0.5818304419517517
LODO	Spencer_US	online_adaptive	20260805	V2A0332	Spencer_US	1	0.5396328559590683	0.49309277534484863
LODO	Spencer_US	online_adaptive	20260805	V2A0333	Spencer_US	1	0.2429228026680182	0.5586448907852173
LODO	Spencer_US	online_adaptive	20260805	V2A0334	Spencer_US	1	0.6784830128283231	0.4445006847381592
LODO	Spencer_US	online_adaptive	20260805	V2A0335	Spencer_US	0	0.25031402093284866	0.6172960996627808
LODO	Spencer_US	online_adaptive	20260805	V2A0336	Spencer_US	1	0.16490982847825605	0.47121456265449524
LODO	Spencer_US	online_adaptive	20260805	V2A0337	Spencer_US	1	0.766690028098599	0.5456574559211731
LODO	Spencer_US	online_adaptive	20260805	V2A0338	Spencer_US	0	0.16847198321246493	0.5465870499610901
LODO	Spencer_US	online_adaptive	20260805	V2A0339	Spencer_US	1	0.20352086935212058	0.5332494974136353
LODO	Spencer_US	online_adaptive	20260805	V2A0340	Spencer_US	0	0.28274250042224	0.6266510486602783
LODO	Spencer_US	online_adaptive	20260805	V2A0341	Spencer_US	0	0.19904839052207157	0.6086615920066833
LODO	Spencer_US	online_adaptive	20260805	V2A0342	Spencer_US	0	0.4586926444919809	0.551531970500946
LODO	Spencer_US	online_adaptive	20260805	V2A0343	Spencer_US	0	0.25391886868135594	0.497396856546402
LODO	Spencer_US	online_adaptive	20260805	V2A0344	Spencer_US	1	0.9740335303458666	0.6618730425834656
LODO	Spencer_US	online_adaptive	20260805	V2A0345	Spencer_US	1	0.9249253643506016	0.6219342350959778
LODO	Spencer_US	online_adaptive	20260805	V2A0346	Spencer_US	1	0.49670867679146774	0.5288141369819641
LODO	Spencer_US	online_adaptive	20260805	V2A0347	Spencer_US	1	0.301162328290322	0.6186724305152893
LODO	Spencer_US	online_adaptive	20260805	V2A0348	Spencer_US	1	0.37847874287021543	0.5373053550720215
LODO	Spencer_US	online_adaptive	20260805	V2A0349	Spencer_US	1	0.730196332899599	0.5923239588737488
LODO	Spencer_US	online_adaptive	20260805	V2A0350	Spencer_US	1	0.8098786983696694	0.6153165698051453
LODO	Spencer_US	online_adaptive	20260805	V2A0351	Spencer_US	1	0.16510423582102732	0.6062585711479187
LODO	Spencer_US	online_adaptive	20260805	V2A0352	Spencer_US	1	0.6950445743268397	0.4928355813026428
LODO	Spencer_US	online_adaptive	20260805	V2A0353	Spencer_US	1	0.17189140192932847	0.6058785319328308
LODO	Spencer_US	online_adaptive	20260805	V2A0354	Spencer_US	1	0.4051227037724012	0.608729362487793
LODO	Spencer_US	online_adaptive	20260805	V2A0355	Spencer_US	1	0.1283549541582988	0.5107237100601196
LODO	Spencer_US	online_adaptive	20260805	V2A0356	Spencer_US	1	0.7444662904021512	0.5686719417572021
LODO	Spencer_US	online_adaptive	20260805	V2A0357	Spencer_US	1	0.6620524042906141	0.6170231103897095
LODO	Spencer_US	online_adaptive	20260805	V2A0358	Spencer_US	0	0.9504928276096595	0.5916011929512024
LODO	Spencer_US	online_adaptive	20260805	V2A0359	Spencer_US	1	0.13066270296841465	0.5272471904754639
LODO	Spencer_US	online_adaptive	20260805	V2A0360	Spencer_US	1	0.20096974472690485	0.5021454691886902
LODO	Spencer_US	online_adaptive	20260805	V2A0361	Spencer_US	0	0.18910388625543573	0.5456235408782959
LODO	Spencer_US	online_adaptive	20260805	V2A0362	Spencer_US	1	0.6978017092261516	0.550725519657135
LODO	Spencer_US	online_adaptive	20260805	V2A0363	Spencer_US	1	0.19553180491519856	0.5846348404884338
LODO	Spencer_US	online_adaptive	20260806	V2A0267	Spencer_US	0	0.35917925794428024	0.5399384498596191
LODO	Spencer_US	online_adaptive	20260806	V2A0268	Spencer_US	1	0.39645559815668674	0.5790753364562988
LODO	Spencer_US	online_adaptive	20260806	V2A0269	Spencer_US	1	0.004155301095439165	0.5809590220451355
LODO	Spencer_US	online_adaptive	20260806	V2A0270	Spencer_US	1	0.2367278685483075	0.5165553092956543
LODO	Spencer_US	online_adaptive	20260806	V2A0271	Spencer_US	0	0.1962966536827659	0.5122136473655701
LODO	Spencer_US	online_adaptive	20260806	V2A0272	Spencer_US	1	0.4614537395068788	0.4867691695690155
LODO	Spencer_US	online_adaptive	20260806	V2A0273	Spencer_US	1	0.10787299284626879	0.5326126217842102
LODO	Spencer_US	online_adaptive	20260806	V2A0274	Spencer_US	1	0.053095150045377404	0.5315525531768799
LODO	Spencer_US	online_adaptive	20260806	V2A0275	Spencer_US	1	0.39123314516549573	0.5283854603767395
LODO	Spencer_US	online_adaptive	20260806	V2A0276	Spencer_US	0	0.035145518810474285	0.4945342540740967
LODO	Spencer_US	online_adaptive	20260806	V2A0277	Spencer_US	1	0.8519538144976483	0.5825608968734741
LODO	Spencer_US	online_adaptive	20260806	V2A0278	Spencer_US	1	0.8539249147918722	0.5720621943473816
LODO	Spencer_US	online_adaptive	20260806	V2A0279	Spencer_US	0	0.27604886199369494	0.5401899814605713
LODO	Spencer_US	online_adaptive	20260806	V2A0280	Spencer_US	1	0.30974276804315987	0.606315016746521
LODO	Spencer_US	online_adaptive	20260806	V2A0281	Spencer_US	1	0.10644242132283688	0.5851425528526306
LODO	Spencer_US	online_adaptive	20260806	V2A0282	Spencer_US	1	0.17332057653372834	0.5757578611373901
LODO	Spencer_US	online_adaptive	20260806	V2A0283	Spencer_US	1	0.694466115098417	0.533193826675415
LODO	Spencer_US	online_adaptive	20260806	V2A0284	Spencer_US	0	0.6692396475812834	0.6280428171157837
LODO	Spencer_US	online_adaptive	20260806	V2A0285	Spencer_US	0	0.6404165814966913	0.5272378921508789
LODO	Spencer_US	online_adaptive	20260806	V2A0286	Spencer_US	0	0.8026029987521545	0.7150891423225403
LODO	Spencer_US	online_adaptive	20260806	V2A0287	Spencer_US	1	0.3210884413911899	0.530595600605011
LODO	Spencer_US	online_adaptive	20260806	V2A0288	Spencer_US	1	0.4634266260403795	0.5580142140388489
LODO	Spencer_US	online_adaptive	20260806	V2A0289	Spencer_US	0	0.4202574181715232	0.617548942565918
LODO	Spencer_US	online_adaptive	20260806	V2A0290	Spencer_US	1	0.6550779668613375	0.5639474391937256
LODO	Spencer_US	online_adaptive	20260806	V2A0291	Spencer_US	0	0.25015282152658497	0.36092957854270935
LODO	Spencer_US	online_adaptive	20260806	V2A0292	Spencer_US	1	0.7160608660973574	0.6162642240524292
LODO	Spencer_US	online_adaptive	20260806	V2A0293	Spencer_US	0	0.25352046441693155	0.5764797925949097
LODO	Spencer_US	online_adaptive	20260806	V2A0294	Spencer_US	1	0.5636971740200388	0.5978184938430786
LODO	Spencer_US	online_adaptive	20260806	V2A0295	Spencer_US	1	0.16315883623593458	0.533403217792511
LODO	Spencer_US	online_adaptive	20260806	V2A0296	Spencer_US	0	0.07313015499018581	0.5293292999267578
LODO	Spencer_US	online_adaptive	20260806	V2A0297	Spencer_US	1	0.1763575525709865	0.5399481058120728
LODO	Spencer_US	online_adaptive	20260806	V2A0298	Spencer_US	1	0.15379491370075102	0.5637507438659668
LODO	Spencer_US	online_adaptive	20260806	V2A0299	Spencer_US	1	0.15760591171865682	0.4895806908607483
LODO	Spencer_US	online_adaptive	20260806	V2A0300	Spencer_US	1	0.49528298515125485	0.5820662975311279
LODO	Spencer_US	online_adaptive	20260806	V2A0301	Spencer_US	0	0.2996826765370141	0.519424557685852
LODO	Spencer_US	online_adaptive	20260806	V2A0302	Spencer_US	1	0.49074146111690437	0.5676102042198181
LODO	Spencer_US	online_adaptive	20260806	V2A0303	Spencer_US	1	0.7220694376181017	0.5519005656242371
LODO	Spencer_US	online_adaptive	20260806	V2A0304	Spencer_US	1	0.9051566878056303	0.5899123549461365
LODO	Spencer_US	online_adaptive	20260806	V2A0305	Spencer_US	1	0.6304713565158284	0.5492109656333923
LODO	Spencer_US	online_adaptive	20260806	V2A0306	Spencer_US	1	0.5375333839289281	0.5758864283561707
LODO	Spencer_US	online_adaptive	20260806	V2A0307	Spencer_US	1	0.5793081024222505	0.5630274415016174
LODO	Spencer_US	online_adaptive	20260806	V2A0308	Spencer_US	0	0.4529967421119129	0.5596078634262085
LODO	Spencer_US	online_adaptive	20260806	V2A0309	Spencer_US	1	0.5682521133642828	0.5923855304718018
LODO	Spencer_US	online_adaptive	20260806	V2A0310	Spencer_US	0	0.11047654436660821	0.5163175463676453
LODO	Spencer_US	online_adaptive	20260806	V2A0311	Spencer_US	1	0.1803572632729988	0.5895047783851624
LODO	Spencer_US	online_adaptive	20260806	V2A0312	Spencer_US	1	0.3111787998906524	0.5772330164909363
LODO	Spencer_US	online_adaptive	20260806	V2A0313	Spencer_US	1	0.3467794935414381	0.5642265677452087
LODO	Spencer_US	online_adaptive	20260806	V2A0314	Spencer_US	0	0.5197133087906392	0.6324253082275391
LODO	Spencer_US	online_adaptive	20260806	V2A0315	Spencer_US	1	0.31987782442166623	0.5864586234092712
LODO	Spencer_US	online_adaptive	20260806	V2A0316	Spencer_US	0	0.12400675173465742	0.5460129976272583
LODO	Spencer_US	online_adaptive	20260806	V2A0317	Spencer_US	1	0.8914535667472876	0.623573899269104
LODO	Spencer_US	online_adaptive	20260806	V2A0318	Spencer_US	1	0.399546689156853	0.5668153166770935
LODO	Spencer_US	online_adaptive	20260806	V2A0319	Spencer_US	1	0.3771825106591363	0.5130167603492737
LODO	Spencer_US	online_adaptive	20260806	V2A0320	Spencer_US	1	0.159562463632244	0.5440712571144104
LODO	Spencer_US	online_adaptive	20260806	V2A0321	Spencer_US	1	0.7088594806271367	0.5312236547470093
LODO	Spencer_US	online_adaptive	20260806	V2A0322	Spencer_US	0	0.5405504827896225	0.5295483469963074
LODO	Spencer_US	online_adaptive	20260806	V2A0323	Spencer_US	1	0.6230192215880069	0.5672454237937927
LODO	Spencer_US	online_adaptive	20260806	V2A0324	Spencer_US	1	0.671105216408157	0.5450174808502197
LODO	Spencer_US	online_adaptive	20260806	V2A0325	Spencer_US	1	0.16350176185991128	0.49548110365867615
LODO	Spencer_US	online_adaptive	20260806	V2A0326	Spencer_US	1	0.5367784574956573	0.5102277994155884
LODO	Spencer_US	online_adaptive	20260806	V2A0327	Spencer_US	0	0.629093251438156	0.49181219935417175
LODO	Spencer_US	online_adaptive	20260806	V2A0328	Spencer_US	1	0.6451280644904369	0.559949517250061
LODO	Spencer_US	online_adaptive	20260806	V2A0329	Spencer_US	1	0.5573097934120703	0.5436785817146301
LODO	Spencer_US	online_adaptive	20260806	V2A0330	Spencer_US	1	0.8480078376756648	0.6582215428352356
LODO	Spencer_US	online_adaptive	20260806	V2A0331	Spencer_US	1	0.1491894279256877	0.5832312703132629
LODO	Spencer_US	online_adaptive	20260806	V2A0332	Spencer_US	1	0.5409802854293987	0.49243372678756714
LODO	Spencer_US	online_adaptive	20260806	V2A0333	Spencer_US	1	0.23583711325833415	0.5608063340187073
LODO	Spencer_US	online_adaptive	20260806	V2A0334	Spencer_US	1	0.6798610210520132	0.4440746605396271
LODO	Spencer_US	online_adaptive	20260806	V2A0335	Spencer_US	0	0.24780118160360345	0.6191667914390564
LODO	Spencer_US	online_adaptive	20260806	V2A0336	Spencer_US	1	0.1612100090349471	0.47337591648101807
LODO	Spencer_US	online_adaptive	20260806	V2A0337	Spencer_US	1	0.7666898993401093	0.5462988018989563
LODO	Spencer_US	online_adaptive	20260806	V2A0338	Spencer_US	0	0.16568566009934058	0.5462813973426819
LODO	Spencer_US	online_adaptive	20260806	V2A0339	Spencer_US	1	0.20181262359495558	0.5321474075317383
LODO	Spencer_US	online_adaptive	20260806	V2A0340	Spencer_US	0	0.28924105068019224	0.6297914385795593
LODO	Spencer_US	online_adaptive	20260806	V2A0341	Spencer_US	0	0.19982133380931166	0.6075444221496582
LODO	Spencer_US	online_adaptive	20260806	V2A0342	Spencer_US	0	0.45716523727010344	0.551274836063385
LODO	Spencer_US	online_adaptive	20260806	V2A0343	Spencer_US	0	0.25231735313575276	0.4944581389427185
LODO	Spencer_US	online_adaptive	20260806	V2A0344	Spencer_US	1	0.9749599204321188	0.6608487367630005
LODO	Spencer_US	online_adaptive	20260806	V2A0345	Spencer_US	1	0.924539901760336	0.6195881366729736
LODO	Spencer_US	online_adaptive	20260806	V2A0346	Spencer_US	1	0.503980824828566	0.5279792547225952
LODO	Spencer_US	online_adaptive	20260806	V2A0347	Spencer_US	1	0.2957384856938093	0.6184068322181702
LODO	Spencer_US	online_adaptive	20260806	V2A0348	Spencer_US	1	0.372269272591371	0.5368412733078003
LODO	Spencer_US	online_adaptive	20260806	V2A0349	Spencer_US	1	0.7212886876678744	0.5906007289886475
LODO	Spencer_US	online_adaptive	20260806	V2A0350	Spencer_US	1	0.8030411667597989	0.6153752207756042
LODO	Spencer_US	online_adaptive	20260806	V2A0351	Spencer_US	1	0.16943736639146859	0.6070671081542969
LODO	Spencer_US	online_adaptive	20260806	V2A0352	Spencer_US	1	0.699795706259237	0.4956166446208954
LODO	Spencer_US	online_adaptive	20260806	V2A0353	Spencer_US	1	0.17169297104775932	0.6078081727027893
LODO	Spencer_US	online_adaptive	20260806	V2A0354	Spencer_US	1	0.4063354512734315	0.6077526807785034
LODO	Spencer_US	online_adaptive	20260806	V2A0355	Spencer_US	1	0.1335793515279841	0.5110942125320435
LODO	Spencer_US	online_adaptive	20260806	V2A0356	Spencer_US	1	0.7452431352297771	0.5718619227409363
LODO	Spencer_US	online_adaptive	20260806	V2A0357	Spencer_US	1	0.658586600805369	0.6159928441047668
LODO	Spencer_US	online_adaptive	20260806	V2A0358	Spencer_US	0	0.9482646438876463	0.5921408534049988
LODO	Spencer_US	online_adaptive	20260806	V2A0359	Spencer_US	1	0.13239394218214554	0.5273777842521667
LODO	Spencer_US	online_adaptive	20260806	V2A0360	Spencer_US	1	0.1991699971366276	0.4961589574813843
LODO	Spencer_US	online_adaptive	20260806	V2A0361	Spencer_US	0	0.18492469266873685	0.5472841858863831
LODO	Spencer_US	online_adaptive	20260806	V2A0362	Spencer_US	1	0.7002343010449155	0.5512523651123047
LODO	Spencer_US	online_adaptive	20260806	V2A0363	Spencer_US	1	0.19463871353514375	0.5866380333900452
LODO	Spencer_US	standard_transductive	20260802	V2A0267	Spencer_US	0	0.4236585128546321	0.47293761372566223
LODO	Spencer_US	standard_transductive	20260802	V2A0268	Spencer_US	1	0.617662525325863	0.5526077747344971
LODO	Spencer_US	standard_transductive	20260802	V2A0269	Spencer_US	1	0.007970058019001728	0.5285578966140747
LODO	Spencer_US	standard_transductive	20260802	V2A0270	Spencer_US	1	0.2504842697802464	0.46901053190231323
LODO	Spencer_US	standard_transductive	20260802	V2A0271	Spencer_US	0	0.18014971416885964	0.5067368149757385
LODO	Spencer_US	standard_transductive	20260802	V2A0272	Spencer_US	1	0.46668429993126986	0.4795989394187927
LODO	Spencer_US	standard_transductive	20260802	V2A0273	Spencer_US	1	0.1417968732262741	0.5046776533126831
LODO	Spencer_US	standard_transductive	20260802	V2A0274	Spencer_US	1	0.14338128454115007	0.49916502833366394
LODO	Spencer_US	standard_transductive	20260802	V2A0275	Spencer_US	1	0.48399335126950704	0.508613109588623
LODO	Spencer_US	standard_transductive	20260802	V2A0276	Spencer_US	0	0.04958117625394634	0.5234283804893494
LODO	Spencer_US	standard_transductive	20260802	V2A0277	Spencer_US	1	0.8074004978092418	0.549980103969574
LODO	Spencer_US	standard_transductive	20260802	V2A0278	Spencer_US	1	0.8291137916935281	0.5456087589263916
LODO	Spencer_US	standard_transductive	20260802	V2A0279	Spencer_US	0	0.2848029795934265	0.31529656052589417
LODO	Spencer_US	standard_transductive	20260802	V2A0280	Spencer_US	1	0.43783481952816866	0.5454484820365906
LODO	Spencer_US	standard_transductive	20260802	V2A0281	Spencer_US	1	0.14978208671521664	0.650680661201477
LODO	Spencer_US	standard_transductive	20260802	V2A0282	Spencer_US	1	0.32041479659463734	0.6822530031204224
LODO	Spencer_US	standard_transductive	20260802	V2A0283	Spencer_US	1	0.6768084653186275	0.42174047231674194
LODO	Spencer_US	standard_transductive	20260802	V2A0284	Spencer_US	0	0.6280002408981288	0.708017110824585
LODO	Spencer_US	standard_transductive	20260802	V2A0285	Spencer_US	0	0.6652359781365823	0.4878704845905304
LODO	Spencer_US	standard_transductive	20260802	V2A0286	Spencer_US	0	0.8076257210129598	0.7153790593147278
LODO	Spencer_US	standard_transductive	20260802	V2A0287	Spencer_US	1	0.378293288656254	0.5273063778877258
LODO	Spencer_US	standard_transductive	20260802	V2A0288	Spencer_US	1	0.502977718255489	0.5763313174247742
LODO	Spencer_US	standard_transductive	20260802	V2A0289	Spencer_US	0	0.6735187544002704	0.6550686955451965
LODO	Spencer_US	standard_transductive	20260802	V2A0290	Spencer_US	1	0.6385518577872277	0.5033392906188965
LODO	Spencer_US	standard_transductive	20260802	V2A0291	Spencer_US	0	0.24796712565363385	0.380621999502182
LODO	Spencer_US	standard_transductive	20260802	V2A0292	Spencer_US	1	0.689061825105491	0.5894485712051392
LODO	Spencer_US	standard_transductive	20260802	V2A0293	Spencer_US	0	0.3676794308925999	0.47172585129737854
LODO	Spencer_US	standard_transductive	20260802	V2A0294	Spencer_US	1	0.5691180847618948	0.5845860838890076
LODO	Spencer_US	standard_transductive	20260802	V2A0295	Spencer_US	1	0.17977009854415663	0.6349643468856812
LODO	Spencer_US	standard_transductive	20260802	V2A0296	Spencer_US	0	0.11114386317816322	0.6028038263320923
LODO	Spencer_US	standard_transductive	20260802	V2A0297	Spencer_US	1	0.18718551118251933	0.304646760225296
LODO	Spencer_US	standard_transductive	20260802	V2A0298	Spencer_US	1	0.259742487989971	0.5430320501327515
LODO	Spencer_US	standard_transductive	20260802	V2A0299	Spencer_US	1	0.17376856768275037	0.3894149363040924
LODO	Spencer_US	standard_transductive	20260802	V2A0300	Spencer_US	1	0.5234443850275551	0.5626587867736816
LODO	Spencer_US	standard_transductive	20260802	V2A0301	Spencer_US	0	0.28659157620224524	0.5326564908027649
LODO	Spencer_US	standard_transductive	20260802	V2A0302	Spencer_US	1	0.5564437846399286	0.5961074829101562
LODO	Spencer_US	standard_transductive	20260802	V2A0303	Spencer_US	1	0.7198575053149089	0.48951900005340576
LODO	Spencer_US	standard_transductive	20260802	V2A0304	Spencer_US	1	0.9167043667249022	0.6069485545158386
LODO	Spencer_US	standard_transductive	20260802	V2A0305	Spencer_US	1	0.6555792741433385	0.5323202013969421
LODO	Spencer_US	standard_transductive	20260802	V2A0306	Spencer_US	1	0.5102838795118415	0.5430415272712708
LODO	Spencer_US	standard_transductive	20260802	V2A0307	Spencer_US	1	0.653443495735124	0.5022693872451782
LODO	Spencer_US	standard_transductive	20260802	V2A0308	Spencer_US	0	0.5571493624555626	0.6007114052772522
LODO	Spencer_US	standard_transductive	20260802	V2A0309	Spencer_US	1	0.5606974718777274	0.5898656249046326
LODO	Spencer_US	standard_transductive	20260802	V2A0310	Spencer_US	0	0.17577176738257563	0.465981125831604
LODO	Spencer_US	standard_transductive	20260802	V2A0311	Spencer_US	1	0.24204142692231292	0.6797269582748413
LODO	Spencer_US	standard_transductive	20260802	V2A0312	Spencer_US	1	0.32430324807884636	0.5729127526283264
LODO	Spencer_US	standard_transductive	20260802	V2A0313	Spencer_US	1	0.36840903407984515	0.5174445509910583
LODO	Spencer_US	standard_transductive	20260802	V2A0314	Spencer_US	0	0.5915390192162437	0.7383351922035217
LODO	Spencer_US	standard_transductive	20260802	V2A0315	Spencer_US	1	0.3048671013890215	0.5063769221305847
LODO	Spencer_US	standard_transductive	20260802	V2A0316	Spencer_US	0	0.20722106907416066	0.5373961329460144
LODO	Spencer_US	standard_transductive	20260802	V2A0317	Spencer_US	1	0.8848193106921283	0.5707423686981201
LODO	Spencer_US	standard_transductive	20260802	V2A0318	Spencer_US	1	0.43365873719724385	0.5434781312942505
LODO	Spencer_US	standard_transductive	20260802	V2A0319	Spencer_US	1	0.3648997415453159	0.38346195220947266
LODO	Spencer_US	standard_transductive	20260802	V2A0320	Spencer_US	1	0.13847300071014726	0.4759473204612732
LODO	Spencer_US	standard_transductive	20260802	V2A0321	Spencer_US	1	0.7178929039660676	0.48199138045310974
LODO	Spencer_US	standard_transductive	20260802	V2A0322	Spencer_US	0	0.5353791944119188	0.49291765689849854
LODO	Spencer_US	standard_transductive	20260802	V2A0323	Spencer_US	1	0.6431336189045418	0.6362155079841614
LODO	Spencer_US	standard_transductive	20260802	V2A0324	Spencer_US	1	0.6872807138335265	0.487718790769577
LODO	Spencer_US	standard_transductive	20260802	V2A0325	Spencer_US	1	0.2150691968200226	0.4598639905452728
LODO	Spencer_US	standard_transductive	20260802	V2A0326	Spencer_US	1	0.5768629416061877	0.45676109194755554
LODO	Spencer_US	standard_transductive	20260802	V2A0327	Spencer_US	0	0.6251442827352277	0.49896466732025146
LODO	Spencer_US	standard_transductive	20260802	V2A0328	Spencer_US	1	0.5967971248454546	0.5214669704437256
LODO	Spencer_US	standard_transductive	20260802	V2A0329	Spencer_US	1	0.5672743120038916	0.5382553339004517
LODO	Spencer_US	standard_transductive	20260802	V2A0330	Spencer_US	1	0.8766630152623573	0.738339364528656
LODO	Spencer_US	standard_transductive	20260802	V2A0331	Spencer_US	1	0.14781390393797347	0.5816928148269653
LODO	Spencer_US	standard_transductive	20260802	V2A0332	Spencer_US	1	0.5666480353064905	0.4519132673740387
LODO	Spencer_US	standard_transductive	20260802	V2A0333	Spencer_US	1	0.24704417415988533	0.5208588242530823
LODO	Spencer_US	standard_transductive	20260802	V2A0334	Spencer_US	1	0.6735166552790233	0.46515020728111267
LODO	Spencer_US	standard_transductive	20260802	V2A0335	Spencer_US	0	0.4603005603143239	0.6589765548706055
LODO	Spencer_US	standard_transductive	20260802	V2A0336	Spencer_US	1	0.1875133566315141	0.4777223765850067
LODO	Spencer_US	standard_transductive	20260802	V2A0337	Spencer_US	1	0.7092755486879561	0.37287962436676025
LODO	Spencer_US	standard_transductive	20260802	V2A0338	Spencer_US	0	0.36521993317992085	0.5796921849250793
LODO	Spencer_US	standard_transductive	20260802	V2A0339	Spencer_US	1	0.21849811850168047	0.47899380326271057
LODO	Spencer_US	standard_transductive	20260802	V2A0340	Spencer_US	0	0.32816766124853597	0.6542640328407288
LODO	Spencer_US	standard_transductive	20260802	V2A0341	Spencer_US	0	0.19863668579265348	0.6127625703811646
LODO	Spencer_US	standard_transductive	20260802	V2A0342	Spencer_US	0	0.4590825613066568	0.43567195534706116
LODO	Spencer_US	standard_transductive	20260802	V2A0343	Spencer_US	0	0.30996491934527404	0.4747968316078186
LODO	Spencer_US	standard_transductive	20260802	V2A0344	Spencer_US	1	0.9713678185472453	0.7402209639549255
LODO	Spencer_US	standard_transductive	20260802	V2A0345	Spencer_US	1	0.9099518865804463	0.6628668904304504
LODO	Spencer_US	standard_transductive	20260802	V2A0346	Spencer_US	1	0.49900985449213275	0.46739181876182556
LODO	Spencer_US	standard_transductive	20260802	V2A0347	Spencer_US	1	0.4762836863452883	0.6434868574142456
LODO	Spencer_US	standard_transductive	20260802	V2A0348	Spencer_US	1	0.36661199949137174	0.47970151901245117
LODO	Spencer_US	standard_transductive	20260802	V2A0349	Spencer_US	1	0.7513779251552964	0.5716257691383362
LODO	Spencer_US	standard_transductive	20260802	V2A0350	Spencer_US	1	0.9414712995152166	0.6799468398094177
LODO	Spencer_US	standard_transductive	20260802	V2A0351	Spencer_US	1	0.18219088882204804	0.5972941517829895
LODO	Spencer_US	standard_transductive	20260802	V2A0352	Spencer_US	1	0.7027590593641138	0.4186118543148041
LODO	Spencer_US	standard_transductive	20260802	V2A0353	Spencer_US	1	0.2499153241463865	0.5598052740097046
LODO	Spencer_US	standard_transductive	20260802	V2A0354	Spencer_US	1	0.521687216602035	0.6706433892250061
LODO	Spencer_US	standard_transductive	20260802	V2A0355	Spencer_US	1	0.1999460847484625	0.5250198245048523
LODO	Spencer_US	standard_transductive	20260802	V2A0356	Spencer_US	1	0.7220008783627032	0.5154548287391663
LODO	Spencer_US	standard_transductive	20260802	V2A0357	Spencer_US	1	0.6412824655441415	0.649905800819397
LODO	Spencer_US	standard_transductive	20260802	V2A0358	Spencer_US	0	0.9492269242710434	0.4192725718021393
LODO	Spencer_US	standard_transductive	20260802	V2A0359	Spencer_US	1	0.1828869999556939	0.5202871561050415
LODO	Spencer_US	standard_transductive	20260802	V2A0360	Spencer_US	1	0.18139244597469248	0.5147803425788879
LODO	Spencer_US	standard_transductive	20260802	V2A0361	Spencer_US	0	0.1768440354362016	0.4791230261325836
LODO	Spencer_US	standard_transductive	20260802	V2A0362	Spencer_US	1	0.7136431704801824	0.4730432331562042
LODO	Spencer_US	standard_transductive	20260802	V2A0363	Spencer_US	1	0.19966181198012042	0.5975843667984009
LODO	Spencer_US	standard_transductive	20260803	V2A0267	Spencer_US	0	0.4311535415750722	0.4767160713672638
LODO	Spencer_US	standard_transductive	20260803	V2A0268	Spencer_US	1	0.6077046247110405	0.5583109855651855
LODO	Spencer_US	standard_transductive	20260803	V2A0269	Spencer_US	1	0.00816830628605484	0.5323991179466248
LODO	Spencer_US	standard_transductive	20260803	V2A0270	Spencer_US	1	0.24901486578568163	0.46931329369544983
LODO	Spencer_US	standard_transductive	20260803	V2A0271	Spencer_US	0	0.17875858257670801	0.5060311555862427
LODO	Spencer_US	standard_transductive	20260803	V2A0272	Spencer_US	1	0.4703722441112709	0.4739548861980438
LODO	Spencer_US	standard_transductive	20260803	V2A0273	Spencer_US	1	0.14311897486584374	0.5065020322799683
LODO	Spencer_US	standard_transductive	20260803	V2A0274	Spencer_US	1	0.14728020162241634	0.4981575906276703
LODO	Spencer_US	standard_transductive	20260803	V2A0275	Spencer_US	1	0.4791230658542795	0.5128200054168701
LODO	Spencer_US	standard_transductive	20260803	V2A0276	Spencer_US	0	0.04974056961531565	0.5282439589500427
LODO	Spencer_US	standard_transductive	20260803	V2A0277	Spencer_US	1	0.8058193426140376	0.5477613210678101
LODO	Spencer_US	standard_transductive	20260803	V2A0278	Spencer_US	1	0.8316492503143	0.5479170680046082
LODO	Spencer_US	standard_transductive	20260803	V2A0279	Spencer_US	0	0.28526333338755827	0.32457801699638367
LODO	Spencer_US	standard_transductive	20260803	V2A0280	Spencer_US	1	0.43193956609794104	0.5509440898895264
LODO	Spencer_US	standard_transductive	20260803	V2A0281	Spencer_US	1	0.14935662962996307	0.6503684520721436
LODO	Spencer_US	standard_transductive	20260803	V2A0282	Spencer_US	1	0.32577774778977275	0.6780883073806763
LODO	Spencer_US	standard_transductive	20260803	V2A0283	Spencer_US	1	0.679262456785969	0.4312179386615753
LODO	Spencer_US	standard_transductive	20260803	V2A0284	Spencer_US	0	0.6247164220104806	0.700408399105072
LODO	Spencer_US	standard_transductive	20260803	V2A0285	Spencer_US	0	0.6733145727918181	0.49097344279289246
LODO	Spencer_US	standard_transductive	20260803	V2A0286	Spencer_US	0	0.8045072241153726	0.7194837927818298
LODO	Spencer_US	standard_transductive	20260803	V2A0287	Spencer_US	1	0.3788422129978097	0.5281566977500916
LODO	Spencer_US	standard_transductive	20260803	V2A0288	Spencer_US	1	0.506978147594328	0.5794714093208313
LODO	Spencer_US	standard_transductive	20260803	V2A0289	Spencer_US	0	0.6737383356342429	0.6550338268280029
LODO	Spencer_US	standard_transductive	20260803	V2A0290	Spencer_US	1	0.6449553490255502	0.5056044459342957
LODO	Spencer_US	standard_transductive	20260803	V2A0291	Spencer_US	0	0.24742039538067956	0.38153594732284546
LODO	Spencer_US	standard_transductive	20260803	V2A0292	Spencer_US	1	0.6848476095859211	0.5883066654205322
LODO	Spencer_US	standard_transductive	20260803	V2A0293	Spencer_US	0	0.3727685652570971	0.47690850496292114
LODO	Spencer_US	standard_transductive	20260803	V2A0294	Spencer_US	1	0.5697501290522194	0.5850033760070801
LODO	Spencer_US	standard_transductive	20260803	V2A0295	Spencer_US	1	0.18135923264084627	0.6321456432342529
LODO	Spencer_US	standard_transductive	20260803	V2A0296	Spencer_US	0	0.11018217519722859	0.5936571955680847
LODO	Spencer_US	standard_transductive	20260803	V2A0297	Spencer_US	1	0.18272665693982942	0.30228838324546814
LODO	Spencer_US	standard_transductive	20260803	V2A0298	Spencer_US	1	0.2603235602558004	0.5417349934577942
LODO	Spencer_US	standard_transductive	20260803	V2A0299	Spencer_US	1	0.1771381664717249	0.3987310230731964
LODO	Spencer_US	standard_transductive	20260803	V2A0300	Spencer_US	1	0.520835447344986	0.565066397190094
LODO	Spencer_US	standard_transductive	20260803	V2A0301	Spencer_US	0	0.2886607270308819	0.5288549661636353
LODO	Spencer_US	standard_transductive	20260803	V2A0302	Spencer_US	1	0.5549817102266904	0.5966403484344482
LODO	Spencer_US	standard_transductive	20260803	V2A0303	Spencer_US	1	0.7198976190343837	0.48763495683670044
LODO	Spencer_US	standard_transductive	20260803	V2A0304	Spencer_US	1	0.9130975781763973	0.605595588684082
LODO	Spencer_US	standard_transductive	20260803	V2A0305	Spencer_US	1	0.6524713979860552	0.5324304699897766
LODO	Spencer_US	standard_transductive	20260803	V2A0306	Spencer_US	1	0.5107974580859442	0.5434517860412598
LODO	Spencer_US	standard_transductive	20260803	V2A0307	Spencer_US	1	0.651497843564793	0.504315197467804
LODO	Spencer_US	standard_transductive	20260803	V2A0308	Spencer_US	0	0.5550966409454551	0.6003340482711792
LODO	Spencer_US	standard_transductive	20260803	V2A0309	Spencer_US	1	0.5630927322765967	0.5888344049453735
LODO	Spencer_US	standard_transductive	20260803	V2A0310	Spencer_US	0	0.17718340865503437	0.4702797532081604
LODO	Spencer_US	standard_transductive	20260803	V2A0311	Spencer_US	1	0.2385764237967531	0.6770803928375244
LODO	Spencer_US	standard_transductive	20260803	V2A0312	Spencer_US	1	0.33354785899753364	0.5714555978775024
LODO	Spencer_US	standard_transductive	20260803	V2A0313	Spencer_US	1	0.37507955351995603	0.5178976058959961
LODO	Spencer_US	standard_transductive	20260803	V2A0314	Spencer_US	0	0.591838525594297	0.7342807054519653
LODO	Spencer_US	standard_transductive	20260803	V2A0315	Spencer_US	1	0.3008141892122063	0.5058422684669495
LODO	Spencer_US	standard_transductive	20260803	V2A0316	Spencer_US	0	0.209920210170753	0.5416558980941772
LODO	Spencer_US	standard_transductive	20260803	V2A0317	Spencer_US	1	0.8860163418735677	0.5706993937492371
LODO	Spencer_US	standard_transductive	20260803	V2A0318	Spencer_US	1	0.4347768843344746	0.5408709049224854
LODO	Spencer_US	standard_transductive	20260803	V2A0319	Spencer_US	1	0.3689515685244283	0.37635186314582825
LODO	Spencer_US	standard_transductive	20260803	V2A0320	Spencer_US	1	0.13889176759430388	0.4761543571949005
LODO	Spencer_US	standard_transductive	20260803	V2A0321	Spencer_US	1	0.7193652665424128	0.48812419176101685
LODO	Spencer_US	standard_transductive	20260803	V2A0322	Spencer_US	0	0.5396850961922464	0.4943566918373108
LODO	Spencer_US	standard_transductive	20260803	V2A0323	Spencer_US	1	0.6416975175297289	0.6350136995315552
LODO	Spencer_US	standard_transductive	20260803	V2A0324	Spencer_US	1	0.690623081998954	0.4921177923679352
LODO	Spencer_US	standard_transductive	20260803	V2A0325	Spencer_US	1	0.21535425243675607	0.46039271354675293
LODO	Spencer_US	standard_transductive	20260803	V2A0326	Spencer_US	1	0.5747129572409746	0.4643314778804779
LODO	Spencer_US	standard_transductive	20260803	V2A0327	Spencer_US	0	0.630709046354068	0.49958160519599915
LODO	Spencer_US	standard_transductive	20260803	V2A0328	Spencer_US	1	0.6084949961805374	0.5252577066421509
LODO	Spencer_US	standard_transductive	20260803	V2A0329	Spencer_US	1	0.5799141261863554	0.5411525964736938
LODO	Spencer_US	standard_transductive	20260803	V2A0330	Spencer_US	1	0.8724467480550278	0.7402530908584595
LODO	Spencer_US	standard_transductive	20260803	V2A0331	Spencer_US	1	0.14913975384245165	0.5796393752098083
LODO	Spencer_US	standard_transductive	20260803	V2A0332	Spencer_US	1	0.5733259876182416	0.45515814423561096
LODO	Spencer_US	standard_transductive	20260803	V2A0333	Spencer_US	1	0.2474203961125089	0.5238028764724731
LODO	Spencer_US	standard_transductive	20260803	V2A0334	Spencer_US	1	0.6730744549640498	0.4656323194503784
LODO	Spencer_US	standard_transductive	20260803	V2A0335	Spencer_US	0	0.4555186333415987	0.6586673259735107
LODO	Spencer_US	standard_transductive	20260803	V2A0336	Spencer_US	1	0.18686483898087813	0.4809591770172119
LODO	Spencer_US	standard_transductive	20260803	V2A0337	Spencer_US	1	0.7125824224700492	0.37719956040382385
LODO	Spencer_US	standard_transductive	20260803	V2A0338	Spencer_US	0	0.3613265014003254	0.5819407105445862
LODO	Spencer_US	standard_transductive	20260803	V2A0339	Spencer_US	1	0.223528626622952	0.48045217990875244
LODO	Spencer_US	standard_transductive	20260803	V2A0340	Spencer_US	0	0.3288833647270537	0.6550999283790588
LODO	Spencer_US	standard_transductive	20260803	V2A0341	Spencer_US	0	0.197255025042673	0.6063949465751648
LODO	Spencer_US	standard_transductive	20260803	V2A0342	Spencer_US	0	0.4581640333171554	0.43279749155044556
LODO	Spencer_US	standard_transductive	20260803	V2A0343	Spencer_US	0	0.3105103763894176	0.47915118932724
LODO	Spencer_US	standard_transductive	20260803	V2A0344	Spencer_US	1	0.9715893833578882	0.733267605304718
LODO	Spencer_US	standard_transductive	20260803	V2A0345	Spencer_US	1	0.9125081281260914	0.6644265055656433
LODO	Spencer_US	standard_transductive	20260803	V2A0346	Spencer_US	1	0.49990892791337505	0.46710634231567383
LODO	Spencer_US	standard_transductive	20260803	V2A0347	Spencer_US	1	0.4775498516747201	0.643970251083374
LODO	Spencer_US	standard_transductive	20260803	V2A0348	Spencer_US	1	0.3676169367488011	0.47966375946998596
LODO	Spencer_US	standard_transductive	20260803	V2A0349	Spencer_US	1	0.75076817294892	0.5741093158721924
LODO	Spencer_US	standard_transductive	20260803	V2A0350	Spencer_US	1	0.9409408658072314	0.6822666525840759
LODO	Spencer_US	standard_transductive	20260803	V2A0351	Spencer_US	1	0.1865628684122277	0.5992901921272278
LODO	Spencer_US	standard_transductive	20260803	V2A0352	Spencer_US	1	0.707608454360509	0.4163667559623718
LODO	Spencer_US	standard_transductive	20260803	V2A0353	Spencer_US	1	0.2516957086610946	0.5623548030853271
LODO	Spencer_US	standard_transductive	20260803	V2A0354	Spencer_US	1	0.5169602662950432	0.669076144695282
LODO	Spencer_US	standard_transductive	20260803	V2A0355	Spencer_US	1	0.20092335818317633	0.5283789038658142
LODO	Spencer_US	standard_transductive	20260803	V2A0356	Spencer_US	1	0.7203796093388087	0.5115997791290283
LODO	Spencer_US	standard_transductive	20260803	V2A0357	Spencer_US	1	0.6468133527294562	0.651796817779541
LODO	Spencer_US	standard_transductive	20260803	V2A0358	Spencer_US	0	0.9494834953518269	0.42062175273895264
LODO	Spencer_US	standard_transductive	20260803	V2A0359	Spencer_US	1	0.18581034997872206	0.5186570286750793
LODO	Spencer_US	standard_transductive	20260803	V2A0360	Spencer_US	1	0.17904318677509698	0.5198723077774048
LODO	Spencer_US	standard_transductive	20260803	V2A0361	Spencer_US	0	0.1788796134426703	0.4843915104866028
LODO	Spencer_US	standard_transductive	20260803	V2A0362	Spencer_US	1	0.7180265690792208	0.47581222653388977
LODO	Spencer_US	standard_transductive	20260803	V2A0363	Spencer_US	1	0.2031747670295274	0.6014744639396667
LODO	Spencer_US	standard_transductive	20260804	V2A0267	Spencer_US	0	0.43490000500911036	0.4762938916683197
LODO	Spencer_US	standard_transductive	20260804	V2A0268	Spencer_US	1	0.6020912471407366	0.5595002770423889
LODO	Spencer_US	standard_transductive	20260804	V2A0269	Spencer_US	1	0.00798566230911188	0.5326083302497864
LODO	Spencer_US	standard_transductive	20260804	V2A0270	Spencer_US	1	0.25106961731977595	0.4629988670349121
LODO	Spencer_US	standard_transductive	20260804	V2A0271	Spencer_US	0	0.17817177799051653	0.5076207518577576
LODO	Spencer_US	standard_transductive	20260804	V2A0272	Spencer_US	1	0.47122205476370316	0.4731432795524597
LODO	Spencer_US	standard_transductive	20260804	V2A0273	Spencer_US	1	0.1454066232415963	0.5026611089706421
LODO	Spencer_US	standard_transductive	20260804	V2A0274	Spencer_US	1	0.14965777923751064	0.5009496212005615
LODO	Spencer_US	standard_transductive	20260804	V2A0275	Spencer_US	1	0.48172422479169474	0.5077887773513794
LODO	Spencer_US	standard_transductive	20260804	V2A0276	Spencer_US	0	0.050037789952500814	0.5283036231994629
LODO	Spencer_US	standard_transductive	20260804	V2A0277	Spencer_US	1	0.8062575968608869	0.5456215143203735
LODO	Spencer_US	standard_transductive	20260804	V2A0278	Spencer_US	1	0.8293850235729244	0.5478675961494446
LODO	Spencer_US	standard_transductive	20260804	V2A0279	Spencer_US	0	0.28825774962356765	0.3082613945007324
LODO	Spencer_US	standard_transductive	20260804	V2A0280	Spencer_US	1	0.4414720178026857	0.5479954481124878
LODO	Spencer_US	standard_transductive	20260804	V2A0281	Spencer_US	1	0.14990606584290492	0.6611710786819458
LODO	Spencer_US	standard_transductive	20260804	V2A0282	Spencer_US	1	0.32364175604308076	0.6829724907875061
LODO	Spencer_US	standard_transductive	20260804	V2A0283	Spencer_US	1	0.6773724763496278	0.42172953486442566
LODO	Spencer_US	standard_transductive	20260804	V2A0284	Spencer_US	0	0.6278296003041435	0.7143429517745972
LODO	Spencer_US	standard_transductive	20260804	V2A0285	Spencer_US	0	0.6726619265030661	0.4907529354095459
LODO	Spencer_US	standard_transductive	20260804	V2A0286	Spencer_US	0	0.8051016483982992	0.7213621139526367
LODO	Spencer_US	standard_transductive	20260804	V2A0287	Spencer_US	1	0.3807007003197737	0.5300912261009216
LODO	Spencer_US	standard_transductive	20260804	V2A0288	Spencer_US	1	0.49896904365427625	0.581665575504303
LODO	Spencer_US	standard_transductive	20260804	V2A0289	Spencer_US	0	0.6691820890111804	0.6595934629440308
LODO	Spencer_US	standard_transductive	20260804	V2A0290	Spencer_US	1	0.6465892069207297	0.5072612762451172
LODO	Spencer_US	standard_transductive	20260804	V2A0291	Spencer_US	0	0.24869434134089552	0.37616047263145447
LODO	Spencer_US	standard_transductive	20260804	V2A0292	Spencer_US	1	0.6811301202000464	0.5896331071853638
LODO	Spencer_US	standard_transductive	20260804	V2A0293	Spencer_US	0	0.37133311449624373	0.4729274809360504
LODO	Spencer_US	standard_transductive	20260804	V2A0294	Spencer_US	1	0.569665260334773	0.5875172019004822
LODO	Spencer_US	standard_transductive	20260804	V2A0295	Spencer_US	1	0.18155231468643512	0.637169599533081
LODO	Spencer_US	standard_transductive	20260804	V2A0296	Spencer_US	0	0.10690105297715938	0.5993266105651855
LODO	Spencer_US	standard_transductive	20260804	V2A0297	Spencer_US	1	0.18289166037211846	0.3020927309989929
LODO	Spencer_US	standard_transductive	20260804	V2A0298	Spencer_US	1	0.25539012814059353	0.5415804386138916
LODO	Spencer_US	standard_transductive	20260804	V2A0299	Spencer_US	1	0.17665110432351772	0.3906497359275818
LODO	Spencer_US	standard_transductive	20260804	V2A0300	Spencer_US	1	0.526151113548635	0.5638405680656433
LODO	Spencer_US	standard_transductive	20260804	V2A0301	Spencer_US	0	0.2849505567005004	0.5300617814064026
LODO	Spencer_US	standard_transductive	20260804	V2A0302	Spencer_US	1	0.5515932000427379	0.5995849967002869
LODO	Spencer_US	standard_transductive	20260804	V2A0303	Spencer_US	1	0.7259522093828317	0.48698073625564575
LODO	Spencer_US	standard_transductive	20260804	V2A0304	Spencer_US	1	0.9149019081473568	0.6109762787818909
LODO	Spencer_US	standard_transductive	20260804	V2A0305	Spencer_US	1	0.6501866325017289	0.5333283543586731
LODO	Spencer_US	standard_transductive	20260804	V2A0306	Spencer_US	1	0.5121512843927413	0.5443174242973328
LODO	Spencer_US	standard_transductive	20260804	V2A0307	Spencer_US	1	0.6570090655420228	0.5013464689254761
LODO	Spencer_US	standard_transductive	20260804	V2A0308	Spencer_US	0	0.5544280978428878	0.6065062880516052
LODO	Spencer_US	standard_transductive	20260804	V2A0309	Spencer_US	1	0.5558778558513126	0.5889571905136108
LODO	Spencer_US	standard_transductive	20260804	V2A0310	Spencer_US	0	0.17597675824725614	0.46857574582099915
LODO	Spencer_US	standard_transductive	20260804	V2A0311	Spencer_US	1	0.24456741220860995	0.6852880120277405
LODO	Spencer_US	standard_transductive	20260804	V2A0312	Spencer_US	1	0.3319285885813884	0.5743387937545776
LODO	Spencer_US	standard_transductive	20260804	V2A0313	Spencer_US	1	0.3703152261257193	0.519467830657959
LODO	Spencer_US	standard_transductive	20260804	V2A0314	Spencer_US	0	0.6042377777788586	0.7439087629318237
LODO	Spencer_US	standard_transductive	20260804	V2A0315	Spencer_US	1	0.29861058175497335	0.5088620185852051
LODO	Spencer_US	standard_transductive	20260804	V2A0316	Spencer_US	0	0.21091651612470072	0.5399559736251831
LODO	Spencer_US	standard_transductive	20260804	V2A0317	Spencer_US	1	0.8845737137768855	0.5721603631973267
LODO	Spencer_US	standard_transductive	20260804	V2A0318	Spencer_US	1	0.43493174725128114	0.5440407395362854
LODO	Spencer_US	standard_transductive	20260804	V2A0319	Spencer_US	1	0.3646494333575213	0.37224000692367554
LODO	Spencer_US	standard_transductive	20260804	V2A0320	Spencer_US	1	0.13851247648555973	0.4735054075717926
LODO	Spencer_US	standard_transductive	20260804	V2A0321	Spencer_US	1	0.7197429377631511	0.4819653034210205
LODO	Spencer_US	standard_transductive	20260804	V2A0322	Spencer_US	0	0.5378345956842966	0.49257102608680725
LODO	Spencer_US	standard_transductive	20260804	V2A0323	Spencer_US	1	0.6374835706977042	0.6357055306434631
LODO	Spencer_US	standard_transductive	20260804	V2A0324	Spencer_US	1	0.6839780148197019	0.49024835228919983
LODO	Spencer_US	standard_transductive	20260804	V2A0325	Spencer_US	1	0.21502759071407437	0.45940646529197693
LODO	Spencer_US	standard_transductive	20260804	V2A0326	Spencer_US	1	0.5703161612968544	0.46153852343559265
LODO	Spencer_US	standard_transductive	20260804	V2A0327	Spencer_US	0	0.6342521235419292	0.5025212168693542
LODO	Spencer_US	standard_transductive	20260804	V2A0328	Spencer_US	1	0.6089154465644535	0.5223331451416016
LODO	Spencer_US	standard_transductive	20260804	V2A0329	Spencer_US	1	0.5777994134142957	0.5393875241279602
LODO	Spencer_US	standard_transductive	20260804	V2A0330	Spencer_US	1	0.8735259438448748	0.7424728274345398
LODO	Spencer_US	standard_transductive	20260804	V2A0331	Spencer_US	1	0.1481734027995557	0.5836997032165527
LODO	Spencer_US	standard_transductive	20260804	V2A0332	Spencer_US	1	0.5743464749406001	0.45107853412628174
LODO	Spencer_US	standard_transductive	20260804	V2A0333	Spencer_US	1	0.24434985489221	0.5241667628288269
LODO	Spencer_US	standard_transductive	20260804	V2A0334	Spencer_US	1	0.6663995421928564	0.46301791071891785
LODO	Spencer_US	standard_transductive	20260804	V2A0335	Spencer_US	0	0.45736935839833903	0.6588135957717896
LODO	Spencer_US	standard_transductive	20260804	V2A0336	Spencer_US	1	0.1878067702331001	0.4824959933757782
LODO	Spencer_US	standard_transductive	20260804	V2A0337	Spencer_US	1	0.7129482449250306	0.3690668046474457
LODO	Spencer_US	standard_transductive	20260804	V2A0338	Spencer_US	0	0.3533909499206267	0.583356499671936
LODO	Spencer_US	standard_transductive	20260804	V2A0339	Spencer_US	1	0.2215578536728636	0.4796149730682373
LODO	Spencer_US	standard_transductive	20260804	V2A0340	Spencer_US	0	0.3297608233062002	0.6621009111404419
LODO	Spencer_US	standard_transductive	20260804	V2A0341	Spencer_US	0	0.19708378322225864	0.6083647608757019
LODO	Spencer_US	standard_transductive	20260804	V2A0342	Spencer_US	0	0.46076942071655647	0.43465396761894226
LODO	Spencer_US	standard_transductive	20260804	V2A0343	Spencer_US	0	0.31091320225215524	0.47461357712745667
LODO	Spencer_US	standard_transductive	20260804	V2A0344	Spencer_US	1	0.9714265598217148	0.7389850616455078
LODO	Spencer_US	standard_transductive	20260804	V2A0345	Spencer_US	1	0.9134089916145263	0.6688946485519409
LODO	Spencer_US	standard_transductive	20260804	V2A0346	Spencer_US	1	0.5046665684739636	0.46563971042633057
LODO	Spencer_US	standard_transductive	20260804	V2A0347	Spencer_US	1	0.47396415329232905	0.6479759216308594
LODO	Spencer_US	standard_transductive	20260804	V2A0348	Spencer_US	1	0.3654616567411134	0.48436635732650757
LODO	Spencer_US	standard_transductive	20260804	V2A0349	Spencer_US	1	0.7492829005655258	0.5779744386672974
LODO	Spencer_US	standard_transductive	20260804	V2A0350	Spencer_US	1	0.941472347831113	0.6835513710975647
LODO	Spencer_US	standard_transductive	20260804	V2A0351	Spencer_US	1	0.18835883297065836	0.5978038907051086
LODO	Spencer_US	standard_transductive	20260804	V2A0352	Spencer_US	1	0.7036752871481227	0.41317179799079895
LODO	Spencer_US	standard_transductive	20260804	V2A0353	Spencer_US	1	0.2516062025336178	0.5567220449447632
LODO	Spencer_US	standard_transductive	20260804	V2A0354	Spencer_US	1	0.5171430695804581	0.6716039776802063
LODO	Spencer_US	standard_transductive	20260804	V2A0355	Spencer_US	1	0.2027126367795291	0.5292017459869385
LODO	Spencer_US	standard_transductive	20260804	V2A0356	Spencer_US	1	0.7156710465161792	0.5120014548301697
LODO	Spencer_US	standard_transductive	20260804	V2A0357	Spencer_US	1	0.6410397399689416	0.6560952663421631
LODO	Spencer_US	standard_transductive	20260804	V2A0358	Spencer_US	0	0.949867746980858	0.4190543293952942
LODO	Spencer_US	standard_transductive	20260804	V2A0359	Spencer_US	1	0.18708107289257656	0.5183861255645752
LODO	Spencer_US	standard_transductive	20260804	V2A0360	Spencer_US	1	0.1802250631661001	0.5200585126876831
LODO	Spencer_US	standard_transductive	20260804	V2A0361	Spencer_US	0	0.17637080706309707	0.4808512330055237
LODO	Spencer_US	standard_transductive	20260804	V2A0362	Spencer_US	1	0.7181020407553201	0.47255271673202515
LODO	Spencer_US	standard_transductive	20260804	V2A0363	Spencer_US	1	0.20661543769285728	0.6037536859512329
LODO	Spencer_US	standard_transductive	20260805	V2A0267	Spencer_US	0	0.4282382132253932	0.46719202399253845
LODO	Spencer_US	standard_transductive	20260805	V2A0268	Spencer_US	1	0.6099375280882541	0.5522018671035767
LODO	Spencer_US	standard_transductive	20260805	V2A0269	Spencer_US	1	0.007950025472792808	0.5299872756004333
LODO	Spencer_US	standard_transductive	20260805	V2A0270	Spencer_US	1	0.2501945500864467	0.4582216143608093
LODO	Spencer_US	standard_transductive	20260805	V2A0271	Spencer_US	0	0.17625729231540868	0.504604697227478
LODO	Spencer_US	standard_transductive	20260805	V2A0272	Spencer_US	1	0.4699243682697664	0.47269466519355774
LODO	Spencer_US	standard_transductive	20260805	V2A0273	Spencer_US	1	0.14381295658903973	0.5014405250549316
LODO	Spencer_US	standard_transductive	20260805	V2A0274	Spencer_US	1	0.1513703300294676	0.4958142340183258
LODO	Spencer_US	standard_transductive	20260805	V2A0275	Spencer_US	1	0.47921756518802117	0.5134615898132324
LODO	Spencer_US	standard_transductive	20260805	V2A0276	Spencer_US	0	0.04993952961008404	0.5261553525924683
LODO	Spencer_US	standard_transductive	20260805	V2A0277	Spencer_US	1	0.8039669257209627	0.5414018034934998
LODO	Spencer_US	standard_transductive	20260805	V2A0278	Spencer_US	1	0.8311366195629105	0.5438093543052673
LODO	Spencer_US	standard_transductive	20260805	V2A0279	Spencer_US	0	0.28360990800070135	0.3172379732131958
LODO	Spencer_US	standard_transductive	20260805	V2A0280	Spencer_US	1	0.43374290762154516	0.5439453721046448
LODO	Spencer_US	standard_transductive	20260805	V2A0281	Spencer_US	1	0.14979094488019365	0.6574975252151489
LODO	Spencer_US	standard_transductive	20260805	V2A0282	Spencer_US	1	0.32606043022013986	0.6837124824523926
LODO	Spencer_US	standard_transductive	20260805	V2A0283	Spencer_US	1	0.6787583219007479	0.4236396253108978
LODO	Spencer_US	standard_transductive	20260805	V2A0284	Spencer_US	0	0.6237961107788612	0.7083677649497986
LODO	Spencer_US	standard_transductive	20260805	V2A0285	Spencer_US	0	0.67169498048242	0.4860653579235077
LODO	Spencer_US	standard_transductive	20260805	V2A0286	Spencer_US	0	0.8053779004980528	0.7169229388237
LODO	Spencer_US	standard_transductive	20260805	V2A0287	Spencer_US	1	0.3807273418778542	0.5260713696479797
LODO	Spencer_US	standard_transductive	20260805	V2A0288	Spencer_US	1	0.5059642654076119	0.5806881189346313
LODO	Spencer_US	standard_transductive	20260805	V2A0289	Spencer_US	0	0.6744107173423184	0.6549545526504517
LODO	Spencer_US	standard_transductive	20260805	V2A0290	Spencer_US	1	0.6465375076957474	0.5026490092277527
LODO	Spencer_US	standard_transductive	20260805	V2A0291	Spencer_US	0	0.24872269699795838	0.38062188029289246
LODO	Spencer_US	standard_transductive	20260805	V2A0292	Spencer_US	1	0.6864404745826996	0.5874619483947754
LODO	Spencer_US	standard_transductive	20260805	V2A0293	Spencer_US	0	0.37629583872316635	0.4745596945285797
LODO	Spencer_US	standard_transductive	20260805	V2A0294	Spencer_US	1	0.571247397066875	0.5832483172416687
LODO	Spencer_US	standard_transductive	20260805	V2A0295	Spencer_US	1	0.18448422462425149	0.6443724632263184
LODO	Spencer_US	standard_transductive	20260805	V2A0296	Spencer_US	0	0.10883188375975668	0.5968301892280579
LODO	Spencer_US	standard_transductive	20260805	V2A0297	Spencer_US	1	0.18371746381234147	0.2927528917789459
LODO	Spencer_US	standard_transductive	20260805	V2A0298	Spencer_US	1	0.2586072320057946	0.535836398601532
LODO	Spencer_US	standard_transductive	20260805	V2A0299	Spencer_US	1	0.1758868413313474	0.39117589592933655
LODO	Spencer_US	standard_transductive	20260805	V2A0300	Spencer_US	1	0.5225135629035823	0.5600827932357788
LODO	Spencer_US	standard_transductive	20260805	V2A0301	Spencer_US	0	0.2879446765227387	0.527912437915802
LODO	Spencer_US	standard_transductive	20260805	V2A0302	Spencer_US	1	0.5583038917928655	0.5983514785766602
LODO	Spencer_US	standard_transductive	20260805	V2A0303	Spencer_US	1	0.719491518417626	0.4826054275035858
LODO	Spencer_US	standard_transductive	20260805	V2A0304	Spencer_US	1	0.9141734846759075	0.6084269285202026
LODO	Spencer_US	standard_transductive	20260805	V2A0305	Spencer_US	1	0.651442592001015	0.531595766544342
LODO	Spencer_US	standard_transductive	20260805	V2A0306	Spencer_US	1	0.5094476314039393	0.5399004817008972
LODO	Spencer_US	standard_transductive	20260805	V2A0307	Spencer_US	1	0.6537155959981854	0.49821725487709045
LODO	Spencer_US	standard_transductive	20260805	V2A0308	Spencer_US	0	0.5617897008500363	0.6047666668891907
LODO	Spencer_US	standard_transductive	20260805	V2A0309	Spencer_US	1	0.5625179316064852	0.5920968651771545
LODO	Spencer_US	standard_transductive	20260805	V2A0310	Spencer_US	0	0.17554221008029983	0.46359679102897644
LODO	Spencer_US	standard_transductive	20260805	V2A0311	Spencer_US	1	0.23949024405368158	0.6805775761604309
LODO	Spencer_US	standard_transductive	20260805	V2A0312	Spencer_US	1	0.3275030297368515	0.5676025152206421
LODO	Spencer_US	standard_transductive	20260805	V2A0313	Spencer_US	1	0.37068170205313056	0.5135074257850647
LODO	Spencer_US	standard_transductive	20260805	V2A0314	Spencer_US	0	0.5936570563654056	0.7410973310470581
LODO	Spencer_US	standard_transductive	20260805	V2A0315	Spencer_US	1	0.3053545282587316	0.5007192492485046
LODO	Spencer_US	standard_transductive	20260805	V2A0316	Spencer_US	0	0.20911089409702927	0.5368974208831787
LODO	Spencer_US	standard_transductive	20260805	V2A0317	Spencer_US	1	0.8846294276510299	0.571230947971344
LODO	Spencer_US	standard_transductive	20260805	V2A0318	Spencer_US	1	0.4404239455623889	0.5404665470123291
LODO	Spencer_US	standard_transductive	20260805	V2A0319	Spencer_US	1	0.3691892981466638	0.37469738721847534
LODO	Spencer_US	standard_transductive	20260805	V2A0320	Spencer_US	1	0.13489034100365443	0.4731559455394745
LODO	Spencer_US	standard_transductive	20260805	V2A0321	Spencer_US	1	0.7201585608975759	0.48214906454086304
LODO	Spencer_US	standard_transductive	20260805	V2A0322	Spencer_US	0	0.5321148298493205	0.48877498507499695
LODO	Spencer_US	standard_transductive	20260805	V2A0323	Spencer_US	1	0.6460873379054175	0.6379849910736084
LODO	Spencer_US	standard_transductive	20260805	V2A0324	Spencer_US	1	0.6885328844413648	0.4854101240634918
LODO	Spencer_US	standard_transductive	20260805	V2A0325	Spencer_US	1	0.2118269928697289	0.45675191283226013
LODO	Spencer_US	standard_transductive	20260805	V2A0326	Spencer_US	1	0.5733812156898083	0.45301246643066406
LODO	Spencer_US	standard_transductive	20260805	V2A0327	Spencer_US	0	0.6260943265618019	0.49929115176200867
LODO	Spencer_US	standard_transductive	20260805	V2A0328	Spencer_US	1	0.6024053754423895	0.5208532810211182
LODO	Spencer_US	standard_transductive	20260805	V2A0329	Spencer_US	1	0.5747641463508147	0.5380946397781372
LODO	Spencer_US	standard_transductive	20260805	V2A0330	Spencer_US	1	0.8717351542101626	0.7376946210861206
LODO	Spencer_US	standard_transductive	20260805	V2A0331	Spencer_US	1	0.15050858490645536	0.5805090665817261
LODO	Spencer_US	standard_transductive	20260805	V2A0332	Spencer_US	1	0.5699717312097962	0.4495491087436676
LODO	Spencer_US	standard_transductive	20260805	V2A0333	Spencer_US	1	0.249650930419044	0.5197909474372864
LODO	Spencer_US	standard_transductive	20260805	V2A0334	Spencer_US	1	0.671365036358192	0.4631648659706116
LODO	Spencer_US	standard_transductive	20260805	V2A0335	Spencer_US	0	0.4581545899181692	0.6601274609565735
LODO	Spencer_US	standard_transductive	20260805	V2A0336	Spencer_US	1	0.18731162689925715	0.47666358947753906
LODO	Spencer_US	standard_transductive	20260805	V2A0337	Spencer_US	1	0.7106560172317828	0.3652661144733429
LODO	Spencer_US	standard_transductive	20260805	V2A0338	Spencer_US	0	0.3623280800451499	0.579231858253479
LODO	Spencer_US	standard_transductive	20260805	V2A0339	Spencer_US	1	0.22435936010040872	0.47483283281326294
LODO	Spencer_US	standard_transductive	20260805	V2A0340	Spencer_US	0	0.32221223181965936	0.6558802127838135
LODO	Spencer_US	standard_transductive	20260805	V2A0341	Spencer_US	0	0.19761147376191424	0.6029853224754333
LODO	Spencer_US	standard_transductive	20260805	V2A0342	Spencer_US	0	0.4564774124246916	0.42736542224884033
LODO	Spencer_US	standard_transductive	20260805	V2A0343	Spencer_US	0	0.3135565196315051	0.4744201898574829
LODO	Spencer_US	standard_transductive	20260805	V2A0344	Spencer_US	1	0.9707662830397894	0.7383741736412048
LODO	Spencer_US	standard_transductive	20260805	V2A0345	Spencer_US	1	0.9122955123844018	0.6663653254508972
LODO	Spencer_US	standard_transductive	20260805	V2A0346	Spencer_US	1	0.4968428006847601	0.4649553596973419
LODO	Spencer_US	standard_transductive	20260805	V2A0347	Spencer_US	1	0.47406111281996954	0.643740177154541
LODO	Spencer_US	standard_transductive	20260805	V2A0348	Spencer_US	1	0.3687993136320053	0.479141503572464
LODO	Spencer_US	standard_transductive	20260805	V2A0349	Spencer_US	1	0.7550875776916312	0.5722696781158447
LODO	Spencer_US	standard_transductive	20260805	V2A0350	Spencer_US	1	0.942567694633554	0.6786433458328247
LODO	Spencer_US	standard_transductive	20260805	V2A0351	Spencer_US	1	0.18458123789338554	0.5975136160850525
LODO	Spencer_US	standard_transductive	20260805	V2A0352	Spencer_US	1	0.7034546614605349	0.41588857769966125
LODO	Spencer_US	standard_transductive	20260805	V2A0353	Spencer_US	1	0.24938131667969216	0.5573551058769226
LODO	Spencer_US	standard_transductive	20260805	V2A0354	Spencer_US	1	0.518805469941689	0.6697518229484558
LODO	Spencer_US	standard_transductive	20260805	V2A0355	Spencer_US	1	0.19930542918442146	0.5260343551635742
LODO	Spencer_US	standard_transductive	20260805	V2A0356	Spencer_US	1	0.7204234477773744	0.5069412589073181
LODO	Spencer_US	standard_transductive	20260805	V2A0357	Spencer_US	1	0.6427726275163559	0.6534695625305176
LODO	Spencer_US	standard_transductive	20260805	V2A0358	Spencer_US	0	0.950420330731614	0.4129931330680847
LODO	Spencer_US	standard_transductive	20260805	V2A0359	Spencer_US	1	0.18408860615209185	0.5145493149757385
LODO	Spencer_US	standard_transductive	20260805	V2A0360	Spencer_US	1	0.1785328804517206	0.5191465020179749
LODO	Spencer_US	standard_transductive	20260805	V2A0361	Spencer_US	0	0.17659252406510437	0.47746050357818604
LODO	Spencer_US	standard_transductive	20260805	V2A0362	Spencer_US	1	0.713630430448766	0.4684585928916931
LODO	Spencer_US	standard_transductive	20260805	V2A0363	Spencer_US	1	0.2023520827350454	0.6002034544944763
LODO	Spencer_US	standard_transductive	20260806	V2A0267	Spencer_US	0	0.4275642779377611	0.467247873544693
LODO	Spencer_US	standard_transductive	20260806	V2A0268	Spencer_US	1	0.6140260878529299	0.5563593506813049
LODO	Spencer_US	standard_transductive	20260806	V2A0269	Spencer_US	1	0.00807762954011776	0.5297093987464905
LODO	Spencer_US	standard_transductive	20260806	V2A0270	Spencer_US	1	0.24916383397023933	0.4619540572166443
LODO	Spencer_US	standard_transductive	20260806	V2A0271	Spencer_US	0	0.18023935988212653	0.49908024072647095
LODO	Spencer_US	standard_transductive	20260806	V2A0272	Spencer_US	1	0.4646243605985223	0.47221747040748596
LODO	Spencer_US	standard_transductive	20260806	V2A0273	Spencer_US	1	0.14585101447662865	0.4985310435295105
LODO	Spencer_US	standard_transductive	20260806	V2A0274	Spencer_US	1	0.14652509534408203	0.49464350938796997
LODO	Spencer_US	standard_transductive	20260806	V2A0275	Spencer_US	1	0.47954911549421625	0.5069469213485718
LODO	Spencer_US	standard_transductive	20260806	V2A0276	Spencer_US	0	0.049046011851110335	0.5253006219863892
LODO	Spencer_US	standard_transductive	20260806	V2A0277	Spencer_US	1	0.8053985308824703	0.5422880053520203
LODO	Spencer_US	standard_transductive	20260806	V2A0278	Spencer_US	1	0.8323397855247728	0.5456258058547974
LODO	Spencer_US	standard_transductive	20260806	V2A0279	Spencer_US	0	0.28455797343603517	0.30790406465530396
LODO	Spencer_US	standard_transductive	20260806	V2A0280	Spencer_US	1	0.4398331174222533	0.5473756194114685
LODO	Spencer_US	standard_transductive	20260806	V2A0281	Spencer_US	1	0.14811369148160006	0.6483417749404907
LODO	Spencer_US	standard_transductive	20260806	V2A0282	Spencer_US	1	0.3260955704159934	0.6831810474395752
LODO	Spencer_US	standard_transductive	20260806	V2A0283	Spencer_US	1	0.6783748638449678	0.4192284345626831
LODO	Spencer_US	standard_transductive	20260806	V2A0284	Spencer_US	0	0.6270416780974175	0.6999431848526001
LODO	Spencer_US	standard_transductive	20260806	V2A0285	Spencer_US	0	0.6763785837662019	0.4857141077518463
LODO	Spencer_US	standard_transductive	20260806	V2A0286	Spencer_US	0	0.8054927976526867	0.7245674133300781
LODO	Spencer_US	standard_transductive	20260806	V2A0287	Spencer_US	1	0.37669791220493476	0.5228137969970703
LODO	Spencer_US	standard_transductive	20260806	V2A0288	Spencer_US	1	0.5074477351422825	0.5745386481285095
LODO	Spencer_US	standard_transductive	20260806	V2A0289	Spencer_US	0	0.6704283631905914	0.6569347977638245
LODO	Spencer_US	standard_transductive	20260806	V2A0290	Spencer_US	1	0.6487369004701753	0.5016696453094482
LODO	Spencer_US	standard_transductive	20260806	V2A0291	Spencer_US	0	0.24975027464113633	0.37554261088371277
LODO	Spencer_US	standard_transductive	20260806	V2A0292	Spencer_US	1	0.6902012789670239	0.5874290466308594
LODO	Spencer_US	standard_transductive	20260806	V2A0293	Spencer_US	0	0.36796625412029793	0.47425347566604614
LODO	Spencer_US	standard_transductive	20260806	V2A0294	Spencer_US	1	0.5770161486260915	0.583185613155365
LODO	Spencer_US	standard_transductive	20260806	V2A0295	Spencer_US	1	0.18011508573460533	0.632445216178894
LODO	Spencer_US	standard_transductive	20260806	V2A0296	Spencer_US	0	0.11126348475806805	0.59801185131073
LODO	Spencer_US	standard_transductive	20260806	V2A0297	Spencer_US	1	0.18167467034098622	0.30859559774398804
LODO	Spencer_US	standard_transductive	20260806	V2A0298	Spencer_US	1	0.25973393597091643	0.5361784100532532
LODO	Spencer_US	standard_transductive	20260806	V2A0299	Spencer_US	1	0.17616530229551466	0.38520312309265137
LODO	Spencer_US	standard_transductive	20260806	V2A0300	Spencer_US	1	0.5217818234208493	0.5611020922660828
LODO	Spencer_US	standard_transductive	20260806	V2A0301	Spencer_US	0	0.2889151261598971	0.5210409760475159
LODO	Spencer_US	standard_transductive	20260806	V2A0302	Spencer_US	1	0.5530974528216972	0.5909637212753296
LODO	Spencer_US	standard_transductive	20260806	V2A0303	Spencer_US	1	0.7234541529282599	0.48050656914711
LODO	Spencer_US	standard_transductive	20260806	V2A0304	Spencer_US	1	0.9150762934743355	0.6115938425064087
LODO	Spencer_US	standard_transductive	20260806	V2A0305	Spencer_US	1	0.6585542782681212	0.5312263369560242
LODO	Spencer_US	standard_transductive	20260806	V2A0306	Spencer_US	1	0.5079442306481354	0.5405097007751465
LODO	Spencer_US	standard_transductive	20260806	V2A0307	Spencer_US	1	0.6481040402967343	0.4989885091781616
LODO	Spencer_US	standard_transductive	20260806	V2A0308	Spencer_US	0	0.5601041219261222	0.5998635292053223
LODO	Spencer_US	standard_transductive	20260806	V2A0309	Spencer_US	1	0.5551212246518777	0.5874966979026794
LODO	Spencer_US	standard_transductive	20260806	V2A0310	Spencer_US	0	0.1797001183434126	0.4625283181667328
LODO	Spencer_US	standard_transductive	20260806	V2A0311	Spencer_US	1	0.24008004429113997	0.6767638325691223
LODO	Spencer_US	standard_transductive	20260806	V2A0312	Spencer_US	1	0.33308774377348854	0.5714030265808105
LODO	Spencer_US	standard_transductive	20260806	V2A0313	Spencer_US	1	0.37583700661561253	0.5109824538230896
LODO	Spencer_US	standard_transductive	20260806	V2A0314	Spencer_US	0	0.5912995704302896	0.7357081770896912
LODO	Spencer_US	standard_transductive	20260806	V2A0315	Spencer_US	1	0.3024466479892791	0.4991089105606079
LODO	Spencer_US	standard_transductive	20260806	V2A0316	Spencer_US	0	0.2092805752740086	0.5352223515510559
LODO	Spencer_US	standard_transductive	20260806	V2A0317	Spencer_US	1	0.8853366382396832	0.568617045879364
LODO	Spencer_US	standard_transductive	20260806	V2A0318	Spencer_US	1	0.43398716950851973	0.538505494594574
LODO	Spencer_US	standard_transductive	20260806	V2A0319	Spencer_US	1	0.3687723406602709	0.38008761405944824
LODO	Spencer_US	standard_transductive	20260806	V2A0320	Spencer_US	1	0.1394650462779431	0.4678319990634918
LODO	Spencer_US	standard_transductive	20260806	V2A0321	Spencer_US	1	0.7193914368321269	0.4821937084197998
LODO	Spencer_US	standard_transductive	20260806	V2A0322	Spencer_US	0	0.5340722496822998	0.4854285717010498
LODO	Spencer_US	standard_transductive	20260806	V2A0323	Spencer_US	1	0.6394095091316347	0.6335987448692322
LODO	Spencer_US	standard_transductive	20260806	V2A0324	Spencer_US	1	0.6897922763188501	0.48180025815963745
LODO	Spencer_US	standard_transductive	20260806	V2A0325	Spencer_US	1	0.2129898802273592	0.45585882663726807
LODO	Spencer_US	standard_transductive	20260806	V2A0326	Spencer_US	1	0.5690309691184726	0.4530717730522156
LODO	Spencer_US	standard_transductive	20260806	V2A0327	Spencer_US	0	0.6288420464690992	0.4961239695549011
LODO	Spencer_US	standard_transductive	20260806	V2A0328	Spencer_US	1	0.6057525208103974	0.5212356448173523
LODO	Spencer_US	standard_transductive	20260806	V2A0329	Spencer_US	1	0.5824377890213837	0.5384265184402466
LODO	Spencer_US	standard_transductive	20260806	V2A0330	Spencer_US	1	0.8735120971276862	0.7388172745704651
LODO	Spencer_US	standard_transductive	20260806	V2A0331	Spencer_US	1	0.15129206771881337	0.5804104208946228
LODO	Spencer_US	standard_transductive	20260806	V2A0332	Spencer_US	1	0.5690934941657636	0.44796791672706604
LODO	Spencer_US	standard_transductive	20260806	V2A0333	Spencer_US	1	0.24423861978939226	0.5216174721717834
LODO	Spencer_US	standard_transductive	20260806	V2A0334	Spencer_US	1	0.6704553136872219	0.4617840349674225
LODO	Spencer_US	standard_transductive	20260806	V2A0335	Spencer_US	0	0.4532519521836595	0.6607673764228821
LODO	Spencer_US	standard_transductive	20260806	V2A0336	Spencer_US	1	0.18415778831152865	0.4785380959510803
LODO	Spencer_US	standard_transductive	20260806	V2A0337	Spencer_US	1	0.7102218406298874	0.35799917578697205
LODO	Spencer_US	standard_transductive	20260806	V2A0338	Spencer_US	0	0.3577345541979011	0.5858443379402161
LODO	Spencer_US	standard_transductive	20260806	V2A0339	Spencer_US	1	0.2237546978252279	0.4729105830192566
LODO	Spencer_US	standard_transductive	20260806	V2A0340	Spencer_US	0	0.32790246178141846	0.6528689861297607
LODO	Spencer_US	standard_transductive	20260806	V2A0341	Spencer_US	0	0.1980791042386112	0.601131796836853
LODO	Spencer_US	standard_transductive	20260806	V2A0342	Spencer_US	0	0.4539835364578965	0.4364928603172302
LODO	Spencer_US	standard_transductive	20260806	V2A0343	Spencer_US	0	0.3100091799796048	0.47284752130508423
LODO	Spencer_US	standard_transductive	20260806	V2A0344	Spencer_US	1	0.9713580956195565	0.736530601978302
LODO	Spencer_US	standard_transductive	20260806	V2A0345	Spencer_US	1	0.9126911990287779	0.6606890559196472
LODO	Spencer_US	standard_transductive	20260806	V2A0346	Spencer_US	1	0.502485563587424	0.45940637588500977
LODO	Spencer_US	standard_transductive	20260806	V2A0347	Spencer_US	1	0.4715313877681832	0.6404608488082886
LODO	Spencer_US	standard_transductive	20260806	V2A0348	Spencer_US	1	0.3630281714585732	0.47750845551490784
LODO	Spencer_US	standard_transductive	20260806	V2A0349	Spencer_US	1	0.7490751498551418	0.5729305148124695
LODO	Spencer_US	standard_transductive	20260806	V2A0350	Spencer_US	1	0.9395330031418555	0.679982602596283
LODO	Spencer_US	standard_transductive	20260806	V2A0351	Spencer_US	1	0.18955689225468758	0.596728503704071
LODO	Spencer_US	standard_transductive	20260806	V2A0352	Spencer_US	1	0.7060978311193824	0.4176580607891083
LODO	Spencer_US	standard_transductive	20260806	V2A0353	Spencer_US	1	0.2502055809750104	0.5566732287406921
LODO	Spencer_US	standard_transductive	20260806	V2A0354	Spencer_US	1	0.5192594755254065	0.6689717769622803
LODO	Spencer_US	standard_transductive	20260806	V2A0355	Spencer_US	1	0.20649999007656827	0.523979902267456
LODO	Spencer_US	standard_transductive	20260806	V2A0356	Spencer_US	1	0.7198877288230533	0.5056321620941162
LODO	Spencer_US	standard_transductive	20260806	V2A0357	Spencer_US	1	0.636248307025977	0.6481124758720398
LODO	Spencer_US	standard_transductive	20260806	V2A0358	Spencer_US	0	0.94805395366421	0.42426222562789917
LODO	Spencer_US	standard_transductive	20260806	V2A0359	Spencer_US	1	0.18414629409399694	0.5139882564544678
LODO	Spencer_US	standard_transductive	20260806	V2A0360	Spencer_US	1	0.17645612599646804	0.5093631744384766
LODO	Spencer_US	standard_transductive	20260806	V2A0361	Spencer_US	0	0.17390923271888176	0.47505906224250793
LODO	Spencer_US	standard_transductive	20260806	V2A0362	Spencer_US	1	0.7138936011537022	0.46605709195137024
LODO	Spencer_US	standard_transductive	20260806	V2A0363	Spencer_US	1	0.20017874037017452	0.6006380915641785
LOSFO	FrankelAE_2017	online_adaptive	20260802	V2A0001	Frankel_US	0	0.1676289027031179	0.6502734422683716
LOSFO	FrankelAE_2017	online_adaptive	20260802	V2A0002	Frankel_US	1	0.41560993456422146	0.5902462601661682
LOSFO	FrankelAE_2017	online_adaptive	20260802	V2A0003	Frankel_US	1	0.4553658433926446	0.6071564555168152
LOSFO	FrankelAE_2017	online_adaptive	20260802	V2A0004	Frankel_US	1	0.15453789993860925	0.6595758199691772
LOSFO	FrankelAE_2017	online_adaptive	20260802	V2A0005	Frankel_US	1	0.7141729984383433	0.6023915410041809
LOSFO	FrankelAE_2017	online_adaptive	20260802	V2A0006	Frankel_US	1	0.8026774477733498	0.5544610619544983
LOSFO	FrankelAE_2017	online_adaptive	20260802	V2A0007	Frankel_US	0	0.1917897046412289	0.6671055555343628
LOSFO	FrankelAE_2017	online_adaptive	20260802	V2A0008	Frankel_US	1	0.048586005172545105	0.6103739142417908
LOSFO	FrankelAE_2017	online_adaptive	20260802	V2A0009	Frankel_US	1	0.6801585859901443	0.6178133487701416
LOSFO	FrankelAE_2017	online_adaptive	20260802	V2A0010	Frankel_US	1	0.2039978864890595	0.6152575612068176
LOSFO	FrankelAE_2017	online_adaptive	20260802	V2A0011	Frankel_US	1	0.02316610547776278	0.6214413046836853
LOSFO	FrankelAE_2017	online_adaptive	20260802	V2A0012	Frankel_US	1	0.6352240614988867	0.6240721344947815
LOSFO	FrankelAE_2017	online_adaptive	20260802	V2A0013	Frankel_US	0	0.8058022764498824	0.6540679931640625
LOSFO	FrankelAE_2017	online_adaptive	20260802	V2A0014	Frankel_US	0	0.8689683138815092	0.5791205167770386
LOSFO	FrankelAE_2017	online_adaptive	20260802	V2A0015	Frankel_US	0	0.022093634012247915	0.510856568813324
LOSFO	FrankelAE_2017	online_adaptive	20260802	V2A0016	Frankel_US	0	0.16786356641884995	0.6470527648925781
LOSFO	FrankelAE_2017	online_adaptive	20260802	V2A0017	Frankel_US	1	0.6945517083610545	0.6336476802825928
LOSFO	FrankelAE_2017	online_adaptive	20260802	V2A0018	Frankel_US	1	0.47133763957335273	0.659948468208313
LOSFO	FrankelAE_2017	online_adaptive	20260802	V2A0019	Frankel_US	1	0.008179052845625348	0.6109672784805298
LOSFO	FrankelAE_2017	online_adaptive	20260802	V2A0020	Frankel_US	1	0.31982986859030216	0.6744491457939148
LOSFO	FrankelAE_2017	online_adaptive	20260802	V2A0021	Frankel_US	0	0.4714914860602251	0.5779814124107361
LOSFO	FrankelAE_2017	online_adaptive	20260802	V2A0022	Frankel_US	1	0.25257669291662915	0.6184495091438293
LOSFO	FrankelAE_2017	online_adaptive	20260802	V2A0023	Frankel_US	0	0.08889334758996943	0.6423050761222839
LOSFO	FrankelAE_2017	online_adaptive	20260802	V2A0024	Frankel_US	0	0.10544483335623332	0.6021732091903687
LOSFO	FrankelAE_2017	online_adaptive	20260802	V2A0025	Frankel_US	0	0.29692539363641585	0.5432941913604736
LOSFO	FrankelAE_2017	online_adaptive	20260802	V2A0026	Frankel_US	0	0.8293086687795062	0.6043115258216858
LOSFO	FrankelAE_2017	online_adaptive	20260802	V2A0027	Frankel_US	0	0.03880875491687262	0.6035885810852051
LOSFO	FrankelAE_2017	online_adaptive	20260802	V2A0028	Frankel_US	0	0.030357256975079183	0.5392895340919495
LOSFO	FrankelAE_2017	online_adaptive	20260802	V2A0029	Frankel_US	1	0.26622231533239166	0.5717973709106445
LOSFO	FrankelAE_2017	online_adaptive	20260802	V2A0030	Frankel_US	0	0.4418244798268964	0.5664138197898865
LOSFO	FrankelAE_2017	online_adaptive	20260802	V2A0031	Frankel_US	1	0.5561787271330461	0.6037200093269348
LOSFO	FrankelAE_2017	online_adaptive	20260802	V2A0032	Frankel_US	0	0.6837658517390826	0.6254670023918152
LOSFO	FrankelAE_2017	online_adaptive	20260802	V2A0033	Frankel_US	1	0.4430848698329501	0.5936198234558105
LOSFO	FrankelAE_2017	online_adaptive	20260802	V2A0034	Frankel_US	1	0.9737961249446788	0.6512674689292908
LOSFO	FrankelAE_2017	online_adaptive	20260802	V2A0035	Frankel_US	1	0.04454574623267209	0.6107804775238037
LOSFO	FrankelAE_2017	online_adaptive	20260802	V2A0036	Frankel_US	1	0.024973875561450132	0.5727760195732117
LOSFO	FrankelAE_2017	online_adaptive	20260802	V2A0037	Frankel_US	1	0.042732963338637846	0.5982393622398376
LOSFO	FrankelAE_2017	online_adaptive	20260802	V2A0038	Frankel_US	1	0.053534455403742506	0.6359913945198059
LOSFO	FrankelAE_2017	online_adaptive	20260802	V2A0039	Frankel_US	1	0.35977018289663654	0.6584287881851196
LOSFO	FrankelAE_2017	online_adaptive	20260803	V2A0001	Frankel_US	0	0.1637573015726242	0.6582311987876892
LOSFO	FrankelAE_2017	online_adaptive	20260803	V2A0002	Frankel_US	1	0.4067965417028203	0.5956022143363953
LOSFO	FrankelAE_2017	online_adaptive	20260803	V2A0003	Frankel_US	1	0.4512284118451406	0.6039579510688782
LOSFO	FrankelAE_2017	online_adaptive	20260803	V2A0004	Frankel_US	1	0.1612917985101712	0.6635873317718506
LOSFO	FrankelAE_2017	online_adaptive	20260803	V2A0005	Frankel_US	1	0.718674986673053	0.6097232103347778
LOSFO	FrankelAE_2017	online_adaptive	20260803	V2A0006	Frankel_US	1	0.8041246766051273	0.5593590140342712
LOSFO	FrankelAE_2017	online_adaptive	20260803	V2A0007	Frankel_US	0	0.20158250562406374	0.6742429137229919
LOSFO	FrankelAE_2017	online_adaptive	20260803	V2A0008	Frankel_US	1	0.05001840131471693	0.6037656664848328
LOSFO	FrankelAE_2017	online_adaptive	20260803	V2A0009	Frankel_US	1	0.6861624619023066	0.6279160976409912
LOSFO	FrankelAE_2017	online_adaptive	20260803	V2A0010	Frankel_US	1	0.20733151015787638	0.619960606098175
LOSFO	FrankelAE_2017	online_adaptive	20260803	V2A0011	Frankel_US	1	0.023186826414770996	0.6209697127342224
LOSFO	FrankelAE_2017	online_adaptive	20260803	V2A0012	Frankel_US	1	0.6296528721820704	0.6285018920898438
LOSFO	FrankelAE_2017	online_adaptive	20260803	V2A0013	Frankel_US	0	0.8160245828387027	0.6612347960472107
LOSFO	FrankelAE_2017	online_adaptive	20260803	V2A0014	Frankel_US	0	0.8661271824941922	0.5835479497909546
LOSFO	FrankelAE_2017	online_adaptive	20260803	V2A0015	Frankel_US	0	0.022500650411497323	0.5172629356384277
LOSFO	FrankelAE_2017	online_adaptive	20260803	V2A0016	Frankel_US	0	0.17346482057875337	0.6525071263313293
LOSFO	FrankelAE_2017	online_adaptive	20260803	V2A0017	Frankel_US	1	0.6932358266606755	0.641097366809845
LOSFO	FrankelAE_2017	online_adaptive	20260803	V2A0018	Frankel_US	1	0.48328787250868604	0.6664212346076965
LOSFO	FrankelAE_2017	online_adaptive	20260803	V2A0019	Frankel_US	1	0.00810582071679243	0.6109837889671326
LOSFO	FrankelAE_2017	online_adaptive	20260803	V2A0020	Frankel_US	1	0.3234567674728553	0.681039571762085
LOSFO	FrankelAE_2017	online_adaptive	20260803	V2A0021	Frankel_US	0	0.45817962446663457	0.5700620412826538
LOSFO	FrankelAE_2017	online_adaptive	20260803	V2A0022	Frankel_US	1	0.2478898386752786	0.6265580058097839
LOSFO	FrankelAE_2017	online_adaptive	20260803	V2A0023	Frankel_US	0	0.08884692123244796	0.6458917260169983
LOSFO	FrankelAE_2017	online_adaptive	20260803	V2A0024	Frankel_US	0	0.11159906623728066	0.6028938889503479
LOSFO	FrankelAE_2017	online_adaptive	20260803	V2A0025	Frankel_US	0	0.29735259025001226	0.5412479639053345
LOSFO	FrankelAE_2017	online_adaptive	20260803	V2A0026	Frankel_US	0	0.8328560942750397	0.6112233400344849
LOSFO	FrankelAE_2017	online_adaptive	20260803	V2A0027	Frankel_US	0	0.03883524964238686	0.5992118716239929
LOSFO	FrankelAE_2017	online_adaptive	20260803	V2A0028	Frankel_US	0	0.030175820256954047	0.5444356799125671
LOSFO	FrankelAE_2017	online_adaptive	20260803	V2A0029	Frankel_US	1	0.2672547687154619	0.5789086818695068
LOSFO	FrankelAE_2017	online_adaptive	20260803	V2A0030	Frankel_US	0	0.44587438517254924	0.5742899775505066
LOSFO	FrankelAE_2017	online_adaptive	20260803	V2A0031	Frankel_US	1	0.5731752965510627	0.6051315069198608
LOSFO	FrankelAE_2017	online_adaptive	20260803	V2A0032	Frankel_US	0	0.6831458931680174	0.6275479793548584
LOSFO	FrankelAE_2017	online_adaptive	20260803	V2A0033	Frankel_US	1	0.4524738686742976	0.5938506722450256
LOSFO	FrankelAE_2017	online_adaptive	20260803	V2A0034	Frankel_US	1	0.9745666929832908	0.6554781794548035
LOSFO	FrankelAE_2017	online_adaptive	20260803	V2A0035	Frankel_US	1	0.04506497588140782	0.6130000948905945
LOSFO	FrankelAE_2017	online_adaptive	20260803	V2A0036	Frankel_US	1	0.025046709114630902	0.573226809501648
LOSFO	FrankelAE_2017	online_adaptive	20260803	V2A0037	Frankel_US	1	0.04739073489707866	0.6005100011825562
LOSFO	FrankelAE_2017	online_adaptive	20260803	V2A0038	Frankel_US	1	0.05757420640238986	0.639914870262146
LOSFO	FrankelAE_2017	online_adaptive	20260803	V2A0039	Frankel_US	1	0.3603715010448062	0.6581615805625916
LOSFO	FrankelAE_2017	online_adaptive	20260804	V2A0001	Frankel_US	0	0.16866346609055025	0.6453806757926941
LOSFO	FrankelAE_2017	online_adaptive	20260804	V2A0002	Frankel_US	1	0.41858700688486855	0.5920963287353516
LOSFO	FrankelAE_2017	online_adaptive	20260804	V2A0003	Frankel_US	1	0.46305607879654687	0.6031935214996338
LOSFO	FrankelAE_2017	online_adaptive	20260804	V2A0004	Frankel_US	1	0.1591797961679323	0.6547289490699768
LOSFO	FrankelAE_2017	online_adaptive	20260804	V2A0005	Frankel_US	1	0.706926734578984	0.5933101177215576
LOSFO	FrankelAE_2017	online_adaptive	20260804	V2A0006	Frankel_US	1	0.7977991614920269	0.5486351847648621
LOSFO	FrankelAE_2017	online_adaptive	20260804	V2A0007	Frankel_US	0	0.19656539939854203	0.6620786190032959
LOSFO	FrankelAE_2017	online_adaptive	20260804	V2A0008	Frankel_US	1	0.048962684621779655	0.600797712802887
LOSFO	FrankelAE_2017	online_adaptive	20260804	V2A0009	Frankel_US	1	0.6746944006920113	0.6125351786613464
LOSFO	FrankelAE_2017	online_adaptive	20260804	V2A0010	Frankel_US	1	0.20824283678859684	0.6077998280525208
LOSFO	FrankelAE_2017	online_adaptive	20260804	V2A0011	Frankel_US	1	0.02192625758960655	0.617031991481781
LOSFO	FrankelAE_2017	online_adaptive	20260804	V2A0012	Frankel_US	1	0.646822403997895	0.6199430227279663
LOSFO	FrankelAE_2017	online_adaptive	20260804	V2A0013	Frankel_US	0	0.8019656206195603	0.6501709222793579
LOSFO	FrankelAE_2017	online_adaptive	20260804	V2A0014	Frankel_US	0	0.8670256637513768	0.5745009779930115
LOSFO	FrankelAE_2017	online_adaptive	20260804	V2A0015	Frankel_US	0	0.021483809143682232	0.5062670707702637
LOSFO	FrankelAE_2017	online_adaptive	20260804	V2A0016	Frankel_US	0	0.1753066236402371	0.6435680985450745
LOSFO	FrankelAE_2017	online_adaptive	20260804	V2A0017	Frankel_US	1	0.6804275539521375	0.6309131979942322
LOSFO	FrankelAE_2017	online_adaptive	20260804	V2A0018	Frankel_US	1	0.4784410591176759	0.6633121967315674
LOSFO	FrankelAE_2017	online_adaptive	20260804	V2A0019	Frankel_US	1	0.007996327618983397	0.6068721413612366
LOSFO	FrankelAE_2017	online_adaptive	20260804	V2A0020	Frankel_US	1	0.3388797255086215	0.6632577180862427
LOSFO	FrankelAE_2017	online_adaptive	20260804	V2A0021	Frankel_US	0	0.4792560035444909	0.5738375186920166
LOSFO	FrankelAE_2017	online_adaptive	20260804	V2A0022	Frankel_US	1	0.25237735403038614	0.6142091155052185
LOSFO	FrankelAE_2017	online_adaptive	20260804	V2A0023	Frankel_US	0	0.0874310104734087	0.6319819688796997
LOSFO	FrankelAE_2017	online_adaptive	20260804	V2A0024	Frankel_US	0	0.10586471199822213	0.596825361251831
LOSFO	FrankelAE_2017	online_adaptive	20260804	V2A0025	Frankel_US	0	0.298814279978134	0.5322449207305908
LOSFO	FrankelAE_2017	online_adaptive	20260804	V2A0026	Frankel_US	0	0.8309139244749427	0.6026759743690491
LOSFO	FrankelAE_2017	online_adaptive	20260804	V2A0027	Frankel_US	0	0.03635035462519417	0.593532383441925
LOSFO	FrankelAE_2017	online_adaptive	20260804	V2A0028	Frankel_US	0	0.030180109809709924	0.5303752422332764
LOSFO	FrankelAE_2017	online_adaptive	20260804	V2A0029	Frankel_US	1	0.2758699858510577	0.5639522671699524
LOSFO	FrankelAE_2017	online_adaptive	20260804	V2A0030	Frankel_US	0	0.44095648357191664	0.5584298968315125
LOSFO	FrankelAE_2017	online_adaptive	20260804	V2A0031	Frankel_US	1	0.5624252569464008	0.5994777083396912
LOSFO	FrankelAE_2017	online_adaptive	20260804	V2A0032	Frankel_US	0	0.6863173202052366	0.6160717606544495
LOSFO	FrankelAE_2017	online_adaptive	20260804	V2A0033	Frankel_US	1	0.4427152046698071	0.5932464599609375
LOSFO	FrankelAE_2017	online_adaptive	20260804	V2A0034	Frankel_US	1	0.9731794128795264	0.6428930163383484
LOSFO	FrankelAE_2017	online_adaptive	20260804	V2A0035	Frankel_US	1	0.04575189888680795	0.60592120885849
LOSFO	FrankelAE_2017	online_adaptive	20260804	V2A0036	Frankel_US	1	0.024148578912124165	0.5658735632896423
LOSFO	FrankelAE_2017	online_adaptive	20260804	V2A0037	Frankel_US	1	0.042581105407566426	0.6005619764328003
LOSFO	FrankelAE_2017	online_adaptive	20260804	V2A0038	Frankel_US	1	0.05390464885912085	0.6308614015579224
LOSFO	FrankelAE_2017	online_adaptive	20260804	V2A0039	Frankel_US	1	0.3495656696671791	0.650921642780304
LOSFO	FrankelAE_2017	online_adaptive	20260805	V2A0001	Frankel_US	0	0.1743183170360431	0.6470096111297607
LOSFO	FrankelAE_2017	online_adaptive	20260805	V2A0002	Frankel_US	1	0.4145213106334581	0.5859602093696594
LOSFO	FrankelAE_2017	online_adaptive	20260805	V2A0003	Frankel_US	1	0.4550650706071896	0.5962666869163513
LOSFO	FrankelAE_2017	online_adaptive	20260805	V2A0004	Frankel_US	1	0.15477422954023712	0.6567878127098083
LOSFO	FrankelAE_2017	online_adaptive	20260805	V2A0005	Frankel_US	1	0.7136120433898441	0.5997297167778015
LOSFO	FrankelAE_2017	online_adaptive	20260805	V2A0006	Frankel_US	1	0.7974363278808101	0.552932620048523
LOSFO	FrankelAE_2017	online_adaptive	20260805	V2A0007	Frankel_US	0	0.19297943805077364	0.6624634861946106
LOSFO	FrankelAE_2017	online_adaptive	20260805	V2A0008	Frankel_US	1	0.051321660890937607	0.6029928922653198
LOSFO	FrankelAE_2017	online_adaptive	20260805	V2A0009	Frankel_US	1	0.6840221633624651	0.6133241057395935
LOSFO	FrankelAE_2017	online_adaptive	20260805	V2A0010	Frankel_US	1	0.20216289280562866	0.6101149916648865
LOSFO	FrankelAE_2017	online_adaptive	20260805	V2A0011	Frankel_US	1	0.023046154100659435	0.615521252155304
LOSFO	FrankelAE_2017	online_adaptive	20260805	V2A0012	Frankel_US	1	0.6241249514521594	0.6209679841995239
LOSFO	FrankelAE_2017	online_adaptive	20260805	V2A0013	Frankel_US	0	0.8099276103150079	0.6497743725776672
LOSFO	FrankelAE_2017	online_adaptive	20260805	V2A0014	Frankel_US	0	0.8656043617660596	0.5762924551963806
LOSFO	FrankelAE_2017	online_adaptive	20260805	V2A0015	Frankel_US	0	0.02227268726139823	0.5054206848144531
LOSFO	FrankelAE_2017	online_adaptive	20260805	V2A0016	Frankel_US	0	0.1745142874214614	0.6449485421180725
LOSFO	FrankelAE_2017	online_adaptive	20260805	V2A0017	Frankel_US	1	0.6896187385667546	0.6315768361091614
LOSFO	FrankelAE_2017	online_adaptive	20260805	V2A0018	Frankel_US	1	0.47824419983884586	0.6602609157562256
LOSFO	FrankelAE_2017	online_adaptive	20260805	V2A0019	Frankel_US	1	0.007968604315865699	0.6113702654838562
LOSFO	FrankelAE_2017	online_adaptive	20260805	V2A0020	Frankel_US	1	0.3237933584304139	0.6719907522201538
LOSFO	FrankelAE_2017	online_adaptive	20260805	V2A0021	Frankel_US	0	0.47338041928072444	0.5664847493171692
LOSFO	FrankelAE_2017	online_adaptive	20260805	V2A0022	Frankel_US	1	0.25752920176949984	0.6147942543029785
LOSFO	FrankelAE_2017	online_adaptive	20260805	V2A0023	Frankel_US	0	0.08562991413498568	0.6421581506729126
LOSFO	FrankelAE_2017	online_adaptive	20260805	V2A0024	Frankel_US	0	0.10336973919970681	0.5941258668899536
LOSFO	FrankelAE_2017	online_adaptive	20260805	V2A0025	Frankel_US	0	0.28375104571687315	0.5346148014068604
LOSFO	FrankelAE_2017	online_adaptive	20260805	V2A0026	Frankel_US	0	0.8376423336662505	0.6022974252700806
LOSFO	FrankelAE_2017	online_adaptive	20260805	V2A0027	Frankel_US	0	0.038370744479653746	0.5965599417686462
LOSFO	FrankelAE_2017	online_adaptive	20260805	V2A0028	Frankel_US	0	0.029252808739686133	0.5340413451194763
LOSFO	FrankelAE_2017	online_adaptive	20260805	V2A0029	Frankel_US	1	0.2621084556597319	0.568107008934021
LOSFO	FrankelAE_2017	online_adaptive	20260805	V2A0030	Frankel_US	0	0.4434424564756116	0.5621106624603271
LOSFO	FrankelAE_2017	online_adaptive	20260805	V2A0031	Frankel_US	1	0.5607357835810163	0.6001194715499878
LOSFO	FrankelAE_2017	online_adaptive	20260805	V2A0032	Frankel_US	0	0.681419030687041	0.6171351671218872
LOSFO	FrankelAE_2017	online_adaptive	20260805	V2A0033	Frankel_US	1	0.4453845678963188	0.5831784009933472
LOSFO	FrankelAE_2017	online_adaptive	20260805	V2A0034	Frankel_US	1	0.9737046749334827	0.6453409790992737
LOSFO	FrankelAE_2017	online_adaptive	20260805	V2A0035	Frankel_US	1	0.042532324980928155	0.6014217138290405
LOSFO	FrankelAE_2017	online_adaptive	20260805	V2A0036	Frankel_US	1	0.024557365101087435	0.56395423412323
LOSFO	FrankelAE_2017	online_adaptive	20260805	V2A0037	Frankel_US	1	0.04519233343023183	0.5965445637702942
LOSFO	FrankelAE_2017	online_adaptive	20260805	V2A0038	Frankel_US	1	0.05470930310107802	0.6317102313041687
LOSFO	FrankelAE_2017	online_adaptive	20260805	V2A0039	Frankel_US	1	0.36045450255117634	0.6550021171569824
LOSFO	FrankelAE_2017	online_adaptive	20260806	V2A0001	Frankel_US	0	0.16327202792402884	0.6551756858825684
LOSFO	FrankelAE_2017	online_adaptive	20260806	V2A0002	Frankel_US	1	0.4280963703795341	0.5958910584449768
LOSFO	FrankelAE_2017	online_adaptive	20260806	V2A0003	Frankel_US	1	0.44915309060105263	0.6117475032806396
LOSFO	FrankelAE_2017	online_adaptive	20260806	V2A0004	Frankel_US	1	0.1490083417601313	0.6628804802894592
LOSFO	FrankelAE_2017	online_adaptive	20260806	V2A0005	Frankel_US	1	0.712516042373093	0.6067075729370117
LOSFO	FrankelAE_2017	online_adaptive	20260806	V2A0006	Frankel_US	1	0.8021779763063751	0.5567519068717957
LOSFO	FrankelAE_2017	online_adaptive	20260806	V2A0007	Frankel_US	0	0.19306352154798792	0.6718268394470215
LOSFO	FrankelAE_2017	online_adaptive	20260806	V2A0008	Frankel_US	1	0.04955446673902676	0.6120468974113464
LOSFO	FrankelAE_2017	online_adaptive	20260806	V2A0009	Frankel_US	1	0.6689841313409179	0.6221977472305298
LOSFO	FrankelAE_2017	online_adaptive	20260806	V2A0010	Frankel_US	1	0.2079840087266896	0.6197551488876343
LOSFO	FrankelAE_2017	online_adaptive	20260806	V2A0011	Frankel_US	1	0.023226511775068463	0.6238120794296265
LOSFO	FrankelAE_2017	online_adaptive	20260806	V2A0012	Frankel_US	1	0.6313022743619653	0.6320048570632935
LOSFO	FrankelAE_2017	online_adaptive	20260806	V2A0013	Frankel_US	0	0.8005026857576029	0.6602373719215393
LOSFO	FrankelAE_2017	online_adaptive	20260806	V2A0014	Frankel_US	0	0.8753841725279445	0.5814468264579773
LOSFO	FrankelAE_2017	online_adaptive	20260806	V2A0015	Frankel_US	0	0.022398958625718595	0.5117888450622559
LOSFO	FrankelAE_2017	online_adaptive	20260806	V2A0016	Frankel_US	0	0.17406675108303518	0.6509003043174744
LOSFO	FrankelAE_2017	online_adaptive	20260806	V2A0017	Frankel_US	1	0.6902003928661872	0.6400337219238281
LOSFO	FrankelAE_2017	online_adaptive	20260806	V2A0018	Frankel_US	1	0.4793056659004851	0.6734879016876221
LOSFO	FrankelAE_2017	online_adaptive	20260806	V2A0019	Frankel_US	1	0.008428265838042247	0.6197593212127686
LOSFO	FrankelAE_2017	online_adaptive	20260806	V2A0020	Frankel_US	1	0.32327271872852315	0.6728070378303528
LOSFO	FrankelAE_2017	online_adaptive	20260806	V2A0021	Frankel_US	0	0.4722423282886542	0.5794820785522461
LOSFO	FrankelAE_2017	online_adaptive	20260806	V2A0022	Frankel_US	1	0.2531167090271015	0.6193477511405945
LOSFO	FrankelAE_2017	online_adaptive	20260806	V2A0023	Frankel_US	0	0.08511669293079953	0.6425248384475708
LOSFO	FrankelAE_2017	online_adaptive	20260806	V2A0024	Frankel_US	0	0.10325977951869458	0.6042495369911194
LOSFO	FrankelAE_2017	online_adaptive	20260806	V2A0025	Frankel_US	0	0.3052738967928747	0.5385902523994446
LOSFO	FrankelAE_2017	online_adaptive	20260806	V2A0026	Frankel_US	0	0.8213995413987542	0.6104896068572998
LOSFO	FrankelAE_2017	online_adaptive	20260806	V2A0027	Frankel_US	0	0.040090146442455725	0.6035599112510681
LOSFO	FrankelAE_2017	online_adaptive	20260806	V2A0028	Frankel_US	0	0.0305331732920944	0.5422214865684509
LOSFO	FrankelAE_2017	online_adaptive	20260806	V2A0029	Frankel_US	1	0.2637366799274322	0.57539302110672
LOSFO	FrankelAE_2017	online_adaptive	20260806	V2A0030	Frankel_US	0	0.440584379895621	0.5740333795547485
LOSFO	FrankelAE_2017	online_adaptive	20260806	V2A0031	Frankel_US	1	0.5553000519056364	0.6083793044090271
LOSFO	FrankelAE_2017	online_adaptive	20260806	V2A0032	Frankel_US	0	0.6841938949213033	0.6268594264984131
LOSFO	FrankelAE_2017	online_adaptive	20260806	V2A0033	Frankel_US	1	0.45206640756484084	0.5950543284416199
LOSFO	FrankelAE_2017	online_adaptive	20260806	V2A0034	Frankel_US	1	0.9755192508666578	0.6507538557052612
LOSFO	FrankelAE_2017	online_adaptive	20260806	V2A0035	Frankel_US	1	0.04250193032925166	0.6102620363235474
LOSFO	FrankelAE_2017	online_adaptive	20260806	V2A0036	Frankel_US	1	0.025591217316575245	0.5711073875427246
LOSFO	FrankelAE_2017	online_adaptive	20260806	V2A0037	Frankel_US	1	0.043702270790420064	0.6000000834465027
LOSFO	FrankelAE_2017	online_adaptive	20260806	V2A0038	Frankel_US	1	0.053439028874902844	0.6359216570854187
LOSFO	FrankelAE_2017	online_adaptive	20260806	V2A0039	Frankel_US	1	0.35613035059363485	0.6643651723861694
LOSFO	FrankelAE_2017	standard_transductive	20260802	V2A0001	Frankel_US	0	0.26784971617838416	0.7083839774131775
LOSFO	FrankelAE_2017	standard_transductive	20260802	V2A0002	Frankel_US	1	0.6346683701793577	0.6458777189254761
LOSFO	FrankelAE_2017	standard_transductive	20260802	V2A0003	Frankel_US	1	0.4122969331443569	0.7194315791130066
LOSFO	FrankelAE_2017	standard_transductive	20260802	V2A0004	Frankel_US	1	0.27407331786701555	0.6769163012504578
LOSFO	FrankelAE_2017	standard_transductive	20260802	V2A0005	Frankel_US	1	0.7260324196140282	0.5624695420265198
LOSFO	FrankelAE_2017	standard_transductive	20260802	V2A0006	Frankel_US	1	0.836309299974305	0.6503872871398926
LOSFO	FrankelAE_2017	standard_transductive	20260802	V2A0007	Frankel_US	0	0.3673477607495052	0.736354649066925
LOSFO	FrankelAE_2017	standard_transductive	20260802	V2A0008	Frankel_US	1	0.10397711468828612	0.6588860750198364
LOSFO	FrankelAE_2017	standard_transductive	20260802	V2A0009	Frankel_US	1	0.727898976432635	0.6454636454582214
LOSFO	FrankelAE_2017	standard_transductive	20260802	V2A0010	Frankel_US	1	0.3774681275137402	0.6607703566551208
LOSFO	FrankelAE_2017	standard_transductive	20260802	V2A0011	Frankel_US	1	0.05089052306874547	0.6247074604034424
LOSFO	FrankelAE_2017	standard_transductive	20260802	V2A0012	Frankel_US	1	0.7154909973268266	0.5903618335723877
LOSFO	FrankelAE_2017	standard_transductive	20260802	V2A0013	Frankel_US	0	0.7965431863468252	0.7083106637001038
LOSFO	FrankelAE_2017	standard_transductive	20260802	V2A0014	Frankel_US	0	0.9195270570090344	0.6134512424468994
LOSFO	FrankelAE_2017	standard_transductive	20260802	V2A0015	Frankel_US	0	0.06560550210690909	0.48185965418815613
LOSFO	FrankelAE_2017	standard_transductive	20260802	V2A0016	Frankel_US	0	0.37383419469348805	0.7074392437934875
LOSFO	FrankelAE_2017	standard_transductive	20260802	V2A0017	Frankel_US	1	0.8089495345381172	0.664269208908081
LOSFO	FrankelAE_2017	standard_transductive	20260802	V2A0018	Frankel_US	1	0.5257401171444482	0.693479597568512
LOSFO	FrankelAE_2017	standard_transductive	20260802	V2A0019	Frankel_US	1	0.019571866436827918	0.6510545611381531
LOSFO	FrankelAE_2017	standard_transductive	20260802	V2A0020	Frankel_US	1	0.4772960253766101	0.7043474316596985
LOSFO	FrankelAE_2017	standard_transductive	20260802	V2A0021	Frankel_US	0	0.5715344459544456	0.4971315860748291
LOSFO	FrankelAE_2017	standard_transductive	20260802	V2A0022	Frankel_US	1	0.5601903922110583	0.509594738483429
LOSFO	FrankelAE_2017	standard_transductive	20260802	V2A0023	Frankel_US	0	0.24380297855404368	0.848407506942749
LOSFO	FrankelAE_2017	standard_transductive	20260802	V2A0024	Frankel_US	0	0.1926794436057654	0.6409983038902283
LOSFO	FrankelAE_2017	standard_transductive	20260802	V2A0025	Frankel_US	0	0.38137377094243585	0.5608124732971191
LOSFO	FrankelAE_2017	standard_transductive	20260802	V2A0026	Frankel_US	0	0.8863416065374536	0.6455940008163452
LOSFO	FrankelAE_2017	standard_transductive	20260802	V2A0027	Frankel_US	0	0.08307364828961677	0.6882331371307373
LOSFO	FrankelAE_2017	standard_transductive	20260802	V2A0028	Frankel_US	0	0.08113544295402342	0.5546897053718567
LOSFO	FrankelAE_2017	standard_transductive	20260802	V2A0029	Frankel_US	1	0.26035171433286713	0.53571617603302
LOSFO	FrankelAE_2017	standard_transductive	20260802	V2A0030	Frankel_US	0	0.5948622960155725	0.5490545034408569
LOSFO	FrankelAE_2017	standard_transductive	20260802	V2A0031	Frankel_US	1	0.6677755637874068	0.6027837991714478
LOSFO	FrankelAE_2017	standard_transductive	20260802	V2A0032	Frankel_US	0	0.7204355752099574	0.6951732039451599
LOSFO	FrankelAE_2017	standard_transductive	20260802	V2A0033	Frankel_US	1	0.5867147935730175	0.5934268832206726
LOSFO	FrankelAE_2017	standard_transductive	20260802	V2A0034	Frankel_US	1	0.9754471093085607	0.6687106490135193
LOSFO	FrankelAE_2017	standard_transductive	20260802	V2A0035	Frankel_US	1	0.11367983314709264	0.44922539591789246
LOSFO	FrankelAE_2017	standard_transductive	20260802	V2A0036	Frankel_US	1	0.043336146841714274	0.6098415851593018
LOSFO	FrankelAE_2017	standard_transductive	20260802	V2A0037	Frankel_US	1	0.11120017143104305	0.6538419723510742
LOSFO	FrankelAE_2017	standard_transductive	20260802	V2A0038	Frankel_US	1	0.14782875605930315	0.6818963885307312
LOSFO	FrankelAE_2017	standard_transductive	20260802	V2A0039	Frankel_US	1	0.44443194119926643	0.7005999088287354
LOSFO	FrankelAE_2017	standard_transductive	20260803	V2A0001	Frankel_US	0	0.2597304978432721	0.7154032588005066
LOSFO	FrankelAE_2017	standard_transductive	20260803	V2A0002	Frankel_US	1	0.6352899292995524	0.6505549550056458
LOSFO	FrankelAE_2017	standard_transductive	20260803	V2A0003	Frankel_US	1	0.40677472985291274	0.7197570204734802
LOSFO	FrankelAE_2017	standard_transductive	20260803	V2A0004	Frankel_US	1	0.2764030466778047	0.6832311153411865
LOSFO	FrankelAE_2017	standard_transductive	20260803	V2A0005	Frankel_US	1	0.7312774082721114	0.5699950456619263
LOSFO	FrankelAE_2017	standard_transductive	20260803	V2A0006	Frankel_US	1	0.8343880669556415	0.6553961634635925
LOSFO	FrankelAE_2017	standard_transductive	20260803	V2A0007	Frankel_US	0	0.37606245091243146	0.7398514151573181
LOSFO	FrankelAE_2017	standard_transductive	20260803	V2A0008	Frankel_US	1	0.10535640879319458	0.657921552658081
LOSFO	FrankelAE_2017	standard_transductive	20260803	V2A0009	Frankel_US	1	0.7325443966612168	0.6571206450462341
LOSFO	FrankelAE_2017	standard_transductive	20260803	V2A0010	Frankel_US	1	0.3817705804389768	0.6694203615188599
LOSFO	FrankelAE_2017	standard_transductive	20260803	V2A0011	Frankel_US	1	0.05133410042753666	0.6350939273834229
LOSFO	FrankelAE_2017	standard_transductive	20260803	V2A0012	Frankel_US	1	0.7151079521810462	0.594109296798706
LOSFO	FrankelAE_2017	standard_transductive	20260803	V2A0013	Frankel_US	0	0.8018402329414425	0.7161977887153625
LOSFO	FrankelAE_2017	standard_transductive	20260803	V2A0014	Frankel_US	0	0.9181518462009233	0.6243194937705994
LOSFO	FrankelAE_2017	standard_transductive	20260803	V2A0015	Frankel_US	0	0.06588318930953539	0.4838216006755829
LOSFO	FrankelAE_2017	standard_transductive	20260803	V2A0016	Frankel_US	0	0.3767298685396566	0.7147471904754639
LOSFO	FrankelAE_2017	standard_transductive	20260803	V2A0017	Frankel_US	1	0.8066104910718228	0.6744351387023926
LOSFO	FrankelAE_2017	standard_transductive	20260803	V2A0018	Frankel_US	1	0.5344334469107023	0.7006738781929016
LOSFO	FrankelAE_2017	standard_transductive	20260803	V2A0019	Frankel_US	1	0.019403667882959556	0.6522176265716553
LOSFO	FrankelAE_2017	standard_transductive	20260803	V2A0020	Frankel_US	1	0.47687212624234643	0.7130858898162842
LOSFO	FrankelAE_2017	standard_transductive	20260803	V2A0021	Frankel_US	0	0.5606042245475971	0.49607372283935547
LOSFO	FrankelAE_2017	standard_transductive	20260803	V2A0022	Frankel_US	1	0.5546816561905409	0.515643298625946
LOSFO	FrankelAE_2017	standard_transductive	20260803	V2A0023	Frankel_US	0	0.24564660770699123	0.8520512580871582
LOSFO	FrankelAE_2017	standard_transductive	20260803	V2A0024	Frankel_US	0	0.19985771356112722	0.6454722881317139
LOSFO	FrankelAE_2017	standard_transductive	20260803	V2A0025	Frankel_US	0	0.3807141403951567	0.5633334517478943
LOSFO	FrankelAE_2017	standard_transductive	20260803	V2A0026	Frankel_US	0	0.8837689222551774	0.6546573638916016
LOSFO	FrankelAE_2017	standard_transductive	20260803	V2A0027	Frankel_US	0	0.08253169787098757	0.6876490712165833
LOSFO	FrankelAE_2017	standard_transductive	20260803	V2A0028	Frankel_US	0	0.079308782136506	0.5629743933677673
LOSFO	FrankelAE_2017	standard_transductive	20260803	V2A0029	Frankel_US	1	0.2640091047571947	0.5443793535232544
LOSFO	FrankelAE_2017	standard_transductive	20260803	V2A0030	Frankel_US	0	0.598420855639462	0.5596956014633179
LOSFO	FrankelAE_2017	standard_transductive	20260803	V2A0031	Frankel_US	1	0.6742564379085846	0.6071172952651978
LOSFO	FrankelAE_2017	standard_transductive	20260803	V2A0032	Frankel_US	0	0.7172123577176025	0.6906015276908875
LOSFO	FrankelAE_2017	standard_transductive	20260803	V2A0033	Frankel_US	1	0.5933641742059972	0.5968070030212402
LOSFO	FrankelAE_2017	standard_transductive	20260803	V2A0034	Frankel_US	1	0.9757224676552868	0.6740735769271851
LOSFO	FrankelAE_2017	standard_transductive	20260803	V2A0035	Frankel_US	1	0.11518063124627935	0.44782206416130066
LOSFO	FrankelAE_2017	standard_transductive	20260803	V2A0036	Frankel_US	1	0.04333599523072005	0.6167638897895813
LOSFO	FrankelAE_2017	standard_transductive	20260803	V2A0037	Frankel_US	1	0.11855460886335115	0.6644675731658936
LOSFO	FrankelAE_2017	standard_transductive	20260803	V2A0038	Frankel_US	1	0.15417354551980933	0.6881289482116699
LOSFO	FrankelAE_2017	standard_transductive	20260803	V2A0039	Frankel_US	1	0.4465029977462431	0.7043893933296204
LOSFO	FrankelAE_2017	standard_transductive	20260804	V2A0001	Frankel_US	0	0.267564200423543	0.7058313488960266
LOSFO	FrankelAE_2017	standard_transductive	20260804	V2A0002	Frankel_US	1	0.6406227252140222	0.641379177570343
LOSFO	FrankelAE_2017	standard_transductive	20260804	V2A0003	Frankel_US	1	0.4148935260946779	0.7101331949234009
LOSFO	FrankelAE_2017	standard_transductive	20260804	V2A0004	Frankel_US	1	0.27475032319293774	0.6709341406822205
LOSFO	FrankelAE_2017	standard_transductive	20260804	V2A0005	Frankel_US	1	0.7241786880887581	0.5565153956413269
LOSFO	FrankelAE_2017	standard_transductive	20260804	V2A0006	Frankel_US	1	0.8351748771816907	0.6372676491737366
LOSFO	FrankelAE_2017	standard_transductive	20260804	V2A0007	Frankel_US	0	0.369296054479761	0.7279407382011414
LOSFO	FrankelAE_2017	standard_transductive	20260804	V2A0008	Frankel_US	1	0.10481263599243247	0.6515053510665894
LOSFO	FrankelAE_2017	standard_transductive	20260804	V2A0009	Frankel_US	1	0.7251472016739555	0.6356426477432251
LOSFO	FrankelAE_2017	standard_transductive	20260804	V2A0010	Frankel_US	1	0.3815854060978854	0.6554186940193176
LOSFO	FrankelAE_2017	standard_transductive	20260804	V2A0011	Frankel_US	1	0.04873802680249441	0.6240714192390442
LOSFO	FrankelAE_2017	standard_transductive	20260804	V2A0012	Frankel_US	1	0.7234865393910181	0.5831795334815979
LOSFO	FrankelAE_2017	standard_transductive	20260804	V2A0013	Frankel_US	0	0.7917622912920926	0.7021676898002625
LOSFO	FrankelAE_2017	standard_transductive	20260804	V2A0014	Frankel_US	0	0.9185704471192557	0.6150622963905334
LOSFO	FrankelAE_2017	standard_transductive	20260804	V2A0015	Frankel_US	0	0.06425916181990841	0.4798510670661926
LOSFO	FrankelAE_2017	standard_transductive	20260804	V2A0016	Frankel_US	0	0.37937704868864075	0.7047580480575562
LOSFO	FrankelAE_2017	standard_transductive	20260804	V2A0017	Frankel_US	1	0.8006145684855538	0.6631744503974915
LOSFO	FrankelAE_2017	standard_transductive	20260804	V2A0018	Frankel_US	1	0.5334639747621471	0.6971069574356079
LOSFO	FrankelAE_2017	standard_transductive	20260804	V2A0019	Frankel_US	1	0.01912433474286419	0.6496053338050842
LOSFO	FrankelAE_2017	standard_transductive	20260804	V2A0020	Frankel_US	1	0.49082616543705615	0.6928835511207581
LOSFO	FrankelAE_2017	standard_transductive	20260804	V2A0021	Frankel_US	0	0.5774109670071659	0.49856099486351013
LOSFO	FrankelAE_2017	standard_transductive	20260804	V2A0022	Frankel_US	1	0.5614903797678034	0.5087406039237976
LOSFO	FrankelAE_2017	standard_transductive	20260804	V2A0023	Frankel_US	0	0.24156047648663806	0.8348508477210999
LOSFO	FrankelAE_2017	standard_transductive	20260804	V2A0024	Frankel_US	0	0.19134825110976011	0.6384274959564209
LOSFO	FrankelAE_2017	standard_transductive	20260804	V2A0025	Frankel_US	0	0.3812660677185756	0.5544717311859131
LOSFO	FrankelAE_2017	standard_transductive	20260804	V2A0026	Frankel_US	0	0.8862221077918597	0.643323540687561
LOSFO	FrankelAE_2017	standard_transductive	20260804	V2A0027	Frankel_US	0	0.08009188897938582	0.6798079013824463
LOSFO	FrankelAE_2017	standard_transductive	20260804	V2A0028	Frankel_US	0	0.08051057705070493	0.5494057536125183
LOSFO	FrankelAE_2017	standard_transductive	20260804	V2A0029	Frankel_US	1	0.2673552269021504	0.5274781584739685
LOSFO	FrankelAE_2017	standard_transductive	20260804	V2A0030	Frankel_US	0	0.596215225133515	0.5465736985206604
LOSFO	FrankelAE_2017	standard_transductive	20260804	V2A0031	Frankel_US	1	0.667924299290658	0.595850944519043
LOSFO	FrankelAE_2017	standard_transductive	20260804	V2A0032	Frankel_US	0	0.7222798489069376	0.681739866733551
LOSFO	FrankelAE_2017	standard_transductive	20260804	V2A0033	Frankel_US	1	0.5881136645809403	0.5926252603530884
LOSFO	FrankelAE_2017	standard_transductive	20260804	V2A0034	Frankel_US	1	0.975455379974151	0.6591529846191406
LOSFO	FrankelAE_2017	standard_transductive	20260804	V2A0035	Frankel_US	1	0.11473326202272077	0.4479013979434967
LOSFO	FrankelAE_2017	standard_transductive	20260804	V2A0036	Frankel_US	1	0.04199101548501352	0.6009359359741211
LOSFO	FrankelAE_2017	standard_transductive	20260804	V2A0037	Frankel_US	1	0.11080332095328917	0.6568092703819275
LOSFO	FrankelAE_2017	standard_transductive	20260804	V2A0038	Frankel_US	1	0.14803119711627624	0.6769189834594727
LOSFO	FrankelAE_2017	standard_transductive	20260804	V2A0039	Frankel_US	1	0.4393765003734427	0.6938677430152893
LOSFO	FrankelAE_2017	standard_transductive	20260805	V2A0001	Frankel_US	0	0.26956995843357184	0.7058379650115967
LOSFO	FrankelAE_2017	standard_transductive	20260805	V2A0002	Frankel_US	1	0.6454059464663435	0.6411808133125305
LOSFO	FrankelAE_2017	standard_transductive	20260805	V2A0003	Frankel_US	1	0.40780251774890397	0.7161534428596497
LOSFO	FrankelAE_2017	standard_transductive	20260805	V2A0004	Frankel_US	1	0.2656544417192951	0.6710146069526672
LOSFO	FrankelAE_2017	standard_transductive	20260805	V2A0005	Frankel_US	1	0.7282537799520294	0.5597085952758789
LOSFO	FrankelAE_2017	standard_transductive	20260805	V2A0006	Frankel_US	1	0.836256787224617	0.6463601589202881
LOSFO	FrankelAE_2017	standard_transductive	20260805	V2A0007	Frankel_US	0	0.3675670308091429	0.7295262217521667
LOSFO	FrankelAE_2017	standard_transductive	20260805	V2A0008	Frankel_US	1	0.10661808864244618	0.6602178812026978
LOSFO	FrankelAE_2017	standard_transductive	20260805	V2A0009	Frankel_US	1	0.7323472046632059	0.6368343830108643
LOSFO	FrankelAE_2017	standard_transductive	20260805	V2A0010	Frankel_US	1	0.3737001562439662	0.6629025936126709
LOSFO	FrankelAE_2017	standard_transductive	20260805	V2A0011	Frankel_US	1	0.05088325065044982	0.6240483522415161
LOSFO	FrankelAE_2017	standard_transductive	20260805	V2A0012	Frankel_US	1	0.7139466991637686	0.5858167409896851
LOSFO	FrankelAE_2017	standard_transductive	20260805	V2A0013	Frankel_US	0	0.79679997140699	0.7040724158287048
LOSFO	FrankelAE_2017	standard_transductive	20260805	V2A0014	Frankel_US	0	0.9184213075616513	0.616362988948822
LOSFO	FrankelAE_2017	standard_transductive	20260805	V2A0015	Frankel_US	0	0.06577171176893758	0.4805848002433777
LOSFO	FrankelAE_2017	standard_transductive	20260805	V2A0016	Frankel_US	0	0.3806129360161637	0.7070611715316772
LOSFO	FrankelAE_2017	standard_transductive	20260805	V2A0017	Frankel_US	1	0.8048640930986593	0.6613438129425049
LOSFO	FrankelAE_2017	standard_transductive	20260805	V2A0018	Frankel_US	1	0.533030197353429	0.6912029385566711
LOSFO	FrankelAE_2017	standard_transductive	20260805	V2A0019	Frankel_US	1	0.01932085398522701	0.6558906435966492
LOSFO	FrankelAE_2017	standard_transductive	20260805	V2A0020	Frankel_US	1	0.4808874767196412	0.6959030628204346
LOSFO	FrankelAE_2017	standard_transductive	20260805	V2A0021	Frankel_US	0	0.5749734761850356	0.4958058297634125
LOSFO	FrankelAE_2017	standard_transductive	20260805	V2A0022	Frankel_US	1	0.5659764568987186	0.500092089176178
LOSFO	FrankelAE_2017	standard_transductive	20260805	V2A0023	Frankel_US	0	0.23950471270854468	0.8480513095855713
LOSFO	FrankelAE_2017	standard_transductive	20260805	V2A0024	Frankel_US	0	0.18995168788447767	0.6407274603843689
LOSFO	FrankelAE_2017	standard_transductive	20260805	V2A0025	Frankel_US	0	0.3763204076578939	0.5573558807373047
LOSFO	FrankelAE_2017	standard_transductive	20260805	V2A0026	Frankel_US	0	0.8868061508024687	0.6445231437683105
LOSFO	FrankelAE_2017	standard_transductive	20260805	V2A0027	Frankel_US	0	0.08350873531936838	0.6905584335327148
LOSFO	FrankelAE_2017	standard_transductive	20260805	V2A0028	Frankel_US	0	0.07865713875433768	0.5560239553451538
LOSFO	FrankelAE_2017	standard_transductive	20260805	V2A0029	Frankel_US	1	0.26264427590493733	0.5334141254425049
LOSFO	FrankelAE_2017	standard_transductive	20260805	V2A0030	Frankel_US	0	0.5967486563083735	0.5488625168800354
LOSFO	FrankelAE_2017	standard_transductive	20260805	V2A0031	Frankel_US	1	0.6664551730254041	0.597446620464325
LOSFO	FrankelAE_2017	standard_transductive	20260805	V2A0032	Frankel_US	0	0.714849672912947	0.6834681034088135
LOSFO	FrankelAE_2017	standard_transductive	20260805	V2A0033	Frankel_US	1	0.5907547892291544	0.5903613567352295
LOSFO	FrankelAE_2017	standard_transductive	20260805	V2A0034	Frankel_US	1	0.976089598849348	0.663245439529419
LOSFO	FrankelAE_2017	standard_transductive	20260805	V2A0035	Frankel_US	1	0.1105808358364358	0.43538931012153625
LOSFO	FrankelAE_2017	standard_transductive	20260805	V2A0036	Frankel_US	1	0.043616674497615346	0.5963691473007202
LOSFO	FrankelAE_2017	standard_transductive	20260805	V2A0037	Frankel_US	1	0.11572692643672775	0.6559450030326843
LOSFO	FrankelAE_2017	standard_transductive	20260805	V2A0038	Frankel_US	1	0.14959564844469425	0.6823492050170898
LOSFO	FrankelAE_2017	standard_transductive	20260805	V2A0039	Frankel_US	1	0.44779720988278876	0.6954244375228882
LOSFO	FrankelAE_2017	standard_transductive	20260806	V2A0001	Frankel_US	0	0.2623396120714174	0.7162013649940491
LOSFO	FrankelAE_2017	standard_transductive	20260806	V2A0002	Frankel_US	1	0.6444110540082431	0.6499375104904175
LOSFO	FrankelAE_2017	standard_transductive	20260806	V2A0003	Frankel_US	1	0.40474109104229783	0.7174792289733887
LOSFO	FrankelAE_2017	standard_transductive	20260806	V2A0004	Frankel_US	1	0.2649785853208315	0.6786946654319763
LOSFO	FrankelAE_2017	standard_transductive	20260806	V2A0005	Frankel_US	1	0.7246196258675175	0.5673663020133972
LOSFO	FrankelAE_2017	standard_transductive	20260806	V2A0006	Frankel_US	1	0.8375372339061639	0.6433327198028564
LOSFO	FrankelAE_2017	standard_transductive	20260806	V2A0007	Frankel_US	0	0.3691080524351585	0.74017733335495
LOSFO	FrankelAE_2017	standard_transductive	20260806	V2A0008	Frankel_US	1	0.10375881509644319	0.6617320775985718
LOSFO	FrankelAE_2017	standard_transductive	20260806	V2A0009	Frankel_US	1	0.7231931997127473	0.6510791778564453
LOSFO	FrankelAE_2017	standard_transductive	20260806	V2A0010	Frankel_US	1	0.3809337637937653	0.6676396727561951
LOSFO	FrankelAE_2017	standard_transductive	20260806	V2A0011	Frankel_US	1	0.052485398109314	0.6287093162536621
LOSFO	FrankelAE_2017	standard_transductive	20260806	V2A0012	Frankel_US	1	0.7167642962061834	0.5974692702293396
LOSFO	FrankelAE_2017	standard_transductive	20260806	V2A0013	Frankel_US	0	0.791830718938543	0.7153260111808777
LOSFO	FrankelAE_2017	standard_transductive	20260806	V2A0014	Frankel_US	0	0.9223250401164736	0.6205946207046509
LOSFO	FrankelAE_2017	standard_transductive	20260806	V2A0015	Frankel_US	0	0.06558295873988199	0.47942638397216797
LOSFO	FrankelAE_2017	standard_transductive	20260806	V2A0016	Frankel_US	0	0.38012267380353204	0.7137575745582581
LOSFO	FrankelAE_2017	standard_transductive	20260806	V2A0017	Frankel_US	1	0.805388866880374	0.672477126121521
LOSFO	FrankelAE_2017	standard_transductive	20260806	V2A0018	Frankel_US	1	0.5327677417689329	0.7035080790519714
LOSFO	FrankelAE_2017	standard_transductive	20260806	V2A0019	Frankel_US	1	0.019835803013090878	0.6628438234329224
LOSFO	FrankelAE_2017	standard_transductive	20260806	V2A0020	Frankel_US	1	0.48412517156062923	0.705447256565094
LOSFO	FrankelAE_2017	standard_transductive	20260806	V2A0021	Frankel_US	0	0.5748602064412183	0.5000193119049072
LOSFO	FrankelAE_2017	standard_transductive	20260806	V2A0022	Frankel_US	1	0.5627556606452416	0.5011827945709229
LOSFO	FrankelAE_2017	standard_transductive	20260806	V2A0023	Frankel_US	0	0.23760782952543444	0.8437421917915344
LOSFO	FrankelAE_2017	standard_transductive	20260806	V2A0024	Frankel_US	0	0.19143264835679444	0.6472193002700806
LOSFO	FrankelAE_2017	standard_transductive	20260806	V2A0025	Frankel_US	0	0.3869745902684359	0.5591742992401123
LOSFO	FrankelAE_2017	standard_transductive	20260806	V2A0026	Frankel_US	0	0.8812856960730717	0.6532250046730042
LOSFO	FrankelAE_2017	standard_transductive	20260806	V2A0027	Frankel_US	0	0.08417018277375535	0.6883350014686584
LOSFO	FrankelAE_2017	standard_transductive	20260806	V2A0028	Frankel_US	0	0.08227696752905674	0.5623190402984619
LOSFO	FrankelAE_2017	standard_transductive	20260806	V2A0029	Frankel_US	1	0.2599839794170035	0.5401782989501953
LOSFO	FrankelAE_2017	standard_transductive	20260806	V2A0030	Frankel_US	0	0.5939993342611883	0.5525972843170166
LOSFO	FrankelAE_2017	standard_transductive	20260806	V2A0031	Frankel_US	1	0.6677406329087248	0.60764080286026
LOSFO	FrankelAE_2017	standard_transductive	20260806	V2A0032	Frankel_US	0	0.7205702392188091	0.6920797824859619
LOSFO	FrankelAE_2017	standard_transductive	20260806	V2A0033	Frankel_US	1	0.5938593141123054	0.5924845933914185
LOSFO	FrankelAE_2017	standard_transductive	20260806	V2A0034	Frankel_US	1	0.9764910816154623	0.6681495904922485
LOSFO	FrankelAE_2017	standard_transductive	20260806	V2A0035	Frankel_US	1	0.11065127794558606	0.43335938453674316
LOSFO	FrankelAE_2017	standard_transductive	20260806	V2A0036	Frankel_US	1	0.04401900202048064	0.6094617247581482
LOSFO	FrankelAE_2017	standard_transductive	20260806	V2A0037	Frankel_US	1	0.11268361534935445	0.6542420387268066
LOSFO	FrankelAE_2017	standard_transductive	20260806	V2A0038	Frankel_US	1	0.14762665513245052	0.6814208030700684
LOSFO	FrankelAE_2017	standard_transductive	20260806	V2A0039	Frankel_US	1	0.4440902121214422	0.7062187790870667
LOSFO	GopalakrishnanV_2018	online_adaptive	20260802	V2A0040	Gopalakrishnan_US	0	0.9170636964083019	0.6373041868209839
LOSFO	GopalakrishnanV_2018	online_adaptive	20260802	V2A0041	Gopalakrishnan_US	1	0.8463581280023947	0.6708444356918335
LOSFO	GopalakrishnanV_2018	online_adaptive	20260802	V2A0042	Gopalakrishnan_US	0	0.4340908080625607	0.595954954624176
LOSFO	GopalakrishnanV_2018	online_adaptive	20260802	V2A0043	Gopalakrishnan_US	1	0.6738220166131	0.6407312750816345
LOSFO	GopalakrishnanV_2018	online_adaptive	20260802	V2A0044	Gopalakrishnan_US	0	0.18232650464069786	0.624639093875885
LOSFO	GopalakrishnanV_2018	online_adaptive	20260802	V2A0045	Gopalakrishnan_US	1	0.7302659481104998	0.6273125410079956
LOSFO	GopalakrishnanV_2018	online_adaptive	20260802	V2A0046	Gopalakrishnan_US	1	0.7360318774223437	0.5419102907180786
LOSFO	GopalakrishnanV_2018	online_adaptive	20260802	V2A0047	Gopalakrishnan_US	0	0.44505964191715514	0.6643969416618347
LOSFO	GopalakrishnanV_2018	online_adaptive	20260802	V2A0048	Gopalakrishnan_US	0	0.9440341539678417	0.5869967937469482
LOSFO	GopalakrishnanV_2018	online_adaptive	20260802	V2A0049	Gopalakrishnan_US	0	0.24047772989435756	0.563020646572113
LOSFO	GopalakrishnanV_2018	online_adaptive	20260802	V2A0050	Gopalakrishnan_US	0	0.6256902730746522	0.6075065732002258
LOSFO	GopalakrishnanV_2018	online_adaptive	20260802	V2A0051	Gopalakrishnan_US	1	0.8853377740900319	0.5954463481903076
LOSFO	GopalakrishnanV_2018	online_adaptive	20260802	V2A0052	Gopalakrishnan_US	1	0.16121142765668225	0.6215029358863831
LOSFO	GopalakrishnanV_2018	online_adaptive	20260802	V2A0053	Gopalakrishnan_US	0	0.7100916960558041	0.6889984011650085
LOSFO	GopalakrishnanV_2018	online_adaptive	20260802	V2A0054	Gopalakrishnan_US	1	0.9403170614583052	0.6662395596504211
LOSFO	GopalakrishnanV_2018	online_adaptive	20260802	V2A0055	Gopalakrishnan_US	0	0.9817148706079706	0.6283643245697021
LOSFO	GopalakrishnanV_2018	online_adaptive	20260802	V2A0056	Gopalakrishnan_US	1	0.8358485481172734	0.5178499817848206
LOSFO	GopalakrishnanV_2018	online_adaptive	20260802	V2A0057	Gopalakrishnan_US	1	0.37694132112588924	0.561722993850708
LOSFO	GopalakrishnanV_2018	online_adaptive	20260802	V2A0058	Gopalakrishnan_US	0	0.5289441264756035	0.5764256119728088
LOSFO	GopalakrishnanV_2018	online_adaptive	20260802	V2A0059	Gopalakrishnan_US	1	0.6283904139959252	0.6590644717216492
LOSFO	GopalakrishnanV_2018	online_adaptive	20260802	V2A0060	Gopalakrishnan_US	1	0.524952500712	0.6060583591461182
LOSFO	GopalakrishnanV_2018	online_adaptive	20260802	V2A0061	Gopalakrishnan_US	1	0.15394595349960236	0.6704596281051636
LOSFO	GopalakrishnanV_2018	online_adaptive	20260802	V2A0062	Gopalakrishnan_US	1	0.5741219474463237	0.6233418583869934
LOSFO	GopalakrishnanV_2018	online_adaptive	20260802	V2A0063	Gopalakrishnan_US	0	0.1961715250670939	0.5384382009506226
LOSFO	GopalakrishnanV_2018	online_adaptive	20260802	V2A0064	Gopalakrishnan_US	1	0.9331062560806306	0.6200574636459351
LOSFO	GopalakrishnanV_2018	online_adaptive	20260803	V2A0040	Gopalakrishnan_US	0	0.9188540204255294	0.6445777416229248
LOSFO	GopalakrishnanV_2018	online_adaptive	20260803	V2A0041	Gopalakrishnan_US	1	0.8302024884709114	0.6811380386352539
LOSFO	GopalakrishnanV_2018	online_adaptive	20260803	V2A0042	Gopalakrishnan_US	0	0.4335209003687805	0.6037493944168091
LOSFO	GopalakrishnanV_2018	online_adaptive	20260803	V2A0043	Gopalakrishnan_US	1	0.6712673908035899	0.6508123278617859
LOSFO	GopalakrishnanV_2018	online_adaptive	20260803	V2A0044	Gopalakrishnan_US	0	0.18773041212411828	0.6288714408874512
LOSFO	GopalakrishnanV_2018	online_adaptive	20260803	V2A0045	Gopalakrishnan_US	1	0.7311214834863328	0.6242891550064087
LOSFO	GopalakrishnanV_2018	online_adaptive	20260803	V2A0046	Gopalakrishnan_US	1	0.7334789434832172	0.5547208786010742
LOSFO	GopalakrishnanV_2018	online_adaptive	20260803	V2A0047	Gopalakrishnan_US	0	0.44645679147752515	0.6697843074798584
LOSFO	GopalakrishnanV_2018	online_adaptive	20260803	V2A0048	Gopalakrishnan_US	0	0.9374969606575686	0.5854836702346802
LOSFO	GopalakrishnanV_2018	online_adaptive	20260803	V2A0049	Gopalakrishnan_US	0	0.23757640157220208	0.5796729922294617
LOSFO	GopalakrishnanV_2018	online_adaptive	20260803	V2A0050	Gopalakrishnan_US	0	0.6294529259071489	0.6055711507797241
LOSFO	GopalakrishnanV_2018	online_adaptive	20260803	V2A0051	Gopalakrishnan_US	1	0.8868174203500887	0.5996865630149841
LOSFO	GopalakrishnanV_2018	online_adaptive	20260803	V2A0052	Gopalakrishnan_US	1	0.16540788252022973	0.6295027136802673
LOSFO	GopalakrishnanV_2018	online_adaptive	20260803	V2A0053	Gopalakrishnan_US	0	0.7103638127928729	0.6832407712936401
LOSFO	GopalakrishnanV_2018	online_adaptive	20260803	V2A0054	Gopalakrishnan_US	1	0.9401258037617894	0.6699817776679993
LOSFO	GopalakrishnanV_2018	online_adaptive	20260803	V2A0055	Gopalakrishnan_US	0	0.9814602687095344	0.6283309459686279
LOSFO	GopalakrishnanV_2018	online_adaptive	20260803	V2A0056	Gopalakrishnan_US	1	0.8402379688045999	0.5317678451538086
LOSFO	GopalakrishnanV_2018	online_adaptive	20260803	V2A0057	Gopalakrishnan_US	1	0.3797411928375813	0.5756949782371521
LOSFO	GopalakrishnanV_2018	online_adaptive	20260803	V2A0058	Gopalakrishnan_US	0	0.5370598017107391	0.5896208882331848
LOSFO	GopalakrishnanV_2018	online_adaptive	20260803	V2A0059	Gopalakrishnan_US	1	0.6445764943061993	0.6644803881645203
LOSFO	GopalakrishnanV_2018	online_adaptive	20260803	V2A0060	Gopalakrishnan_US	1	0.5353253608926366	0.6106767654418945
LOSFO	GopalakrishnanV_2018	online_adaptive	20260803	V2A0061	Gopalakrishnan_US	1	0.1477393585122084	0.6731870174407959
LOSFO	GopalakrishnanV_2018	online_adaptive	20260803	V2A0062	Gopalakrishnan_US	1	0.580570327481371	0.634692370891571
LOSFO	GopalakrishnanV_2018	online_adaptive	20260803	V2A0063	Gopalakrishnan_US	0	0.18931446368897725	0.545070230960846
LOSFO	GopalakrishnanV_2018	online_adaptive	20260803	V2A0064	Gopalakrishnan_US	1	0.9335595729593251	0.6384129524230957
LOSFO	GopalakrishnanV_2018	online_adaptive	20260804	V2A0040	Gopalakrishnan_US	0	0.9172018008890764	0.6550273895263672
LOSFO	GopalakrishnanV_2018	online_adaptive	20260804	V2A0041	Gopalakrishnan_US	1	0.8309486974834773	0.6923493146896362
LOSFO	GopalakrishnanV_2018	online_adaptive	20260804	V2A0042	Gopalakrishnan_US	0	0.42574985055107434	0.5973246693611145
LOSFO	GopalakrishnanV_2018	online_adaptive	20260804	V2A0043	Gopalakrishnan_US	1	0.6754752429720284	0.6560457348823547
LOSFO	GopalakrishnanV_2018	online_adaptive	20260804	V2A0044	Gopalakrishnan_US	0	0.17990038314874673	0.6434071063995361
LOSFO	GopalakrishnanV_2018	online_adaptive	20260804	V2A0045	Gopalakrishnan_US	1	0.7222365973101135	0.6365820169448853
LOSFO	GopalakrishnanV_2018	online_adaptive	20260804	V2A0046	Gopalakrishnan_US	1	0.7346916943254991	0.5561577677726746
LOSFO	GopalakrishnanV_2018	online_adaptive	20260804	V2A0047	Gopalakrishnan_US	0	0.4498351363269896	0.6769556999206543
LOSFO	GopalakrishnanV_2018	online_adaptive	20260804	V2A0048	Gopalakrishnan_US	0	0.938223355514511	0.5932358503341675
LOSFO	GopalakrishnanV_2018	online_adaptive	20260804	V2A0049	Gopalakrishnan_US	0	0.24391137424808051	0.5808433890342712
LOSFO	GopalakrishnanV_2018	online_adaptive	20260804	V2A0050	Gopalakrishnan_US	0	0.6284807694855247	0.6152985095977783
LOSFO	GopalakrishnanV_2018	online_adaptive	20260804	V2A0051	Gopalakrishnan_US	1	0.8820332394546518	0.6022686958312988
LOSFO	GopalakrishnanV_2018	online_adaptive	20260804	V2A0052	Gopalakrishnan_US	1	0.14638237304526505	0.6353015899658203
LOSFO	GopalakrishnanV_2018	online_adaptive	20260804	V2A0053	Gopalakrishnan_US	0	0.7226883590148827	0.6969317197799683
LOSFO	GopalakrishnanV_2018	online_adaptive	20260804	V2A0054	Gopalakrishnan_US	1	0.9376969512608105	0.6816476583480835
LOSFO	GopalakrishnanV_2018	online_adaptive	20260804	V2A0055	Gopalakrishnan_US	0	0.9819832698928315	0.6283541321754456
LOSFO	GopalakrishnanV_2018	online_adaptive	20260804	V2A0056	Gopalakrishnan_US	1	0.8381080384866695	0.5351828932762146
LOSFO	GopalakrishnanV_2018	online_adaptive	20260804	V2A0057	Gopalakrishnan_US	1	0.38504605294356303	0.5764597654342651
LOSFO	GopalakrishnanV_2018	online_adaptive	20260804	V2A0058	Gopalakrishnan_US	0	0.541483153746544	0.593863308429718
LOSFO	GopalakrishnanV_2018	online_adaptive	20260804	V2A0059	Gopalakrishnan_US	1	0.6508730577425362	0.6764860153198242
LOSFO	GopalakrishnanV_2018	online_adaptive	20260804	V2A0060	Gopalakrishnan_US	1	0.5292184931240791	0.6197746992111206
LOSFO	GopalakrishnanV_2018	online_adaptive	20260804	V2A0061	Gopalakrishnan_US	1	0.14437498837162627	0.6770887970924377
LOSFO	GopalakrishnanV_2018	online_adaptive	20260804	V2A0062	Gopalakrishnan_US	1	0.5852146169707911	0.6507634520530701
LOSFO	GopalakrishnanV_2018	online_adaptive	20260804	V2A0063	Gopalakrishnan_US	0	0.1866983430007805	0.5586486458778381
LOSFO	GopalakrishnanV_2018	online_adaptive	20260804	V2A0064	Gopalakrishnan_US	1	0.9353338822697005	0.6412165760993958
LOSFO	GopalakrishnanV_2018	online_adaptive	20260805	V2A0040	Gopalakrishnan_US	0	0.9164648424795879	0.6487507820129395
LOSFO	GopalakrishnanV_2018	online_adaptive	20260805	V2A0041	Gopalakrishnan_US	1	0.8287624458828889	0.6703193187713623
LOSFO	GopalakrishnanV_2018	online_adaptive	20260805	V2A0042	Gopalakrishnan_US	0	0.45079158485497606	0.6091032028198242
LOSFO	GopalakrishnanV_2018	online_adaptive	20260805	V2A0043	Gopalakrishnan_US	1	0.6814243888674982	0.636420726776123
LOSFO	GopalakrishnanV_2018	online_adaptive	20260805	V2A0044	Gopalakrishnan_US	0	0.17673003166008258	0.6263664960861206
LOSFO	GopalakrishnanV_2018	online_adaptive	20260805	V2A0045	Gopalakrishnan_US	1	0.7307998964902247	0.6264727711677551
LOSFO	GopalakrishnanV_2018	online_adaptive	20260805	V2A0046	Gopalakrishnan_US	1	0.7331655438142007	0.557456910610199
LOSFO	GopalakrishnanV_2018	online_adaptive	20260805	V2A0047	Gopalakrishnan_US	0	0.4512986630806594	0.6658707857131958
LOSFO	GopalakrishnanV_2018	online_adaptive	20260805	V2A0048	Gopalakrishnan_US	0	0.9378269071069256	0.5845421552658081
LOSFO	GopalakrishnanV_2018	online_adaptive	20260805	V2A0049	Gopalakrishnan_US	0	0.24277561493255453	0.580680251121521
LOSFO	GopalakrishnanV_2018	online_adaptive	20260805	V2A0050	Gopalakrishnan_US	0	0.6294805312607135	0.6057025194168091
LOSFO	GopalakrishnanV_2018	online_adaptive	20260805	V2A0051	Gopalakrishnan_US	1	0.8814377711310482	0.5986612439155579
LOSFO	GopalakrishnanV_2018	online_adaptive	20260805	V2A0052	Gopalakrishnan_US	1	0.1668170333200285	0.6235600709915161
LOSFO	GopalakrishnanV_2018	online_adaptive	20260805	V2A0053	Gopalakrishnan_US	0	0.7103916764892454	0.6809700727462769
LOSFO	GopalakrishnanV_2018	online_adaptive	20260805	V2A0054	Gopalakrishnan_US	1	0.9401923261569857	0.6641168594360352
LOSFO	GopalakrishnanV_2018	online_adaptive	20260805	V2A0055	Gopalakrishnan_US	0	0.9819133772940131	0.6328238248825073
LOSFO	GopalakrishnanV_2018	online_adaptive	20260805	V2A0056	Gopalakrishnan_US	1	0.8475581314938049	0.5312930345535278
LOSFO	GopalakrishnanV_2018	online_adaptive	20260805	V2A0057	Gopalakrishnan_US	1	0.3797641357633274	0.5620550513267517
LOSFO	GopalakrishnanV_2018	online_adaptive	20260805	V2A0058	Gopalakrishnan_US	0	0.5370712280234634	0.5867441892623901
LOSFO	GopalakrishnanV_2018	online_adaptive	20260805	V2A0059	Gopalakrishnan_US	1	0.6469028104214734	0.6547830104827881
LOSFO	GopalakrishnanV_2018	online_adaptive	20260805	V2A0060	Gopalakrishnan_US	1	0.5437373896917836	0.6055244207382202
LOSFO	GopalakrishnanV_2018	online_adaptive	20260805	V2A0061	Gopalakrishnan_US	1	0.15179636593355683	0.6646727323532104
LOSFO	GopalakrishnanV_2018	online_adaptive	20260805	V2A0062	Gopalakrishnan_US	1	0.5579196212323223	0.622774600982666
LOSFO	GopalakrishnanV_2018	online_adaptive	20260805	V2A0063	Gopalakrishnan_US	0	0.1922879021742634	0.5499745011329651
LOSFO	GopalakrishnanV_2018	online_adaptive	20260805	V2A0064	Gopalakrishnan_US	1	0.9370541809768146	0.6330636739730835
LOSFO	GopalakrishnanV_2018	online_adaptive	20260806	V2A0040	Gopalakrishnan_US	0	0.9227645552570843	0.6533091068267822
LOSFO	GopalakrishnanV_2018	online_adaptive	20260806	V2A0041	Gopalakrishnan_US	1	0.834708615767261	0.6872041821479797
LOSFO	GopalakrishnanV_2018	online_adaptive	20260806	V2A0042	Gopalakrishnan_US	0	0.44053970529621045	0.6127975583076477
LOSFO	GopalakrishnanV_2018	online_adaptive	20260806	V2A0043	Gopalakrishnan_US	1	0.667021900027126	0.6568173766136169
LOSFO	GopalakrishnanV_2018	online_adaptive	20260806	V2A0044	Gopalakrishnan_US	0	0.17342256483196716	0.6481348276138306
LOSFO	GopalakrishnanV_2018	online_adaptive	20260806	V2A0045	Gopalakrishnan_US	1	0.7340151049649118	0.643871545791626
LOSFO	GopalakrishnanV_2018	online_adaptive	20260806	V2A0046	Gopalakrishnan_US	1	0.7251188472592189	0.5654228925704956
LOSFO	GopalakrishnanV_2018	online_adaptive	20260806	V2A0047	Gopalakrishnan_US	0	0.47477940740741936	0.6830124855041504
LOSFO	GopalakrishnanV_2018	online_adaptive	20260806	V2A0048	Gopalakrishnan_US	0	0.9356064523404263	0.6013966798782349
LOSFO	GopalakrishnanV_2018	online_adaptive	20260806	V2A0049	Gopalakrishnan_US	0	0.24322338394718146	0.5795192122459412
LOSFO	GopalakrishnanV_2018	online_adaptive	20260806	V2A0050	Gopalakrishnan_US	0	0.6211340327837672	0.6237044334411621
LOSFO	GopalakrishnanV_2018	online_adaptive	20260806	V2A0051	Gopalakrishnan_US	1	0.878696942366744	0.6029546856880188
LOSFO	GopalakrishnanV_2018	online_adaptive	20260806	V2A0052	Gopalakrishnan_US	1	0.1670783862992796	0.6423320770263672
LOSFO	GopalakrishnanV_2018	online_adaptive	20260806	V2A0053	Gopalakrishnan_US	0	0.7112651549940534	0.6979199051856995
LOSFO	GopalakrishnanV_2018	online_adaptive	20260806	V2A0054	Gopalakrishnan_US	1	0.9386326518614122	0.6825432181358337
LOSFO	GopalakrishnanV_2018	online_adaptive	20260806	V2A0055	Gopalakrishnan_US	0	0.9812121979386962	0.6408103704452515
LOSFO	GopalakrishnanV_2018	online_adaptive	20260806	V2A0056	Gopalakrishnan_US	1	0.8461317207424847	0.5447607636451721
LOSFO	GopalakrishnanV_2018	online_adaptive	20260806	V2A0057	Gopalakrishnan_US	1	0.3778873149291524	0.5816508531570435
LOSFO	GopalakrishnanV_2018	online_adaptive	20260806	V2A0058	Gopalakrishnan_US	0	0.5306102029230029	0.594734251499176
LOSFO	GopalakrishnanV_2018	online_adaptive	20260806	V2A0059	Gopalakrishnan_US	1	0.6546868541133898	0.6816026568412781
LOSFO	GopalakrishnanV_2018	online_adaptive	20260806	V2A0060	Gopalakrishnan_US	1	0.5601205417967141	0.6148542165756226
LOSFO	GopalakrishnanV_2018	online_adaptive	20260806	V2A0061	Gopalakrishnan_US	1	0.15572589781488835	0.6826552748680115
LOSFO	GopalakrishnanV_2018	online_adaptive	20260806	V2A0062	Gopalakrishnan_US	1	0.5556964951748173	0.6430991291999817
LOSFO	GopalakrishnanV_2018	online_adaptive	20260806	V2A0063	Gopalakrishnan_US	0	0.18630946497590564	0.5639262199401855
LOSFO	GopalakrishnanV_2018	online_adaptive	20260806	V2A0064	Gopalakrishnan_US	1	0.9336000782636232	0.6341625452041626
LOSFO	GopalakrishnanV_2018	standard_transductive	20260802	V2A0040	Gopalakrishnan_US	0	0.9053159093993282	0.648514449596405
LOSFO	GopalakrishnanV_2018	standard_transductive	20260802	V2A0041	Gopalakrishnan_US	1	0.7774168422042655	0.6507136225700378
LOSFO	GopalakrishnanV_2018	standard_transductive	20260802	V2A0042	Gopalakrishnan_US	0	0.5708559442931442	0.7069814801216125
LOSFO	GopalakrishnanV_2018	standard_transductive	20260802	V2A0043	Gopalakrishnan_US	1	0.7859416840142236	0.6973868012428284
LOSFO	GopalakrishnanV_2018	standard_transductive	20260802	V2A0044	Gopalakrishnan_US	0	0.2946840841747576	0.6237920522689819
LOSFO	GopalakrishnanV_2018	standard_transductive	20260802	V2A0045	Gopalakrishnan_US	1	0.7219211885747364	0.5879256725311279
LOSFO	GopalakrishnanV_2018	standard_transductive	20260802	V2A0046	Gopalakrishnan_US	1	0.6872111370895359	0.6070075631141663
LOSFO	GopalakrishnanV_2018	standard_transductive	20260802	V2A0047	Gopalakrishnan_US	0	0.47634350894055744	0.6164752244949341
LOSFO	GopalakrishnanV_2018	standard_transductive	20260802	V2A0048	Gopalakrishnan_US	0	0.9208238416505414	0.45605748891830444
LOSFO	GopalakrishnanV_2018	standard_transductive	20260802	V2A0049	Gopalakrishnan_US	0	0.2757214061152498	0.6761838793754578
LOSFO	GopalakrishnanV_2018	standard_transductive	20260802	V2A0050	Gopalakrishnan_US	0	0.7094091941806534	0.580578088760376
LOSFO	GopalakrishnanV_2018	standard_transductive	20260802	V2A0051	Gopalakrishnan_US	1	0.8407537893717217	0.6125736236572266
LOSFO	GopalakrishnanV_2018	standard_transductive	20260802	V2A0052	Gopalakrishnan_US	1	0.31630643935754404	0.6481431722640991
LOSFO	GopalakrishnanV_2018	standard_transductive	20260802	V2A0053	Gopalakrishnan_US	0	0.827387203812965	0.6837037205696106
LOSFO	GopalakrishnanV_2018	standard_transductive	20260802	V2A0054	Gopalakrishnan_US	1	0.9334422270014198	0.6863721013069153
LOSFO	GopalakrishnanV_2018	standard_transductive	20260802	V2A0055	Gopalakrishnan_US	0	0.9736810841759396	0.684009850025177
LOSFO	GopalakrishnanV_2018	standard_transductive	20260802	V2A0056	Gopalakrishnan_US	1	0.7975849831372844	0.48661908507347107
LOSFO	GopalakrishnanV_2018	standard_transductive	20260802	V2A0057	Gopalakrishnan_US	1	0.29813117461492367	0.4469955265522003
LOSFO	GopalakrishnanV_2018	standard_transductive	20260802	V2A0058	Gopalakrishnan_US	0	0.6571913536399387	0.5320307612419128
LOSFO	GopalakrishnanV_2018	standard_transductive	20260802	V2A0059	Gopalakrishnan_US	1	0.711039654287377	0.6515454053878784
LOSFO	GopalakrishnanV_2018	standard_transductive	20260802	V2A0060	Gopalakrishnan_US	1	0.5096842657557902	0.5855376720428467
LOSFO	GopalakrishnanV_2018	standard_transductive	20260802	V2A0061	Gopalakrishnan_US	1	0.29750059028427034	0.6191688179969788
LOSFO	GopalakrishnanV_2018	standard_transductive	20260802	V2A0062	Gopalakrishnan_US	1	0.643538667410175	0.6020280718803406
LOSFO	GopalakrishnanV_2018	standard_transductive	20260802	V2A0063	Gopalakrishnan_US	0	0.27075903924452915	0.593243420124054
LOSFO	GopalakrishnanV_2018	standard_transductive	20260802	V2A0064	Gopalakrishnan_US	1	0.9070462109741356	0.7664583921432495
LOSFO	GopalakrishnanV_2018	standard_transductive	20260803	V2A0040	Gopalakrishnan_US	0	0.9055896146683973	0.6626049876213074
LOSFO	GopalakrishnanV_2018	standard_transductive	20260803	V2A0041	Gopalakrishnan_US	1	0.767951277349954	0.664753258228302
LOSFO	GopalakrishnanV_2018	standard_transductive	20260803	V2A0042	Gopalakrishnan_US	0	0.5709061089208287	0.7092980742454529
LOSFO	GopalakrishnanV_2018	standard_transductive	20260803	V2A0043	Gopalakrishnan_US	1	0.7828777927526922	0.705512523651123
LOSFO	GopalakrishnanV_2018	standard_transductive	20260803	V2A0044	Gopalakrishnan_US	0	0.30424778082681114	0.6386109590530396
LOSFO	GopalakrishnanV_2018	standard_transductive	20260803	V2A0045	Gopalakrishnan_US	1	0.7222911280648725	0.5869746804237366
LOSFO	GopalakrishnanV_2018	standard_transductive	20260803	V2A0046	Gopalakrishnan_US	1	0.6874130246166887	0.6124272346496582
LOSFO	GopalakrishnanV_2018	standard_transductive	20260803	V2A0047	Gopalakrishnan_US	0	0.4813984246407999	0.6234592199325562
LOSFO	GopalakrishnanV_2018	standard_transductive	20260803	V2A0048	Gopalakrishnan_US	0	0.9146860946336068	0.460811972618103
LOSFO	GopalakrishnanV_2018	standard_transductive	20260803	V2A0049	Gopalakrishnan_US	0	0.2733051400771029	0.6899921894073486
LOSFO	GopalakrishnanV_2018	standard_transductive	20260803	V2A0050	Gopalakrishnan_US	0	0.7072403303812466	0.5762538313865662
LOSFO	GopalakrishnanV_2018	standard_transductive	20260803	V2A0051	Gopalakrishnan_US	1	0.8407616117320779	0.6272786259651184
LOSFO	GopalakrishnanV_2018	standard_transductive	20260803	V2A0052	Gopalakrishnan_US	1	0.3189448376276979	0.6573998332023621
LOSFO	GopalakrishnanV_2018	standard_transductive	20260803	V2A0053	Gopalakrishnan_US	0	0.8268822365284213	0.6924636960029602
LOSFO	GopalakrishnanV_2018	standard_transductive	20260803	V2A0054	Gopalakrishnan_US	1	0.932047310117604	0.7287399768829346
LOSFO	GopalakrishnanV_2018	standard_transductive	20260803	V2A0055	Gopalakrishnan_US	0	0.9734480211016479	0.6971736550331116
LOSFO	GopalakrishnanV_2018	standard_transductive	20260803	V2A0056	Gopalakrishnan_US	1	0.8031548173739984	0.48992782831192017
LOSFO	GopalakrishnanV_2018	standard_transductive	20260803	V2A0057	Gopalakrishnan_US	1	0.2965373124031636	0.4804624319076538
LOSFO	GopalakrishnanV_2018	standard_transductive	20260803	V2A0058	Gopalakrishnan_US	0	0.6639322547308141	0.5323182940483093
LOSFO	GopalakrishnanV_2018	standard_transductive	20260803	V2A0059	Gopalakrishnan_US	1	0.7191474292480111	0.6569728255271912
LOSFO	GopalakrishnanV_2018	standard_transductive	20260803	V2A0060	Gopalakrishnan_US	1	0.5170123934119989	0.5961284041404724
LOSFO	GopalakrishnanV_2018	standard_transductive	20260803	V2A0061	Gopalakrishnan_US	1	0.29424554737073694	0.6215213537216187
LOSFO	GopalakrishnanV_2018	standard_transductive	20260803	V2A0062	Gopalakrishnan_US	1	0.6500732586185913	0.6260510087013245
LOSFO	GopalakrishnanV_2018	standard_transductive	20260803	V2A0063	Gopalakrishnan_US	0	0.2665335781907918	0.6034895777702332
LOSFO	GopalakrishnanV_2018	standard_transductive	20260803	V2A0064	Gopalakrishnan_US	1	0.9078014585937535	0.765400767326355
LOSFO	GopalakrishnanV_2018	standard_transductive	20260804	V2A0040	Gopalakrishnan_US	0	0.9058280961128565	0.6673652529716492
LOSFO	GopalakrishnanV_2018	standard_transductive	20260804	V2A0041	Gopalakrishnan_US	1	0.7640038151613607	0.6706908345222473
LOSFO	GopalakrishnanV_2018	standard_transductive	20260804	V2A0042	Gopalakrishnan_US	0	0.5646000340610712	0.7082788944244385
LOSFO	GopalakrishnanV_2018	standard_transductive	20260804	V2A0043	Gopalakrishnan_US	1	0.7846573998723874	0.7208274602890015
LOSFO	GopalakrishnanV_2018	standard_transductive	20260804	V2A0044	Gopalakrishnan_US	0	0.29555874012449657	0.6558867692947388
LOSFO	GopalakrishnanV_2018	standard_transductive	20260804	V2A0045	Gopalakrishnan_US	1	0.7147073847646362	0.5968505144119263
LOSFO	GopalakrishnanV_2018	standard_transductive	20260804	V2A0046	Gopalakrishnan_US	1	0.6854103052522518	0.6116191148757935
LOSFO	GopalakrishnanV_2018	standard_transductive	20260804	V2A0047	Gopalakrishnan_US	0	0.48187195474907046	0.6350969076156616
LOSFO	GopalakrishnanV_2018	standard_transductive	20260804	V2A0048	Gopalakrishnan_US	0	0.9176038270539421	0.46269381046295166
LOSFO	GopalakrishnanV_2018	standard_transductive	20260804	V2A0049	Gopalakrishnan_US	0	0.2762801473547226	0.687323808670044
LOSFO	GopalakrishnanV_2018	standard_transductive	20260804	V2A0050	Gopalakrishnan_US	0	0.709258465464597	0.5859441757202148
LOSFO	GopalakrishnanV_2018	standard_transductive	20260804	V2A0051	Gopalakrishnan_US	1	0.8355979221175175	0.61031174659729
LOSFO	GopalakrishnanV_2018	standard_transductive	20260804	V2A0052	Gopalakrishnan_US	1	0.29538344937331107	0.6677607297897339
LOSFO	GopalakrishnanV_2018	standard_transductive	20260804	V2A0053	Gopalakrishnan_US	0	0.8346805234828865	0.6906996369361877
LOSFO	GopalakrishnanV_2018	standard_transductive	20260804	V2A0054	Gopalakrishnan_US	1	0.9311756388735613	0.7297676801681519
LOSFO	GopalakrishnanV_2018	standard_transductive	20260804	V2A0055	Gopalakrishnan_US	0	0.9740480617889675	0.6954732537269592
LOSFO	GopalakrishnanV_2018	standard_transductive	20260804	V2A0056	Gopalakrishnan_US	1	0.8010372586675751	0.5009799599647522
LOSFO	GopalakrishnanV_2018	standard_transductive	20260804	V2A0057	Gopalakrishnan_US	1	0.30117696363121765	0.4715075194835663
LOSFO	GopalakrishnanV_2018	standard_transductive	20260804	V2A0058	Gopalakrishnan_US	0	0.670026150466508	0.5481322407722473
LOSFO	GopalakrishnanV_2018	standard_transductive	20260804	V2A0059	Gopalakrishnan_US	1	0.719027333722405	0.6668177843093872
LOSFO	GopalakrishnanV_2018	standard_transductive	20260804	V2A0060	Gopalakrishnan_US	1	0.5098157103819203	0.6054808497428894
LOSFO	GopalakrishnanV_2018	standard_transductive	20260804	V2A0061	Gopalakrishnan_US	1	0.2877665721368045	0.6266049742698669
LOSFO	GopalakrishnanV_2018	standard_transductive	20260804	V2A0062	Gopalakrishnan_US	1	0.650184056589227	0.6414067149162292
LOSFO	GopalakrishnanV_2018	standard_transductive	20260804	V2A0063	Gopalakrishnan_US	0	0.2624207420244057	0.6238998174667358
LOSFO	GopalakrishnanV_2018	standard_transductive	20260804	V2A0064	Gopalakrishnan_US	1	0.9105603229487333	0.782194197177887
LOSFO	GopalakrishnanV_2018	standard_transductive	20260805	V2A0040	Gopalakrishnan_US	0	0.9051411708721308	0.6663466691970825
LOSFO	GopalakrishnanV_2018	standard_transductive	20260805	V2A0041	Gopalakrishnan_US	1	0.7651550653102951	0.6562355160713196
LOSFO	GopalakrishnanV_2018	standard_transductive	20260805	V2A0042	Gopalakrishnan_US	0	0.5813782303781971	0.7278074026107788
LOSFO	GopalakrishnanV_2018	standard_transductive	20260805	V2A0043	Gopalakrishnan_US	1	0.7881302118981005	0.7040971517562866
LOSFO	GopalakrishnanV_2018	standard_transductive	20260805	V2A0044	Gopalakrishnan_US	0	0.2944531946102907	0.6408701539039612
LOSFO	GopalakrishnanV_2018	standard_transductive	20260805	V2A0045	Gopalakrishnan_US	1	0.722007160792524	0.5933393239974976
LOSFO	GopalakrishnanV_2018	standard_transductive	20260805	V2A0046	Gopalakrishnan_US	1	0.68560715165646	0.6199657320976257
LOSFO	GopalakrishnanV_2018	standard_transductive	20260805	V2A0047	Gopalakrishnan_US	0	0.4872718595665742	0.6226230263710022
LOSFO	GopalakrishnanV_2018	standard_transductive	20260805	V2A0048	Gopalakrishnan_US	0	0.9173950073938149	0.45851707458496094
LOSFO	GopalakrishnanV_2018	standard_transductive	20260805	V2A0049	Gopalakrishnan_US	0	0.27936719156912665	0.6864699125289917
LOSFO	GopalakrishnanV_2018	standard_transductive	20260805	V2A0050	Gopalakrishnan_US	0	0.7058789216789011	0.5779327154159546
LOSFO	GopalakrishnanV_2018	standard_transductive	20260805	V2A0051	Gopalakrishnan_US	1	0.8338787951863231	0.621573805809021
LOSFO	GopalakrishnanV_2018	standard_transductive	20260805	V2A0052	Gopalakrishnan_US	1	0.3207741480069371	0.6513336896896362
LOSFO	GopalakrishnanV_2018	standard_transductive	20260805	V2A0053	Gopalakrishnan_US	0	0.8262352175793296	0.6970455050468445
LOSFO	GopalakrishnanV_2018	standard_transductive	20260805	V2A0054	Gopalakrishnan_US	1	0.9326206230025885	0.7226711511611938
LOSFO	GopalakrishnanV_2018	standard_transductive	20260805	V2A0055	Gopalakrishnan_US	0	0.9740203789485001	0.7007504105567932
LOSFO	GopalakrishnanV_2018	standard_transductive	20260805	V2A0056	Gopalakrishnan_US	1	0.8093513121216387	0.4992581903934479
LOSFO	GopalakrishnanV_2018	standard_transductive	20260805	V2A0057	Gopalakrishnan_US	1	0.29766271405910577	0.46177011728286743
LOSFO	GopalakrishnanV_2018	standard_transductive	20260805	V2A0058	Gopalakrishnan_US	0	0.669389337731102	0.5360278487205505
LOSFO	GopalakrishnanV_2018	standard_transductive	20260805	V2A0059	Gopalakrishnan_US	1	0.7218678879468555	0.6467481255531311
LOSFO	GopalakrishnanV_2018	standard_transductive	20260805	V2A0060	Gopalakrishnan_US	1	0.5225947165336997	0.5926631689071655
LOSFO	GopalakrishnanV_2018	standard_transductive	20260805	V2A0061	Gopalakrishnan_US	1	0.30188471244917037	0.6246472001075745
LOSFO	GopalakrishnanV_2018	standard_transductive	20260805	V2A0062	Gopalakrishnan_US	1	0.6345452961061123	0.618116021156311
LOSFO	GopalakrishnanV_2018	standard_transductive	20260805	V2A0063	Gopalakrishnan_US	0	0.26921401332740474	0.6086053252220154
LOSFO	GopalakrishnanV_2018	standard_transductive	20260805	V2A0064	Gopalakrishnan_US	1	0.9106286672677499	0.7737599015235901
LOSFO	GopalakrishnanV_2018	standard_transductive	20260806	V2A0040	Gopalakrishnan_US	0	0.9109372235501985	0.6754694581031799
LOSFO	GopalakrishnanV_2018	standard_transductive	20260806	V2A0041	Gopalakrishnan_US	1	0.7651766070080527	0.666546106338501
LOSFO	GopalakrishnanV_2018	standard_transductive	20260806	V2A0042	Gopalakrishnan_US	0	0.5742394853517553	0.7436839938163757
LOSFO	GopalakrishnanV_2018	standard_transductive	20260806	V2A0043	Gopalakrishnan_US	1	0.7816087036340328	0.7151486873626709
LOSFO	GopalakrishnanV_2018	standard_transductive	20260806	V2A0044	Gopalakrishnan_US	0	0.28885928496880725	0.6555017232894897
LOSFO	GopalakrishnanV_2018	standard_transductive	20260806	V2A0045	Gopalakrishnan_US	1	0.7256278276243925	0.6030510663986206
LOSFO	GopalakrishnanV_2018	standard_transductive	20260806	V2A0046	Gopalakrishnan_US	1	0.67893588078357	0.6292799711227417
LOSFO	GopalakrishnanV_2018	standard_transductive	20260806	V2A0047	Gopalakrishnan_US	0	0.5005290101049747	0.6330486536026001
LOSFO	GopalakrishnanV_2018	standard_transductive	20260806	V2A0048	Gopalakrishnan_US	0	0.9133372903880874	0.4684047996997833
LOSFO	GopalakrishnanV_2018	standard_transductive	20260806	V2A0049	Gopalakrishnan_US	0	0.27984864258874553	0.6864699125289917
LOSFO	GopalakrishnanV_2018	standard_transductive	20260806	V2A0050	Gopalakrishnan_US	0	0.7010003551310161	0.5947765111923218
LOSFO	GopalakrishnanV_2018	standard_transductive	20260806	V2A0051	Gopalakrishnan_US	1	0.8337494696916897	0.6283758878707886
LOSFO	GopalakrishnanV_2018	standard_transductive	20260806	V2A0052	Gopalakrishnan_US	1	0.32095863955853676	0.6699888110160828
LOSFO	GopalakrishnanV_2018	standard_transductive	20260806	V2A0053	Gopalakrishnan_US	0	0.8280420817239876	0.6970399022102356
LOSFO	GopalakrishnanV_2018	standard_transductive	20260806	V2A0054	Gopalakrishnan_US	1	0.9318327858970924	0.7324265241622925
LOSFO	GopalakrishnanV_2018	standard_transductive	20260806	V2A0055	Gopalakrishnan_US	0	0.9736361428196729	0.702731192111969
LOSFO	GopalakrishnanV_2018	standard_transductive	20260806	V2A0056	Gopalakrishnan_US	1	0.8115040795159579	0.5087899565696716
LOSFO	GopalakrishnanV_2018	standard_transductive	20260806	V2A0057	Gopalakrishnan_US	1	0.29828530206652765	0.4645342528820038
LOSFO	GopalakrishnanV_2018	standard_transductive	20260806	V2A0058	Gopalakrishnan_US	0	0.6687716908714798	0.5529119968414307
LOSFO	GopalakrishnanV_2018	standard_transductive	20260806	V2A0059	Gopalakrishnan_US	1	0.7200533354005212	0.6660144329071045
LOSFO	GopalakrishnanV_2018	standard_transductive	20260806	V2A0060	Gopalakrishnan_US	1	0.5337819681474982	0.5955658555030823
LOSFO	GopalakrishnanV_2018	standard_transductive	20260806	V2A0061	Gopalakrishnan_US	1	0.2970855094108757	0.6344166994094849
LOSFO	GopalakrishnanV_2018	standard_transductive	20260806	V2A0062	Gopalakrishnan_US	1	0.6313397277942698	0.622167706489563
LOSFO	GopalakrishnanV_2018	standard_transductive	20260806	V2A0063	Gopalakrishnan_US	0	0.26335533655903226	0.6311358213424683
LOSFO	GopalakrishnanV_2018	standard_transductive	20260806	V2A0064	Gopalakrishnan_US	1	0.9089636721532843	0.7728287577629089
LOSFO	LeeKA_2022	online_adaptive	20260802	V2A0065	Lee_Barcelona	0	0.7675665673287292	0.7065586447715759
LOSFO	LeeKA_2022	online_adaptive	20260802	V2A0066	Lee_Barcelona	1	0.9372482399103711	0.7103351354598999
LOSFO	LeeKA_2022	online_adaptive	20260802	V2A0067	Lee_Barcelona	0	0.1681553281908678	0.6241186261177063
LOSFO	LeeKA_2022	online_adaptive	20260802	V2A0068	Lee_Barcelona	0	0.7983158864696743	0.6986662745475769
LOSFO	LeeKA_2022	online_adaptive	20260802	V2A0069	Lee_Barcelona	1	0.5849229429307758	0.6044466495513916
LOSFO	LeeKA_2022	online_adaptive	20260802	V2A0070	Lee_Barcelona	1	0.8936542184488279	0.6619068384170532
LOSFO	LeeKA_2022	online_adaptive	20260802	V2A0071	Lee_Barcelona	0	0.8339292148658884	0.7469648122787476
LOSFO	LeeKA_2022	online_adaptive	20260802	V2A0072	Lee_Barcelona	1	0.4479641126855034	0.6902057528495789
LOSFO	LeeKA_2022	online_adaptive	20260802	V2A0073	Lee_Barcelona	1	0.8285501013947069	0.7291345000267029
LOSFO	LeeKA_2022	online_adaptive	20260802	V2A0074	Lee_Barcelona	0	0.5683562995244219	0.7472689151763916
LOSFO	LeeKA_2022	online_adaptive	20260802	V2A0075	Lee_Barcelona	1	0.22780584042049373	0.6920679807662964
LOSFO	LeeKA_2022	online_adaptive	20260802	V2A0076	Lee_Barcelona	0	0.9798396389949467	0.7220023274421692
LOSFO	LeeKA_2022	online_adaptive	20260802	V2A0077	Lee_Leeds	1	0.7117118454757635	0.6905521154403687
LOSFO	LeeKA_2022	online_adaptive	20260802	V2A0078	Lee_Leeds	1	0.48272747007716954	0.6639745235443115
LOSFO	LeeKA_2022	online_adaptive	20260802	V2A0079	Lee_Leeds	0	0.3390134912408968	0.702126681804657
LOSFO	LeeKA_2022	online_adaptive	20260802	V2A0080	Lee_Leeds	1	0.25061897628193947	0.69660484790802
LOSFO	LeeKA_2022	online_adaptive	20260802	V2A0081	Lee_Leeds	0	0.12736268851301688	0.7391705513000488
LOSFO	LeeKA_2022	online_adaptive	20260802	V2A0082	Lee_Leeds	1	0.07067648422388183	0.6894193291664124
LOSFO	LeeKA_2022	online_adaptive	20260802	V2A0083	Lee_Leeds	0	0.7730475756989922	0.6859334111213684
LOSFO	LeeKA_2022	online_adaptive	20260802	V2A0084	Lee_Leeds	1	0.24101824200582847	0.69979327917099
LOSFO	LeeKA_2022	online_adaptive	20260802	V2A0085	Lee_Leeds	0	0.14091612120782365	0.7258996367454529
LOSFO	LeeKA_2022	online_adaptive	20260802	V2A0086	Lee_Leeds	1	0.3704614463334259	0.6857362985610962
LOSFO	LeeKA_2022	online_adaptive	20260802	V2A0087	Lee_Leeds	1	0.6110374985336445	0.7247244715690613
LOSFO	LeeKA_2022	online_adaptive	20260802	V2A0088	Lee_Leeds	0	0.2645022316367712	0.7350409626960754
LOSFO	LeeKA_2022	online_adaptive	20260802	V2A0089	Lee_Leeds	0	0.8319086455008272	0.6955252885818481
LOSFO	LeeKA_2022	online_adaptive	20260802	V2A0090	Lee_Leeds	0	0.8489001457174965	0.7079935073852539
LOSFO	LeeKA_2022	online_adaptive	20260802	V2A0091	Lee_Leeds	1	0.6543327302116367	0.6134167909622192
LOSFO	LeeKA_2022	online_adaptive	20260802	V2A0092	Lee_Leeds	1	0.25615494973963127	0.6407110691070557
LOSFO	LeeKA_2022	online_adaptive	20260802	V2A0093	Lee_Leeds	0	0.3467559864326703	0.6373640894889832
LOSFO	LeeKA_2022	online_adaptive	20260802	V2A0094	Lee_Leeds	1	0.15361304328379308	0.7069838643074036
LOSFO	LeeKA_2022	online_adaptive	20260802	V2A0095	Lee_Manchester	0	0.04736410424828239	0.6202082633972168
LOSFO	LeeKA_2022	online_adaptive	20260802	V2A0096	Lee_Manchester	1	0.2727832086962784	0.6741886138916016
LOSFO	LeeKA_2022	online_adaptive	20260802	V2A0097	Lee_Manchester	1	0.028267441576299766	0.6699947714805603
LOSFO	LeeKA_2022	online_adaptive	20260802	V2A0098	Lee_Manchester	0	0.050812232614295794	0.648740828037262
LOSFO	LeeKA_2022	online_adaptive	20260802	V2A0099	Lee_Manchester	0	0.16199874721059873	0.662278950214386
LOSFO	LeeKA_2022	online_adaptive	20260802	V2A0100	Lee_Manchester	0	0.18309645632732496	0.7069814801216125
LOSFO	LeeKA_2022	online_adaptive	20260802	V2A0101	Lee_Manchester	0	0.24917310022291167	0.732399582862854
LOSFO	LeeKA_2022	online_adaptive	20260802	V2A0102	Lee_Manchester	0	0.27604989569556304	0.6524988412857056
LOSFO	LeeKA_2022	online_adaptive	20260802	V2A0103	Lee_Manchester	1	0.515169083244229	0.7389591932296753
LOSFO	LeeKA_2022	online_adaptive	20260802	V2A0104	Lee_Manchester	1	0.01578987809210253	0.7029041647911072
LOSFO	LeeKA_2022	online_adaptive	20260802	V2A0105	Lee_Manchester	0	0.0762721318462805	0.6124499440193176
LOSFO	LeeKA_2022	online_adaptive	20260802	V2A0106	Lee_Manchester	0	0.0886333182164542	0.7511066198348999
LOSFO	LeeKA_2022	online_adaptive	20260802	V2A0107	Lee_Manchester	1	0.3526485363132412	0.7494575381278992
LOSFO	LeeKA_2022	online_adaptive	20260802	V2A0108	Lee_Manchester	0	0.22634189244821362	0.6996726393699646
LOSFO	LeeKA_2022	online_adaptive	20260802	V2A0109	Lee_Manchester	1	0.28747168836546305	0.5855370163917542
LOSFO	LeeKA_2022	online_adaptive	20260802	V2A0110	Lee_Manchester	1	0.4388031403148904	0.670154869556427
LOSFO	LeeKA_2022	online_adaptive	20260802	V2A0111	Lee_Manchester	1	0.049238657232670714	0.6025437712669373
LOSFO	LeeKA_2022	online_adaptive	20260802	V2A0112	Lee_Manchester	0	0.2483150781157999	0.7211287021636963
LOSFO	LeeKA_2022	online_adaptive	20260802	V2A0113	Lee_Manchester	1	0.050269223311049625	0.6928429007530212
LOSFO	LeeKA_2022	online_adaptive	20260802	V2A0114	Lee_Manchester	0	0.007593376436867672	0.6449664831161499
LOSFO	LeeKA_2022	online_adaptive	20260802	V2A0115	Lee_Manchester	1	0.24269897936906876	0.7195618152618408
LOSFO	LeeKA_2022	online_adaptive	20260802	V2A0116	Lee_Manchester	0	0.2801539002802356	0.7110188007354736
LOSFO	LeeKA_2022	online_adaptive	20260802	V2A0117	Lee_Manchester	1	0.041066542296950295	0.6720356941223145
LOSFO	LeeKA_2022	online_adaptive	20260802	V2A0118	Lee_Manchester	1	0.6251473682353609	0.6511516571044922
LOSFO	LeeKA_2022	online_adaptive	20260802	V2A0119	Lee_Manchester	0	0.31291577824278516	0.6832382082939148
LOSFO	LeeKA_2022	online_adaptive	20260802	V2A0120	Lee_PRIMM_NL	1	0.022401784987610106	0.7599343657493591
LOSFO	LeeKA_2022	online_adaptive	20260802	V2A0121	Lee_PRIMM_NL	1	0.07767653102712571	0.6804059743881226
LOSFO	LeeKA_2022	online_adaptive	20260802	V2A0122	Lee_PRIMM_NL	0	0.40423380309159923	0.6256668567657471
LOSFO	LeeKA_2022	online_adaptive	20260802	V2A0123	Lee_PRIMM_NL	1	0.3155701665414887	0.7615928053855896
LOSFO	LeeKA_2022	online_adaptive	20260802	V2A0124	Lee_PRIMM_NL	0	0.5386004345640353	0.7178488373756409
LOSFO	LeeKA_2022	online_adaptive	20260802	V2A0125	Lee_PRIMM_NL	0	0.2202992728164341	0.7383947372436523
LOSFO	LeeKA_2022	online_adaptive	20260802	V2A0126	Lee_PRIMM_NL	1	0.027255600376451975	0.7072159647941589
LOSFO	LeeKA_2022	online_adaptive	20260802	V2A0127	Lee_PRIMM_NL	0	0.30506306732873184	0.7112066745758057
LOSFO	LeeKA_2022	online_adaptive	20260802	V2A0128	Lee_PRIMM_NL	0	0.1285788389416575	0.5872238874435425
LOSFO	LeeKA_2022	online_adaptive	20260802	V2A0129	Lee_PRIMM_NL	1	0.26621845652372195	0.673707902431488
LOSFO	LeeKA_2022	online_adaptive	20260802	V2A0130	Lee_PRIMM_NL	0	0.16079597710167193	0.7938104867935181
LOSFO	LeeKA_2022	online_adaptive	20260802	V2A0131	Lee_PRIMM_NL	1	0.06980525290781096	0.7052409648895264
LOSFO	LeeKA_2022	online_adaptive	20260802	V2A0132	Lee_PRIMM_NL	0	0.4136711473341366	0.7685322761535645
LOSFO	LeeKA_2022	online_adaptive	20260802	V2A0133	Lee_PRIMM_NL	1	0.04698978518244757	0.6744511723518372
LOSFO	LeeKA_2022	online_adaptive	20260802	V2A0134	Lee_PRIMM_NL	1	0.17411282456803506	0.7505140900611877
LOSFO	LeeKA_2022	online_adaptive	20260802	V2A0135	Lee_PRIMM_NL	0	0.03903734091258163	0.7827374339103699
LOSFO	LeeKA_2022	online_adaptive	20260802	V2A0136	Lee_PRIMM_NL	0	0.384888218000376	0.5266640186309814
LOSFO	LeeKA_2022	online_adaptive	20260802	V2A0137	Lee_PRIMM_NL	1	0.19765407469030546	0.7002779245376587
LOSFO	LeeKA_2022	online_adaptive	20260802	V2A0138	Lee_PRIMM_NL	1	0.42980269834882234	0.6912986040115356
LOSFO	LeeKA_2022	online_adaptive	20260802	V2A0139	Lee_PRIMM_NL	1	0.04247244287719502	0.6786723136901855
LOSFO	LeeKA_2022	online_adaptive	20260802	V2A0140	Lee_PRIMM_NL	0	0.028509930665397542	0.6750155687332153
LOSFO	LeeKA_2022	online_adaptive	20260802	V2A0141	Lee_PRIMM_NL	1	0.3820858807077401	0.6691946387290955
LOSFO	LeeKA_2022	online_adaptive	20260802	V2A0142	Lee_PRIMM_NL	1	0.38283662542600105	0.696069061756134
LOSFO	LeeKA_2022	online_adaptive	20260802	V2A0143	Lee_PRIMM_NL	1	0.24782281420814176	0.766492486000061
LOSFO	LeeKA_2022	online_adaptive	20260802	V2A0144	Lee_PRIMM_NL	1	0.802421537503436	0.6980857253074646
LOSFO	LeeKA_2022	online_adaptive	20260802	V2A0145	Lee_PRIMM_NL	0	0.1392423353018243	0.6346402764320374
LOSFO	LeeKA_2022	online_adaptive	20260802	V2A0146	Lee_PRIMM_NL	0	0.9869140369220479	0.7551083564758301
LOSFO	LeeKA_2022	online_adaptive	20260802	V2A0147	Lee_PRIMM_NL	0	0.08663998990464877	0.5768763422966003
LOSFO	LeeKA_2022	online_adaptive	20260802	V2A0148	Lee_PRIMM_NL	0	0.17601449781437567	0.7174435257911682
LOSFO	LeeKA_2022	online_adaptive	20260802	V2A0149	Lee_PRIMM_NL	0	0.5945926888839889	0.6911152601242065
LOSFO	LeeKA_2022	online_adaptive	20260802	V2A0150	Lee_PRIMM_NL	1	0.6248940138758394	0.7419427633285522
LOSFO	LeeKA_2022	online_adaptive	20260802	V2A0151	Lee_PRIMM_NL	1	0.023864029536955808	0.6789650917053223
LOSFO	LeeKA_2022	online_adaptive	20260802	V2A0152	Lee_PRIMM_NL	1	0.2847226847772441	0.7082909941673279
LOSFO	LeeKA_2022	online_adaptive	20260802	V2A0153	Lee_PRIMM_NL	0	0.02187919460200308	0.6823649406433105
LOSFO	LeeKA_2022	online_adaptive	20260802	V2A0154	Lee_PRIMM_NL	1	0.8463743397384332	0.7004852294921875
LOSFO	LeeKA_2022	online_adaptive	20260802	V2A0155	Lee_PRIMM_NL	1	0.23908234746420445	0.6122124195098877
LOSFO	LeeKA_2022	online_adaptive	20260802	V2A0156	Lee_PRIMM_NL	1	0.3446354510813969	0.7237670421600342
LOSFO	LeeKA_2022	online_adaptive	20260802	V2A0157	Lee_PRIMM_NL	1	0.03093535245073378	0.6767497062683105
LOSFO	LeeKA_2022	online_adaptive	20260802	V2A0158	Lee_PRIMM_NL	0	0.09299671736930865	0.7223097085952759
LOSFO	LeeKA_2022	online_adaptive	20260802	V2A0159	Lee_PRIMM_NL	1	0.17453732371104563	0.5599546432495117
LOSFO	LeeKA_2022	online_adaptive	20260802	V2A0160	Lee_PRIMM_NL	0	0.39152032395153175	0.7152045965194702
LOSFO	LeeKA_2022	online_adaptive	20260802	V2A0161	Lee_PRIMM_NL	1	0.15464235888626043	0.7113645076751709
LOSFO	LeeKA_2022	online_adaptive	20260802	V2A0162	Lee_PRIMM_NL	1	0.19849589596260458	0.7158711552619934
LOSFO	LeeKA_2022	online_adaptive	20260802	V2A0163	Lee_PRIMM_NL	0	0.1268451080689611	0.6443208456039429
LOSFO	LeeKA_2022	online_adaptive	20260802	V2A0164	Lee_PRIMM_NL	0	0.3730763116835533	0.6935102343559265
LOSFO	LeeKA_2022	online_adaptive	20260802	V2A0165	Lee_PRIMM_NL	1	0.04407571589073294	0.67521071434021
LOSFO	LeeKA_2022	online_adaptive	20260802	V2A0166	Lee_PRIMM_NL	0	0.4026876565542308	0.7195369005203247
LOSFO	LeeKA_2022	online_adaptive	20260802	V2A0167	Lee_PRIMM_NL	0	0.3280968108698009	0.7394469380378723
LOSFO	LeeKA_2022	online_adaptive	20260802	V2A0168	Lee_PRIMM_NL	1	0.01993774805048277	0.7317742109298706
LOSFO	LeeKA_2022	online_adaptive	20260802	V2A0169	Lee_PRIMM_NL	1	0.7802125899757205	0.6562824845314026
LOSFO	LeeKA_2022	online_adaptive	20260802	V2A0170	Lee_PRIMM_NL	1	0.012552457055823859	0.7278445959091187
LOSFO	LeeKA_2022	online_adaptive	20260802	V2A0171	Lee_PRIMM_NL	1	0.03148969976069984	0.6844080090522766
LOSFO	LeeKA_2022	online_adaptive	20260802	V2A0172	Lee_PRIMM_NL	1	0.3454163117098606	0.720374584197998
LOSFO	LeeKA_2022	online_adaptive	20260802	V2A0173	Lee_PRIMM_NL	1	0.023128957040334557	0.7420144081115723
LOSFO	LeeKA_2022	online_adaptive	20260802	V2A0174	Lee_PRIMM_NL	1	0.8413634511141028	0.6159939169883728
LOSFO	LeeKA_2022	online_adaptive	20260802	V2A0175	Lee_PRIMM_UK	1	0.19493135024147396	0.7133690118789673
LOSFO	LeeKA_2022	online_adaptive	20260802	V2A0176	Lee_PRIMM_UK	1	0.2557455588446715	0.6389284729957581
LOSFO	LeeKA_2022	online_adaptive	20260802	V2A0177	Lee_PRIMM_UK	1	0.2567749533254383	0.7319229245185852
LOSFO	LeeKA_2022	online_adaptive	20260802	V2A0178	Lee_PRIMM_UK	1	0.1535622695515793	0.7110908627510071
LOSFO	LeeKA_2022	online_adaptive	20260802	V2A0179	Lee_PRIMM_UK	1	0.04787242292721394	0.7335595488548279
LOSFO	LeeKA_2022	online_adaptive	20260802	V2A0180	Lee_PRIMM_UK	1	0.35592864397790996	0.6779517531394958
LOSFO	LeeKA_2022	online_adaptive	20260802	V2A0181	Lee_PRIMM_UK	1	0.4067075808370181	0.6913214921951294
LOSFO	LeeKA_2022	online_adaptive	20260802	V2A0182	Lee_PRIMM_UK	0	0.55082891697209	0.7505632042884827
LOSFO	LeeKA_2022	online_adaptive	20260802	V2A0183	Lee_PRIMM_UK	0	0.01852890022057189	0.6735556721687317
LOSFO	LeeKA_2022	online_adaptive	20260802	V2A0184	Lee_PRIMM_UK	0	0.11638493846286083	0.7013879418373108
LOSFO	LeeKA_2022	online_adaptive	20260802	V2A0185	Lee_PRIMM_UK	1	0.4177203324810988	0.6348811388015747
LOSFO	LeeKA_2022	online_adaptive	20260802	V2A0186	Lee_PRIMM_UK	0	0.4701834004361885	0.6194731593132019
LOSFO	LeeKA_2022	online_adaptive	20260802	V2A0187	Lee_PRIMM_UK	1	0.052457702594067485	0.7401484847068787
LOSFO	LeeKA_2022	online_adaptive	20260802	V2A0188	Lee_PRIMM_UK	1	0.3054458469736765	0.711519718170166
LOSFO	LeeKA_2022	online_adaptive	20260802	V2A0189	Lee_PRIMM_UK	1	0.3419671635953963	0.7211176156997681
LOSFO	LeeKA_2022	online_adaptive	20260802	V2A0190	Lee_PRIMM_UK	1	0.4064202360682733	0.6222461462020874
LOSFO	LeeKA_2022	online_adaptive	20260802	V2A0191	Lee_PRIMM_UK	1	0.11179564125756669	0.6961777806282043
LOSFO	LeeKA_2022	online_adaptive	20260802	V2A0192	Lee_PRIMM_UK	1	0.039346595871139686	0.7103919982910156
LOSFO	LeeKA_2022	online_adaptive	20260802	V2A0193	Lee_PRIMM_UK	0	0.6658189527110295	0.6140102744102478
LOSFO	LeeKA_2022	online_adaptive	20260802	V2A0194	Lee_PRIMM_UK	1	0.745036110652306	0.7281928062438965
LOSFO	LeeKA_2022	online_adaptive	20260802	V2A0195	Lee_PRIMM_UK	0	0.3204084651318484	0.7206194400787354
LOSFO	LeeKA_2022	online_adaptive	20260802	V2A0196	Lee_PRIMM_UK	0	0.6087675833567491	0.677057683467865
LOSFO	LeeKA_2022	online_adaptive	20260802	V2A0197	Lee_PRIMM_UK	1	0.13135575653529585	0.7015986442565918
LOSFO	LeeKA_2022	online_adaptive	20260802	V2A0198	Lee_PRIMM_UK	0	0.07197148889681589	0.6834160685539246
LOSFO	LeeKA_2022	online_adaptive	20260802	V2A0199	Lee_PRIMM_UK	1	0.10346394782383225	0.6565890312194824
LOSFO	LeeKA_2022	online_adaptive	20260802	V2A0200	Lee_PRIMM_UK	1	0.2001881491021657	0.6566852927207947
LOSFO	LeeKA_2022	online_adaptive	20260802	V2A0201	Lee_PRIMM_UK	0	0.2551492316285277	0.7230755686759949
LOSFO	LeeKA_2022	online_adaptive	20260802	V2A0202	Lee_PRIMM_UK	1	0.21428698348703332	0.6394641399383545
LOSFO	LeeKA_2022	online_adaptive	20260802	V2A0203	Lee_PRIMM_UK	1	0.12836167827177303	0.7420027256011963
LOSFO	LeeKA_2022	online_adaptive	20260802	V2A0204	Lee_PRIMM_UK	1	0.08518875092612938	0.6930927038192749
LOSFO	LeeKA_2022	online_adaptive	20260802	V2A0205	Lee_PRIMM_UK	0	0.4348420348956144	0.7228171229362488
LOSFO	LeeKA_2022	online_adaptive	20260802	V2A0206	Lee_PRIMM_UK	0	0.24726307204337492	0.6325205564498901
LOSFO	LeeKA_2022	online_adaptive	20260802	V2A0207	Lee_PRIMM_UK	1	0.1981822691174854	0.7378052473068237
LOSFO	LeeKA_2022	online_adaptive	20260802	V2A0208	Lee_PRIMM_UK	1	0.17256360183296293	0.698607325553894
LOSFO	LeeKA_2022	online_adaptive	20260802	V2A0209	Lee_PRIMM_UK	1	0.4294153648381826	0.7336069941520691
LOSFO	LeeKA_2022	online_adaptive	20260802	V2A0210	Lee_PRIMM_UK	1	0.07025733827317739	0.6993615031242371
LOSFO	LeeKA_2022	online_adaptive	20260802	V2A0211	Lee_PRIMM_UK	0	0.2680760351969116	0.6897035241127014
LOSFO	LeeKA_2022	online_adaptive	20260802	V2A0212	Lee_PRIMM_UK	0	0.5119020392447577	0.6606472134590149
LOSFO	LeeKA_2022	online_adaptive	20260802	V2A0213	Lee_PRIMM_UK	1	0.017331264928315684	0.6515132784843445
LOSFO	LeeKA_2022	online_adaptive	20260802	V2A0214	Lee_PRIMM_UK	0	0.08289457241282983	0.6934630870819092
LOSFO	LeeKA_2022	online_adaptive	20260802	V2A0215	Lee_PRIMM_UK	1	0.007365224016796174	0.6423600316047668
LOSFO	LeeKA_2022	online_adaptive	20260802	V2A0216	Lee_PRIMM_UK	1	0.2334603396729174	0.7073494791984558
LOSFO	LeeKA_2022	online_adaptive	20260802	V2A0217	Lee_PRIMM_UK	1	0.2938805889919252	0.747223436832428
LOSFO	LeeKA_2022	online_adaptive	20260802	V2A0218	Lee_PRIMM_UK	0	0.07592676864773244	0.5325911045074463
LOSFO	LeeKA_2022	online_adaptive	20260802	V2A0219	Lee_PRIMM_UK	1	0.30169472857071905	0.7223708629608154
LOSFO	LeeKA_2022	online_adaptive	20260802	V2A0220	Lee_PRIMM_UK	0	0.03122039874629563	0.7187925577163696
LOSFO	LeeKA_2022	online_adaptive	20260802	V2A0221	Lee_PRIMM_UK	1	0.5922820799664397	0.6889352798461914
LOSFO	LeeKA_2022	online_adaptive	20260802	V2A0222	Lee_PRIMM_UK	1	0.04911287040841226	0.7412893176078796
LOSFO	LeeKA_2022	online_adaptive	20260802	V2A0223	Lee_PRIMM_UK	0	0.040540614726666785	0.673531711101532
LOSFO	LeeKA_2022	online_adaptive	20260802	V2A0224	Lee_PRIMM_UK	0	0.11321639411269074	0.7129300236701965
LOSFO	LeeKA_2022	online_adaptive	20260802	V2A0225	Lee_PRIMM_UK	0	0.3621818928455317	0.6662419438362122
LOSFO	LeeKA_2022	online_adaptive	20260802	V2A0226	Lee_PRIMM_UK	1	0.061973293515645095	0.7141399383544922
LOSFO	LeeKA_2022	online_adaptive	20260802	V2A0227	Lee_PRIMM_UK	0	0.032845390160510225	0.6563671231269836
LOSFO	LeeKA_2022	online_adaptive	20260802	V2A0228	Lee_PRIMM_UK	0	0.16731237304070054	0.7187889814376831
LOSFO	LeeKA_2022	online_adaptive	20260803	V2A0065	Lee_Barcelona	0	0.7705818969804201	0.7090531587600708
LOSFO	LeeKA_2022	online_adaptive	20260803	V2A0066	Lee_Barcelona	1	0.9361712570944551	0.7089102864265442
LOSFO	LeeKA_2022	online_adaptive	20260803	V2A0067	Lee_Barcelona	0	0.1728833917739652	0.629562497138977
LOSFO	LeeKA_2022	online_adaptive	20260803	V2A0068	Lee_Barcelona	0	0.7954418462051995	0.695035994052887
LOSFO	LeeKA_2022	online_adaptive	20260803	V2A0069	Lee_Barcelona	1	0.5770773805203225	0.6089755892753601
LOSFO	LeeKA_2022	online_adaptive	20260803	V2A0070	Lee_Barcelona	1	0.8928723865815613	0.6681386828422546
LOSFO	LeeKA_2022	online_adaptive	20260803	V2A0071	Lee_Barcelona	0	0.8352949663592434	0.7507396936416626
LOSFO	LeeKA_2022	online_adaptive	20260803	V2A0072	Lee_Barcelona	1	0.44680036326108175	0.692865788936615
LOSFO	LeeKA_2022	online_adaptive	20260803	V2A0073	Lee_Barcelona	1	0.8307231801823685	0.7273874282836914
LOSFO	LeeKA_2022	online_adaptive	20260803	V2A0074	Lee_Barcelona	0	0.5647960731279738	0.7456146478652954
LOSFO	LeeKA_2022	online_adaptive	20260803	V2A0075	Lee_Barcelona	1	0.23200386786125568	0.6910446286201477
LOSFO	LeeKA_2022	online_adaptive	20260803	V2A0076	Lee_Barcelona	0	0.9795146412500856	0.7230982184410095
LOSFO	LeeKA_2022	online_adaptive	20260803	V2A0077	Lee_Leeds	1	0.7106386265186653	0.700402021408081
LOSFO	LeeKA_2022	online_adaptive	20260803	V2A0078	Lee_Leeds	1	0.48859115088561617	0.6691048741340637
LOSFO	LeeKA_2022	online_adaptive	20260803	V2A0079	Lee_Leeds	0	0.340733283231372	0.7027778029441833
LOSFO	LeeKA_2022	online_adaptive	20260803	V2A0080	Lee_Leeds	1	0.2522187548413082	0.6990048885345459
LOSFO	LeeKA_2022	online_adaptive	20260803	V2A0081	Lee_Leeds	0	0.12638968300419973	0.7403387427330017
LOSFO	LeeKA_2022	online_adaptive	20260803	V2A0082	Lee_Leeds	1	0.07160817133825235	0.6902873516082764
LOSFO	LeeKA_2022	online_adaptive	20260803	V2A0083	Lee_Leeds	0	0.7707028831153993	0.6897963285446167
LOSFO	LeeKA_2022	online_adaptive	20260803	V2A0084	Lee_Leeds	1	0.24261339241491914	0.7006857395172119
LOSFO	LeeKA_2022	online_adaptive	20260803	V2A0085	Lee_Leeds	0	0.14214777184987534	0.7282235026359558
LOSFO	LeeKA_2022	online_adaptive	20260803	V2A0086	Lee_Leeds	1	0.3728072040652471	0.6878877282142639
LOSFO	LeeKA_2022	online_adaptive	20260803	V2A0087	Lee_Leeds	1	0.617730024135986	0.7250224947929382
LOSFO	LeeKA_2022	online_adaptive	20260803	V2A0088	Lee_Leeds	0	0.26202026482265595	0.7373471260070801
LOSFO	LeeKA_2022	online_adaptive	20260803	V2A0089	Lee_Leeds	0	0.8274385986074868	0.6990981101989746
LOSFO	LeeKA_2022	online_adaptive	20260803	V2A0090	Lee_Leeds	0	0.847108481312866	0.7094213366508484
LOSFO	LeeKA_2022	online_adaptive	20260803	V2A0091	Lee_Leeds	1	0.6557981142683912	0.6178507804870605
LOSFO	LeeKA_2022	online_adaptive	20260803	V2A0092	Lee_Leeds	1	0.25281169370694934	0.6363791227340698
LOSFO	LeeKA_2022	online_adaptive	20260803	V2A0093	Lee_Leeds	0	0.35426042502536864	0.640563428401947
LOSFO	LeeKA_2022	online_adaptive	20260803	V2A0094	Lee_Leeds	1	0.155296509938069	0.7100842595100403
LOSFO	LeeKA_2022	online_adaptive	20260803	V2A0095	Lee_Manchester	0	0.04704695536541408	0.6135504841804504
LOSFO	LeeKA_2022	online_adaptive	20260803	V2A0096	Lee_Manchester	1	0.27995216923929406	0.6812710762023926
LOSFO	LeeKA_2022	online_adaptive	20260803	V2A0097	Lee_Manchester	1	0.028494365880203192	0.679467499256134
LOSFO	LeeKA_2022	online_adaptive	20260803	V2A0098	Lee_Manchester	0	0.049995237189131736	0.6574575901031494
LOSFO	LeeKA_2022	online_adaptive	20260803	V2A0099	Lee_Manchester	0	0.1584563058853558	0.6595668792724609
LOSFO	LeeKA_2022	online_adaptive	20260803	V2A0100	Lee_Manchester	0	0.18164336049098245	0.7091947197914124
LOSFO	LeeKA_2022	online_adaptive	20260803	V2A0101	Lee_Manchester	0	0.2417165623187383	0.7301081418991089
LOSFO	LeeKA_2022	online_adaptive	20260803	V2A0102	Lee_Manchester	0	0.27464614964216827	0.6516806483268738
LOSFO	LeeKA_2022	online_adaptive	20260803	V2A0103	Lee_Manchester	1	0.516174345735488	0.7383812665939331
LOSFO	LeeKA_2022	online_adaptive	20260803	V2A0104	Lee_Manchester	1	0.015623641957334768	0.7014649510383606
LOSFO	LeeKA_2022	online_adaptive	20260803	V2A0105	Lee_Manchester	0	0.07640978247683218	0.6145547032356262
LOSFO	LeeKA_2022	online_adaptive	20260803	V2A0106	Lee_Manchester	0	0.08656038072096496	0.7473068833351135
LOSFO	LeeKA_2022	online_adaptive	20260803	V2A0107	Lee_Manchester	1	0.3539127633584556	0.7541713714599609
LOSFO	LeeKA_2022	online_adaptive	20260803	V2A0108	Lee_Manchester	0	0.22311538079024038	0.6997868418693542
LOSFO	LeeKA_2022	online_adaptive	20260803	V2A0109	Lee_Manchester	1	0.2921693308243287	0.5784175395965576
LOSFO	LeeKA_2022	online_adaptive	20260803	V2A0110	Lee_Manchester	1	0.44008621857541524	0.6739648580551147
LOSFO	LeeKA_2022	online_adaptive	20260803	V2A0111	Lee_Manchester	1	0.04894395996668155	0.6074466705322266
LOSFO	LeeKA_2022	online_adaptive	20260803	V2A0112	Lee_Manchester	0	0.2497883877838844	0.7248632311820984
LOSFO	LeeKA_2022	online_adaptive	20260803	V2A0113	Lee_Manchester	1	0.0503896602636146	0.6992236375808716
LOSFO	LeeKA_2022	online_adaptive	20260803	V2A0114	Lee_Manchester	0	0.00802494614542304	0.6457017064094543
LOSFO	LeeKA_2022	online_adaptive	20260803	V2A0115	Lee_Manchester	1	0.24496893498564287	0.7172113060951233
LOSFO	LeeKA_2022	online_adaptive	20260803	V2A0116	Lee_Manchester	0	0.2814762830030378	0.7170273065567017
LOSFO	LeeKA_2022	online_adaptive	20260803	V2A0117	Lee_Manchester	1	0.041311355179522495	0.6814884543418884
LOSFO	LeeKA_2022	online_adaptive	20260803	V2A0118	Lee_Manchester	1	0.6190254379209705	0.6562554836273193
LOSFO	LeeKA_2022	online_adaptive	20260803	V2A0119	Lee_Manchester	0	0.31604563061324015	0.687393307685852
LOSFO	LeeKA_2022	online_adaptive	20260803	V2A0120	Lee_PRIMM_NL	1	0.02238988764482776	0.7658743262290955
LOSFO	LeeKA_2022	online_adaptive	20260803	V2A0121	Lee_PRIMM_NL	1	0.0762269426421786	0.6838518381118774
LOSFO	LeeKA_2022	online_adaptive	20260803	V2A0122	Lee_PRIMM_NL	0	0.39289358068172076	0.629256546497345
LOSFO	LeeKA_2022	online_adaptive	20260803	V2A0123	Lee_PRIMM_NL	1	0.3124816533047481	0.761437177658081
LOSFO	LeeKA_2022	online_adaptive	20260803	V2A0124	Lee_PRIMM_NL	0	0.5411550925365474	0.720088005065918
LOSFO	LeeKA_2022	online_adaptive	20260803	V2A0125	Lee_PRIMM_NL	0	0.21925605512925184	0.732689619064331
LOSFO	LeeKA_2022	online_adaptive	20260803	V2A0126	Lee_PRIMM_NL	1	0.027478380736856794	0.7151960730552673
LOSFO	LeeKA_2022	online_adaptive	20260803	V2A0127	Lee_PRIMM_NL	0	0.3003646605675723	0.7187894582748413
LOSFO	LeeKA_2022	online_adaptive	20260803	V2A0128	Lee_PRIMM_NL	0	0.1289348252353423	0.5885410308837891
LOSFO	LeeKA_2022	online_adaptive	20260803	V2A0129	Lee_PRIMM_NL	1	0.266797214348309	0.6822289228439331
LOSFO	LeeKA_2022	online_adaptive	20260803	V2A0130	Lee_PRIMM_NL	0	0.15756145269480162	0.8047016859054565
LOSFO	LeeKA_2022	online_adaptive	20260803	V2A0131	Lee_PRIMM_NL	1	0.0689959465282531	0.7033007144927979
LOSFO	LeeKA_2022	online_adaptive	20260803	V2A0132	Lee_PRIMM_NL	0	0.40546160097620715	0.7664796113967896
LOSFO	LeeKA_2022	online_adaptive	20260803	V2A0133	Lee_PRIMM_NL	1	0.04627381092610811	0.6776483654975891
LOSFO	LeeKA_2022	online_adaptive	20260803	V2A0134	Lee_PRIMM_NL	1	0.1730410928380624	0.7532141208648682
LOSFO	LeeKA_2022	online_adaptive	20260803	V2A0135	Lee_PRIMM_NL	0	0.03887693915144188	0.7847660183906555
LOSFO	LeeKA_2022	online_adaptive	20260803	V2A0136	Lee_PRIMM_NL	0	0.3769244596466316	0.5100428462028503
LOSFO	LeeKA_2022	online_adaptive	20260803	V2A0137	Lee_PRIMM_NL	1	0.1995782829118615	0.706759512424469
LOSFO	LeeKA_2022	online_adaptive	20260803	V2A0138	Lee_PRIMM_NL	1	0.43829991383261613	0.7012460231781006
LOSFO	LeeKA_2022	online_adaptive	20260803	V2A0139	Lee_PRIMM_NL	1	0.04264719766853862	0.6861822605133057
LOSFO	LeeKA_2022	online_adaptive	20260803	V2A0140	Lee_PRIMM_NL	0	0.028799772257186836	0.686930775642395
LOSFO	LeeKA_2022	online_adaptive	20260803	V2A0141	Lee_PRIMM_NL	1	0.38205022453136195	0.6713086366653442
LOSFO	LeeKA_2022	online_adaptive	20260803	V2A0142	Lee_PRIMM_NL	1	0.3824286258229447	0.7051607966423035
LOSFO	LeeKA_2022	online_adaptive	20260803	V2A0143	Lee_PRIMM_NL	1	0.2477466019528695	0.7625874876976013
LOSFO	LeeKA_2022	online_adaptive	20260803	V2A0144	Lee_PRIMM_NL	1	0.8039167009146705	0.7076199650764465
LOSFO	LeeKA_2022	online_adaptive	20260803	V2A0145	Lee_PRIMM_NL	0	0.13626625955568117	0.6340672373771667
LOSFO	LeeKA_2022	online_adaptive	20260803	V2A0146	Lee_PRIMM_NL	0	0.9866216295768014	0.7579233646392822
LOSFO	LeeKA_2022	online_adaptive	20260803	V2A0147	Lee_PRIMM_NL	0	0.08634814293987289	0.5790984630584717
LOSFO	LeeKA_2022	online_adaptive	20260803	V2A0148	Lee_PRIMM_NL	0	0.17741284531636012	0.717726469039917
LOSFO	LeeKA_2022	online_adaptive	20260803	V2A0149	Lee_PRIMM_NL	0	0.5885138589036765	0.6922982931137085
LOSFO	LeeKA_2022	online_adaptive	20260803	V2A0150	Lee_PRIMM_NL	1	0.6245050511396368	0.7437957525253296
LOSFO	LeeKA_2022	online_adaptive	20260803	V2A0151	Lee_PRIMM_NL	1	0.024462203870952277	0.6897495985031128
LOSFO	LeeKA_2022	online_adaptive	20260803	V2A0152	Lee_PRIMM_NL	1	0.2805152531717351	0.7078741192817688
LOSFO	LeeKA_2022	online_adaptive	20260803	V2A0153	Lee_PRIMM_NL	0	0.022267478597082408	0.6826398372650146
LOSFO	LeeKA_2022	online_adaptive	20260803	V2A0154	Lee_PRIMM_NL	1	0.844283810985708	0.7002571225166321
LOSFO	LeeKA_2022	online_adaptive	20260803	V2A0155	Lee_PRIMM_NL	1	0.24122212748292102	0.6175345182418823
LOSFO	LeeKA_2022	online_adaptive	20260803	V2A0156	Lee_PRIMM_NL	1	0.33658701603398494	0.7308555245399475
LOSFO	LeeKA_2022	online_adaptive	20260803	V2A0157	Lee_PRIMM_NL	1	0.030786652259270676	0.6750819683074951
LOSFO	LeeKA_2022	online_adaptive	20260803	V2A0158	Lee_PRIMM_NL	0	0.09358231670133167	0.7262508273124695
LOSFO	LeeKA_2022	online_adaptive	20260803	V2A0159	Lee_PRIMM_NL	1	0.17867670806255923	0.5583845973014832
LOSFO	LeeKA_2022	online_adaptive	20260803	V2A0160	Lee_PRIMM_NL	0	0.3926133013868132	0.7217472195625305
LOSFO	LeeKA_2022	online_adaptive	20260803	V2A0161	Lee_PRIMM_NL	1	0.1558326037071138	0.7122716903686523
LOSFO	LeeKA_2022	online_adaptive	20260803	V2A0162	Lee_PRIMM_NL	1	0.1963668282091138	0.7255094051361084
LOSFO	LeeKA_2022	online_adaptive	20260803	V2A0163	Lee_PRIMM_NL	0	0.12682911910436662	0.660632312297821
LOSFO	LeeKA_2022	online_adaptive	20260803	V2A0164	Lee_PRIMM_NL	0	0.37101366016085724	0.6938363909721375
LOSFO	LeeKA_2022	online_adaptive	20260803	V2A0165	Lee_PRIMM_NL	1	0.04428842891118461	0.6797557473182678
LOSFO	LeeKA_2022	online_adaptive	20260803	V2A0166	Lee_PRIMM_NL	0	0.411819298870948	0.7231855392456055
LOSFO	LeeKA_2022	online_adaptive	20260803	V2A0167	Lee_PRIMM_NL	0	0.32823786720674913	0.7355296015739441
LOSFO	LeeKA_2022	online_adaptive	20260803	V2A0168	Lee_PRIMM_NL	1	0.019781896384577072	0.7334595918655396
LOSFO	LeeKA_2022	online_adaptive	20260803	V2A0169	Lee_PRIMM_NL	1	0.771205834702722	0.6569817662239075
LOSFO	LeeKA_2022	online_adaptive	20260803	V2A0170	Lee_PRIMM_NL	1	0.012840457864270289	0.7366796135902405
LOSFO	LeeKA_2022	online_adaptive	20260803	V2A0171	Lee_PRIMM_NL	1	0.0323795652113379	0.6868287920951843
LOSFO	LeeKA_2022	online_adaptive	20260803	V2A0172	Lee_PRIMM_NL	1	0.34772086973024824	0.7202898263931274
LOSFO	LeeKA_2022	online_adaptive	20260803	V2A0173	Lee_PRIMM_NL	1	0.02332065830189445	0.7494827508926392
LOSFO	LeeKA_2022	online_adaptive	20260803	V2A0174	Lee_PRIMM_NL	1	0.8430229176045877	0.6195164322853088
LOSFO	LeeKA_2022	online_adaptive	20260803	V2A0175	Lee_PRIMM_UK	1	0.1949398436423089	0.7148488759994507
LOSFO	LeeKA_2022	online_adaptive	20260803	V2A0176	Lee_PRIMM_UK	1	0.257960590609683	0.6424134969711304
LOSFO	LeeKA_2022	online_adaptive	20260803	V2A0177	Lee_PRIMM_UK	1	0.2606379924592612	0.7302802205085754
LOSFO	LeeKA_2022	online_adaptive	20260803	V2A0178	Lee_PRIMM_UK	1	0.1546836820642541	0.7118239402770996
LOSFO	LeeKA_2022	online_adaptive	20260803	V2A0179	Lee_PRIMM_UK	1	0.04826599569538323	0.7368723154067993
LOSFO	LeeKA_2022	online_adaptive	20260803	V2A0180	Lee_PRIMM_UK	1	0.3652345286849614	0.6837774515151978
LOSFO	LeeKA_2022	online_adaptive	20260803	V2A0181	Lee_PRIMM_UK	1	0.41548551576640536	0.7010427117347717
LOSFO	LeeKA_2022	online_adaptive	20260803	V2A0182	Lee_PRIMM_UK	0	0.5476923407543328	0.7538487315177917
LOSFO	LeeKA_2022	online_adaptive	20260803	V2A0183	Lee_PRIMM_UK	0	0.019003697048783172	0.6724846959114075
LOSFO	LeeKA_2022	online_adaptive	20260803	V2A0184	Lee_PRIMM_UK	0	0.11287570014004648	0.7007059454917908
LOSFO	LeeKA_2022	online_adaptive	20260803	V2A0185	Lee_PRIMM_UK	1	0.4158905622536263	0.6468346118927002
LOSFO	LeeKA_2022	online_adaptive	20260803	V2A0186	Lee_PRIMM_UK	0	0.46951639050972416	0.6232758164405823
LOSFO	LeeKA_2022	online_adaptive	20260803	V2A0187	Lee_PRIMM_UK	1	0.05419573844980694	0.7455092668533325
LOSFO	LeeKA_2022	online_adaptive	20260803	V2A0188	Lee_PRIMM_UK	1	0.3074166314592211	0.7131403684616089
LOSFO	LeeKA_2022	online_adaptive	20260803	V2A0189	Lee_PRIMM_UK	1	0.34541821789316884	0.7260329127311707
LOSFO	LeeKA_2022	online_adaptive	20260803	V2A0190	Lee_PRIMM_UK	1	0.4077019095726082	0.6306888461112976
LOSFO	LeeKA_2022	online_adaptive	20260803	V2A0191	Lee_PRIMM_UK	1	0.1148436486365288	0.7024793028831482
LOSFO	LeeKA_2022	online_adaptive	20260803	V2A0192	Lee_PRIMM_UK	1	0.039487520665889876	0.7132700681686401
LOSFO	LeeKA_2022	online_adaptive	20260803	V2A0193	Lee_PRIMM_UK	0	0.6599860625352596	0.6086241602897644
LOSFO	LeeKA_2022	online_adaptive	20260803	V2A0194	Lee_PRIMM_UK	1	0.7419263732811525	0.7357182502746582
LOSFO	LeeKA_2022	online_adaptive	20260803	V2A0195	Lee_PRIMM_UK	0	0.31978505484788355	0.721896767616272
LOSFO	LeeKA_2022	online_adaptive	20260803	V2A0196	Lee_PRIMM_UK	0	0.6052492415199252	0.6808330416679382
LOSFO	LeeKA_2022	online_adaptive	20260803	V2A0197	Lee_PRIMM_UK	1	0.1310330899627478	0.7068271040916443
LOSFO	LeeKA_2022	online_adaptive	20260803	V2A0198	Lee_PRIMM_UK	0	0.07426609790635302	0.6817724704742432
LOSFO	LeeKA_2022	online_adaptive	20260803	V2A0199	Lee_PRIMM_UK	1	0.10392491305063882	0.6542490124702454
LOSFO	LeeKA_2022	online_adaptive	20260803	V2A0200	Lee_PRIMM_UK	1	0.20115979115177987	0.663158655166626
LOSFO	LeeKA_2022	online_adaptive	20260803	V2A0201	Lee_PRIMM_UK	0	0.261715826297474	0.7270928025245667
LOSFO	LeeKA_2022	online_adaptive	20260803	V2A0202	Lee_PRIMM_UK	1	0.21303965883875908	0.6429156064987183
LOSFO	LeeKA_2022	online_adaptive	20260803	V2A0203	Lee_PRIMM_UK	1	0.12831784275360578	0.7427552938461304
LOSFO	LeeKA_2022	online_adaptive	20260803	V2A0204	Lee_PRIMM_UK	1	0.08690854155453158	0.6998000144958496
LOSFO	LeeKA_2022	online_adaptive	20260803	V2A0205	Lee_PRIMM_UK	0	0.43988462419943963	0.7230077981948853
LOSFO	LeeKA_2022	online_adaptive	20260803	V2A0206	Lee_PRIMM_UK	0	0.24526400166699439	0.6398098468780518
LOSFO	LeeKA_2022	online_adaptive	20260803	V2A0207	Lee_PRIMM_UK	1	0.2063464268174111	0.738294243812561
LOSFO	LeeKA_2022	online_adaptive	20260803	V2A0208	Lee_PRIMM_UK	1	0.17157525273357804	0.7082068920135498
LOSFO	LeeKA_2022	online_adaptive	20260803	V2A0209	Lee_PRIMM_UK	1	0.43242715152941125	0.7418577671051025
LOSFO	LeeKA_2022	online_adaptive	20260803	V2A0210	Lee_PRIMM_UK	1	0.06953873980176334	0.69967120885849
LOSFO	LeeKA_2022	online_adaptive	20260803	V2A0211	Lee_PRIMM_UK	0	0.27268920735035046	0.6933916807174683
LOSFO	LeeKA_2022	online_adaptive	20260803	V2A0212	Lee_PRIMM_UK	0	0.5145849874518992	0.6629364490509033
LOSFO	LeeKA_2022	online_adaptive	20260803	V2A0213	Lee_PRIMM_UK	1	0.01690140303663277	0.6437182426452637
LOSFO	LeeKA_2022	online_adaptive	20260803	V2A0214	Lee_PRIMM_UK	0	0.08345065622708661	0.6980281472206116
LOSFO	LeeKA_2022	online_adaptive	20260803	V2A0215	Lee_PRIMM_UK	1	0.007395974186807245	0.6470122933387756
LOSFO	LeeKA_2022	online_adaptive	20260803	V2A0216	Lee_PRIMM_UK	1	0.23249493257709558	0.7098960280418396
LOSFO	LeeKA_2022	online_adaptive	20260803	V2A0217	Lee_PRIMM_UK	1	0.2937046257614002	0.745989978313446
LOSFO	LeeKA_2022	online_adaptive	20260803	V2A0218	Lee_PRIMM_UK	0	0.07464274077684618	0.5305377840995789
LOSFO	LeeKA_2022	online_adaptive	20260803	V2A0219	Lee_PRIMM_UK	1	0.3009408168776933	0.7263385057449341
LOSFO	LeeKA_2022	online_adaptive	20260803	V2A0220	Lee_PRIMM_UK	0	0.03147632928386975	0.7208725810050964
LOSFO	LeeKA_2022	online_adaptive	20260803	V2A0221	Lee_PRIMM_UK	1	0.5966124153589565	0.6884782910346985
LOSFO	LeeKA_2022	online_adaptive	20260803	V2A0222	Lee_PRIMM_UK	1	0.048958969732457516	0.7415292859077454
LOSFO	LeeKA_2022	online_adaptive	20260803	V2A0223	Lee_PRIMM_UK	0	0.04091591652035545	0.6854236721992493
LOSFO	LeeKA_2022	online_adaptive	20260803	V2A0224	Lee_PRIMM_UK	0	0.11390445561883167	0.710850179195404
LOSFO	LeeKA_2022	online_adaptive	20260803	V2A0225	Lee_PRIMM_UK	0	0.36472252921807513	0.6746054887771606
LOSFO	LeeKA_2022	online_adaptive	20260803	V2A0226	Lee_PRIMM_UK	1	0.06259742597378302	0.7146194577217102
LOSFO	LeeKA_2022	online_adaptive	20260803	V2A0227	Lee_PRIMM_UK	0	0.032562307063245824	0.6577966213226318
LOSFO	LeeKA_2022	online_adaptive	20260803	V2A0228	Lee_PRIMM_UK	0	0.1640738429917683	0.7206050157546997
LOSFO	LeeKA_2022	online_adaptive	20260804	V2A0065	Lee_Barcelona	0	0.7781816913405409	0.6881796717643738
LOSFO	LeeKA_2022	online_adaptive	20260804	V2A0066	Lee_Barcelona	1	0.9367096313885854	0.6947722434997559
LOSFO	LeeKA_2022	online_adaptive	20260804	V2A0067	Lee_Barcelona	0	0.169115457349446	0.6021851897239685
LOSFO	LeeKA_2022	online_adaptive	20260804	V2A0068	Lee_Barcelona	0	0.803080361393508	0.6799106001853943
LOSFO	LeeKA_2022	online_adaptive	20260804	V2A0069	Lee_Barcelona	1	0.5759109745713062	0.5794212222099304
LOSFO	LeeKA_2022	online_adaptive	20260804	V2A0070	Lee_Barcelona	1	0.8919742747513242	0.644936203956604
LOSFO	LeeKA_2022	online_adaptive	20260804	V2A0071	Lee_Barcelona	0	0.8371424341522158	0.7298626899719238
LOSFO	LeeKA_2022	online_adaptive	20260804	V2A0072	Lee_Barcelona	1	0.44078075420112284	0.6712507605552673
LOSFO	LeeKA_2022	online_adaptive	20260804	V2A0073	Lee_Barcelona	1	0.8273282948003406	0.7107329368591309
LOSFO	LeeKA_2022	online_adaptive	20260804	V2A0074	Lee_Barcelona	0	0.5753493078178423	0.7305963635444641
LOSFO	LeeKA_2022	online_adaptive	20260804	V2A0075	Lee_Barcelona	1	0.22704038080468045	0.6730167269706726
LOSFO	LeeKA_2022	online_adaptive	20260804	V2A0076	Lee_Barcelona	0	0.9800141994663116	0.7020643353462219
LOSFO	LeeKA_2022	online_adaptive	20260804	V2A0077	Lee_Leeds	1	0.7174022678707891	0.6698665022850037
LOSFO	LeeKA_2022	online_adaptive	20260804	V2A0078	Lee_Leeds	1	0.4918063776853871	0.6450968384742737
LOSFO	LeeKA_2022	online_adaptive	20260804	V2A0079	Lee_Leeds	0	0.3346504640087846	0.6807284355163574
LOSFO	LeeKA_2022	online_adaptive	20260804	V2A0080	Lee_Leeds	1	0.25450841645020594	0.6794779300689697
LOSFO	LeeKA_2022	online_adaptive	20260804	V2A0081	Lee_Leeds	0	0.13018003848992796	0.7210285067558289
LOSFO	LeeKA_2022	online_adaptive	20260804	V2A0082	Lee_Leeds	1	0.07137904261045423	0.6716541647911072
LOSFO	LeeKA_2022	online_adaptive	20260804	V2A0083	Lee_Leeds	0	0.7735619522289452	0.6669711470603943
LOSFO	LeeKA_2022	online_adaptive	20260804	V2A0084	Lee_Leeds	1	0.23803556703808335	0.6794729828834534
LOSFO	LeeKA_2022	online_adaptive	20260804	V2A0085	Lee_Leeds	0	0.14758256653977525	0.7058709263801575
LOSFO	LeeKA_2022	online_adaptive	20260804	V2A0086	Lee_Leeds	1	0.36706916086179275	0.6628499031066895
LOSFO	LeeKA_2022	online_adaptive	20260804	V2A0087	Lee_Leeds	1	0.6148531750625736	0.7053343057632446
LOSFO	LeeKA_2022	online_adaptive	20260804	V2A0088	Lee_Leeds	0	0.26277808720058127	0.7172626852989197
LOSFO	LeeKA_2022	online_adaptive	20260804	V2A0089	Lee_Leeds	0	0.830657288314353	0.6734887361526489
LOSFO	LeeKA_2022	online_adaptive	20260804	V2A0090	Lee_Leeds	0	0.8493086709395551	0.6862662434577942
LOSFO	LeeKA_2022	online_adaptive	20260804	V2A0091	Lee_Leeds	1	0.662843073429798	0.5903483629226685
LOSFO	LeeKA_2022	online_adaptive	20260804	V2A0092	Lee_Leeds	1	0.2534842790137453	0.6098220348358154
LOSFO	LeeKA_2022	online_adaptive	20260804	V2A0093	Lee_Leeds	0	0.35449690056412764	0.6159940361976624
LOSFO	LeeKA_2022	online_adaptive	20260804	V2A0094	Lee_Leeds	1	0.15634887009403817	0.6919612884521484
LOSFO	LeeKA_2022	online_adaptive	20260804	V2A0095	Lee_Manchester	0	0.04694762096048759	0.5911611914634705
LOSFO	LeeKA_2022	online_adaptive	20260804	V2A0096	Lee_Manchester	1	0.2770234920898451	0.6530308723449707
LOSFO	LeeKA_2022	online_adaptive	20260804	V2A0097	Lee_Manchester	1	0.02802347546589311	0.6434553861618042
LOSFO	LeeKA_2022	online_adaptive	20260804	V2A0098	Lee_Manchester	0	0.0511509569576989	0.6290309429168701
LOSFO	LeeKA_2022	online_adaptive	20260804	V2A0099	Lee_Manchester	0	0.1610048063097045	0.6356111764907837
LOSFO	LeeKA_2022	online_adaptive	20260804	V2A0100	Lee_Manchester	0	0.17788175441303278	0.6937689781188965
LOSFO	LeeKA_2022	online_adaptive	20260804	V2A0101	Lee_Manchester	0	0.2452038747934971	0.7128631472587585
LOSFO	LeeKA_2022	online_adaptive	20260804	V2A0102	Lee_Manchester	0	0.27480729758034494	0.6282681226730347
LOSFO	LeeKA_2022	online_adaptive	20260804	V2A0103	Lee_Manchester	1	0.5102312783331707	0.7214965224266052
LOSFO	LeeKA_2022	online_adaptive	20260804	V2A0104	Lee_Manchester	1	0.015289170372230411	0.6838362216949463
LOSFO	LeeKA_2022	online_adaptive	20260804	V2A0105	Lee_Manchester	0	0.07509702678931811	0.5937857031822205
LOSFO	LeeKA_2022	online_adaptive	20260804	V2A0106	Lee_Manchester	0	0.08755928637108074	0.7342351675033569
LOSFO	LeeKA_2022	online_adaptive	20260804	V2A0107	Lee_Manchester	1	0.3487185813417823	0.7373546361923218
LOSFO	LeeKA_2022	online_adaptive	20260804	V2A0108	Lee_Manchester	0	0.22769181269225622	0.681281566619873
LOSFO	LeeKA_2022	online_adaptive	20260804	V2A0109	Lee_Manchester	1	0.28960370438516725	0.5549763441085815
LOSFO	LeeKA_2022	online_adaptive	20260804	V2A0110	Lee_Manchester	1	0.4328139521371978	0.6461567282676697
LOSFO	LeeKA_2022	online_adaptive	20260804	V2A0111	Lee_Manchester	1	0.04897647673462426	0.5767055749893188
LOSFO	LeeKA_2022	online_adaptive	20260804	V2A0112	Lee_Manchester	0	0.24477004948259906	0.7041081190109253
LOSFO	LeeKA_2022	online_adaptive	20260804	V2A0113	Lee_Manchester	1	0.05038936524945528	0.6759294271469116
LOSFO	LeeKA_2022	online_adaptive	20260804	V2A0114	Lee_Manchester	0	0.007661103901870675	0.6219764351844788
LOSFO	LeeKA_2022	online_adaptive	20260804	V2A0115	Lee_Manchester	1	0.24234420442573773	0.7055060267448425
LOSFO	LeeKA_2022	online_adaptive	20260804	V2A0116	Lee_Manchester	0	0.27832808684691623	0.6918188333511353
LOSFO	LeeKA_2022	online_adaptive	20260804	V2A0117	Lee_Manchester	1	0.0405565367518842	0.6504083871841431
LOSFO	LeeKA_2022	online_adaptive	20260804	V2A0118	Lee_Manchester	1	0.6171511557975267	0.6277051568031311
LOSFO	LeeKA_2022	online_adaptive	20260804	V2A0119	Lee_Manchester	0	0.3170823219648738	0.6653233170509338
LOSFO	LeeKA_2022	online_adaptive	20260804	V2A0120	Lee_PRIMM_NL	1	0.02203942165526762	0.7478018403053284
LOSFO	LeeKA_2022	online_adaptive	20260804	V2A0121	Lee_PRIMM_NL	1	0.07554296705270167	0.655175507068634
LOSFO	LeeKA_2022	online_adaptive	20260804	V2A0122	Lee_PRIMM_NL	0	0.3983329292579417	0.5913804769515991
LOSFO	LeeKA_2022	online_adaptive	20260804	V2A0123	Lee_PRIMM_NL	1	0.307967515278624	0.7485418915748596
LOSFO	LeeKA_2022	online_adaptive	20260804	V2A0124	Lee_PRIMM_NL	0	0.5325408116859373	0.6971539258956909
LOSFO	LeeKA_2022	online_adaptive	20260804	V2A0125	Lee_PRIMM_NL	0	0.21863029467860787	0.7174790501594543
LOSFO	LeeKA_2022	online_adaptive	20260804	V2A0126	Lee_PRIMM_NL	1	0.026411784106865167	0.688746452331543
LOSFO	LeeKA_2022	online_adaptive	20260804	V2A0127	Lee_PRIMM_NL	0	0.3005841501491679	0.6872971653938293
LOSFO	LeeKA_2022	online_adaptive	20260804	V2A0128	Lee_PRIMM_NL	0	0.1266344145074738	0.5510762929916382
LOSFO	LeeKA_2022	online_adaptive	20260804	V2A0129	Lee_PRIMM_NL	1	0.2616907717149168	0.6533299088478088
LOSFO	LeeKA_2022	online_adaptive	20260804	V2A0130	Lee_PRIMM_NL	0	0.16018201980785102	0.7819116115570068
LOSFO	LeeKA_2022	online_adaptive	20260804	V2A0131	Lee_PRIMM_NL	1	0.06919889967067747	0.6877056956291199
LOSFO	LeeKA_2022	online_adaptive	20260804	V2A0132	Lee_PRIMM_NL	0	0.4093567483945002	0.752775251865387
LOSFO	LeeKA_2022	online_adaptive	20260804	V2A0133	Lee_PRIMM_NL	1	0.04771967163146629	0.6590566039085388
LOSFO	LeeKA_2022	online_adaptive	20260804	V2A0134	Lee_PRIMM_NL	1	0.16918870678871806	0.735358715057373
LOSFO	LeeKA_2022	online_adaptive	20260804	V2A0135	Lee_PRIMM_NL	0	0.038150687672182264	0.7717958092689514
LOSFO	LeeKA_2022	online_adaptive	20260804	V2A0136	Lee_PRIMM_NL	0	0.38712736014218746	0.489902526140213
LOSFO	LeeKA_2022	online_adaptive	20260804	V2A0137	Lee_PRIMM_NL	1	0.20010276414841213	0.6722878813743591
LOSFO	LeeKA_2022	online_adaptive	20260804	V2A0138	Lee_PRIMM_NL	1	0.4333458955260327	0.6635503172874451
LOSFO	LeeKA_2022	online_adaptive	20260804	V2A0139	Lee_PRIMM_NL	1	0.04067577740976335	0.6597664952278137
LOSFO	LeeKA_2022	online_adaptive	20260804	V2A0140	Lee_PRIMM_NL	0	0.02823329338104362	0.6588430404663086
LOSFO	LeeKA_2022	online_adaptive	20260804	V2A0141	Lee_PRIMM_NL	1	0.3794684239524576	0.6474183797836304
LOSFO	LeeKA_2022	online_adaptive	20260804	V2A0142	Lee_PRIMM_NL	1	0.38251783313120236	0.6773397922515869
LOSFO	LeeKA_2022	online_adaptive	20260804	V2A0143	Lee_PRIMM_NL	1	0.24738851184774252	0.7482414245605469
LOSFO	LeeKA_2022	online_adaptive	20260804	V2A0144	Lee_PRIMM_NL	1	0.7995953572085288	0.6767849922180176
LOSFO	LeeKA_2022	online_adaptive	20260804	V2A0145	Lee_PRIMM_NL	0	0.14156677326125822	0.6194984912872314
LOSFO	LeeKA_2022	online_adaptive	20260804	V2A0146	Lee_PRIMM_NL	0	0.9867645379345302	0.7389959096908569
LOSFO	LeeKA_2022	online_adaptive	20260804	V2A0147	Lee_PRIMM_NL	0	0.08337050437779343	0.5490599274635315
LOSFO	LeeKA_2022	online_adaptive	20260804	V2A0148	Lee_PRIMM_NL	0	0.1749291820373856	0.6958197951316833
LOSFO	LeeKA_2022	online_adaptive	20260804	V2A0149	Lee_PRIMM_NL	0	0.5894916816998323	0.6691663265228271
LOSFO	LeeKA_2022	online_adaptive	20260804	V2A0150	Lee_PRIMM_NL	1	0.616904492060701	0.730538010597229
LOSFO	LeeKA_2022	online_adaptive	20260804	V2A0151	Lee_PRIMM_NL	1	0.023351466216755858	0.650440514087677
LOSFO	LeeKA_2022	online_adaptive	20260804	V2A0152	Lee_PRIMM_NL	1	0.2879745177509639	0.6873642206192017
LOSFO	LeeKA_2022	online_adaptive	20260804	V2A0153	Lee_PRIMM_NL	0	0.022876218745663503	0.6623753905296326
LOSFO	LeeKA_2022	online_adaptive	20260804	V2A0154	Lee_PRIMM_NL	1	0.8484350374243472	0.6834426522254944
LOSFO	LeeKA_2022	online_adaptive	20260804	V2A0155	Lee_PRIMM_NL	1	0.24133724937594872	0.600490391254425
LOSFO	LeeKA_2022	online_adaptive	20260804	V2A0156	Lee_PRIMM_NL	1	0.3339513207614518	0.7085639834403992
LOSFO	LeeKA_2022	online_adaptive	20260804	V2A0157	Lee_PRIMM_NL	1	0.030421134480557242	0.657364010810852
LOSFO	LeeKA_2022	online_adaptive	20260804	V2A0158	Lee_PRIMM_NL	0	0.09199820935025856	0.7048631310462952
LOSFO	LeeKA_2022	online_adaptive	20260804	V2A0159	Lee_PRIMM_NL	1	0.17629429414237333	0.5390699505805969
LOSFO	LeeKA_2022	online_adaptive	20260804	V2A0160	Lee_PRIMM_NL	0	0.38690338179309275	0.6933275461196899
LOSFO	LeeKA_2022	online_adaptive	20260804	V2A0161	Lee_PRIMM_NL	1	0.15538949036704883	0.6924325227737427
LOSFO	LeeKA_2022	online_adaptive	20260804	V2A0162	Lee_PRIMM_NL	1	0.19681523169242576	0.6998469829559326
LOSFO	LeeKA_2022	online_adaptive	20260804	V2A0163	Lee_PRIMM_NL	0	0.12434726644483735	0.6170734763145447
LOSFO	LeeKA_2022	online_adaptive	20260804	V2A0164	Lee_PRIMM_NL	0	0.37057640711958734	0.6726033687591553
LOSFO	LeeKA_2022	online_adaptive	20260804	V2A0165	Lee_PRIMM_NL	1	0.043573493323737285	0.650894284248352
LOSFO	LeeKA_2022	online_adaptive	20260804	V2A0166	Lee_PRIMM_NL	0	0.3999804996337571	0.6957853436470032
LOSFO	LeeKA_2022	online_adaptive	20260804	V2A0167	Lee_PRIMM_NL	0	0.3383252199805131	0.72386234998703
LOSFO	LeeKA_2022	online_adaptive	20260804	V2A0168	Lee_PRIMM_NL	1	0.01926330051664643	0.7139628529548645
LOSFO	LeeKA_2022	online_adaptive	20260804	V2A0169	Lee_PRIMM_NL	1	0.7777765546326598	0.6345024108886719
LOSFO	LeeKA_2022	online_adaptive	20260804	V2A0170	Lee_PRIMM_NL	1	0.012258109150184621	0.7153655886650085
LOSFO	LeeKA_2022	online_adaptive	20260804	V2A0171	Lee_PRIMM_NL	1	0.03181926091105441	0.6631990075111389
LOSFO	LeeKA_2022	online_adaptive	20260804	V2A0172	Lee_PRIMM_NL	1	0.3461114845847144	0.7019041776657104
LOSFO	LeeKA_2022	online_adaptive	20260804	V2A0173	Lee_PRIMM_NL	1	0.02277897878238102	0.7214633226394653
LOSFO	LeeKA_2022	online_adaptive	20260804	V2A0174	Lee_PRIMM_NL	1	0.8449369083647179	0.5990581512451172
LOSFO	LeeKA_2022	online_adaptive	20260804	V2A0175	Lee_PRIMM_UK	1	0.1962691984761881	0.6971765160560608
LOSFO	LeeKA_2022	online_adaptive	20260804	V2A0176	Lee_PRIMM_UK	1	0.24972950470981126	0.6156457662582397
LOSFO	LeeKA_2022	online_adaptive	20260804	V2A0177	Lee_PRIMM_UK	1	0.2664265093095822	0.7152745723724365
LOSFO	LeeKA_2022	online_adaptive	20260804	V2A0178	Lee_PRIMM_UK	1	0.15766406448067904	0.6927365660667419
LOSFO	LeeKA_2022	online_adaptive	20260804	V2A0179	Lee_PRIMM_UK	1	0.048961975683384125	0.7120421528816223
LOSFO	LeeKA_2022	online_adaptive	20260804	V2A0180	Lee_PRIMM_UK	1	0.3640815261058986	0.6564650535583496
LOSFO	LeeKA_2022	online_adaptive	20260804	V2A0181	Lee_PRIMM_UK	1	0.40781976527663216	0.6742836833000183
LOSFO	LeeKA_2022	online_adaptive	20260804	V2A0182	Lee_PRIMM_UK	0	0.5478823343026222	0.7367485165596008
LOSFO	LeeKA_2022	online_adaptive	20260804	V2A0183	Lee_PRIMM_UK	0	0.01873593363625369	0.6504217982292175
LOSFO	LeeKA_2022	online_adaptive	20260804	V2A0184	Lee_PRIMM_UK	0	0.11542807761141712	0.6840178370475769
LOSFO	LeeKA_2022	online_adaptive	20260804	V2A0185	Lee_PRIMM_UK	1	0.40617466633983573	0.6108378767967224
LOSFO	LeeKA_2022	online_adaptive	20260804	V2A0186	Lee_PRIMM_UK	0	0.47197869471052495	0.5950906872749329
LOSFO	LeeKA_2022	online_adaptive	20260804	V2A0187	Lee_PRIMM_UK	1	0.0520391131203627	0.719924807548523
LOSFO	LeeKA_2022	online_adaptive	20260804	V2A0188	Lee_PRIMM_UK	1	0.30227599538886013	0.6909734606742859
LOSFO	LeeKA_2022	online_adaptive	20260804	V2A0189	Lee_PRIMM_UK	1	0.33930573817092197	0.703609824180603
LOSFO	LeeKA_2022	online_adaptive	20260804	V2A0190	Lee_PRIMM_UK	1	0.3984479649605444	0.5911568999290466
LOSFO	LeeKA_2022	online_adaptive	20260804	V2A0191	Lee_PRIMM_UK	1	0.11292941129138336	0.6793736219406128
LOSFO	LeeKA_2022	online_adaptive	20260804	V2A0192	Lee_PRIMM_UK	1	0.03850461428049615	0.6903546452522278
LOSFO	LeeKA_2022	online_adaptive	20260804	V2A0193	Lee_PRIMM_UK	0	0.6639464043003879	0.5889676809310913
LOSFO	LeeKA_2022	online_adaptive	20260804	V2A0194	Lee_PRIMM_UK	1	0.7382338183608451	0.7084828019142151
LOSFO	LeeKA_2022	online_adaptive	20260804	V2A0195	Lee_PRIMM_UK	0	0.3207891449640184	0.7020235657691956
LOSFO	LeeKA_2022	online_adaptive	20260804	V2A0196	Lee_PRIMM_UK	0	0.6014411623565201	0.6579630374908447
LOSFO	LeeKA_2022	online_adaptive	20260804	V2A0197	Lee_PRIMM_UK	1	0.1340080591886394	0.6836509704589844
LOSFO	LeeKA_2022	online_adaptive	20260804	V2A0198	Lee_PRIMM_UK	0	0.07387519968653578	0.662871241569519
LOSFO	LeeKA_2022	online_adaptive	20260804	V2A0199	Lee_PRIMM_UK	1	0.10319252197429044	0.631614625453949
LOSFO	LeeKA_2022	online_adaptive	20260804	V2A0200	Lee_PRIMM_UK	1	0.19453754702289913	0.6291475892066956
LOSFO	LeeKA_2022	online_adaptive	20260804	V2A0201	Lee_PRIMM_UK	0	0.2575120743340589	0.701869547367096
LOSFO	LeeKA_2022	online_adaptive	20260804	V2A0202	Lee_PRIMM_UK	1	0.2103744114439233	0.6173335313796997
LOSFO	LeeKA_2022	online_adaptive	20260804	V2A0203	Lee_PRIMM_UK	1	0.12735104549694862	0.7260978817939758
LOSFO	LeeKA_2022	online_adaptive	20260804	V2A0204	Lee_PRIMM_UK	1	0.08521316902924463	0.6721963286399841
LOSFO	LeeKA_2022	online_adaptive	20260804	V2A0205	Lee_PRIMM_UK	0	0.4256069052329192	0.703402042388916
LOSFO	LeeKA_2022	online_adaptive	20260804	V2A0206	Lee_PRIMM_UK	0	0.24188297841768347	0.6025166511535645
LOSFO	LeeKA_2022	online_adaptive	20260804	V2A0207	Lee_PRIMM_UK	1	0.19939526644678196	0.7168218493461609
LOSFO	LeeKA_2022	online_adaptive	20260804	V2A0208	Lee_PRIMM_UK	1	0.17459509836010376	0.6801950931549072
LOSFO	LeeKA_2022	online_adaptive	20260804	V2A0209	Lee_PRIMM_UK	1	0.4293342291095325	0.7180333733558655
LOSFO	LeeKA_2022	online_adaptive	20260804	V2A0210	Lee_PRIMM_UK	1	0.07045230859884223	0.6795701384544373
LOSFO	LeeKA_2022	online_adaptive	20260804	V2A0211	Lee_PRIMM_UK	0	0.2616988227201072	0.6752180457115173
LOSFO	LeeKA_2022	online_adaptive	20260804	V2A0212	Lee_PRIMM_UK	0	0.5107758866783333	0.6437781453132629
LOSFO	LeeKA_2022	online_adaptive	20260804	V2A0213	Lee_PRIMM_UK	1	0.017190660948233287	0.6240472793579102
LOSFO	LeeKA_2022	online_adaptive	20260804	V2A0214	Lee_PRIMM_UK	0	0.08211361054340205	0.6774107813835144
LOSFO	LeeKA_2022	online_adaptive	20260804	V2A0215	Lee_PRIMM_UK	1	0.007440770208249917	0.618107259273529
LOSFO	LeeKA_2022	online_adaptive	20260804	V2A0216	Lee_PRIMM_UK	1	0.23420117498270937	0.6878862380981445
LOSFO	LeeKA_2022	online_adaptive	20260804	V2A0217	Lee_PRIMM_UK	1	0.292204444011807	0.7281495928764343
LOSFO	LeeKA_2022	online_adaptive	20260804	V2A0218	Lee_PRIMM_UK	0	0.0742473419475204	0.5060434341430664
LOSFO	LeeKA_2022	online_adaptive	20260804	V2A0219	Lee_PRIMM_UK	1	0.3019150212027827	0.7055988311767578
LOSFO	LeeKA_2022	online_adaptive	20260804	V2A0220	Lee_PRIMM_UK	0	0.032364781862637054	0.6996593475341797
LOSFO	LeeKA_2022	online_adaptive	20260804	V2A0221	Lee_PRIMM_UK	1	0.5872424321135316	0.6665477156639099
LOSFO	LeeKA_2022	online_adaptive	20260804	V2A0222	Lee_PRIMM_UK	1	0.04846947432912874	0.7294425368309021
LOSFO	LeeKA_2022	online_adaptive	20260804	V2A0223	Lee_PRIMM_UK	0	0.0405498601157673	0.646997332572937
LOSFO	LeeKA_2022	online_adaptive	20260804	V2A0224	Lee_PRIMM_UK	0	0.11231509983238953	0.6926817893981934
LOSFO	LeeKA_2022	online_adaptive	20260804	V2A0225	Lee_PRIMM_UK	0	0.35943895562188255	0.6472489833831787
LOSFO	LeeKA_2022	online_adaptive	20260804	V2A0226	Lee_PRIMM_UK	1	0.06106200072631606	0.6936102509498596
LOSFO	LeeKA_2022	online_adaptive	20260804	V2A0227	Lee_PRIMM_UK	0	0.03258446148280612	0.6330495476722717
LOSFO	LeeKA_2022	online_adaptive	20260804	V2A0228	Lee_PRIMM_UK	0	0.16800459525431366	0.7018035054206848
LOSFO	LeeKA_2022	online_adaptive	20260805	V2A0065	Lee_Barcelona	0	0.7780537831149634	0.6988582611083984
LOSFO	LeeKA_2022	online_adaptive	20260805	V2A0066	Lee_Barcelona	1	0.9384645109740214	0.7002789378166199
LOSFO	LeeKA_2022	online_adaptive	20260805	V2A0067	Lee_Barcelona	0	0.16635472605514123	0.6148717403411865
LOSFO	LeeKA_2022	online_adaptive	20260805	V2A0068	Lee_Barcelona	0	0.8046572569787038	0.6883395910263062
LOSFO	LeeKA_2022	online_adaptive	20260805	V2A0069	Lee_Barcelona	1	0.5814060692670804	0.5926079750061035
LOSFO	LeeKA_2022	online_adaptive	20260805	V2A0070	Lee_Barcelona	1	0.89415838832921	0.6550680994987488
LOSFO	LeeKA_2022	online_adaptive	20260805	V2A0071	Lee_Barcelona	0	0.8362255202853524	0.7432016730308533
LOSFO	LeeKA_2022	online_adaptive	20260805	V2A0072	Lee_Barcelona	1	0.4508237434429391	0.68362957239151
LOSFO	LeeKA_2022	online_adaptive	20260805	V2A0073	Lee_Barcelona	1	0.8305200619089821	0.719459056854248
LOSFO	LeeKA_2022	online_adaptive	20260805	V2A0074	Lee_Barcelona	0	0.573048385210477	0.7395302057266235
LOSFO	LeeKA_2022	online_adaptive	20260805	V2A0075	Lee_Barcelona	1	0.2286980477156414	0.6823785305023193
LOSFO	LeeKA_2022	online_adaptive	20260805	V2A0076	Lee_Barcelona	0	0.9799375127565964	0.7121911644935608
LOSFO	LeeKA_2022	online_adaptive	20260805	V2A0077	Lee_Leeds	1	0.7128182116656854	0.6847071647644043
LOSFO	LeeKA_2022	online_adaptive	20260805	V2A0078	Lee_Leeds	1	0.5041919335136114	0.6593604683876038
LOSFO	LeeKA_2022	online_adaptive	20260805	V2A0079	Lee_Leeds	0	0.33767244771378	0.6928524971008301
LOSFO	LeeKA_2022	online_adaptive	20260805	V2A0080	Lee_Leeds	1	0.2595708854672233	0.6900321841239929
LOSFO	LeeKA_2022	online_adaptive	20260805	V2A0081	Lee_Leeds	0	0.12832095660427645	0.731199324131012
LOSFO	LeeKA_2022	online_adaptive	20260805	V2A0082	Lee_Leeds	1	0.07170908322584953	0.6787776350975037
LOSFO	LeeKA_2022	online_adaptive	20260805	V2A0083	Lee_Leeds	0	0.7803516470321408	0.6786368489265442
LOSFO	LeeKA_2022	online_adaptive	20260805	V2A0084	Lee_Leeds	1	0.2414461964123015	0.6910369396209717
LOSFO	LeeKA_2022	online_adaptive	20260805	V2A0085	Lee_Leeds	0	0.14289033233032686	0.7191072702407837
LOSFO	LeeKA_2022	online_adaptive	20260805	V2A0086	Lee_Leeds	1	0.38041459228603636	0.674325168132782
LOSFO	LeeKA_2022	online_adaptive	20260805	V2A0087	Lee_Leeds	1	0.612053183801281	0.7173175811767578
LOSFO	LeeKA_2022	online_adaptive	20260805	V2A0088	Lee_Leeds	0	0.2595798000014248	0.7286168336868286
LOSFO	LeeKA_2022	online_adaptive	20260805	V2A0089	Lee_Leeds	0	0.8260236082681719	0.6851022839546204
LOSFO	LeeKA_2022	online_adaptive	20260805	V2A0090	Lee_Leeds	0	0.8550855201504745	0.7001416087150574
LOSFO	LeeKA_2022	online_adaptive	20260805	V2A0091	Lee_Leeds	1	0.6601116780916626	0.6043868660926819
LOSFO	LeeKA_2022	online_adaptive	20260805	V2A0092	Lee_Leeds	1	0.25619136116382535	0.6249523758888245
LOSFO	LeeKA_2022	online_adaptive	20260805	V2A0093	Lee_Leeds	0	0.34519395947851494	0.6259317398071289
LOSFO	LeeKA_2022	online_adaptive	20260805	V2A0094	Lee_Leeds	1	0.15772088166588927	0.7007051706314087
LOSFO	LeeKA_2022	online_adaptive	20260805	V2A0095	Lee_Manchester	0	0.04636071721437739	0.6095253229141235
LOSFO	LeeKA_2022	online_adaptive	20260805	V2A0096	Lee_Manchester	1	0.27269236820760906	0.6664497256278992
LOSFO	LeeKA_2022	online_adaptive	20260805	V2A0097	Lee_Manchester	1	0.028077007115738364	0.6637048721313477
LOSFO	LeeKA_2022	online_adaptive	20260805	V2A0098	Lee_Manchester	0	0.052061304697643175	0.6458588242530823
LOSFO	LeeKA_2022	online_adaptive	20260805	V2A0099	Lee_Manchester	0	0.16203726823933803	0.6513415575027466
LOSFO	LeeKA_2022	online_adaptive	20260805	V2A0100	Lee_Manchester	0	0.18180505147291212	0.6950220465660095
LOSFO	LeeKA_2022	online_adaptive	20260805	V2A0101	Lee_Manchester	0	0.2448134564342623	0.7225418090820312
LOSFO	LeeKA_2022	online_adaptive	20260805	V2A0102	Lee_Manchester	0	0.27529498332637137	0.6401851177215576
LOSFO	LeeKA_2022	online_adaptive	20260805	V2A0103	Lee_Manchester	1	0.5200297368576552	0.7315919995307922
LOSFO	LeeKA_2022	online_adaptive	20260805	V2A0104	Lee_Manchester	1	0.01571254784929029	0.6949363946914673
LOSFO	LeeKA_2022	online_adaptive	20260805	V2A0105	Lee_Manchester	0	0.07552265432632962	0.6077871918678284
LOSFO	LeeKA_2022	online_adaptive	20260805	V2A0106	Lee_Manchester	0	0.0853516982302322	0.7418187260627747
LOSFO	LeeKA_2022	online_adaptive	20260805	V2A0107	Lee_Manchester	1	0.35202103213249086	0.7470293641090393
LOSFO	LeeKA_2022	online_adaptive	20260805	V2A0108	Lee_Manchester	0	0.22847744894174188	0.6940658688545227
LOSFO	LeeKA_2022	online_adaptive	20260805	V2A0109	Lee_Manchester	1	0.28910302906397345	0.5709635019302368
LOSFO	LeeKA_2022	online_adaptive	20260805	V2A0110	Lee_Manchester	1	0.43515627475096114	0.6565734148025513
LOSFO	LeeKA_2022	online_adaptive	20260805	V2A0111	Lee_Manchester	1	0.04965892907873101	0.5922028422355652
LOSFO	LeeKA_2022	online_adaptive	20260805	V2A0112	Lee_Manchester	0	0.24179396685634835	0.7173311114311218
LOSFO	LeeKA_2022	online_adaptive	20260805	V2A0113	Lee_Manchester	1	0.04979524174637006	0.684076726436615
LOSFO	LeeKA_2022	online_adaptive	20260805	V2A0114	Lee_Manchester	0	0.007942712203796857	0.6333084106445312
LOSFO	LeeKA_2022	online_adaptive	20260805	V2A0115	Lee_Manchester	1	0.24535330864933472	0.710658848285675
LOSFO	LeeKA_2022	online_adaptive	20260805	V2A0116	Lee_Manchester	0	0.27846579133792854	0.6981436610221863
LOSFO	LeeKA_2022	online_adaptive	20260805	V2A0117	Lee_Manchester	1	0.04180438609260628	0.6662009954452515
LOSFO	LeeKA_2022	online_adaptive	20260805	V2A0118	Lee_Manchester	1	0.6223751046294153	0.6426786184310913
LOSFO	LeeKA_2022	online_adaptive	20260805	V2A0119	Lee_Manchester	0	0.3163089764350523	0.676724374294281
LOSFO	LeeKA_2022	online_adaptive	20260805	V2A0120	Lee_PRIMM_NL	1	0.0224449862546252	0.7517297863960266
LOSFO	LeeKA_2022	online_adaptive	20260805	V2A0121	Lee_PRIMM_NL	1	0.07719188392385214	0.6659645438194275
LOSFO	LeeKA_2022	online_adaptive	20260805	V2A0122	Lee_PRIMM_NL	0	0.38886286712695894	0.613937497138977
LOSFO	LeeKA_2022	online_adaptive	20260805	V2A0123	Lee_PRIMM_NL	1	0.31489005324137	0.753929078578949
LOSFO	LeeKA_2022	online_adaptive	20260805	V2A0124	Lee_PRIMM_NL	0	0.5327490237132944	0.7092665433883667
LOSFO	LeeKA_2022	online_adaptive	20260805	V2A0125	Lee_PRIMM_NL	0	0.21973304276520186	0.7242149114608765
LOSFO	LeeKA_2022	online_adaptive	20260805	V2A0126	Lee_PRIMM_NL	1	0.027162279622187136	0.6973421573638916
LOSFO	LeeKA_2022	online_adaptive	20260805	V2A0127	Lee_PRIMM_NL	0	0.30288712297638565	0.6972456574440002
LOSFO	LeeKA_2022	online_adaptive	20260805	V2A0128	Lee_PRIMM_NL	0	0.1260784064236574	0.564312756061554
LOSFO	LeeKA_2022	online_adaptive	20260805	V2A0129	Lee_PRIMM_NL	1	0.27905718196538554	0.6675022840499878
LOSFO	LeeKA_2022	online_adaptive	20260805	V2A0130	Lee_PRIMM_NL	0	0.16233302226135973	0.7882989048957825
LOSFO	LeeKA_2022	online_adaptive	20260805	V2A0131	Lee_PRIMM_NL	1	0.07003828454873709	0.7002025842666626
LOSFO	LeeKA_2022	online_adaptive	20260805	V2A0132	Lee_PRIMM_NL	0	0.4118266232534194	0.7613234519958496
LOSFO	LeeKA_2022	online_adaptive	20260805	V2A0133	Lee_PRIMM_NL	1	0.04683940924310335	0.6692076921463013
LOSFO	LeeKA_2022	online_adaptive	20260805	V2A0134	Lee_PRIMM_NL	1	0.1738239330080525	0.744164764881134
LOSFO	LeeKA_2022	online_adaptive	20260805	V2A0135	Lee_PRIMM_NL	0	0.038826553120562705	0.7727503180503845
LOSFO	LeeKA_2022	online_adaptive	20260805	V2A0136	Lee_PRIMM_NL	0	0.3929348868016288	0.5121017694473267
LOSFO	LeeKA_2022	online_adaptive	20260805	V2A0137	Lee_PRIMM_NL	1	0.20338505058877818	0.6950286030769348
LOSFO	LeeKA_2022	online_adaptive	20260805	V2A0138	Lee_PRIMM_NL	1	0.44007093862118685	0.6831596493721008
LOSFO	LeeKA_2022	online_adaptive	20260805	V2A0139	Lee_PRIMM_NL	1	0.04338839063254978	0.6750694513320923
LOSFO	LeeKA_2022	online_adaptive	20260805	V2A0140	Lee_PRIMM_NL	0	0.028544494187318328	0.6778367757797241
LOSFO	LeeKA_2022	online_adaptive	20260805	V2A0141	Lee_PRIMM_NL	1	0.38610361730928605	0.661434531211853
LOSFO	LeeKA_2022	online_adaptive	20260805	V2A0142	Lee_PRIMM_NL	1	0.38392322317277794	0.6895002722740173
LOSFO	LeeKA_2022	online_adaptive	20260805	V2A0143	Lee_PRIMM_NL	1	0.25063382347712765	0.7601099014282227
LOSFO	LeeKA_2022	online_adaptive	20260805	V2A0144	Lee_PRIMM_NL	1	0.8064860028119292	0.6892790198326111
LOSFO	LeeKA_2022	online_adaptive	20260805	V2A0145	Lee_PRIMM_NL	0	0.14500682846102003	0.6252009868621826
LOSFO	LeeKA_2022	online_adaptive	20260805	V2A0146	Lee_PRIMM_NL	0	0.9871866974873436	0.7496733069419861
LOSFO	LeeKA_2022	online_adaptive	20260805	V2A0147	Lee_PRIMM_NL	0	0.08510932410307033	0.5646969079971313
LOSFO	LeeKA_2022	online_adaptive	20260805	V2A0148	Lee_PRIMM_NL	0	0.17903183316924992	0.7109919190406799
LOSFO	LeeKA_2022	online_adaptive	20260805	V2A0149	Lee_PRIMM_NL	0	0.5922966125171024	0.678928554058075
LOSFO	LeeKA_2022	online_adaptive	20260805	V2A0150	Lee_PRIMM_NL	1	0.6215411056932193	0.736291229724884
LOSFO	LeeKA_2022	online_adaptive	20260805	V2A0151	Lee_PRIMM_NL	1	0.024096588556488923	0.6684483289718628
LOSFO	LeeKA_2022	online_adaptive	20260805	V2A0152	Lee_PRIMM_NL	1	0.2845669930149095	0.7013170719146729
LOSFO	LeeKA_2022	online_adaptive	20260805	V2A0153	Lee_PRIMM_NL	0	0.02232019695857996	0.6744518876075745
LOSFO	LeeKA_2022	online_adaptive	20260805	V2A0154	Lee_PRIMM_NL	1	0.8476486675755887	0.6951565146446228
LOSFO	LeeKA_2022	online_adaptive	20260805	V2A0155	Lee_PRIMM_NL	1	0.24193543282047725	0.6106796264648438
LOSFO	LeeKA_2022	online_adaptive	20260805	V2A0156	Lee_PRIMM_NL	1	0.33936213928251513	0.7193673253059387
LOSFO	LeeKA_2022	online_adaptive	20260805	V2A0157	Lee_PRIMM_NL	1	0.030815858788109357	0.6724664568901062
LOSFO	LeeKA_2022	online_adaptive	20260805	V2A0158	Lee_PRIMM_NL	0	0.09514048622993304	0.7131118774414062
LOSFO	LeeKA_2022	online_adaptive	20260805	V2A0159	Lee_PRIMM_NL	1	0.1788502436710049	0.5470737814903259
LOSFO	LeeKA_2022	online_adaptive	20260805	V2A0160	Lee_PRIMM_NL	0	0.39290617152260293	0.7102189660072327
LOSFO	LeeKA_2022	online_adaptive	20260805	V2A0161	Lee_PRIMM_NL	1	0.15254801894444991	0.7027931213378906
LOSFO	LeeKA_2022	online_adaptive	20260805	V2A0162	Lee_PRIMM_NL	1	0.1945300200668334	0.7097537517547607
LOSFO	LeeKA_2022	online_adaptive	20260805	V2A0163	Lee_PRIMM_NL	0	0.1240869324367476	0.625996470451355
LOSFO	LeeKA_2022	online_adaptive	20260805	V2A0164	Lee_PRIMM_NL	0	0.36500056426148925	0.6810266375541687
LOSFO	LeeKA_2022	online_adaptive	20260805	V2A0165	Lee_PRIMM_NL	1	0.04401421564981942	0.6639239192008972
LOSFO	LeeKA_2022	online_adaptive	20260805	V2A0166	Lee_PRIMM_NL	0	0.4066337345818403	0.7093191146850586
LOSFO	LeeKA_2022	online_adaptive	20260805	V2A0167	Lee_PRIMM_NL	0	0.33320331401997555	0.7278239727020264
LOSFO	LeeKA_2022	online_adaptive	20260805	V2A0168	Lee_PRIMM_NL	1	0.01974363574468816	0.7249065041542053
LOSFO	LeeKA_2022	online_adaptive	20260805	V2A0169	Lee_PRIMM_NL	1	0.7808806876510036	0.6387911438941956
LOSFO	LeeKA_2022	online_adaptive	20260805	V2A0170	Lee_PRIMM_NL	1	0.01282422576185962	0.723878026008606
LOSFO	LeeKA_2022	online_adaptive	20260805	V2A0171	Lee_PRIMM_NL	1	0.03235274111945101	0.6752033829689026
LOSFO	LeeKA_2022	online_adaptive	20260805	V2A0172	Lee_PRIMM_NL	1	0.35227102707277497	0.7127249836921692
LOSFO	LeeKA_2022	online_adaptive	20260805	V2A0173	Lee_PRIMM_NL	1	0.02245576276833146	0.7366089224815369
LOSFO	LeeKA_2022	online_adaptive	20260805	V2A0174	Lee_PRIMM_NL	1	0.845720246994508	0.6077621579170227
LOSFO	LeeKA_2022	online_adaptive	20260805	V2A0175	Lee_PRIMM_UK	1	0.19300823971607117	0.7040830850601196
LOSFO	LeeKA_2022	online_adaptive	20260805	V2A0176	Lee_PRIMM_UK	1	0.25716294562266867	0.6249266862869263
LOSFO	LeeKA_2022	online_adaptive	20260805	V2A0177	Lee_PRIMM_UK	1	0.25909433946164306	0.7247923016548157
LOSFO	LeeKA_2022	online_adaptive	20260805	V2A0178	Lee_PRIMM_UK	1	0.15639581763180357	0.704742968082428
LOSFO	LeeKA_2022	online_adaptive	20260805	V2A0179	Lee_PRIMM_UK	1	0.049491818791347376	0.7271782159805298
LOSFO	LeeKA_2022	online_adaptive	20260805	V2A0180	Lee_PRIMM_UK	1	0.3668163470702695	0.667991578578949
LOSFO	LeeKA_2022	online_adaptive	20260805	V2A0181	Lee_PRIMM_UK	1	0.40675089818639076	0.6853352189064026
LOSFO	LeeKA_2022	online_adaptive	20260805	V2A0182	Lee_PRIMM_UK	0	0.5481244309191358	0.7449728846549988
LOSFO	LeeKA_2022	online_adaptive	20260805	V2A0183	Lee_PRIMM_UK	0	0.018447981328272568	0.6592053174972534
LOSFO	LeeKA_2022	online_adaptive	20260805	V2A0184	Lee_PRIMM_UK	0	0.11227710982935124	0.6923460960388184
LOSFO	LeeKA_2022	online_adaptive	20260805	V2A0185	Lee_PRIMM_UK	1	0.4110350082887947	0.6233572959899902
LOSFO	LeeKA_2022	online_adaptive	20260805	V2A0186	Lee_PRIMM_UK	0	0.473912391563883	0.6065422296524048
LOSFO	LeeKA_2022	online_adaptive	20260805	V2A0187	Lee_PRIMM_UK	1	0.05302181870400451	0.732721209526062
LOSFO	LeeKA_2022	online_adaptive	20260805	V2A0188	Lee_PRIMM_UK	1	0.3096881977204112	0.703940749168396
LOSFO	LeeKA_2022	online_adaptive	20260805	V2A0189	Lee_PRIMM_UK	1	0.3452205770910965	0.7165518403053284
LOSFO	LeeKA_2022	online_adaptive	20260805	V2A0190	Lee_PRIMM_UK	1	0.39576808865389995	0.6051910519599915
LOSFO	LeeKA_2022	online_adaptive	20260805	V2A0191	Lee_PRIMM_UK	1	0.11317303153680924	0.6907831430435181
LOSFO	LeeKA_2022	online_adaptive	20260805	V2A0192	Lee_PRIMM_UK	1	0.03937264193932941	0.7017797827720642
LOSFO	LeeKA_2022	online_adaptive	20260805	V2A0193	Lee_PRIMM_UK	0	0.6667756599146498	0.6038991808891296
LOSFO	LeeKA_2022	online_adaptive	20260805	V2A0194	Lee_PRIMM_UK	1	0.7467982982368079	0.7250266671180725
LOSFO	LeeKA_2022	online_adaptive	20260805	V2A0195	Lee_PRIMM_UK	0	0.3193285615558591	0.7173667550086975
LOSFO	LeeKA_2022	online_adaptive	20260805	V2A0196	Lee_PRIMM_UK	0	0.6097287138444045	0.6671662926673889
LOSFO	LeeKA_2022	online_adaptive	20260805	V2A0197	Lee_PRIMM_UK	1	0.13369886287563582	0.693095326423645
LOSFO	LeeKA_2022	online_adaptive	20260805	V2A0198	Lee_PRIMM_UK	0	0.07362413836195245	0.6762881875038147
LOSFO	LeeKA_2022	online_adaptive	20260805	V2A0199	Lee_PRIMM_UK	1	0.10414779149356813	0.6468775272369385
LOSFO	LeeKA_2022	online_adaptive	20260805	V2A0200	Lee_PRIMM_UK	1	0.1958210942038796	0.6477319002151489
LOSFO	LeeKA_2022	online_adaptive	20260805	V2A0201	Lee_PRIMM_UK	0	0.25409877954510496	0.7126359343528748
LOSFO	LeeKA_2022	online_adaptive	20260805	V2A0202	Lee_PRIMM_UK	1	0.20927883737415465	0.6290323138237
LOSFO	LeeKA_2022	online_adaptive	20260805	V2A0203	Lee_PRIMM_UK	1	0.13088523212491532	0.736440896987915
LOSFO	LeeKA_2022	online_adaptive	20260805	V2A0204	Lee_PRIMM_UK	1	0.084110856805056	0.6879976987838745
LOSFO	LeeKA_2022	online_adaptive	20260805	V2A0205	Lee_PRIMM_UK	0	0.42708632612765796	0.7168696522712708
LOSFO	LeeKA_2022	online_adaptive	20260805	V2A0206	Lee_PRIMM_UK	0	0.24272265600167456	0.6197737455368042
LOSFO	LeeKA_2022	online_adaptive	20260805	V2A0207	Lee_PRIMM_UK	1	0.20222441297433572	0.72993403673172
LOSFO	LeeKA_2022	online_adaptive	20260805	V2A0208	Lee_PRIMM_UK	1	0.17382037643041248	0.694818913936615
LOSFO	LeeKA_2022	online_adaptive	20260805	V2A0209	Lee_PRIMM_UK	1	0.4304269397975741	0.7350712418556213
LOSFO	LeeKA_2022	online_adaptive	20260805	V2A0210	Lee_PRIMM_UK	1	0.07040046833763552	0.6919056177139282
LOSFO	LeeKA_2022	online_adaptive	20260805	V2A0211	Lee_PRIMM_UK	0	0.26484513665362175	0.6859145164489746
LOSFO	LeeKA_2022	online_adaptive	20260805	V2A0212	Lee_PRIMM_UK	0	0.5079083981842543	0.6541444063186646
LOSFO	LeeKA_2022	online_adaptive	20260805	V2A0213	Lee_PRIMM_UK	1	0.017017830206707215	0.6338303089141846
LOSFO	LeeKA_2022	online_adaptive	20260805	V2A0214	Lee_PRIMM_UK	0	0.08369131276867048	0.683954656124115
LOSFO	LeeKA_2022	online_adaptive	20260805	V2A0215	Lee_PRIMM_UK	1	0.007202821876559126	0.6285650730133057
LOSFO	LeeKA_2022	online_adaptive	20260805	V2A0216	Lee_PRIMM_UK	1	0.2424409383966449	0.6986238360404968
LOSFO	LeeKA_2022	online_adaptive	20260805	V2A0217	Lee_PRIMM_UK	1	0.29833450005997864	0.7393945455551147
LOSFO	LeeKA_2022	online_adaptive	20260805	V2A0218	Lee_PRIMM_UK	0	0.07321975078000903	0.5150021314620972
LOSFO	LeeKA_2022	online_adaptive	20260805	V2A0219	Lee_PRIMM_UK	1	0.29800785619204023	0.7153242826461792
LOSFO	LeeKA_2022	online_adaptive	20260805	V2A0220	Lee_PRIMM_UK	0	0.031288243792398675	0.7102964520454407
LOSFO	LeeKA_2022	online_adaptive	20260805	V2A0221	Lee_PRIMM_UK	1	0.5900715962535003	0.6800338625907898
LOSFO	LeeKA_2022	online_adaptive	20260805	V2A0222	Lee_PRIMM_UK	1	0.04817235041876274	0.7343042492866516
LOSFO	LeeKA_2022	online_adaptive	20260805	V2A0223	Lee_PRIMM_UK	0	0.040002812861034374	0.6621944904327393
LOSFO	LeeKA_2022	online_adaptive	20260805	V2A0224	Lee_PRIMM_UK	0	0.11278045825893468	0.7052266597747803
LOSFO	LeeKA_2022	online_adaptive	20260805	V2A0225	Lee_PRIMM_UK	0	0.3586235830881447	0.6570436954498291
LOSFO	LeeKA_2022	online_adaptive	20260805	V2A0226	Lee_PRIMM_UK	1	0.06216877354098155	0.7093117237091064
LOSFO	LeeKA_2022	online_adaptive	20260805	V2A0227	Lee_PRIMM_UK	0	0.031232010747812473	0.6450522541999817
LOSFO	LeeKA_2022	online_adaptive	20260805	V2A0228	Lee_PRIMM_UK	0	0.16603672621948432	0.711388349533081
LOSFO	LeeKA_2022	online_adaptive	20260806	V2A0065	Lee_Barcelona	0	0.7694345631405236	0.7085743546485901
LOSFO	LeeKA_2022	online_adaptive	20260806	V2A0066	Lee_Barcelona	1	0.9351108324604586	0.7140704393386841
LOSFO	LeeKA_2022	online_adaptive	20260806	V2A0067	Lee_Barcelona	0	0.17503928437789026	0.6271658539772034
LOSFO	LeeKA_2022	online_adaptive	20260806	V2A0068	Lee_Barcelona	0	0.7988771764129142	0.7003896832466125
LOSFO	LeeKA_2022	online_adaptive	20260806	V2A0069	Lee_Barcelona	1	0.5753115842013962	0.6046955585479736
LOSFO	LeeKA_2022	online_adaptive	20260806	V2A0070	Lee_Barcelona	1	0.892607274900917	0.664363443851471
LOSFO	LeeKA_2022	online_adaptive	20260806	V2A0071	Lee_Barcelona	0	0.8308475567101844	0.7476212978363037
LOSFO	LeeKA_2022	online_adaptive	20260806	V2A0072	Lee_Barcelona	1	0.43730654119688545	0.691211998462677
LOSFO	LeeKA_2022	online_adaptive	20260806	V2A0073	Lee_Barcelona	1	0.8281685097042909	0.729965329170227
LOSFO	LeeKA_2022	online_adaptive	20260806	V2A0074	Lee_Barcelona	0	0.5662584622961353	0.7496368885040283
LOSFO	LeeKA_2022	online_adaptive	20260806	V2A0075	Lee_Barcelona	1	0.22452534269322522	0.6961589455604553
LOSFO	LeeKA_2022	online_adaptive	20260806	V2A0076	Lee_Barcelona	0	0.979482451120036	0.721491277217865
LOSFO	LeeKA_2022	online_adaptive	20260806	V2A0077	Lee_Leeds	1	0.717097249551741	0.6930084228515625
LOSFO	LeeKA_2022	online_adaptive	20260806	V2A0078	Lee_Leeds	1	0.48604431197184167	0.6691597700119019
LOSFO	LeeKA_2022	online_adaptive	20260806	V2A0079	Lee_Leeds	0	0.32756185102109014	0.7001654505729675
LOSFO	LeeKA_2022	online_adaptive	20260806	V2A0080	Lee_Leeds	1	0.253451726961009	0.7002012729644775
LOSFO	LeeKA_2022	online_adaptive	20260806	V2A0081	Lee_Leeds	0	0.12709278260365103	0.7363905906677246
LOSFO	LeeKA_2022	online_adaptive	20260806	V2A0082	Lee_Leeds	1	0.0701405670719037	0.689118504524231
LOSFO	LeeKA_2022	online_adaptive	20260806	V2A0083	Lee_Leeds	0	0.7634487371832562	0.6880713701248169
LOSFO	LeeKA_2022	online_adaptive	20260806	V2A0084	Lee_Leeds	1	0.23846897774739753	0.7012802958488464
LOSFO	LeeKA_2022	online_adaptive	20260806	V2A0085	Lee_Leeds	0	0.1409833457241918	0.7284538745880127
LOSFO	LeeKA_2022	online_adaptive	20260806	V2A0086	Lee_Leeds	1	0.3691421633907603	0.6863062977790833
LOSFO	LeeKA_2022	online_adaptive	20260806	V2A0087	Lee_Leeds	1	0.6146383220126159	0.726099967956543
LOSFO	LeeKA_2022	online_adaptive	20260806	V2A0088	Lee_Leeds	0	0.26185638085379304	0.735454797744751
LOSFO	LeeKA_2022	online_adaptive	20260806	V2A0089	Lee_Leeds	0	0.8270768674435769	0.6938308477401733
LOSFO	LeeKA_2022	online_adaptive	20260806	V2A0090	Lee_Leeds	0	0.8489658070816947	0.7098320126533508
LOSFO	LeeKA_2022	online_adaptive	20260806	V2A0091	Lee_Leeds	1	0.6547950781939009	0.6181088089942932
LOSFO	LeeKA_2022	online_adaptive	20260806	V2A0092	Lee_Leeds	1	0.2576062926968267	0.6339257955551147
LOSFO	LeeKA_2022	online_adaptive	20260806	V2A0093	Lee_Leeds	0	0.3497045268489747	0.6381739974021912
LOSFO	LeeKA_2022	online_adaptive	20260806	V2A0094	Lee_Leeds	1	0.1512278560081804	0.7099797129631042
LOSFO	LeeKA_2022	online_adaptive	20260806	V2A0095	Lee_Manchester	0	0.045787170067225165	0.6141282916069031
LOSFO	LeeKA_2022	online_adaptive	20260806	V2A0096	Lee_Manchester	1	0.2798101275330435	0.6740961670875549
LOSFO	LeeKA_2022	online_adaptive	20260806	V2A0097	Lee_Manchester	1	0.027859970604201433	0.6719599962234497
LOSFO	LeeKA_2022	online_adaptive	20260806	V2A0098	Lee_Manchester	0	0.04932554163683595	0.6531916856765747
LOSFO	LeeKA_2022	online_adaptive	20260806	V2A0099	Lee_Manchester	0	0.16236340594016607	0.6575925350189209
LOSFO	LeeKA_2022	online_adaptive	20260806	V2A0100	Lee_Manchester	0	0.17841848657355536	0.7097769975662231
LOSFO	LeeKA_2022	online_adaptive	20260806	V2A0101	Lee_Manchester	0	0.2455591468446016	0.7310242652893066
LOSFO	LeeKA_2022	online_adaptive	20260806	V2A0102	Lee_Manchester	0	0.2688637915491504	0.6530998349189758
LOSFO	LeeKA_2022	online_adaptive	20260806	V2A0103	Lee_Manchester	1	0.5012570466785713	0.7402505278587341
LOSFO	LeeKA_2022	online_adaptive	20260806	V2A0104	Lee_Manchester	1	0.01524635933580001	0.7042137384414673
LOSFO	LeeKA_2022	online_adaptive	20260806	V2A0105	Lee_Manchester	0	0.0753923791956037	0.6132591366767883
LOSFO	LeeKA_2022	online_adaptive	20260806	V2A0106	Lee_Manchester	0	0.08742983645369	0.7511571049690247
LOSFO	LeeKA_2022	online_adaptive	20260806	V2A0107	Lee_Manchester	1	0.3412681747303292	0.755830705165863
LOSFO	LeeKA_2022	online_adaptive	20260806	V2A0108	Lee_Manchester	0	0.22703730486997695	0.7012786269187927
LOSFO	LeeKA_2022	online_adaptive	20260806	V2A0109	Lee_Manchester	1	0.2922490820182716	0.5827885866165161
LOSFO	LeeKA_2022	online_adaptive	20260806	V2A0110	Lee_Manchester	1	0.4317850078612166	0.6678796410560608
LOSFO	LeeKA_2022	online_adaptive	20260806	V2A0111	Lee_Manchester	1	0.04904498101485026	0.6044852137565613
LOSFO	LeeKA_2022	online_adaptive	20260806	V2A0112	Lee_Manchester	0	0.24812790271215962	0.7215064167976379
LOSFO	LeeKA_2022	online_adaptive	20260806	V2A0113	Lee_Manchester	1	0.050201158323606096	0.6963433027267456
LOSFO	LeeKA_2022	online_adaptive	20260806	V2A0114	Lee_Manchester	0	0.007789032299562973	0.6446871161460876
LOSFO	LeeKA_2022	online_adaptive	20260806	V2A0115	Lee_Manchester	1	0.23569380105138635	0.7208970785140991
LOSFO	LeeKA_2022	online_adaptive	20260806	V2A0116	Lee_Manchester	0	0.2843657298448927	0.7117069363594055
LOSFO	LeeKA_2022	online_adaptive	20260806	V2A0117	Lee_Manchester	1	0.040815084239901954	0.672635018825531
LOSFO	LeeKA_2022	online_adaptive	20260806	V2A0118	Lee_Manchester	1	0.616952187964654	0.6523264050483704
LOSFO	LeeKA_2022	online_adaptive	20260806	V2A0119	Lee_Manchester	0	0.32099798038847566	0.6915361881256104
LOSFO	LeeKA_2022	online_adaptive	20260806	V2A0120	Lee_PRIMM_NL	1	0.022259462843640054	0.7608455419540405
LOSFO	LeeKA_2022	online_adaptive	20260806	V2A0121	Lee_PRIMM_NL	1	0.07450503757001599	0.6763477921485901
LOSFO	LeeKA_2022	online_adaptive	20260806	V2A0122	Lee_PRIMM_NL	0	0.39356024010504675	0.6218404173851013
LOSFO	LeeKA_2022	online_adaptive	20260806	V2A0123	Lee_PRIMM_NL	1	0.31339257338074494	0.7640111446380615
LOSFO	LeeKA_2022	online_adaptive	20260806	V2A0124	Lee_PRIMM_NL	0	0.5272089298452545	0.7164382934570312
LOSFO	LeeKA_2022	online_adaptive	20260806	V2A0125	Lee_PRIMM_NL	0	0.21541046886714565	0.7336037158966064
LOSFO	LeeKA_2022	online_adaptive	20260806	V2A0126	Lee_PRIMM_NL	1	0.02664544451013144	0.706203281879425
LOSFO	LeeKA_2022	online_adaptive	20260806	V2A0127	Lee_PRIMM_NL	0	0.29427349108719864	0.7105133533477783
LOSFO	LeeKA_2022	online_adaptive	20260806	V2A0128	Lee_PRIMM_NL	0	0.12503261515644484	0.5816084146499634
LOSFO	LeeKA_2022	online_adaptive	20260806	V2A0129	Lee_PRIMM_NL	1	0.2528844476297894	0.6775118112564087
LOSFO	LeeKA_2022	online_adaptive	20260806	V2A0130	Lee_PRIMM_NL	0	0.1584319852042816	0.7877229452133179
LOSFO	LeeKA_2022	online_adaptive	20260806	V2A0131	Lee_PRIMM_NL	1	0.06784370297383445	0.7049162983894348
LOSFO	LeeKA_2022	online_adaptive	20260806	V2A0132	Lee_PRIMM_NL	0	0.4134856973046737	0.7708355188369751
LOSFO	LeeKA_2022	online_adaptive	20260806	V2A0133	Lee_PRIMM_NL	1	0.04628955600658945	0.6785645484924316
LOSFO	LeeKA_2022	online_adaptive	20260806	V2A0134	Lee_PRIMM_NL	1	0.16392143785024876	0.7541444301605225
LOSFO	LeeKA_2022	online_adaptive	20260806	V2A0135	Lee_PRIMM_NL	0	0.037589883541809734	0.7810652256011963
LOSFO	LeeKA_2022	online_adaptive	20260806	V2A0136	Lee_PRIMM_NL	0	0.38197482956849815	0.5290119051933289
LOSFO	LeeKA_2022	online_adaptive	20260806	V2A0137	Lee_PRIMM_NL	1	0.19615801482782835	0.6988269090652466
LOSFO	LeeKA_2022	online_adaptive	20260806	V2A0138	Lee_PRIMM_NL	1	0.43194669104413846	0.6936055421829224
LOSFO	LeeKA_2022	online_adaptive	20260806	V2A0139	Lee_PRIMM_NL	1	0.040100229568031685	0.6833334565162659
LOSFO	LeeKA_2022	online_adaptive	20260806	V2A0140	Lee_PRIMM_NL	0	0.02855706839467944	0.6827696561813354
LOSFO	LeeKA_2022	online_adaptive	20260806	V2A0141	Lee_PRIMM_NL	1	0.37727620748686974	0.6712727546691895
LOSFO	LeeKA_2022	online_adaptive	20260806	V2A0142	Lee_PRIMM_NL	1	0.3751040960259938	0.6972602605819702
LOSFO	LeeKA_2022	online_adaptive	20260806	V2A0143	Lee_PRIMM_NL	1	0.2434155106127431	0.767157793045044
LOSFO	LeeKA_2022	online_adaptive	20260806	V2A0144	Lee_PRIMM_NL	1	0.7986418594075242	0.6961314082145691
LOSFO	LeeKA_2022	online_adaptive	20260806	V2A0145	Lee_PRIMM_NL	0	0.13616382733154173	0.6385892629623413
LOSFO	LeeKA_2022	online_adaptive	20260806	V2A0146	Lee_PRIMM_NL	0	0.9866431007622087	0.7564082145690918
LOSFO	LeeKA_2022	online_adaptive	20260806	V2A0147	Lee_PRIMM_NL	0	0.0831570856969305	0.5722271203994751
LOSFO	LeeKA_2022	online_adaptive	20260806	V2A0148	Lee_PRIMM_NL	0	0.17547409277037168	0.7183521389961243
LOSFO	LeeKA_2022	online_adaptive	20260806	V2A0149	Lee_PRIMM_NL	0	0.5799078362835859	0.6918728351593018
LOSFO	LeeKA_2022	online_adaptive	20260806	V2A0150	Lee_PRIMM_NL	1	0.6136283550263101	0.7468311190605164
LOSFO	LeeKA_2022	online_adaptive	20260806	V2A0151	Lee_PRIMM_NL	1	0.023465812243230133	0.6773819327354431
LOSFO	LeeKA_2022	online_adaptive	20260806	V2A0152	Lee_PRIMM_NL	1	0.28184778949870354	0.711901068687439
LOSFO	LeeKA_2022	online_adaptive	20260806	V2A0153	Lee_PRIMM_NL	0	0.021950062790247866	0.682442307472229
LOSFO	LeeKA_2022	online_adaptive	20260806	V2A0154	Lee_PRIMM_NL	1	0.8471767127886799	0.7062519192695618
LOSFO	LeeKA_2022	online_adaptive	20260806	V2A0155	Lee_PRIMM_NL	1	0.23626171060898798	0.6212329268455505
LOSFO	LeeKA_2022	online_adaptive	20260806	V2A0156	Lee_PRIMM_NL	1	0.32941414376550443	0.7251737117767334
LOSFO	LeeKA_2022	online_adaptive	20260806	V2A0157	Lee_PRIMM_NL	1	0.029924862722761764	0.6766856908798218
LOSFO	LeeKA_2022	online_adaptive	20260806	V2A0158	Lee_PRIMM_NL	0	0.08990434586409446	0.7209665179252625
LOSFO	LeeKA_2022	online_adaptive	20260806	V2A0159	Lee_PRIMM_NL	1	0.17083031670470994	0.5671286582946777
LOSFO	LeeKA_2022	online_adaptive	20260806	V2A0160	Lee_PRIMM_NL	0	0.3845257856940276	0.7202834486961365
LOSFO	LeeKA_2022	online_adaptive	20260806	V2A0161	Lee_PRIMM_NL	1	0.14902942986052312	0.7107470631599426
LOSFO	LeeKA_2022	online_adaptive	20260806	V2A0162	Lee_PRIMM_NL	1	0.1912610381462278	0.7200500965118408
LOSFO	LeeKA_2022	online_adaptive	20260806	V2A0163	Lee_PRIMM_NL	0	0.1233932344284162	0.640464186668396
LOSFO	LeeKA_2022	online_adaptive	20260806	V2A0164	Lee_PRIMM_NL	0	0.3619828124255614	0.6942275166511536
LOSFO	LeeKA_2022	online_adaptive	20260806	V2A0165	Lee_PRIMM_NL	1	0.04427518558036395	0.6739119291305542
LOSFO	LeeKA_2022	online_adaptive	20260806	V2A0166	Lee_PRIMM_NL	0	0.40397923892833154	0.7208216786384583
LOSFO	LeeKA_2022	online_adaptive	20260806	V2A0167	Lee_PRIMM_NL	0	0.3262833649652643	0.7357169985771179
LOSFO	LeeKA_2022	online_adaptive	20260806	V2A0168	Lee_PRIMM_NL	1	0.019341305317484257	0.7321325540542603
LOSFO	LeeKA_2022	online_adaptive	20260806	V2A0169	Lee_PRIMM_NL	1	0.7749777064204673	0.6567650437355042
LOSFO	LeeKA_2022	online_adaptive	20260806	V2A0170	Lee_PRIMM_NL	1	0.012331257454660226	0.7328923344612122
LOSFO	LeeKA_2022	online_adaptive	20260806	V2A0171	Lee_PRIMM_NL	1	0.031028347409822663	0.6853277683258057
LOSFO	LeeKA_2022	online_adaptive	20260806	V2A0172	Lee_PRIMM_NL	1	0.3345230390741163	0.7202395796775818
LOSFO	LeeKA_2022	online_adaptive	20260806	V2A0173	Lee_PRIMM_NL	1	0.023160086379452806	0.7444512844085693
LOSFO	LeeKA_2022	online_adaptive	20260806	V2A0174	Lee_PRIMM_NL	1	0.8429406457706126	0.6205867528915405
LOSFO	LeeKA_2022	online_adaptive	20260806	V2A0175	Lee_PRIMM_UK	1	0.19407867275989943	0.7131932973861694
LOSFO	LeeKA_2022	online_adaptive	20260806	V2A0176	Lee_PRIMM_UK	1	0.2507283536751222	0.6402269601821899
LOSFO	LeeKA_2022	online_adaptive	20260806	V2A0177	Lee_PRIMM_UK	1	0.25883020910938065	0.7350838780403137
LOSFO	LeeKA_2022	online_adaptive	20260806	V2A0178	Lee_PRIMM_UK	1	0.15162802298666522	0.7140520811080933
LOSFO	LeeKA_2022	online_adaptive	20260806	V2A0179	Lee_PRIMM_UK	1	0.0483567004794437	0.7314487099647522
LOSFO	LeeKA_2022	online_adaptive	20260806	V2A0180	Lee_PRIMM_UK	1	0.3601531007604593	0.6763098239898682
LOSFO	LeeKA_2022	online_adaptive	20260806	V2A0181	Lee_PRIMM_UK	1	0.41195896059383563	0.6964532732963562
LOSFO	LeeKA_2022	online_adaptive	20260806	V2A0182	Lee_PRIMM_UK	0	0.5416605103018917	0.7521525621414185
LOSFO	LeeKA_2022	online_adaptive	20260806	V2A0183	Lee_PRIMM_UK	0	0.018641322904393368	0.6755625009536743
LOSFO	LeeKA_2022	online_adaptive	20260806	V2A0184	Lee_PRIMM_UK	0	0.11429492851656459	0.7000986933708191
LOSFO	LeeKA_2022	online_adaptive	20260806	V2A0185	Lee_PRIMM_UK	1	0.40991140938807846	0.6355578899383545
LOSFO	LeeKA_2022	online_adaptive	20260806	V2A0186	Lee_PRIMM_UK	0	0.4706379710786756	0.6217823624610901
LOSFO	LeeKA_2022	online_adaptive	20260806	V2A0187	Lee_PRIMM_UK	1	0.05212220502314724	0.7390698194503784
LOSFO	LeeKA_2022	online_adaptive	20260806	V2A0188	Lee_PRIMM_UK	1	0.3061637490324417	0.7115823030471802
LOSFO	LeeKA_2022	online_adaptive	20260806	V2A0189	Lee_PRIMM_UK	1	0.3319214970384457	0.721129834651947
LOSFO	LeeKA_2022	online_adaptive	20260806	V2A0190	Lee_PRIMM_UK	1	0.3980375039856343	0.6200549602508545
LOSFO	LeeKA_2022	online_adaptive	20260806	V2A0191	Lee_PRIMM_UK	1	0.11302151647001991	0.7027361392974854
LOSFO	LeeKA_2022	online_adaptive	20260806	V2A0192	Lee_PRIMM_UK	1	0.03796880502263506	0.7130717039108276
LOSFO	LeeKA_2022	online_adaptive	20260806	V2A0193	Lee_PRIMM_UK	0	0.6622207743418272	0.6194944381713867
LOSFO	LeeKA_2022	online_adaptive	20260806	V2A0194	Lee_PRIMM_UK	1	0.7380777499320482	0.7310981154441833
LOSFO	LeeKA_2022	online_adaptive	20260806	V2A0195	Lee_PRIMM_UK	0	0.3146412934461375	0.7204945087432861
LOSFO	LeeKA_2022	online_adaptive	20260806	V2A0196	Lee_PRIMM_UK	0	0.5964159308967178	0.6782368421554565
LOSFO	LeeKA_2022	online_adaptive	20260806	V2A0197	Lee_PRIMM_UK	1	0.13049216174156722	0.7028461694717407
LOSFO	LeeKA_2022	online_adaptive	20260806	V2A0198	Lee_PRIMM_UK	0	0.07302446188130658	0.6859006285667419
LOSFO	LeeKA_2022	online_adaptive	20260806	V2A0199	Lee_PRIMM_UK	1	0.0982104483501856	0.6583738923072815
LOSFO	LeeKA_2022	online_adaptive	20260806	V2A0200	Lee_PRIMM_UK	1	0.19415639108772595	0.6578460335731506
LOSFO	LeeKA_2022	online_adaptive	20260806	V2A0201	Lee_PRIMM_UK	0	0.2648300847272239	0.721419632434845
LOSFO	LeeKA_2022	online_adaptive	20260806	V2A0202	Lee_PRIMM_UK	1	0.2131001370807486	0.6408068537712097
LOSFO	LeeKA_2022	online_adaptive	20260806	V2A0203	Lee_PRIMM_UK	1	0.12380874681631107	0.7444276809692383
LOSFO	LeeKA_2022	online_adaptive	20260806	V2A0204	Lee_PRIMM_UK	1	0.0842363666136746	0.6939247250556946
LOSFO	LeeKA_2022	online_adaptive	20260806	V2A0205	Lee_PRIMM_UK	0	0.42671648932210426	0.7218078970909119
LOSFO	LeeKA_2022	online_adaptive	20260806	V2A0206	Lee_PRIMM_UK	0	0.23647873687630988	0.6334186792373657
LOSFO	LeeKA_2022	online_adaptive	20260806	V2A0207	Lee_PRIMM_UK	1	0.19797041870143264	0.7377728819847107
LOSFO	LeeKA_2022	online_adaptive	20260806	V2A0208	Lee_PRIMM_UK	1	0.1748319882568365	0.7029509544372559
LOSFO	LeeKA_2022	online_adaptive	20260806	V2A0209	Lee_PRIMM_UK	1	0.42182932537212336	0.7405831813812256
LOSFO	LeeKA_2022	online_adaptive	20260806	V2A0210	Lee_PRIMM_UK	1	0.06938452437516779	0.7013989090919495
LOSFO	LeeKA_2022	online_adaptive	20260806	V2A0211	Lee_PRIMM_UK	0	0.2689952827205176	0.7004557251930237
LOSFO	LeeKA_2022	online_adaptive	20260806	V2A0212	Lee_PRIMM_UK	0	0.510813200061764	0.6626726984977722
LOSFO	LeeKA_2022	online_adaptive	20260806	V2A0213	Lee_PRIMM_UK	1	0.01695408906771205	0.6478051543235779
LOSFO	LeeKA_2022	online_adaptive	20260806	V2A0214	Lee_PRIMM_UK	0	0.07970323282263715	0.6951612234115601
LOSFO	LeeKA_2022	online_adaptive	20260806	V2A0215	Lee_PRIMM_UK	1	0.0072470740053816865	0.6397451162338257
LOSFO	LeeKA_2022	online_adaptive	20260806	V2A0216	Lee_PRIMM_UK	1	0.23312109847494006	0.7089247703552246
LOSFO	LeeKA_2022	online_adaptive	20260806	V2A0217	Lee_PRIMM_UK	1	0.29165856454345557	0.7470397353172302
LOSFO	LeeKA_2022	online_adaptive	20260806	V2A0218	Lee_PRIMM_UK	0	0.07396103062228059	0.5299884080886841
LOSFO	LeeKA_2022	online_adaptive	20260806	V2A0219	Lee_PRIMM_UK	1	0.2995598586139832	0.7269843816757202
LOSFO	LeeKA_2022	online_adaptive	20260806	V2A0220	Lee_PRIMM_UK	0	0.03082553138312491	0.719276487827301
LOSFO	LeeKA_2022	online_adaptive	20260806	V2A0221	Lee_PRIMM_UK	1	0.5772099727899169	0.6890755891799927
LOSFO	LeeKA_2022	online_adaptive	20260806	V2A0222	Lee_PRIMM_UK	1	0.04864587180404839	0.743203341960907
LOSFO	LeeKA_2022	online_adaptive	20260806	V2A0223	Lee_PRIMM_UK	0	0.03948812428454005	0.6713508367538452
LOSFO	LeeKA_2022	online_adaptive	20260806	V2A0224	Lee_PRIMM_UK	0	0.10915855721088145	0.7117661833763123
LOSFO	LeeKA_2022	online_adaptive	20260806	V2A0225	Lee_PRIMM_UK	0	0.36256416536094693	0.6701714396476746
LOSFO	LeeKA_2022	online_adaptive	20260806	V2A0226	Lee_PRIMM_UK	1	0.05912921903898393	0.7177073359489441
LOSFO	LeeKA_2022	online_adaptive	20260806	V2A0227	Lee_PRIMM_UK	0	0.03225684958532915	0.6578823328018188
LOSFO	LeeKA_2022	online_adaptive	20260806	V2A0228	Lee_PRIMM_UK	0	0.16151759113924838	0.718768835067749
LOSFO	LeeKA_2022	standard_transductive	20260802	V2A0065	Lee_Barcelona	0	0.8102797061455055	0.7066218852996826
LOSFO	LeeKA_2022	standard_transductive	20260802	V2A0066	Lee_Barcelona	1	0.9020080184390045	0.7006794810295105
LOSFO	LeeKA_2022	standard_transductive	20260802	V2A0067	Lee_Barcelona	0	0.2114828981446711	0.6490809917449951
LOSFO	LeeKA_2022	standard_transductive	20260802	V2A0068	Lee_Barcelona	0	0.7318569661859844	0.6943506598472595
LOSFO	LeeKA_2022	standard_transductive	20260802	V2A0069	Lee_Barcelona	1	0.5838386643652387	0.5837105512619019
LOSFO	LeeKA_2022	standard_transductive	20260802	V2A0070	Lee_Barcelona	1	0.8397788516877501	0.6634063124656677
LOSFO	LeeKA_2022	standard_transductive	20260802	V2A0071	Lee_Barcelona	0	0.8745290116697394	0.7582828998565674
LOSFO	LeeKA_2022	standard_transductive	20260802	V2A0072	Lee_Barcelona	1	0.42835987380333657	0.6947639584541321
LOSFO	LeeKA_2022	standard_transductive	20260802	V2A0073	Lee_Barcelona	1	0.7945727346835765	0.7876430749893188
LOSFO	LeeKA_2022	standard_transductive	20260802	V2A0074	Lee_Barcelona	0	0.5348267777959517	0.6570884585380554
LOSFO	LeeKA_2022	standard_transductive	20260802	V2A0075	Lee_Barcelona	1	0.281390885518388	0.5336526036262512
LOSFO	LeeKA_2022	standard_transductive	20260802	V2A0076	Lee_Barcelona	0	0.9472362235986905	0.7257798314094543
LOSFO	LeeKA_2022	standard_transductive	20260802	V2A0077	Lee_Leeds	1	0.44141380181756074	0.6969820261001587
LOSFO	LeeKA_2022	standard_transductive	20260802	V2A0078	Lee_Leeds	1	0.3332696075459262	0.6662002205848694
LOSFO	LeeKA_2022	standard_transductive	20260802	V2A0079	Lee_Leeds	0	0.29319732266919335	0.7151902318000793
LOSFO	LeeKA_2022	standard_transductive	20260802	V2A0080	Lee_Leeds	1	0.17824602115929908	0.6355020999908447
LOSFO	LeeKA_2022	standard_transductive	20260802	V2A0081	Lee_Leeds	0	0.22657479955432314	0.7762951850891113
LOSFO	LeeKA_2022	standard_transductive	20260802	V2A0082	Lee_Leeds	1	0.1074185481077733	0.7230175137519836
LOSFO	LeeKA_2022	standard_transductive	20260802	V2A0083	Lee_Leeds	0	0.5690286035269804	0.7238491177558899
LOSFO	LeeKA_2022	standard_transductive	20260802	V2A0084	Lee_Leeds	1	0.17446751893648388	0.6884124279022217
LOSFO	LeeKA_2022	standard_transductive	20260802	V2A0085	Lee_Leeds	0	0.07640566947057101	0.7592636942863464
LOSFO	LeeKA_2022	standard_transductive	20260802	V2A0086	Lee_Leeds	1	0.2733445587797194	0.7383455634117126
LOSFO	LeeKA_2022	standard_transductive	20260802	V2A0087	Lee_Leeds	1	0.5475807393795352	0.7466717958450317
LOSFO	LeeKA_2022	standard_transductive	20260802	V2A0088	Lee_Leeds	0	0.1948546686316085	0.7181978225708008
LOSFO	LeeKA_2022	standard_transductive	20260802	V2A0089	Lee_Leeds	0	0.5091337612674327	0.7302176356315613
LOSFO	LeeKA_2022	standard_transductive	20260802	V2A0090	Lee_Leeds	0	0.7887528405284256	0.7308846712112427
LOSFO	LeeKA_2022	standard_transductive	20260802	V2A0091	Lee_Leeds	1	0.46321002783701887	0.5936113595962524
LOSFO	LeeKA_2022	standard_transductive	20260802	V2A0092	Lee_Leeds	1	0.22830638302262854	0.543448269367218
LOSFO	LeeKA_2022	standard_transductive	20260802	V2A0093	Lee_Leeds	0	0.3618966956727828	0.5655742287635803
LOSFO	LeeKA_2022	standard_transductive	20260802	V2A0094	Lee_Leeds	1	0.20622709672576886	0.7305000424385071
LOSFO	LeeKA_2022	standard_transductive	20260802	V2A0095	Lee_Manchester	0	0.08294040721085634	0.6349961161613464
LOSFO	LeeKA_2022	standard_transductive	20260802	V2A0096	Lee_Manchester	1	0.3115112367051426	0.649942934513092
LOSFO	LeeKA_2022	standard_transductive	20260802	V2A0097	Lee_Manchester	1	0.0433705242581956	0.7496957182884216
LOSFO	LeeKA_2022	standard_transductive	20260802	V2A0098	Lee_Manchester	0	0.0660570833910441	0.7281796932220459
LOSFO	LeeKA_2022	standard_transductive	20260802	V2A0099	Lee_Manchester	0	0.1273447753117212	0.7083485722541809
LOSFO	LeeKA_2022	standard_transductive	20260802	V2A0100	Lee_Manchester	0	0.1288687165434959	0.7723652720451355
LOSFO	LeeKA_2022	standard_transductive	20260802	V2A0101	Lee_Manchester	0	0.29154167194942376	0.7390566468238831
LOSFO	LeeKA_2022	standard_transductive	20260802	V2A0102	Lee_Manchester	0	0.14466889473648187	0.5895836353302002
LOSFO	LeeKA_2022	standard_transductive	20260802	V2A0103	Lee_Manchester	1	0.3536373562680368	0.7445942759513855
LOSFO	LeeKA_2022	standard_transductive	20260802	V2A0104	Lee_Manchester	1	0.017410228063957603	0.7230898141860962
LOSFO	LeeKA_2022	standard_transductive	20260802	V2A0105	Lee_Manchester	0	0.10205803530360787	0.5803173184394836
LOSFO	LeeKA_2022	standard_transductive	20260802	V2A0106	Lee_Manchester	0	0.0769601850213517	0.7485952973365784
LOSFO	LeeKA_2022	standard_transductive	20260802	V2A0107	Lee_Manchester	1	0.492765449664517	0.7458010911941528
LOSFO	LeeKA_2022	standard_transductive	20260802	V2A0108	Lee_Manchester	0	0.2205256340695944	0.6807548999786377
LOSFO	LeeKA_2022	standard_transductive	20260802	V2A0109	Lee_Manchester	1	0.2777402037778918	0.6033223271369934
LOSFO	LeeKA_2022	standard_transductive	20260802	V2A0110	Lee_Manchester	1	0.3024696186411924	0.6782816648483276
LOSFO	LeeKA_2022	standard_transductive	20260802	V2A0111	Lee_Manchester	1	0.03417214541716621	0.628338098526001
LOSFO	LeeKA_2022	standard_transductive	20260802	V2A0112	Lee_Manchester	0	0.22609726929166465	0.7153815627098083
LOSFO	LeeKA_2022	standard_transductive	20260802	V2A0113	Lee_Manchester	1	0.05747348386907061	0.6908789277076721
LOSFO	LeeKA_2022	standard_transductive	20260802	V2A0114	Lee_Manchester	0	0.013306952806768831	0.7089900970458984
LOSFO	LeeKA_2022	standard_transductive	20260802	V2A0115	Lee_Manchester	1	0.1881922736814248	0.5852783918380737
LOSFO	LeeKA_2022	standard_transductive	20260802	V2A0116	Lee_Manchester	0	0.28620708797980654	0.6546401977539062
LOSFO	LeeKA_2022	standard_transductive	20260802	V2A0117	Lee_Manchester	1	0.041003898942985055	0.6889075636863708
LOSFO	LeeKA_2022	standard_transductive	20260802	V2A0118	Lee_Manchester	1	0.376188661127017	0.6646888256072998
LOSFO	LeeKA_2022	standard_transductive	20260802	V2A0119	Lee_Manchester	0	0.16077856795365567	0.7409340143203735
LOSFO	LeeKA_2022	standard_transductive	20260802	V2A0120	Lee_PRIMM_NL	1	0.022675463831481106	0.7849515080451965
LOSFO	LeeKA_2022	standard_transductive	20260802	V2A0121	Lee_PRIMM_NL	1	0.1014912261494674	0.7043729424476624
LOSFO	LeeKA_2022	standard_transductive	20260802	V2A0122	Lee_PRIMM_NL	0	0.4415366552675506	0.5401973724365234
LOSFO	LeeKA_2022	standard_transductive	20260802	V2A0123	Lee_PRIMM_NL	1	0.26066709992232995	0.8099092245101929
LOSFO	LeeKA_2022	standard_transductive	20260802	V2A0124	Lee_PRIMM_NL	0	0.4655112999098968	0.7520750761032104
LOSFO	LeeKA_2022	standard_transductive	20260802	V2A0125	Lee_PRIMM_NL	0	0.16543411637486702	0.7763936519622803
LOSFO	LeeKA_2022	standard_transductive	20260802	V2A0126	Lee_PRIMM_NL	1	0.028283518413159892	0.7551621198654175
LOSFO	LeeKA_2022	standard_transductive	20260802	V2A0127	Lee_PRIMM_NL	0	0.3383316636335871	0.7529230117797852
LOSFO	LeeKA_2022	standard_transductive	20260802	V2A0128	Lee_PRIMM_NL	0	0.11679699685357053	0.5593385696411133
LOSFO	LeeKA_2022	standard_transductive	20260802	V2A0129	Lee_PRIMM_NL	1	0.12612531177172714	0.7158509492874146
LOSFO	LeeKA_2022	standard_transductive	20260802	V2A0130	Lee_PRIMM_NL	0	0.1933967336547767	0.8259629011154175
LOSFO	LeeKA_2022	standard_transductive	20260802	V2A0131	Lee_PRIMM_NL	1	0.03869176995138185	0.7350496053695679
LOSFO	LeeKA_2022	standard_transductive	20260802	V2A0132	Lee_PRIMM_NL	0	0.33318261190315857	0.7738712430000305
LOSFO	LeeKA_2022	standard_transductive	20260802	V2A0133	Lee_PRIMM_NL	1	0.03927034863888806	0.7217187881469727
LOSFO	LeeKA_2022	standard_transductive	20260802	V2A0134	Lee_PRIMM_NL	1	0.1033678173592929	0.769960880279541
LOSFO	LeeKA_2022	standard_transductive	20260802	V2A0135	Lee_PRIMM_NL	0	0.05464474483421247	0.8330525159835815
LOSFO	LeeKA_2022	standard_transductive	20260802	V2A0136	Lee_PRIMM_NL	0	0.387577361254363	0.5414496660232544
LOSFO	LeeKA_2022	standard_transductive	20260802	V2A0137	Lee_PRIMM_NL	1	0.2044725504569842	0.7063249349594116
LOSFO	LeeKA_2022	standard_transductive	20260802	V2A0138	Lee_PRIMM_NL	1	0.3467889714918323	0.7005841135978699
LOSFO	LeeKA_2022	standard_transductive	20260802	V2A0139	Lee_PRIMM_NL	1	0.03688716933798895	0.7341585159301758
LOSFO	LeeKA_2022	standard_transductive	20260802	V2A0140	Lee_PRIMM_NL	0	0.06250981920489415	0.7030092477798462
LOSFO	LeeKA_2022	standard_transductive	20260802	V2A0141	Lee_PRIMM_NL	1	0.2611686948161802	0.5953100919723511
LOSFO	LeeKA_2022	standard_transductive	20260802	V2A0142	Lee_PRIMM_NL	1	0.36302344434187067	0.6765051484107971
LOSFO	LeeKA_2022	standard_transductive	20260802	V2A0143	Lee_PRIMM_NL	1	0.22852030937310952	0.7415734529495239
LOSFO	LeeKA_2022	standard_transductive	20260802	V2A0144	Lee_PRIMM_NL	1	0.6764416798678343	0.7124095559120178
LOSFO	LeeKA_2022	standard_transductive	20260802	V2A0145	Lee_PRIMM_NL	0	0.15168312281067828	0.5894715189933777
LOSFO	LeeKA_2022	standard_transductive	20260802	V2A0146	Lee_PRIMM_NL	0	0.8884631887798434	0.727716863155365
LOSFO	LeeKA_2022	standard_transductive	20260802	V2A0147	Lee_PRIMM_NL	0	0.07280439039929579	0.5424891114234924
LOSFO	LeeKA_2022	standard_transductive	20260802	V2A0148	Lee_PRIMM_NL	0	0.09567467647366262	0.7217835783958435
LOSFO	LeeKA_2022	standard_transductive	20260802	V2A0149	Lee_PRIMM_NL	0	0.5269471902074446	0.6275593042373657
LOSFO	LeeKA_2022	standard_transductive	20260802	V2A0150	Lee_PRIMM_NL	1	0.42657946292514065	0.6350112557411194
LOSFO	LeeKA_2022	standard_transductive	20260802	V2A0151	Lee_PRIMM_NL	1	0.018478817745536332	0.6736429333686829
LOSFO	LeeKA_2022	standard_transductive	20260802	V2A0152	Lee_PRIMM_NL	1	0.30838609989362215	0.7313917279243469
LOSFO	LeeKA_2022	standard_transductive	20260802	V2A0153	Lee_PRIMM_NL	0	0.022330922961225685	0.6516906023025513
LOSFO	LeeKA_2022	standard_transductive	20260802	V2A0154	Lee_PRIMM_NL	1	0.6854860167050922	0.6727580428123474
LOSFO	LeeKA_2022	standard_transductive	20260802	V2A0155	Lee_PRIMM_NL	1	0.28115551022867474	0.6728932857513428
LOSFO	LeeKA_2022	standard_transductive	20260802	V2A0156	Lee_PRIMM_NL	1	0.2666198273194906	0.7306222915649414
LOSFO	LeeKA_2022	standard_transductive	20260802	V2A0157	Lee_PRIMM_NL	1	0.027350382879242068	0.6643996834754944
LOSFO	LeeKA_2022	standard_transductive	20260802	V2A0158	Lee_PRIMM_NL	0	0.07718787714478392	0.7557240724563599
LOSFO	LeeKA_2022	standard_transductive	20260802	V2A0159	Lee_PRIMM_NL	1	0.10335662361245876	0.6060222387313843
LOSFO	LeeKA_2022	standard_transductive	20260802	V2A0160	Lee_PRIMM_NL	0	0.3198455334312082	0.721663773059845
LOSFO	LeeKA_2022	standard_transductive	20260802	V2A0161	Lee_PRIMM_NL	1	0.11529382753137303	0.6976661086082458
LOSFO	LeeKA_2022	standard_transductive	20260802	V2A0162	Lee_PRIMM_NL	1	0.17516072564058952	0.6910178661346436
LOSFO	LeeKA_2022	standard_transductive	20260802	V2A0163	Lee_PRIMM_NL	0	0.11927011277957353	0.7199867367744446
LOSFO	LeeKA_2022	standard_transductive	20260802	V2A0164	Lee_PRIMM_NL	0	0.2120597197000787	0.6922361850738525
LOSFO	LeeKA_2022	standard_transductive	20260802	V2A0165	Lee_PRIMM_NL	1	0.0323960124824792	0.7163392305374146
LOSFO	LeeKA_2022	standard_transductive	20260802	V2A0166	Lee_PRIMM_NL	0	0.23294501668091697	0.6981461644172668
LOSFO	LeeKA_2022	standard_transductive	20260802	V2A0167	Lee_PRIMM_NL	0	0.1956912999846758	0.7385281920433044
LOSFO	LeeKA_2022	standard_transductive	20260802	V2A0168	Lee_PRIMM_NL	1	0.024288117558869157	0.6896249055862427
LOSFO	LeeKA_2022	standard_transductive	20260802	V2A0169	Lee_PRIMM_NL	1	0.6179372790948365	0.6906237602233887
LOSFO	LeeKA_2022	standard_transductive	20260802	V2A0170	Lee_PRIMM_NL	1	0.012536230318473496	0.7663862705230713
LOSFO	LeeKA_2022	standard_transductive	20260802	V2A0171	Lee_PRIMM_NL	1	0.03162549234929997	0.7247718572616577
LOSFO	LeeKA_2022	standard_transductive	20260802	V2A0172	Lee_PRIMM_NL	1	0.233608592434831	0.7516040205955505
LOSFO	LeeKA_2022	standard_transductive	20260802	V2A0173	Lee_PRIMM_NL	1	0.02247611846319729	0.6998707056045532
LOSFO	LeeKA_2022	standard_transductive	20260802	V2A0174	Lee_PRIMM_NL	1	0.7305850481957145	0.5944077372550964
LOSFO	LeeKA_2022	standard_transductive	20260802	V2A0175	Lee_PRIMM_UK	1	0.1819472265252805	0.6973309516906738
LOSFO	LeeKA_2022	standard_transductive	20260802	V2A0176	Lee_PRIMM_UK	1	0.2692255245869254	0.6488237380981445
LOSFO	LeeKA_2022	standard_transductive	20260802	V2A0177	Lee_PRIMM_UK	1	0.11869509718638079	0.7470669746398926
LOSFO	LeeKA_2022	standard_transductive	20260802	V2A0178	Lee_PRIMM_UK	1	0.17775829960485257	0.6831225752830505
LOSFO	LeeKA_2022	standard_transductive	20260802	V2A0179	Lee_PRIMM_UK	1	0.05566163229916223	0.7533095479011536
LOSFO	LeeKA_2022	standard_transductive	20260802	V2A0180	Lee_PRIMM_UK	1	0.360938547055228	0.6911840438842773
LOSFO	LeeKA_2022	standard_transductive	20260802	V2A0181	Lee_PRIMM_UK	1	0.3727824782604249	0.6457797288894653
LOSFO	LeeKA_2022	standard_transductive	20260802	V2A0182	Lee_PRIMM_UK	0	0.5836219290662567	0.7774099707603455
LOSFO	LeeKA_2022	standard_transductive	20260802	V2A0183	Lee_PRIMM_UK	0	0.0367367047415203	0.5797439217567444
LOSFO	LeeKA_2022	standard_transductive	20260802	V2A0184	Lee_PRIMM_UK	0	0.156139638262526	0.703129768371582
LOSFO	LeeKA_2022	standard_transductive	20260802	V2A0185	Lee_PRIMM_UK	1	0.37847200063944525	0.6496163010597229
LOSFO	LeeKA_2022	standard_transductive	20260802	V2A0186	Lee_PRIMM_UK	0	0.5065814917362574	0.5600903034210205
LOSFO	LeeKA_2022	standard_transductive	20260802	V2A0187	Lee_PRIMM_UK	1	0.060618247991551605	0.7670689821243286
LOSFO	LeeKA_2022	standard_transductive	20260802	V2A0188	Lee_PRIMM_UK	1	0.2952572463790543	0.7455704808235168
LOSFO	LeeKA_2022	standard_transductive	20260802	V2A0189	Lee_PRIMM_UK	1	0.3766058898290347	0.7836199998855591
LOSFO	LeeKA_2022	standard_transductive	20260802	V2A0190	Lee_PRIMM_UK	1	0.364527335200845	0.6397362351417542
LOSFO	LeeKA_2022	standard_transductive	20260802	V2A0191	Lee_PRIMM_UK	1	0.1802605031644754	0.7385798096656799
LOSFO	LeeKA_2022	standard_transductive	20260802	V2A0192	Lee_PRIMM_UK	1	0.06306819735368681	0.6419733166694641
LOSFO	LeeKA_2022	standard_transductive	20260802	V2A0193	Lee_PRIMM_UK	0	0.6904056001829746	0.5638142228126526
LOSFO	LeeKA_2022	standard_transductive	20260802	V2A0194	Lee_PRIMM_UK	1	0.7173461046032403	0.7309864163398743
LOSFO	LeeKA_2022	standard_transductive	20260802	V2A0195	Lee_PRIMM_UK	0	0.3332592528356614	0.7598960995674133
LOSFO	LeeKA_2022	standard_transductive	20260802	V2A0196	Lee_PRIMM_UK	0	0.5108346500877239	0.7003670930862427
LOSFO	LeeKA_2022	standard_transductive	20260802	V2A0197	Lee_PRIMM_UK	1	0.15484317449594892	0.7394586205482483
LOSFO	LeeKA_2022	standard_transductive	20260802	V2A0198	Lee_PRIMM_UK	0	0.18048205093237324	0.7405059933662415
LOSFO	LeeKA_2022	standard_transductive	20260802	V2A0199	Lee_PRIMM_UK	1	0.10173170596756789	0.6495975852012634
LOSFO	LeeKA_2022	standard_transductive	20260802	V2A0200	Lee_PRIMM_UK	1	0.20059818523937084	0.6779950261116028
LOSFO	LeeKA_2022	standard_transductive	20260802	V2A0201	Lee_PRIMM_UK	0	0.20759155703757434	0.7186398506164551
LOSFO	LeeKA_2022	standard_transductive	20260802	V2A0202	Lee_PRIMM_UK	1	0.1459712244211988	0.6246224045753479
LOSFO	LeeKA_2022	standard_transductive	20260802	V2A0203	Lee_PRIMM_UK	1	0.17207563601076017	0.7678327560424805
LOSFO	LeeKA_2022	standard_transductive	20260802	V2A0204	Lee_PRIMM_UK	1	0.09805217168675498	0.6680005192756653
LOSFO	LeeKA_2022	standard_transductive	20260802	V2A0205	Lee_PRIMM_UK	0	0.3738529823007743	0.7102686166763306
LOSFO	LeeKA_2022	standard_transductive	20260802	V2A0206	Lee_PRIMM_UK	0	0.29154921312023396	0.6900705695152283
LOSFO	LeeKA_2022	standard_transductive	20260802	V2A0207	Lee_PRIMM_UK	1	0.21601257283602096	0.7267395257949829
LOSFO	LeeKA_2022	standard_transductive	20260802	V2A0208	Lee_PRIMM_UK	1	0.1517757744292477	0.7072561383247375
LOSFO	LeeKA_2022	standard_transductive	20260802	V2A0209	Lee_PRIMM_UK	1	0.46623280340676515	0.7783024907112122
LOSFO	LeeKA_2022	standard_transductive	20260802	V2A0210	Lee_PRIMM_UK	1	0.056731695119333334	0.6578085422515869
LOSFO	LeeKA_2022	standard_transductive	20260802	V2A0211	Lee_PRIMM_UK	0	0.24226229487467205	0.6781800389289856
LOSFO	LeeKA_2022	standard_transductive	20260802	V2A0212	Lee_PRIMM_UK	0	0.6196709238590302	0.6228170990943909
LOSFO	LeeKA_2022	standard_transductive	20260802	V2A0213	Lee_PRIMM_UK	1	0.036174745917060484	0.5350736379623413
LOSFO	LeeKA_2022	standard_transductive	20260802	V2A0214	Lee_PRIMM_UK	0	0.05944557735968028	0.7602524161338806
LOSFO	LeeKA_2022	standard_transductive	20260802	V2A0215	Lee_PRIMM_UK	1	0.014640908591594382	0.6594862937927246
LOSFO	LeeKA_2022	standard_transductive	20260802	V2A0216	Lee_PRIMM_UK	1	0.1681661501415094	0.6745624542236328
LOSFO	LeeKA_2022	standard_transductive	20260802	V2A0217	Lee_PRIMM_UK	1	0.19330529142555783	0.7276169061660767
LOSFO	LeeKA_2022	standard_transductive	20260802	V2A0218	Lee_PRIMM_UK	0	0.11681268004184965	0.517268717288971
LOSFO	LeeKA_2022	standard_transductive	20260802	V2A0219	Lee_PRIMM_UK	1	0.3233027125521627	0.6607452630996704
LOSFO	LeeKA_2022	standard_transductive	20260802	V2A0220	Lee_PRIMM_UK	0	0.02895181316555588	0.752518355846405
LOSFO	LeeKA_2022	standard_transductive	20260802	V2A0221	Lee_PRIMM_UK	1	0.5010614653171952	0.6530576944351196
LOSFO	LeeKA_2022	standard_transductive	20260802	V2A0222	Lee_PRIMM_UK	1	0.07473788684608693	0.7443113923072815
LOSFO	LeeKA_2022	standard_transductive	20260802	V2A0223	Lee_PRIMM_UK	0	0.0343673164010651	0.679049551486969
LOSFO	LeeKA_2022	standard_transductive	20260802	V2A0224	Lee_PRIMM_UK	0	0.08868309865729244	0.6473568677902222
LOSFO	LeeKA_2022	standard_transductive	20260802	V2A0225	Lee_PRIMM_UK	0	0.4439743887277156	0.6965665817260742
LOSFO	LeeKA_2022	standard_transductive	20260802	V2A0226	Lee_PRIMM_UK	1	0.07913208056610724	0.6544926762580872
LOSFO	LeeKA_2022	standard_transductive	20260802	V2A0227	Lee_PRIMM_UK	0	0.06634216632465126	0.6418684720993042
LOSFO	LeeKA_2022	standard_transductive	20260802	V2A0228	Lee_PRIMM_UK	0	0.19027375264353527	0.6829217076301575
LOSFO	LeeKA_2022	standard_transductive	20260803	V2A0065	Lee_Barcelona	0	0.8104868556848954	0.7091213464736938
LOSFO	LeeKA_2022	standard_transductive	20260803	V2A0066	Lee_Barcelona	1	0.9020252879167836	0.6966665387153625
LOSFO	LeeKA_2022	standard_transductive	20260803	V2A0067	Lee_Barcelona	0	0.21785436631768407	0.6555188894271851
LOSFO	LeeKA_2022	standard_transductive	20260803	V2A0068	Lee_Barcelona	0	0.7333531584442243	0.6891613006591797
LOSFO	LeeKA_2022	standard_transductive	20260803	V2A0069	Lee_Barcelona	1	0.5786638459637757	0.5847007632255554
LOSFO	LeeKA_2022	standard_transductive	20260803	V2A0070	Lee_Barcelona	1	0.8406563409039274	0.6688187718391418
LOSFO	LeeKA_2022	standard_transductive	20260803	V2A0071	Lee_Barcelona	0	0.8742403822067016	0.7604417204856873
LOSFO	LeeKA_2022	standard_transductive	20260803	V2A0072	Lee_Barcelona	1	0.42696564790334546	0.6942027807235718
LOSFO	LeeKA_2022	standard_transductive	20260803	V2A0073	Lee_Barcelona	1	0.7979568139952457	0.784774899482727
LOSFO	LeeKA_2022	standard_transductive	20260803	V2A0074	Lee_Barcelona	0	0.5319555152535075	0.6581306457519531
LOSFO	LeeKA_2022	standard_transductive	20260803	V2A0075	Lee_Barcelona	1	0.2824331807275474	0.5389814376831055
LOSFO	LeeKA_2022	standard_transductive	20260803	V2A0076	Lee_Barcelona	0	0.947389470055095	0.7264333367347717
LOSFO	LeeKA_2022	standard_transductive	20260803	V2A0077	Lee_Leeds	1	0.44313264059626883	0.7057469487190247
LOSFO	LeeKA_2022	standard_transductive	20260803	V2A0078	Lee_Leeds	1	0.34085297586561	0.6747431755065918
LOSFO	LeeKA_2022	standard_transductive	20260803	V2A0079	Lee_Leeds	0	0.2940697509934641	0.7179973125457764
LOSFO	LeeKA_2022	standard_transductive	20260803	V2A0080	Lee_Leeds	1	0.18135120946730243	0.6391990780830383
LOSFO	LeeKA_2022	standard_transductive	20260803	V2A0081	Lee_Leeds	0	0.22703110292153453	0.7793901562690735
LOSFO	LeeKA_2022	standard_transductive	20260803	V2A0082	Lee_Leeds	1	0.10696121537918551	0.725331723690033
LOSFO	LeeKA_2022	standard_transductive	20260803	V2A0083	Lee_Leeds	0	0.5663080390292324	0.7288785576820374
LOSFO	LeeKA_2022	standard_transductive	20260803	V2A0084	Lee_Leeds	1	0.1747094278197989	0.6936286687850952
LOSFO	LeeKA_2022	standard_transductive	20260803	V2A0085	Lee_Leeds	0	0.07570034249454614	0.7610852122306824
LOSFO	LeeKA_2022	standard_transductive	20260803	V2A0086	Lee_Leeds	1	0.2759538247173739	0.7398279905319214
LOSFO	LeeKA_2022	standard_transductive	20260803	V2A0087	Lee_Leeds	1	0.5499729625566532	0.7474141120910645
LOSFO	LeeKA_2022	standard_transductive	20260803	V2A0088	Lee_Leeds	0	0.19469698593403686	0.7230048775672913
LOSFO	LeeKA_2022	standard_transductive	20260803	V2A0089	Lee_Leeds	0	0.5059253254797443	0.7350336313247681
LOSFO	LeeKA_2022	standard_transductive	20260803	V2A0090	Lee_Leeds	0	0.7912547956170743	0.7354220747947693
LOSFO	LeeKA_2022	standard_transductive	20260803	V2A0091	Lee_Leeds	1	0.4632592305508156	0.5969153046607971
LOSFO	LeeKA_2022	standard_transductive	20260803	V2A0092	Lee_Leeds	1	0.2310004488831189	0.5376552939414978
LOSFO	LeeKA_2022	standard_transductive	20260803	V2A0093	Lee_Leeds	0	0.3642083784809877	0.5739392042160034
LOSFO	LeeKA_2022	standard_transductive	20260803	V2A0094	Lee_Leeds	1	0.2093824549193237	0.7336251735687256
LOSFO	LeeKA_2022	standard_transductive	20260803	V2A0095	Lee_Manchester	0	0.08277453402367721	0.6282221078872681
LOSFO	LeeKA_2022	standard_transductive	20260803	V2A0096	Lee_Manchester	1	0.3172996711231829	0.6616095304489136
LOSFO	LeeKA_2022	standard_transductive	20260803	V2A0097	Lee_Manchester	1	0.043860417074434103	0.7571035623550415
LOSFO	LeeKA_2022	standard_transductive	20260803	V2A0098	Lee_Manchester	0	0.06494467150624834	0.736566960811615
LOSFO	LeeKA_2022	standard_transductive	20260803	V2A0099	Lee_Manchester	0	0.1271989511655476	0.7142280340194702
LOSFO	LeeKA_2022	standard_transductive	20260803	V2A0100	Lee_Manchester	0	0.1289787318656416	0.78481525182724
LOSFO	LeeKA_2022	standard_transductive	20260803	V2A0101	Lee_Manchester	0	0.2879647095858985	0.7406932711601257
LOSFO	LeeKA_2022	standard_transductive	20260803	V2A0102	Lee_Manchester	0	0.14409506068083203	0.5881423354148865
LOSFO	LeeKA_2022	standard_transductive	20260803	V2A0103	Lee_Manchester	1	0.3510931497594896	0.7488821744918823
LOSFO	LeeKA_2022	standard_transductive	20260803	V2A0104	Lee_Manchester	1	0.01750813584567313	0.7244853377342224
LOSFO	LeeKA_2022	standard_transductive	20260803	V2A0105	Lee_Manchester	0	0.10200480712382429	0.5812573432922363
LOSFO	LeeKA_2022	standard_transductive	20260803	V2A0106	Lee_Manchester	0	0.07569489088013812	0.7503821849822998
LOSFO	LeeKA_2022	standard_transductive	20260803	V2A0107	Lee_Manchester	1	0.4898591617012028	0.7494322061538696
LOSFO	LeeKA_2022	standard_transductive	20260803	V2A0108	Lee_Manchester	0	0.2227540363280616	0.6861539483070374
LOSFO	LeeKA_2022	standard_transductive	20260803	V2A0109	Lee_Manchester	1	0.28588333324853454	0.6028931736946106
LOSFO	LeeKA_2022	standard_transductive	20260803	V2A0110	Lee_Manchester	1	0.30330964986812026	0.6799894571304321
LOSFO	LeeKA_2022	standard_transductive	20260803	V2A0111	Lee_Manchester	1	0.03438132549457162	0.6357355117797852
LOSFO	LeeKA_2022	standard_transductive	20260803	V2A0112	Lee_Manchester	0	0.22654935467447807	0.7196698784828186
LOSFO	LeeKA_2022	standard_transductive	20260803	V2A0113	Lee_Manchester	1	0.0579605991001448	0.6941017508506775
LOSFO	LeeKA_2022	standard_transductive	20260803	V2A0114	Lee_Manchester	0	0.013915992572268283	0.7166582345962524
LOSFO	LeeKA_2022	standard_transductive	20260803	V2A0115	Lee_Manchester	1	0.18718339583265733	0.5958287119865417
LOSFO	LeeKA_2022	standard_transductive	20260803	V2A0116	Lee_Manchester	0	0.2899294585901368	0.6589710712432861
LOSFO	LeeKA_2022	standard_transductive	20260803	V2A0117	Lee_Manchester	1	0.04126360973548634	0.7049750685691833
LOSFO	LeeKA_2022	standard_transductive	20260803	V2A0118	Lee_Manchester	1	0.3719857420644855	0.674937903881073
LOSFO	LeeKA_2022	standard_transductive	20260803	V2A0119	Lee_Manchester	0	0.1628496371555193	0.7521739602088928
LOSFO	LeeKA_2022	standard_transductive	20260803	V2A0120	Lee_PRIMM_NL	1	0.022891671793844083	0.7934175729751587
LOSFO	LeeKA_2022	standard_transductive	20260803	V2A0121	Lee_PRIMM_NL	1	0.1003088175622992	0.7118322253227234
LOSFO	LeeKA_2022	standard_transductive	20260803	V2A0122	Lee_PRIMM_NL	0	0.4312388117314726	0.5513355135917664
LOSFO	LeeKA_2022	standard_transductive	20260803	V2A0123	Lee_PRIMM_NL	1	0.26275947801286426	0.816336452960968
LOSFO	LeeKA_2022	standard_transductive	20260803	V2A0124	Lee_PRIMM_NL	0	0.467325377148058	0.7564051747322083
LOSFO	LeeKA_2022	standard_transductive	20260803	V2A0125	Lee_PRIMM_NL	0	0.16524178812710738	0.7775366902351379
LOSFO	LeeKA_2022	standard_transductive	20260803	V2A0126	Lee_PRIMM_NL	1	0.02866871082363531	0.7634175419807434
LOSFO	LeeKA_2022	standard_transductive	20260803	V2A0127	Lee_PRIMM_NL	0	0.3400382428674716	0.76418137550354
LOSFO	LeeKA_2022	standard_transductive	20260803	V2A0128	Lee_PRIMM_NL	0	0.11552215694901555	0.5665422677993774
LOSFO	LeeKA_2022	standard_transductive	20260803	V2A0129	Lee_PRIMM_NL	1	0.1293847951233873	0.7266960144042969
LOSFO	LeeKA_2022	standard_transductive	20260803	V2A0130	Lee_PRIMM_NL	0	0.19314762537358204	0.8381656408309937
LOSFO	LeeKA_2022	standard_transductive	20260803	V2A0131	Lee_PRIMM_NL	1	0.03841460948931381	0.7393613457679749
LOSFO	LeeKA_2022	standard_transductive	20260803	V2A0132	Lee_PRIMM_NL	0	0.33588766628888483	0.7750650644302368
LOSFO	LeeKA_2022	standard_transductive	20260803	V2A0133	Lee_PRIMM_NL	1	0.039193254212983177	0.7235958576202393
LOSFO	LeeKA_2022	standard_transductive	20260803	V2A0134	Lee_PRIMM_NL	1	0.10333401321401378	0.7761217355728149
LOSFO	LeeKA_2022	standard_transductive	20260803	V2A0135	Lee_PRIMM_NL	0	0.05501013016314064	0.8397074937820435
LOSFO	LeeKA_2022	standard_transductive	20260803	V2A0136	Lee_PRIMM_NL	0	0.3868063977023408	0.5324260592460632
LOSFO	LeeKA_2022	standard_transductive	20260803	V2A0137	Lee_PRIMM_NL	1	0.20674944243555077	0.7188526391983032
LOSFO	LeeKA_2022	standard_transductive	20260803	V2A0138	Lee_PRIMM_NL	1	0.35946836454326503	0.7096225023269653
LOSFO	LeeKA_2022	standard_transductive	20260803	V2A0139	Lee_PRIMM_NL	1	0.0376326735169506	0.746302604675293
LOSFO	LeeKA_2022	standard_transductive	20260803	V2A0140	Lee_PRIMM_NL	0	0.06338998462568528	0.7131960988044739
LOSFO	LeeKA_2022	standard_transductive	20260803	V2A0141	Lee_PRIMM_NL	1	0.2656988657735569	0.6041280627250671
LOSFO	LeeKA_2022	standard_transductive	20260803	V2A0142	Lee_PRIMM_NL	1	0.36044684771580165	0.6855245232582092
LOSFO	LeeKA_2022	standard_transductive	20260803	V2A0143	Lee_PRIMM_NL	1	0.22828303622184332	0.7401013970375061
LOSFO	LeeKA_2022	standard_transductive	20260803	V2A0144	Lee_PRIMM_NL	1	0.6807587301314301	0.7245418429374695
LOSFO	LeeKA_2022	standard_transductive	20260803	V2A0145	Lee_PRIMM_NL	0	0.15101110082220032	0.5870358943939209
LOSFO	LeeKA_2022	standard_transductive	20260803	V2A0146	Lee_PRIMM_NL	0	0.8879960633048745	0.7318961024284363
LOSFO	LeeKA_2022	standard_transductive	20260803	V2A0147	Lee_PRIMM_NL	0	0.07233289321367435	0.54335618019104
LOSFO	LeeKA_2022	standard_transductive	20260803	V2A0148	Lee_PRIMM_NL	0	0.09850288453622648	0.7216795086860657
LOSFO	LeeKA_2022	standard_transductive	20260803	V2A0149	Lee_PRIMM_NL	0	0.5222489877775108	0.629926323890686
LOSFO	LeeKA_2022	standard_transductive	20260803	V2A0150	Lee_PRIMM_NL	1	0.4266617418105096	0.6454347372055054
LOSFO	LeeKA_2022	standard_transductive	20260803	V2A0151	Lee_PRIMM_NL	1	0.01901892825158318	0.6865522265434265
LOSFO	LeeKA_2022	standard_transductive	20260803	V2A0152	Lee_PRIMM_NL	1	0.3051357841692497	0.7389010190963745
LOSFO	LeeKA_2022	standard_transductive	20260803	V2A0153	Lee_PRIMM_NL	0	0.02241818729513223	0.6668668985366821
LOSFO	LeeKA_2022	standard_transductive	20260803	V2A0154	Lee_PRIMM_NL	1	0.692094481963203	0.677997350692749
LOSFO	LeeKA_2022	standard_transductive	20260803	V2A0155	Lee_PRIMM_NL	1	0.279570907944873	0.67899090051651
LOSFO	LeeKA_2022	standard_transductive	20260803	V2A0156	Lee_PRIMM_NL	1	0.26436517817157745	0.7404156923294067
LOSFO	LeeKA_2022	standard_transductive	20260803	V2A0157	Lee_PRIMM_NL	1	0.027620849487255558	0.6621444821357727
LOSFO	LeeKA_2022	standard_transductive	20260803	V2A0158	Lee_PRIMM_NL	0	0.07908592447778309	0.7669506072998047
LOSFO	LeeKA_2022	standard_transductive	20260803	V2A0159	Lee_PRIMM_NL	1	0.10466106329427068	0.6075610518455505
LOSFO	LeeKA_2022	standard_transductive	20260803	V2A0160	Lee_PRIMM_NL	0	0.32284816692989443	0.7298220992088318
LOSFO	LeeKA_2022	standard_transductive	20260803	V2A0161	Lee_PRIMM_NL	1	0.11436476415248933	0.7048748135566711
LOSFO	LeeKA_2022	standard_transductive	20260803	V2A0162	Lee_PRIMM_NL	1	0.17053619377102697	0.7053444385528564
LOSFO	LeeKA_2022	standard_transductive	20260803	V2A0163	Lee_PRIMM_NL	0	0.12070288199530904	0.7374526262283325
LOSFO	LeeKA_2022	standard_transductive	20260803	V2A0164	Lee_PRIMM_NL	0	0.2095921611021956	0.7006576061248779
LOSFO	LeeKA_2022	standard_transductive	20260803	V2A0165	Lee_PRIMM_NL	1	0.03330962224156192	0.7238348722457886
LOSFO	LeeKA_2022	standard_transductive	20260803	V2A0166	Lee_PRIMM_NL	0	0.24156889305665366	0.7041940093040466
LOSFO	LeeKA_2022	standard_transductive	20260803	V2A0167	Lee_PRIMM_NL	0	0.19381932612053676	0.7376970052719116
LOSFO	LeeKA_2022	standard_transductive	20260803	V2A0168	Lee_PRIMM_NL	1	0.024634057172459006	0.6981292366981506
LOSFO	LeeKA_2022	standard_transductive	20260803	V2A0169	Lee_PRIMM_NL	1	0.6149872916586502	0.6964690685272217
LOSFO	LeeKA_2022	standard_transductive	20260803	V2A0170	Lee_PRIMM_NL	1	0.012761702920555628	0.776423454284668
LOSFO	LeeKA_2022	standard_transductive	20260803	V2A0171	Lee_PRIMM_NL	1	0.03230463255299912	0.729949414730072
LOSFO	LeeKA_2022	standard_transductive	20260803	V2A0172	Lee_PRIMM_NL	1	0.23603402410997706	0.7561099529266357
LOSFO	LeeKA_2022	standard_transductive	20260803	V2A0173	Lee_PRIMM_NL	1	0.022753567978918383	0.7116619348526001
LOSFO	LeeKA_2022	standard_transductive	20260803	V2A0174	Lee_PRIMM_NL	1	0.7325916662905438	0.6019245386123657
LOSFO	LeeKA_2022	standard_transductive	20260803	V2A0175	Lee_PRIMM_UK	1	0.18192111166951883	0.7003556489944458
LOSFO	LeeKA_2022	standard_transductive	20260803	V2A0176	Lee_PRIMM_UK	1	0.27356336698637507	0.660213053226471
LOSFO	LeeKA_2022	standard_transductive	20260803	V2A0177	Lee_PRIMM_UK	1	0.11946575121573833	0.7451180219650269
LOSFO	LeeKA_2022	standard_transductive	20260803	V2A0178	Lee_PRIMM_UK	1	0.17671758364775034	0.6884213089942932
LOSFO	LeeKA_2022	standard_transductive	20260803	V2A0179	Lee_PRIMM_UK	1	0.057220788791517235	0.7595173716545105
LOSFO	LeeKA_2022	standard_transductive	20260803	V2A0180	Lee_PRIMM_UK	1	0.36939242089126334	0.7017460465431213
LOSFO	LeeKA_2022	standard_transductive	20260803	V2A0181	Lee_PRIMM_UK	1	0.3765353134585751	0.6592935919761658
LOSFO	LeeKA_2022	standard_transductive	20260803	V2A0182	Lee_PRIMM_UK	0	0.5795776603103361	0.7809305787086487
LOSFO	LeeKA_2022	standard_transductive	20260803	V2A0183	Lee_PRIMM_UK	0	0.03695318536109623	0.5838199853897095
LOSFO	LeeKA_2022	standard_transductive	20260803	V2A0184	Lee_PRIMM_UK	0	0.15423665627143798	0.7021414041519165
LOSFO	LeeKA_2022	standard_transductive	20260803	V2A0185	Lee_PRIMM_UK	1	0.3779214375843507	0.6622790694236755
LOSFO	LeeKA_2022	standard_transductive	20260803	V2A0186	Lee_PRIMM_UK	0	0.5062264682326477	0.56463223695755
LOSFO	LeeKA_2022	standard_transductive	20260803	V2A0187	Lee_PRIMM_UK	1	0.06262856464042921	0.7759996056556702
LOSFO	LeeKA_2022	standard_transductive	20260803	V2A0188	Lee_PRIMM_UK	1	0.301281882865713	0.7500737905502319
LOSFO	LeeKA_2022	standard_transductive	20260803	V2A0189	Lee_PRIMM_UK	1	0.37406762953093964	0.7940394282341003
LOSFO	LeeKA_2022	standard_transductive	20260803	V2A0190	Lee_PRIMM_UK	1	0.36474139130693967	0.6506731510162354
LOSFO	LeeKA_2022	standard_transductive	20260803	V2A0191	Lee_PRIMM_UK	1	0.18521936478886714	0.748959481716156
LOSFO	LeeKA_2022	standard_transductive	20260803	V2A0192	Lee_PRIMM_UK	1	0.06381448657929602	0.6531084775924683
LOSFO	LeeKA_2022	standard_transductive	20260803	V2A0193	Lee_PRIMM_UK	0	0.6897767392028765	0.5893057584762573
LOSFO	LeeKA_2022	standard_transductive	20260803	V2A0194	Lee_PRIMM_UK	1	0.7198805619171097	0.7427303791046143
LOSFO	LeeKA_2022	standard_transductive	20260803	V2A0195	Lee_PRIMM_UK	0	0.33630703458365024	0.7660665512084961
LOSFO	LeeKA_2022	standard_transductive	20260803	V2A0196	Lee_PRIMM_UK	0	0.5077039673609731	0.7041710615158081
LOSFO	LeeKA_2022	standard_transductive	20260803	V2A0197	Lee_PRIMM_UK	1	0.15744155707614602	0.7476108074188232
LOSFO	LeeKA_2022	standard_transductive	20260803	V2A0198	Lee_PRIMM_UK	0	0.18557789459113644	0.740427553653717
LOSFO	LeeKA_2022	standard_transductive	20260803	V2A0199	Lee_PRIMM_UK	1	0.1031553159638267	0.6483331918716431
LOSFO	LeeKA_2022	standard_transductive	20260803	V2A0200	Lee_PRIMM_UK	1	0.20120737679593537	0.6886295676231384
LOSFO	LeeKA_2022	standard_transductive	20260803	V2A0201	Lee_PRIMM_UK	0	0.21516444121359132	0.723881721496582
LOSFO	LeeKA_2022	standard_transductive	20260803	V2A0202	Lee_PRIMM_UK	1	0.14616770122298078	0.6295136213302612
LOSFO	LeeKA_2022	standard_transductive	20260803	V2A0203	Lee_PRIMM_UK	1	0.17476281221161968	0.7710671424865723
LOSFO	LeeKA_2022	standard_transductive	20260803	V2A0204	Lee_PRIMM_UK	1	0.09909062373057032	0.6759421825408936
LOSFO	LeeKA_2022	standard_transductive	20260803	V2A0205	Lee_PRIMM_UK	0	0.3743439973650144	0.715807318687439
LOSFO	LeeKA_2022	standard_transductive	20260803	V2A0206	Lee_PRIMM_UK	0	0.2886955890898568	0.6980702877044678
LOSFO	LeeKA_2022	standard_transductive	20260803	V2A0207	Lee_PRIMM_UK	1	0.22268606403884014	0.7304085493087769
LOSFO	LeeKA_2022	standard_transductive	20260803	V2A0208	Lee_PRIMM_UK	1	0.15564837405540285	0.7156503796577454
LOSFO	LeeKA_2022	standard_transductive	20260803	V2A0209	Lee_PRIMM_UK	1	0.4662135651615634	0.7924651503562927
LOSFO	LeeKA_2022	standard_transductive	20260803	V2A0210	Lee_PRIMM_UK	1	0.056935140830732645	0.660528302192688
LOSFO	LeeKA_2022	standard_transductive	20260803	V2A0211	Lee_PRIMM_UK	0	0.24769214527399394	0.6829233169555664
LOSFO	LeeKA_2022	standard_transductive	20260803	V2A0212	Lee_PRIMM_UK	0	0.6242138476996065	0.6245856881141663
LOSFO	LeeKA_2022	standard_transductive	20260803	V2A0213	Lee_PRIMM_UK	1	0.03636887378645025	0.522324800491333
LOSFO	LeeKA_2022	standard_transductive	20260803	V2A0214	Lee_PRIMM_UK	0	0.05930212961440184	0.7673940062522888
LOSFO	LeeKA_2022	standard_transductive	20260803	V2A0215	Lee_PRIMM_UK	1	0.014449485754268751	0.6673836708068848
LOSFO	LeeKA_2022	standard_transductive	20260803	V2A0216	Lee_PRIMM_UK	1	0.17067371500145556	0.6806989312171936
LOSFO	LeeKA_2022	standard_transductive	20260803	V2A0217	Lee_PRIMM_UK	1	0.1960344144350292	0.7298617959022522
LOSFO	LeeKA_2022	standard_transductive	20260803	V2A0218	Lee_PRIMM_UK	0	0.11479688671983221	0.5196059346199036
LOSFO	LeeKA_2022	standard_transductive	20260803	V2A0219	Lee_PRIMM_UK	1	0.3226204637713088	0.6572003960609436
LOSFO	LeeKA_2022	standard_transductive	20260803	V2A0220	Lee_PRIMM_UK	0	0.029535384229731756	0.7578063011169434
LOSFO	LeeKA_2022	standard_transductive	20260803	V2A0221	Lee_PRIMM_UK	1	0.5062885357501912	0.6532755494117737
LOSFO	LeeKA_2022	standard_transductive	20260803	V2A0222	Lee_PRIMM_UK	1	0.07440573128330055	0.7465354204177856
LOSFO	LeeKA_2022	standard_transductive	20260803	V2A0223	Lee_PRIMM_UK	0	0.03482360683703227	0.697104275226593
LOSFO	LeeKA_2022	standard_transductive	20260803	V2A0224	Lee_PRIMM_UK	0	0.08879190986396743	0.6460690498352051
LOSFO	LeeKA_2022	standard_transductive	20260803	V2A0225	Lee_PRIMM_UK	0	0.448269838219312	0.7098532319068909
LOSFO	LeeKA_2022	standard_transductive	20260803	V2A0226	Lee_PRIMM_UK	1	0.07890286996074763	0.6604267358779907
LOSFO	LeeKA_2022	standard_transductive	20260803	V2A0227	Lee_PRIMM_UK	0	0.06575152883652714	0.6430781483650208
LOSFO	LeeKA_2022	standard_transductive	20260803	V2A0228	Lee_PRIMM_UK	0	0.18763130530255254	0.684302568435669
LOSFO	LeeKA_2022	standard_transductive	20260804	V2A0065	Lee_Barcelona	0	0.8125960906214516	0.6912426948547363
LOSFO	LeeKA_2022	standard_transductive	20260804	V2A0066	Lee_Barcelona	1	0.9009723237602117	0.6882099509239197
LOSFO	LeeKA_2022	standard_transductive	20260804	V2A0067	Lee_Barcelona	0	0.21404584531245	0.6294400691986084
LOSFO	LeeKA_2022	standard_transductive	20260804	V2A0068	Lee_Barcelona	0	0.7361365924914814	0.6758449077606201
LOSFO	LeeKA_2022	standard_transductive	20260804	V2A0069	Lee_Barcelona	1	0.5710210251998304	0.5533900856971741
LOSFO	LeeKA_2022	standard_transductive	20260804	V2A0070	Lee_Barcelona	1	0.8353583742071864	0.6457803249359131
LOSFO	LeeKA_2022	standard_transductive	20260804	V2A0071	Lee_Barcelona	0	0.876065674463902	0.7468299865722656
LOSFO	LeeKA_2022	standard_transductive	20260804	V2A0072	Lee_Barcelona	1	0.42274727550652824	0.6766262054443359
LOSFO	LeeKA_2022	standard_transductive	20260804	V2A0073	Lee_Barcelona	1	0.793563186121847	0.7752257585525513
LOSFO	LeeKA_2022	standard_transductive	20260804	V2A0074	Lee_Barcelona	0	0.5355262385488141	0.6428701281547546
LOSFO	LeeKA_2022	standard_transductive	20260804	V2A0075	Lee_Barcelona	1	0.27430152111428846	0.5250911712646484
LOSFO	LeeKA_2022	standard_transductive	20260804	V2A0076	Lee_Barcelona	0	0.9479524575001294	0.7088698148727417
LOSFO	LeeKA_2022	standard_transductive	20260804	V2A0077	Lee_Leeds	1	0.4480968866026671	0.6765322089195251
LOSFO	LeeKA_2022	standard_transductive	20260804	V2A0078	Lee_Leeds	1	0.33469712548777447	0.6532273292541504
LOSFO	LeeKA_2022	standard_transductive	20260804	V2A0079	Lee_Leeds	0	0.2868893746850216	0.6967115998268127
LOSFO	LeeKA_2022	standard_transductive	20260804	V2A0080	Lee_Leeds	1	0.17635519065026453	0.6221765875816345
LOSFO	LeeKA_2022	standard_transductive	20260804	V2A0081	Lee_Leeds	0	0.2286454207090608	0.7659173607826233
LOSFO	LeeKA_2022	standard_transductive	20260804	V2A0082	Lee_Leeds	1	0.10520624935259482	0.7096101641654968
LOSFO	LeeKA_2022	standard_transductive	20260804	V2A0083	Lee_Leeds	0	0.5618106605556215	0.7083898186683655
LOSFO	LeeKA_2022	standard_transductive	20260804	V2A0084	Lee_Leeds	1	0.16815077986248525	0.6721143126487732
LOSFO	LeeKA_2022	standard_transductive	20260804	V2A0085	Lee_Leeds	0	0.07723884532837817	0.7399014830589294
LOSFO	LeeKA_2022	standard_transductive	20260804	V2A0086	Lee_Leeds	1	0.2635465540706749	0.7180123329162598
LOSFO	LeeKA_2022	standard_transductive	20260804	V2A0087	Lee_Leeds	1	0.5480226865210431	0.7285616397857666
LOSFO	LeeKA_2022	standard_transductive	20260804	V2A0088	Lee_Leeds	0	0.18990200356417447	0.7026928663253784
LOSFO	LeeKA_2022	standard_transductive	20260804	V2A0089	Lee_Leeds	0	0.49942647574024596	0.715851366519928
LOSFO	LeeKA_2022	standard_transductive	20260804	V2A0090	Lee_Leeds	0	0.7876482724605703	0.7137088179588318
LOSFO	LeeKA_2022	standard_transductive	20260804	V2A0091	Lee_Leeds	1	0.46486760192897525	0.5680910348892212
LOSFO	LeeKA_2022	standard_transductive	20260804	V2A0092	Lee_Leeds	1	0.22953072110718187	0.5099255442619324
LOSFO	LeeKA_2022	standard_transductive	20260804	V2A0093	Lee_Leeds	0	0.37194770540592037	0.5489488244056702
LOSFO	LeeKA_2022	standard_transductive	20260804	V2A0094	Lee_Leeds	1	0.2060146799348201	0.7198301553726196
LOSFO	LeeKA_2022	standard_transductive	20260804	V2A0095	Lee_Manchester	0	0.08188801652595268	0.6101733446121216
LOSFO	LeeKA_2022	standard_transductive	20260804	V2A0096	Lee_Manchester	1	0.3136872245734319	0.6285519003868103
LOSFO	LeeKA_2022	standard_transductive	20260804	V2A0097	Lee_Manchester	1	0.043076216252541544	0.7233314514160156
LOSFO	LeeKA_2022	standard_transductive	20260804	V2A0098	Lee_Manchester	0	0.06330420496915085	0.7149617671966553
LOSFO	LeeKA_2022	standard_transductive	20260804	V2A0099	Lee_Manchester	0	0.12663152736717215	0.6893007159233093
LOSFO	LeeKA_2022	standard_transductive	20260804	V2A0100	Lee_Manchester	0	0.12173067640267418	0.7683652639389038
LOSFO	LeeKA_2022	standard_transductive	20260804	V2A0101	Lee_Manchester	0	0.28398728029837894	0.7164942026138306
LOSFO	LeeKA_2022	standard_transductive	20260804	V2A0102	Lee_Manchester	0	0.14321780488096822	0.5631191730499268
LOSFO	LeeKA_2022	standard_transductive	20260804	V2A0103	Lee_Manchester	1	0.3473349708667099	0.7320584654808044
LOSFO	LeeKA_2022	standard_transductive	20260804	V2A0104	Lee_Manchester	1	0.016530910604559763	0.7104712724685669
LOSFO	LeeKA_2022	standard_transductive	20260804	V2A0105	Lee_Manchester	0	0.09856038971484775	0.5483161211013794
LOSFO	LeeKA_2022	standard_transductive	20260804	V2A0106	Lee_Manchester	0	0.07512743119123427	0.730868935585022
LOSFO	LeeKA_2022	standard_transductive	20260804	V2A0107	Lee_Manchester	1	0.4853302603026355	0.7380956411361694
LOSFO	LeeKA_2022	standard_transductive	20260804	V2A0108	Lee_Manchester	0	0.22160981740489283	0.6670975685119629
LOSFO	LeeKA_2022	standard_transductive	20260804	V2A0109	Lee_Manchester	1	0.2774005533324099	0.5750833749771118
LOSFO	LeeKA_2022	standard_transductive	20260804	V2A0110	Lee_Manchester	1	0.2934841166948629	0.6571078896522522
LOSFO	LeeKA_2022	standard_transductive	20260804	V2A0111	Lee_Manchester	1	0.033266336632779614	0.6122016906738281
LOSFO	LeeKA_2022	standard_transductive	20260804	V2A0112	Lee_Manchester	0	0.2226302121159249	0.6956009268760681
LOSFO	LeeKA_2022	standard_transductive	20260804	V2A0113	Lee_Manchester	1	0.05741841860114873	0.6725544333457947
LOSFO	LeeKA_2022	standard_transductive	20260804	V2A0114	Lee_Manchester	0	0.012785680169904933	0.686491847038269
LOSFO	LeeKA_2022	standard_transductive	20260804	V2A0115	Lee_Manchester	1	0.18512819692929092	0.5807362794876099
LOSFO	LeeKA_2022	standard_transductive	20260804	V2A0116	Lee_Manchester	0	0.2872544074743218	0.6358742117881775
LOSFO	LeeKA_2022	standard_transductive	20260804	V2A0117	Lee_Manchester	1	0.03988471807706535	0.6695660948753357
LOSFO	LeeKA_2022	standard_transductive	20260804	V2A0118	Lee_Manchester	1	0.3682758990636057	0.6440520286560059
LOSFO	LeeKA_2022	standard_transductive	20260804	V2A0119	Lee_Manchester	0	0.16035168264735655	0.7239875793457031
LOSFO	LeeKA_2022	standard_transductive	20260804	V2A0120	Lee_PRIMM_NL	1	0.02212139414306141	0.7805556058883667
LOSFO	LeeKA_2022	standard_transductive	20260804	V2A0121	Lee_PRIMM_NL	1	0.09898213426861562	0.6842775940895081
LOSFO	LeeKA_2022	standard_transductive	20260804	V2A0122	Lee_PRIMM_NL	0	0.43800235844503455	0.5094618201255798
LOSFO	LeeKA_2022	standard_transductive	20260804	V2A0123	Lee_PRIMM_NL	1	0.2511667394096312	0.8052703142166138
LOSFO	LeeKA_2022	standard_transductive	20260804	V2A0124	Lee_PRIMM_NL	0	0.46251845031962885	0.7351652383804321
LOSFO	LeeKA_2022	standard_transductive	20260804	V2A0125	Lee_PRIMM_NL	0	0.16061289452760769	0.7619686126708984
LOSFO	LeeKA_2022	standard_transductive	20260804	V2A0126	Lee_PRIMM_NL	1	0.027159436961822887	0.7426832914352417
LOSFO	LeeKA_2022	standard_transductive	20260804	V2A0127	Lee_PRIMM_NL	0	0.33766286350833496	0.7359146475791931
LOSFO	LeeKA_2022	standard_transductive	20260804	V2A0128	Lee_PRIMM_NL	0	0.11463551979941733	0.5352308750152588
LOSFO	LeeKA_2022	standard_transductive	20260804	V2A0129	Lee_PRIMM_NL	1	0.12095016863255328	0.6968196034431458
LOSFO	LeeKA_2022	standard_transductive	20260804	V2A0130	Lee_PRIMM_NL	0	0.1900809320110313	0.8210853934288025
LOSFO	LeeKA_2022	standard_transductive	20260804	V2A0131	Lee_PRIMM_NL	1	0.03783560617646818	0.7236256003379822
LOSFO	LeeKA_2022	standard_transductive	20260804	V2A0132	Lee_PRIMM_NL	0	0.3311275876187398	0.7580240368843079
LOSFO	LeeKA_2022	standard_transductive	20260804	V2A0133	Lee_PRIMM_NL	1	0.03884598171216464	0.711122989654541
LOSFO	LeeKA_2022	standard_transductive	20260804	V2A0134	Lee_PRIMM_NL	1	0.09941016089066161	0.7582280039787292
LOSFO	LeeKA_2022	standard_transductive	20260804	V2A0135	Lee_PRIMM_NL	0	0.053157601960008335	0.8305786848068237
LOSFO	LeeKA_2022	standard_transductive	20260804	V2A0136	Lee_PRIMM_NL	0	0.3858345494465603	0.5197619795799255
LOSFO	LeeKA_2022	standard_transductive	20260804	V2A0137	Lee_PRIMM_NL	1	0.202235145640029	0.6783348917961121
LOSFO	LeeKA_2022	standard_transductive	20260804	V2A0138	Lee_PRIMM_NL	1	0.3519654859078078	0.6758676171302795
LOSFO	LeeKA_2022	standard_transductive	20260804	V2A0139	Lee_PRIMM_NL	1	0.03488309372681551	0.7208078503608704
LOSFO	LeeKA_2022	standard_transductive	20260804	V2A0140	Lee_PRIMM_NL	0	0.060996924530101124	0.6826837062835693
LOSFO	LeeKA_2022	standard_transductive	20260804	V2A0141	Lee_PRIMM_NL	1	0.26003300033378335	0.5872783660888672
LOSFO	LeeKA_2022	standard_transductive	20260804	V2A0142	Lee_PRIMM_NL	1	0.3585384351883994	0.6558430790901184
LOSFO	LeeKA_2022	standard_transductive	20260804	V2A0143	Lee_PRIMM_NL	1	0.2238199716151598	0.7258109450340271
LOSFO	LeeKA_2022	standard_transductive	20260804	V2A0144	Lee_PRIMM_NL	1	0.6698741800963431	0.6926088333129883
LOSFO	LeeKA_2022	standard_transductive	20260804	V2A0145	Lee_PRIMM_NL	0	0.1499387952683974	0.5808133482933044
LOSFO	LeeKA_2022	standard_transductive	20260804	V2A0146	Lee_PRIMM_NL	0	0.8849316461980056	0.7080689072608948
LOSFO	LeeKA_2022	standard_transductive	20260804	V2A0147	Lee_PRIMM_NL	0	0.06990667326439257	0.5106660723686218
LOSFO	LeeKA_2022	standard_transductive	20260804	V2A0148	Lee_PRIMM_NL	0	0.09513390919626327	0.7032921314239502
LOSFO	LeeKA_2022	standard_transductive	20260804	V2A0149	Lee_PRIMM_NL	0	0.5209551830853051	0.6146216988563538
LOSFO	LeeKA_2022	standard_transductive	20260804	V2A0150	Lee_PRIMM_NL	1	0.41588657155988007	0.6281302571296692
LOSFO	LeeKA_2022	standard_transductive	20260804	V2A0151	Lee_PRIMM_NL	1	0.017951727228101	0.6487118005752563
LOSFO	LeeKA_2022	standard_transductive	20260804	V2A0152	Lee_PRIMM_NL	1	0.30790910488106316	0.7166416049003601
LOSFO	LeeKA_2022	standard_transductive	20260804	V2A0153	Lee_PRIMM_NL	0	0.022201030673260538	0.6346248984336853
LOSFO	LeeKA_2022	standard_transductive	20260804	V2A0154	Lee_PRIMM_NL	1	0.6875482203856214	0.653552770614624
LOSFO	LeeKA_2022	standard_transductive	20260804	V2A0155	Lee_PRIMM_NL	1	0.27798329242404596	0.6637078523635864
LOSFO	LeeKA_2022	standard_transductive	20260804	V2A0156	Lee_PRIMM_NL	1	0.25687273445116876	0.7182839512825012
LOSFO	LeeKA_2022	standard_transductive	20260804	V2A0157	Lee_PRIMM_NL	1	0.026757648902251102	0.6421430706977844
LOSFO	LeeKA_2022	standard_transductive	20260804	V2A0158	Lee_PRIMM_NL	0	0.07527820806407408	0.7458714246749878
LOSFO	LeeKA_2022	standard_transductive	20260804	V2A0159	Lee_PRIMM_NL	1	0.10299880393981614	0.5888401865959167
LOSFO	LeeKA_2022	standard_transductive	20260804	V2A0160	Lee_PRIMM_NL	0	0.31267079958587285	0.6973580718040466
LOSFO	LeeKA_2022	standard_transductive	20260804	V2A0161	Lee_PRIMM_NL	1	0.11191017864820839	0.680709719657898
LOSFO	LeeKA_2022	standard_transductive	20260804	V2A0162	Lee_PRIMM_NL	1	0.16782953934270414	0.6682741641998291
LOSFO	LeeKA_2022	standard_transductive	20260804	V2A0163	Lee_PRIMM_NL	0	0.11650844249359257	0.7021856307983398
LOSFO	LeeKA_2022	standard_transductive	20260804	V2A0164	Lee_PRIMM_NL	0	0.2034546140119977	0.6711826920509338
LOSFO	LeeKA_2022	standard_transductive	20260804	V2A0165	Lee_PRIMM_NL	1	0.032091795550376244	0.6963589787483215
LOSFO	LeeKA_2022	standard_transductive	20260804	V2A0166	Lee_PRIMM_NL	0	0.22980847903497476	0.673354983329773
LOSFO	LeeKA_2022	standard_transductive	20260804	V2A0167	Lee_PRIMM_NL	0	0.19667566306252937	0.7190081477165222
LOSFO	LeeKA_2022	standard_transductive	20260804	V2A0168	Lee_PRIMM_NL	1	0.02332315114457677	0.6796448230743408
LOSFO	LeeKA_2022	standard_transductive	20260804	V2A0169	Lee_PRIMM_NL	1	0.609315319250526	0.6782093644142151
LOSFO	LeeKA_2022	standard_transductive	20260804	V2A0170	Lee_PRIMM_NL	1	0.012118422083220837	0.7569535970687866
LOSFO	LeeKA_2022	standard_transductive	20260804	V2A0171	Lee_PRIMM_NL	1	0.03131197783973813	0.7073324918746948
LOSFO	LeeKA_2022	standard_transductive	20260804	V2A0172	Lee_PRIMM_NL	1	0.23004511345499196	0.7325037717819214
LOSFO	LeeKA_2022	standard_transductive	20260804	V2A0173	Lee_PRIMM_NL	1	0.021460969431360544	0.6794113516807556
LOSFO	LeeKA_2022	standard_transductive	20260804	V2A0174	Lee_PRIMM_NL	1	0.7280805372802484	0.5851675271987915
LOSFO	LeeKA_2022	standard_transductive	20260804	V2A0175	Lee_PRIMM_UK	1	0.18041483297738994	0.6808716058731079
LOSFO	LeeKA_2022	standard_transductive	20260804	V2A0176	Lee_PRIMM_UK	1	0.258351255938727	0.638276994228363
LOSFO	LeeKA_2022	standard_transductive	20260804	V2A0177	Lee_PRIMM_UK	1	0.12088286226523529	0.7284987568855286
LOSFO	LeeKA_2022	standard_transductive	20260804	V2A0178	Lee_PRIMM_UK	1	0.17766876275909066	0.6682194471359253
LOSFO	LeeKA_2022	standard_transductive	20260804	V2A0179	Lee_PRIMM_UK	1	0.05650926901951759	0.7339959740638733
LOSFO	LeeKA_2022	standard_transductive	20260804	V2A0180	Lee_PRIMM_UK	1	0.36417113251578276	0.6716127395629883
LOSFO	LeeKA_2022	standard_transductive	20260804	V2A0181	Lee_PRIMM_UK	1	0.37248026172357934	0.6287406086921692
LOSFO	LeeKA_2022	standard_transductive	20260804	V2A0182	Lee_PRIMM_UK	0	0.5773814414503322	0.7691687345504761
LOSFO	LeeKA_2022	standard_transductive	20260804	V2A0183	Lee_PRIMM_UK	0	0.03660055881858427	0.5626381039619446
LOSFO	LeeKA_2022	standard_transductive	20260804	V2A0184	Lee_PRIMM_UK	0	0.1541145732135843	0.6882870197296143
LOSFO	LeeKA_2022	standard_transductive	20260804	V2A0185	Lee_PRIMM_UK	1	0.37001541759704437	0.6250520348548889
LOSFO	LeeKA_2022	standard_transductive	20260804	V2A0186	Lee_PRIMM_UK	0	0.5030113548732469	0.5504384636878967
LOSFO	LeeKA_2022	standard_transductive	20260804	V2A0187	Lee_PRIMM_UK	1	0.058854909916820096	0.7462417483329773
LOSFO	LeeKA_2022	standard_transductive	20260804	V2A0188	Lee_PRIMM_UK	1	0.2952369030864894	0.731024444103241
LOSFO	LeeKA_2022	standard_transductive	20260804	V2A0189	Lee_PRIMM_UK	1	0.36992975894833935	0.7772312760353088
LOSFO	LeeKA_2022	standard_transductive	20260804	V2A0190	Lee_PRIMM_UK	1	0.35892278307948755	0.6103662848472595
LOSFO	LeeKA_2022	standard_transductive	20260804	V2A0191	Lee_PRIMM_UK	1	0.17883851122343503	0.7279732823371887
LOSFO	LeeKA_2022	standard_transductive	20260804	V2A0192	Lee_PRIMM_UK	1	0.06162084688352891	0.6312251687049866
LOSFO	LeeKA_2022	standard_transductive	20260804	V2A0193	Lee_PRIMM_UK	0	0.6886663921177322	0.5586629509925842
LOSFO	LeeKA_2022	standard_transductive	20260804	V2A0194	Lee_PRIMM_UK	1	0.7123153750152295	0.7122249603271484
LOSFO	LeeKA_2022	standard_transductive	20260804	V2A0195	Lee_PRIMM_UK	0	0.3312094668922488	0.7440336346626282
LOSFO	LeeKA_2022	standard_transductive	20260804	V2A0196	Lee_PRIMM_UK	0	0.5011352643967206	0.6814340353012085
LOSFO	LeeKA_2022	standard_transductive	20260804	V2A0197	Lee_PRIMM_UK	1	0.15506454056310562	0.726244330406189
LOSFO	LeeKA_2022	standard_transductive	20260804	V2A0198	Lee_PRIMM_UK	0	0.17941613362944042	0.7254562973976135
LOSFO	LeeKA_2022	standard_transductive	20260804	V2A0199	Lee_PRIMM_UK	1	0.09948606032391936	0.6266552805900574
LOSFO	LeeKA_2022	standard_transductive	20260804	V2A0200	Lee_PRIMM_UK	1	0.19281641049951012	0.6561918258666992
LOSFO	LeeKA_2022	standard_transductive	20260804	V2A0201	Lee_PRIMM_UK	0	0.20760216955576796	0.6986548900604248
LOSFO	LeeKA_2022	standard_transductive	20260804	V2A0202	Lee_PRIMM_UK	1	0.1444706956213069	0.6065161228179932
LOSFO	LeeKA_2022	standard_transductive	20260804	V2A0203	Lee_PRIMM_UK	1	0.17006635385671842	0.7551686763763428
LOSFO	LeeKA_2022	standard_transductive	20260804	V2A0204	Lee_PRIMM_UK	1	0.09694873203230968	0.6510947346687317
LOSFO	LeeKA_2022	standard_transductive	20260804	V2A0205	Lee_PRIMM_UK	0	0.36277282519198484	0.6927006840705872
LOSFO	LeeKA_2022	standard_transductive	20260804	V2A0206	Lee_PRIMM_UK	0	0.288777913016231	0.6654132604598999
LOSFO	LeeKA_2022	standard_transductive	20260804	V2A0207	Lee_PRIMM_UK	1	0.21124758762125703	0.7021654844284058
LOSFO	LeeKA_2022	standard_transductive	20260804	V2A0208	Lee_PRIMM_UK	1	0.1510541305621638	0.6888025403022766
LOSFO	LeeKA_2022	standard_transductive	20260804	V2A0209	Lee_PRIMM_UK	1	0.4594109492608919	0.7662086486816406
LOSFO	LeeKA_2022	standard_transductive	20260804	V2A0210	Lee_PRIMM_UK	1	0.05557306698836491	0.6390506029129028
LOSFO	LeeKA_2022	standard_transductive	20260804	V2A0211	Lee_PRIMM_UK	0	0.23606698715799926	0.6730446815490723
LOSFO	LeeKA_2022	standard_transductive	20260804	V2A0212	Lee_PRIMM_UK	0	0.6144719733733637	0.6052559018135071
LOSFO	LeeKA_2022	standard_transductive	20260804	V2A0213	Lee_PRIMM_UK	1	0.035888054438569836	0.502488374710083
LOSFO	LeeKA_2022	standard_transductive	20260804	V2A0214	Lee_PRIMM_UK	0	0.05825088466043568	0.7521878480911255
LOSFO	LeeKA_2022	standard_transductive	20260804	V2A0215	Lee_PRIMM_UK	1	0.014274693470014373	0.6383063197135925
LOSFO	LeeKA_2022	standard_transductive	20260804	V2A0216	Lee_PRIMM_UK	1	0.1679513319626744	0.6583338975906372
LOSFO	LeeKA_2022	standard_transductive	20260804	V2A0217	Lee_PRIMM_UK	1	0.19208798360755805	0.7100856900215149
LOSFO	LeeKA_2022	standard_transductive	20260804	V2A0218	Lee_PRIMM_UK	0	0.11552914535277699	0.49209049344062805
LOSFO	LeeKA_2022	standard_transductive	20260804	V2A0219	Lee_PRIMM_UK	1	0.3209330312496086	0.6345537900924683
LOSFO	LeeKA_2022	standard_transductive	20260804	V2A0220	Lee_PRIMM_UK	0	0.029408109846354936	0.7359033823013306
LOSFO	LeeKA_2022	standard_transductive	20260804	V2A0221	Lee_PRIMM_UK	1	0.49740237061853776	0.6344590187072754
LOSFO	LeeKA_2022	standard_transductive	20260804	V2A0222	Lee_PRIMM_UK	1	0.07325158218691966	0.7346639037132263
LOSFO	LeeKA_2022	standard_transductive	20260804	V2A0223	Lee_PRIMM_UK	0	0.034212944919072084	0.656416118144989
LOSFO	LeeKA_2022	standard_transductive	20260804	V2A0224	Lee_PRIMM_UK	0	0.08702119887288927	0.6222341060638428
LOSFO	LeeKA_2022	standard_transductive	20260804	V2A0225	Lee_PRIMM_UK	0	0.4404907790981245	0.6781117916107178
LOSFO	LeeKA_2022	standard_transductive	20260804	V2A0226	Lee_PRIMM_UK	1	0.0767890899201254	0.6422088742256165
LOSFO	LeeKA_2022	standard_transductive	20260804	V2A0227	Lee_PRIMM_UK	0	0.06618370608792615	0.6256718635559082
LOSFO	LeeKA_2022	standard_transductive	20260804	V2A0228	Lee_PRIMM_UK	0	0.18791159215103112	0.6649276614189148
LOSFO	LeeKA_2022	standard_transductive	20260805	V2A0065	Lee_Barcelona	0	0.8144968752948483	0.7003759145736694
LOSFO	LeeKA_2022	standard_transductive	20260805	V2A0066	Lee_Barcelona	1	0.9033231923913175	0.6943928599357605
LOSFO	LeeKA_2022	standard_transductive	20260805	V2A0067	Lee_Barcelona	0	0.2145931352650121	0.6413869261741638
LOSFO	LeeKA_2022	standard_transductive	20260805	V2A0068	Lee_Barcelona	0	0.7361379478759315	0.683850884437561
LOSFO	LeeKA_2022	standard_transductive	20260805	V2A0069	Lee_Barcelona	1	0.5790202203544019	0.5691470503807068
LOSFO	LeeKA_2022	standard_transductive	20260805	V2A0070	Lee_Barcelona	1	0.842723971778536	0.6563944220542908
LOSFO	LeeKA_2022	standard_transductive	20260805	V2A0071	Lee_Barcelona	0	0.8745752743406421	0.7573186755180359
LOSFO	LeeKA_2022	standard_transductive	20260805	V2A0072	Lee_Barcelona	1	0.4260920403287959	0.687639057636261
LOSFO	LeeKA_2022	standard_transductive	20260805	V2A0073	Lee_Barcelona	1	0.7949857547441236	0.7803089022636414
LOSFO	LeeKA_2022	standard_transductive	20260805	V2A0074	Lee_Barcelona	0	0.5384377193320083	0.652057945728302
LOSFO	LeeKA_2022	standard_transductive	20260805	V2A0075	Lee_Barcelona	1	0.2820166583998193	0.5224494338035583
LOSFO	LeeKA_2022	standard_transductive	20260805	V2A0076	Lee_Barcelona	0	0.9482032130205681	0.7179887294769287
LOSFO	LeeKA_2022	standard_transductive	20260805	V2A0077	Lee_Leeds	1	0.4449904156872616	0.6869977712631226
LOSFO	LeeKA_2022	standard_transductive	20260805	V2A0078	Lee_Leeds	1	0.34360291968990236	0.6630618572235107
LOSFO	LeeKA_2022	standard_transductive	20260805	V2A0079	Lee_Leeds	0	0.2929147669647585	0.7099444270133972
LOSFO	LeeKA_2022	standard_transductive	20260805	V2A0080	Lee_Leeds	1	0.18423768499799242	0.6303141713142395
LOSFO	LeeKA_2022	standard_transductive	20260805	V2A0081	Lee_Leeds	0	0.22622727413470267	0.7692918181419373
LOSFO	LeeKA_2022	standard_transductive	20260805	V2A0082	Lee_Leeds	1	0.10757913403872454	0.7123081088066101
LOSFO	LeeKA_2022	standard_transductive	20260805	V2A0083	Lee_Leeds	0	0.5784428105251698	0.7159146070480347
LOSFO	LeeKA_2022	standard_transductive	20260805	V2A0084	Lee_Leeds	1	0.17510715225875115	0.6787964105606079
LOSFO	LeeKA_2022	standard_transductive	20260805	V2A0085	Lee_Leeds	0	0.07608974820255653	0.7508575916290283
LOSFO	LeeKA_2022	standard_transductive	20260805	V2A0086	Lee_Leeds	1	0.28128711963019987	0.7282914519309998
LOSFO	LeeKA_2022	standard_transductive	20260805	V2A0087	Lee_Leeds	1	0.5518389045302048	0.7384681701660156
LOSFO	LeeKA_2022	standard_transductive	20260805	V2A0088	Lee_Leeds	0	0.19391092340490668	0.7125347256660461
LOSFO	LeeKA_2022	standard_transductive	20260805	V2A0089	Lee_Leeds	0	0.5014403047293627	0.720724880695343
LOSFO	LeeKA_2022	standard_transductive	20260805	V2A0090	Lee_Leeds	0	0.7921681396616254	0.7266314029693604
LOSFO	LeeKA_2022	standard_transductive	20260805	V2A0091	Lee_Leeds	1	0.46883433667533597	0.5834398865699768
LOSFO	LeeKA_2022	standard_transductive	20260805	V2A0092	Lee_Leeds	1	0.22826892743849708	0.526237428188324
LOSFO	LeeKA_2022	standard_transductive	20260805	V2A0093	Lee_Leeds	0	0.36294590309228497	0.5565165281295776
LOSFO	LeeKA_2022	standard_transductive	20260805	V2A0094	Lee_Leeds	1	0.21112088397913661	0.725685179233551
LOSFO	LeeKA_2022	standard_transductive	20260805	V2A0095	Lee_Manchester	0	0.08354034951885046	0.624515950679779
LOSFO	LeeKA_2022	standard_transductive	20260805	V2A0096	Lee_Manchester	1	0.31496941920006555	0.6457316279411316
LOSFO	LeeKA_2022	standard_transductive	20260805	V2A0097	Lee_Manchester	1	0.043627766363864146	0.7443364858627319
LOSFO	LeeKA_2022	standard_transductive	20260805	V2A0098	Lee_Manchester	0	0.06578228505523363	0.7228825092315674
LOSFO	LeeKA_2022	standard_transductive	20260805	V2A0099	Lee_Manchester	0	0.1279675486520615	0.7060947418212891
LOSFO	LeeKA_2022	standard_transductive	20260805	V2A0100	Lee_Manchester	0	0.12808365880609215	0.7658806443214417
LOSFO	LeeKA_2022	standard_transductive	20260805	V2A0101	Lee_Manchester	0	0.2901297599787938	0.7285959720611572
LOSFO	LeeKA_2022	standard_transductive	20260805	V2A0102	Lee_Manchester	0	0.1455286479633752	0.5747624635696411
LOSFO	LeeKA_2022	standard_transductive	20260805	V2A0103	Lee_Manchester	1	0.35548324912227114	0.735988974571228
LOSFO	LeeKA_2022	standard_transductive	20260805	V2A0104	Lee_Manchester	1	0.01741276027184641	0.7165401577949524
LOSFO	LeeKA_2022	standard_transductive	20260805	V2A0105	Lee_Manchester	0	0.10402400217834978	0.5641103386878967
LOSFO	LeeKA_2022	standard_transductive	20260805	V2A0106	Lee_Manchester	0	0.0756065915205498	0.7436408996582031
LOSFO	LeeKA_2022	standard_transductive	20260805	V2A0107	Lee_Manchester	1	0.49277179633198054	0.7415379881858826
LOSFO	LeeKA_2022	standard_transductive	20260805	V2A0108	Lee_Manchester	0	0.22498546552460794	0.6790580749511719
LOSFO	LeeKA_2022	standard_transductive	20260805	V2A0109	Lee_Manchester	1	0.28383442600560516	0.5914017558097839
LOSFO	LeeKA_2022	standard_transductive	20260805	V2A0110	Lee_Manchester	1	0.30295073658210697	0.6635763049125671
LOSFO	LeeKA_2022	standard_transductive	20260805	V2A0111	Lee_Manchester	1	0.034207027055448515	0.6240258812904358
LOSFO	LeeKA_2022	standard_transductive	20260805	V2A0112	Lee_Manchester	0	0.22546386792135156	0.7063565850257874
LOSFO	LeeKA_2022	standard_transductive	20260805	V2A0113	Lee_Manchester	1	0.05801742735713039	0.6880798935890198
LOSFO	LeeKA_2022	standard_transductive	20260805	V2A0114	Lee_Manchester	0	0.013898422746618866	0.7005735039710999
LOSFO	LeeKA_2022	standard_transductive	20260805	V2A0115	Lee_Manchester	1	0.1889796360514749	0.5803041458129883
LOSFO	LeeKA_2022	standard_transductive	20260805	V2A0116	Lee_Manchester	0	0.2878146089889422	0.6445618867874146
LOSFO	LeeKA_2022	standard_transductive	20260805	V2A0117	Lee_Manchester	1	0.04233748449952501	0.6902728080749512
LOSFO	LeeKA_2022	standard_transductive	20260805	V2A0118	Lee_Manchester	1	0.3810170278473254	0.6576659083366394
LOSFO	LeeKA_2022	standard_transductive	20260805	V2A0119	Lee_Manchester	0	0.1623741722690704	0.7400693297386169
LOSFO	LeeKA_2022	standard_transductive	20260805	V2A0120	Lee_PRIMM_NL	1	0.023052352246835578	0.7797858119010925
LOSFO	LeeKA_2022	standard_transductive	20260805	V2A0121	Lee_PRIMM_NL	1	0.10111985095229886	0.6888826489448547
LOSFO	LeeKA_2022	standard_transductive	20260805	V2A0122	Lee_PRIMM_NL	0	0.42930607458879927	0.5246104598045349
LOSFO	LeeKA_2022	standard_transductive	20260805	V2A0123	Lee_PRIMM_NL	1	0.258618007146049	0.8059232831001282
LOSFO	LeeKA_2022	standard_transductive	20260805	V2A0124	Lee_PRIMM_NL	0	0.46616895537657765	0.7445423007011414
LOSFO	LeeKA_2022	standard_transductive	20260805	V2A0125	Lee_PRIMM_NL	0	0.16786584372680982	0.7650237679481506
LOSFO	LeeKA_2022	standard_transductive	20260805	V2A0126	Lee_PRIMM_NL	1	0.02838510657444917	0.747319221496582
LOSFO	LeeKA_2022	standard_transductive	20260805	V2A0127	Lee_PRIMM_NL	0	0.3357472000223332	0.7419849634170532
LOSFO	LeeKA_2022	standard_transductive	20260805	V2A0128	Lee_PRIMM_NL	0	0.11550398757148078	0.5490956902503967
LOSFO	LeeKA_2022	standard_transductive	20260805	V2A0129	Lee_PRIMM_NL	1	0.1306137718020634	0.7130886316299438
LOSFO	LeeKA_2022	standard_transductive	20260805	V2A0130	Lee_PRIMM_NL	0	0.19273776786549232	0.8162611126899719
LOSFO	LeeKA_2022	standard_transductive	20260805	V2A0131	Lee_PRIMM_NL	1	0.03887756168004957	0.7335077524185181
LOSFO	LeeKA_2022	standard_transductive	20260805	V2A0132	Lee_PRIMM_NL	0	0.32974114078818784	0.7672876119613647
LOSFO	LeeKA_2022	standard_transductive	20260805	V2A0133	Lee_PRIMM_NL	1	0.03976348181980683	0.7220866680145264
LOSFO	LeeKA_2022	standard_transductive	20260805	V2A0134	Lee_PRIMM_NL	1	0.10285878212629344	0.7613364458084106
LOSFO	LeeKA_2022	standard_transductive	20260805	V2A0135	Lee_PRIMM_NL	0	0.05526479120653268	0.8222901821136475
LOSFO	LeeKA_2022	standard_transductive	20260805	V2A0136	Lee_PRIMM_NL	0	0.3888821089345504	0.5303118228912354
LOSFO	LeeKA_2022	standard_transductive	20260805	V2A0137	Lee_PRIMM_NL	1	0.2082534801555457	0.704167366027832
LOSFO	LeeKA_2022	standard_transductive	20260805	V2A0138	Lee_PRIMM_NL	1	0.36030517540953955	0.6898670792579651
LOSFO	LeeKA_2022	standard_transductive	20260805	V2A0139	Lee_PRIMM_NL	1	0.037580793205092895	0.7357574701309204
LOSFO	LeeKA_2022	standard_transductive	20260805	V2A0140	Lee_PRIMM_NL	0	0.06437495024043165	0.7000819444656372
LOSFO	LeeKA_2022	standard_transductive	20260805	V2A0141	Lee_PRIMM_NL	1	0.266536953014105	0.593827486038208
LOSFO	LeeKA_2022	standard_transductive	20260805	V2A0142	Lee_PRIMM_NL	1	0.36783745232208953	0.6669395565986633
LOSFO	LeeKA_2022	standard_transductive	20260805	V2A0143	Lee_PRIMM_NL	1	0.2299917447818799	0.7394847273826599
LOSFO	LeeKA_2022	standard_transductive	20260805	V2A0144	Lee_PRIMM_NL	1	0.6787408078900802	0.7051457166671753
LOSFO	LeeKA_2022	standard_transductive	20260805	V2A0145	Lee_PRIMM_NL	0	0.15655014252472757	0.5905214548110962
LOSFO	LeeKA_2022	standard_transductive	20260805	V2A0146	Lee_PRIMM_NL	0	0.8902638516641094	0.7217516303062439
LOSFO	LeeKA_2022	standard_transductive	20260805	V2A0147	Lee_PRIMM_NL	0	0.07275831646149583	0.529840350151062
LOSFO	LeeKA_2022	standard_transductive	20260805	V2A0148	Lee_PRIMM_NL	0	0.09732648495728013	0.7158816456794739
LOSFO	LeeKA_2022	standard_transductive	20260805	V2A0149	Lee_PRIMM_NL	0	0.521410473844811	0.620061993598938
LOSFO	LeeKA_2022	standard_transductive	20260805	V2A0150	Lee_PRIMM_NL	1	0.42540500340139736	0.6294843554496765
LOSFO	LeeKA_2022	standard_transductive	20260805	V2A0151	Lee_PRIMM_NL	1	0.018698523467179432	0.6690012216567993
LOSFO	LeeKA_2022	standard_transductive	20260805	V2A0152	Lee_PRIMM_NL	1	0.3116336649089243	0.7329128384590149
LOSFO	LeeKA_2022	standard_transductive	20260805	V2A0153	Lee_PRIMM_NL	0	0.022947562846491975	0.6514317989349365
LOSFO	LeeKA_2022	standard_transductive	20260805	V2A0154	Lee_PRIMM_NL	1	0.691189489945378	0.6712204217910767
LOSFO	LeeKA_2022	standard_transductive	20260805	V2A0155	Lee_PRIMM_NL	1	0.282556726926411	0.6754554510116577
LOSFO	LeeKA_2022	standard_transductive	20260805	V2A0156	Lee_PRIMM_NL	1	0.2624491448122136	0.7261185646057129
LOSFO	LeeKA_2022	standard_transductive	20260805	V2A0157	Lee_PRIMM_NL	1	0.027656862971808232	0.6525065302848816
LOSFO	LeeKA_2022	standard_transductive	20260805	V2A0158	Lee_PRIMM_NL	0	0.07876649816936866	0.7481030821800232
LOSFO	LeeKA_2022	standard_transductive	20260805	V2A0159	Lee_PRIMM_NL	1	0.10684672276013824	0.5968511700630188
LOSFO	LeeKA_2022	standard_transductive	20260805	V2A0160	Lee_PRIMM_NL	0	0.32547850160405706	0.7178353667259216
LOSFO	LeeKA_2022	standard_transductive	20260805	V2A0161	Lee_PRIMM_NL	1	0.11652477857657118	0.6898199915885925
LOSFO	LeeKA_2022	standard_transductive	20260805	V2A0162	Lee_PRIMM_NL	1	0.17536791011747965	0.681059718132019
LOSFO	LeeKA_2022	standard_transductive	20260805	V2A0163	Lee_PRIMM_NL	0	0.11867028743073735	0.7020624876022339
LOSFO	LeeKA_2022	standard_transductive	20260805	V2A0164	Lee_PRIMM_NL	0	0.21058814943968865	0.6810305118560791
LOSFO	LeeKA_2022	standard_transductive	20260805	V2A0165	Lee_PRIMM_NL	1	0.032119294338207954	0.7055665254592896
LOSFO	LeeKA_2022	standard_transductive	20260805	V2A0166	Lee_PRIMM_NL	0	0.2356901011336038	0.6910445094108582
LOSFO	LeeKA_2022	standard_transductive	20260805	V2A0167	Lee_PRIMM_NL	0	0.19855748997262068	0.729049801826477
LOSFO	LeeKA_2022	standard_transductive	20260805	V2A0168	Lee_PRIMM_NL	1	0.024463020158101423	0.68560791015625
LOSFO	LeeKA_2022	standard_transductive	20260805	V2A0169	Lee_PRIMM_NL	1	0.6174341635741627	0.6804648041725159
LOSFO	LeeKA_2022	standard_transductive	20260805	V2A0170	Lee_PRIMM_NL	1	0.012776078663341068	0.7611467838287354
LOSFO	LeeKA_2022	standard_transductive	20260805	V2A0171	Lee_PRIMM_NL	1	0.03257902612663084	0.7166009545326233
LOSFO	LeeKA_2022	standard_transductive	20260805	V2A0172	Lee_PRIMM_NL	1	0.2388327079571288	0.7462978959083557
LOSFO	LeeKA_2022	standard_transductive	20260805	V2A0173	Lee_PRIMM_NL	1	0.022467412733446036	0.6995222568511963
LOSFO	LeeKA_2022	standard_transductive	20260805	V2A0174	Lee_PRIMM_NL	1	0.7345937764755003	0.5929283499717712
LOSFO	LeeKA_2022	standard_transductive	20260805	V2A0175	Lee_PRIMM_UK	1	0.1803185923187103	0.6905340552330017
LOSFO	LeeKA_2022	standard_transductive	20260805	V2A0176	Lee_PRIMM_UK	1	0.26903440301909143	0.6369503140449524
LOSFO	LeeKA_2022	standard_transductive	20260805	V2A0177	Lee_PRIMM_UK	1	0.11947829076172119	0.7382285594940186
LOSFO	LeeKA_2022	standard_transductive	20260805	V2A0178	Lee_PRIMM_UK	1	0.18212231829842512	0.6767946481704712
LOSFO	LeeKA_2022	standard_transductive	20260805	V2A0179	Lee_PRIMM_UK	1	0.05749094533417872	0.7470235824584961
LOSFO	LeeKA_2022	standard_transductive	20260805	V2A0180	Lee_PRIMM_UK	1	0.3741501371528771	0.6836423873901367
LOSFO	LeeKA_2022	standard_transductive	20260805	V2A0181	Lee_PRIMM_UK	1	0.37668337106426064	0.6414604187011719
LOSFO	LeeKA_2022	standard_transductive	20260805	V2A0182	Lee_PRIMM_UK	0	0.5780211264319868	0.7734817862510681
LOSFO	LeeKA_2022	standard_transductive	20260805	V2A0183	Lee_PRIMM_UK	0	0.036952025122644686	0.5685592293739319
LOSFO	LeeKA_2022	standard_transductive	20260805	V2A0184	Lee_PRIMM_UK	0	0.15459506272360268	0.6969101428985596
LOSFO	LeeKA_2022	standard_transductive	20260805	V2A0185	Lee_PRIMM_UK	1	0.3766912190456254	0.6405982971191406
LOSFO	LeeKA_2022	standard_transductive	20260805	V2A0186	Lee_PRIMM_UK	0	0.5109271704847798	0.5537779927253723
LOSFO	LeeKA_2022	standard_transductive	20260805	V2A0187	Lee_PRIMM_UK	1	0.062399809603068665	0.757206380367279
LOSFO	LeeKA_2022	standard_transductive	20260805	V2A0188	Lee_PRIMM_UK	1	0.3019731578379582	0.7397395968437195
LOSFO	LeeKA_2022	standard_transductive	20260805	V2A0189	Lee_PRIMM_UK	1	0.3847904645630952	0.7736163139343262
LOSFO	LeeKA_2022	standard_transductive	20260805	V2A0190	Lee_PRIMM_UK	1	0.3595695162232249	0.6309983134269714
LOSFO	LeeKA_2022	standard_transductive	20260805	V2A0191	Lee_PRIMM_UK	1	0.18474078485879555	0.7298350930213928
LOSFO	LeeKA_2022	standard_transductive	20260805	V2A0192	Lee_PRIMM_UK	1	0.06296888215845844	0.6378019452095032
LOSFO	LeeKA_2022	standard_transductive	20260805	V2A0193	Lee_PRIMM_UK	0	0.6876762773708803	0.5873540639877319
LOSFO	LeeKA_2022	standard_transductive	20260805	V2A0194	Lee_PRIMM_UK	1	0.7195826976638402	0.7290491461753845
LOSFO	LeeKA_2022	standard_transductive	20260805	V2A0195	Lee_PRIMM_UK	0	0.3273803447711415	0.7556037902832031
LOSFO	LeeKA_2022	standard_transductive	20260805	V2A0196	Lee_PRIMM_UK	0	0.5075957751229367	0.6906190514564514
LOSFO	LeeKA_2022	standard_transductive	20260805	V2A0197	Lee_PRIMM_UK	1	0.15591523292313034	0.7348096370697021
LOSFO	LeeKA_2022	standard_transductive	20260805	V2A0198	Lee_PRIMM_UK	0	0.18682986068731805	0.7371724843978882
LOSFO	LeeKA_2022	standard_transductive	20260805	V2A0199	Lee_PRIMM_UK	1	0.1011009398218124	0.639473557472229
LOSFO	LeeKA_2022	standard_transductive	20260805	V2A0200	Lee_PRIMM_UK	1	0.1987721403614242	0.6747884154319763
LOSFO	LeeKA_2022	standard_transductive	20260805	V2A0201	Lee_PRIMM_UK	0	0.20584681995470622	0.7124940156936646
LOSFO	LeeKA_2022	standard_transductive	20260805	V2A0202	Lee_PRIMM_UK	1	0.14462077836551782	0.6198375225067139
LOSFO	LeeKA_2022	standard_transductive	20260805	V2A0203	Lee_PRIMM_UK	1	0.17500791082344083	0.7631837129592896
LOSFO	LeeKA_2022	standard_transductive	20260805	V2A0204	Lee_PRIMM_UK	1	0.098062723189886	0.6654781699180603
LOSFO	LeeKA_2022	standard_transductive	20260805	V2A0205	Lee_PRIMM_UK	0	0.37407828923087616	0.7029390335083008
LOSFO	LeeKA_2022	standard_transductive	20260805	V2A0206	Lee_PRIMM_UK	0	0.2890823616452364	0.6783916354179382
LOSFO	LeeKA_2022	standard_transductive	20260805	V2A0207	Lee_PRIMM_UK	1	0.21882547511607428	0.7204664349555969
LOSFO	LeeKA_2022	standard_transductive	20260805	V2A0208	Lee_PRIMM_UK	1	0.15268243348954194	0.6996384859085083
LOSFO	LeeKA_2022	standard_transductive	20260805	V2A0209	Lee_PRIMM_UK	1	0.470759373011894	0.775847315788269
LOSFO	LeeKA_2022	standard_transductive	20260805	V2A0210	Lee_PRIMM_UK	1	0.05832533419444278	0.6498492360115051
LOSFO	LeeKA_2022	standard_transductive	20260805	V2A0211	Lee_PRIMM_UK	0	0.2430764979687214	0.675322413444519
LOSFO	LeeKA_2022	standard_transductive	20260805	V2A0212	Lee_PRIMM_UK	0	0.6175523524406302	0.6136431694030762
LOSFO	LeeKA_2022	standard_transductive	20260805	V2A0213	Lee_PRIMM_UK	1	0.035389495249929716	0.5161274075508118
LOSFO	LeeKA_2022	standard_transductive	20260805	V2A0214	Lee_PRIMM_UK	0	0.05984968172868919	0.748324453830719
LOSFO	LeeKA_2022	standard_transductive	20260805	V2A0215	Lee_PRIMM_UK	1	0.01445661918383899	0.6420138478279114
LOSFO	LeeKA_2022	standard_transductive	20260805	V2A0216	Lee_PRIMM_UK	1	0.17345560610209337	0.6707462668418884
LOSFO	LeeKA_2022	standard_transductive	20260805	V2A0217	Lee_PRIMM_UK	1	0.19510948355440305	0.7229481339454651
LOSFO	LeeKA_2022	standard_transductive	20260805	V2A0218	Lee_PRIMM_UK	0	0.11515577844759274	0.500883936882019
LOSFO	LeeKA_2022	standard_transductive	20260805	V2A0219	Lee_PRIMM_UK	1	0.32187820586128585	0.6450155377388
LOSFO	LeeKA_2022	standard_transductive	20260805	V2A0220	Lee_PRIMM_UK	0	0.02901908214540737	0.7471303939819336
LOSFO	LeeKA_2022	standard_transductive	20260805	V2A0221	Lee_PRIMM_UK	1	0.4990055848766402	0.6477186679840088
LOSFO	LeeKA_2022	standard_transductive	20260805	V2A0222	Lee_PRIMM_UK	1	0.07535097133500393	0.7387691736221313
LOSFO	LeeKA_2022	standard_transductive	20260805	V2A0223	Lee_PRIMM_UK	0	0.03382235563571715	0.6729433536529541
LOSFO	LeeKA_2022	standard_transductive	20260805	V2A0224	Lee_PRIMM_UK	0	0.08875576555610379	0.6394214034080505
LOSFO	LeeKA_2022	standard_transductive	20260805	V2A0225	Lee_PRIMM_UK	0	0.44046984009069706	0.6921306848526001
LOSFO	LeeKA_2022	standard_transductive	20260805	V2A0226	Lee_PRIMM_UK	1	0.07989612527921425	0.6505569815635681
LOSFO	LeeKA_2022	standard_transductive	20260805	V2A0227	Lee_PRIMM_UK	0	0.0653825246983962	0.6357323527336121
LOSFO	LeeKA_2022	standard_transductive	20260805	V2A0228	Lee_PRIMM_UK	0	0.18692220474799046	0.6739357709884644
LOSFO	LeeKA_2022	standard_transductive	20260806	V2A0065	Lee_Barcelona	0	0.8079751136968699	0.7085631489753723
LOSFO	LeeKA_2022	standard_transductive	20260806	V2A0066	Lee_Barcelona	1	0.9001644431836423	0.7064861059188843
LOSFO	LeeKA_2022	standard_transductive	20260806	V2A0067	Lee_Barcelona	0	0.2217242462040319	0.653214156627655
LOSFO	LeeKA_2022	standard_transductive	20260806	V2A0068	Lee_Barcelona	0	0.734320680196842	0.6949536800384521
LOSFO	LeeKA_2022	standard_transductive	20260806	V2A0069	Lee_Barcelona	1	0.5750078135067055	0.5739841461181641
LOSFO	LeeKA_2022	standard_transductive	20260806	V2A0070	Lee_Barcelona	1	0.8392670957481757	0.6634373068809509
LOSFO	LeeKA_2022	standard_transductive	20260806	V2A0071	Lee_Barcelona	0	0.8737283724767122	0.7592861652374268
LOSFO	LeeKA_2022	standard_transductive	20260806	V2A0072	Lee_Barcelona	1	0.42247552032569835	0.6918550133705139
LOSFO	LeeKA_2022	standard_transductive	20260806	V2A0073	Lee_Barcelona	1	0.7971655910590518	0.7882037162780762
LOSFO	LeeKA_2022	standard_transductive	20260806	V2A0074	Lee_Barcelona	0	0.5351987263031746	0.6701509356498718
LOSFO	LeeKA_2022	standard_transductive	20260806	V2A0075	Lee_Barcelona	1	0.2759557197176854	0.5560343861579895
LOSFO	LeeKA_2022	standard_transductive	20260806	V2A0076	Lee_Barcelona	0	0.9473945257128755	0.7249358296394348
LOSFO	LeeKA_2022	standard_transductive	20260806	V2A0077	Lee_Leeds	1	0.43937794902286786	0.6951526999473572
LOSFO	LeeKA_2022	standard_transductive	20260806	V2A0078	Lee_Leeds	1	0.33808987941495844	0.6719540357589722
LOSFO	LeeKA_2022	standard_transductive	20260806	V2A0079	Lee_Leeds	0	0.28540079621446884	0.714744508266449
LOSFO	LeeKA_2022	standard_transductive	20260806	V2A0080	Lee_Leeds	1	0.18363694979473724	0.6456176042556763
LOSFO	LeeKA_2022	standard_transductive	20260806	V2A0081	Lee_Leeds	0	0.2262077113035856	0.7729367017745972
LOSFO	LeeKA_2022	standard_transductive	20260806	V2A0082	Lee_Leeds	1	0.10589011645345799	0.7217156887054443
LOSFO	LeeKA_2022	standard_transductive	20260806	V2A0083	Lee_Leeds	0	0.5593157963385967	0.7205296754837036
LOSFO	LeeKA_2022	standard_transductive	20260806	V2A0084	Lee_Leeds	1	0.1735367970528515	0.693567156791687
LOSFO	LeeKA_2022	standard_transductive	20260806	V2A0085	Lee_Leeds	0	0.0761260494620563	0.7578902244567871
LOSFO	LeeKA_2022	standard_transductive	20260806	V2A0086	Lee_Leeds	1	0.27268602205569675	0.7356404066085815
LOSFO	LeeKA_2022	standard_transductive	20260806	V2A0087	Lee_Leeds	1	0.5526796313531914	0.7456397414207458
LOSFO	LeeKA_2022	standard_transductive	20260806	V2A0088	Lee_Leeds	0	0.19318903782552582	0.7206349968910217
LOSFO	LeeKA_2022	standard_transductive	20260806	V2A0089	Lee_Leeds	0	0.5048644581407894	0.7301774024963379
LOSFO	LeeKA_2022	standard_transductive	20260806	V2A0090	Lee_Leeds	0	0.7889784947432847	0.732894778251648
LOSFO	LeeKA_2022	standard_transductive	20260806	V2A0091	Lee_Leeds	1	0.4703673088958338	0.5924709439277649
LOSFO	LeeKA_2022	standard_transductive	20260806	V2A0092	Lee_Leeds	1	0.2321815987967753	0.5342268347740173
LOSFO	LeeKA_2022	standard_transductive	20260806	V2A0093	Lee_Leeds	0	0.3673582560024096	0.5750809907913208
LOSFO	LeeKA_2022	standard_transductive	20260806	V2A0094	Lee_Leeds	1	0.20706303902770334	0.7330572605133057
LOSFO	LeeKA_2022	standard_transductive	20260806	V2A0095	Lee_Manchester	0	0.08088945488020084	0.6302980780601501
LOSFO	LeeKA_2022	standard_transductive	20260806	V2A0096	Lee_Manchester	1	0.3145356280556002	0.6510048508644104
LOSFO	LeeKA_2022	standard_transductive	20260806	V2A0097	Lee_Manchester	1	0.04254778284240296	0.7466902732849121
LOSFO	LeeKA_2022	standard_transductive	20260806	V2A0098	Lee_Manchester	0	0.06337951201274492	0.7271831631660461
LOSFO	LeeKA_2022	standard_transductive	20260806	V2A0099	Lee_Manchester	0	0.12527971664512022	0.7069020867347717
LOSFO	LeeKA_2022	standard_transductive	20260806	V2A0100	Lee_Manchester	0	0.12663653206246653	0.7762662172317505
LOSFO	LeeKA_2022	standard_transductive	20260806	V2A0101	Lee_Manchester	0	0.2828161812349545	0.7394495010375977
LOSFO	LeeKA_2022	standard_transductive	20260806	V2A0102	Lee_Manchester	0	0.14127520411471792	0.5902180671691895
LOSFO	LeeKA_2022	standard_transductive	20260806	V2A0103	Lee_Manchester	1	0.3404765869950289	0.7455835342407227
LOSFO	LeeKA_2022	standard_transductive	20260806	V2A0104	Lee_Manchester	1	0.017123564234763564	0.7233299016952515
LOSFO	LeeKA_2022	standard_transductive	20260806	V2A0105	Lee_Manchester	0	0.0983450281013219	0.5694294571876526
LOSFO	LeeKA_2022	standard_transductive	20260806	V2A0106	Lee_Manchester	0	0.0750314997013465	0.7480471730232239
LOSFO	LeeKA_2022	standard_transductive	20260806	V2A0107	Lee_Manchester	1	0.4845669808696394	0.7543285489082336
LOSFO	LeeKA_2022	standard_transductive	20260806	V2A0108	Lee_Manchester	0	0.2217368743049006	0.6847050786018372
LOSFO	LeeKA_2022	standard_transductive	20260806	V2A0109	Lee_Manchester	1	0.28519639700379285	0.6010607481002808
LOSFO	LeeKA_2022	standard_transductive	20260806	V2A0110	Lee_Manchester	1	0.298309446555857	0.6728625297546387
LOSFO	LeeKA_2022	standard_transductive	20260806	V2A0111	Lee_Manchester	1	0.03447495398151138	0.6369731426239014
LOSFO	LeeKA_2022	standard_transductive	20260806	V2A0112	Lee_Manchester	0	0.22470867515689014	0.707928478717804
LOSFO	LeeKA_2022	standard_transductive	20260806	V2A0113	Lee_Manchester	1	0.057101343920038454	0.7001132965087891
LOSFO	LeeKA_2022	standard_transductive	20260806	V2A0114	Lee_Manchester	0	0.01340710345201089	0.7034127116203308
LOSFO	LeeKA_2022	standard_transductive	20260806	V2A0115	Lee_Manchester	1	0.18363199368392188	0.607862651348114
LOSFO	LeeKA_2022	standard_transductive	20260806	V2A0116	Lee_Manchester	0	0.29179010063440874	0.6604746580123901
LOSFO	LeeKA_2022	standard_transductive	20260806	V2A0117	Lee_Manchester	1	0.04024529051282435	0.6887309551239014
LOSFO	LeeKA_2022	standard_transductive	20260806	V2A0118	Lee_Manchester	1	0.370191797069918	0.6658765077590942
LOSFO	LeeKA_2022	standard_transductive	20260806	V2A0119	Lee_Manchester	0	0.16284380416702918	0.7467654943466187
LOSFO	LeeKA_2022	standard_transductive	20260806	V2A0120	Lee_PRIMM_NL	1	0.022298133688915738	0.7861345410346985
LOSFO	LeeKA_2022	standard_transductive	20260806	V2A0121	Lee_PRIMM_NL	1	0.09648565913554205	0.6971021890640259
LOSFO	LeeKA_2022	standard_transductive	20260806	V2A0122	Lee_PRIMM_NL	0	0.4296932418196518	0.5347262620925903
LOSFO	LeeKA_2022	standard_transductive	20260806	V2A0123	Lee_PRIMM_NL	1	0.25818552263579087	0.8130583167076111
LOSFO	LeeKA_2022	standard_transductive	20260806	V2A0124	Lee_PRIMM_NL	0	0.4577259922305019	0.7500730156898499
LOSFO	LeeKA_2022	standard_transductive	20260806	V2A0125	Lee_PRIMM_NL	0	0.16425418935535782	0.7723144292831421
LOSFO	LeeKA_2022	standard_transductive	20260806	V2A0126	Lee_PRIMM_NL	1	0.027808978953585035	0.751716136932373
LOSFO	LeeKA_2022	standard_transductive	20260806	V2A0127	Lee_PRIMM_NL	0	0.33384369072607833	0.7500580549240112
LOSFO	LeeKA_2022	standard_transductive	20260806	V2A0128	Lee_PRIMM_NL	0	0.11232226158759664	0.5651406049728394
LOSFO	LeeKA_2022	standard_transductive	20260806	V2A0129	Lee_PRIMM_NL	1	0.1235224037874888	0.7169997096061707
LOSFO	LeeKA_2022	standard_transductive	20260806	V2A0130	Lee_PRIMM_NL	0	0.19306249927936311	0.8217976689338684
LOSFO	LeeKA_2022	standard_transductive	20260806	V2A0131	Lee_PRIMM_NL	1	0.037192442482909684	0.7361801862716675
LOSFO	LeeKA_2022	standard_transductive	20260806	V2A0132	Lee_PRIMM_NL	0	0.33500202399065315	0.7751423120498657
LOSFO	LeeKA_2022	standard_transductive	20260806	V2A0133	Lee_PRIMM_NL	1	0.03861455267231509	0.7313700318336487
LOSFO	LeeKA_2022	standard_transductive	20260806	V2A0134	Lee_PRIMM_NL	1	0.09933511601735946	0.7677698135375977
LOSFO	LeeKA_2022	standard_transductive	20260806	V2A0135	Lee_PRIMM_NL	0	0.05293040061472537	0.8294283747673035
LOSFO	LeeKA_2022	standard_transductive	20260806	V2A0136	Lee_PRIMM_NL	0	0.38775277191278784	0.5495904088020325
LOSFO	LeeKA_2022	standard_transductive	20260806	V2A0137	Lee_PRIMM_NL	1	0.20341420859880677	0.7047105431556702
LOSFO	LeeKA_2022	standard_transductive	20260806	V2A0138	Lee_PRIMM_NL	1	0.35202004665214504	0.697083055973053
LOSFO	LeeKA_2022	standard_transductive	20260806	V2A0139	Lee_PRIMM_NL	1	0.03500774882644759	0.7379252910614014
LOSFO	LeeKA_2022	standard_transductive	20260806	V2A0140	Lee_PRIMM_NL	0	0.06158958005025297	0.701552152633667
LOSFO	LeeKA_2022	standard_transductive	20260806	V2A0141	Lee_PRIMM_NL	1	0.2606841564154466	0.6068422198295593
LOSFO	LeeKA_2022	standard_transductive	20260806	V2A0142	Lee_PRIMM_NL	1	0.35636955703435935	0.6748833656311035
LOSFO	LeeKA_2022	standard_transductive	20260806	V2A0143	Lee_PRIMM_NL	1	0.2233641256852498	0.7428677678108215
LOSFO	LeeKA_2022	standard_transductive	20260806	V2A0144	Lee_PRIMM_NL	1	0.6763986403416884	0.7115650773048401
LOSFO	LeeKA_2022	standard_transductive	20260806	V2A0145	Lee_PRIMM_NL	0	0.15048338271340536	0.6017274856567383
LOSFO	LeeKA_2022	standard_transductive	20260806	V2A0146	Lee_PRIMM_NL	0	0.8872242103350413	0.7258436679840088
LOSFO	LeeKA_2022	standard_transductive	20260806	V2A0147	Lee_PRIMM_NL	0	0.06983817805432492	0.5332832336425781
LOSFO	LeeKA_2022	standard_transductive	20260806	V2A0148	Lee_PRIMM_NL	0	0.09649680578614814	0.7216413617134094
LOSFO	LeeKA_2022	standard_transductive	20260806	V2A0149	Lee_PRIMM_NL	0	0.5154481511151009	0.6324703097343445
LOSFO	LeeKA_2022	standard_transductive	20260806	V2A0150	Lee_PRIMM_NL	1	0.41753254927071287	0.649644672870636
LOSFO	LeeKA_2022	standard_transductive	20260806	V2A0151	Lee_PRIMM_NL	1	0.018114435434579492	0.6744973063468933
LOSFO	LeeKA_2022	standard_transductive	20260806	V2A0152	Lee_PRIMM_NL	1	0.30008630631368083	0.7346107959747314
LOSFO	LeeKA_2022	standard_transductive	20260806	V2A0153	Lee_PRIMM_NL	0	0.022171827574298815	0.6536162495613098
LOSFO	LeeKA_2022	standard_transductive	20260806	V2A0154	Lee_PRIMM_NL	1	0.6830760816466305	0.6742470860481262
LOSFO	LeeKA_2022	standard_transductive	20260806	V2A0155	Lee_PRIMM_NL	1	0.2803374883729696	0.6865529417991638
LOSFO	LeeKA_2022	standard_transductive	20260806	V2A0156	Lee_PRIMM_NL	1	0.25279308750851814	0.7325381636619568
LOSFO	LeeKA_2022	standard_transductive	20260806	V2A0157	Lee_PRIMM_NL	1	0.026266972012103117	0.6596627831459045
LOSFO	LeeKA_2022	standard_transductive	20260806	V2A0158	Lee_PRIMM_NL	0	0.07626806703715104	0.7581179141998291
LOSFO	LeeKA_2022	standard_transductive	20260806	V2A0159	Lee_PRIMM_NL	1	0.10242560306403431	0.6092073917388916
LOSFO	LeeKA_2022	standard_transductive	20260806	V2A0160	Lee_PRIMM_NL	0	0.31735532481190337	0.7234156727790833
LOSFO	LeeKA_2022	standard_transductive	20260806	V2A0161	Lee_PRIMM_NL	1	0.1132232711757492	0.6962389945983887
LOSFO	LeeKA_2022	standard_transductive	20260806	V2A0162	Lee_PRIMM_NL	1	0.16901814336881102	0.6878229975700378
LOSFO	LeeKA_2022	standard_transductive	20260806	V2A0163	Lee_PRIMM_NL	0	0.1173531855368997	0.7128701210021973
LOSFO	LeeKA_2022	standard_transductive	20260806	V2A0164	Lee_PRIMM_NL	0	0.20687410991000754	0.6889410018920898
LOSFO	LeeKA_2022	standard_transductive	20260806	V2A0165	Lee_PRIMM_NL	1	0.03270441851143285	0.7139697074890137
LOSFO	LeeKA_2022	standard_transductive	20260806	V2A0166	Lee_PRIMM_NL	0	0.236394146357514	0.6991139650344849
LOSFO	LeeKA_2022	standard_transductive	20260806	V2A0167	Lee_PRIMM_NL	0	0.19424807496960952	0.7298330664634705
LOSFO	LeeKA_2022	standard_transductive	20260806	V2A0168	Lee_PRIMM_NL	1	0.023337119025645968	0.6932579874992371
LOSFO	LeeKA_2022	standard_transductive	20260806	V2A0169	Lee_PRIMM_NL	1	0.6189208015155347	0.69283127784729
LOSFO	LeeKA_2022	standard_transductive	20260806	V2A0170	Lee_PRIMM_NL	1	0.012123934015817685	0.7694927453994751
LOSFO	LeeKA_2022	standard_transductive	20260806	V2A0171	Lee_PRIMM_NL	1	0.031249658766009696	0.726864755153656
LOSFO	LeeKA_2022	standard_transductive	20260806	V2A0172	Lee_PRIMM_NL	1	0.2258830266239737	0.7438161373138428
LOSFO	LeeKA_2022	standard_transductive	20260806	V2A0173	Lee_PRIMM_NL	1	0.02254986739024334	0.6975194811820984
LOSFO	LeeKA_2022	standard_transductive	20260806	V2A0174	Lee_PRIMM_NL	1	0.7383338929966291	0.6078054308891296
LOSFO	LeeKA_2022	standard_transductive	20260806	V2A0175	Lee_PRIMM_UK	1	0.1800244593470805	0.6936122179031372
LOSFO	LeeKA_2022	standard_transductive	20260806	V2A0176	Lee_PRIMM_UK	1	0.2672549576921829	0.6507941484451294
LOSFO	LeeKA_2022	standard_transductive	20260806	V2A0177	Lee_PRIMM_UK	1	0.11871123143906552	0.7475349307060242
LOSFO	LeeKA_2022	standard_transductive	20260806	V2A0178	Lee_PRIMM_UK	1	0.17753475552103246	0.6866030097007751
LOSFO	LeeKA_2022	standard_transductive	20260806	V2A0179	Lee_PRIMM_UK	1	0.056282281883877426	0.7507835030555725
LOSFO	LeeKA_2022	standard_transductive	20260806	V2A0180	Lee_PRIMM_UK	1	0.36700838339276204	0.6889076828956604
LOSFO	LeeKA_2022	standard_transductive	20260806	V2A0181	Lee_PRIMM_UK	1	0.3745279111885554	0.6511859893798828
LOSFO	LeeKA_2022	standard_transductive	20260806	V2A0182	Lee_PRIMM_UK	0	0.5744767549647799	0.7791908383369446
LOSFO	LeeKA_2022	standard_transductive	20260806	V2A0183	Lee_PRIMM_UK	0	0.03690153937394184	0.5944536924362183
LOSFO	LeeKA_2022	standard_transductive	20260806	V2A0184	Lee_PRIMM_UK	0	0.15616924581174466	0.7038548588752747
LOSFO	LeeKA_2022	standard_transductive	20260806	V2A0185	Lee_PRIMM_UK	1	0.36997747370441025	0.6497833132743835
LOSFO	LeeKA_2022	standard_transductive	20260806	V2A0186	Lee_PRIMM_UK	0	0.5083217345150849	0.5745164155960083
LOSFO	LeeKA_2022	standard_transductive	20260806	V2A0187	Lee_PRIMM_UK	1	0.06148727335986961	0.755337119102478
LOSFO	LeeKA_2022	standard_transductive	20260806	V2A0188	Lee_PRIMM_UK	1	0.2975736013519376	0.744243860244751
LOSFO	LeeKA_2022	standard_transductive	20260806	V2A0189	Lee_PRIMM_UK	1	0.3706257843335586	0.7791255712509155
LOSFO	LeeKA_2022	standard_transductive	20260806	V2A0190	Lee_PRIMM_UK	1	0.3544432446150903	0.6417226195335388
LOSFO	LeeKA_2022	standard_transductive	20260806	V2A0191	Lee_PRIMM_UK	1	0.18030580301769228	0.7393013834953308
LOSFO	LeeKA_2022	standard_transductive	20260806	V2A0192	Lee_PRIMM_UK	1	0.0625105358496596	0.6523253917694092
LOSFO	LeeKA_2022	standard_transductive	20260806	V2A0193	Lee_PRIMM_UK	0	0.6895897006145861	0.5809195041656494
LOSFO	LeeKA_2022	standard_transductive	20260806	V2A0194	Lee_PRIMM_UK	1	0.7150962674507673	0.7333835363388062
LOSFO	LeeKA_2022	standard_transductive	20260806	V2A0195	Lee_PRIMM_UK	0	0.3299226586753656	0.7543090581893921
LOSFO	LeeKA_2022	standard_transductive	20260806	V2A0196	Lee_PRIMM_UK	0	0.5020656440739183	0.696262538433075
LOSFO	LeeKA_2022	standard_transductive	20260806	V2A0197	Lee_PRIMM_UK	1	0.15450392242840463	0.740996241569519
LOSFO	LeeKA_2022	standard_transductive	20260806	V2A0198	Lee_PRIMM_UK	0	0.18299485371516896	0.7400582432746887
LOSFO	LeeKA_2022	standard_transductive	20260806	V2A0199	Lee_PRIMM_UK	1	0.10152403847344485	0.6489402651786804
LOSFO	LeeKA_2022	standard_transductive	20260806	V2A0200	Lee_PRIMM_UK	1	0.19871611319139493	0.6847453117370605
LOSFO	LeeKA_2022	standard_transductive	20260806	V2A0201	Lee_PRIMM_UK	0	0.21631199351264546	0.7169520258903503
LOSFO	LeeKA_2022	standard_transductive	20260806	V2A0202	Lee_PRIMM_UK	1	0.1461605550434499	0.6328109502792358
LOSFO	LeeKA_2022	standard_transductive	20260806	V2A0203	Lee_PRIMM_UK	1	0.1692567198805058	0.7682242393493652
LOSFO	LeeKA_2022	standard_transductive	20260806	V2A0204	Lee_PRIMM_UK	1	0.09818551767305203	0.6723158359527588
LOSFO	LeeKA_2022	standard_transductive	20260806	V2A0205	Lee_PRIMM_UK	0	0.3687725289883177	0.7084126472473145
LOSFO	LeeKA_2022	standard_transductive	20260806	V2A0206	Lee_PRIMM_UK	0	0.28107428241600224	0.6908377408981323
LOSFO	LeeKA_2022	standard_transductive	20260806	V2A0207	Lee_PRIMM_UK	1	0.21682646171931425	0.7255472540855408
LOSFO	LeeKA_2022	standard_transductive	20260806	V2A0208	Lee_PRIMM_UK	1	0.15526126435033283	0.7060197591781616
LOSFO	LeeKA_2022	standard_transductive	20260806	V2A0209	Lee_PRIMM_UK	1	0.46348117838025876	0.782385528087616
LOSFO	LeeKA_2022	standard_transductive	20260806	V2A0210	Lee_PRIMM_UK	1	0.05732848874935777	0.662780225276947
LOSFO	LeeKA_2022	standard_transductive	20260806	V2A0211	Lee_PRIMM_UK	0	0.23794290786865235	0.6887834072113037
LOSFO	LeeKA_2022	standard_transductive	20260806	V2A0212	Lee_PRIMM_UK	0	0.6166095381013144	0.6222143769264221
LOSFO	LeeKA_2022	standard_transductive	20260806	V2A0213	Lee_PRIMM_UK	1	0.03588198667123429	0.5324749946594238
LOSFO	LeeKA_2022	standard_transductive	20260806	V2A0214	Lee_PRIMM_UK	0	0.058010877661079624	0.7561678290367126
LOSFO	LeeKA_2022	standard_transductive	20260806	V2A0215	Lee_PRIMM_UK	1	0.01418519906874789	0.6554486751556396
LOSFO	LeeKA_2022	standard_transductive	20260806	V2A0216	Lee_PRIMM_UK	1	0.16975154632298808	0.6763584613800049
LOSFO	LeeKA_2022	standard_transductive	20260806	V2A0217	Lee_PRIMM_UK	1	0.19331952060995358	0.7274807095527649
LOSFO	LeeKA_2022	standard_transductive	20260806	V2A0218	Lee_PRIMM_UK	0	0.1146805950731217	0.5125879645347595
LOSFO	LeeKA_2022	standard_transductive	20260806	V2A0219	Lee_PRIMM_UK	1	0.3155187349904971	0.6582246422767639
LOSFO	LeeKA_2022	standard_transductive	20260806	V2A0220	Lee_PRIMM_UK	0	0.02894605090617542	0.7518763542175293
LOSFO	LeeKA_2022	standard_transductive	20260806	V2A0221	Lee_PRIMM_UK	1	0.4918963187418406	0.6527667045593262
LOSFO	LeeKA_2022	standard_transductive	20260806	V2A0222	Lee_PRIMM_UK	1	0.07405491671256499	0.7483904361724854
LOSFO	LeeKA_2022	standard_transductive	20260806	V2A0223	Lee_PRIMM_UK	0	0.03375325907717996	0.6804817914962769
LOSFO	LeeKA_2022	standard_transductive	20260806	V2A0224	Lee_PRIMM_UK	0	0.0855664592898168	0.6445131301879883
LOSFO	LeeKA_2022	standard_transductive	20260806	V2A0225	Lee_PRIMM_UK	0	0.4437619282041334	0.6990116238594055
LOSFO	LeeKA_2022	standard_transductive	20260806	V2A0226	Lee_PRIMM_UK	1	0.07657454176907165	0.66049724817276
LOSFO	LeeKA_2022	standard_transductive	20260806	V2A0227	Lee_PRIMM_UK	0	0.06532896659872237	0.6503830552101135
LOSFO	LeeKA_2022	standard_transductive	20260806	V2A0228	Lee_PRIMM_UK	0	0.18778395252234364	0.6781236529350281
LOSFO	MatsonV_2018	online_adaptive	20260802	V2A0229	Matson_US	0	0.954164309790392	0.6328597068786621
LOSFO	MatsonV_2018	online_adaptive	20260802	V2A0230	Matson_US	1	0.7270810219718518	0.6461778283119202
LOSFO	MatsonV_2018	online_adaptive	20260802	V2A0231	Matson_US	1	0.8736474850866108	0.7254244685173035
LOSFO	MatsonV_2018	online_adaptive	20260802	V2A0232	Matson_US	0	0.7080797085765463	0.6376256346702576
LOSFO	MatsonV_2018	online_adaptive	20260802	V2A0233	Matson_US	0	0.9151820403917121	0.7526615858078003
LOSFO	MatsonV_2018	online_adaptive	20260802	V2A0234	Matson_US	0	0.2740141779003685	0.6406263113021851
LOSFO	MatsonV_2018	online_adaptive	20260802	V2A0235	Matson_US	0	0.12184518820666691	0.6140941381454468
LOSFO	MatsonV_2018	online_adaptive	20260802	V2A0236	Matson_US	0	0.8800588028034068	0.7078878879547119
LOSFO	MatsonV_2018	online_adaptive	20260802	V2A0237	Matson_US	0	0.34206965724012	0.6707926392555237
LOSFO	MatsonV_2018	online_adaptive	20260802	V2A0238	Matson_US	0	0.48574502354056315	0.7233549952507019
LOSFO	MatsonV_2018	online_adaptive	20260802	V2A0239	Matson_US	1	0.5658010405193026	0.7212140560150146
LOSFO	MatsonV_2018	online_adaptive	20260802	V2A0240	Matson_US	0	0.566161088822259	0.6287906169891357
LOSFO	MatsonV_2018	online_adaptive	20260802	V2A0241	Matson_US	0	0.4682837309038747	0.7122440338134766
LOSFO	MatsonV_2018	online_adaptive	20260802	V2A0242	Matson_US	0	0.5197697089811582	0.7285076379776001
LOSFO	MatsonV_2018	online_adaptive	20260802	V2A0243	Matson_US	0	0.8847759060308937	0.6922028660774231
LOSFO	MatsonV_2018	online_adaptive	20260802	V2A0244	Matson_US	1	0.41441924920645146	0.5159580111503601
LOSFO	MatsonV_2018	online_adaptive	20260802	V2A0245	Matson_US	1	0.986664885572508	0.6354597806930542
LOSFO	MatsonV_2018	online_adaptive	20260802	V2A0246	Matson_US	0	0.9397250765257315	0.6868494153022766
LOSFO	MatsonV_2018	online_adaptive	20260802	V2A0247	Matson_US	1	0.20500475363738815	0.6693876385688782
LOSFO	MatsonV_2018	online_adaptive	20260802	V2A0248	Matson_US	0	0.6605629962535842	0.7077345848083496
LOSFO	MatsonV_2018	online_adaptive	20260802	V2A0249	Matson_US	1	0.6126004191062802	0.6802390217781067
LOSFO	MatsonV_2018	online_adaptive	20260802	V2A0250	Matson_US	0	0.679321112557277	0.6597418189048767
LOSFO	MatsonV_2018	online_adaptive	20260802	V2A0251	Matson_US	1	0.663585024658227	0.6620737314224243
LOSFO	MatsonV_2018	online_adaptive	20260802	V2A0252	Matson_US	0	0.6624740852328852	0.7152299880981445
LOSFO	MatsonV_2018	online_adaptive	20260802	V2A0253	Matson_US	0	0.9008704417811275	0.6874679923057556
LOSFO	MatsonV_2018	online_adaptive	20260802	V2A0254	Matson_US	1	0.8569081603107761	0.7416558861732483
LOSFO	MatsonV_2018	online_adaptive	20260802	V2A0255	Matson_US	1	0.8292980824832993	0.6993936896324158
LOSFO	MatsonV_2018	online_adaptive	20260802	V2A0256	Matson_US	1	0.33257464279808246	0.615717887878418
LOSFO	MatsonV_2018	online_adaptive	20260802	V2A0257	Matson_US	0	0.7368276289873943	0.6747044324874878
LOSFO	MatsonV_2018	online_adaptive	20260802	V2A0258	Matson_US	1	0.16587846975416237	0.6461410522460938
LOSFO	MatsonV_2018	online_adaptive	20260802	V2A0259	Matson_US	1	0.14889938033865516	0.6989340782165527
LOSFO	MatsonV_2018	online_adaptive	20260802	V2A0260	Matson_US	0	0.23187337127335753	0.6161671280860901
LOSFO	MatsonV_2018	online_adaptive	20260802	V2A0261	Matson_US	0	0.7566405754820403	0.5807115435600281
LOSFO	MatsonV_2018	online_adaptive	20260802	V2A0262	Matson_US	0	0.23510634967997518	0.6578137278556824
LOSFO	MatsonV_2018	online_adaptive	20260802	V2A0263	Matson_US	0	0.036592242531954575	0.5440854430198669
LOSFO	MatsonV_2018	online_adaptive	20260802	V2A0264	Matson_US	1	0.2432999007927379	0.6477797627449036
LOSFO	MatsonV_2018	online_adaptive	20260802	V2A0265	Matson_US	0	0.8926450129580341	0.719935417175293
LOSFO	MatsonV_2018	online_adaptive	20260802	V2A0266	Matson_US	0	0.6732346176891938	0.6695131063461304
LOSFO	MatsonV_2018	online_adaptive	20260803	V2A0229	Matson_US	0	0.9518051209106964	0.6253539323806763
LOSFO	MatsonV_2018	online_adaptive	20260803	V2A0230	Matson_US	1	0.7242504995577314	0.6394486427307129
LOSFO	MatsonV_2018	online_adaptive	20260803	V2A0231	Matson_US	1	0.8705102012335921	0.7165380120277405
LOSFO	MatsonV_2018	online_adaptive	20260803	V2A0232	Matson_US	0	0.7172919471943434	0.6337742209434509
LOSFO	MatsonV_2018	online_adaptive	20260803	V2A0233	Matson_US	0	0.9117918215571719	0.7464435696601868
LOSFO	MatsonV_2018	online_adaptive	20260803	V2A0234	Matson_US	0	0.275047862799823	0.6376630663871765
LOSFO	MatsonV_2018	online_adaptive	20260803	V2A0235	Matson_US	0	0.11714712168318649	0.6064011454582214
LOSFO	MatsonV_2018	online_adaptive	20260803	V2A0236	Matson_US	0	0.8798373013064411	0.6972814202308655
LOSFO	MatsonV_2018	online_adaptive	20260803	V2A0237	Matson_US	0	0.34167184521684846	0.6629108786582947
LOSFO	MatsonV_2018	online_adaptive	20260803	V2A0238	Matson_US	0	0.491101668968765	0.7192375659942627
LOSFO	MatsonV_2018	online_adaptive	20260803	V2A0239	Matson_US	1	0.5653549741654468	0.7152215838432312
LOSFO	MatsonV_2018	online_adaptive	20260803	V2A0240	Matson_US	0	0.5593166232301262	0.6209104061126709
LOSFO	MatsonV_2018	online_adaptive	20260803	V2A0241	Matson_US	0	0.461768263219311	0.7050053477287292
LOSFO	MatsonV_2018	online_adaptive	20260803	V2A0242	Matson_US	0	0.5181940304525718	0.7206363677978516
LOSFO	MatsonV_2018	online_adaptive	20260803	V2A0243	Matson_US	0	0.8875657423983832	0.6814568042755127
LOSFO	MatsonV_2018	online_adaptive	20260803	V2A0244	Matson_US	1	0.4260478551102302	0.5050005912780762
LOSFO	MatsonV_2018	online_adaptive	20260803	V2A0245	Matson_US	1	0.9865097934478642	0.625091016292572
LOSFO	MatsonV_2018	online_adaptive	20260803	V2A0246	Matson_US	0	0.9423169928905653	0.6794308423995972
LOSFO	MatsonV_2018	online_adaptive	20260803	V2A0247	Matson_US	1	0.21564002463174192	0.6543641686439514
LOSFO	MatsonV_2018	online_adaptive	20260803	V2A0248	Matson_US	0	0.6551616443763355	0.7031697034835815
LOSFO	MatsonV_2018	online_adaptive	20260803	V2A0249	Matson_US	1	0.6175880961800382	0.6763949394226074
LOSFO	MatsonV_2018	online_adaptive	20260803	V2A0250	Matson_US	0	0.6955519095880803	0.6422525644302368
LOSFO	MatsonV_2018	online_adaptive	20260803	V2A0251	Matson_US	1	0.6541721705667028	0.6526237726211548
LOSFO	MatsonV_2018	online_adaptive	20260803	V2A0252	Matson_US	0	0.6585685554838604	0.7035601735115051
LOSFO	MatsonV_2018	online_adaptive	20260803	V2A0253	Matson_US	0	0.9034552598292243	0.6838556528091431
LOSFO	MatsonV_2018	online_adaptive	20260803	V2A0254	Matson_US	1	0.8584787300998763	0.7364072799682617
LOSFO	MatsonV_2018	online_adaptive	20260803	V2A0255	Matson_US	1	0.8338113454912498	0.6908736824989319
LOSFO	MatsonV_2018	online_adaptive	20260803	V2A0256	Matson_US	1	0.34953993833391156	0.6102432608604431
LOSFO	MatsonV_2018	online_adaptive	20260803	V2A0257	Matson_US	0	0.739638275213704	0.6656196117401123
LOSFO	MatsonV_2018	online_adaptive	20260803	V2A0258	Matson_US	1	0.16966060613601067	0.6386367082595825
LOSFO	MatsonV_2018	online_adaptive	20260803	V2A0259	Matson_US	1	0.1508543165758329	0.6954349875450134
LOSFO	MatsonV_2018	online_adaptive	20260803	V2A0260	Matson_US	0	0.23157569858262403	0.6075302958488464
LOSFO	MatsonV_2018	online_adaptive	20260803	V2A0261	Matson_US	0	0.7507889265048583	0.5719413161277771
LOSFO	MatsonV_2018	online_adaptive	20260803	V2A0262	Matson_US	0	0.23590724185219283	0.6541256308555603
LOSFO	MatsonV_2018	online_adaptive	20260803	V2A0263	Matson_US	0	0.03425457459820593	0.5342427492141724
LOSFO	MatsonV_2018	online_adaptive	20260803	V2A0264	Matson_US	1	0.24218525313958617	0.6366515159606934
LOSFO	MatsonV_2018	online_adaptive	20260803	V2A0265	Matson_US	0	0.8927685829623271	0.7161185145378113
LOSFO	MatsonV_2018	online_adaptive	20260803	V2A0266	Matson_US	0	0.6810678531400692	0.6667128801345825
LOSFO	MatsonV_2018	online_adaptive	20260804	V2A0229	Matson_US	0	0.9530017577595	0.6287906765937805
LOSFO	MatsonV_2018	online_adaptive	20260804	V2A0230	Matson_US	1	0.7384731918643828	0.6438474059104919
LOSFO	MatsonV_2018	online_adaptive	20260804	V2A0231	Matson_US	1	0.8721682512533366	0.7210365533828735
LOSFO	MatsonV_2018	online_adaptive	20260804	V2A0232	Matson_US	0	0.7179325625749607	0.6350270509719849
LOSFO	MatsonV_2018	online_adaptive	20260804	V2A0233	Matson_US	0	0.9134082241112411	0.7518701553344727
LOSFO	MatsonV_2018	online_adaptive	20260804	V2A0234	Matson_US	0	0.27370706249045984	0.6317814588546753
LOSFO	MatsonV_2018	online_adaptive	20260804	V2A0235	Matson_US	0	0.12081867429281143	0.6103561520576477
LOSFO	MatsonV_2018	online_adaptive	20260804	V2A0236	Matson_US	0	0.8710051972382946	0.6981828212738037
LOSFO	MatsonV_2018	online_adaptive	20260804	V2A0237	Matson_US	0	0.3546593906628843	0.662445604801178
LOSFO	MatsonV_2018	online_adaptive	20260804	V2A0238	Matson_US	0	0.4979907722407875	0.7154269218444824
LOSFO	MatsonV_2018	online_adaptive	20260804	V2A0239	Matson_US	1	0.5617008220735263	0.7175650596618652
LOSFO	MatsonV_2018	online_adaptive	20260804	V2A0240	Matson_US	0	0.5771116085233917	0.625093400478363
LOSFO	MatsonV_2018	online_adaptive	20260804	V2A0241	Matson_US	0	0.46345471818678907	0.7087724208831787
LOSFO	MatsonV_2018	online_adaptive	20260804	V2A0242	Matson_US	0	0.5192339227236702	0.7232218980789185
LOSFO	MatsonV_2018	online_adaptive	20260804	V2A0243	Matson_US	0	0.8894835855474384	0.6853249073028564
LOSFO	MatsonV_2018	online_adaptive	20260804	V2A0244	Matson_US	1	0.43969955504749336	0.5013206005096436
LOSFO	MatsonV_2018	online_adaptive	20260804	V2A0245	Matson_US	1	0.9865801727826635	0.6256462335586548
LOSFO	MatsonV_2018	online_adaptive	20260804	V2A0246	Matson_US	0	0.9379553164484391	0.6823273301124573
LOSFO	MatsonV_2018	online_adaptive	20260804	V2A0247	Matson_US	1	0.22150277589713288	0.6597329378128052
LOSFO	MatsonV_2018	online_adaptive	20260804	V2A0248	Matson_US	0	0.6582330828721297	0.7028958201408386
LOSFO	MatsonV_2018	online_adaptive	20260804	V2A0249	Matson_US	1	0.6199015703109051	0.6820483803749084
LOSFO	MatsonV_2018	online_adaptive	20260804	V2A0250	Matson_US	0	0.6832597255240822	0.6426432132720947
LOSFO	MatsonV_2018	online_adaptive	20260804	V2A0251	Matson_US	1	0.6595443387265264	0.6514414548873901
LOSFO	MatsonV_2018	online_adaptive	20260804	V2A0252	Matson_US	0	0.6641106374907527	0.7046155333518982
LOSFO	MatsonV_2018	online_adaptive	20260804	V2A0253	Matson_US	0	0.9030939109498745	0.6888023614883423
LOSFO	MatsonV_2018	online_adaptive	20260804	V2A0254	Matson_US	1	0.8525414885579359	0.7405701279640198
LOSFO	MatsonV_2018	online_adaptive	20260804	V2A0255	Matson_US	1	0.8358489429833174	0.6894945502281189
LOSFO	MatsonV_2018	online_adaptive	20260804	V2A0256	Matson_US	1	0.3528762383576179	0.6139905452728271
LOSFO	MatsonV_2018	online_adaptive	20260804	V2A0257	Matson_US	0	0.7430489918979201	0.6717531681060791
LOSFO	MatsonV_2018	online_adaptive	20260804	V2A0258	Matson_US	1	0.16975772311131215	0.6438318490982056
LOSFO	MatsonV_2018	online_adaptive	20260804	V2A0259	Matson_US	1	0.15547629812963204	0.6972891688346863
LOSFO	MatsonV_2018	online_adaptive	20260804	V2A0260	Matson_US	0	0.22693626731499034	0.6002382636070251
LOSFO	MatsonV_2018	online_adaptive	20260804	V2A0261	Matson_US	0	0.7674999662859109	0.5734890699386597
LOSFO	MatsonV_2018	online_adaptive	20260804	V2A0262	Matson_US	0	0.23751612489152577	0.6587854623794556
LOSFO	MatsonV_2018	online_adaptive	20260804	V2A0263	Matson_US	0	0.033839654027550264	0.529204249382019
LOSFO	MatsonV_2018	online_adaptive	20260804	V2A0264	Matson_US	1	0.24385831196172905	0.6363939046859741
LOSFO	MatsonV_2018	online_adaptive	20260804	V2A0265	Matson_US	0	0.894369955175131	0.7195336818695068
LOSFO	MatsonV_2018	online_adaptive	20260804	V2A0266	Matson_US	0	0.6803015749756681	0.6701822280883789
LOSFO	MatsonV_2018	online_adaptive	20260805	V2A0229	Matson_US	0	0.9529431007985487	0.6309064626693726
LOSFO	MatsonV_2018	online_adaptive	20260805	V2A0230	Matson_US	1	0.7355224291414167	0.6438055038452148
LOSFO	MatsonV_2018	online_adaptive	20260805	V2A0231	Matson_US	1	0.8726495714848665	0.7228907346725464
LOSFO	MatsonV_2018	online_adaptive	20260805	V2A0232	Matson_US	0	0.7165780340062499	0.6350883841514587
LOSFO	MatsonV_2018	online_adaptive	20260805	V2A0233	Matson_US	0	0.9155863481780342	0.7544609904289246
LOSFO	MatsonV_2018	online_adaptive	20260805	V2A0234	Matson_US	0	0.2742593426807602	0.6407902240753174
LOSFO	MatsonV_2018	online_adaptive	20260805	V2A0235	Matson_US	0	0.1191434731723775	0.61068195104599
LOSFO	MatsonV_2018	online_adaptive	20260805	V2A0236	Matson_US	0	0.8785158298811239	0.7011252045631409
LOSFO	MatsonV_2018	online_adaptive	20260805	V2A0237	Matson_US	0	0.3401885148709032	0.6651613712310791
LOSFO	MatsonV_2018	online_adaptive	20260805	V2A0238	Matson_US	0	0.49499146503250807	0.7217563986778259
LOSFO	MatsonV_2018	online_adaptive	20260805	V2A0239	Matson_US	1	0.5506211597905416	0.7203779816627502
LOSFO	MatsonV_2018	online_adaptive	20260805	V2A0240	Matson_US	0	0.5650437384169787	0.622014582157135
LOSFO	MatsonV_2018	online_adaptive	20260805	V2A0241	Matson_US	0	0.4705579515388661	0.7092090249061584
LOSFO	MatsonV_2018	online_adaptive	20260805	V2A0242	Matson_US	0	0.5233599779189558	0.7251478433609009
LOSFO	MatsonV_2018	online_adaptive	20260805	V2A0243	Matson_US	0	0.8888225140680446	0.6897603869438171
LOSFO	MatsonV_2018	online_adaptive	20260805	V2A0244	Matson_US	1	0.41268685921709186	0.5075723528862
LOSFO	MatsonV_2018	online_adaptive	20260805	V2A0245	Matson_US	1	0.9870217286018175	0.6327328085899353
LOSFO	MatsonV_2018	online_adaptive	20260805	V2A0246	Matson_US	0	0.9374821444564092	0.6843286752700806
LOSFO	MatsonV_2018	online_adaptive	20260805	V2A0247	Matson_US	1	0.21482094823112968	0.669131338596344
LOSFO	MatsonV_2018	online_adaptive	20260805	V2A0248	Matson_US	0	0.6688029177376354	0.706954300403595
LOSFO	MatsonV_2018	online_adaptive	20260805	V2A0249	Matson_US	1	0.6192211205536691	0.683191180229187
LOSFO	MatsonV_2018	online_adaptive	20260805	V2A0250	Matson_US	0	0.6968346602623545	0.6514986753463745
LOSFO	MatsonV_2018	online_adaptive	20260805	V2A0251	Matson_US	1	0.6602360987361219	0.6536135077476501
LOSFO	MatsonV_2018	online_adaptive	20260805	V2A0252	Matson_US	0	0.6684424178152774	0.7044414281845093
LOSFO	MatsonV_2018	online_adaptive	20260805	V2A0253	Matson_US	0	0.9050827480543604	0.6885991096496582
LOSFO	MatsonV_2018	online_adaptive	20260805	V2A0254	Matson_US	1	0.8564833569319978	0.7429027557373047
LOSFO	MatsonV_2018	online_adaptive	20260805	V2A0255	Matson_US	1	0.8357866937950406	0.6961724758148193
LOSFO	MatsonV_2018	online_adaptive	20260805	V2A0256	Matson_US	1	0.3586773499627923	0.6108425855636597
LOSFO	MatsonV_2018	online_adaptive	20260805	V2A0257	Matson_US	0	0.7425338478151479	0.6728987097740173
LOSFO	MatsonV_2018	online_adaptive	20260805	V2A0258	Matson_US	1	0.1763794360053903	0.6430984139442444
LOSFO	MatsonV_2018	online_adaptive	20260805	V2A0259	Matson_US	1	0.14994289154202148	0.7013799548149109
LOSFO	MatsonV_2018	online_adaptive	20260805	V2A0260	Matson_US	0	0.22312762576577916	0.6030541658401489
LOSFO	MatsonV_2018	online_adaptive	20260805	V2A0261	Matson_US	0	0.7607431445532569	0.5750110745429993
LOSFO	MatsonV_2018	online_adaptive	20260805	V2A0262	Matson_US	0	0.2277328869244118	0.6581907272338867
LOSFO	MatsonV_2018	online_adaptive	20260805	V2A0263	Matson_US	0	0.03547762625057968	0.5405455231666565
LOSFO	MatsonV_2018	online_adaptive	20260805	V2A0264	Matson_US	1	0.2440791429788666	0.6446769833564758
LOSFO	MatsonV_2018	online_adaptive	20260805	V2A0265	Matson_US	0	0.8952972778809624	0.7216329574584961
LOSFO	MatsonV_2018	online_adaptive	20260805	V2A0266	Matson_US	0	0.6753127832401131	0.6677052974700928
LOSFO	MatsonV_2018	online_adaptive	20260806	V2A0229	Matson_US	0	0.9528845078879156	0.6264095306396484
LOSFO	MatsonV_2018	online_adaptive	20260806	V2A0230	Matson_US	1	0.7320546074884569	0.6394365429878235
LOSFO	MatsonV_2018	online_adaptive	20260806	V2A0231	Matson_US	1	0.8721862857265497	0.722952127456665
LOSFO	MatsonV_2018	online_adaptive	20260806	V2A0232	Matson_US	0	0.723293880799893	0.6298360824584961
LOSFO	MatsonV_2018	online_adaptive	20260806	V2A0233	Matson_US	0	0.9165870643949692	0.7466335892677307
LOSFO	MatsonV_2018	online_adaptive	20260806	V2A0234	Matson_US	0	0.2751318565503482	0.6413496136665344
LOSFO	MatsonV_2018	online_adaptive	20260806	V2A0235	Matson_US	0	0.11505374165606357	0.6061456203460693
LOSFO	MatsonV_2018	online_adaptive	20260806	V2A0236	Matson_US	0	0.8807907635167009	0.6954611539840698
LOSFO	MatsonV_2018	online_adaptive	20260806	V2A0237	Matson_US	0	0.3416963016718724	0.6633220314979553
LOSFO	MatsonV_2018	online_adaptive	20260806	V2A0238	Matson_US	0	0.5076750896770342	0.7235936522483826
LOSFO	MatsonV_2018	online_adaptive	20260806	V2A0239	Matson_US	1	0.5586234359055162	0.7176024317741394
LOSFO	MatsonV_2018	online_adaptive	20260806	V2A0240	Matson_US	0	0.5771895786013225	0.6236047148704529
LOSFO	MatsonV_2018	online_adaptive	20260806	V2A0241	Matson_US	0	0.47551560635093776	0.7063353657722473
LOSFO	MatsonV_2018	online_adaptive	20260806	V2A0242	Matson_US	0	0.5259480259774348	0.7248853445053101
LOSFO	MatsonV_2018	online_adaptive	20260806	V2A0243	Matson_US	0	0.8932700505554543	0.6866257190704346
LOSFO	MatsonV_2018	online_adaptive	20260806	V2A0244	Matson_US	1	0.41675374722098746	0.5110804438591003
LOSFO	MatsonV_2018	online_adaptive	20260806	V2A0245	Matson_US	1	0.9870056841994721	0.6294345855712891
LOSFO	MatsonV_2018	online_adaptive	20260806	V2A0246	Matson_US	0	0.9394482402650971	0.6785768866539001
LOSFO	MatsonV_2018	online_adaptive	20260806	V2A0247	Matson_US	1	0.2138219526691493	0.6619746685028076
LOSFO	MatsonV_2018	online_adaptive	20260806	V2A0248	Matson_US	0	0.6671928092937862	0.7026492953300476
LOSFO	MatsonV_2018	online_adaptive	20260806	V2A0249	Matson_US	1	0.6372154322961399	0.6757104992866516
LOSFO	MatsonV_2018	online_adaptive	20260806	V2A0250	Matson_US	0	0.6979633964906039	0.6483802795410156
LOSFO	MatsonV_2018	online_adaptive	20260806	V2A0251	Matson_US	1	0.6627256729727787	0.6515977382659912
LOSFO	MatsonV_2018	online_adaptive	20260806	V2A0252	Matson_US	0	0.6727624563991037	0.7056792378425598
LOSFO	MatsonV_2018	online_adaptive	20260806	V2A0253	Matson_US	0	0.9062648574783588	0.681584894657135
LOSFO	MatsonV_2018	online_adaptive	20260806	V2A0254	Matson_US	1	0.8547785492295363	0.7391272187232971
LOSFO	MatsonV_2018	online_adaptive	20260806	V2A0255	Matson_US	1	0.8366488589864005	0.6914069056510925
LOSFO	MatsonV_2018	online_adaptive	20260806	V2A0256	Matson_US	1	0.35271560631013854	0.609967827796936
LOSFO	MatsonV_2018	online_adaptive	20260806	V2A0257	Matson_US	0	0.7447198839346206	0.662401556968689
LOSFO	MatsonV_2018	online_adaptive	20260806	V2A0258	Matson_US	1	0.16782669663734662	0.6395784020423889
LOSFO	MatsonV_2018	online_adaptive	20260806	V2A0259	Matson_US	1	0.1565049005247358	0.6964454054832458
LOSFO	MatsonV_2018	online_adaptive	20260806	V2A0260	Matson_US	0	0.2342476652690458	0.6058676838874817
LOSFO	MatsonV_2018	online_adaptive	20260806	V2A0261	Matson_US	0	0.763687378878448	0.5740139484405518
LOSFO	MatsonV_2018	online_adaptive	20260806	V2A0262	Matson_US	0	0.23501341223589395	0.6497629880905151
LOSFO	MatsonV_2018	online_adaptive	20260806	V2A0263	Matson_US	0	0.03462348258170507	0.5317830443382263
LOSFO	MatsonV_2018	online_adaptive	20260806	V2A0264	Matson_US	1	0.2414948761490669	0.6429508328437805
LOSFO	MatsonV_2018	online_adaptive	20260806	V2A0265	Matson_US	0	0.8998008089278571	0.7167816758155823
LOSFO	MatsonV_2018	online_adaptive	20260806	V2A0266	Matson_US	0	0.683659957456971	0.6644336581230164
LOSFO	MatsonV_2018	standard_transductive	20260802	V2A0229	Matson_US	0	0.94281881845912	0.6608786582946777
LOSFO	MatsonV_2018	standard_transductive	20260802	V2A0230	Matson_US	1	0.8028812026141701	0.6518142223358154
LOSFO	MatsonV_2018	standard_transductive	20260802	V2A0231	Matson_US	1	0.850152267540766	0.8882770538330078
LOSFO	MatsonV_2018	standard_transductive	20260802	V2A0232	Matson_US	0	0.6228470079264439	0.6494225263595581
LOSFO	MatsonV_2018	standard_transductive	20260802	V2A0233	Matson_US	0	0.919041747228488	0.7680157423019409
LOSFO	MatsonV_2018	standard_transductive	20260802	V2A0234	Matson_US	0	0.34180586107376065	0.7278876304626465
LOSFO	MatsonV_2018	standard_transductive	20260802	V2A0235	Matson_US	0	0.19831935100263667	0.6575806736946106
LOSFO	MatsonV_2018	standard_transductive	20260802	V2A0236	Matson_US	0	0.8800649398468068	0.755563497543335
LOSFO	MatsonV_2018	standard_transductive	20260802	V2A0237	Matson_US	0	0.4087083552936436	0.7681643962860107
LOSFO	MatsonV_2018	standard_transductive	20260802	V2A0238	Matson_US	0	0.44783417493135763	0.8201298713684082
LOSFO	MatsonV_2018	standard_transductive	20260802	V2A0239	Matson_US	1	0.5579670177539614	0.7662426829338074
LOSFO	MatsonV_2018	standard_transductive	20260802	V2A0240	Matson_US	0	0.7525846477333725	0.6947491765022278
LOSFO	MatsonV_2018	standard_transductive	20260802	V2A0241	Matson_US	0	0.3768823739728511	0.7293244004249573
LOSFO	MatsonV_2018	standard_transductive	20260802	V2A0242	Matson_US	0	0.654677397286573	0.7885520458221436
LOSFO	MatsonV_2018	standard_transductive	20260802	V2A0243	Matson_US	0	0.8859077471692485	0.7179160118103027
LOSFO	MatsonV_2018	standard_transductive	20260802	V2A0244	Matson_US	1	0.40790658017953024	0.6654706001281738
LOSFO	MatsonV_2018	standard_transductive	20260802	V2A0245	Matson_US	1	0.9794310755121036	0.736899733543396
LOSFO	MatsonV_2018	standard_transductive	20260802	V2A0246	Matson_US	0	0.9350537248501652	0.7011774182319641
LOSFO	MatsonV_2018	standard_transductive	20260802	V2A0247	Matson_US	1	0.33667153956242646	0.7281869053840637
LOSFO	MatsonV_2018	standard_transductive	20260802	V2A0248	Matson_US	0	0.7354083904880995	0.7867041826248169
LOSFO	MatsonV_2018	standard_transductive	20260802	V2A0249	Matson_US	1	0.607831780319158	0.7359936237335205
LOSFO	MatsonV_2018	standard_transductive	20260802	V2A0250	Matson_US	0	0.6741430567849387	0.7097087502479553
LOSFO	MatsonV_2018	standard_transductive	20260802	V2A0251	Matson_US	1	0.6496432325894543	0.7260439395904541
LOSFO	MatsonV_2018	standard_transductive	20260802	V2A0252	Matson_US	0	0.8134806695369621	0.7589483857154846
LOSFO	MatsonV_2018	standard_transductive	20260802	V2A0253	Matson_US	0	0.9127750425220678	0.7158283591270447
LOSFO	MatsonV_2018	standard_transductive	20260802	V2A0254	Matson_US	1	0.8587098889334261	0.7817822694778442
LOSFO	MatsonV_2018	standard_transductive	20260802	V2A0255	Matson_US	1	0.826416707575383	0.7586140036582947
LOSFO	MatsonV_2018	standard_transductive	20260802	V2A0256	Matson_US	1	0.4622263532537119	0.6636030077934265
LOSFO	MatsonV_2018	standard_transductive	20260802	V2A0257	Matson_US	0	0.8197904687581535	0.6934623718261719
LOSFO	MatsonV_2018	standard_transductive	20260802	V2A0258	Matson_US	1	0.2816796662537928	0.6554851531982422
LOSFO	MatsonV_2018	standard_transductive	20260802	V2A0259	Matson_US	1	0.13152388470617704	0.7165922522544861
LOSFO	MatsonV_2018	standard_transductive	20260802	V2A0260	Matson_US	0	0.3798225691222615	0.6311209797859192
LOSFO	MatsonV_2018	standard_transductive	20260802	V2A0261	Matson_US	0	0.7361353889528354	0.621256947517395
LOSFO	MatsonV_2018	standard_transductive	20260802	V2A0262	Matson_US	0	0.25053090518260873	0.6774206757545471
LOSFO	MatsonV_2018	standard_transductive	20260802	V2A0263	Matson_US	0	0.04591676640432444	0.6500589847564697
LOSFO	MatsonV_2018	standard_transductive	20260802	V2A0264	Matson_US	1	0.49590447875594057	0.7017080783843994
LOSFO	MatsonV_2018	standard_transductive	20260802	V2A0265	Matson_US	0	0.8727014736408357	0.7466374635696411
LOSFO	MatsonV_2018	standard_transductive	20260802	V2A0266	Matson_US	0	0.6902985804321257	0.5722078084945679
LOSFO	MatsonV_2018	standard_transductive	20260803	V2A0229	Matson_US	0	0.9399121554097718	0.6539497375488281
LOSFO	MatsonV_2018	standard_transductive	20260803	V2A0230	Matson_US	1	0.7978684146637026	0.6460604667663574
LOSFO	MatsonV_2018	standard_transductive	20260803	V2A0231	Matson_US	1	0.8467300077221683	0.8836688995361328
LOSFO	MatsonV_2018	standard_transductive	20260803	V2A0232	Matson_US	0	0.6305697544396408	0.6494070887565613
LOSFO	MatsonV_2018	standard_transductive	20260803	V2A0233	Matson_US	0	0.9161835853132215	0.7644657492637634
LOSFO	MatsonV_2018	standard_transductive	20260803	V2A0234	Matson_US	0	0.34238980057380597	0.7226093411445618
LOSFO	MatsonV_2018	standard_transductive	20260803	V2A0235	Matson_US	0	0.19279823270588026	0.6480181217193604
LOSFO	MatsonV_2018	standard_transductive	20260803	V2A0236	Matson_US	0	0.877455494094423	0.7471413016319275
LOSFO	MatsonV_2018	standard_transductive	20260803	V2A0237	Matson_US	0	0.40960384652258197	0.7690920829772949
LOSFO	MatsonV_2018	standard_transductive	20260803	V2A0238	Matson_US	0	0.44462500459280063	0.8181523680686951
LOSFO	MatsonV_2018	standard_transductive	20260803	V2A0239	Matson_US	1	0.5548918465026528	0.7609137296676636
LOSFO	MatsonV_2018	standard_transductive	20260803	V2A0240	Matson_US	0	0.7470884589148303	0.6905010938644409
LOSFO	MatsonV_2018	standard_transductive	20260803	V2A0241	Matson_US	0	0.3724220129597412	0.7230259776115417
LOSFO	MatsonV_2018	standard_transductive	20260803	V2A0242	Matson_US	0	0.6536770407352792	0.7825970649719238
LOSFO	MatsonV_2018	standard_transductive	20260803	V2A0243	Matson_US	0	0.8870801494693978	0.711790919303894
LOSFO	MatsonV_2018	standard_transductive	20260803	V2A0244	Matson_US	1	0.4163012534314917	0.6548174619674683
LOSFO	MatsonV_2018	standard_transductive	20260803	V2A0245	Matson_US	1	0.9791948350836608	0.7272635698318481
LOSFO	MatsonV_2018	standard_transductive	20260803	V2A0246	Matson_US	0	0.9364233675411249	0.697997510433197
LOSFO	MatsonV_2018	standard_transductive	20260803	V2A0247	Matson_US	1	0.34612248132414564	0.7171080708503723
LOSFO	MatsonV_2018	standard_transductive	20260803	V2A0248	Matson_US	0	0.7328560231960706	0.7825021147727966
LOSFO	MatsonV_2018	standard_transductive	20260803	V2A0249	Matson_US	1	0.6002082293256074	0.7261577844619751
LOSFO	MatsonV_2018	standard_transductive	20260803	V2A0250	Matson_US	0	0.6802257050654806	0.6913059949874878
LOSFO	MatsonV_2018	standard_transductive	20260803	V2A0251	Matson_US	1	0.6370301403552383	0.7192349433898926
LOSFO	MatsonV_2018	standard_transductive	20260803	V2A0252	Matson_US	0	0.8066885197304834	0.7497438192367554
LOSFO	MatsonV_2018	standard_transductive	20260803	V2A0253	Matson_US	0	0.9129923692914005	0.7144613862037659
LOSFO	MatsonV_2018	standard_transductive	20260803	V2A0254	Matson_US	1	0.8557919330704741	0.7817354202270508
LOSFO	MatsonV_2018	standard_transductive	20260803	V2A0255	Matson_US	1	0.8296840806720204	0.7508912682533264
LOSFO	MatsonV_2018	standard_transductive	20260803	V2A0256	Matson_US	1	0.4666849768555976	0.6607323288917542
LOSFO	MatsonV_2018	standard_transductive	20260803	V2A0257	Matson_US	0	0.8203890621425968	0.6844740509986877
LOSFO	MatsonV_2018	standard_transductive	20260803	V2A0258	Matson_US	1	0.27919379901300706	0.6489000916481018
LOSFO	MatsonV_2018	standard_transductive	20260803	V2A0259	Matson_US	1	0.1343789859101172	0.7145374417304993
LOSFO	MatsonV_2018	standard_transductive	20260803	V2A0260	Matson_US	0	0.377660240404454	0.6250094175338745
LOSFO	MatsonV_2018	standard_transductive	20260803	V2A0261	Matson_US	0	0.7304772050654443	0.6170981526374817
LOSFO	MatsonV_2018	standard_transductive	20260803	V2A0262	Matson_US	0	0.24991818120844872	0.6740254759788513
LOSFO	MatsonV_2018	standard_transductive	20260803	V2A0263	Matson_US	0	0.04331132458089477	0.6382946968078613
LOSFO	MatsonV_2018	standard_transductive	20260803	V2A0264	Matson_US	1	0.49145507330277877	0.6944875121116638
LOSFO	MatsonV_2018	standard_transductive	20260803	V2A0265	Matson_US	0	0.8722037823760626	0.7468881011009216
LOSFO	MatsonV_2018	standard_transductive	20260803	V2A0266	Matson_US	0	0.6938352466336722	0.5674042105674744
LOSFO	MatsonV_2018	standard_transductive	20260804	V2A0229	Matson_US	0	0.9414383299611334	0.6592732071876526
LOSFO	MatsonV_2018	standard_transductive	20260804	V2A0230	Matson_US	1	0.8076070709242528	0.6514160633087158
LOSFO	MatsonV_2018	standard_transductive	20260804	V2A0231	Matson_US	1	0.8471685457249137	0.8845860362052917
LOSFO	MatsonV_2018	standard_transductive	20260804	V2A0232	Matson_US	0	0.629576270617736	0.6516225934028625
LOSFO	MatsonV_2018	standard_transductive	20260804	V2A0233	Matson_US	0	0.9174733544069912	0.7684998512268066
LOSFO	MatsonV_2018	standard_transductive	20260804	V2A0234	Matson_US	0	0.34087750905425823	0.717989444732666
LOSFO	MatsonV_2018	standard_transductive	20260804	V2A0235	Matson_US	0	0.19485214009836815	0.6563088893890381
LOSFO	MatsonV_2018	standard_transductive	20260804	V2A0236	Matson_US	0	0.8729145128104739	0.748036801815033
LOSFO	MatsonV_2018	standard_transductive	20260804	V2A0237	Matson_US	0	0.41613063300688713	0.768558919429779
LOSFO	MatsonV_2018	standard_transductive	20260804	V2A0238	Matson_US	0	0.450100430221958	0.8151321411132812
LOSFO	MatsonV_2018	standard_transductive	20260804	V2A0239	Matson_US	1	0.5532064137866478	0.7649436593055725
LOSFO	MatsonV_2018	standard_transductive	20260804	V2A0240	Matson_US	0	0.7527541266732718	0.6943211555480957
LOSFO	MatsonV_2018	standard_transductive	20260804	V2A0241	Matson_US	0	0.3774784245510306	0.7262473106384277
LOSFO	MatsonV_2018	standard_transductive	20260804	V2A0242	Matson_US	0	0.6528036480218031	0.7829264998435974
LOSFO	MatsonV_2018	standard_transductive	20260804	V2A0243	Matson_US	0	0.8889371477141553	0.7144599556922913
LOSFO	MatsonV_2018	standard_transductive	20260804	V2A0244	Matson_US	1	0.42198174603215727	0.6572518348693848
LOSFO	MatsonV_2018	standard_transductive	20260804	V2A0245	Matson_US	1	0.9794746064977738	0.730130136013031
LOSFO	MatsonV_2018	standard_transductive	20260804	V2A0246	Matson_US	0	0.9328719597757245	0.7027467489242554
LOSFO	MatsonV_2018	standard_transductive	20260804	V2A0247	Matson_US	1	0.349706755022037	0.7178106307983398
LOSFO	MatsonV_2018	standard_transductive	20260804	V2A0248	Matson_US	0	0.7349579148701306	0.7831477522850037
LOSFO	MatsonV_2018	standard_transductive	20260804	V2A0249	Matson_US	1	0.6031375819052799	0.7338337302207947
LOSFO	MatsonV_2018	standard_transductive	20260804	V2A0250	Matson_US	0	0.6742519583704437	0.6992735862731934
LOSFO	MatsonV_2018	standard_transductive	20260804	V2A0251	Matson_US	1	0.6449844888870951	0.7228906154632568
LOSFO	MatsonV_2018	standard_transductive	20260804	V2A0252	Matson_US	0	0.81248039744821	0.7523524761199951
LOSFO	MatsonV_2018	standard_transductive	20260804	V2A0253	Matson_US	0	0.9131899054433139	0.7171450853347778
LOSFO	MatsonV_2018	standard_transductive	20260804	V2A0254	Matson_US	1	0.8534550406460509	0.7846032977104187
LOSFO	MatsonV_2018	standard_transductive	20260804	V2A0255	Matson_US	1	0.8311172809777394	0.7459895014762878
LOSFO	MatsonV_2018	standard_transductive	20260804	V2A0256	Matson_US	1	0.46843918266896195	0.668246865272522
LOSFO	MatsonV_2018	standard_transductive	20260804	V2A0257	Matson_US	0	0.8223328764630092	0.6943655610084534
LOSFO	MatsonV_2018	standard_transductive	20260804	V2A0258	Matson_US	1	0.28649713524314413	0.65626060962677
LOSFO	MatsonV_2018	standard_transductive	20260804	V2A0259	Matson_US	1	0.13451552391474225	0.7171865105628967
LOSFO	MatsonV_2018	standard_transductive	20260804	V2A0260	Matson_US	0	0.374477647210385	0.6236202716827393
LOSFO	MatsonV_2018	standard_transductive	20260804	V2A0261	Matson_US	0	0.7403059185340443	0.6192165017127991
LOSFO	MatsonV_2018	standard_transductive	20260804	V2A0262	Matson_US	0	0.25189454509760634	0.6786386370658875
LOSFO	MatsonV_2018	standard_transductive	20260804	V2A0263	Matson_US	0	0.04340441564089733	0.6298519372940063
LOSFO	MatsonV_2018	standard_transductive	20260804	V2A0264	Matson_US	1	0.49087645421223935	0.693825900554657
LOSFO	MatsonV_2018	standard_transductive	20260804	V2A0265	Matson_US	0	0.8740787109990145	0.7465853691101074
LOSFO	MatsonV_2018	standard_transductive	20260804	V2A0266	Matson_US	0	0.6931055974109601	0.5639209747314453
LOSFO	MatsonV_2018	standard_transductive	20260805	V2A0229	Matson_US	0	0.9414243245315839	0.66221022605896
LOSFO	MatsonV_2018	standard_transductive	20260805	V2A0230	Matson_US	1	0.8075768220871193	0.6498699188232422
LOSFO	MatsonV_2018	standard_transductive	20260805	V2A0231	Matson_US	1	0.8490363224110422	0.8875095248222351
LOSFO	MatsonV_2018	standard_transductive	20260805	V2A0232	Matson_US	0	0.6290032684176396	0.6552118062973022
LOSFO	MatsonV_2018	standard_transductive	20260805	V2A0233	Matson_US	0	0.9193526800580305	0.7704782485961914
LOSFO	MatsonV_2018	standard_transductive	20260805	V2A0234	Matson_US	0	0.34076080092196687	0.7369900345802307
LOSFO	MatsonV_2018	standard_transductive	20260805	V2A0235	Matson_US	0	0.19590155499548684	0.6581627726554871
LOSFO	MatsonV_2018	standard_transductive	20260805	V2A0236	Matson_US	0	0.8766170096371814	0.7489052414894104
LOSFO	MatsonV_2018	standard_transductive	20260805	V2A0237	Matson_US	0	0.4085045184313829	0.7694501876831055
LOSFO	MatsonV_2018	standard_transductive	20260805	V2A0238	Matson_US	0	0.4491906026078375	0.8246016502380371
LOSFO	MatsonV_2018	standard_transductive	20260805	V2A0239	Matson_US	1	0.5449233930599595	0.7660694718360901
LOSFO	MatsonV_2018	standard_transductive	20260805	V2A0240	Matson_US	0	0.7511520599524698	0.6939281225204468
LOSFO	MatsonV_2018	standard_transductive	20260805	V2A0241	Matson_US	0	0.3817580443231055	0.7262882590293884
LOSFO	MatsonV_2018	standard_transductive	20260805	V2A0242	Matson_US	0	0.6562223595251461	0.7853710651397705
LOSFO	MatsonV_2018	standard_transductive	20260805	V2A0243	Matson_US	0	0.8888213990655124	0.717129111289978
LOSFO	MatsonV_2018	standard_transductive	20260805	V2A0244	Matson_US	1	0.40732373470954036	0.6545354127883911
LOSFO	MatsonV_2018	standard_transductive	20260805	V2A0245	Matson_US	1	0.9799311808457224	0.7400954961776733
LOSFO	MatsonV_2018	standard_transductive	20260805	V2A0246	Matson_US	0	0.9324056450097247	0.701078474521637
LOSFO	MatsonV_2018	standard_transductive	20260805	V2A0247	Matson_US	1	0.34581189672462004	0.7242100834846497
LOSFO	MatsonV_2018	standard_transductive	20260805	V2A0248	Matson_US	0	0.7408279870245171	0.7891144752502441
LOSFO	MatsonV_2018	standard_transductive	20260805	V2A0249	Matson_US	1	0.6076252250398253	0.7364069223403931
LOSFO	MatsonV_2018	standard_transductive	20260805	V2A0250	Matson_US	0	0.6839941580446987	0.7027768492698669
LOSFO	MatsonV_2018	standard_transductive	20260805	V2A0251	Matson_US	1	0.64650699722875	0.7218713164329529
LOSFO	MatsonV_2018	standard_transductive	20260805	V2A0252	Matson_US	0	0.8117253690454808	0.7525590658187866
LOSFO	MatsonV_2018	standard_transductive	20260805	V2A0253	Matson_US	0	0.9148185370429676	0.7197436094284058
LOSFO	MatsonV_2018	standard_transductive	20260805	V2A0254	Matson_US	1	0.8554250443502607	0.7881424427032471
LOSFO	MatsonV_2018	standard_transductive	20260805	V2A0255	Matson_US	1	0.8309280515820646	0.7584407329559326
LOSFO	MatsonV_2018	standard_transductive	20260805	V2A0256	Matson_US	1	0.4732892005280649	0.6670049428939819
LOSFO	MatsonV_2018	standard_transductive	20260805	V2A0257	Matson_US	0	0.8227357857744761	0.6919122338294983
LOSFO	MatsonV_2018	standard_transductive	20260805	V2A0258	Matson_US	1	0.2908965488047761	0.6536689400672913
LOSFO	MatsonV_2018	standard_transductive	20260805	V2A0259	Matson_US	1	0.13349502704830776	0.7183569073677063
LOSFO	MatsonV_2018	standard_transductive	20260805	V2A0260	Matson_US	0	0.36966462135754574	0.621306836605072
LOSFO	MatsonV_2018	standard_transductive	20260805	V2A0261	Matson_US	0	0.7385043993560958	0.6195006370544434
LOSFO	MatsonV_2018	standard_transductive	20260805	V2A0262	Matson_US	0	0.24743018549638568	0.6809548735618591
LOSFO	MatsonV_2018	standard_transductive	20260805	V2A0263	Matson_US	0	0.044610964696929996	0.6454517245292664
LOSFO	MatsonV_2018	standard_transductive	20260805	V2A0264	Matson_US	1	0.4943961415097593	0.7016506195068359
LOSFO	MatsonV_2018	standard_transductive	20260805	V2A0265	Matson_US	0	0.8742471944714999	0.7476704716682434
LOSFO	MatsonV_2018	standard_transductive	20260805	V2A0266	Matson_US	0	0.6916590539129618	0.5765143632888794
LOSFO	MatsonV_2018	standard_transductive	20260806	V2A0229	Matson_US	0	0.9405102273749911	0.6544447541236877
LOSFO	MatsonV_2018	standard_transductive	20260806	V2A0230	Matson_US	1	0.8042632205069524	0.6431517601013184
LOSFO	MatsonV_2018	standard_transductive	20260806	V2A0231	Matson_US	1	0.847970802547282	0.8910381197929382
LOSFO	MatsonV_2018	standard_transductive	20260806	V2A0232	Matson_US	0	0.632768000501468	0.6469829678535461
LOSFO	MatsonV_2018	standard_transductive	20260806	V2A0233	Matson_US	0	0.9196757479588653	0.7629287838935852
LOSFO	MatsonV_2018	standard_transductive	20260806	V2A0234	Matson_US	0	0.34113790341614375	0.7336444854736328
LOSFO	MatsonV_2018	standard_transductive	20260806	V2A0235	Matson_US	0	0.19210195575182148	0.6465085744857788
LOSFO	MatsonV_2018	standard_transductive	20260806	V2A0236	Matson_US	0	0.8785754166962667	0.7459372282028198
LOSFO	MatsonV_2018	standard_transductive	20260806	V2A0237	Matson_US	0	0.40736716541938633	0.7653785347938538
LOSFO	MatsonV_2018	standard_transductive	20260806	V2A0238	Matson_US	0	0.45598434754358574	0.8262685537338257
LOSFO	MatsonV_2018	standard_transductive	20260806	V2A0239	Matson_US	1	0.5493370517338033	0.7626419067382812
LOSFO	MatsonV_2018	standard_transductive	20260806	V2A0240	Matson_US	0	0.7564552472380304	0.6904258728027344
LOSFO	MatsonV_2018	standard_transductive	20260806	V2A0241	Matson_US	0	0.38236491123077626	0.7275850772857666
LOSFO	MatsonV_2018	standard_transductive	20260806	V2A0242	Matson_US	0	0.6570806482773722	0.787936806678772
LOSFO	MatsonV_2018	standard_transductive	20260806	V2A0243	Matson_US	0	0.890272247660502	0.7154502272605896
LOSFO	MatsonV_2018	standard_transductive	20260806	V2A0244	Matson_US	1	0.408833445231863	0.6647192239761353
LOSFO	MatsonV_2018	standard_transductive	20260806	V2A0245	Matson_US	1	0.9795979267052818	0.7411709427833557
LOSFO	MatsonV_2018	standard_transductive	20260806	V2A0246	Matson_US	0	0.9333834846069943	0.6958013772964478
LOSFO	MatsonV_2018	standard_transductive	20260806	V2A0247	Matson_US	1	0.3454513982614644	0.7149861454963684
LOSFO	MatsonV_2018	standard_transductive	20260806	V2A0248	Matson_US	0	0.7381034970929397	0.7862833142280579
LOSFO	MatsonV_2018	standard_transductive	20260806	V2A0249	Matson_US	1	0.6131912073805854	0.7294538021087646
LOSFO	MatsonV_2018	standard_transductive	20260806	V2A0250	Matson_US	0	0.6835077433958958	0.7010868787765503
LOSFO	MatsonV_2018	standard_transductive	20260806	V2A0251	Matson_US	1	0.6477387721486919	0.7190576791763306
LOSFO	MatsonV_2018	standard_transductive	20260806	V2A0252	Matson_US	0	0.8133124904043596	0.7501499056816101
LOSFO	MatsonV_2018	standard_transductive	20260806	V2A0253	Matson_US	0	0.9149240385014152	0.7105964422225952
LOSFO	MatsonV_2018	standard_transductive	20260806	V2A0254	Matson_US	1	0.8541526415301564	0.7832064032554626
LOSFO	MatsonV_2018	standard_transductive	20260806	V2A0255	Matson_US	1	0.829465013321611	0.7505645155906677
LOSFO	MatsonV_2018	standard_transductive	20260806	V2A0256	Matson_US	1	0.46981109446311736	0.6618227958679199
LOSFO	MatsonV_2018	standard_transductive	20260806	V2A0257	Matson_US	0	0.8231016707108462	0.6848583221435547
LOSFO	MatsonV_2018	standard_transductive	20260806	V2A0258	Matson_US	1	0.2827134915123505	0.647301971912384
LOSFO	MatsonV_2018	standard_transductive	20260806	V2A0259	Matson_US	1	0.13553224918152582	0.7147483229637146
LOSFO	MatsonV_2018	standard_transductive	20260806	V2A0260	Matson_US	0	0.381534535145672	0.6240535974502563
LOSFO	MatsonV_2018	standard_transductive	20260806	V2A0261	Matson_US	0	0.7386641867924562	0.6192666888237
LOSFO	MatsonV_2018	standard_transductive	20260806	V2A0262	Matson_US	0	0.24952851267011705	0.6709159016609192
LOSFO	MatsonV_2018	standard_transductive	20260806	V2A0263	Matson_US	0	0.04361705955544048	0.6394844055175781
LOSFO	MatsonV_2018	standard_transductive	20260806	V2A0264	Matson_US	1	0.48946782994208965	0.7012197375297546
LOSFO	MatsonV_2018	standard_transductive	20260806	V2A0265	Matson_US	0	0.8757757628930923	0.7422292828559875
LOSFO	MatsonV_2018	standard_transductive	20260806	V2A0266	Matson_US	0	0.6939714558235464	0.5733096599578857
LOSFO	SpencerCN_2021	online_adaptive	20260802	V2A0267	Spencer_US	0	0.3523267371222978	0.5430562496185303
LOSFO	SpencerCN_2021	online_adaptive	20260802	V2A0268	Spencer_US	1	0.4022723704250432	0.5725458860397339
LOSFO	SpencerCN_2021	online_adaptive	20260802	V2A0269	Spencer_US	1	0.004092669440712383	0.5777395367622375
LOSFO	SpencerCN_2021	online_adaptive	20260802	V2A0270	Spencer_US	1	0.23911322009743632	0.5184919834136963
LOSFO	SpencerCN_2021	online_adaptive	20260802	V2A0271	Spencer_US	0	0.19902348382043852	0.5164084434509277
LOSFO	SpencerCN_2021	online_adaptive	20260802	V2A0272	Spencer_US	1	0.45669791736383425	0.4915512204170227
LOSFO	SpencerCN_2021	online_adaptive	20260802	V2A0273	Spencer_US	1	0.10508498218838655	0.5324171185493469
LOSFO	SpencerCN_2021	online_adaptive	20260802	V2A0274	Spencer_US	1	0.050115863089880364	0.5315988063812256
LOSFO	SpencerCN_2021	online_adaptive	20260802	V2A0275	Spencer_US	1	0.39518444328419133	0.5254783034324646
LOSFO	SpencerCN_2021	online_adaptive	20260802	V2A0276	Spencer_US	0	0.03608059235543488	0.4911576807498932
LOSFO	SpencerCN_2021	online_adaptive	20260802	V2A0277	Spencer_US	1	0.8569070129798976	0.5870431065559387
LOSFO	SpencerCN_2021	online_adaptive	20260802	V2A0278	Spencer_US	1	0.8508972502406053	0.5712593793869019
LOSFO	SpencerCN_2021	online_adaptive	20260802	V2A0279	Spencer_US	0	0.27433630648449026	0.5438438653945923
LOSFO	SpencerCN_2021	online_adaptive	20260802	V2A0280	Spencer_US	1	0.30582596000626666	0.6032503247261047
LOSFO	SpencerCN_2021	online_adaptive	20260802	V2A0281	Spencer_US	1	0.10825733922990757	0.5815748572349548
LOSFO	SpencerCN_2021	online_adaptive	20260802	V2A0282	Spencer_US	1	0.1642952019333751	0.5752597451210022
LOSFO	SpencerCN_2021	online_adaptive	20260802	V2A0283	Spencer_US	1	0.6883076674963949	0.5371810793876648
LOSFO	SpencerCN_2021	online_adaptive	20260802	V2A0284	Spencer_US	0	0.6691550688473834	0.6325664520263672
LOSFO	SpencerCN_2021	online_adaptive	20260802	V2A0285	Spencer_US	0	0.6257006169590872	0.5286070704460144
LOSFO	SpencerCN_2021	online_adaptive	20260802	V2A0286	Spencer_US	0	0.8045070611389126	0.7090106010437012
LOSFO	SpencerCN_2021	online_adaptive	20260802	V2A0287	Spencer_US	1	0.31995030632078547	0.5320693254470825
LOSFO	SpencerCN_2021	online_adaptive	20260802	V2A0288	Spencer_US	1	0.4642384168039638	0.5593520998954773
LOSFO	SpencerCN_2021	online_adaptive	20260802	V2A0289	Spencer_US	0	0.43107201976848214	0.6150825619697571
LOSFO	SpencerCN_2021	online_adaptive	20260802	V2A0290	Spencer_US	1	0.6480127041390221	0.5642356276512146
LOSFO	SpencerCN_2021	online_adaptive	20260802	V2A0291	Spencer_US	0	0.2503878276417319	0.3675956428050995
LOSFO	SpencerCN_2021	online_adaptive	20260802	V2A0292	Spencer_US	1	0.7134048295772473	0.6148907542228699
LOSFO	SpencerCN_2021	online_adaptive	20260802	V2A0293	Spencer_US	0	0.25880725885913936	0.5731096267700195
LOSFO	SpencerCN_2021	online_adaptive	20260802	V2A0294	Spencer_US	1	0.5549007455581648	0.5975989699363708
LOSFO	SpencerCN_2021	online_adaptive	20260802	V2A0295	Spencer_US	1	0.16052321661706576	0.5340797901153564
LOSFO	SpencerCN_2021	online_adaptive	20260802	V2A0296	Spencer_US	0	0.07279811343740318	0.532482922077179
LOSFO	SpencerCN_2021	online_adaptive	20260802	V2A0297	Spencer_US	1	0.1843911406890798	0.540494441986084
LOSFO	SpencerCN_2021	online_adaptive	20260802	V2A0298	Spencer_US	1	0.1539769889559959	0.5665552616119385
LOSFO	SpencerCN_2021	online_adaptive	20260802	V2A0299	Spencer_US	1	0.15514527236726502	0.490580677986145
LOSFO	SpencerCN_2021	online_adaptive	20260802	V2A0300	Spencer_US	1	0.49352699916181897	0.5809398889541626
LOSFO	SpencerCN_2021	online_adaptive	20260802	V2A0301	Spencer_US	0	0.29885612713350085	0.5246766805648804
LOSFO	SpencerCN_2021	online_adaptive	20260802	V2A0302	Spencer_US	1	0.49648671261802474	0.5698404908180237
LOSFO	SpencerCN_2021	online_adaptive	20260802	V2A0303	Spencer_US	1	0.7127436586289797	0.5550040006637573
LOSFO	SpencerCN_2021	online_adaptive	20260802	V2A0304	Spencer_US	1	0.9087379535598599	0.5901193618774414
LOSFO	SpencerCN_2021	online_adaptive	20260802	V2A0305	Spencer_US	1	0.6291677648950023	0.5463898181915283
LOSFO	SpencerCN_2021	online_adaptive	20260802	V2A0306	Spencer_US	1	0.5359453581641772	0.5767450332641602
LOSFO	SpencerCN_2021	online_adaptive	20260802	V2A0307	Spencer_US	1	0.5848616832449021	0.5650091767311096
LOSFO	SpencerCN_2021	online_adaptive	20260802	V2A0308	Spencer_US	0	0.4465337038765674	0.5582571625709534
LOSFO	SpencerCN_2021	online_adaptive	20260802	V2A0309	Spencer_US	1	0.574795205496436	0.5943046808242798
LOSFO	SpencerCN_2021	online_adaptive	20260802	V2A0310	Spencer_US	0	0.10699807027636163	0.516806960105896
LOSFO	SpencerCN_2021	online_adaptive	20260802	V2A0311	Spencer_US	1	0.18088562114511908	0.5901864767074585
LOSFO	SpencerCN_2021	online_adaptive	20260802	V2A0312	Spencer_US	1	0.2985727866050583	0.5772104859352112
LOSFO	SpencerCN_2021	online_adaptive	20260802	V2A0313	Spencer_US	1	0.34079277208030745	0.5683026909828186
LOSFO	SpencerCN_2021	online_adaptive	20260802	V2A0314	Spencer_US	0	0.5164610322220534	0.6309536099433899
LOSFO	SpencerCN_2021	online_adaptive	20260802	V2A0315	Spencer_US	1	0.32649738359208563	0.591517448425293
LOSFO	SpencerCN_2021	online_adaptive	20260802	V2A0316	Spencer_US	0	0.12295642979689177	0.5453251600265503
LOSFO	SpencerCN_2021	online_adaptive	20260802	V2A0317	Spencer_US	1	0.8916752352439522	0.6222524046897888
LOSFO	SpencerCN_2021	online_adaptive	20260802	V2A0318	Spencer_US	1	0.39728049345959415	0.568388044834137
LOSFO	SpencerCN_2021	online_adaptive	20260802	V2A0319	Spencer_US	1	0.3727725487582987	0.5172749757766724
LOSFO	SpencerCN_2021	online_adaptive	20260802	V2A0320	Spencer_US	1	0.1614594702958107	0.5447573661804199
LOSFO	SpencerCN_2021	online_adaptive	20260802	V2A0321	Spencer_US	1	0.7021902329746934	0.5307462811470032
LOSFO	SpencerCN_2021	online_adaptive	20260802	V2A0322	Spencer_US	0	0.5360364613136192	0.533155083656311
LOSFO	SpencerCN_2021	online_adaptive	20260802	V2A0323	Spencer_US	1	0.621007683727936	0.5695977807044983
LOSFO	SpencerCN_2021	online_adaptive	20260802	V2A0324	Spencer_US	1	0.6677280535211119	0.5451247692108154
LOSFO	SpencerCN_2021	online_adaptive	20260802	V2A0325	Spencer_US	1	0.16122566945526232	0.4980708360671997
LOSFO	SpencerCN_2021	online_adaptive	20260802	V2A0326	Spencer_US	1	0.5464236979145602	0.5137121081352234
LOSFO	SpencerCN_2021	online_adaptive	20260802	V2A0327	Spencer_US	0	0.6250182132720955	0.4936978816986084
LOSFO	SpencerCN_2021	online_adaptive	20260802	V2A0328	Spencer_US	1	0.6415622640732017	0.5581066608428955
LOSFO	SpencerCN_2021	online_adaptive	20260802	V2A0329	Spencer_US	1	0.5402332572773708	0.5420693159103394
LOSFO	SpencerCN_2021	online_adaptive	20260802	V2A0330	Spencer_US	1	0.8551578923522021	0.6540257930755615
LOSFO	SpencerCN_2021	online_adaptive	20260802	V2A0331	Spencer_US	1	0.14571432733605655	0.5831937193870544
LOSFO	SpencerCN_2021	online_adaptive	20260802	V2A0332	Spencer_US	1	0.5353051238519485	0.49356508255004883
LOSFO	SpencerCN_2021	online_adaptive	20260802	V2A0333	Spencer_US	1	0.238516305541778	0.5606245994567871
LOSFO	SpencerCN_2021	online_adaptive	20260802	V2A0334	Spencer_US	1	0.6818681223921089	0.4497603178024292
LOSFO	SpencerCN_2021	online_adaptive	20260802	V2A0335	Spencer_US	0	0.25571052255343957	0.6148784160614014
LOSFO	SpencerCN_2021	online_adaptive	20260802	V2A0336	Spencer_US	1	0.16479701148020187	0.4703637361526489
LOSFO	SpencerCN_2021	online_adaptive	20260802	V2A0337	Spencer_US	1	0.7623261307560751	0.5497338175773621
LOSFO	SpencerCN_2021	online_adaptive	20260802	V2A0338	Spencer_US	0	0.17684266921302913	0.544241726398468
LOSFO	SpencerCN_2021	online_adaptive	20260802	V2A0339	Spencer_US	1	0.19711158473836995	0.5340443849563599
LOSFO	SpencerCN_2021	online_adaptive	20260802	V2A0340	Spencer_US	0	0.28989735496362085	0.6269540786743164
LOSFO	SpencerCN_2021	online_adaptive	20260802	V2A0341	Spencer_US	0	0.20083870108097646	0.6147882342338562
LOSFO	SpencerCN_2021	online_adaptive	20260802	V2A0342	Spencer_US	0	0.4622368444639849	0.5538578629493713
LOSFO	SpencerCN_2021	online_adaptive	20260802	V2A0343	Spencer_US	0	0.2517540272429188	0.4974256455898285
LOSFO	SpencerCN_2021	online_adaptive	20260802	V2A0344	Spencer_US	1	0.9741628166766226	0.6621316075325012
LOSFO	SpencerCN_2021	online_adaptive	20260802	V2A0345	Spencer_US	1	0.9224023177843347	0.6180276870727539
LOSFO	SpencerCN_2021	online_adaptive	20260802	V2A0346	Spencer_US	1	0.49842654603922026	0.5302428603172302
LOSFO	SpencerCN_2021	online_adaptive	20260802	V2A0347	Spencer_US	1	0.30673989504674665	0.6191316843032837
LOSFO	SpencerCN_2021	online_adaptive	20260802	V2A0348	Spencer_US	1	0.37232299486976383	0.5379486083984375
LOSFO	SpencerCN_2021	online_adaptive	20260802	V2A0349	Spencer_US	1	0.72912865011707	0.590406596660614
LOSFO	SpencerCN_2021	online_adaptive	20260802	V2A0350	Spencer_US	1	0.8050421371094302	0.6146033406257629
LOSFO	SpencerCN_2021	online_adaptive	20260802	V2A0351	Spencer_US	1	0.1606563498788343	0.6048533320426941
LOSFO	SpencerCN_2021	online_adaptive	20260802	V2A0352	Spencer_US	1	0.6944577142341983	0.4973481297492981
LOSFO	SpencerCN_2021	online_adaptive	20260802	V2A0353	Spencer_US	1	0.1710239527325171	0.6069809794425964
LOSFO	SpencerCN_2021	online_adaptive	20260802	V2A0354	Spencer_US	1	0.40789261572453345	0.6097407341003418
LOSFO	SpencerCN_2021	online_adaptive	20260802	V2A0355	Spencer_US	1	0.13109439381460453	0.5095675587654114
LOSFO	SpencerCN_2021	online_adaptive	20260802	V2A0356	Spencer_US	1	0.7475417575735637	0.5777010917663574
LOSFO	SpencerCN_2021	online_adaptive	20260802	V2A0357	Spencer_US	1	0.6618057700779055	0.6158972978591919
LOSFO	SpencerCN_2021	online_adaptive	20260802	V2A0358	Spencer_US	0	0.9490430350903011	0.5896756052970886
LOSFO	SpencerCN_2021	online_adaptive	20260802	V2A0359	Spencer_US	1	0.12858861659475126	0.529389500617981
LOSFO	SpencerCN_2021	online_adaptive	20260802	V2A0360	Spencer_US	1	0.204963711747912	0.4991675317287445
LOSFO	SpencerCN_2021	online_adaptive	20260802	V2A0361	Spencer_US	0	0.18841289087851915	0.5487191081047058
LOSFO	SpencerCN_2021	online_adaptive	20260802	V2A0362	Spencer_US	1	0.6939757859854563	0.555319607257843
LOSFO	SpencerCN_2021	online_adaptive	20260802	V2A0363	Spencer_US	1	0.19434346852049386	0.5820817947387695
LOSFO	SpencerCN_2021	online_adaptive	20260803	V2A0267	Spencer_US	0	0.36202018466125946	0.5474669337272644
LOSFO	SpencerCN_2021	online_adaptive	20260803	V2A0268	Spencer_US	1	0.3946768485036706	0.5781648755073547
LOSFO	SpencerCN_2021	online_adaptive	20260803	V2A0269	Spencer_US	1	0.004224376219315447	0.5832164287567139
LOSFO	SpencerCN_2021	online_adaptive	20260803	V2A0270	Spencer_US	1	0.23717081493463474	0.5178784132003784
LOSFO	SpencerCN_2021	online_adaptive	20260803	V2A0271	Spencer_US	0	0.19544870664993252	0.5168052315711975
LOSFO	SpencerCN_2021	online_adaptive	20260803	V2A0272	Spencer_US	1	0.4608939210217911	0.4905204176902771
LOSFO	SpencerCN_2021	online_adaptive	20260803	V2A0273	Spencer_US	1	0.10588656755063514	0.5350704193115234
LOSFO	SpencerCN_2021	online_adaptive	20260803	V2A0274	Spencer_US	1	0.052070211112971755	0.5335468649864197
LOSFO	SpencerCN_2021	online_adaptive	20260803	V2A0275	Spencer_US	1	0.3882253518566853	0.5299215316772461
LOSFO	SpencerCN_2021	online_adaptive	20260803	V2A0276	Spencer_US	0	0.03588654474790371	0.4955928325653076
LOSFO	SpencerCN_2021	online_adaptive	20260803	V2A0277	Spencer_US	1	0.8544373696471513	0.5852604508399963
LOSFO	SpencerCN_2021	online_adaptive	20260803	V2A0278	Spencer_US	1	0.8537454222295844	0.5750589370727539
LOSFO	SpencerCN_2021	online_adaptive	20260803	V2A0279	Spencer_US	0	0.2772626514406969	0.5503020286560059
LOSFO	SpencerCN_2021	online_adaptive	20260803	V2A0280	Spencer_US	1	0.29857681172556416	0.6061503291130066
LOSFO	SpencerCN_2021	online_adaptive	20260803	V2A0281	Spencer_US	1	0.10773158755137612	0.583309531211853
LOSFO	SpencerCN_2021	online_adaptive	20260803	V2A0282	Spencer_US	1	0.16837536323151253	0.5757952928543091
LOSFO	SpencerCN_2021	online_adaptive	20260803	V2A0283	Spencer_US	1	0.6915599448032407	0.5435211658477783
LOSFO	SpencerCN_2021	online_adaptive	20260803	V2A0284	Spencer_US	0	0.6632667787960895	0.6259611248970032
LOSFO	SpencerCN_2021	online_adaptive	20260803	V2A0285	Spencer_US	0	0.6334578326548198	0.5290728211402893
LOSFO	SpencerCN_2021	online_adaptive	20260803	V2A0286	Spencer_US	0	0.8019136465201003	0.7105286717414856
LOSFO	SpencerCN_2021	online_adaptive	20260803	V2A0287	Spencer_US	1	0.3224606600746522	0.5344916582107544
LOSFO	SpencerCN_2021	online_adaptive	20260803	V2A0288	Spencer_US	1	0.4682767339447254	0.5642524361610413
LOSFO	SpencerCN_2021	online_adaptive	20260803	V2A0289	Spencer_US	0	0.4306943864755788	0.6182867288589478
LOSFO	SpencerCN_2021	online_adaptive	20260803	V2A0290	Spencer_US	1	0.6543135133799659	0.5685153007507324
LOSFO	SpencerCN_2021	online_adaptive	20260803	V2A0291	Spencer_US	0	0.24925661242091673	0.3669874668121338
LOSFO	SpencerCN_2021	online_adaptive	20260803	V2A0292	Spencer_US	1	0.7069489312419234	0.6158021688461304
LOSFO	SpencerCN_2021	online_adaptive	20260803	V2A0293	Spencer_US	0	0.264021296870158	0.5769528150558472
LOSFO	SpencerCN_2021	online_adaptive	20260803	V2A0294	Spencer_US	1	0.5552062065759938	0.5998715162277222
LOSFO	SpencerCN_2021	online_adaptive	20260803	V2A0295	Spencer_US	1	0.1640325243938607	0.5372011661529541
LOSFO	SpencerCN_2021	online_adaptive	20260803	V2A0296	Spencer_US	0	0.0724305560056452	0.52509605884552
LOSFO	SpencerCN_2021	online_adaptive	20260803	V2A0297	Spencer_US	1	0.17829039434460842	0.5373119711875916
LOSFO	SpencerCN_2021	online_adaptive	20260803	V2A0298	Spencer_US	1	0.15482211011776945	0.5655282139778137
LOSFO	SpencerCN_2021	online_adaptive	20260803	V2A0299	Spencer_US	1	0.1587792917007941	0.4972950220108032
LOSFO	SpencerCN_2021	online_adaptive	20260803	V2A0300	Spencer_US	1	0.4903719230736782	0.5843334197998047
LOSFO	SpencerCN_2021	online_adaptive	20260803	V2A0301	Spencer_US	0	0.2997625304220559	0.5227437019348145
LOSFO	SpencerCN_2021	online_adaptive	20260803	V2A0302	Spencer_US	1	0.49135067796540244	0.571408748626709
LOSFO	SpencerCN_2021	online_adaptive	20260803	V2A0303	Spencer_US	1	0.7131093183313951	0.5564653873443604
LOSFO	SpencerCN_2021	online_adaptive	20260803	V2A0304	Spencer_US	1	0.9038138495971377	0.5887680649757385
LOSFO	SpencerCN_2021	online_adaptive	20260803	V2A0305	Spencer_US	1	0.6229099764131649	0.545101523399353
LOSFO	SpencerCN_2021	online_adaptive	20260803	V2A0306	Spencer_US	1	0.5336425592059301	0.579434871673584
LOSFO	SpencerCN_2021	online_adaptive	20260803	V2A0307	Spencer_US	1	0.5770861030591798	0.5661969780921936
LOSFO	SpencerCN_2021	online_adaptive	20260803	V2A0308	Spencer_US	0	0.4462370268931126	0.5571107864379883
LOSFO	SpencerCN_2021	online_adaptive	20260803	V2A0309	Spencer_US	1	0.579498676446977	0.5946994423866272
LOSFO	SpencerCN_2021	online_adaptive	20260803	V2A0310	Spencer_US	0	0.10776342968600579	0.5206698775291443
LOSFO	SpencerCN_2021	online_adaptive	20260803	V2A0311	Spencer_US	1	0.17440206169526076	0.592603862285614
LOSFO	SpencerCN_2021	online_adaptive	20260803	V2A0312	Spencer_US	1	0.3076100696549011	0.5781475901603699
LOSFO	SpencerCN_2021	online_adaptive	20260803	V2A0313	Spencer_US	1	0.347461644082597	0.570022463798523
LOSFO	SpencerCN_2021	online_adaptive	20260803	V2A0314	Spencer_US	0	0.5179076885882699	0.6313408017158508
LOSFO	SpencerCN_2021	online_adaptive	20260803	V2A0315	Spencer_US	1	0.3202948750116637	0.5920896530151367
LOSFO	SpencerCN_2021	online_adaptive	20260803	V2A0316	Spencer_US	0	0.12595175840594272	0.551657497882843
LOSFO	SpencerCN_2021	online_adaptive	20260803	V2A0317	Spencer_US	1	0.8935292637848116	0.623937726020813
LOSFO	SpencerCN_2021	online_adaptive	20260803	V2A0318	Spencer_US	1	0.3983690604717358	0.5685962438583374
LOSFO	SpencerCN_2021	online_adaptive	20260803	V2A0319	Spencer_US	1	0.37511862836196375	0.5117417573928833
LOSFO	SpencerCN_2021	online_adaptive	20260803	V2A0320	Spencer_US	1	0.16084443442025884	0.5450277328491211
LOSFO	SpencerCN_2021	online_adaptive	20260803	V2A0321	Spencer_US	1	0.7053491248742919	0.5367942452430725
LOSFO	SpencerCN_2021	online_adaptive	20260803	V2A0322	Spencer_US	0	0.5437664583841483	0.5372681021690369
LOSFO	SpencerCN_2021	online_adaptive	20260803	V2A0323	Spencer_US	1	0.6232468601526077	0.5721874833106995
LOSFO	SpencerCN_2021	online_adaptive	20260803	V2A0324	Spencer_US	1	0.6718359705393171	0.5513302087783813
LOSFO	SpencerCN_2021	online_adaptive	20260803	V2A0325	Spencer_US	1	0.16325138330913752	0.5004339218139648
LOSFO	SpencerCN_2021	online_adaptive	20260803	V2A0326	Spencer_US	1	0.5441594195253096	0.5179727673530579
LOSFO	SpencerCN_2021	online_adaptive	20260803	V2A0327	Spencer_US	0	0.6340612057625973	0.4963845908641815
LOSFO	SpencerCN_2021	online_adaptive	20260803	V2A0328	Spencer_US	1	0.6513780150493239	0.5614714026451111
LOSFO	SpencerCN_2021	online_adaptive	20260803	V2A0329	Spencer_US	1	0.5550017979096938	0.5446534156799316
LOSFO	SpencerCN_2021	online_adaptive	20260803	V2A0330	Spencer_US	1	0.8497397658734644	0.6589078307151794
LOSFO	SpencerCN_2021	online_adaptive	20260803	V2A0331	Spencer_US	1	0.14641348620829522	0.5840155482292175
LOSFO	SpencerCN_2021	online_adaptive	20260803	V2A0332	Spencer_US	1	0.5439981918668712	0.4976421296596527
LOSFO	SpencerCN_2021	online_adaptive	20260803	V2A0333	Spencer_US	1	0.23953752899518235	0.5616158843040466
LOSFO	SpencerCN_2021	online_adaptive	20260803	V2A0334	Spencer_US	1	0.6810670466225933	0.44882798194885254
LOSFO	SpencerCN_2021	online_adaptive	20260803	V2A0335	Spencer_US	0	0.25232439048535654	0.6168020367622375
LOSFO	SpencerCN_2021	online_adaptive	20260803	V2A0336	Spencer_US	1	0.16403147013866695	0.4754737615585327
LOSFO	SpencerCN_2021	online_adaptive	20260803	V2A0337	Spencer_US	1	0.7667403538313962	0.5524066090583801
LOSFO	SpencerCN_2021	online_adaptive	20260803	V2A0338	Spencer_US	0	0.16985690451783467	0.5477871894836426
LOSFO	SpencerCN_2021	online_adaptive	20260803	V2A0339	Spencer_US	1	0.20246959055779287	0.5355381369590759
LOSFO	SpencerCN_2021	online_adaptive	20260803	V2A0340	Spencer_US	0	0.28948258197106685	0.6310904026031494
LOSFO	SpencerCN_2021	online_adaptive	20260803	V2A0341	Spencer_US	0	0.19798333209332533	0.6104483008384705
LOSFO	SpencerCN_2021	online_adaptive	20260803	V2A0342	Spencer_US	0	0.4596873142055595	0.5524346232414246
LOSFO	SpencerCN_2021	online_adaptive	20260803	V2A0343	Spencer_US	0	0.251112320622749	0.4999459981918335
LOSFO	SpencerCN_2021	online_adaptive	20260803	V2A0344	Spencer_US	1	0.9746145788902693	0.6584751009941101
LOSFO	SpencerCN_2021	online_adaptive	20260803	V2A0345	Spencer_US	1	0.9258428101548416	0.6238238215446472
LOSFO	SpencerCN_2021	online_adaptive	20260803	V2A0346	Spencer_US	1	0.49941968001838777	0.5315976738929749
LOSFO	SpencerCN_2021	online_adaptive	20260803	V2A0347	Spencer_US	1	0.30749621923245074	0.622024655342102
LOSFO	SpencerCN_2021	online_adaptive	20260803	V2A0348	Spencer_US	1	0.37505697064707993	0.5373792052268982
LOSFO	SpencerCN_2021	online_adaptive	20260803	V2A0349	Spencer_US	1	0.7257934169742271	0.5929069519042969
LOSFO	SpencerCN_2021	online_adaptive	20260803	V2A0350	Spencer_US	1	0.8031150959815005	0.6151455044746399
LOSFO	SpencerCN_2021	online_adaptive	20260803	V2A0351	Spencer_US	1	0.16524462339903587	0.6077337861061096
LOSFO	SpencerCN_2021	online_adaptive	20260803	V2A0352	Spencer_US	1	0.6992277669690014	0.4960867166519165
LOSFO	SpencerCN_2021	online_adaptive	20260803	V2A0353	Spencer_US	1	0.1744128126498657	0.6094948649406433
LOSFO	SpencerCN_2021	online_adaptive	20260803	V2A0354	Spencer_US	1	0.39924720385143814	0.6129087805747986
LOSFO	SpencerCN_2021	online_adaptive	20260803	V2A0355	Spencer_US	1	0.13143892803581936	0.5136019587516785
LOSFO	SpencerCN_2021	online_adaptive	20260803	V2A0356	Spencer_US	1	0.7446654159345446	0.5731160044670105
LOSFO	SpencerCN_2021	online_adaptive	20260803	V2A0357	Spencer_US	1	0.6679115181459182	0.6195720434188843
LOSFO	SpencerCN_2021	online_adaptive	20260803	V2A0358	Spencer_US	0	0.9492002393356536	0.5945589542388916
LOSFO	SpencerCN_2021	online_adaptive	20260803	V2A0359	Spencer_US	1	0.1308187666503911	0.5320212841033936
LOSFO	SpencerCN_2021	online_adaptive	20260803	V2A0360	Spencer_US	1	0.20175778283001228	0.5063549280166626
LOSFO	SpencerCN_2021	online_adaptive	20260803	V2A0361	Spencer_US	0	0.19114205215704197	0.5541950464248657
LOSFO	SpencerCN_2021	online_adaptive	20260803	V2A0362	Spencer_US	1	0.7013043871346335	0.5577365159988403
LOSFO	SpencerCN_2021	online_adaptive	20260803	V2A0363	Spencer_US	1	0.19930402225017868	0.5879175066947937
LOSFO	SpencerCN_2021	online_adaptive	20260804	V2A0267	Spencer_US	0	0.36909648240393494	0.5476445555686951
LOSFO	SpencerCN_2021	online_adaptive	20260804	V2A0268	Spencer_US	1	0.3824897590051016	0.5817108750343323
LOSFO	SpencerCN_2021	online_adaptive	20260804	V2A0269	Spencer_US	1	0.004103574213176133	0.5841981172561646
LOSFO	SpencerCN_2021	online_adaptive	20260804	V2A0270	Spencer_US	1	0.23910149787560206	0.5180413722991943
LOSFO	SpencerCN_2021	online_adaptive	20260804	V2A0271	Spencer_US	0	0.19339675480623078	0.5178961157798767
LOSFO	SpencerCN_2021	online_adaptive	20260804	V2A0272	Spencer_US	1	0.46860520734907896	0.4889126718044281
LOSFO	SpencerCN_2021	online_adaptive	20260804	V2A0273	Spencer_US	1	0.10693355111011316	0.5331597924232483
LOSFO	SpencerCN_2021	online_adaptive	20260804	V2A0274	Spencer_US	1	0.05389231521681035	0.5347068309783936
LOSFO	SpencerCN_2021	online_adaptive	20260804	V2A0275	Spencer_US	1	0.39163370236242795	0.5290995836257935
LOSFO	SpencerCN_2021	online_adaptive	20260804	V2A0276	Spencer_US	0	0.0357813801325016	0.4955780804157257
LOSFO	SpencerCN_2021	online_adaptive	20260804	V2A0277	Spencer_US	1	0.8541009158105488	0.5852913856506348
LOSFO	SpencerCN_2021	online_adaptive	20260804	V2A0278	Spencer_US	1	0.8516176902165749	0.5739070177078247
LOSFO	SpencerCN_2021	online_adaptive	20260804	V2A0279	Spencer_US	0	0.2817482351210379	0.5398173332214355
LOSFO	SpencerCN_2021	online_adaptive	20260804	V2A0280	Spencer_US	1	0.30850573587955515	0.606614351272583
LOSFO	SpencerCN_2021	online_adaptive	20260804	V2A0281	Spencer_US	1	0.10795114459042905	0.5889795422554016
LOSFO	SpencerCN_2021	online_adaptive	20260804	V2A0282	Spencer_US	1	0.1683585713841157	0.5776728391647339
LOSFO	SpencerCN_2021	online_adaptive	20260804	V2A0283	Spencer_US	1	0.6911611141097799	0.538136899471283
LOSFO	SpencerCN_2021	online_adaptive	20260804	V2A0284	Spencer_US	0	0.6682788700265155	0.634157121181488
LOSFO	SpencerCN_2021	online_adaptive	20260804	V2A0285	Spencer_US	0	0.6369302886964394	0.5323032140731812
LOSFO	SpencerCN_2021	online_adaptive	20260804	V2A0286	Spencer_US	0	0.8024578759437413	0.7112173438072205
LOSFO	SpencerCN_2021	online_adaptive	20260804	V2A0287	Spencer_US	1	0.3237541083603228	0.5340644717216492
LOSFO	SpencerCN_2021	online_adaptive	20260804	V2A0288	Spencer_US	1	0.45677941729757465	0.5646606683731079
LOSFO	SpencerCN_2021	online_adaptive	20260804	V2A0289	Spencer_US	0	0.41988119404503266	0.619221568107605
LOSFO	SpencerCN_2021	online_adaptive	20260804	V2A0290	Spencer_US	1	0.6518076199571491	0.568570077419281
LOSFO	SpencerCN_2021	online_adaptive	20260804	V2A0291	Spencer_US	0	0.24955569803973207	0.3618929982185364
LOSFO	SpencerCN_2021	online_adaptive	20260804	V2A0292	Spencer_US	1	0.704150906339099	0.6151496767997742
LOSFO	SpencerCN_2021	online_adaptive	20260804	V2A0293	Spencer_US	0	0.2600257906782166	0.5773471593856812
LOSFO	SpencerCN_2021	online_adaptive	20260804	V2A0294	Spencer_US	1	0.5564509085064876	0.6007013320922852
LOSFO	SpencerCN_2021	online_adaptive	20260804	V2A0295	Spencer_US	1	0.16391955602026057	0.5378885865211487
LOSFO	SpencerCN_2021	online_adaptive	20260804	V2A0296	Spencer_US	0	0.06960561393175184	0.5307046175003052
LOSFO	SpencerCN_2021	online_adaptive	20260804	V2A0297	Spencer_US	1	0.17770214947201995	0.5400689244270325
LOSFO	SpencerCN_2021	online_adaptive	20260804	V2A0298	Spencer_US	1	0.15008113122125796	0.5674482583999634
LOSFO	SpencerCN_2021	online_adaptive	20260804	V2A0299	Spencer_US	1	0.1582125770285916	0.4920496642589569
LOSFO	SpencerCN_2021	online_adaptive	20260804	V2A0300	Spencer_US	1	0.4982590611341123	0.5830491781234741
LOSFO	SpencerCN_2021	online_adaptive	20260804	V2A0301	Spencer_US	0	0.2948956156878825	0.522403359413147
LOSFO	SpencerCN_2021	online_adaptive	20260804	V2A0302	Spencer_US	1	0.4892950393527126	0.5719532370567322
LOSFO	SpencerCN_2021	online_adaptive	20260804	V2A0303	Spencer_US	1	0.7236154738539856	0.5558887124061584
LOSFO	SpencerCN_2021	online_adaptive	20260804	V2A0304	Spencer_US	1	0.9046777386053564	0.5913722515106201
LOSFO	SpencerCN_2021	online_adaptive	20260804	V2A0305	Spencer_US	1	0.620518096105262	0.548581600189209
LOSFO	SpencerCN_2021	online_adaptive	20260804	V2A0306	Spencer_US	1	0.5416006401396993	0.5792193412780762
LOSFO	SpencerCN_2021	online_adaptive	20260804	V2A0307	Spencer_US	1	0.5887177663703376	0.5682632923126221
LOSFO	SpencerCN_2021	online_adaptive	20260804	V2A0308	Spencer_US	0	0.4424495814757458	0.5621509552001953
LOSFO	SpencerCN_2021	online_adaptive	20260804	V2A0309	Spencer_US	1	0.5696401661904357	0.594205379486084
LOSFO	SpencerCN_2021	online_adaptive	20260804	V2A0310	Spencer_US	0	0.10700137309335084	0.5193859338760376
LOSFO	SpencerCN_2021	online_adaptive	20260804	V2A0311	Spencer_US	1	0.18073682876986896	0.5924441814422607
LOSFO	SpencerCN_2021	online_adaptive	20260804	V2A0312	Spencer_US	1	0.3100140047050755	0.5797749757766724
LOSFO	SpencerCN_2021	online_adaptive	20260804	V2A0313	Spencer_US	1	0.34270540066649174	0.5718175172805786
LOSFO	SpencerCN_2021	online_adaptive	20260804	V2A0314	Spencer_US	0	0.5324365710749963	0.6367756724357605
LOSFO	SpencerCN_2021	online_adaptive	20260804	V2A0315	Spencer_US	1	0.3154157741201755	0.5940426588058472
LOSFO	SpencerCN_2021	online_adaptive	20260804	V2A0316	Spencer_US	0	0.12629939655269645	0.5491992235183716
LOSFO	SpencerCN_2021	online_adaptive	20260804	V2A0317	Spencer_US	1	0.8903196923871708	0.6253541111946106
LOSFO	SpencerCN_2021	online_adaptive	20260804	V2A0318	Spencer_US	1	0.39967991427775407	0.5700015425682068
LOSFO	SpencerCN_2021	online_adaptive	20260804	V2A0319	Spencer_US	1	0.37122015484763926	0.5110772252082825
LOSFO	SpencerCN_2021	online_adaptive	20260804	V2A0320	Spencer_US	1	0.1592397044095023	0.5464031100273132
LOSFO	SpencerCN_2021	online_adaptive	20260804	V2A0321	Spencer_US	1	0.7075230225356532	0.531836986541748
LOSFO	SpencerCN_2021	online_adaptive	20260804	V2A0322	Spencer_US	0	0.546990714914161	0.5352376699447632
LOSFO	SpencerCN_2021	online_adaptive	20260804	V2A0323	Spencer_US	1	0.6198771633935156	0.5699512958526611
LOSFO	SpencerCN_2021	online_adaptive	20260804	V2A0324	Spencer_US	1	0.6652300160914653	0.549841046333313
LOSFO	SpencerCN_2021	online_adaptive	20260804	V2A0325	Spencer_US	1	0.16521753770495445	0.49941447377204895
LOSFO	SpencerCN_2021	online_adaptive	20260804	V2A0326	Spencer_US	1	0.5409363780308518	0.5154697299003601
LOSFO	SpencerCN_2021	online_adaptive	20260804	V2A0327	Spencer_US	0	0.638641797114958	0.49756693840026855
LOSFO	SpencerCN_2021	online_adaptive	20260804	V2A0328	Spencer_US	1	0.6530009059819712	0.5618343949317932
LOSFO	SpencerCN_2021	online_adaptive	20260804	V2A0329	Spencer_US	1	0.5544356159196289	0.5435242652893066
LOSFO	SpencerCN_2021	online_adaptive	20260804	V2A0330	Spencer_US	1	0.8496569496639882	0.6639988422393799
LOSFO	SpencerCN_2021	online_adaptive	20260804	V2A0331	Spencer_US	1	0.14617601648007372	0.5867815017700195
LOSFO	SpencerCN_2021	online_adaptive	20260804	V2A0332	Spencer_US	1	0.5489484007602423	0.4953990578651428
LOSFO	SpencerCN_2021	online_adaptive	20260804	V2A0333	Spencer_US	1	0.23615833368287498	0.5628438591957092
LOSFO	SpencerCN_2021	online_adaptive	20260804	V2A0334	Spencer_US	1	0.6752443388896662	0.44880640506744385
LOSFO	SpencerCN_2021	online_adaptive	20260804	V2A0335	Spencer_US	0	0.2523495547039121	0.6178761720657349
LOSFO	SpencerCN_2021	online_adaptive	20260804	V2A0336	Spencer_US	1	0.1662984747329785	0.4782402813434601
LOSFO	SpencerCN_2021	online_adaptive	20260804	V2A0337	Spencer_US	1	0.7674005488847138	0.5503970980644226
LOSFO	SpencerCN_2021	online_adaptive	20260804	V2A0338	Spencer_US	0	0.16622512396275657	0.5462484955787659
LOSFO	SpencerCN_2021	online_adaptive	20260804	V2A0339	Spencer_US	1	0.19952333804016076	0.5367798805236816
LOSFO	SpencerCN_2021	online_adaptive	20260804	V2A0340	Spencer_US	0	0.2897815772205444	0.6332712173461914
LOSFO	SpencerCN_2021	online_adaptive	20260804	V2A0341	Spencer_US	0	0.19820255869090772	0.6126858592033386
LOSFO	SpencerCN_2021	online_adaptive	20260804	V2A0342	Spencer_US	0	0.4648322341177949	0.554654061794281
LOSFO	SpencerCN_2021	online_adaptive	20260804	V2A0343	Spencer_US	0	0.2517368275175443	0.4954904615879059
LOSFO	SpencerCN_2021	online_adaptive	20260804	V2A0344	Spencer_US	1	0.9746916602304816	0.6616554260253906
LOSFO	SpencerCN_2021	online_adaptive	20260804	V2A0345	Spencer_US	1	0.9270870184431769	0.6244534254074097
LOSFO	SpencerCN_2021	online_adaptive	20260804	V2A0346	Spencer_US	1	0.5051901243562931	0.5309860110282898
LOSFO	SpencerCN_2021	online_adaptive	20260804	V2A0347	Spencer_US	1	0.299386496161292	0.6227293610572815
LOSFO	SpencerCN_2021	online_adaptive	20260804	V2A0348	Spencer_US	1	0.3729527960021219	0.5409444570541382
LOSFO	SpencerCN_2021	online_adaptive	20260804	V2A0349	Spencer_US	1	0.7249490361755137	0.5954906940460205
LOSFO	SpencerCN_2021	online_adaptive	20260804	V2A0350	Spencer_US	1	0.8072969734443166	0.6208179593086243
LOSFO	SpencerCN_2021	online_adaptive	20260804	V2A0351	Spencer_US	1	0.16834963237328548	0.6067671179771423
LOSFO	SpencerCN_2021	online_adaptive	20260804	V2A0352	Spencer_US	1	0.6970485671398436	0.4926888942718506
LOSFO	SpencerCN_2021	online_adaptive	20260804	V2A0353	Spencer_US	1	0.17221936516400724	0.6048192977905273
LOSFO	SpencerCN_2021	online_adaptive	20260804	V2A0354	Spencer_US	1	0.4042485941719849	0.6123107075691223
LOSFO	SpencerCN_2021	online_adaptive	20260804	V2A0355	Spencer_US	1	0.13074710645355897	0.5158772468566895
LOSFO	SpencerCN_2021	online_adaptive	20260804	V2A0356	Spencer_US	1	0.7403069555831076	0.5737119317054749
LOSFO	SpencerCN_2021	online_adaptive	20260804	V2A0357	Spencer_US	1	0.6627262555087743	0.6189191341400146
LOSFO	SpencerCN_2021	online_adaptive	20260804	V2A0358	Spencer_US	0	0.9510740934094958	0.5939844846725464
LOSFO	SpencerCN_2021	online_adaptive	20260804	V2A0359	Spencer_US	1	0.13499916532649703	0.5310531854629517
LOSFO	SpencerCN_2021	online_adaptive	20260804	V2A0360	Spencer_US	1	0.20253287218928362	0.5028084516525269
LOSFO	SpencerCN_2021	online_adaptive	20260804	V2A0361	Spencer_US	0	0.18886631586286728	0.5511248707771301
LOSFO	SpencerCN_2021	online_adaptive	20260804	V2A0362	Spencer_US	1	0.7053722704249091	0.5572829246520996
LOSFO	SpencerCN_2021	online_adaptive	20260804	V2A0363	Spencer_US	1	0.2030886704673367	0.5887417793273926
LOSFO	SpencerCN_2021	online_adaptive	20260805	V2A0267	Spencer_US	0	0.3637314051340058	0.5388209223747253
LOSFO	SpencerCN_2021	online_adaptive	20260805	V2A0268	Spencer_US	1	0.39842901222495897	0.5731721520423889
LOSFO	SpencerCN_2021	online_adaptive	20260805	V2A0269	Spencer_US	1	0.004102845177432732	0.5816582441329956
LOSFO	SpencerCN_2021	online_adaptive	20260805	V2A0270	Spencer_US	1	0.24048546526175157	0.5123893618583679
LOSFO	SpencerCN_2021	online_adaptive	20260805	V2A0271	Spencer_US	0	0.19315300213281844	0.5137317776679993
LOSFO	SpencerCN_2021	online_adaptive	20260805	V2A0272	Spencer_US	1	0.4676254666183921	0.48752355575561523
LOSFO	SpencerCN_2021	online_adaptive	20260805	V2A0273	Spencer_US	1	0.10651179909977482	0.5308262705802917
LOSFO	SpencerCN_2021	online_adaptive	20260805	V2A0274	Spencer_US	1	0.05470825341471819	0.5298159122467041
LOSFO	SpencerCN_2021	online_adaptive	20260805	V2A0275	Spencer_US	1	0.3942016189662282	0.529561460018158
LOSFO	SpencerCN_2021	online_adaptive	20260805	V2A0276	Spencer_US	0	0.03607034635469671	0.4962737262248993
LOSFO	SpencerCN_2021	online_adaptive	20260805	V2A0277	Spencer_US	1	0.8519149094947163	0.582915186882019
LOSFO	SpencerCN_2021	online_adaptive	20260805	V2A0278	Spencer_US	1	0.8526861140269372	0.5685064196586609
LOSFO	SpencerCN_2021	online_adaptive	20260805	V2A0279	Spencer_US	0	0.27588349782233185	0.5401012301445007
LOSFO	SpencerCN_2021	online_adaptive	20260805	V2A0280	Spencer_US	1	0.3041148432726278	0.6026192307472229
LOSFO	SpencerCN_2021	online_adaptive	20260805	V2A0281	Spencer_US	1	0.1081159245087201	0.581660270690918
LOSFO	SpencerCN_2021	online_adaptive	20260805	V2A0282	Spencer_US	1	0.172221631302679	0.5768055319786072
LOSFO	SpencerCN_2021	online_adaptive	20260805	V2A0283	Spencer_US	1	0.6937532750042773	0.536310613155365
LOSFO	SpencerCN_2021	online_adaptive	20260805	V2A0284	Spencer_US	0	0.6631372605730009	0.6274200081825256
LOSFO	SpencerCN_2021	online_adaptive	20260805	V2A0285	Spencer_US	0	0.6361522457507551	0.5270324349403381
LOSFO	SpencerCN_2021	online_adaptive	20260805	V2A0286	Spencer_US	0	0.8030869733982912	0.7108534574508667
LOSFO	SpencerCN_2021	online_adaptive	20260805	V2A0287	Spencer_US	1	0.3261691209596593	0.5317941308021545
LOSFO	SpencerCN_2021	online_adaptive	20260805	V2A0288	Spencer_US	1	0.46570999840086397	0.5636753439903259
LOSFO	SpencerCN_2021	online_adaptive	20260805	V2A0289	Spencer_US	0	0.43066301252784045	0.6144439578056335
LOSFO	SpencerCN_2021	online_adaptive	20260805	V2A0290	Spencer_US	1	0.6555427515926675	0.5637232065200806
LOSFO	SpencerCN_2021	online_adaptive	20260805	V2A0291	Spencer_US	0	0.2499404307368936	0.36727192997932434
LOSFO	SpencerCN_2021	online_adaptive	20260805	V2A0292	Spencer_US	1	0.708006602178934	0.615235447883606
LOSFO	SpencerCN_2021	online_adaptive	20260805	V2A0293	Spencer_US	0	0.2674616763353532	0.5746239423751831
LOSFO	SpencerCN_2021	online_adaptive	20260805	V2A0294	Spencer_US	1	0.5604165193036791	0.5982617735862732
LOSFO	SpencerCN_2021	online_adaptive	20260805	V2A0295	Spencer_US	1	0.16812213261946268	0.5364689230918884
LOSFO	SpencerCN_2021	online_adaptive	20260805	V2A0296	Spencer_US	0	0.07098563296488303	0.5240525007247925
LOSFO	SpencerCN_2021	online_adaptive	20260805	V2A0297	Spencer_US	1	0.17888024356981017	0.5345073342323303
LOSFO	SpencerCN_2021	online_adaptive	20260805	V2A0298	Spencer_US	1	0.15420257689007516	0.5612687468528748
LOSFO	SpencerCN_2021	online_adaptive	20260805	V2A0299	Spencer_US	1	0.15839139866281668	0.49099135398864746
LOSFO	SpencerCN_2021	online_adaptive	20260805	V2A0300	Spencer_US	1	0.49436247886369566	0.5785748958587646
LOSFO	SpencerCN_2021	online_adaptive	20260805	V2A0301	Spencer_US	0	0.29903108813010265	0.520880401134491
LOSFO	SpencerCN_2021	online_adaptive	20260805	V2A0302	Spencer_US	1	0.49746915662299795	0.5704379081726074
LOSFO	SpencerCN_2021	online_adaptive	20260805	V2A0303	Spencer_US	1	0.7151456072747808	0.5523133277893066
LOSFO	SpencerCN_2021	online_adaptive	20260805	V2A0304	Spencer_US	1	0.9043596772635839	0.5919764041900635
LOSFO	SpencerCN_2021	online_adaptive	20260805	V2A0305	Spencer_US	1	0.6228387017041973	0.5464276671409607
LOSFO	SpencerCN_2021	online_adaptive	20260805	V2A0306	Spencer_US	1	0.5328910328789928	0.5759464502334595
LOSFO	SpencerCN_2021	online_adaptive	20260805	V2A0307	Spencer_US	1	0.5810923993527621	0.5624316930770874
LOSFO	SpencerCN_2021	online_adaptive	20260805	V2A0308	Spencer_US	0	0.45805896045550504	0.5612379908561707
LOSFO	SpencerCN_2021	online_adaptive	20260805	V2A0309	Spencer_US	1	0.578441560445171	0.595366358757019
LOSFO	SpencerCN_2021	online_adaptive	20260805	V2A0310	Spencer_US	0	0.10647310908990516	0.5146292448043823
LOSFO	SpencerCN_2021	online_adaptive	20260805	V2A0311	Spencer_US	1	0.17542514526343536	0.5929838418960571
LOSFO	SpencerCN_2021	online_adaptive	20260805	V2A0312	Spencer_US	1	0.30455403022008204	0.5723369717597961
LOSFO	SpencerCN_2021	online_adaptive	20260805	V2A0313	Spencer_US	1	0.34484380814084686	0.5672635436058044
LOSFO	SpencerCN_2021	online_adaptive	20260805	V2A0314	Spencer_US	0	0.522804483062562	0.6327154040336609
LOSFO	SpencerCN_2021	online_adaptive	20260805	V2A0315	Spencer_US	1	0.3257560852107138	0.5871994495391846
LOSFO	SpencerCN_2021	online_adaptive	20260805	V2A0316	Spencer_US	0	0.1262351414859836	0.5461763739585876
LOSFO	SpencerCN_2021	online_adaptive	20260805	V2A0317	Spencer_US	1	0.8912065462151223	0.6229603886604309
LOSFO	SpencerCN_2021	online_adaptive	20260805	V2A0318	Spencer_US	1	0.40529541208893055	0.5665344595909119
LOSFO	SpencerCN_2021	online_adaptive	20260805	V2A0319	Spencer_US	1	0.3766848474573521	0.5090857744216919
LOSFO	SpencerCN_2021	online_adaptive	20260805	V2A0320	Spencer_US	1	0.15529217549980276	0.5421484708786011
LOSFO	SpencerCN_2021	online_adaptive	20260805	V2A0321	Spencer_US	1	0.7067364461814482	0.5319310426712036
LOSFO	SpencerCN_2021	online_adaptive	20260805	V2A0322	Spencer_US	0	0.5352616888695669	0.5302088260650635
LOSFO	SpencerCN_2021	online_adaptive	20260805	V2A0323	Spencer_US	1	0.6288174445164406	0.5710376501083374
LOSFO	SpencerCN_2021	online_adaptive	20260805	V2A0324	Spencer_US	1	0.6693291981910883	0.5446029305458069
LOSFO	SpencerCN_2021	online_adaptive	20260805	V2A0325	Spencer_US	1	0.15967271171270248	0.49661433696746826
LOSFO	SpencerCN_2021	online_adaptive	20260805	V2A0326	Spencer_US	1	0.5400927288719687	0.5128822922706604
LOSFO	SpencerCN_2021	online_adaptive	20260805	V2A0327	Spencer_US	0	0.6265454342415271	0.493551641702652
LOSFO	SpencerCN_2021	online_adaptive	20260805	V2A0328	Spencer_US	1	0.6415353387496731	0.5593042969703674
LOSFO	SpencerCN_2021	online_adaptive	20260805	V2A0329	Spencer_US	1	0.5480169178974165	0.5397299528121948
LOSFO	SpencerCN_2021	online_adaptive	20260805	V2A0330	Spencer_US	1	0.8483250711125767	0.6571705341339111
LOSFO	SpencerCN_2021	online_adaptive	20260805	V2A0331	Spencer_US	1	0.1486219791868549	0.5818304419517517
LOSFO	SpencerCN_2021	online_adaptive	20260805	V2A0332	Spencer_US	1	0.5396328559590683	0.49309277534484863
LOSFO	SpencerCN_2021	online_adaptive	20260805	V2A0333	Spencer_US	1	0.2429228026680182	0.5586448907852173
LOSFO	SpencerCN_2021	online_adaptive	20260805	V2A0334	Spencer_US	1	0.6784830128283231	0.4445006847381592
LOSFO	SpencerCN_2021	online_adaptive	20260805	V2A0335	Spencer_US	0	0.25031402093284866	0.6172960996627808
LOSFO	SpencerCN_2021	online_adaptive	20260805	V2A0336	Spencer_US	1	0.16490982847825605	0.47121456265449524
LOSFO	SpencerCN_2021	online_adaptive	20260805	V2A0337	Spencer_US	1	0.766690028098599	0.5456574559211731
LOSFO	SpencerCN_2021	online_adaptive	20260805	V2A0338	Spencer_US	0	0.16847198321246493	0.5465870499610901
LOSFO	SpencerCN_2021	online_adaptive	20260805	V2A0339	Spencer_US	1	0.20352086935212058	0.5332494974136353
LOSFO	SpencerCN_2021	online_adaptive	20260805	V2A0340	Spencer_US	0	0.28274250042224	0.6266510486602783
LOSFO	SpencerCN_2021	online_adaptive	20260805	V2A0341	Spencer_US	0	0.19904839052207157	0.6086615920066833
LOSFO	SpencerCN_2021	online_adaptive	20260805	V2A0342	Spencer_US	0	0.4586926444919809	0.551531970500946
LOSFO	SpencerCN_2021	online_adaptive	20260805	V2A0343	Spencer_US	0	0.25391886868135594	0.497396856546402
LOSFO	SpencerCN_2021	online_adaptive	20260805	V2A0344	Spencer_US	1	0.9740335303458666	0.6618730425834656
LOSFO	SpencerCN_2021	online_adaptive	20260805	V2A0345	Spencer_US	1	0.9249253643506016	0.6219342350959778
LOSFO	SpencerCN_2021	online_adaptive	20260805	V2A0346	Spencer_US	1	0.49670867679146774	0.5288141369819641
LOSFO	SpencerCN_2021	online_adaptive	20260805	V2A0347	Spencer_US	1	0.301162328290322	0.6186724305152893
LOSFO	SpencerCN_2021	online_adaptive	20260805	V2A0348	Spencer_US	1	0.37847874287021543	0.5373053550720215
LOSFO	SpencerCN_2021	online_adaptive	20260805	V2A0349	Spencer_US	1	0.730196332899599	0.5923239588737488
LOSFO	SpencerCN_2021	online_adaptive	20260805	V2A0350	Spencer_US	1	0.8098786983696694	0.6153165698051453
LOSFO	SpencerCN_2021	online_adaptive	20260805	V2A0351	Spencer_US	1	0.16510423582102732	0.6062585711479187
LOSFO	SpencerCN_2021	online_adaptive	20260805	V2A0352	Spencer_US	1	0.6950445743268397	0.4928355813026428
LOSFO	SpencerCN_2021	online_adaptive	20260805	V2A0353	Spencer_US	1	0.17189140192932847	0.6058785319328308
LOSFO	SpencerCN_2021	online_adaptive	20260805	V2A0354	Spencer_US	1	0.4051227037724012	0.608729362487793
LOSFO	SpencerCN_2021	online_adaptive	20260805	V2A0355	Spencer_US	1	0.1283549541582988	0.5107237100601196
LOSFO	SpencerCN_2021	online_adaptive	20260805	V2A0356	Spencer_US	1	0.7444662904021512	0.5686719417572021
LOSFO	SpencerCN_2021	online_adaptive	20260805	V2A0357	Spencer_US	1	0.6620524042906141	0.6170231103897095
LOSFO	SpencerCN_2021	online_adaptive	20260805	V2A0358	Spencer_US	0	0.9504928276096595	0.5916011929512024
LOSFO	SpencerCN_2021	online_adaptive	20260805	V2A0359	Spencer_US	1	0.13066270296841465	0.5272471904754639
LOSFO	SpencerCN_2021	online_adaptive	20260805	V2A0360	Spencer_US	1	0.20096974472690485	0.5021454691886902
LOSFO	SpencerCN_2021	online_adaptive	20260805	V2A0361	Spencer_US	0	0.18910388625543573	0.5456235408782959
LOSFO	SpencerCN_2021	online_adaptive	20260805	V2A0362	Spencer_US	1	0.6978017092261516	0.550725519657135
LOSFO	SpencerCN_2021	online_adaptive	20260805	V2A0363	Spencer_US	1	0.19553180491519856	0.5846348404884338
LOSFO	SpencerCN_2021	online_adaptive	20260806	V2A0267	Spencer_US	0	0.35917925794428024	0.5399384498596191
LOSFO	SpencerCN_2021	online_adaptive	20260806	V2A0268	Spencer_US	1	0.39645559815668674	0.5790753364562988
LOSFO	SpencerCN_2021	online_adaptive	20260806	V2A0269	Spencer_US	1	0.004155301095439165	0.5809590220451355
LOSFO	SpencerCN_2021	online_adaptive	20260806	V2A0270	Spencer_US	1	0.2367278685483075	0.5165553092956543
LOSFO	SpencerCN_2021	online_adaptive	20260806	V2A0271	Spencer_US	0	0.1962966536827659	0.5122136473655701
LOSFO	SpencerCN_2021	online_adaptive	20260806	V2A0272	Spencer_US	1	0.4614537395068788	0.4867691695690155
LOSFO	SpencerCN_2021	online_adaptive	20260806	V2A0273	Spencer_US	1	0.10787299284626879	0.5326126217842102
LOSFO	SpencerCN_2021	online_adaptive	20260806	V2A0274	Spencer_US	1	0.053095150045377404	0.5315525531768799
LOSFO	SpencerCN_2021	online_adaptive	20260806	V2A0275	Spencer_US	1	0.39123314516549573	0.5283854603767395
LOSFO	SpencerCN_2021	online_adaptive	20260806	V2A0276	Spencer_US	0	0.035145518810474285	0.4945342540740967
LOSFO	SpencerCN_2021	online_adaptive	20260806	V2A0277	Spencer_US	1	0.8519538144976483	0.5825608968734741
LOSFO	SpencerCN_2021	online_adaptive	20260806	V2A0278	Spencer_US	1	0.8539249147918722	0.5720621943473816
LOSFO	SpencerCN_2021	online_adaptive	20260806	V2A0279	Spencer_US	0	0.27604886199369494	0.5401899814605713
LOSFO	SpencerCN_2021	online_adaptive	20260806	V2A0280	Spencer_US	1	0.30974276804315987	0.606315016746521
LOSFO	SpencerCN_2021	online_adaptive	20260806	V2A0281	Spencer_US	1	0.10644242132283688	0.5851425528526306
LOSFO	SpencerCN_2021	online_adaptive	20260806	V2A0282	Spencer_US	1	0.17332057653372834	0.5757578611373901
LOSFO	SpencerCN_2021	online_adaptive	20260806	V2A0283	Spencer_US	1	0.694466115098417	0.533193826675415
LOSFO	SpencerCN_2021	online_adaptive	20260806	V2A0284	Spencer_US	0	0.6692396475812834	0.6280428171157837
LOSFO	SpencerCN_2021	online_adaptive	20260806	V2A0285	Spencer_US	0	0.6404165814966913	0.5272378921508789
LOSFO	SpencerCN_2021	online_adaptive	20260806	V2A0286	Spencer_US	0	0.8026029987521545	0.7150891423225403
LOSFO	SpencerCN_2021	online_adaptive	20260806	V2A0287	Spencer_US	1	0.3210884413911899	0.530595600605011
LOSFO	SpencerCN_2021	online_adaptive	20260806	V2A0288	Spencer_US	1	0.4634266260403795	0.5580142140388489
LOSFO	SpencerCN_2021	online_adaptive	20260806	V2A0289	Spencer_US	0	0.4202574181715232	0.617548942565918
LOSFO	SpencerCN_2021	online_adaptive	20260806	V2A0290	Spencer_US	1	0.6550779668613375	0.5639474391937256
LOSFO	SpencerCN_2021	online_adaptive	20260806	V2A0291	Spencer_US	0	0.25015282152658497	0.36092957854270935
LOSFO	SpencerCN_2021	online_adaptive	20260806	V2A0292	Spencer_US	1	0.7160608660973574	0.6162642240524292
LOSFO	SpencerCN_2021	online_adaptive	20260806	V2A0293	Spencer_US	0	0.25352046441693155	0.5764797925949097
LOSFO	SpencerCN_2021	online_adaptive	20260806	V2A0294	Spencer_US	1	0.5636971740200388	0.5978184938430786
LOSFO	SpencerCN_2021	online_adaptive	20260806	V2A0295	Spencer_US	1	0.16315883623593458	0.533403217792511
LOSFO	SpencerCN_2021	online_adaptive	20260806	V2A0296	Spencer_US	0	0.07313015499018581	0.5293292999267578
LOSFO	SpencerCN_2021	online_adaptive	20260806	V2A0297	Spencer_US	1	0.1763575525709865	0.5399481058120728
LOSFO	SpencerCN_2021	online_adaptive	20260806	V2A0298	Spencer_US	1	0.15379491370075102	0.5637507438659668
LOSFO	SpencerCN_2021	online_adaptive	20260806	V2A0299	Spencer_US	1	0.15760591171865682	0.4895806908607483
LOSFO	SpencerCN_2021	online_adaptive	20260806	V2A0300	Spencer_US	1	0.49528298515125485	0.5820662975311279
LOSFO	SpencerCN_2021	online_adaptive	20260806	V2A0301	Spencer_US	0	0.2996826765370141	0.519424557685852
LOSFO	SpencerCN_2021	online_adaptive	20260806	V2A0302	Spencer_US	1	0.49074146111690437	0.5676102042198181
LOSFO	SpencerCN_2021	online_adaptive	20260806	V2A0303	Spencer_US	1	0.7220694376181017	0.5519005656242371
LOSFO	SpencerCN_2021	online_adaptive	20260806	V2A0304	Spencer_US	1	0.9051566878056303	0.5899123549461365
LOSFO	SpencerCN_2021	online_adaptive	20260806	V2A0305	Spencer_US	1	0.6304713565158284	0.5492109656333923
LOSFO	SpencerCN_2021	online_adaptive	20260806	V2A0306	Spencer_US	1	0.5375333839289281	0.5758864283561707
LOSFO	SpencerCN_2021	online_adaptive	20260806	V2A0307	Spencer_US	1	0.5793081024222505	0.5630274415016174
LOSFO	SpencerCN_2021	online_adaptive	20260806	V2A0308	Spencer_US	0	0.4529967421119129	0.5596078634262085
LOSFO	SpencerCN_2021	online_adaptive	20260806	V2A0309	Spencer_US	1	0.5682521133642828	0.5923855304718018
LOSFO	SpencerCN_2021	online_adaptive	20260806	V2A0310	Spencer_US	0	0.11047654436660821	0.5163175463676453
LOSFO	SpencerCN_2021	online_adaptive	20260806	V2A0311	Spencer_US	1	0.1803572632729988	0.5895047783851624
LOSFO	SpencerCN_2021	online_adaptive	20260806	V2A0312	Spencer_US	1	0.3111787998906524	0.5772330164909363
LOSFO	SpencerCN_2021	online_adaptive	20260806	V2A0313	Spencer_US	1	0.3467794935414381	0.5642265677452087
LOSFO	SpencerCN_2021	online_adaptive	20260806	V2A0314	Spencer_US	0	0.5197133087906392	0.6324253082275391
LOSFO	SpencerCN_2021	online_adaptive	20260806	V2A0315	Spencer_US	1	0.31987782442166623	0.5864586234092712
LOSFO	SpencerCN_2021	online_adaptive	20260806	V2A0316	Spencer_US	0	0.12400675173465742	0.5460129976272583
LOSFO	SpencerCN_2021	online_adaptive	20260806	V2A0317	Spencer_US	1	0.8914535667472876	0.623573899269104
LOSFO	SpencerCN_2021	online_adaptive	20260806	V2A0318	Spencer_US	1	0.399546689156853	0.5668153166770935
LOSFO	SpencerCN_2021	online_adaptive	20260806	V2A0319	Spencer_US	1	0.3771825106591363	0.5130167603492737
LOSFO	SpencerCN_2021	online_adaptive	20260806	V2A0320	Spencer_US	1	0.159562463632244	0.5440712571144104
LOSFO	SpencerCN_2021	online_adaptive	20260806	V2A0321	Spencer_US	1	0.7088594806271367	0.5312236547470093
LOSFO	SpencerCN_2021	online_adaptive	20260806	V2A0322	Spencer_US	0	0.5405504827896225	0.5295483469963074
LOSFO	SpencerCN_2021	online_adaptive	20260806	V2A0323	Spencer_US	1	0.6230192215880069	0.5672454237937927
LOSFO	SpencerCN_2021	online_adaptive	20260806	V2A0324	Spencer_US	1	0.671105216408157	0.5450174808502197
LOSFO	SpencerCN_2021	online_adaptive	20260806	V2A0325	Spencer_US	1	0.16350176185991128	0.49548110365867615
LOSFO	SpencerCN_2021	online_adaptive	20260806	V2A0326	Spencer_US	1	0.5367784574956573	0.5102277994155884
LOSFO	SpencerCN_2021	online_adaptive	20260806	V2A0327	Spencer_US	0	0.629093251438156	0.49181219935417175
LOSFO	SpencerCN_2021	online_adaptive	20260806	V2A0328	Spencer_US	1	0.6451280644904369	0.559949517250061
LOSFO	SpencerCN_2021	online_adaptive	20260806	V2A0329	Spencer_US	1	0.5573097934120703	0.5436785817146301
LOSFO	SpencerCN_2021	online_adaptive	20260806	V2A0330	Spencer_US	1	0.8480078376756648	0.6582215428352356
LOSFO	SpencerCN_2021	online_adaptive	20260806	V2A0331	Spencer_US	1	0.1491894279256877	0.5832312703132629
LOSFO	SpencerCN_2021	online_adaptive	20260806	V2A0332	Spencer_US	1	0.5409802854293987	0.49243372678756714
LOSFO	SpencerCN_2021	online_adaptive	20260806	V2A0333	Spencer_US	1	0.23583711325833415	0.5608063340187073
LOSFO	SpencerCN_2021	online_adaptive	20260806	V2A0334	Spencer_US	1	0.6798610210520132	0.4440746605396271
LOSFO	SpencerCN_2021	online_adaptive	20260806	V2A0335	Spencer_US	0	0.24780118160360345	0.6191667914390564
LOSFO	SpencerCN_2021	online_adaptive	20260806	V2A0336	Spencer_US	1	0.1612100090349471	0.47337591648101807
LOSFO	SpencerCN_2021	online_adaptive	20260806	V2A0337	Spencer_US	1	0.7666898993401093	0.5462988018989563
LOSFO	SpencerCN_2021	online_adaptive	20260806	V2A0338	Spencer_US	0	0.16568566009934058	0.5462813973426819
LOSFO	SpencerCN_2021	online_adaptive	20260806	V2A0339	Spencer_US	1	0.20181262359495558	0.5321474075317383
LOSFO	SpencerCN_2021	online_adaptive	20260806	V2A0340	Spencer_US	0	0.28924105068019224	0.6297914385795593
LOSFO	SpencerCN_2021	online_adaptive	20260806	V2A0341	Spencer_US	0	0.19982133380931166	0.6075444221496582
LOSFO	SpencerCN_2021	online_adaptive	20260806	V2A0342	Spencer_US	0	0.45716523727010344	0.551274836063385
LOSFO	SpencerCN_2021	online_adaptive	20260806	V2A0343	Spencer_US	0	0.25231735313575276	0.4944581389427185
LOSFO	SpencerCN_2021	online_adaptive	20260806	V2A0344	Spencer_US	1	0.9749599204321188	0.6608487367630005
LOSFO	SpencerCN_2021	online_adaptive	20260806	V2A0345	Spencer_US	1	0.924539901760336	0.6195881366729736
LOSFO	SpencerCN_2021	online_adaptive	20260806	V2A0346	Spencer_US	1	0.503980824828566	0.5279792547225952
LOSFO	SpencerCN_2021	online_adaptive	20260806	V2A0347	Spencer_US	1	0.2957384856938093	0.6184068322181702
LOSFO	SpencerCN_2021	online_adaptive	20260806	V2A0348	Spencer_US	1	0.372269272591371	0.5368412733078003
LOSFO	SpencerCN_2021	online_adaptive	20260806	V2A0349	Spencer_US	1	0.7212886876678744	0.5906007289886475
LOSFO	SpencerCN_2021	online_adaptive	20260806	V2A0350	Spencer_US	1	0.8030411667597989	0.6153752207756042
LOSFO	SpencerCN_2021	online_adaptive	20260806	V2A0351	Spencer_US	1	0.16943736639146859	0.6070671081542969
LOSFO	SpencerCN_2021	online_adaptive	20260806	V2A0352	Spencer_US	1	0.699795706259237	0.4956166446208954
LOSFO	SpencerCN_2021	online_adaptive	20260806	V2A0353	Spencer_US	1	0.17169297104775932	0.6078081727027893
LOSFO	SpencerCN_2021	online_adaptive	20260806	V2A0354	Spencer_US	1	0.4063354512734315	0.6077526807785034
LOSFO	SpencerCN_2021	online_adaptive	20260806	V2A0355	Spencer_US	1	0.1335793515279841	0.5110942125320435
LOSFO	SpencerCN_2021	online_adaptive	20260806	V2A0356	Spencer_US	1	0.7452431352297771	0.5718619227409363
LOSFO	SpencerCN_2021	online_adaptive	20260806	V2A0357	Spencer_US	1	0.658586600805369	0.6159928441047668
LOSFO	SpencerCN_2021	online_adaptive	20260806	V2A0358	Spencer_US	0	0.9482646438876463	0.5921408534049988
LOSFO	SpencerCN_2021	online_adaptive	20260806	V2A0359	Spencer_US	1	0.13239394218214554	0.5273777842521667
LOSFO	SpencerCN_2021	online_adaptive	20260806	V2A0360	Spencer_US	1	0.1991699971366276	0.4961589574813843
LOSFO	SpencerCN_2021	online_adaptive	20260806	V2A0361	Spencer_US	0	0.18492469266873685	0.5472841858863831
LOSFO	SpencerCN_2021	online_adaptive	20260806	V2A0362	Spencer_US	1	0.7002343010449155	0.5512523651123047
LOSFO	SpencerCN_2021	online_adaptive	20260806	V2A0363	Spencer_US	1	0.19463871353514375	0.5866380333900452
LOSFO	SpencerCN_2021	standard_transductive	20260802	V2A0267	Spencer_US	0	0.4236585128546321	0.47293761372566223
LOSFO	SpencerCN_2021	standard_transductive	20260802	V2A0268	Spencer_US	1	0.617662525325863	0.5526077747344971
LOSFO	SpencerCN_2021	standard_transductive	20260802	V2A0269	Spencer_US	1	0.007970058019001728	0.5285578966140747
LOSFO	SpencerCN_2021	standard_transductive	20260802	V2A0270	Spencer_US	1	0.2504842697802464	0.46901053190231323
LOSFO	SpencerCN_2021	standard_transductive	20260802	V2A0271	Spencer_US	0	0.18014971416885964	0.5067368149757385
LOSFO	SpencerCN_2021	standard_transductive	20260802	V2A0272	Spencer_US	1	0.46668429993126986	0.4795989394187927
LOSFO	SpencerCN_2021	standard_transductive	20260802	V2A0273	Spencer_US	1	0.1417968732262741	0.5046776533126831
LOSFO	SpencerCN_2021	standard_transductive	20260802	V2A0274	Spencer_US	1	0.14338128454115007	0.49916502833366394
LOSFO	SpencerCN_2021	standard_transductive	20260802	V2A0275	Spencer_US	1	0.48399335126950704	0.508613109588623
LOSFO	SpencerCN_2021	standard_transductive	20260802	V2A0276	Spencer_US	0	0.04958117625394634	0.5234283804893494
LOSFO	SpencerCN_2021	standard_transductive	20260802	V2A0277	Spencer_US	1	0.8074004978092418	0.549980103969574
LOSFO	SpencerCN_2021	standard_transductive	20260802	V2A0278	Spencer_US	1	0.8291137916935281	0.5456087589263916
LOSFO	SpencerCN_2021	standard_transductive	20260802	V2A0279	Spencer_US	0	0.2848029795934265	0.31529656052589417
LOSFO	SpencerCN_2021	standard_transductive	20260802	V2A0280	Spencer_US	1	0.43783481952816866	0.5454484820365906
LOSFO	SpencerCN_2021	standard_transductive	20260802	V2A0281	Spencer_US	1	0.14978208671521664	0.650680661201477
LOSFO	SpencerCN_2021	standard_transductive	20260802	V2A0282	Spencer_US	1	0.32041479659463734	0.6822530031204224
LOSFO	SpencerCN_2021	standard_transductive	20260802	V2A0283	Spencer_US	1	0.6768084653186275	0.42174047231674194
LOSFO	SpencerCN_2021	standard_transductive	20260802	V2A0284	Spencer_US	0	0.6280002408981288	0.708017110824585
LOSFO	SpencerCN_2021	standard_transductive	20260802	V2A0285	Spencer_US	0	0.6652359781365823	0.4878704845905304
LOSFO	SpencerCN_2021	standard_transductive	20260802	V2A0286	Spencer_US	0	0.8076257210129598	0.7153790593147278
LOSFO	SpencerCN_2021	standard_transductive	20260802	V2A0287	Spencer_US	1	0.378293288656254	0.5273063778877258
LOSFO	SpencerCN_2021	standard_transductive	20260802	V2A0288	Spencer_US	1	0.502977718255489	0.5763313174247742
LOSFO	SpencerCN_2021	standard_transductive	20260802	V2A0289	Spencer_US	0	0.6735187544002704	0.6550686955451965
LOSFO	SpencerCN_2021	standard_transductive	20260802	V2A0290	Spencer_US	1	0.6385518577872277	0.5033392906188965
LOSFO	SpencerCN_2021	standard_transductive	20260802	V2A0291	Spencer_US	0	0.24796712565363385	0.380621999502182
LOSFO	SpencerCN_2021	standard_transductive	20260802	V2A0292	Spencer_US	1	0.689061825105491	0.5894485712051392
LOSFO	SpencerCN_2021	standard_transductive	20260802	V2A0293	Spencer_US	0	0.3676794308925999	0.47172585129737854
LOSFO	SpencerCN_2021	standard_transductive	20260802	V2A0294	Spencer_US	1	0.5691180847618948	0.5845860838890076
LOSFO	SpencerCN_2021	standard_transductive	20260802	V2A0295	Spencer_US	1	0.17977009854415663	0.6349643468856812
LOSFO	SpencerCN_2021	standard_transductive	20260802	V2A0296	Spencer_US	0	0.11114386317816322	0.6028038263320923
LOSFO	SpencerCN_2021	standard_transductive	20260802	V2A0297	Spencer_US	1	0.18718551118251933	0.304646760225296
LOSFO	SpencerCN_2021	standard_transductive	20260802	V2A0298	Spencer_US	1	0.259742487989971	0.5430320501327515
LOSFO	SpencerCN_2021	standard_transductive	20260802	V2A0299	Spencer_US	1	0.17376856768275037	0.3894149363040924
LOSFO	SpencerCN_2021	standard_transductive	20260802	V2A0300	Spencer_US	1	0.5234443850275551	0.5626587867736816
LOSFO	SpencerCN_2021	standard_transductive	20260802	V2A0301	Spencer_US	0	0.28659157620224524	0.5326564908027649
LOSFO	SpencerCN_2021	standard_transductive	20260802	V2A0302	Spencer_US	1	0.5564437846399286	0.5961074829101562
LOSFO	SpencerCN_2021	standard_transductive	20260802	V2A0303	Spencer_US	1	0.7198575053149089	0.48951900005340576
LOSFO	SpencerCN_2021	standard_transductive	20260802	V2A0304	Spencer_US	1	0.9167043667249022	0.6069485545158386
LOSFO	SpencerCN_2021	standard_transductive	20260802	V2A0305	Spencer_US	1	0.6555792741433385	0.5323202013969421
LOSFO	SpencerCN_2021	standard_transductive	20260802	V2A0306	Spencer_US	1	0.5102838795118415	0.5430415272712708
LOSFO	SpencerCN_2021	standard_transductive	20260802	V2A0307	Spencer_US	1	0.653443495735124	0.5022693872451782
LOSFO	SpencerCN_2021	standard_transductive	20260802	V2A0308	Spencer_US	0	0.5571493624555626	0.6007114052772522
LOSFO	SpencerCN_2021	standard_transductive	20260802	V2A0309	Spencer_US	1	0.5606974718777274	0.5898656249046326
LOSFO	SpencerCN_2021	standard_transductive	20260802	V2A0310	Spencer_US	0	0.17577176738257563	0.465981125831604
LOSFO	SpencerCN_2021	standard_transductive	20260802	V2A0311	Spencer_US	1	0.24204142692231292	0.6797269582748413
LOSFO	SpencerCN_2021	standard_transductive	20260802	V2A0312	Spencer_US	1	0.32430324807884636	0.5729127526283264
LOSFO	SpencerCN_2021	standard_transductive	20260802	V2A0313	Spencer_US	1	0.36840903407984515	0.5174445509910583
LOSFO	SpencerCN_2021	standard_transductive	20260802	V2A0314	Spencer_US	0	0.5915390192162437	0.7383351922035217
LOSFO	SpencerCN_2021	standard_transductive	20260802	V2A0315	Spencer_US	1	0.3048671013890215	0.5063769221305847
LOSFO	SpencerCN_2021	standard_transductive	20260802	V2A0316	Spencer_US	0	0.20722106907416066	0.5373961329460144
LOSFO	SpencerCN_2021	standard_transductive	20260802	V2A0317	Spencer_US	1	0.8848193106921283	0.5707423686981201
LOSFO	SpencerCN_2021	standard_transductive	20260802	V2A0318	Spencer_US	1	0.43365873719724385	0.5434781312942505
LOSFO	SpencerCN_2021	standard_transductive	20260802	V2A0319	Spencer_US	1	0.3648997415453159	0.38346195220947266
LOSFO	SpencerCN_2021	standard_transductive	20260802	V2A0320	Spencer_US	1	0.13847300071014726	0.4759473204612732
LOSFO	SpencerCN_2021	standard_transductive	20260802	V2A0321	Spencer_US	1	0.7178929039660676	0.48199138045310974
LOSFO	SpencerCN_2021	standard_transductive	20260802	V2A0322	Spencer_US	0	0.5353791944119188	0.49291765689849854
LOSFO	SpencerCN_2021	standard_transductive	20260802	V2A0323	Spencer_US	1	0.6431336189045418	0.6362155079841614
LOSFO	SpencerCN_2021	standard_transductive	20260802	V2A0324	Spencer_US	1	0.6872807138335265	0.487718790769577
LOSFO	SpencerCN_2021	standard_transductive	20260802	V2A0325	Spencer_US	1	0.2150691968200226	0.4598639905452728
LOSFO	SpencerCN_2021	standard_transductive	20260802	V2A0326	Spencer_US	1	0.5768629416061877	0.45676109194755554
LOSFO	SpencerCN_2021	standard_transductive	20260802	V2A0327	Spencer_US	0	0.6251442827352277	0.49896466732025146
LOSFO	SpencerCN_2021	standard_transductive	20260802	V2A0328	Spencer_US	1	0.5967971248454546	0.5214669704437256
LOSFO	SpencerCN_2021	standard_transductive	20260802	V2A0329	Spencer_US	1	0.5672743120038916	0.5382553339004517
LOSFO	SpencerCN_2021	standard_transductive	20260802	V2A0330	Spencer_US	1	0.8766630152623573	0.738339364528656
LOSFO	SpencerCN_2021	standard_transductive	20260802	V2A0331	Spencer_US	1	0.14781390393797347	0.5816928148269653
LOSFO	SpencerCN_2021	standard_transductive	20260802	V2A0332	Spencer_US	1	0.5666480353064905	0.4519132673740387
LOSFO	SpencerCN_2021	standard_transductive	20260802	V2A0333	Spencer_US	1	0.24704417415988533	0.5208588242530823
LOSFO	SpencerCN_2021	standard_transductive	20260802	V2A0334	Spencer_US	1	0.6735166552790233	0.46515020728111267
LOSFO	SpencerCN_2021	standard_transductive	20260802	V2A0335	Spencer_US	0	0.4603005603143239	0.6589765548706055
LOSFO	SpencerCN_2021	standard_transductive	20260802	V2A0336	Spencer_US	1	0.1875133566315141	0.4777223765850067
LOSFO	SpencerCN_2021	standard_transductive	20260802	V2A0337	Spencer_US	1	0.7092755486879561	0.37287962436676025
LOSFO	SpencerCN_2021	standard_transductive	20260802	V2A0338	Spencer_US	0	0.36521993317992085	0.5796921849250793
LOSFO	SpencerCN_2021	standard_transductive	20260802	V2A0339	Spencer_US	1	0.21849811850168047	0.47899380326271057
LOSFO	SpencerCN_2021	standard_transductive	20260802	V2A0340	Spencer_US	0	0.32816766124853597	0.6542640328407288
LOSFO	SpencerCN_2021	standard_transductive	20260802	V2A0341	Spencer_US	0	0.19863668579265348	0.6127625703811646
LOSFO	SpencerCN_2021	standard_transductive	20260802	V2A0342	Spencer_US	0	0.4590825613066568	0.43567195534706116
LOSFO	SpencerCN_2021	standard_transductive	20260802	V2A0343	Spencer_US	0	0.30996491934527404	0.4747968316078186
LOSFO	SpencerCN_2021	standard_transductive	20260802	V2A0344	Spencer_US	1	0.9713678185472453	0.7402209639549255
LOSFO	SpencerCN_2021	standard_transductive	20260802	V2A0345	Spencer_US	1	0.9099518865804463	0.6628668904304504
LOSFO	SpencerCN_2021	standard_transductive	20260802	V2A0346	Spencer_US	1	0.49900985449213275	0.46739181876182556
LOSFO	SpencerCN_2021	standard_transductive	20260802	V2A0347	Spencer_US	1	0.4762836863452883	0.6434868574142456
LOSFO	SpencerCN_2021	standard_transductive	20260802	V2A0348	Spencer_US	1	0.36661199949137174	0.47970151901245117
LOSFO	SpencerCN_2021	standard_transductive	20260802	V2A0349	Spencer_US	1	0.7513779251552964	0.5716257691383362
LOSFO	SpencerCN_2021	standard_transductive	20260802	V2A0350	Spencer_US	1	0.9414712995152166	0.6799468398094177
LOSFO	SpencerCN_2021	standard_transductive	20260802	V2A0351	Spencer_US	1	0.18219088882204804	0.5972941517829895
LOSFO	SpencerCN_2021	standard_transductive	20260802	V2A0352	Spencer_US	1	0.7027590593641138	0.4186118543148041
LOSFO	SpencerCN_2021	standard_transductive	20260802	V2A0353	Spencer_US	1	0.2499153241463865	0.5598052740097046
LOSFO	SpencerCN_2021	standard_transductive	20260802	V2A0354	Spencer_US	1	0.521687216602035	0.6706433892250061
LOSFO	SpencerCN_2021	standard_transductive	20260802	V2A0355	Spencer_US	1	0.1999460847484625	0.5250198245048523
LOSFO	SpencerCN_2021	standard_transductive	20260802	V2A0356	Spencer_US	1	0.7220008783627032	0.5154548287391663
LOSFO	SpencerCN_2021	standard_transductive	20260802	V2A0357	Spencer_US	1	0.6412824655441415	0.649905800819397
LOSFO	SpencerCN_2021	standard_transductive	20260802	V2A0358	Spencer_US	0	0.9492269242710434	0.4192725718021393
LOSFO	SpencerCN_2021	standard_transductive	20260802	V2A0359	Spencer_US	1	0.1828869999556939	0.5202871561050415
LOSFO	SpencerCN_2021	standard_transductive	20260802	V2A0360	Spencer_US	1	0.18139244597469248	0.5147803425788879
LOSFO	SpencerCN_2021	standard_transductive	20260802	V2A0361	Spencer_US	0	0.1768440354362016	0.4791230261325836
LOSFO	SpencerCN_2021	standard_transductive	20260802	V2A0362	Spencer_US	1	0.7136431704801824	0.4730432331562042
LOSFO	SpencerCN_2021	standard_transductive	20260802	V2A0363	Spencer_US	1	0.19966181198012042	0.5975843667984009
LOSFO	SpencerCN_2021	standard_transductive	20260803	V2A0267	Spencer_US	0	0.4311535415750722	0.4767160713672638
LOSFO	SpencerCN_2021	standard_transductive	20260803	V2A0268	Spencer_US	1	0.6077046247110405	0.5583109855651855
LOSFO	SpencerCN_2021	standard_transductive	20260803	V2A0269	Spencer_US	1	0.00816830628605484	0.5323991179466248
LOSFO	SpencerCN_2021	standard_transductive	20260803	V2A0270	Spencer_US	1	0.24901486578568163	0.46931329369544983
LOSFO	SpencerCN_2021	standard_transductive	20260803	V2A0271	Spencer_US	0	0.17875858257670801	0.5060311555862427
LOSFO	SpencerCN_2021	standard_transductive	20260803	V2A0272	Spencer_US	1	0.4703722441112709	0.4739548861980438
LOSFO	SpencerCN_2021	standard_transductive	20260803	V2A0273	Spencer_US	1	0.14311897486584374	0.5065020322799683
LOSFO	SpencerCN_2021	standard_transductive	20260803	V2A0274	Spencer_US	1	0.14728020162241634	0.4981575906276703
LOSFO	SpencerCN_2021	standard_transductive	20260803	V2A0275	Spencer_US	1	0.4791230658542795	0.5128200054168701
LOSFO	SpencerCN_2021	standard_transductive	20260803	V2A0276	Spencer_US	0	0.04974056961531565	0.5282439589500427
LOSFO	SpencerCN_2021	standard_transductive	20260803	V2A0277	Spencer_US	1	0.8058193426140376	0.5477613210678101
LOSFO	SpencerCN_2021	standard_transductive	20260803	V2A0278	Spencer_US	1	0.8316492503143	0.5479170680046082
LOSFO	SpencerCN_2021	standard_transductive	20260803	V2A0279	Spencer_US	0	0.28526333338755827	0.32457801699638367
LOSFO	SpencerCN_2021	standard_transductive	20260803	V2A0280	Spencer_US	1	0.43193956609794104	0.5509440898895264
LOSFO	SpencerCN_2021	standard_transductive	20260803	V2A0281	Spencer_US	1	0.14935662962996307	0.6503684520721436
LOSFO	SpencerCN_2021	standard_transductive	20260803	V2A0282	Spencer_US	1	0.32577774778977275	0.6780883073806763
LOSFO	SpencerCN_2021	standard_transductive	20260803	V2A0283	Spencer_US	1	0.679262456785969	0.4312179386615753
LOSFO	SpencerCN_2021	standard_transductive	20260803	V2A0284	Spencer_US	0	0.6247164220104806	0.700408399105072
LOSFO	SpencerCN_2021	standard_transductive	20260803	V2A0285	Spencer_US	0	0.6733145727918181	0.49097344279289246
LOSFO	SpencerCN_2021	standard_transductive	20260803	V2A0286	Spencer_US	0	0.8045072241153726	0.7194837927818298
LOSFO	SpencerCN_2021	standard_transductive	20260803	V2A0287	Spencer_US	1	0.3788422129978097	0.5281566977500916
LOSFO	SpencerCN_2021	standard_transductive	20260803	V2A0288	Spencer_US	1	0.506978147594328	0.5794714093208313
LOSFO	SpencerCN_2021	standard_transductive	20260803	V2A0289	Spencer_US	0	0.6737383356342429	0.6550338268280029
LOSFO	SpencerCN_2021	standard_transductive	20260803	V2A0290	Spencer_US	1	0.6449553490255502	0.5056044459342957
LOSFO	SpencerCN_2021	standard_transductive	20260803	V2A0291	Spencer_US	0	0.24742039538067956	0.38153594732284546
LOSFO	SpencerCN_2021	standard_transductive	20260803	V2A0292	Spencer_US	1	0.6848476095859211	0.5883066654205322
LOSFO	SpencerCN_2021	standard_transductive	20260803	V2A0293	Spencer_US	0	0.3727685652570971	0.47690850496292114
LOSFO	SpencerCN_2021	standard_transductive	20260803	V2A0294	Spencer_US	1	0.5697501290522194	0.5850033760070801
LOSFO	SpencerCN_2021	standard_transductive	20260803	V2A0295	Spencer_US	1	0.18135923264084627	0.6321456432342529
LOSFO	SpencerCN_2021	standard_transductive	20260803	V2A0296	Spencer_US	0	0.11018217519722859	0.5936571955680847
LOSFO	SpencerCN_2021	standard_transductive	20260803	V2A0297	Spencer_US	1	0.18272665693982942	0.30228838324546814
LOSFO	SpencerCN_2021	standard_transductive	20260803	V2A0298	Spencer_US	1	0.2603235602558004	0.5417349934577942
LOSFO	SpencerCN_2021	standard_transductive	20260803	V2A0299	Spencer_US	1	0.1771381664717249	0.3987310230731964
LOSFO	SpencerCN_2021	standard_transductive	20260803	V2A0300	Spencer_US	1	0.520835447344986	0.565066397190094
LOSFO	SpencerCN_2021	standard_transductive	20260803	V2A0301	Spencer_US	0	0.2886607270308819	0.5288549661636353
LOSFO	SpencerCN_2021	standard_transductive	20260803	V2A0302	Spencer_US	1	0.5549817102266904	0.5966403484344482
LOSFO	SpencerCN_2021	standard_transductive	20260803	V2A0303	Spencer_US	1	0.7198976190343837	0.48763495683670044
LOSFO	SpencerCN_2021	standard_transductive	20260803	V2A0304	Spencer_US	1	0.9130975781763973	0.605595588684082
LOSFO	SpencerCN_2021	standard_transductive	20260803	V2A0305	Spencer_US	1	0.6524713979860552	0.5324304699897766
LOSFO	SpencerCN_2021	standard_transductive	20260803	V2A0306	Spencer_US	1	0.5107974580859442	0.5434517860412598
LOSFO	SpencerCN_2021	standard_transductive	20260803	V2A0307	Spencer_US	1	0.651497843564793	0.504315197467804
LOSFO	SpencerCN_2021	standard_transductive	20260803	V2A0308	Spencer_US	0	0.5550966409454551	0.6003340482711792
LOSFO	SpencerCN_2021	standard_transductive	20260803	V2A0309	Spencer_US	1	0.5630927322765967	0.5888344049453735
LOSFO	SpencerCN_2021	standard_transductive	20260803	V2A0310	Spencer_US	0	0.17718340865503437	0.4702797532081604
LOSFO	SpencerCN_2021	standard_transductive	20260803	V2A0311	Spencer_US	1	0.2385764237967531	0.6770803928375244
LOSFO	SpencerCN_2021	standard_transductive	20260803	V2A0312	Spencer_US	1	0.33354785899753364	0.5714555978775024
LOSFO	SpencerCN_2021	standard_transductive	20260803	V2A0313	Spencer_US	1	0.37507955351995603	0.5178976058959961
LOSFO	SpencerCN_2021	standard_transductive	20260803	V2A0314	Spencer_US	0	0.591838525594297	0.7342807054519653
LOSFO	SpencerCN_2021	standard_transductive	20260803	V2A0315	Spencer_US	1	0.3008141892122063	0.5058422684669495
LOSFO	SpencerCN_2021	standard_transductive	20260803	V2A0316	Spencer_US	0	0.209920210170753	0.5416558980941772
LOSFO	SpencerCN_2021	standard_transductive	20260803	V2A0317	Spencer_US	1	0.8860163418735677	0.5706993937492371
LOSFO	SpencerCN_2021	standard_transductive	20260803	V2A0318	Spencer_US	1	0.4347768843344746	0.5408709049224854
LOSFO	SpencerCN_2021	standard_transductive	20260803	V2A0319	Spencer_US	1	0.3689515685244283	0.37635186314582825
LOSFO	SpencerCN_2021	standard_transductive	20260803	V2A0320	Spencer_US	1	0.13889176759430388	0.4761543571949005
LOSFO	SpencerCN_2021	standard_transductive	20260803	V2A0321	Spencer_US	1	0.7193652665424128	0.48812419176101685
LOSFO	SpencerCN_2021	standard_transductive	20260803	V2A0322	Spencer_US	0	0.5396850961922464	0.4943566918373108
LOSFO	SpencerCN_2021	standard_transductive	20260803	V2A0323	Spencer_US	1	0.6416975175297289	0.6350136995315552
LOSFO	SpencerCN_2021	standard_transductive	20260803	V2A0324	Spencer_US	1	0.690623081998954	0.4921177923679352
LOSFO	SpencerCN_2021	standard_transductive	20260803	V2A0325	Spencer_US	1	0.21535425243675607	0.46039271354675293
LOSFO	SpencerCN_2021	standard_transductive	20260803	V2A0326	Spencer_US	1	0.5747129572409746	0.4643314778804779
LOSFO	SpencerCN_2021	standard_transductive	20260803	V2A0327	Spencer_US	0	0.630709046354068	0.49958160519599915
LOSFO	SpencerCN_2021	standard_transductive	20260803	V2A0328	Spencer_US	1	0.6084949961805374	0.5252577066421509
LOSFO	SpencerCN_2021	standard_transductive	20260803	V2A0329	Spencer_US	1	0.5799141261863554	0.5411525964736938
LOSFO	SpencerCN_2021	standard_transductive	20260803	V2A0330	Spencer_US	1	0.8724467480550278	0.7402530908584595
LOSFO	SpencerCN_2021	standard_transductive	20260803	V2A0331	Spencer_US	1	0.14913975384245165	0.5796393752098083
LOSFO	SpencerCN_2021	standard_transductive	20260803	V2A0332	Spencer_US	1	0.5733259876182416	0.45515814423561096
LOSFO	SpencerCN_2021	standard_transductive	20260803	V2A0333	Spencer_US	1	0.2474203961125089	0.5238028764724731
LOSFO	SpencerCN_2021	standard_transductive	20260803	V2A0334	Spencer_US	1	0.6730744549640498	0.4656323194503784
LOSFO	SpencerCN_2021	standard_transductive	20260803	V2A0335	Spencer_US	0	0.4555186333415987	0.6586673259735107
LOSFO	SpencerCN_2021	standard_transductive	20260803	V2A0336	Spencer_US	1	0.18686483898087813	0.4809591770172119
LOSFO	SpencerCN_2021	standard_transductive	20260803	V2A0337	Spencer_US	1	0.7125824224700492	0.37719956040382385
LOSFO	SpencerCN_2021	standard_transductive	20260803	V2A0338	Spencer_US	0	0.3613265014003254	0.5819407105445862
LOSFO	SpencerCN_2021	standard_transductive	20260803	V2A0339	Spencer_US	1	0.223528626622952	0.48045217990875244
LOSFO	SpencerCN_2021	standard_transductive	20260803	V2A0340	Spencer_US	0	0.3288833647270537	0.6550999283790588
LOSFO	SpencerCN_2021	standard_transductive	20260803	V2A0341	Spencer_US	0	0.197255025042673	0.6063949465751648
LOSFO	SpencerCN_2021	standard_transductive	20260803	V2A0342	Spencer_US	0	0.4581640333171554	0.43279749155044556
LOSFO	SpencerCN_2021	standard_transductive	20260803	V2A0343	Spencer_US	0	0.3105103763894176	0.47915118932724
LOSFO	SpencerCN_2021	standard_transductive	20260803	V2A0344	Spencer_US	1	0.9715893833578882	0.733267605304718
LOSFO	SpencerCN_2021	standard_transductive	20260803	V2A0345	Spencer_US	1	0.9125081281260914	0.6644265055656433
LOSFO	SpencerCN_2021	standard_transductive	20260803	V2A0346	Spencer_US	1	0.49990892791337505	0.46710634231567383
LOSFO	SpencerCN_2021	standard_transductive	20260803	V2A0347	Spencer_US	1	0.4775498516747201	0.643970251083374
LOSFO	SpencerCN_2021	standard_transductive	20260803	V2A0348	Spencer_US	1	0.3676169367488011	0.47966375946998596
LOSFO	SpencerCN_2021	standard_transductive	20260803	V2A0349	Spencer_US	1	0.75076817294892	0.5741093158721924
LOSFO	SpencerCN_2021	standard_transductive	20260803	V2A0350	Spencer_US	1	0.9409408658072314	0.6822666525840759
LOSFO	SpencerCN_2021	standard_transductive	20260803	V2A0351	Spencer_US	1	0.1865628684122277	0.5992901921272278
LOSFO	SpencerCN_2021	standard_transductive	20260803	V2A0352	Spencer_US	1	0.707608454360509	0.4163667559623718
LOSFO	SpencerCN_2021	standard_transductive	20260803	V2A0353	Spencer_US	1	0.2516957086610946	0.5623548030853271
LOSFO	SpencerCN_2021	standard_transductive	20260803	V2A0354	Spencer_US	1	0.5169602662950432	0.669076144695282
LOSFO	SpencerCN_2021	standard_transductive	20260803	V2A0355	Spencer_US	1	0.20092335818317633	0.5283789038658142
LOSFO	SpencerCN_2021	standard_transductive	20260803	V2A0356	Spencer_US	1	0.7203796093388087	0.5115997791290283
LOSFO	SpencerCN_2021	standard_transductive	20260803	V2A0357	Spencer_US	1	0.6468133527294562	0.651796817779541
LOSFO	SpencerCN_2021	standard_transductive	20260803	V2A0358	Spencer_US	0	0.9494834953518269	0.42062175273895264
LOSFO	SpencerCN_2021	standard_transductive	20260803	V2A0359	Spencer_US	1	0.18581034997872206	0.5186570286750793
LOSFO	SpencerCN_2021	standard_transductive	20260803	V2A0360	Spencer_US	1	0.17904318677509698	0.5198723077774048
LOSFO	SpencerCN_2021	standard_transductive	20260803	V2A0361	Spencer_US	0	0.1788796134426703	0.4843915104866028
LOSFO	SpencerCN_2021	standard_transductive	20260803	V2A0362	Spencer_US	1	0.7180265690792208	0.47581222653388977
LOSFO	SpencerCN_2021	standard_transductive	20260803	V2A0363	Spencer_US	1	0.2031747670295274	0.6014744639396667
LOSFO	SpencerCN_2021	standard_transductive	20260804	V2A0267	Spencer_US	0	0.43490000500911036	0.4762938916683197
LOSFO	SpencerCN_2021	standard_transductive	20260804	V2A0268	Spencer_US	1	0.6020912471407366	0.5595002770423889
LOSFO	SpencerCN_2021	standard_transductive	20260804	V2A0269	Spencer_US	1	0.00798566230911188	0.5326083302497864
LOSFO	SpencerCN_2021	standard_transductive	20260804	V2A0270	Spencer_US	1	0.25106961731977595	0.4629988670349121
LOSFO	SpencerCN_2021	standard_transductive	20260804	V2A0271	Spencer_US	0	0.17817177799051653	0.5076207518577576
LOSFO	SpencerCN_2021	standard_transductive	20260804	V2A0272	Spencer_US	1	0.47122205476370316	0.4731432795524597
LOSFO	SpencerCN_2021	standard_transductive	20260804	V2A0273	Spencer_US	1	0.1454066232415963	0.5026611089706421
LOSFO	SpencerCN_2021	standard_transductive	20260804	V2A0274	Spencer_US	1	0.14965777923751064	0.5009496212005615
LOSFO	SpencerCN_2021	standard_transductive	20260804	V2A0275	Spencer_US	1	0.48172422479169474	0.5077887773513794
LOSFO	SpencerCN_2021	standard_transductive	20260804	V2A0276	Spencer_US	0	0.050037789952500814	0.5283036231994629
LOSFO	SpencerCN_2021	standard_transductive	20260804	V2A0277	Spencer_US	1	0.8062575968608869	0.5456215143203735
LOSFO	SpencerCN_2021	standard_transductive	20260804	V2A0278	Spencer_US	1	0.8293850235729244	0.5478675961494446
LOSFO	SpencerCN_2021	standard_transductive	20260804	V2A0279	Spencer_US	0	0.28825774962356765	0.3082613945007324
LOSFO	SpencerCN_2021	standard_transductive	20260804	V2A0280	Spencer_US	1	0.4414720178026857	0.5479954481124878
LOSFO	SpencerCN_2021	standard_transductive	20260804	V2A0281	Spencer_US	1	0.14990606584290492	0.6611710786819458
LOSFO	SpencerCN_2021	standard_transductive	20260804	V2A0282	Spencer_US	1	0.32364175604308076	0.6829724907875061
LOSFO	SpencerCN_2021	standard_transductive	20260804	V2A0283	Spencer_US	1	0.6773724763496278	0.42172953486442566
LOSFO	SpencerCN_2021	standard_transductive	20260804	V2A0284	Spencer_US	0	0.6278296003041435	0.7143429517745972
LOSFO	SpencerCN_2021	standard_transductive	20260804	V2A0285	Spencer_US	0	0.6726619265030661	0.4907529354095459
LOSFO	SpencerCN_2021	standard_transductive	20260804	V2A0286	Spencer_US	0	0.8051016483982992	0.7213621139526367
LOSFO	SpencerCN_2021	standard_transductive	20260804	V2A0287	Spencer_US	1	0.3807007003197737	0.5300912261009216
LOSFO	SpencerCN_2021	standard_transductive	20260804	V2A0288	Spencer_US	1	0.49896904365427625	0.581665575504303
LOSFO	SpencerCN_2021	standard_transductive	20260804	V2A0289	Spencer_US	0	0.6691820890111804	0.6595934629440308
LOSFO	SpencerCN_2021	standard_transductive	20260804	V2A0290	Spencer_US	1	0.6465892069207297	0.5072612762451172
LOSFO	SpencerCN_2021	standard_transductive	20260804	V2A0291	Spencer_US	0	0.24869434134089552	0.37616047263145447
LOSFO	SpencerCN_2021	standard_transductive	20260804	V2A0292	Spencer_US	1	0.6811301202000464	0.5896331071853638
LOSFO	SpencerCN_2021	standard_transductive	20260804	V2A0293	Spencer_US	0	0.37133311449624373	0.4729274809360504
LOSFO	SpencerCN_2021	standard_transductive	20260804	V2A0294	Spencer_US	1	0.569665260334773	0.5875172019004822
LOSFO	SpencerCN_2021	standard_transductive	20260804	V2A0295	Spencer_US	1	0.18155231468643512	0.637169599533081
LOSFO	SpencerCN_2021	standard_transductive	20260804	V2A0296	Spencer_US	0	0.10690105297715938	0.5993266105651855
LOSFO	SpencerCN_2021	standard_transductive	20260804	V2A0297	Spencer_US	1	0.18289166037211846	0.3020927309989929
LOSFO	SpencerCN_2021	standard_transductive	20260804	V2A0298	Spencer_US	1	0.25539012814059353	0.5415804386138916
LOSFO	SpencerCN_2021	standard_transductive	20260804	V2A0299	Spencer_US	1	0.17665110432351772	0.3906497359275818
LOSFO	SpencerCN_2021	standard_transductive	20260804	V2A0300	Spencer_US	1	0.526151113548635	0.5638405680656433
LOSFO	SpencerCN_2021	standard_transductive	20260804	V2A0301	Spencer_US	0	0.2849505567005004	0.5300617814064026
LOSFO	SpencerCN_2021	standard_transductive	20260804	V2A0302	Spencer_US	1	0.5515932000427379	0.5995849967002869
LOSFO	SpencerCN_2021	standard_transductive	20260804	V2A0303	Spencer_US	1	0.7259522093828317	0.48698073625564575
LOSFO	SpencerCN_2021	standard_transductive	20260804	V2A0304	Spencer_US	1	0.9149019081473568	0.6109762787818909
LOSFO	SpencerCN_2021	standard_transductive	20260804	V2A0305	Spencer_US	1	0.6501866325017289	0.5333283543586731
LOSFO	SpencerCN_2021	standard_transductive	20260804	V2A0306	Spencer_US	1	0.5121512843927413	0.5443174242973328
LOSFO	SpencerCN_2021	standard_transductive	20260804	V2A0307	Spencer_US	1	0.6570090655420228	0.5013464689254761
LOSFO	SpencerCN_2021	standard_transductive	20260804	V2A0308	Spencer_US	0	0.5544280978428878	0.6065062880516052
LOSFO	SpencerCN_2021	standard_transductive	20260804	V2A0309	Spencer_US	1	0.5558778558513126	0.5889571905136108
LOSFO	SpencerCN_2021	standard_transductive	20260804	V2A0310	Spencer_US	0	0.17597675824725614	0.46857574582099915
LOSFO	SpencerCN_2021	standard_transductive	20260804	V2A0311	Spencer_US	1	0.24456741220860995	0.6852880120277405
LOSFO	SpencerCN_2021	standard_transductive	20260804	V2A0312	Spencer_US	1	0.3319285885813884	0.5743387937545776
LOSFO	SpencerCN_2021	standard_transductive	20260804	V2A0313	Spencer_US	1	0.3703152261257193	0.519467830657959
LOSFO	SpencerCN_2021	standard_transductive	20260804	V2A0314	Spencer_US	0	0.6042377777788586	0.7439087629318237
LOSFO	SpencerCN_2021	standard_transductive	20260804	V2A0315	Spencer_US	1	0.29861058175497335	0.5088620185852051
LOSFO	SpencerCN_2021	standard_transductive	20260804	V2A0316	Spencer_US	0	0.21091651612470072	0.5399559736251831
LOSFO	SpencerCN_2021	standard_transductive	20260804	V2A0317	Spencer_US	1	0.8845737137768855	0.5721603631973267
LOSFO	SpencerCN_2021	standard_transductive	20260804	V2A0318	Spencer_US	1	0.43493174725128114	0.5440407395362854
LOSFO	SpencerCN_2021	standard_transductive	20260804	V2A0319	Spencer_US	1	0.3646494333575213	0.37224000692367554
LOSFO	SpencerCN_2021	standard_transductive	20260804	V2A0320	Spencer_US	1	0.13851247648555973	0.4735054075717926
LOSFO	SpencerCN_2021	standard_transductive	20260804	V2A0321	Spencer_US	1	0.7197429377631511	0.4819653034210205
LOSFO	SpencerCN_2021	standard_transductive	20260804	V2A0322	Spencer_US	0	0.5378345956842966	0.49257102608680725
LOSFO	SpencerCN_2021	standard_transductive	20260804	V2A0323	Spencer_US	1	0.6374835706977042	0.6357055306434631
LOSFO	SpencerCN_2021	standard_transductive	20260804	V2A0324	Spencer_US	1	0.6839780148197019	0.49024835228919983
LOSFO	SpencerCN_2021	standard_transductive	20260804	V2A0325	Spencer_US	1	0.21502759071407437	0.45940646529197693
LOSFO	SpencerCN_2021	standard_transductive	20260804	V2A0326	Spencer_US	1	0.5703161612968544	0.46153852343559265
LOSFO	SpencerCN_2021	standard_transductive	20260804	V2A0327	Spencer_US	0	0.6342521235419292	0.5025212168693542
LOSFO	SpencerCN_2021	standard_transductive	20260804	V2A0328	Spencer_US	1	0.6089154465644535	0.5223331451416016
LOSFO	SpencerCN_2021	standard_transductive	20260804	V2A0329	Spencer_US	1	0.5777994134142957	0.5393875241279602
LOSFO	SpencerCN_2021	standard_transductive	20260804	V2A0330	Spencer_US	1	0.8735259438448748	0.7424728274345398
LOSFO	SpencerCN_2021	standard_transductive	20260804	V2A0331	Spencer_US	1	0.1481734027995557	0.5836997032165527
LOSFO	SpencerCN_2021	standard_transductive	20260804	V2A0332	Spencer_US	1	0.5743464749406001	0.45107853412628174
LOSFO	SpencerCN_2021	standard_transductive	20260804	V2A0333	Spencer_US	1	0.24434985489221	0.5241667628288269
LOSFO	SpencerCN_2021	standard_transductive	20260804	V2A0334	Spencer_US	1	0.6663995421928564	0.46301791071891785
LOSFO	SpencerCN_2021	standard_transductive	20260804	V2A0335	Spencer_US	0	0.45736935839833903	0.6588135957717896
LOSFO	SpencerCN_2021	standard_transductive	20260804	V2A0336	Spencer_US	1	0.1878067702331001	0.4824959933757782
LOSFO	SpencerCN_2021	standard_transductive	20260804	V2A0337	Spencer_US	1	0.7129482449250306	0.3690668046474457
LOSFO	SpencerCN_2021	standard_transductive	20260804	V2A0338	Spencer_US	0	0.3533909499206267	0.583356499671936
LOSFO	SpencerCN_2021	standard_transductive	20260804	V2A0339	Spencer_US	1	0.2215578536728636	0.4796149730682373
LOSFO	SpencerCN_2021	standard_transductive	20260804	V2A0340	Spencer_US	0	0.3297608233062002	0.6621009111404419
LOSFO	SpencerCN_2021	standard_transductive	20260804	V2A0341	Spencer_US	0	0.19708378322225864	0.6083647608757019
LOSFO	SpencerCN_2021	standard_transductive	20260804	V2A0342	Spencer_US	0	0.46076942071655647	0.43465396761894226
LOSFO	SpencerCN_2021	standard_transductive	20260804	V2A0343	Spencer_US	0	0.31091320225215524	0.47461357712745667
LOSFO	SpencerCN_2021	standard_transductive	20260804	V2A0344	Spencer_US	1	0.9714265598217148	0.7389850616455078
LOSFO	SpencerCN_2021	standard_transductive	20260804	V2A0345	Spencer_US	1	0.9134089916145263	0.6688946485519409
LOSFO	SpencerCN_2021	standard_transductive	20260804	V2A0346	Spencer_US	1	0.5046665684739636	0.46563971042633057
LOSFO	SpencerCN_2021	standard_transductive	20260804	V2A0347	Spencer_US	1	0.47396415329232905	0.6479759216308594
LOSFO	SpencerCN_2021	standard_transductive	20260804	V2A0348	Spencer_US	1	0.3654616567411134	0.48436635732650757
LOSFO	SpencerCN_2021	standard_transductive	20260804	V2A0349	Spencer_US	1	0.7492829005655258	0.5779744386672974
LOSFO	SpencerCN_2021	standard_transductive	20260804	V2A0350	Spencer_US	1	0.941472347831113	0.6835513710975647
LOSFO	SpencerCN_2021	standard_transductive	20260804	V2A0351	Spencer_US	1	0.18835883297065836	0.5978038907051086
LOSFO	SpencerCN_2021	standard_transductive	20260804	V2A0352	Spencer_US	1	0.7036752871481227	0.41317179799079895
LOSFO	SpencerCN_2021	standard_transductive	20260804	V2A0353	Spencer_US	1	0.2516062025336178	0.5567220449447632
LOSFO	SpencerCN_2021	standard_transductive	20260804	V2A0354	Spencer_US	1	0.5171430695804581	0.6716039776802063
LOSFO	SpencerCN_2021	standard_transductive	20260804	V2A0355	Spencer_US	1	0.2027126367795291	0.5292017459869385
LOSFO	SpencerCN_2021	standard_transductive	20260804	V2A0356	Spencer_US	1	0.7156710465161792	0.5120014548301697
LOSFO	SpencerCN_2021	standard_transductive	20260804	V2A0357	Spencer_US	1	0.6410397399689416	0.6560952663421631
LOSFO	SpencerCN_2021	standard_transductive	20260804	V2A0358	Spencer_US	0	0.949867746980858	0.4190543293952942
LOSFO	SpencerCN_2021	standard_transductive	20260804	V2A0359	Spencer_US	1	0.18708107289257656	0.5183861255645752
LOSFO	SpencerCN_2021	standard_transductive	20260804	V2A0360	Spencer_US	1	0.1802250631661001	0.5200585126876831
LOSFO	SpencerCN_2021	standard_transductive	20260804	V2A0361	Spencer_US	0	0.17637080706309707	0.4808512330055237
LOSFO	SpencerCN_2021	standard_transductive	20260804	V2A0362	Spencer_US	1	0.7181020407553201	0.47255271673202515
LOSFO	SpencerCN_2021	standard_transductive	20260804	V2A0363	Spencer_US	1	0.20661543769285728	0.6037536859512329
LOSFO	SpencerCN_2021	standard_transductive	20260805	V2A0267	Spencer_US	0	0.4282382132253932	0.46719202399253845
LOSFO	SpencerCN_2021	standard_transductive	20260805	V2A0268	Spencer_US	1	0.6099375280882541	0.5522018671035767
LOSFO	SpencerCN_2021	standard_transductive	20260805	V2A0269	Spencer_US	1	0.007950025472792808	0.5299872756004333
LOSFO	SpencerCN_2021	standard_transductive	20260805	V2A0270	Spencer_US	1	0.2501945500864467	0.4582216143608093
LOSFO	SpencerCN_2021	standard_transductive	20260805	V2A0271	Spencer_US	0	0.17625729231540868	0.504604697227478
LOSFO	SpencerCN_2021	standard_transductive	20260805	V2A0272	Spencer_US	1	0.4699243682697664	0.47269466519355774
LOSFO	SpencerCN_2021	standard_transductive	20260805	V2A0273	Spencer_US	1	0.14381295658903973	0.5014405250549316
LOSFO	SpencerCN_2021	standard_transductive	20260805	V2A0274	Spencer_US	1	0.1513703300294676	0.4958142340183258
LOSFO	SpencerCN_2021	standard_transductive	20260805	V2A0275	Spencer_US	1	0.47921756518802117	0.5134615898132324
LOSFO	SpencerCN_2021	standard_transductive	20260805	V2A0276	Spencer_US	0	0.04993952961008404	0.5261553525924683
LOSFO	SpencerCN_2021	standard_transductive	20260805	V2A0277	Spencer_US	1	0.8039669257209627	0.5414018034934998
LOSFO	SpencerCN_2021	standard_transductive	20260805	V2A0278	Spencer_US	1	0.8311366195629105	0.5438093543052673
LOSFO	SpencerCN_2021	standard_transductive	20260805	V2A0279	Spencer_US	0	0.28360990800070135	0.3172379732131958
LOSFO	SpencerCN_2021	standard_transductive	20260805	V2A0280	Spencer_US	1	0.43374290762154516	0.5439453721046448
LOSFO	SpencerCN_2021	standard_transductive	20260805	V2A0281	Spencer_US	1	0.14979094488019365	0.6574975252151489
LOSFO	SpencerCN_2021	standard_transductive	20260805	V2A0282	Spencer_US	1	0.32606043022013986	0.6837124824523926
LOSFO	SpencerCN_2021	standard_transductive	20260805	V2A0283	Spencer_US	1	0.6787583219007479	0.4236396253108978
LOSFO	SpencerCN_2021	standard_transductive	20260805	V2A0284	Spencer_US	0	0.6237961107788612	0.7083677649497986
LOSFO	SpencerCN_2021	standard_transductive	20260805	V2A0285	Spencer_US	0	0.67169498048242	0.4860653579235077
LOSFO	SpencerCN_2021	standard_transductive	20260805	V2A0286	Spencer_US	0	0.8053779004980528	0.7169229388237
LOSFO	SpencerCN_2021	standard_transductive	20260805	V2A0287	Spencer_US	1	0.3807273418778542	0.5260713696479797
LOSFO	SpencerCN_2021	standard_transductive	20260805	V2A0288	Spencer_US	1	0.5059642654076119	0.5806881189346313
LOSFO	SpencerCN_2021	standard_transductive	20260805	V2A0289	Spencer_US	0	0.6744107173423184	0.6549545526504517
LOSFO	SpencerCN_2021	standard_transductive	20260805	V2A0290	Spencer_US	1	0.6465375076957474	0.5026490092277527
LOSFO	SpencerCN_2021	standard_transductive	20260805	V2A0291	Spencer_US	0	0.24872269699795838	0.38062188029289246
LOSFO	SpencerCN_2021	standard_transductive	20260805	V2A0292	Spencer_US	1	0.6864404745826996	0.5874619483947754
LOSFO	SpencerCN_2021	standard_transductive	20260805	V2A0293	Spencer_US	0	0.37629583872316635	0.4745596945285797
LOSFO	SpencerCN_2021	standard_transductive	20260805	V2A0294	Spencer_US	1	0.571247397066875	0.5832483172416687
LOSFO	SpencerCN_2021	standard_transductive	20260805	V2A0295	Spencer_US	1	0.18448422462425149	0.6443724632263184
LOSFO	SpencerCN_2021	standard_transductive	20260805	V2A0296	Spencer_US	0	0.10883188375975668	0.5968301892280579
LOSFO	SpencerCN_2021	standard_transductive	20260805	V2A0297	Spencer_US	1	0.18371746381234147	0.2927528917789459
LOSFO	SpencerCN_2021	standard_transductive	20260805	V2A0298	Spencer_US	1	0.2586072320057946	0.535836398601532
LOSFO	SpencerCN_2021	standard_transductive	20260805	V2A0299	Spencer_US	1	0.1758868413313474	0.39117589592933655
LOSFO	SpencerCN_2021	standard_transductive	20260805	V2A0300	Spencer_US	1	0.5225135629035823	0.5600827932357788
LOSFO	SpencerCN_2021	standard_transductive	20260805	V2A0301	Spencer_US	0	0.2879446765227387	0.527912437915802
LOSFO	SpencerCN_2021	standard_transductive	20260805	V2A0302	Spencer_US	1	0.5583038917928655	0.5983514785766602
LOSFO	SpencerCN_2021	standard_transductive	20260805	V2A0303	Spencer_US	1	0.719491518417626	0.4826054275035858
LOSFO	SpencerCN_2021	standard_transductive	20260805	V2A0304	Spencer_US	1	0.9141734846759075	0.6084269285202026
LOSFO	SpencerCN_2021	standard_transductive	20260805	V2A0305	Spencer_US	1	0.651442592001015	0.531595766544342
LOSFO	SpencerCN_2021	standard_transductive	20260805	V2A0306	Spencer_US	1	0.5094476314039393	0.5399004817008972
LOSFO	SpencerCN_2021	standard_transductive	20260805	V2A0307	Spencer_US	1	0.6537155959981854	0.49821725487709045
LOSFO	SpencerCN_2021	standard_transductive	20260805	V2A0308	Spencer_US	0	0.5617897008500363	0.6047666668891907
LOSFO	SpencerCN_2021	standard_transductive	20260805	V2A0309	Spencer_US	1	0.5625179316064852	0.5920968651771545
LOSFO	SpencerCN_2021	standard_transductive	20260805	V2A0310	Spencer_US	0	0.17554221008029983	0.46359679102897644
LOSFO	SpencerCN_2021	standard_transductive	20260805	V2A0311	Spencer_US	1	0.23949024405368158	0.6805775761604309
LOSFO	SpencerCN_2021	standard_transductive	20260805	V2A0312	Spencer_US	1	0.3275030297368515	0.5676025152206421
LOSFO	SpencerCN_2021	standard_transductive	20260805	V2A0313	Spencer_US	1	0.37068170205313056	0.5135074257850647
LOSFO	SpencerCN_2021	standard_transductive	20260805	V2A0314	Spencer_US	0	0.5936570563654056	0.7410973310470581
LOSFO	SpencerCN_2021	standard_transductive	20260805	V2A0315	Spencer_US	1	0.3053545282587316	0.5007192492485046
LOSFO	SpencerCN_2021	standard_transductive	20260805	V2A0316	Spencer_US	0	0.20911089409702927	0.5368974208831787
LOSFO	SpencerCN_2021	standard_transductive	20260805	V2A0317	Spencer_US	1	0.8846294276510299	0.571230947971344
LOSFO	SpencerCN_2021	standard_transductive	20260805	V2A0318	Spencer_US	1	0.4404239455623889	0.5404665470123291
LOSFO	SpencerCN_2021	standard_transductive	20260805	V2A0319	Spencer_US	1	0.3691892981466638	0.37469738721847534
LOSFO	SpencerCN_2021	standard_transductive	20260805	V2A0320	Spencer_US	1	0.13489034100365443	0.4731559455394745
LOSFO	SpencerCN_2021	standard_transductive	20260805	V2A0321	Spencer_US	1	0.7201585608975759	0.48214906454086304
LOSFO	SpencerCN_2021	standard_transductive	20260805	V2A0322	Spencer_US	0	0.5321148298493205	0.48877498507499695
LOSFO	SpencerCN_2021	standard_transductive	20260805	V2A0323	Spencer_US	1	0.6460873379054175	0.6379849910736084
LOSFO	SpencerCN_2021	standard_transductive	20260805	V2A0324	Spencer_US	1	0.6885328844413648	0.4854101240634918
LOSFO	SpencerCN_2021	standard_transductive	20260805	V2A0325	Spencer_US	1	0.2118269928697289	0.45675191283226013
LOSFO	SpencerCN_2021	standard_transductive	20260805	V2A0326	Spencer_US	1	0.5733812156898083	0.45301246643066406
LOSFO	SpencerCN_2021	standard_transductive	20260805	V2A0327	Spencer_US	0	0.6260943265618019	0.49929115176200867
LOSFO	SpencerCN_2021	standard_transductive	20260805	V2A0328	Spencer_US	1	0.6024053754423895	0.5208532810211182
LOSFO	SpencerCN_2021	standard_transductive	20260805	V2A0329	Spencer_US	1	0.5747641463508147	0.5380946397781372
LOSFO	SpencerCN_2021	standard_transductive	20260805	V2A0330	Spencer_US	1	0.8717351542101626	0.7376946210861206
LOSFO	SpencerCN_2021	standard_transductive	20260805	V2A0331	Spencer_US	1	0.15050858490645536	0.5805090665817261
LOSFO	SpencerCN_2021	standard_transductive	20260805	V2A0332	Spencer_US	1	0.5699717312097962	0.4495491087436676
LOSFO	SpencerCN_2021	standard_transductive	20260805	V2A0333	Spencer_US	1	0.249650930419044	0.5197909474372864
LOSFO	SpencerCN_2021	standard_transductive	20260805	V2A0334	Spencer_US	1	0.671365036358192	0.4631648659706116
LOSFO	SpencerCN_2021	standard_transductive	20260805	V2A0335	Spencer_US	0	0.4581545899181692	0.6601274609565735
LOSFO	SpencerCN_2021	standard_transductive	20260805	V2A0336	Spencer_US	1	0.18731162689925715	0.47666358947753906
LOSFO	SpencerCN_2021	standard_transductive	20260805	V2A0337	Spencer_US	1	0.7106560172317828	0.3652661144733429
LOSFO	SpencerCN_2021	standard_transductive	20260805	V2A0338	Spencer_US	0	0.3623280800451499	0.579231858253479
LOSFO	SpencerCN_2021	standard_transductive	20260805	V2A0339	Spencer_US	1	0.22435936010040872	0.47483283281326294
LOSFO	SpencerCN_2021	standard_transductive	20260805	V2A0340	Spencer_US	0	0.32221223181965936	0.6558802127838135
LOSFO	SpencerCN_2021	standard_transductive	20260805	V2A0341	Spencer_US	0	0.19761147376191424	0.6029853224754333
LOSFO	SpencerCN_2021	standard_transductive	20260805	V2A0342	Spencer_US	0	0.4564774124246916	0.42736542224884033
LOSFO	SpencerCN_2021	standard_transductive	20260805	V2A0343	Spencer_US	0	0.3135565196315051	0.4744201898574829
LOSFO	SpencerCN_2021	standard_transductive	20260805	V2A0344	Spencer_US	1	0.9707662830397894	0.7383741736412048
LOSFO	SpencerCN_2021	standard_transductive	20260805	V2A0345	Spencer_US	1	0.9122955123844018	0.6663653254508972
LOSFO	SpencerCN_2021	standard_transductive	20260805	V2A0346	Spencer_US	1	0.4968428006847601	0.4649553596973419
LOSFO	SpencerCN_2021	standard_transductive	20260805	V2A0347	Spencer_US	1	0.47406111281996954	0.643740177154541
LOSFO	SpencerCN_2021	standard_transductive	20260805	V2A0348	Spencer_US	1	0.3687993136320053	0.479141503572464
LOSFO	SpencerCN_2021	standard_transductive	20260805	V2A0349	Spencer_US	1	0.7550875776916312	0.5722696781158447
LOSFO	SpencerCN_2021	standard_transductive	20260805	V2A0350	Spencer_US	1	0.942567694633554	0.6786433458328247
LOSFO	SpencerCN_2021	standard_transductive	20260805	V2A0351	Spencer_US	1	0.18458123789338554	0.5975136160850525
LOSFO	SpencerCN_2021	standard_transductive	20260805	V2A0352	Spencer_US	1	0.7034546614605349	0.41588857769966125
LOSFO	SpencerCN_2021	standard_transductive	20260805	V2A0353	Spencer_US	1	0.24938131667969216	0.5573551058769226
LOSFO	SpencerCN_2021	standard_transductive	20260805	V2A0354	Spencer_US	1	0.518805469941689	0.6697518229484558
LOSFO	SpencerCN_2021	standard_transductive	20260805	V2A0355	Spencer_US	1	0.19930542918442146	0.5260343551635742
LOSFO	SpencerCN_2021	standard_transductive	20260805	V2A0356	Spencer_US	1	0.7204234477773744	0.5069412589073181
LOSFO	SpencerCN_2021	standard_transductive	20260805	V2A0357	Spencer_US	1	0.6427726275163559	0.6534695625305176
LOSFO	SpencerCN_2021	standard_transductive	20260805	V2A0358	Spencer_US	0	0.950420330731614	0.4129931330680847
LOSFO	SpencerCN_2021	standard_transductive	20260805	V2A0359	Spencer_US	1	0.18408860615209185	0.5145493149757385
LOSFO	SpencerCN_2021	standard_transductive	20260805	V2A0360	Spencer_US	1	0.1785328804517206	0.5191465020179749
LOSFO	SpencerCN_2021	standard_transductive	20260805	V2A0361	Spencer_US	0	0.17659252406510437	0.47746050357818604
LOSFO	SpencerCN_2021	standard_transductive	20260805	V2A0362	Spencer_US	1	0.713630430448766	0.4684585928916931
LOSFO	SpencerCN_2021	standard_transductive	20260805	V2A0363	Spencer_US	1	0.2023520827350454	0.6002034544944763
LOSFO	SpencerCN_2021	standard_transductive	20260806	V2A0267	Spencer_US	0	0.4275642779377611	0.467247873544693
LOSFO	SpencerCN_2021	standard_transductive	20260806	V2A0268	Spencer_US	1	0.6140260878529299	0.5563593506813049
LOSFO	SpencerCN_2021	standard_transductive	20260806	V2A0269	Spencer_US	1	0.00807762954011776	0.5297093987464905
LOSFO	SpencerCN_2021	standard_transductive	20260806	V2A0270	Spencer_US	1	0.24916383397023933	0.4619540572166443
LOSFO	SpencerCN_2021	standard_transductive	20260806	V2A0271	Spencer_US	0	0.18023935988212653	0.49908024072647095
LOSFO	SpencerCN_2021	standard_transductive	20260806	V2A0272	Spencer_US	1	0.4646243605985223	0.47221747040748596
LOSFO	SpencerCN_2021	standard_transductive	20260806	V2A0273	Spencer_US	1	0.14585101447662865	0.4985310435295105
LOSFO	SpencerCN_2021	standard_transductive	20260806	V2A0274	Spencer_US	1	0.14652509534408203	0.49464350938796997
LOSFO	SpencerCN_2021	standard_transductive	20260806	V2A0275	Spencer_US	1	0.47954911549421625	0.5069469213485718
LOSFO	SpencerCN_2021	standard_transductive	20260806	V2A0276	Spencer_US	0	0.049046011851110335	0.5253006219863892
LOSFO	SpencerCN_2021	standard_transductive	20260806	V2A0277	Spencer_US	1	0.8053985308824703	0.5422880053520203
LOSFO	SpencerCN_2021	standard_transductive	20260806	V2A0278	Spencer_US	1	0.8323397855247728	0.5456258058547974
LOSFO	SpencerCN_2021	standard_transductive	20260806	V2A0279	Spencer_US	0	0.28455797343603517	0.30790406465530396
LOSFO	SpencerCN_2021	standard_transductive	20260806	V2A0280	Spencer_US	1	0.4398331174222533	0.5473756194114685
LOSFO	SpencerCN_2021	standard_transductive	20260806	V2A0281	Spencer_US	1	0.14811369148160006	0.6483417749404907
LOSFO	SpencerCN_2021	standard_transductive	20260806	V2A0282	Spencer_US	1	0.3260955704159934	0.6831810474395752
LOSFO	SpencerCN_2021	standard_transductive	20260806	V2A0283	Spencer_US	1	0.6783748638449678	0.4192284345626831
LOSFO	SpencerCN_2021	standard_transductive	20260806	V2A0284	Spencer_US	0	0.6270416780974175	0.6999431848526001
LOSFO	SpencerCN_2021	standard_transductive	20260806	V2A0285	Spencer_US	0	0.6763785837662019	0.4857141077518463
LOSFO	SpencerCN_2021	standard_transductive	20260806	V2A0286	Spencer_US	0	0.8054927976526867	0.7245674133300781
LOSFO	SpencerCN_2021	standard_transductive	20260806	V2A0287	Spencer_US	1	0.37669791220493476	0.5228137969970703
LOSFO	SpencerCN_2021	standard_transductive	20260806	V2A0288	Spencer_US	1	0.5074477351422825	0.5745386481285095
LOSFO	SpencerCN_2021	standard_transductive	20260806	V2A0289	Spencer_US	0	0.6704283631905914	0.6569347977638245
LOSFO	SpencerCN_2021	standard_transductive	20260806	V2A0290	Spencer_US	1	0.6487369004701753	0.5016696453094482
LOSFO	SpencerCN_2021	standard_transductive	20260806	V2A0291	Spencer_US	0	0.24975027464113633	0.37554261088371277
LOSFO	SpencerCN_2021	standard_transductive	20260806	V2A0292	Spencer_US	1	0.6902012789670239	0.5874290466308594
LOSFO	SpencerCN_2021	standard_transductive	20260806	V2A0293	Spencer_US	0	0.36796625412029793	0.47425347566604614
LOSFO	SpencerCN_2021	standard_transductive	20260806	V2A0294	Spencer_US	1	0.5770161486260915	0.583185613155365
LOSFO	SpencerCN_2021	standard_transductive	20260806	V2A0295	Spencer_US	1	0.18011508573460533	0.632445216178894
LOSFO	SpencerCN_2021	standard_transductive	20260806	V2A0296	Spencer_US	0	0.11126348475806805	0.59801185131073
LOSFO	SpencerCN_2021	standard_transductive	20260806	V2A0297	Spencer_US	1	0.18167467034098622	0.30859559774398804
LOSFO	SpencerCN_2021	standard_transductive	20260806	V2A0298	Spencer_US	1	0.25973393597091643	0.5361784100532532
LOSFO	SpencerCN_2021	standard_transductive	20260806	V2A0299	Spencer_US	1	0.17616530229551466	0.38520312309265137
LOSFO	SpencerCN_2021	standard_transductive	20260806	V2A0300	Spencer_US	1	0.5217818234208493	0.5611020922660828
LOSFO	SpencerCN_2021	standard_transductive	20260806	V2A0301	Spencer_US	0	0.2889151261598971	0.5210409760475159
LOSFO	SpencerCN_2021	standard_transductive	20260806	V2A0302	Spencer_US	1	0.5530974528216972	0.5909637212753296
LOSFO	SpencerCN_2021	standard_transductive	20260806	V2A0303	Spencer_US	1	0.7234541529282599	0.48050656914711
LOSFO	SpencerCN_2021	standard_transductive	20260806	V2A0304	Spencer_US	1	0.9150762934743355	0.6115938425064087
LOSFO	SpencerCN_2021	standard_transductive	20260806	V2A0305	Spencer_US	1	0.6585542782681212	0.5312263369560242
LOSFO	SpencerCN_2021	standard_transductive	20260806	V2A0306	Spencer_US	1	0.5079442306481354	0.5405097007751465
LOSFO	SpencerCN_2021	standard_transductive	20260806	V2A0307	Spencer_US	1	0.6481040402967343	0.4989885091781616
LOSFO	SpencerCN_2021	standard_transductive	20260806	V2A0308	Spencer_US	0	0.5601041219261222	0.5998635292053223
LOSFO	SpencerCN_2021	standard_transductive	20260806	V2A0309	Spencer_US	1	0.5551212246518777	0.5874966979026794
LOSFO	SpencerCN_2021	standard_transductive	20260806	V2A0310	Spencer_US	0	0.1797001183434126	0.4625283181667328
LOSFO	SpencerCN_2021	standard_transductive	20260806	V2A0311	Spencer_US	1	0.24008004429113997	0.6767638325691223
LOSFO	SpencerCN_2021	standard_transductive	20260806	V2A0312	Spencer_US	1	0.33308774377348854	0.5714030265808105
LOSFO	SpencerCN_2021	standard_transductive	20260806	V2A0313	Spencer_US	1	0.37583700661561253	0.5109824538230896
LOSFO	SpencerCN_2021	standard_transductive	20260806	V2A0314	Spencer_US	0	0.5912995704302896	0.7357081770896912
LOSFO	SpencerCN_2021	standard_transductive	20260806	V2A0315	Spencer_US	1	0.3024466479892791	0.4991089105606079
LOSFO	SpencerCN_2021	standard_transductive	20260806	V2A0316	Spencer_US	0	0.2092805752740086	0.5352223515510559
LOSFO	SpencerCN_2021	standard_transductive	20260806	V2A0317	Spencer_US	1	0.8853366382396832	0.568617045879364
LOSFO	SpencerCN_2021	standard_transductive	20260806	V2A0318	Spencer_US	1	0.43398716950851973	0.538505494594574
LOSFO	SpencerCN_2021	standard_transductive	20260806	V2A0319	Spencer_US	1	0.3687723406602709	0.38008761405944824
LOSFO	SpencerCN_2021	standard_transductive	20260806	V2A0320	Spencer_US	1	0.1394650462779431	0.4678319990634918
LOSFO	SpencerCN_2021	standard_transductive	20260806	V2A0321	Spencer_US	1	0.7193914368321269	0.4821937084197998
LOSFO	SpencerCN_2021	standard_transductive	20260806	V2A0322	Spencer_US	0	0.5340722496822998	0.4854285717010498
LOSFO	SpencerCN_2021	standard_transductive	20260806	V2A0323	Spencer_US	1	0.6394095091316347	0.6335987448692322
LOSFO	SpencerCN_2021	standard_transductive	20260806	V2A0324	Spencer_US	1	0.6897922763188501	0.48180025815963745
LOSFO	SpencerCN_2021	standard_transductive	20260806	V2A0325	Spencer_US	1	0.2129898802273592	0.45585882663726807
LOSFO	SpencerCN_2021	standard_transductive	20260806	V2A0326	Spencer_US	1	0.5690309691184726	0.4530717730522156
LOSFO	SpencerCN_2021	standard_transductive	20260806	V2A0327	Spencer_US	0	0.6288420464690992	0.4961239695549011
LOSFO	SpencerCN_2021	standard_transductive	20260806	V2A0328	Spencer_US	1	0.6057525208103974	0.5212356448173523
LOSFO	SpencerCN_2021	standard_transductive	20260806	V2A0329	Spencer_US	1	0.5824377890213837	0.5384265184402466
LOSFO	SpencerCN_2021	standard_transductive	20260806	V2A0330	Spencer_US	1	0.8735120971276862	0.7388172745704651
LOSFO	SpencerCN_2021	standard_transductive	20260806	V2A0331	Spencer_US	1	0.15129206771881337	0.5804104208946228
LOSFO	SpencerCN_2021	standard_transductive	20260806	V2A0332	Spencer_US	1	0.5690934941657636	0.44796791672706604
LOSFO	SpencerCN_2021	standard_transductive	20260806	V2A0333	Spencer_US	1	0.24423861978939226	0.5216174721717834
LOSFO	SpencerCN_2021	standard_transductive	20260806	V2A0334	Spencer_US	1	0.6704553136872219	0.4617840349674225
LOSFO	SpencerCN_2021	standard_transductive	20260806	V2A0335	Spencer_US	0	0.4532519521836595	0.6607673764228821
LOSFO	SpencerCN_2021	standard_transductive	20260806	V2A0336	Spencer_US	1	0.18415778831152865	0.4785380959510803
LOSFO	SpencerCN_2021	standard_transductive	20260806	V2A0337	Spencer_US	1	0.7102218406298874	0.35799917578697205
LOSFO	SpencerCN_2021	standard_transductive	20260806	V2A0338	Spencer_US	0	0.3577345541979011	0.5858443379402161
LOSFO	SpencerCN_2021	standard_transductive	20260806	V2A0339	Spencer_US	1	0.2237546978252279	0.4729105830192566
LOSFO	SpencerCN_2021	standard_transductive	20260806	V2A0340	Spencer_US	0	0.32790246178141846	0.6528689861297607
LOSFO	SpencerCN_2021	standard_transductive	20260806	V2A0341	Spencer_US	0	0.1980791042386112	0.601131796836853
LOSFO	SpencerCN_2021	standard_transductive	20260806	V2A0342	Spencer_US	0	0.4539835364578965	0.4364928603172302
LOSFO	SpencerCN_2021	standard_transductive	20260806	V2A0343	Spencer_US	0	0.3100091799796048	0.47284752130508423
LOSFO	SpencerCN_2021	standard_transductive	20260806	V2A0344	Spencer_US	1	0.9713580956195565	0.736530601978302
LOSFO	SpencerCN_2021	standard_transductive	20260806	V2A0345	Spencer_US	1	0.9126911990287779	0.6606890559196472
LOSFO	SpencerCN_2021	standard_transductive	20260806	V2A0346	Spencer_US	1	0.502485563587424	0.45940637588500977
LOSFO	SpencerCN_2021	standard_transductive	20260806	V2A0347	Spencer_US	1	0.4715313877681832	0.6404608488082886
LOSFO	SpencerCN_2021	standard_transductive	20260806	V2A0348	Spencer_US	1	0.3630281714585732	0.47750845551490784
LOSFO	SpencerCN_2021	standard_transductive	20260806	V2A0349	Spencer_US	1	0.7490751498551418	0.5729305148124695
LOSFO	SpencerCN_2021	standard_transductive	20260806	V2A0350	Spencer_US	1	0.9395330031418555	0.679982602596283
LOSFO	SpencerCN_2021	standard_transductive	20260806	V2A0351	Spencer_US	1	0.18955689225468758	0.596728503704071
LOSFO	SpencerCN_2021	standard_transductive	20260806	V2A0352	Spencer_US	1	0.7060978311193824	0.4176580607891083
LOSFO	SpencerCN_2021	standard_transductive	20260806	V2A0353	Spencer_US	1	0.2502055809750104	0.5566732287406921
LOSFO	SpencerCN_2021	standard_transductive	20260806	V2A0354	Spencer_US	1	0.5192594755254065	0.6689717769622803
LOSFO	SpencerCN_2021	standard_transductive	20260806	V2A0355	Spencer_US	1	0.20649999007656827	0.523979902267456
LOSFO	SpencerCN_2021	standard_transductive	20260806	V2A0356	Spencer_US	1	0.7198877288230533	0.5056321620941162
LOSFO	SpencerCN_2021	standard_transductive	20260806	V2A0357	Spencer_US	1	0.636248307025977	0.6481124758720398
LOSFO	SpencerCN_2021	standard_transductive	20260806	V2A0358	Spencer_US	0	0.94805395366421	0.42426222562789917
LOSFO	SpencerCN_2021	standard_transductive	20260806	V2A0359	Spencer_US	1	0.18414629409399694	0.5139882564544678
LOSFO	SpencerCN_2021	standard_transductive	20260806	V2A0360	Spencer_US	1	0.17645612599646804	0.5093631744384766
LOSFO	SpencerCN_2021	standard_transductive	20260806	V2A0361	Spencer_US	0	0.17390923271888176	0.47505906224250793
LOSFO	SpencerCN_2021	standard_transductive	20260806	V2A0362	Spencer_US	1	0.7138936011537022	0.46605709195137024
LOSFO	SpencerCN_2021	standard_transductive	20260806	V2A0363	Spencer_US	1	0.20017874037017452	0.6006380915641785
